+ export CUDA_DEVICE_MAX_CONNECTIONS=1
+ CUDA_DEVICE_MAX_CONNECTIONS=1
+ export PYTORCH_NPU_ALLOC_CONF=expandable_segments:True
+ PYTORCH_NPU_ALLOC_CONF=expandable_segments:True
+ export ASCEND_HOME_PATH=/usr/local/Ascend/ascend-toolkit
+ ASCEND_HOME_PATH=/usr/local/Ascend/ascend-toolkit
+ source /usr/local/Ascend/ascend-toolkit/set_env.sh
++ setenv_main data.train_files=/workspace/cann-recipes-train/llm_rl/qwen3_shrink_aware/mode1_shrinkaware_optimized_rank_plan_floor4/oracle/optimized_train.parquet data.val_files=/data/deepscaler/test.parquet data.train_batch_size=32 data.max_prompt_length=1024 data.max_response_length=16384 data.shuffle=False data.dataset_fraction=1.0 actor_rollout_ref.model.path=/data/Qwen3-30B-A3B actor_rollout_ref.actor.megatron.dist_checkpointing_path=/data/Qwen3-30B-A3B_megatron actor_rollout_ref.ref.megatron.dist_checkpointing_path=/data/Qwen3-30B-A3B_megatron actor_rollout_ref.rollout.max_num_batched_tokens=17408 actor_rollout_ref.rollout.max_num_seqs=32 actor_rollout_ref.rollout.n=16 actor_rollout_ref.rollout.gpu_memory_utilization=0.9 actor_rollout_ref.rollout.shrink_aware.enable_shrink_aware_scheduling=true actor_rollout_ref.rollout.shrink_aware.shrink_aware_mode=staged 'actor_rollout_ref.rollout.shrink_aware.shrink_stages=[8,4]' actor_rollout_ref.rollout.shrink_aware.survivor_selection_policy=manual 'actor_rollout_ref.rollout.shrink_aware.intermediate_survivor_ranks=[8,9,10,11,12,13,14,15]' 'actor_rollout_ref.rollout.shrink_aware.final_survivor_ranks=[12,13,14,15]' actor_rollout_ref.rollout.shrink_aware.length_prediction_source=oracle_trace actor_rollout_ref.rollout.shrink_aware.oracle_trace_path=/workspace/cann-recipes-train/llm_rl/qwen3_shrink_aware/mode1_shrinkaware_optimized_rank_plan_floor4/oracle/optimized_length_oracle.json actor_rollout_ref.rollout.shrink_aware.assignment_policy=optimized_rank_plan actor_rollout_ref.rollout.shrink_aware.optimized_rank_plan_path=/workspace/cann-recipes-train/llm_rl/qwen3_shrink_aware/mode1_shrinkaware_optimized_rank_plan_floor4/oracle/optimized_rank_plan.json actor_rollout_ref.rollout.shrink_aware.enable_shrink_aware_logging=false trainer.total_epochs=1
++ local version_dirpath install_dirpath ld_library_path path driver_install_path_param dep_hal_path
++ local dep_hal_name=libascend_hal.so
++ local dep_info_file=/etc/ascend_install.info
++ local is_install_driver=n
++ local architecture remove_regex
++ version_dirpath=/usr/local/Ascend/cann-8.5.0
+++ dirname /usr/local/Ascend/cann-8.5.0
++ install_dirpath=/usr/local/Ascend
++ remove_regex='^/usr/local/Ascend/cann[/_-]'
++ remove_env PATH '^/usr/local/Ascend/cann[/_-]'
++ local name=PATH
++ local 'regex=^/usr/local/Ascend/cann[/_-]'
+++ eval echo '${PATH}'
++++ echo /usr/local/Ascend/nnal/atb/latest/atb/cxx_abi_1/bin:/usr/local/Ascend/cann-8.5.0/tools/bishengir/bin:/usr/local/Ascend/cann-8.5.0/bin:/usr/local/Ascend/cann-8.5.0/tools/ccec_compiler/bin:/usr/local/Ascend/cann-8.5.0/tools/profiler/bin:/usr/local/Ascend/cann-8.5.0/tools/ascend_system_advisor/asys:/usr/local/Ascend/cann-8.5.0/tools/show_kernel_debug_data:/usr/local/Ascend/cann-8.5.0/tools/msobjdump:/root/.vscode-server/data/User/globalStorage/github.copilot-chat/debugCommand:/root/.vscode-server/data/User/globalStorage/github.copilot-chat/copilotCli:/root/.vscode-server/bin/8761a5560cfd65fdd19ce7e2bd18dab5c0a4d84e/bin/remote-cli:/usr/local/Ascend/nnal/atb/latest/atb/cxx_abi_1/bin:/usr/local/Ascend/nnal/atb/latest/atb/cxx_abi_1/bin:/usr/local/Ascend/nnal/atb/latest/atb/cxx_abi_1/bin:/usr/local/Ascend/ascend-toolkit/latest/bin:/usr/local/Ascend/ascend-toolkit/latest/compiler/ccec_compiler/bin:/usr/local/Ascend/ascend-toolkit/latest/tools/ccec_compiler/bin:/usr/local/python3.11.14/bin:/usr/local/sbin:/usr/local/bin:/usr/sbin:/usr/bin:/sbin:/bin:/usr/local/go/bin:/root/bin:/usr/local/go/bin
++ local env_value=/usr/local/Ascend/nnal/atb/latest/atb/cxx_abi_1/bin:/usr/local/Ascend/cann-8.5.0/tools/bishengir/bin:/usr/local/Ascend/cann-8.5.0/bin:/usr/local/Ascend/cann-8.5.0/tools/ccec_compiler/bin:/usr/local/Ascend/cann-8.5.0/tools/profiler/bin:/usr/local/Ascend/cann-8.5.0/tools/ascend_system_advisor/asys:/usr/local/Ascend/cann-8.5.0/tools/show_kernel_debug_data:/usr/local/Ascend/cann-8.5.0/tools/msobjdump:/root/.vscode-server/data/User/globalStorage/github.copilot-chat/debugCommand:/root/.vscode-server/data/User/globalStorage/github.copilot-chat/copilotCli:/root/.vscode-server/bin/8761a5560cfd65fdd19ce7e2bd18dab5c0a4d84e/bin/remote-cli:/usr/local/Ascend/nnal/atb/latest/atb/cxx_abi_1/bin:/usr/local/Ascend/nnal/atb/latest/atb/cxx_abi_1/bin:/usr/local/Ascend/nnal/atb/latest/atb/cxx_abi_1/bin:/usr/local/Ascend/ascend-toolkit/latest/bin:/usr/local/Ascend/ascend-toolkit/latest/compiler/ccec_compiler/bin:/usr/local/Ascend/ascend-toolkit/latest/tools/ccec_compiler/bin:/usr/local/python3.11.14/bin:/usr/local/sbin:/usr/local/bin:/usr/sbin:/usr/bin:/sbin:/bin:/usr/local/go/bin:/root/bin:/usr/local/go/bin
++ read -r PATH
+++ echo /usr/local/Ascend/nnal/atb/latest/atb/cxx_abi_1/bin:/usr/local/Ascend/cann-8.5.0/tools/bishengir/bin:/usr/local/Ascend/cann-8.5.0/bin:/usr/local/Ascend/cann-8.5.0/tools/ccec_compiler/bin:/usr/local/Ascend/cann-8.5.0/tools/profiler/bin:/usr/local/Ascend/cann-8.5.0/tools/ascend_system_advisor/asys:/usr/local/Ascend/cann-8.5.0/tools/show_kernel_debug_data:/usr/local/Ascend/cann-8.5.0/tools/msobjdump:/root/.vscode-server/data/User/globalStorage/github.copilot-chat/debugCommand:/root/.vscode-server/data/User/globalStorage/github.copilot-chat/copilotCli:/root/.vscode-server/bin/8761a5560cfd65fdd19ce7e2bd18dab5c0a4d84e/bin/remote-cli:/usr/local/Ascend/nnal/atb/latest/atb/cxx_abi_1/bin:/usr/local/Ascend/nnal/atb/latest/atb/cxx_abi_1/bin:/usr/local/Ascend/nnal/atb/latest/atb/cxx_abi_1/bin:/usr/local/Ascend/ascend-toolkit/latest/bin:/usr/local/Ascend/ascend-toolkit/latest/compiler/ccec_compiler/bin:/usr/local/Ascend/ascend-toolkit/latest/tools/ccec_compiler/bin:/usr/local/python3.11.14/bin:/usr/local/sbin:/usr/local/bin:/usr/sbin:/usr/bin:/sbin:/bin:/usr/local/go/bin:/root/bin:/usr/local/go/bin
+++ tr : '\n'
+++ grep -v -E '^/usr/local/Ascend/cann[/_-]'
+++ tr '\n' :
+++ sed 's/:$//'
++ export PATH
++ remove_env LD_LIBRARY_PATH '^/usr/local/Ascend/cann[/_-]'
++ local name=LD_LIBRARY_PATH
++ local 'regex=^/usr/local/Ascend/cann[/_-]'
+++ eval echo '${LD_LIBRARY_PATH}'
++++ echo /usr/local/Ascend/nnal/atb/latest/atb/cxx_abi_1/lib:/usr/local/Ascend/nnal/atb/latest/atb/cxx_abi_1/examples:/usr/local/Ascend/nnal/atb/latest/atb/cxx_abi_1/tests/atbopstest:/usr/local/Ascend/cann-8.5.0/lib64:/usr/local/Ascend/cann-8.5.0/lib64/plugin/opskernel:/usr/local/Ascend/cann-8.5.0/lib64/plugin/nnengine:/usr/local/Ascend/cann-8.5.0/opp/built-in/op_impl/ai_core/tbe/op_tiling/lib/linux/aarch64:/usr/local/Ascend/cann-8.5.0/tools/aml/lib64:/usr/local/Ascend/cann-8.5.0/tools/aml/lib64/plugin:/usr/local/Ascend/driver/lib64:/usr/local/Ascend/driver/lib64/common:/usr/local/Ascend/driver/lib64/driver:/usr/local/Ascend/nnal/atb/latest/atb/cxx_abi_1/lib:/usr/local/Ascend/nnal/atb/latest/atb/cxx_abi_1/examples:/usr/local/Ascend/nnal/atb/latest/atb/cxx_abi_1/tests/atbopstest:/usr/local/Ascend/driver/lib64:/usr/local/Ascend/driver/lib64/common:/usr/local/Ascend/driver/lib64/driver:/usr/local/Ascend/nnal/atb/latest/atb/cxx_abi_1/lib:/usr/local/Ascend/nnal/atb/latest/atb/cxx_abi_1/examples:/usr/local/Ascend/nnal/atb/latest/atb/cxx_abi_1/tests/atbopstest:/usr/local/Ascend/driver/lib64:/usr/local/Ascend/driver/lib64/common:/usr/local/Ascend/driver/lib64/driver:/usr/local/Ascend/nnal/atb/latest/atb/cxx_abi_1/lib:/usr/local/Ascend/nnal/atb/latest/atb/cxx_abi_1/examples:/usr/local/Ascend/nnal/atb/latest/atb/cxx_abi_1/tests/atbopstest:/usr/local/Ascend/ascend-toolkit/latest/tools/aml/lib64:/usr/local/Ascend/ascend-toolkit/latest/tools/aml/lib64/plugin:/usr/local/Ascend/ascend-toolkit/latest/lib64:/usr/local/Ascend/ascend-toolkit/latest/lib64/plugin/opskernel:/usr/local/Ascend/ascend-toolkit/latest/lib64/plugin/nnengine:/usr/local/Ascend/ascend-toolkit/latest/opp/built-in/op_impl/ai_core/tbe/op_tiling:/usr/local/Ascend/driver/lib64:/usr/local/Ascend/driver/lib64/common/:/usr/local/Ascend/driver/lib64/driver/:
++ local env_value=/usr/local/Ascend/nnal/atb/latest/atb/cxx_abi_1/lib:/usr/local/Ascend/nnal/atb/latest/atb/cxx_abi_1/examples:/usr/local/Ascend/nnal/atb/latest/atb/cxx_abi_1/tests/atbopstest:/usr/local/Ascend/cann-8.5.0/lib64:/usr/local/Ascend/cann-8.5.0/lib64/plugin/opskernel:/usr/local/Ascend/cann-8.5.0/lib64/plugin/nnengine:/usr/local/Ascend/cann-8.5.0/opp/built-in/op_impl/ai_core/tbe/op_tiling/lib/linux/aarch64:/usr/local/Ascend/cann-8.5.0/tools/aml/lib64:/usr/local/Ascend/cann-8.5.0/tools/aml/lib64/plugin:/usr/local/Ascend/driver/lib64:/usr/local/Ascend/driver/lib64/common:/usr/local/Ascend/driver/lib64/driver:/usr/local/Ascend/nnal/atb/latest/atb/cxx_abi_1/lib:/usr/local/Ascend/nnal/atb/latest/atb/cxx_abi_1/examples:/usr/local/Ascend/nnal/atb/latest/atb/cxx_abi_1/tests/atbopstest:/usr/local/Ascend/driver/lib64:/usr/local/Ascend/driver/lib64/common:/usr/local/Ascend/driver/lib64/driver:/usr/local/Ascend/nnal/atb/latest/atb/cxx_abi_1/lib:/usr/local/Ascend/nnal/atb/latest/atb/cxx_abi_1/examples:/usr/local/Ascend/nnal/atb/latest/atb/cxx_abi_1/tests/atbopstest:/usr/local/Ascend/driver/lib64:/usr/local/Ascend/driver/lib64/common:/usr/local/Ascend/driver/lib64/driver:/usr/local/Ascend/nnal/atb/latest/atb/cxx_abi_1/lib:/usr/local/Ascend/nnal/atb/latest/atb/cxx_abi_1/examples:/usr/local/Ascend/nnal/atb/latest/atb/cxx_abi_1/tests/atbopstest:/usr/local/Ascend/ascend-toolkit/latest/tools/aml/lib64:/usr/local/Ascend/ascend-toolkit/latest/tools/aml/lib64/plugin:/usr/local/Ascend/ascend-toolkit/latest/lib64:/usr/local/Ascend/ascend-toolkit/latest/lib64/plugin/opskernel:/usr/local/Ascend/ascend-toolkit/latest/lib64/plugin/nnengine:/usr/local/Ascend/ascend-toolkit/latest/opp/built-in/op_impl/ai_core/tbe/op_tiling:/usr/local/Ascend/driver/lib64:/usr/local/Ascend/driver/lib64/common/:/usr/local/Ascend/driver/lib64/driver/:
++ read -r LD_LIBRARY_PATH
+++ echo /usr/local/Ascend/nnal/atb/latest/atb/cxx_abi_1/lib:/usr/local/Ascend/nnal/atb/latest/atb/cxx_abi_1/examples:/usr/local/Ascend/nnal/atb/latest/atb/cxx_abi_1/tests/atbopstest:/usr/local/Ascend/cann-8.5.0/lib64:/usr/local/Ascend/cann-8.5.0/lib64/plugin/opskernel:/usr/local/Ascend/cann-8.5.0/lib64/plugin/nnengine:/usr/local/Ascend/cann-8.5.0/opp/built-in/op_impl/ai_core/tbe/op_tiling/lib/linux/aarch64:/usr/local/Ascend/cann-8.5.0/tools/aml/lib64:/usr/local/Ascend/cann-8.5.0/tools/aml/lib64/plugin:/usr/local/Ascend/driver/lib64:/usr/local/Ascend/driver/lib64/common:/usr/local/Ascend/driver/lib64/driver:/usr/local/Ascend/nnal/atb/latest/atb/cxx_abi_1/lib:/usr/local/Ascend/nnal/atb/latest/atb/cxx_abi_1/examples:/usr/local/Ascend/nnal/atb/latest/atb/cxx_abi_1/tests/atbopstest:/usr/local/Ascend/driver/lib64:/usr/local/Ascend/driver/lib64/common:/usr/local/Ascend/driver/lib64/driver:/usr/local/Ascend/nnal/atb/latest/atb/cxx_abi_1/lib:/usr/local/Ascend/nnal/atb/latest/atb/cxx_abi_1/examples:/usr/local/Ascend/nnal/atb/latest/atb/cxx_abi_1/tests/atbopstest:/usr/local/Ascend/driver/lib64:/usr/local/Ascend/driver/lib64/common:/usr/local/Ascend/driver/lib64/driver:/usr/local/Ascend/nnal/atb/latest/atb/cxx_abi_1/lib:/usr/local/Ascend/nnal/atb/latest/atb/cxx_abi_1/examples:/usr/local/Ascend/nnal/atb/latest/atb/cxx_abi_1/tests/atbopstest:/usr/local/Ascend/ascend-toolkit/latest/tools/aml/lib64:/usr/local/Ascend/ascend-toolkit/latest/tools/aml/lib64/plugin:/usr/local/Ascend/ascend-toolkit/latest/lib64:/usr/local/Ascend/ascend-toolkit/latest/lib64/plugin/opskernel:/usr/local/Ascend/ascend-toolkit/latest/lib64/plugin/nnengine:/usr/local/Ascend/ascend-toolkit/latest/opp/built-in/op_impl/ai_core/tbe/op_tiling:/usr/local/Ascend/driver/lib64:/usr/local/Ascend/driver/lib64/common/:/usr/local/Ascend/driver/lib64/driver/:
+++ tr : '\n'
+++ grep -v -E '^/usr/local/Ascend/cann[/_-]'
+++ tr '\n' :
+++ sed 's/:$//'
++ export LD_LIBRARY_PATH
++ remove_env PYTHONPATH '^/usr/local/Ascend/cann[/_-]'
++ local name=PYTHONPATH
++ local 'regex=^/usr/local/Ascend/cann[/_-]'
+++ eval echo '${PYTHONPATH}'
++++ echo /workspace/cann-recipes-train/llm_rl/qwen3_shrink_aware:/usr/local/Ascend/cann-8.5.0/python/site-packages:/usr/local/Ascend/cann-8.5.0/opp/built-in/op_impl/ai_core/tbe:/usr/local/Ascend/ascend-toolkit/latest/python/site-packages:/usr/local/Ascend/ascend-toolkit/latest/opp/built-in/op_impl/ai_core/tbe:
++ local env_value=/workspace/cann-recipes-train/llm_rl/qwen3_shrink_aware:/usr/local/Ascend/cann-8.5.0/python/site-packages:/usr/local/Ascend/cann-8.5.0/opp/built-in/op_impl/ai_core/tbe:/usr/local/Ascend/ascend-toolkit/latest/python/site-packages:/usr/local/Ascend/ascend-toolkit/latest/opp/built-in/op_impl/ai_core/tbe:
++ read -r PYTHONPATH
+++ echo /workspace/cann-recipes-train/llm_rl/qwen3_shrink_aware:/usr/local/Ascend/cann-8.5.0/python/site-packages:/usr/local/Ascend/cann-8.5.0/opp/built-in/op_impl/ai_core/tbe:/usr/local/Ascend/ascend-toolkit/latest/python/site-packages:/usr/local/Ascend/ascend-toolkit/latest/opp/built-in/op_impl/ai_core/tbe:
+++ tr : '\n'
+++ grep -v -E '^/usr/local/Ascend/cann[/_-]'
+++ tr '\n' :
+++ sed 's/:$//'
++ export PYTHONPATH
++ ld_library_path=/usr/local/Ascend/nnal/atb/latest/atb/cxx_abi_1/lib:/usr/local/Ascend/nnal/atb/latest/atb/cxx_abi_1/examples:/usr/local/Ascend/nnal/atb/latest/atb/cxx_abi_1/tests/atbopstest:/usr/local/Ascend/driver/lib64:/usr/local/Ascend/driver/lib64/common:/usr/local/Ascend/driver/lib64/driver:/usr/local/Ascend/nnal/atb/latest/atb/cxx_abi_1/lib:/usr/local/Ascend/nnal/atb/latest/atb/cxx_abi_1/examples:/usr/local/Ascend/nnal/atb/latest/atb/cxx_abi_1/tests/atbopstest:/usr/local/Ascend/driver/lib64:/usr/local/Ascend/driver/lib64/common:/usr/local/Ascend/driver/lib64/driver:/usr/local/Ascend/nnal/atb/latest/atb/cxx_abi_1/lib:/usr/local/Ascend/nnal/atb/latest/atb/cxx_abi_1/examples:/usr/local/Ascend/nnal/atb/latest/atb/cxx_abi_1/tests/atbopstest:/usr/local/Ascend/driver/lib64:/usr/local/Ascend/driver/lib64/common:/usr/local/Ascend/driver/lib64/driver:/usr/local/Ascend/nnal/atb/latest/atb/cxx_abi_1/lib:/usr/local/Ascend/nnal/atb/latest/atb/cxx_abi_1/examples:/usr/local/Ascend/nnal/atb/latest/atb/cxx_abi_1/tests/atbopstest:/usr/local/Ascend/ascend-toolkit/latest/tools/aml/lib64:/usr/local/Ascend/ascend-toolkit/latest/tools/aml/lib64/plugin:/usr/local/Ascend/ascend-toolkit/latest/lib64:/usr/local/Ascend/ascend-toolkit/latest/lib64/plugin/opskernel:/usr/local/Ascend/ascend-toolkit/latest/lib64/plugin/nnengine:/usr/local/Ascend/ascend-toolkit/latest/opp/built-in/op_impl/ai_core/tbe/op_tiling:/usr/local/Ascend/driver/lib64:/usr/local/Ascend/driver/lib64/common/:/usr/local/Ascend/driver/lib64/driver/:
++ '[' '!' -z /usr/local/Ascend/nnal/atb/latest/atb/cxx_abi_1/lib:/usr/local/Ascend/nnal/atb/latest/atb/cxx_abi_1/examples:/usr/local/Ascend/nnal/atb/latest/atb/cxx_abi_1/tests/atbopstest:/usr/local/Ascend/driver/lib64:/usr/local/Ascend/driver/lib64/common:/usr/local/Ascend/driver/lib64/driver:/usr/local/Ascend/nnal/atb/latest/atb/cxx_abi_1/lib:/usr/local/Ascend/nnal/atb/latest/atb/cxx_abi_1/examples:/usr/local/Ascend/nnal/atb/latest/atb/cxx_abi_1/tests/atbopstest:/usr/local/Ascend/driver/lib64:/usr/local/Ascend/driver/lib64/common:/usr/local/Ascend/driver/lib64/driver:/usr/local/Ascend/nnal/atb/latest/atb/cxx_abi_1/lib:/usr/local/Ascend/nnal/atb/latest/atb/cxx_abi_1/examples:/usr/local/Ascend/nnal/atb/latest/atb/cxx_abi_1/tests/atbopstest:/usr/local/Ascend/driver/lib64:/usr/local/Ascend/driver/lib64/common:/usr/local/Ascend/driver/lib64/driver:/usr/local/Ascend/nnal/atb/latest/atb/cxx_abi_1/lib:/usr/local/Ascend/nnal/atb/latest/atb/cxx_abi_1/examples:/usr/local/Ascend/nnal/atb/latest/atb/cxx_abi_1/tests/atbopstest:/usr/local/Ascend/ascend-toolkit/latest/tools/aml/lib64:/usr/local/Ascend/ascend-toolkit/latest/tools/aml/lib64/plugin:/usr/local/Ascend/ascend-toolkit/latest/lib64:/usr/local/Ascend/ascend-toolkit/latest/lib64/plugin/opskernel:/usr/local/Ascend/ascend-toolkit/latest/lib64/plugin/nnengine:/usr/local/Ascend/ascend-toolkit/latest/opp/built-in/op_impl/ai_core/tbe/op_tiling:/usr/local/Ascend/driver/lib64:/usr/local/Ascend/driver/lib64/common/:/usr/local/Ascend/driver/lib64/driver/: ']'
+++ echo /usr/local/Ascend/nnal/atb/latest/atb/cxx_abi_1/lib:/usr/local/Ascend/nnal/atb/latest/atb/cxx_abi_1/examples:/usr/local/Ascend/nnal/atb/latest/atb/cxx_abi_1/tests/atbopstest:/usr/local/Ascend/driver/lib64:/usr/local/Ascend/driver/lib64/common:/usr/local/Ascend/driver/lib64/driver:/usr/local/Ascend/nnal/atb/latest/atb/cxx_abi_1/lib:/usr/local/Ascend/nnal/atb/latest/atb/cxx_abi_1/examples:/usr/local/Ascend/nnal/atb/latest/atb/cxx_abi_1/tests/atbopstest:/usr/local/Ascend/driver/lib64:/usr/local/Ascend/driver/lib64/common:/usr/local/Ascend/driver/lib64/driver:/usr/local/Ascend/nnal/atb/latest/atb/cxx_abi_1/lib:/usr/local/Ascend/nnal/atb/latest/atb/cxx_abi_1/examples:/usr/local/Ascend/nnal/atb/latest/atb/cxx_abi_1/tests/atbopstest:/usr/local/Ascend/driver/lib64:/usr/local/Ascend/driver/lib64/common:/usr/local/Ascend/driver/lib64/driver:/usr/local/Ascend/nnal/atb/latest/atb/cxx_abi_1/lib:/usr/local/Ascend/nnal/atb/latest/atb/cxx_abi_1/examples:/usr/local/Ascend/nnal/atb/latest/atb/cxx_abi_1/tests/atbopstest:/usr/local/Ascend/ascend-toolkit/latest/tools/aml/lib64:/usr/local/Ascend/ascend-toolkit/latest/tools/aml/lib64/plugin:/usr/local/Ascend/ascend-toolkit/latest/lib64:/usr/local/Ascend/ascend-toolkit/latest/lib64/plugin/opskernel:/usr/local/Ascend/ascend-toolkit/latest/lib64/plugin/nnengine:/usr/local/Ascend/ascend-toolkit/latest/opp/built-in/op_impl/ai_core/tbe/op_tiling:/usr/local/Ascend/driver/lib64:/usr/local/Ascend/driver/lib64/common/:/usr/local/Ascend/driver/lib64/driver/:
+++ tr : ' '
++ ld_library_path='/usr/local/Ascend/nnal/atb/latest/atb/cxx_abi_1/lib /usr/local/Ascend/nnal/atb/latest/atb/cxx_abi_1/examples /usr/local/Ascend/nnal/atb/latest/atb/cxx_abi_1/tests/atbopstest /usr/local/Ascend/driver/lib64 /usr/local/Ascend/driver/lib64/common /usr/local/Ascend/driver/lib64/driver /usr/local/Ascend/nnal/atb/latest/atb/cxx_abi_1/lib /usr/local/Ascend/nnal/atb/latest/atb/cxx_abi_1/examples /usr/local/Ascend/nnal/atb/latest/atb/cxx_abi_1/tests/atbopstest /usr/local/Ascend/driver/lib64 /usr/local/Ascend/driver/lib64/common /usr/local/Ascend/driver/lib64/driver /usr/local/Ascend/nnal/atb/latest/atb/cxx_abi_1/lib /usr/local/Ascend/nnal/atb/latest/atb/cxx_abi_1/examples /usr/local/Ascend/nnal/atb/latest/atb/cxx_abi_1/tests/atbopstest /usr/local/Ascend/driver/lib64 /usr/local/Ascend/driver/lib64/common /usr/local/Ascend/driver/lib64/driver /usr/local/Ascend/nnal/atb/latest/atb/cxx_abi_1/lib /usr/local/Ascend/nnal/atb/latest/atb/cxx_abi_1/examples /usr/local/Ascend/nnal/atb/latest/atb/cxx_abi_1/tests/atbopstest /usr/local/Ascend/ascend-toolkit/latest/tools/aml/lib64 /usr/local/Ascend/ascend-toolkit/latest/tools/aml/lib64/plugin /usr/local/Ascend/ascend-toolkit/latest/lib64 /usr/local/Ascend/ascend-toolkit/latest/lib64/plugin/opskernel /usr/local/Ascend/ascend-toolkit/latest/lib64/plugin/nnengine /usr/local/Ascend/ascend-toolkit/latest/opp/built-in/op_impl/ai_core/tbe/op_tiling /usr/local/Ascend/driver/lib64 /usr/local/Ascend/driver/lib64/common/ /usr/local/Ascend/driver/lib64/driver/ '
++ for path in ${ld_library_path}
++ echo /usr/local/Ascend/nnal/atb/latest/atb/cxx_abi_1/lib
++ grep -q driver
++ for path in ${ld_library_path}
++ echo /usr/local/Ascend/nnal/atb/latest/atb/cxx_abi_1/examples
++ grep -q driver
++ for path in ${ld_library_path}
++ echo /usr/local/Ascend/nnal/atb/latest/atb/cxx_abi_1/tests/atbopstest
++ grep -q driver
++ for path in ${ld_library_path}
++ echo /usr/local/Ascend/driver/lib64
++ grep -q driver
++ '[' -d /usr/local/Ascend/driver/lib64 ']'
+++ find /usr/local/Ascend/driver/lib64 -name libascend_hal.so
++ dep_hal_path=/usr/local/Ascend/driver/lib64/driver/libascend_hal.so
++ '[' '!' -z /usr/local/Ascend/driver/lib64/driver/libascend_hal.so ']'
++ is_install_driver=y
++ for path in ${ld_library_path}
++ echo /usr/local/Ascend/driver/lib64/common
++ grep -q driver
++ '[' -d /usr/local/Ascend/driver/lib64/common ']'
+++ find /usr/local/Ascend/driver/lib64/common -name libascend_hal.so
++ dep_hal_path=
++ '[' '!' -z '' ']'
++ for path in ${ld_library_path}
++ echo /usr/local/Ascend/driver/lib64/driver
++ grep -q driver
++ '[' -d /usr/local/Ascend/driver/lib64/driver ']'
+++ find /usr/local/Ascend/driver/lib64/driver -name libascend_hal.so
++ dep_hal_path=/usr/local/Ascend/driver/lib64/driver/libascend_hal.so
++ '[' '!' -z /usr/local/Ascend/driver/lib64/driver/libascend_hal.so ']'
++ is_install_driver=y
++ for path in ${ld_library_path}
++ echo /usr/local/Ascend/nnal/atb/latest/atb/cxx_abi_1/lib
++ grep -q driver
++ for path in ${ld_library_path}
++ echo /usr/local/Ascend/nnal/atb/latest/atb/cxx_abi_1/examples
++ grep -q driver
++ for path in ${ld_library_path}
++ echo /usr/local/Ascend/nnal/atb/latest/atb/cxx_abi_1/tests/atbopstest
++ grep -q driver
++ for path in ${ld_library_path}
++ echo /usr/local/Ascend/driver/lib64
++ grep -q driver
++ '[' -d /usr/local/Ascend/driver/lib64 ']'
+++ find /usr/local/Ascend/driver/lib64 -name libascend_hal.so
++ dep_hal_path=/usr/local/Ascend/driver/lib64/driver/libascend_hal.so
++ '[' '!' -z /usr/local/Ascend/driver/lib64/driver/libascend_hal.so ']'
++ is_install_driver=y
++ for path in ${ld_library_path}
++ echo /usr/local/Ascend/driver/lib64/common
++ grep -q driver
++ '[' -d /usr/local/Ascend/driver/lib64/common ']'
+++ find /usr/local/Ascend/driver/lib64/common -name libascend_hal.so
++ dep_hal_path=
++ '[' '!' -z '' ']'
++ for path in ${ld_library_path}
++ echo /usr/local/Ascend/driver/lib64/driver
++ grep -q driver
++ '[' -d /usr/local/Ascend/driver/lib64/driver ']'
+++ find /usr/local/Ascend/driver/lib64/driver -name libascend_hal.so
++ dep_hal_path=/usr/local/Ascend/driver/lib64/driver/libascend_hal.so
++ '[' '!' -z /usr/local/Ascend/driver/lib64/driver/libascend_hal.so ']'
++ is_install_driver=y
++ for path in ${ld_library_path}
++ echo /usr/local/Ascend/nnal/atb/latest/atb/cxx_abi_1/lib
++ grep -q driver
++ for path in ${ld_library_path}
++ echo /usr/local/Ascend/nnal/atb/latest/atb/cxx_abi_1/examples
++ grep -q driver
++ for path in ${ld_library_path}
++ echo /usr/local/Ascend/nnal/atb/latest/atb/cxx_abi_1/tests/atbopstest
++ grep -q driver
++ for path in ${ld_library_path}
++ echo /usr/local/Ascend/driver/lib64
++ grep -q driver
++ '[' -d /usr/local/Ascend/driver/lib64 ']'
+++ find /usr/local/Ascend/driver/lib64 -name libascend_hal.so
++ dep_hal_path=/usr/local/Ascend/driver/lib64/driver/libascend_hal.so
++ '[' '!' -z /usr/local/Ascend/driver/lib64/driver/libascend_hal.so ']'
++ is_install_driver=y
++ for path in ${ld_library_path}
++ echo /usr/local/Ascend/driver/lib64/common
++ grep -q driver
++ '[' -d /usr/local/Ascend/driver/lib64/common ']'
+++ find /usr/local/Ascend/driver/lib64/common -name libascend_hal.so
++ dep_hal_path=
++ '[' '!' -z '' ']'
++ for path in ${ld_library_path}
++ echo /usr/local/Ascend/driver/lib64/driver
++ grep -q driver
++ '[' -d /usr/local/Ascend/driver/lib64/driver ']'
+++ find /usr/local/Ascend/driver/lib64/driver -name libascend_hal.so
++ dep_hal_path=/usr/local/Ascend/driver/lib64/driver/libascend_hal.so
++ '[' '!' -z /usr/local/Ascend/driver/lib64/driver/libascend_hal.so ']'
++ is_install_driver=y
++ for path in ${ld_library_path}
++ echo /usr/local/Ascend/nnal/atb/latest/atb/cxx_abi_1/lib
++ grep -q driver
++ for path in ${ld_library_path}
++ echo /usr/local/Ascend/nnal/atb/latest/atb/cxx_abi_1/examples
++ grep -q driver
++ for path in ${ld_library_path}
++ echo /usr/local/Ascend/nnal/atb/latest/atb/cxx_abi_1/tests/atbopstest
++ grep -q driver
++ for path in ${ld_library_path}
++ echo /usr/local/Ascend/ascend-toolkit/latest/tools/aml/lib64
++ grep -q driver
++ for path in ${ld_library_path}
++ echo /usr/local/Ascend/ascend-toolkit/latest/tools/aml/lib64/plugin
++ grep -q driver
++ for path in ${ld_library_path}
++ echo /usr/local/Ascend/ascend-toolkit/latest/lib64
++ grep -q driver
++ for path in ${ld_library_path}
++ echo /usr/local/Ascend/ascend-toolkit/latest/lib64/plugin/opskernel
++ grep -q driver
++ for path in ${ld_library_path}
++ echo /usr/local/Ascend/ascend-toolkit/latest/lib64/plugin/nnengine
++ grep -q driver
++ for path in ${ld_library_path}
++ echo /usr/local/Ascend/ascend-toolkit/latest/opp/built-in/op_impl/ai_core/tbe/op_tiling
++ grep -q driver
++ for path in ${ld_library_path}
++ echo /usr/local/Ascend/driver/lib64
++ grep -q driver
++ '[' -d /usr/local/Ascend/driver/lib64 ']'
+++ find /usr/local/Ascend/driver/lib64 -name libascend_hal.so
++ dep_hal_path=/usr/local/Ascend/driver/lib64/driver/libascend_hal.so
++ '[' '!' -z /usr/local/Ascend/driver/lib64/driver/libascend_hal.so ']'
++ is_install_driver=y
++ for path in ${ld_library_path}
++ echo /usr/local/Ascend/driver/lib64/common/
++ grep -q driver
++ '[' -d /usr/local/Ascend/driver/lib64/common/ ']'
+++ find /usr/local/Ascend/driver/lib64/common/ -name libascend_hal.so
++ dep_hal_path=
++ '[' '!' -z '' ']'
++ for path in ${ld_library_path}
++ echo /usr/local/Ascend/driver/lib64/driver/
++ grep -q driver
++ '[' -d /usr/local/Ascend/driver/lib64/driver/ ']'
+++ find /usr/local/Ascend/driver/lib64/driver/ -name libascend_hal.so
++ dep_hal_path=/usr/local/Ascend/driver/lib64/driver/libascend_hal.so
++ '[' '!' -z /usr/local/Ascend/driver/lib64/driver/libascend_hal.so ']'
++ is_install_driver=y
++ '[' -f /etc/ascend_install.info ']'
++ case ":$PATH:" in
++ command -v ldconfig
++ ldconfig -p
++ grep -q -- libascend_hal.so
++ command -v arch
+++ arch
++ architecture=aarch64
++ prepend_env PATH /usr/local/Ascend/cann-8.5.0/bin:/usr/local/Ascend/cann-8.5.0/tools/ccec_compiler/bin:/usr/local/Ascend/cann-8.5.0/tools/profiler/bin:/usr/local/Ascend/cann-8.5.0/tools/ascend_system_advisor/asys:/usr/local/Ascend/cann-8.5.0/tools/show_kernel_debug_data:/usr/local/Ascend/cann-8.5.0/tools/msobjdump
++ local name=PATH
++ local value=/usr/local/Ascend/cann-8.5.0/bin:/usr/local/Ascend/cann-8.5.0/tools/ccec_compiler/bin:/usr/local/Ascend/cann-8.5.0/tools/profiler/bin:/usr/local/Ascend/cann-8.5.0/tools/ascend_system_advisor/asys:/usr/local/Ascend/cann-8.5.0/tools/show_kernel_debug_data:/usr/local/Ascend/cann-8.5.0/tools/msobjdump
+++ eval echo '${PATH}'
++++ echo /usr/local/Ascend/nnal/atb/latest/atb/cxx_abi_1/bin:/root/.vscode-server/data/User/globalStorage/github.copilot-chat/debugCommand:/root/.vscode-server/data/User/globalStorage/github.copilot-chat/copilotCli:/root/.vscode-server/bin/8761a5560cfd65fdd19ce7e2bd18dab5c0a4d84e/bin/remote-cli:/usr/local/Ascend/nnal/atb/latest/atb/cxx_abi_1/bin:/usr/local/Ascend/nnal/atb/latest/atb/cxx_abi_1/bin:/usr/local/Ascend/nnal/atb/latest/atb/cxx_abi_1/bin:/usr/local/Ascend/ascend-toolkit/latest/bin:/usr/local/Ascend/ascend-toolkit/latest/compiler/ccec_compiler/bin:/usr/local/Ascend/ascend-toolkit/latest/tools/ccec_compiler/bin:/usr/local/python3.11.14/bin:/usr/local/sbin:/usr/local/bin:/usr/sbin:/usr/bin:/sbin:/bin:/usr/local/go/bin:/root/bin:/usr/local/go/bin
++ local env_value=/usr/local/Ascend/nnal/atb/latest/atb/cxx_abi_1/bin:/root/.vscode-server/data/User/globalStorage/github.copilot-chat/debugCommand:/root/.vscode-server/data/User/globalStorage/github.copilot-chat/copilotCli:/root/.vscode-server/bin/8761a5560cfd65fdd19ce7e2bd18dab5c0a4d84e/bin/remote-cli:/usr/local/Ascend/nnal/atb/latest/atb/cxx_abi_1/bin:/usr/local/Ascend/nnal/atb/latest/atb/cxx_abi_1/bin:/usr/local/Ascend/nnal/atb/latest/atb/cxx_abi_1/bin:/usr/local/Ascend/ascend-toolkit/latest/bin:/usr/local/Ascend/ascend-toolkit/latest/compiler/ccec_compiler/bin:/usr/local/Ascend/ascend-toolkit/latest/tools/ccec_compiler/bin:/usr/local/python3.11.14/bin:/usr/local/sbin:/usr/local/bin:/usr/sbin:/usr/bin:/sbin:/bin:/usr/local/go/bin:/root/bin:/usr/local/go/bin
++ '[' /usr/local/Ascend/nnal/atb/latest/atb/cxx_abi_1/bin:/root/.vscode-server/data/User/globalStorage/github.copilot-chat/debugCommand:/root/.vscode-server/data/User/globalStorage/github.copilot-chat/copilotCli:/root/.vscode-server/bin/8761a5560cfd65fdd19ce7e2bd18dab5c0a4d84e/bin/remote-cli:/usr/local/Ascend/nnal/atb/latest/atb/cxx_abi_1/bin:/usr/local/Ascend/nnal/atb/latest/atb/cxx_abi_1/bin:/usr/local/Ascend/nnal/atb/latest/atb/cxx_abi_1/bin:/usr/local/Ascend/ascend-toolkit/latest/bin:/usr/local/Ascend/ascend-toolkit/latest/compiler/ccec_compiler/bin:/usr/local/Ascend/ascend-toolkit/latest/tools/ccec_compiler/bin:/usr/local/python3.11.14/bin:/usr/local/sbin:/usr/local/bin:/usr/sbin:/usr/bin:/sbin:/bin:/usr/local/go/bin:/root/bin:/usr/local/go/bin = '' ']'
++ read -r PATH
++ export PATH
++ prepend_env LD_LIBRARY_PATH /usr/local/Ascend/cann-8.5.0/lib64:/usr/local/Ascend/cann-8.5.0/lib64/plugin/opskernel:/usr/local/Ascend/cann-8.5.0/lib64/plugin/nnengine:/usr/local/Ascend/cann-8.5.0/opp/built-in/op_impl/ai_core/tbe/op_tiling/lib/linux/aarch64:/usr/local/Ascend/cann-8.5.0/tools/aml/lib64:/usr/local/Ascend/cann-8.5.0/tools/aml/lib64/plugin:/usr/local/Ascend/driver/lib64:/usr/local/Ascend/driver/lib64/common:/usr/local/Ascend/driver/lib64/driver
++ local name=LD_LIBRARY_PATH
++ local value=/usr/local/Ascend/cann-8.5.0/lib64:/usr/local/Ascend/cann-8.5.0/lib64/plugin/opskernel:/usr/local/Ascend/cann-8.5.0/lib64/plugin/nnengine:/usr/local/Ascend/cann-8.5.0/opp/built-in/op_impl/ai_core/tbe/op_tiling/lib/linux/aarch64:/usr/local/Ascend/cann-8.5.0/tools/aml/lib64:/usr/local/Ascend/cann-8.5.0/tools/aml/lib64/plugin:/usr/local/Ascend/driver/lib64:/usr/local/Ascend/driver/lib64/common:/usr/local/Ascend/driver/lib64/driver
+++ eval echo '${LD_LIBRARY_PATH}'
++++ echo /usr/local/Ascend/nnal/atb/latest/atb/cxx_abi_1/lib:/usr/local/Ascend/nnal/atb/latest/atb/cxx_abi_1/examples:/usr/local/Ascend/nnal/atb/latest/atb/cxx_abi_1/tests/atbopstest:/usr/local/Ascend/driver/lib64:/usr/local/Ascend/driver/lib64/common:/usr/local/Ascend/driver/lib64/driver:/usr/local/Ascend/nnal/atb/latest/atb/cxx_abi_1/lib:/usr/local/Ascend/nnal/atb/latest/atb/cxx_abi_1/examples:/usr/local/Ascend/nnal/atb/latest/atb/cxx_abi_1/tests/atbopstest:/usr/local/Ascend/driver/lib64:/usr/local/Ascend/driver/lib64/common:/usr/local/Ascend/driver/lib64/driver:/usr/local/Ascend/nnal/atb/latest/atb/cxx_abi_1/lib:/usr/local/Ascend/nnal/atb/latest/atb/cxx_abi_1/examples:/usr/local/Ascend/nnal/atb/latest/atb/cxx_abi_1/tests/atbopstest:/usr/local/Ascend/driver/lib64:/usr/local/Ascend/driver/lib64/common:/usr/local/Ascend/driver/lib64/driver:/usr/local/Ascend/nnal/atb/latest/atb/cxx_abi_1/lib:/usr/local/Ascend/nnal/atb/latest/atb/cxx_abi_1/examples:/usr/local/Ascend/nnal/atb/latest/atb/cxx_abi_1/tests/atbopstest:/usr/local/Ascend/ascend-toolkit/latest/tools/aml/lib64:/usr/local/Ascend/ascend-toolkit/latest/tools/aml/lib64/plugin:/usr/local/Ascend/ascend-toolkit/latest/lib64:/usr/local/Ascend/ascend-toolkit/latest/lib64/plugin/opskernel:/usr/local/Ascend/ascend-toolkit/latest/lib64/plugin/nnengine:/usr/local/Ascend/ascend-toolkit/latest/opp/built-in/op_impl/ai_core/tbe/op_tiling:/usr/local/Ascend/driver/lib64:/usr/local/Ascend/driver/lib64/common/:/usr/local/Ascend/driver/lib64/driver/:
++ local env_value=/usr/local/Ascend/nnal/atb/latest/atb/cxx_abi_1/lib:/usr/local/Ascend/nnal/atb/latest/atb/cxx_abi_1/examples:/usr/local/Ascend/nnal/atb/latest/atb/cxx_abi_1/tests/atbopstest:/usr/local/Ascend/driver/lib64:/usr/local/Ascend/driver/lib64/common:/usr/local/Ascend/driver/lib64/driver:/usr/local/Ascend/nnal/atb/latest/atb/cxx_abi_1/lib:/usr/local/Ascend/nnal/atb/latest/atb/cxx_abi_1/examples:/usr/local/Ascend/nnal/atb/latest/atb/cxx_abi_1/tests/atbopstest:/usr/local/Ascend/driver/lib64:/usr/local/Ascend/driver/lib64/common:/usr/local/Ascend/driver/lib64/driver:/usr/local/Ascend/nnal/atb/latest/atb/cxx_abi_1/lib:/usr/local/Ascend/nnal/atb/latest/atb/cxx_abi_1/examples:/usr/local/Ascend/nnal/atb/latest/atb/cxx_abi_1/tests/atbopstest:/usr/local/Ascend/driver/lib64:/usr/local/Ascend/driver/lib64/common:/usr/local/Ascend/driver/lib64/driver:/usr/local/Ascend/nnal/atb/latest/atb/cxx_abi_1/lib:/usr/local/Ascend/nnal/atb/latest/atb/cxx_abi_1/examples:/usr/local/Ascend/nnal/atb/latest/atb/cxx_abi_1/tests/atbopstest:/usr/local/Ascend/ascend-toolkit/latest/tools/aml/lib64:/usr/local/Ascend/ascend-toolkit/latest/tools/aml/lib64/plugin:/usr/local/Ascend/ascend-toolkit/latest/lib64:/usr/local/Ascend/ascend-toolkit/latest/lib64/plugin/opskernel:/usr/local/Ascend/ascend-toolkit/latest/lib64/plugin/nnengine:/usr/local/Ascend/ascend-toolkit/latest/opp/built-in/op_impl/ai_core/tbe/op_tiling:/usr/local/Ascend/driver/lib64:/usr/local/Ascend/driver/lib64/common/:/usr/local/Ascend/driver/lib64/driver/:
++ '[' /usr/local/Ascend/nnal/atb/latest/atb/cxx_abi_1/lib:/usr/local/Ascend/nnal/atb/latest/atb/cxx_abi_1/examples:/usr/local/Ascend/nnal/atb/latest/atb/cxx_abi_1/tests/atbopstest:/usr/local/Ascend/driver/lib64:/usr/local/Ascend/driver/lib64/common:/usr/local/Ascend/driver/lib64/driver:/usr/local/Ascend/nnal/atb/latest/atb/cxx_abi_1/lib:/usr/local/Ascend/nnal/atb/latest/atb/cxx_abi_1/examples:/usr/local/Ascend/nnal/atb/latest/atb/cxx_abi_1/tests/atbopstest:/usr/local/Ascend/driver/lib64:/usr/local/Ascend/driver/lib64/common:/usr/local/Ascend/driver/lib64/driver:/usr/local/Ascend/nnal/atb/latest/atb/cxx_abi_1/lib:/usr/local/Ascend/nnal/atb/latest/atb/cxx_abi_1/examples:/usr/local/Ascend/nnal/atb/latest/atb/cxx_abi_1/tests/atbopstest:/usr/local/Ascend/driver/lib64:/usr/local/Ascend/driver/lib64/common:/usr/local/Ascend/driver/lib64/driver:/usr/local/Ascend/nnal/atb/latest/atb/cxx_abi_1/lib:/usr/local/Ascend/nnal/atb/latest/atb/cxx_abi_1/examples:/usr/local/Ascend/nnal/atb/latest/atb/cxx_abi_1/tests/atbopstest:/usr/local/Ascend/ascend-toolkit/latest/tools/aml/lib64:/usr/local/Ascend/ascend-toolkit/latest/tools/aml/lib64/plugin:/usr/local/Ascend/ascend-toolkit/latest/lib64:/usr/local/Ascend/ascend-toolkit/latest/lib64/plugin/opskernel:/usr/local/Ascend/ascend-toolkit/latest/lib64/plugin/nnengine:/usr/local/Ascend/ascend-toolkit/latest/opp/built-in/op_impl/ai_core/tbe/op_tiling:/usr/local/Ascend/driver/lib64:/usr/local/Ascend/driver/lib64/common/:/usr/local/Ascend/driver/lib64/driver/: = '' ']'
++ read -r LD_LIBRARY_PATH
++ export LD_LIBRARY_PATH
++ export PYTHONPATH=/usr/local/Ascend/cann-8.5.0/python/site-packages:/usr/local/Ascend/cann-8.5.0/opp/built-in/op_impl/ai_core/tbe:/workspace/cann-recipes-train/llm_rl/qwen3_shrink_aware:/usr/local/Ascend/ascend-toolkit/latest/python/site-packages:/usr/local/Ascend/ascend-toolkit/latest/opp/built-in/op_impl/ai_core/tbe:
++ PYTHONPATH=/usr/local/Ascend/cann-8.5.0/python/site-packages:/usr/local/Ascend/cann-8.5.0/opp/built-in/op_impl/ai_core/tbe:/workspace/cann-recipes-train/llm_rl/qwen3_shrink_aware:/usr/local/Ascend/ascend-toolkit/latest/python/site-packages:/usr/local/Ascend/ascend-toolkit/latest/opp/built-in/op_impl/ai_core/tbe:
++ '[' y = n ']'
++ export ASCEND_OPP_PATH=/usr/local/Ascend/cann-8.5.0/opp
++ ASCEND_OPP_PATH=/usr/local/Ascend/cann-8.5.0/opp
++ export ASCEND_AICPU_PATH=/usr/local/Ascend/cann-8.5.0
++ ASCEND_AICPU_PATH=/usr/local/Ascend/cann-8.5.0
++ export TOOLCHAIN_HOME=/usr/local/Ascend/cann-8.5.0/toolkit
++ TOOLCHAIN_HOME=/usr/local/Ascend/cann-8.5.0/toolkit
++ export ASCEND_HOME_PATH=/usr/local/Ascend/cann-8.5.0
++ ASCEND_HOME_PATH=/usr/local/Ascend/cann-8.5.0
++ export ASCEND_TOOLKIT_HOME=/usr/local/Ascend/cann-8.5.0
++ ASCEND_TOOLKIT_HOME=/usr/local/Ascend/cann-8.5.0
++ prepend_env CMAKE_PREFIX_PATH /usr/local/Ascend/cann-8.5.0/lib64/cmake
++ local name=CMAKE_PREFIX_PATH
++ local value=/usr/local/Ascend/cann-8.5.0/lib64/cmake
+++ eval echo '${CMAKE_PREFIX_PATH}'
++++ echo /usr/local/Ascend/cann-8.5.0/toolkit/tools/tikicpulib/lib/cmake:/usr/local/Ascend/cann-8.5.0/lib64/cmake:/usr/local/Ascend/cann-8.5.0/toolkit/tools/tikicpulib/lib/cmake:/usr/local/Ascend/cann-8.5.0/lib64/cmake:/usr/local/Ascend/cann-8.5.0/toolkit/tools/tikicpulib/lib/cmake:/usr/local/Ascend/cann-8.5.0/lib64/cmake
++ local env_value=/usr/local/Ascend/cann-8.5.0/toolkit/tools/tikicpulib/lib/cmake:/usr/local/Ascend/cann-8.5.0/lib64/cmake:/usr/local/Ascend/cann-8.5.0/toolkit/tools/tikicpulib/lib/cmake:/usr/local/Ascend/cann-8.5.0/lib64/cmake:/usr/local/Ascend/cann-8.5.0/toolkit/tools/tikicpulib/lib/cmake:/usr/local/Ascend/cann-8.5.0/lib64/cmake
++ '[' /usr/local/Ascend/cann-8.5.0/toolkit/tools/tikicpulib/lib/cmake:/usr/local/Ascend/cann-8.5.0/lib64/cmake:/usr/local/Ascend/cann-8.5.0/toolkit/tools/tikicpulib/lib/cmake:/usr/local/Ascend/cann-8.5.0/lib64/cmake:/usr/local/Ascend/cann-8.5.0/toolkit/tools/tikicpulib/lib/cmake:/usr/local/Ascend/cann-8.5.0/lib64/cmake = '' ']'
++ read -r CMAKE_PREFIX_PATH
++ export CMAKE_PREFIX_PATH
++ prepend_env CMAKE_PREFIX_PATH /usr/local/Ascend/cann-8.5.0/toolkit/tools/tikicpulib/lib/cmake
++ local name=CMAKE_PREFIX_PATH
++ local value=/usr/local/Ascend/cann-8.5.0/toolkit/tools/tikicpulib/lib/cmake
+++ eval echo '${CMAKE_PREFIX_PATH}'
++++ echo /usr/local/Ascend/cann-8.5.0/lib64/cmake:/usr/local/Ascend/cann-8.5.0/toolkit/tools/tikicpulib/lib/cmake:/usr/local/Ascend/cann-8.5.0/lib64/cmake:/usr/local/Ascend/cann-8.5.0/toolkit/tools/tikicpulib/lib/cmake:/usr/local/Ascend/cann-8.5.0/lib64/cmake:/usr/local/Ascend/cann-8.5.0/toolkit/tools/tikicpulib/lib/cmake:/usr/local/Ascend/cann-8.5.0/lib64/cmake
++ local env_value=/usr/local/Ascend/cann-8.5.0/lib64/cmake:/usr/local/Ascend/cann-8.5.0/toolkit/tools/tikicpulib/lib/cmake:/usr/local/Ascend/cann-8.5.0/lib64/cmake:/usr/local/Ascend/cann-8.5.0/toolkit/tools/tikicpulib/lib/cmake:/usr/local/Ascend/cann-8.5.0/lib64/cmake:/usr/local/Ascend/cann-8.5.0/toolkit/tools/tikicpulib/lib/cmake:/usr/local/Ascend/cann-8.5.0/lib64/cmake
++ '[' /usr/local/Ascend/cann-8.5.0/lib64/cmake:/usr/local/Ascend/cann-8.5.0/toolkit/tools/tikicpulib/lib/cmake:/usr/local/Ascend/cann-8.5.0/lib64/cmake:/usr/local/Ascend/cann-8.5.0/toolkit/tools/tikicpulib/lib/cmake:/usr/local/Ascend/cann-8.5.0/lib64/cmake:/usr/local/Ascend/cann-8.5.0/toolkit/tools/tikicpulib/lib/cmake:/usr/local/Ascend/cann-8.5.0/lib64/cmake = '' ']'
++ read -r CMAKE_PREFIX_PATH
++ export CMAKE_PREFIX_PATH
+ source /usr/local/Ascend/nnal/asdsip/set_env.sh
++ path=/usr/local/Ascend/nnal/asdsip/set_env.sh
++ [[ -f /usr/local/Ascend/nnal/asdsip/set_env.sh ]]
++ [[ /usr/local/Ascend/nnal/asdsip/set_env.sh =~ set_env\.sh ]]
++++ dirname /usr/local/Ascend/nnal/asdsip/set_env.sh
+++ cd /usr/local/Ascend/nnal/asdsip
+++ pwd
++ asdsip_dir_path=/usr/local/Ascend/nnal/asdsip
++ export ASDSIP_HOME_PATH=/usr/local/Ascend/nnal/asdsip/latest/
++ ASDSIP_HOME_PATH=/usr/local/Ascend/nnal/asdsip/latest/
++ export LD_LIBRARY_PATH=/usr/local/Ascend/nnal/asdsip/latest//lib:/usr/local/Ascend/cann-8.5.0/lib64:/usr/local/Ascend/cann-8.5.0/lib64/plugin/opskernel:/usr/local/Ascend/cann-8.5.0/lib64/plugin/nnengine:/usr/local/Ascend/cann-8.5.0/opp/built-in/op_impl/ai_core/tbe/op_tiling/lib/linux/aarch64:/usr/local/Ascend/cann-8.5.0/tools/aml/lib64:/usr/local/Ascend/cann-8.5.0/tools/aml/lib64/plugin:/usr/local/Ascend/driver/lib64:/usr/local/Ascend/driver/lib64/common:/usr/local/Ascend/driver/lib64/driver:/usr/local/Ascend/nnal/atb/latest/atb/cxx_abi_1/lib:/usr/local/Ascend/nnal/atb/latest/atb/cxx_abi_1/examples:/usr/local/Ascend/nnal/atb/latest/atb/cxx_abi_1/tests/atbopstest:/usr/local/Ascend/driver/lib64:/usr/local/Ascend/driver/lib64/common:/usr/local/Ascend/driver/lib64/driver:/usr/local/Ascend/nnal/atb/latest/atb/cxx_abi_1/lib:/usr/local/Ascend/nnal/atb/latest/atb/cxx_abi_1/examples:/usr/local/Ascend/nnal/atb/latest/atb/cxx_abi_1/tests/atbopstest:/usr/local/Ascend/driver/lib64:/usr/local/Ascend/driver/lib64/common:/usr/local/Ascend/driver/lib64/driver:/usr/local/Ascend/nnal/atb/latest/atb/cxx_abi_1/lib:/usr/local/Ascend/nnal/atb/latest/atb/cxx_abi_1/examples:/usr/local/Ascend/nnal/atb/latest/atb/cxx_abi_1/tests/atbopstest:/usr/local/Ascend/driver/lib64:/usr/local/Ascend/driver/lib64/common:/usr/local/Ascend/driver/lib64/driver:/usr/local/Ascend/nnal/atb/latest/atb/cxx_abi_1/lib:/usr/local/Ascend/nnal/atb/latest/atb/cxx_abi_1/examples:/usr/local/Ascend/nnal/atb/latest/atb/cxx_abi_1/tests/atbopstest:/usr/local/Ascend/ascend-toolkit/latest/tools/aml/lib64:/usr/local/Ascend/ascend-toolkit/latest/tools/aml/lib64/plugin:/usr/local/Ascend/ascend-toolkit/latest/lib64:/usr/local/Ascend/ascend-toolkit/latest/lib64/plugin/opskernel:/usr/local/Ascend/ascend-toolkit/latest/lib64/plugin/nnengine:/usr/local/Ascend/ascend-toolkit/latest/opp/built-in/op_impl/ai_core/tbe/op_tiling:/usr/local/Ascend/driver/lib64:/usr/local/Ascend/driver/lib64/common/:/usr/local/Ascend/driver/lib64/driver/:
++ LD_LIBRARY_PATH=/usr/local/Ascend/nnal/asdsip/latest//lib:/usr/local/Ascend/cann-8.5.0/lib64:/usr/local/Ascend/cann-8.5.0/lib64/plugin/opskernel:/usr/local/Ascend/cann-8.5.0/lib64/plugin/nnengine:/usr/local/Ascend/cann-8.5.0/opp/built-in/op_impl/ai_core/tbe/op_tiling/lib/linux/aarch64:/usr/local/Ascend/cann-8.5.0/tools/aml/lib64:/usr/local/Ascend/cann-8.5.0/tools/aml/lib64/plugin:/usr/local/Ascend/driver/lib64:/usr/local/Ascend/driver/lib64/common:/usr/local/Ascend/driver/lib64/driver:/usr/local/Ascend/nnal/atb/latest/atb/cxx_abi_1/lib:/usr/local/Ascend/nnal/atb/latest/atb/cxx_abi_1/examples:/usr/local/Ascend/nnal/atb/latest/atb/cxx_abi_1/tests/atbopstest:/usr/local/Ascend/driver/lib64:/usr/local/Ascend/driver/lib64/common:/usr/local/Ascend/driver/lib64/driver:/usr/local/Ascend/nnal/atb/latest/atb/cxx_abi_1/lib:/usr/local/Ascend/nnal/atb/latest/atb/cxx_abi_1/examples:/usr/local/Ascend/nnal/atb/latest/atb/cxx_abi_1/tests/atbopstest:/usr/local/Ascend/driver/lib64:/usr/local/Ascend/driver/lib64/common:/usr/local/Ascend/driver/lib64/driver:/usr/local/Ascend/nnal/atb/latest/atb/cxx_abi_1/lib:/usr/local/Ascend/nnal/atb/latest/atb/cxx_abi_1/examples:/usr/local/Ascend/nnal/atb/latest/atb/cxx_abi_1/tests/atbopstest:/usr/local/Ascend/driver/lib64:/usr/local/Ascend/driver/lib64/common:/usr/local/Ascend/driver/lib64/driver:/usr/local/Ascend/nnal/atb/latest/atb/cxx_abi_1/lib:/usr/local/Ascend/nnal/atb/latest/atb/cxx_abi_1/examples:/usr/local/Ascend/nnal/atb/latest/atb/cxx_abi_1/tests/atbopstest:/usr/local/Ascend/ascend-toolkit/latest/tools/aml/lib64:/usr/local/Ascend/ascend-toolkit/latest/tools/aml/lib64/plugin:/usr/local/Ascend/ascend-toolkit/latest/lib64:/usr/local/Ascend/ascend-toolkit/latest/lib64/plugin/opskernel:/usr/local/Ascend/ascend-toolkit/latest/lib64/plugin/nnengine:/usr/local/Ascend/ascend-toolkit/latest/opp/built-in/op_impl/ai_core/tbe/op_tiling:/usr/local/Ascend/driver/lib64:/usr/local/Ascend/driver/lib64/common/:/usr/local/Ascend/driver/lib64/driver/:
+ source /usr/local/Ascend/nnal/atb/set_env.sh --cxx_abi=1
++ set_env_path=/usr/local/Ascend/nnal/atb/set_env.sh
++ [[ -n '' ]]
++ [[ -f /usr/local/Ascend/nnal/atb/set_env.sh ]]
++ [[ /usr/local/Ascend/nnal/atb/set_env.sh =~ (^|/)set_env\.sh$ ]]
++++ dirname /usr/local/Ascend/nnal/atb/set_env.sh
+++ cd /usr/local/Ascend/nnal/atb
+++ pwd
++ atb_path=/usr/local/Ascend/nnal/atb
++ get_cxx_abi_option --cxx_abi=1
++ cxx_abi=
++ [[ -z --cxx_abi=1 ]]
++ case "$1" in
++ cxx_abi=1
++ shift
++ [[ -z '' ]]
++ [[ 1 == '' ]]
++ export ATB_HOME_PATH=/usr/local/Ascend/nnal/atb/latest/atb/cxx_abi_1
++ ATB_HOME_PATH=/usr/local/Ascend/nnal/atb/latest/atb/cxx_abi_1
++ export LD_LIBRARY_PATH=/usr/local/Ascend/nnal/atb/latest/atb/cxx_abi_1/lib:/usr/local/Ascend/nnal/atb/latest/atb/cxx_abi_1/examples:/usr/local/Ascend/nnal/atb/latest/atb/cxx_abi_1/tests/atbopstest:/usr/local/Ascend/nnal/asdsip/latest//lib:/usr/local/Ascend/cann-8.5.0/lib64:/usr/local/Ascend/cann-8.5.0/lib64/plugin/opskernel:/usr/local/Ascend/cann-8.5.0/lib64/plugin/nnengine:/usr/local/Ascend/cann-8.5.0/opp/built-in/op_impl/ai_core/tbe/op_tiling/lib/linux/aarch64:/usr/local/Ascend/cann-8.5.0/tools/aml/lib64:/usr/local/Ascend/cann-8.5.0/tools/aml/lib64/plugin:/usr/local/Ascend/driver/lib64:/usr/local/Ascend/driver/lib64/common:/usr/local/Ascend/driver/lib64/driver:/usr/local/Ascend/nnal/atb/latest/atb/cxx_abi_1/lib:/usr/local/Ascend/nnal/atb/latest/atb/cxx_abi_1/examples:/usr/local/Ascend/nnal/atb/latest/atb/cxx_abi_1/tests/atbopstest:/usr/local/Ascend/driver/lib64:/usr/local/Ascend/driver/lib64/common:/usr/local/Ascend/driver/lib64/driver:/usr/local/Ascend/nnal/atb/latest/atb/cxx_abi_1/lib:/usr/local/Ascend/nnal/atb/latest/atb/cxx_abi_1/examples:/usr/local/Ascend/nnal/atb/latest/atb/cxx_abi_1/tests/atbopstest:/usr/local/Ascend/driver/lib64:/usr/local/Ascend/driver/lib64/common:/usr/local/Ascend/driver/lib64/driver:/usr/local/Ascend/nnal/atb/latest/atb/cxx_abi_1/lib:/usr/local/Ascend/nnal/atb/latest/atb/cxx_abi_1/examples:/usr/local/Ascend/nnal/atb/latest/atb/cxx_abi_1/tests/atbopstest:/usr/local/Ascend/driver/lib64:/usr/local/Ascend/driver/lib64/common:/usr/local/Ascend/driver/lib64/driver:/usr/local/Ascend/nnal/atb/latest/atb/cxx_abi_1/lib:/usr/local/Ascend/nnal/atb/latest/atb/cxx_abi_1/examples:/usr/local/Ascend/nnal/atb/latest/atb/cxx_abi_1/tests/atbopstest:/usr/local/Ascend/ascend-toolkit/latest/tools/aml/lib64:/usr/local/Ascend/ascend-toolkit/latest/tools/aml/lib64/plugin:/usr/local/Ascend/ascend-toolkit/latest/lib64:/usr/local/Ascend/ascend-toolkit/latest/lib64/plugin/opskernel:/usr/local/Ascend/ascend-toolkit/latest/lib64/plugin/nnengine:/usr/local/Ascend/ascend-toolkit/latest/opp/built-in/op_impl/ai_core/tbe/op_tiling:/usr/local/Ascend/driver/lib64:/usr/local/Ascend/driver/lib64/common/:/usr/local/Ascend/driver/lib64/driver/:
++ LD_LIBRARY_PATH=/usr/local/Ascend/nnal/atb/latest/atb/cxx_abi_1/lib:/usr/local/Ascend/nnal/atb/latest/atb/cxx_abi_1/examples:/usr/local/Ascend/nnal/atb/latest/atb/cxx_abi_1/tests/atbopstest:/usr/local/Ascend/nnal/asdsip/latest//lib:/usr/local/Ascend/cann-8.5.0/lib64:/usr/local/Ascend/cann-8.5.0/lib64/plugin/opskernel:/usr/local/Ascend/cann-8.5.0/lib64/plugin/nnengine:/usr/local/Ascend/cann-8.5.0/opp/built-in/op_impl/ai_core/tbe/op_tiling/lib/linux/aarch64:/usr/local/Ascend/cann-8.5.0/tools/aml/lib64:/usr/local/Ascend/cann-8.5.0/tools/aml/lib64/plugin:/usr/local/Ascend/driver/lib64:/usr/local/Ascend/driver/lib64/common:/usr/local/Ascend/driver/lib64/driver:/usr/local/Ascend/nnal/atb/latest/atb/cxx_abi_1/lib:/usr/local/Ascend/nnal/atb/latest/atb/cxx_abi_1/examples:/usr/local/Ascend/nnal/atb/latest/atb/cxx_abi_1/tests/atbopstest:/usr/local/Ascend/driver/lib64:/usr/local/Ascend/driver/lib64/common:/usr/local/Ascend/driver/lib64/driver:/usr/local/Ascend/nnal/atb/latest/atb/cxx_abi_1/lib:/usr/local/Ascend/nnal/atb/latest/atb/cxx_abi_1/examples:/usr/local/Ascend/nnal/atb/latest/atb/cxx_abi_1/tests/atbopstest:/usr/local/Ascend/driver/lib64:/usr/local/Ascend/driver/lib64/common:/usr/local/Ascend/driver/lib64/driver:/usr/local/Ascend/nnal/atb/latest/atb/cxx_abi_1/lib:/usr/local/Ascend/nnal/atb/latest/atb/cxx_abi_1/examples:/usr/local/Ascend/nnal/atb/latest/atb/cxx_abi_1/tests/atbopstest:/usr/local/Ascend/driver/lib64:/usr/local/Ascend/driver/lib64/common:/usr/local/Ascend/driver/lib64/driver:/usr/local/Ascend/nnal/atb/latest/atb/cxx_abi_1/lib:/usr/local/Ascend/nnal/atb/latest/atb/cxx_abi_1/examples:/usr/local/Ascend/nnal/atb/latest/atb/cxx_abi_1/tests/atbopstest:/usr/local/Ascend/ascend-toolkit/latest/tools/aml/lib64:/usr/local/Ascend/ascend-toolkit/latest/tools/aml/lib64/plugin:/usr/local/Ascend/ascend-toolkit/latest/lib64:/usr/local/Ascend/ascend-toolkit/latest/lib64/plugin/opskernel:/usr/local/Ascend/ascend-toolkit/latest/lib64/plugin/nnengine:/usr/local/Ascend/ascend-toolkit/latest/opp/built-in/op_impl/ai_core/tbe/op_tiling:/usr/local/Ascend/driver/lib64:/usr/local/Ascend/driver/lib64/common/:/usr/local/Ascend/driver/lib64/driver/:
++ export PATH=/usr/local/Ascend/nnal/atb/latest/atb/cxx_abi_1/bin:/usr/local/Ascend/cann-8.5.0/bin:/usr/local/Ascend/cann-8.5.0/tools/ccec_compiler/bin:/usr/local/Ascend/cann-8.5.0/tools/profiler/bin:/usr/local/Ascend/cann-8.5.0/tools/ascend_system_advisor/asys:/usr/local/Ascend/cann-8.5.0/tools/show_kernel_debug_data:/usr/local/Ascend/cann-8.5.0/tools/msobjdump:/usr/local/Ascend/nnal/atb/latest/atb/cxx_abi_1/bin:/root/.vscode-server/data/User/globalStorage/github.copilot-chat/debugCommand:/root/.vscode-server/data/User/globalStorage/github.copilot-chat/copilotCli:/root/.vscode-server/bin/8761a5560cfd65fdd19ce7e2bd18dab5c0a4d84e/bin/remote-cli:/usr/local/Ascend/nnal/atb/latest/atb/cxx_abi_1/bin:/usr/local/Ascend/nnal/atb/latest/atb/cxx_abi_1/bin:/usr/local/Ascend/nnal/atb/latest/atb/cxx_abi_1/bin:/usr/local/Ascend/ascend-toolkit/latest/bin:/usr/local/Ascend/ascend-toolkit/latest/compiler/ccec_compiler/bin:/usr/local/Ascend/ascend-toolkit/latest/tools/ccec_compiler/bin:/usr/local/python3.11.14/bin:/usr/local/sbin:/usr/local/bin:/usr/sbin:/usr/bin:/sbin:/bin:/usr/local/go/bin:/root/bin:/usr/local/go/bin
++ PATH=/usr/local/Ascend/nnal/atb/latest/atb/cxx_abi_1/bin:/usr/local/Ascend/cann-8.5.0/bin:/usr/local/Ascend/cann-8.5.0/tools/ccec_compiler/bin:/usr/local/Ascend/cann-8.5.0/tools/profiler/bin:/usr/local/Ascend/cann-8.5.0/tools/ascend_system_advisor/asys:/usr/local/Ascend/cann-8.5.0/tools/show_kernel_debug_data:/usr/local/Ascend/cann-8.5.0/tools/msobjdump:/usr/local/Ascend/nnal/atb/latest/atb/cxx_abi_1/bin:/root/.vscode-server/data/User/globalStorage/github.copilot-chat/debugCommand:/root/.vscode-server/data/User/globalStorage/github.copilot-chat/copilotCli:/root/.vscode-server/bin/8761a5560cfd65fdd19ce7e2bd18dab5c0a4d84e/bin/remote-cli:/usr/local/Ascend/nnal/atb/latest/atb/cxx_abi_1/bin:/usr/local/Ascend/nnal/atb/latest/atb/cxx_abi_1/bin:/usr/local/Ascend/nnal/atb/latest/atb/cxx_abi_1/bin:/usr/local/Ascend/ascend-toolkit/latest/bin:/usr/local/Ascend/ascend-toolkit/latest/compiler/ccec_compiler/bin:/usr/local/Ascend/ascend-toolkit/latest/tools/ccec_compiler/bin:/usr/local/python3.11.14/bin:/usr/local/sbin:/usr/local/bin:/usr/sbin:/usr/bin:/sbin:/bin:/usr/local/go/bin:/root/bin:/usr/local/go/bin
++ export ATB_STREAM_SYNC_EVERY_KERNEL_ENABLE=0
++ ATB_STREAM_SYNC_EVERY_KERNEL_ENABLE=0
++ export ATB_STREAM_SYNC_EVERY_RUNNER_ENABLE=0
++ ATB_STREAM_SYNC_EVERY_RUNNER_ENABLE=0
++ export ATB_STREAM_SYNC_EVERY_OPERATION_ENABLE=0
++ ATB_STREAM_SYNC_EVERY_OPERATION_ENABLE=0
++ export ATB_OPSRUNNER_KERNEL_CACHE_LOCAL_COUNT=1
++ ATB_OPSRUNNER_KERNEL_CACHE_LOCAL_COUNT=1
++ export ATB_OPSRUNNER_KERNEL_CACHE_GLOABL_COUNT=5
++ ATB_OPSRUNNER_KERNEL_CACHE_GLOABL_COUNT=5
++ export ATB_WORKSPACE_MEM_ALLOC_ALG_TYPE=1
++ ATB_WORKSPACE_MEM_ALLOC_ALG_TYPE=1
++ export ATB_COMPARE_TILING_EVERY_KERNEL=0
++ ATB_COMPARE_TILING_EVERY_KERNEL=0
++ export ATB_SHARE_MEMORY_NAME_SUFFIX=
++ ATB_SHARE_MEMORY_NAME_SUFFIX=
++ export ATB_MATMUL_SHUFFLE_K_ENABLE=1
++ ATB_MATMUL_SHUFFLE_K_ENABLE=1
++ export LCCL_DETERMINISTIC=0
++ LCCL_DETERMINISTIC=0
++ export LCCL_PARALLEL=0
++ LCCL_PARALLEL=0
+ export HYDRA_FULL_ERROR=1
+ HYDRA_FULL_ERROR=1
+ export RAY_DEDUP_LOGS=0
+ RAY_DEDUP_LOGS=0
+ export ASCEND_GLOBAL_EVENT_ENABLE=0
+ ASCEND_GLOBAL_EVENT_ENABLE=0
+ export ASCEND_SLOG_PRINT_TO_STDOUT=0
+ ASCEND_SLOG_PRINT_TO_STDOUT=0
+ export ASCEND_GLOBAL_LOG_LEVEL=3
+ ASCEND_GLOBAL_LOG_LEVEL=3
+ export HCCL_IF_BASE_PORT=64021
+ HCCL_IF_BASE_PORT=64021
+ export CUDA_DEVICE_MAX_CONNECTIONS=1
+ CUDA_DEVICE_MAX_CONNECTIONS=1
+ export MASTER_PORT=23300
+ MASTER_PORT=23300
+ export D2D_DATA_TRANSFER=1
+ D2D_DATA_TRANSFER=1
+ export VLLM_USE_V1=1
+ VLLM_USE_V1=1
+ export PRINT_MEMORY=1
+ PRINT_MEMORY=1
+ export USE_ALLTOALL_OVERLAP=1
+ USE_ALLTOALL_OVERLAP=1
+ export HCCL_OP_EXPANSION_MODE=AIV
+ HCCL_OP_EXPANSION_MODE=AIV
+ export VLLM_LOGGING_LEVEL=INFO
+ VLLM_LOGGING_LEVEL=INFO
+ export VLLM_ENABLE_MC2=1
+ VLLM_ENABLE_MC2=1
+ export VLLM_DP_SIZE=16
+ VLLM_DP_SIZE=16
+ export HCCL_BUFFSIZE=800
+ HCCL_BUFFSIZE=800
+ export TASK_QUEUE_ENABLE=2
+ TASK_QUEUE_ENABLE=2
+ export VLLM_ENABLE_FIX_ROUTE=0
+ VLLM_ENABLE_FIX_ROUTE=0
+ export VLLM_MODEL_EXECUTE_TIME_OBSERVE=0
+ VLLM_MODEL_EXECUTE_TIME_OBSERVE=0
+ export VLLM_ENABLE_GRAPH_MODE=0
+ VLLM_ENABLE_GRAPH_MODE=0
+ export VLLM_ENABLE_EXPERT_PARALLEL=1
+ VLLM_ENABLE_EXPERT_PARALLEL=1
+ export VLLM_CHUNK_MOE_SIZE=512
+ VLLM_CHUNK_MOE_SIZE=512
+ export ALL_TO_ALL_RESHARD=1
+ ALL_TO_ALL_RESHARD=1
+ export USE_ALLTOALL_OVERLAP=1
+ USE_ALLTOALL_OVERLAP=1
+ export VLLM_ENABLE_EPLB=0
+ VLLM_ENABLE_EPLB=0
+ export USE_HDP=0
+ USE_HDP=0
+ export ROLLOUT_REBALANCE_ENABLE=0
+ ROLLOUT_REBALANCE_ENABLE=0
+ export HCCL_ASYNC_ERROR_HANDLING=0
+ HCCL_ASYNC_ERROR_HANDLING=0
+ export HCCL_EXEC_TIMEOUT=7200
+ HCCL_EXEC_TIMEOUT=7200
+ export HCCL_CONNECT_TIMEOUT=7200
+ HCCL_CONNECT_TIMEOUT=7200
+ export VLLM_ASCEND_LLM_PROFILE_ENABLE=0
+ VLLM_ASCEND_LLM_PROFILE_ENABLE=0
+ OUTPUT_ROOT=/workspace/cann-recipes-train/llm_rl/qwen3_shrink_aware
+ OUTPUT_SUBDIR=mode1_shrinkaware_optimized_rank_plan_floor4
+ OUTPUT_DIR=/workspace/cann-recipes-train/llm_rl/qwen3_shrink_aware/mode1_shrinkaware_optimized_rank_plan_floor4
+ ROLL_OUT_DIR=/workspace/cann-recipes-train/llm_rl/qwen3_shrink_aware/mode1_shrinkaware_optimized_rank_plan_floor4/rollout_data
+ ROLL_LEN_DIR=/workspace/cann-recipes-train/llm_rl/qwen3_shrink_aware/mode1_shrinkaware_optimized_rank_plan_floor4/rollout_length
+ DRAFT_DUMP_DIR=/workspace/cann-recipes-train/llm_rl/qwen3_shrink_aware/mode1_shrinkaware_optimized_rank_plan_floor4/draft_hidden
+ CKPT_DIR=/workspace/cann-recipes-train/llm_rl/qwen3_shrink_aware/mode1_shrinkaware_optimized_rank_plan_floor4/checkpoints/qwen3moe_for_eagle3
+ TB_DIR=/workspace/cann-recipes-train/llm_rl/qwen3_shrink_aware/mode1_shrinkaware_optimized_rank_plan_floor4/tensorboard
+ LOG_DIR=/workspace/cann-recipes-train/llm_rl/qwen3_shrink_aware/mode1_shrinkaware_optimized_rank_plan_floor4/logs
+ SAVE_CKPT_ENABLE=0
+ SAVE_DRAFT_HIDDEN_ENABLE=0
+ mkdir -p /workspace/cann-recipes-train/llm_rl/qwen3_shrink_aware/mode1_shrinkaware_optimized_rank_plan_floor4/rollout_data /workspace/cann-recipes-train/llm_rl/qwen3_shrink_aware/mode1_shrinkaware_optimized_rank_plan_floor4/rollout_length /workspace/cann-recipes-train/llm_rl/qwen3_shrink_aware/mode1_shrinkaware_optimized_rank_plan_floor4/tensorboard /workspace/cann-recipes-train/llm_rl/qwen3_shrink_aware/mode1_shrinkaware_optimized_rank_plan_floor4/logs
+ '[' 0 = 1 ']'
+ '[' 0 = 1 ']'
+ export VLLM_ASCEND_ENABLE_DRAFT_TRAIN=0
+ VLLM_ASCEND_ENABLE_DRAFT_TRAIN=0
+ export VLLM_ASCEND_DRAFT_DUMP_ENABLE=0
+ VLLM_ASCEND_DRAFT_DUMP_ENABLE=0
+ export VLLM_ASCEND_DRAFT_DUMP_DIR=/workspace/cann-recipes-train/llm_rl/qwen3_shrink_aware/mode1_shrinkaware_optimized_rank_plan_floor4/draft_hidden
+ VLLM_ASCEND_DRAFT_DUMP_DIR=/workspace/cann-recipes-train/llm_rl/qwen3_shrink_aware/mode1_shrinkaware_optimized_rank_plan_floor4/draft_hidden
+ export VLLM_ASCEND_DRAFT_DUMP_EVERY=1
+ VLLM_ASCEND_DRAFT_DUMP_EVERY=1
+ export VLLM_ASCEND_DRAFT_DUMP_HIDDEN_DTYPE=bf16
+ VLLM_ASCEND_DRAFT_DUMP_HIDDEN_DTYPE=bf16
+ export VLLM_ASCEND_DRAFT_QUEUE_SIZE=4096
+ VLLM_ASCEND_DRAFT_QUEUE_SIZE=4096
+ export TENSORBOARD_DIR=/workspace/cann-recipes-train/llm_rl/qwen3_shrink_aware/mode1_shrinkaware_optimized_rank_plan_floor4/tensorboard
+ TENSORBOARD_DIR=/workspace/cann-recipes-train/llm_rl/qwen3_shrink_aware/mode1_shrinkaware_optimized_rank_plan_floor4/tensorboard
+ export VLLM_EPOCH_LENGTH_REGROUP_ENABLE=0
+ VLLM_EPOCH_LENGTH_REGROUP_ENABLE=0
+ export VLLM_EPOCH_LENGTH_REGROUP_BUCKET_SIZE=1024
+ VLLM_EPOCH_LENGTH_REGROUP_BUCKET_SIZE=1024
+ export VLLM_EPOCH_LENGTH_REGROUP_EMA_DECAY=0.7
+ VLLM_EPOCH_LENGTH_REGROUP_EMA_DECAY=0.7
+ export VLLM_EPOCH_LENGTH_REGROUP_SHUFFLE_BLOCKS=1
+ VLLM_EPOCH_LENGTH_REGROUP_SHUFFLE_BLOCKS=1
+ export VLLM_ROLLOUT_EARLY_STOP_ENABLE=0
+ VLLM_ROLLOUT_EARLY_STOP_ENABLE=0
+ export VLLM_ROLLOUT_EARLY_STOP_FACTOR=2.0
+ VLLM_ROLLOUT_EARLY_STOP_FACTOR=2.0
+ export VLLM_ROLLOUT_EARLY_STOP_MIN_TOKENS=10000
+ VLLM_ROLLOUT_EARLY_STOP_MIN_TOKENS=10000
+ export VLLM_EAGER_BASELINE_NO_RESAMPLE=0
+ VLLM_EAGER_BASELINE_NO_RESAMPLE=0
+ '[' 0 = 1 ']'
+ '[' 0 = 1 ']'
+ SAMPLER_CLASS_PATH=null
+ SAMPLER_CLASS_NAME=null
+ SAMPLER_EXTRA_ARGS=
+ ROLLOUT_ENFORCE_EAGER=True
+ ACTOR_CKPT_SAVE_CONTENTS='[model]'
+ ACTOR_CKPT_LOAD_CONTENTS='[model]'
+ CRITIC_CKPT_SAVE_CONTENTS='[model]'
+ CRITIC_CKPT_LOAD_CONTENTS='[model]'
+ MAX_ACTOR_CKPT_TO_KEEP=3
+ MAX_CRITIC_CKPT_TO_KEEP=1
+ '[' 0 = 1 ']'
+ TRAINER_SAVE_FREQ=-1
+ TRAINER_DEFAULT_LOCAL_DIR=/workspace/cann-recipes-train/llm_rl/qwen3_shrink_aware/mode1_shrinkaware_optimized_rank_plan_floor4
++ pwd
+ HOME=/workspace/cann-recipes-train/llm_rl/qwen3_shrink_aware
+ MODEL_PATH=/data/Qwen3-30B-A3B
+ CONFIG_DIR=/workspace/cann-recipes-train/llm_rl/qwen3_shrink_aware/verl/trainer/config
+ DISTCP_PATH=/data/Qwen3-30B-A3B_megatron
+ TRAIN_FILE=/workspace/cann-recipes-train/llm_rl/qwen3_shrink_aware/mode1_shrinkaware_optimized_rank_plan_floor4/oracle/optimized_train.parquet
+ TEST_FILE=/data/deepscaler/test.parquet
++ date +%Y%m%d%H%M%S
+ time=20260620161202
+ logfile=/workspace/cann-recipes-train/llm_rl/qwen3_shrink_aware/mode1_shrinkaware_optimized_rank_plan_floor4/logs/wjqwen30b-a3b-record_graph_save4eagle3_20260620161202.txt
+ set -x
+ python3 -m verl.trainer.main_ppo --config-path=/workspace/cann-recipes-train/llm_rl/qwen3_shrink_aware/verl/trainer/config --config-name=ppo_megatron_trainer.yaml algorithm.adv_estimator=grpo data.train_files=/workspace/cann-recipes-train/llm_rl/qwen3_shrink_aware/mode1_shrinkaware_optimized_rank_plan_floor4/oracle/optimized_train.parquet data.val_files=/data/deepscaler/test.parquet data.train_batch_size=32 data.max_prompt_length=1024 data.max_response_length=16384 data.filter_overlong_prompts=True data.truncation=error data.shuffle=False data.dataloader_num_workers=0 data.sampler.class_path=null data.sampler.class_name=null +data.dataset_fraction=0.005 custom_reward_function.path=deepscaler.py custom_reward_function.name=compute_score actor_rollout_ref.model.path=/data/Qwen3-30B-A3B actor_rollout_ref.actor.optim.lr=1e-6 actor_rollout_ref.actor.optim.clip_grad=10000 actor_rollout_ref.actor.ppo_mini_batch_size=32 actor_rollout_ref.actor.ppo_micro_batch_size_per_gpu=1 actor_rollout_ref.actor.use_dynamic_bsz=True actor_rollout_ref.actor.ppo_max_token_len_per_gpu=20480 actor_rollout_ref.actor.megatron.sequence_parallel=True actor_rollout_ref.actor.megatron.expert_model_parallel_size=4 actor_rollout_ref.actor.megatron.tensor_model_parallel_size=4 actor_rollout_ref.actor.megatron.pipeline_model_parallel_size=4 actor_rollout_ref.actor.megatron.expert_tensor_parallel_size=1 actor_rollout_ref.actor.megatron.param_offload=True actor_rollout_ref.actor.megatron.grad_offload=True actor_rollout_ref.actor.megatron.optimizer_offload=False actor_rollout_ref.actor.megatron.use_dist_checkpointing=True actor_rollout_ref.actor.megatron.dist_checkpointing_path=/data/Qwen3-30B-A3B_megatron actor_rollout_ref.actor.use_kl_loss=True actor_rollout_ref.actor.kl_loss_coef=0.001 actor_rollout_ref.actor.kl_loss_type=low_var_kl actor_rollout_ref.actor.load_weight=True actor_rollout_ref.actor.megatron.override_transformer_config.recompute_granularity=full actor_rollout_ref.actor.megatron.override_transformer_config.recompute_method=block actor_rollout_ref.actor.megatron.override_transformer_config.recompute_num_layers=1 actor_rollout_ref.rollout.log_prob_micro_batch_size_per_gpu=4 actor_rollout_ref.rollout.log_prob_use_dynamic_bsz=True actor_rollout_ref.rollout.log_prob_max_token_len_per_gpu=20480 actor_rollout_ref.rollout.tensor_model_parallel_size=1 actor_rollout_ref.rollout.name=vllm actor_rollout_ref.rollout.gpu_memory_utilization=0.85 actor_rollout_ref.rollout.max_num_batched_tokens=1024 actor_rollout_ref.rollout.enforce_eager=True actor_rollout_ref.rollout.max_num_seqs=32 actor_rollout_ref.rollout.n=16 actor_rollout_ref.rollout.temperature=0.9 actor_rollout_ref.rollout.top_k=50 actor_rollout_ref.rollout.top_p=0.9 actor_rollout_ref.rollout.ignore_eos=False actor_rollout_ref.ref.log_prob_micro_batch_size_per_gpu=8 actor_rollout_ref.ref.megatron.param_offload=True actor_rollout_ref.ref.load_weight=True actor_rollout_ref.ref.megatron.use_dist_checkpointing=True actor_rollout_ref.ref.megatron.dist_checkpointing_path=/data/Qwen3-30B-A3B_megatron algorithm.kl_ctrl.kl_coef=0.001 trainer.balance_batch=False trainer.device=npu trainer.val_before_train=False trainer.critic_warmup=0 'trainer.logger=[console,tensorboard]' trainer.project_name=verl_grpo_example trainer.experiment_name=qwen3_30_verl_mindspeedllm_vllm trainer.n_gpus_per_node=16 trainer.nnodes=1 trainer.save_freq=-1 trainer.max_actor_ckpt_to_keep=3 trainer.max_critic_ckpt_to_keep=1 'actor_rollout_ref.actor.checkpoint.save_contents=[model]' 'actor_rollout_ref.actor.checkpoint.load_contents=[model]' 'critic.checkpoint.save_contents=[model]' 'critic.checkpoint.load_contents=[model]' +trainer.save_epoch_freq=0 trainer.default_local_dir=/workspace/cann-recipes-train/llm_rl/qwen3_shrink_aware/mode1_shrinkaware_optimized_rank_plan_floor4 trainer.test_freq=-1 trainer.total_epochs=3 +trainer.rollout_data_dir=/workspace/cann-recipes-train/llm_rl/qwen3_shrink_aware/mode1_shrinkaware_optimized_rank_plan_floor4/rollout_data +trainer.rollout_length_dir=/workspace/cann-recipes-train/llm_rl/qwen3_shrink_aware/mode1_shrinkaware_optimized_rank_plan_floor4/rollout_length +actor_rollout_ref.actor.megatron.override_transformer_config.use_flash_attn=True '+actor_rollout_ref.actor.megatron.override_transformer_config.pipeline_num_transformer_layers=[[11],[13],[13],[11]]' +actor_rollout_ref.actor.megatron.override_transformer_config.moe_token_dispatcher_type=alltoall +actor_rollout_ref.actor.megatron.override_transformer_config.moe_alltoall_overlap_comm=True +actor_rollout_ref.actor.megatron.override_transformer_config.use_fused_rotary_pos_emb=True +actor_rollout_ref.actor.megatron.override_transformer_config.use_fused_swiglu=True +actor_rollout_ref.actor.megatron.override_transformer_config.seq_length=2048 +actor_rollout_ref.actor.megatron.override_transformer_config.num_layers_in_first_pipeline_stage=11 +actor_rollout_ref.actor.megatron.override_transformer_config.num_layers_in_last_pipeline_stage=11 +actor_rollout_ref.actor.megatron.override_transformer_config.swap_optimizer=True data.train_files=/workspace/cann-recipes-train/llm_rl/qwen3_shrink_aware/mode1_shrinkaware_optimized_rank_plan_floor4/oracle/optimized_train.parquet data.val_files=/data/deepscaler/test.parquet data.train_batch_size=32 data.max_prompt_length=1024 data.max_response_length=16384 data.shuffle=False data.dataset_fraction=1.0 actor_rollout_ref.model.path=/data/Qwen3-30B-A3B actor_rollout_ref.actor.megatron.dist_checkpointing_path=/data/Qwen3-30B-A3B_megatron actor_rollout_ref.ref.megatron.dist_checkpointing_path=/data/Qwen3-30B-A3B_megatron actor_rollout_ref.rollout.max_num_batched_tokens=17408 actor_rollout_ref.rollout.max_num_seqs=32 actor_rollout_ref.rollout.n=16 actor_rollout_ref.rollout.gpu_memory_utilization=0.9 actor_rollout_ref.rollout.shrink_aware.enable_shrink_aware_scheduling=true actor_rollout_ref.rollout.shrink_aware.shrink_aware_mode=staged 'actor_rollout_ref.rollout.shrink_aware.shrink_stages=[8,4]' actor_rollout_ref.rollout.shrink_aware.survivor_selection_policy=manual 'actor_rollout_ref.rollout.shrink_aware.intermediate_survivor_ranks=[8,9,10,11,12,13,14,15]' 'actor_rollout_ref.rollout.shrink_aware.final_survivor_ranks=[12,13,14,15]' actor_rollout_ref.rollout.shrink_aware.length_prediction_source=oracle_trace actor_rollout_ref.rollout.shrink_aware.oracle_trace_path=/workspace/cann-recipes-train/llm_rl/qwen3_shrink_aware/mode1_shrinkaware_optimized_rank_plan_floor4/oracle/optimized_length_oracle.json actor_rollout_ref.rollout.shrink_aware.assignment_policy=optimized_rank_plan actor_rollout_ref.rollout.shrink_aware.optimized_rank_plan_path=/workspace/cann-recipes-train/llm_rl/qwen3_shrink_aware/mode1_shrinkaware_optimized_rank_plan_floor4/oracle/optimized_rank_plan.json actor_rollout_ref.rollout.shrink_aware.enable_shrink_aware_logging=false trainer.total_epochs=1
/workspace/cann-recipes-train/llm_rl/qwen3_shrink_aware/megatron/core/optimizer/__init__.py:18: UserWarning: Transformer Engine and Apex are not installed. Falling back to Torch optimizers.
  warnings.warn(
/workspace/cann-recipes-train/llm_rl/qwen3_shrink_aware/megatron/core/optimizer/optimizer.py:28: UserWarning: Transformer Engine and Apex are not installed. Falling back to local implementations of multi_tensor_applier and multi_tensor_scale
  warnings.warn(
/workspace/cann-recipes-train/llm_rl/qwen3_shrink_aware/megatron/core/optimizer/clip_grads.py:29: UserWarning: Transformer Engine and Apex are not installed. Falling back to local implementations of multi_tensor_applier, multi_tensor_l2norm, and multi_tensor_scale
  warnings.warn(
/workspace/cann-recipes-train/llm_rl/qwen3_shrink_aware/megatron/core/transformer/multi_token_prediction.py:60: UserWarning: Apex is not installed. Falling back to Torch Norm
  warnings.warn('Apex is not installed. Falling back to Torch Norm')
/workspace/cann-recipes-train/llm_rl/qwen3_shrink_aware/megatron/core/models/gpt/gpt_layer_specs.py:65: UserWarning: Apex is not installed. Falling back to Torch Norm
  warnings.warn('Apex is not installed. Falling back to Torch Norm')
/usr/local/python3.11.14/lib/python3.11/site-packages/torch_npu/contrib/transfer_to_npu.py:347: ImportWarning: 
    *************************************************************************************************************
    The torch.Tensor.cuda and torch.nn.Module.cuda are replaced with torch.Tensor.npu and torch.nn.Module.npu now..
    The torch.cuda.DoubleTensor is replaced with torch.npu.FloatTensor cause the double type is not supported now..
    The backend in torch.distributed.init_process_group set to hccl now..
    The torch.cuda.* and torch.cuda.amp.* are replaced with torch.npu.* and torch.npu.amp.* now..
    The device parameters have been replaced with npu in the function below:
    torch.logspace, torch.randint, torch.hann_window, torch.rand, torch.full_like, torch.ones_like, torch.rand_like, torch.randperm, torch.arange, torch.frombuffer, torch.normal, torch._empty_per_channel_affine_quantized, torch.empty_strided, torch.empty_like, torch.scalar_tensor, torch.tril_indices, torch.bartlett_window, torch.ones, torch.sparse_coo_tensor, torch.randn, torch.kaiser_window, torch.tensor, torch.triu_indices, torch.as_tensor, torch.zeros, torch.randint_like, torch.full, torch.eye, torch._sparse_csr_tensor_unsafe, torch.empty, torch._sparse_coo_tensor_unsafe, torch.blackman_window, torch.zeros_like, torch.range, torch.sparse_csr_tensor, torch.randn_like, torch.from_file, torch._cudnn_init_dropout_state, torch._empty_affine_quantized, torch.linspace, torch.hamming_window, torch.empty_quantized, torch._pin_memory, torch.load, torch.set_default_device, torch.get_device_module, torch.sparse_compressed_tensor, torch.Tensor.new_empty, torch.Tensor.new_empty_strided, torch.Tensor.new_full, torch.Tensor.new_ones, torch.Tensor.new_tensor, torch.Tensor.new_zeros, torch.Tensor.to, torch.Tensor.pin_memory, torch.nn.Module.to, torch.nn.Module.to_empty
    *************************************************************************************************************
    
  warnings.warn(msg, ImportWarning)
/usr/local/python3.11.14/lib/python3.11/site-packages/torch_npu/contrib/transfer_to_npu.py:276: RuntimeWarning: torch.jit.script and torch.jit.script_method will be disabled by transfer_to_npu, which currently does not support them, if you need to enable them, please do not use transfer_to_npu.
  warnings.warn(msg, RuntimeWarning)
/usr/local/python3.11.14/lib/python3.11/site-packages/ray/_private/node.py:1209: ResourceWarning: unclosed file <_io.TextIOWrapper name='/dev/null' mode='w' encoding='UTF-8'>
  process_info = ray._private.services.start_gcs_server(
/usr/local/python3.11.14/lib/python3.11/site-packages/ray/_private/node.py:1273: ResourceWarning: unclosed file <_io.TextIOWrapper name='/dev/null' mode='w' encoding='UTF-8'>
  process_info = ray._private.services.start_raylet(
2026-06-20 16:12:13,349	INFO worker.py:1927 -- Started a local Ray instance.
[36m(pid=4027924)[0m /workspace/cann-recipes-train/llm_rl/qwen3_shrink_aware/megatron/core/optimizer/__init__.py:18: UserWarning: Transformer Engine and Apex are not installed. Falling back to Torch optimizers.
[36m(pid=4027924)[0m   warnings.warn(
[36m(pid=4027924)[0m /workspace/cann-recipes-train/llm_rl/qwen3_shrink_aware/megatron/core/optimizer/optimizer.py:28: UserWarning: Transformer Engine and Apex are not installed. Falling back to local implementations of multi_tensor_applier and multi_tensor_scale
[36m(pid=4027924)[0m   warnings.warn(
[36m(pid=4027924)[0m /workspace/cann-recipes-train/llm_rl/qwen3_shrink_aware/megatron/core/optimizer/clip_grads.py:29: UserWarning: Transformer Engine and Apex are not installed. Falling back to local implementations of multi_tensor_applier, multi_tensor_l2norm, and multi_tensor_scale
[36m(pid=4027924)[0m   warnings.warn(
[36m(pid=4027924)[0m /workspace/cann-recipes-train/llm_rl/qwen3_shrink_aware/megatron/core/transformer/multi_token_prediction.py:60: UserWarning: Apex is not installed. Falling back to Torch Norm
[36m(pid=4027924)[0m   warnings.warn('Apex is not installed. Falling back to Torch Norm')
[36m(pid=4027924)[0m /workspace/cann-recipes-train/llm_rl/qwen3_shrink_aware/megatron/core/models/gpt/gpt_layer_specs.py:65: UserWarning: Apex is not installed. Falling back to Torch Norm
[36m(pid=4027924)[0m   warnings.warn('Apex is not installed. Falling back to Torch Norm')
[36m(pid=4027924)[0m /usr/local/python3.11.14/lib/python3.11/site-packages/torch_npu/contrib/transfer_to_npu.py:347: ImportWarning: 
[36m(pid=4027924)[0m     *************************************************************************************************************
[36m(pid=4027924)[0m     The torch.Tensor.cuda and torch.nn.Module.cuda are replaced with torch.Tensor.npu and torch.nn.Module.npu now..
[36m(pid=4027924)[0m     The torch.cuda.DoubleTensor is replaced with torch.npu.FloatTensor cause the double type is not supported now..
[36m(pid=4027924)[0m     The backend in torch.distributed.init_process_group set to hccl now..
[36m(pid=4027924)[0m     The torch.cuda.* and torch.cuda.amp.* are replaced with torch.npu.* and torch.npu.amp.* now..
[36m(pid=4027924)[0m     The device parameters have been replaced with npu in the function below:
[36m(pid=4027924)[0m     torch.logspace, torch.randint, torch.hann_window, torch.rand, torch.full_like, torch.ones_like, torch.rand_like, torch.randperm, torch.arange, torch.frombuffer, torch.normal, torch._empty_per_channel_affine_quantized, torch.empty_strided, torch.empty_like, torch.scalar_tensor, torch.tril_indices, torch.bartlett_window, torch.ones, torch.sparse_coo_tensor, torch.randn, torch.kaiser_window, torch.tensor, torch.triu_indices, torch.as_tensor, torch.zeros, torch.randint_like, torch.full, torch.eye, torch._sparse_csr_tensor_unsafe, torch.empty, torch._sparse_coo_tensor_unsafe, torch.blackman_window, torch.zeros_like, torch.range, torch.sparse_csr_tensor, torch.randn_like, torch.from_file, torch._cudnn_init_dropout_state, torch._empty_affine_quantized, torch.linspace, torch.hamming_window, torch.empty_quantized, torch._pin_memory, torch.load, torch.set_default_device, torch.get_device_module, torch.sparse_compressed_tensor, torch.Tensor.new_empty, torch.Tensor.new_empty_strided, torch.Tensor.new_full, torch.Tensor.new_ones, torch.Tensor.new_tensor, torch.Tensor.new_zeros, torch.Tensor.to, torch.Tensor.pin_memory, torch.nn.Module.to, torch.nn.Module.to_empty
[36m(pid=4027924)[0m     *************************************************************************************************************
[36m(pid=4027924)[0m     
[36m(pid=4027924)[0m   warnings.warn(msg, ImportWarning)
[36m(pid=4027924)[0m /usr/local/python3.11.14/lib/python3.11/site-packages/torch_npu/contrib/transfer_to_npu.py:276: RuntimeWarning: torch.jit.script and torch.jit.script_method will be disabled by transfer_to_npu, which currently does not support them, if you need to enable them, please do not use transfer_to_npu.
[36m(pid=4027924)[0m   warnings.warn(msg, RuntimeWarning)
[36m(TaskRunner pid=4027924)[0m /workspace/cann-recipes-train/llm_rl/qwen3_shrink_aware/verl/trainer/main_ppo.py:306: UserWarning: Disabled critic as algorithm.adv_estimator != gae. If it is not intended, please set critic.enable=True
[36m(TaskRunner pid=4027924)[0m   use_critic=need_critic(config),
[36m(TaskRunner pid=4027924)[0m /workspace/cann-recipes-train/llm_rl/qwen3_shrink_aware/verl/utils/profiler/config.py:49: UserWarning: Torch profiler tool config is not fully supported now.
[36m(TaskRunner pid=4027924)[0m   warnings.warn("Torch profiler tool config is not fully supported now.", stacklevel=1)
[36m(TaskRunner pid=4027924)[0m Generating train split: 0 examples [00:00, ? examples/s]Generating train split: 160 examples [00:00, 4217.98 examples/s]
[36m(TaskRunner pid=4027924)[0m Setting TOKENIZERS_PARALLELISM=false for forked processes.
[36m(TaskRunner pid=4027924)[0m Filtering prompts longer than 1024 tokens (num_proc=1):   0%|          | 0/160 [00:00<?, ? examples/s]
[36m(TaskRunner pid=4027924)[0m Filtering prompts longer than 1024 tokens (num_proc=1): 100%|██████████| 160/160 [00:00<00:00, 269.32 examples/s]
[36m(TaskRunner pid=4027924)[0m Filtering prompts longer than 1024 tokens (num_proc=1): 100%|██████████| 160/160 [00:00<00:00, 219.56 examples/s]
[36m(TaskRunner pid=4027924)[0m Setting TOKENIZERS_PARALLELISM=false for forked processes.
[36m(TaskRunner pid=4027924)[0m Filtering prompts longer than 1024 tokens (num_proc=1):   0%|          | 0/4032 [00:00<?, ? examples/s]
[36m(TaskRunner pid=4027924)[0m Filtering prompts longer than 1024 tokens (num_proc=1):  25%|██▍       | 1000/4032 [00:00<00:02, 1294.19 examples/s]
[36m(TaskRunner pid=4027924)[0m Filtering prompts longer than 1024 tokens (num_proc=1):  50%|████▉     | 2000/4032 [00:01<00:00, 2204.10 examples/s]
[36m(TaskRunner pid=4027924)[0m Filtering prompts longer than 1024 tokens (num_proc=1):  74%|███████▍  | 3000/4032 [00:01<00:00, 2785.59 examples/s]
[36m(TaskRunner pid=4027924)[0m Filtering prompts longer than 1024 tokens (num_proc=1):  99%|█████████▉| 4000/4032 [00:01<00:00, 3154.24 examples/s]
[36m(TaskRunner pid=4027924)[0m Filtering prompts longer than 1024 tokens (num_proc=1): 100%|██████████| 4032/4032 [00:01<00:00, 2486.88 examples/s]
[36m(TaskRunner pid=4027924)[0m /workspace/cann-recipes-train/llm_rl/qwen3_shrink_aware/verl/trainer/ppo/ray_trainer.py:365: UserWarning: Disabled critic as algorithm.adv_estimator != gae. If it is not intended, please set critic.enable=True
[36m(TaskRunner pid=4027924)[0m   self.use_critic = need_critic(self.config)
[36m(pid=4031194)[0m /usr/local/python3.11.14/lib/python3.11/site-packages/torch_npu/contrib/transfer_to_npu.py:345: ImportWarning: 
[36m(pid=4031194)[0m     *************************************************************************************************************
[36m(pid=4031194)[0m     The torch.Tensor.cuda and torch.nn.Module.cuda are replaced with torch.Tensor.npu and torch.nn.Module.npu now..
[36m(pid=4031194)[0m     The torch.cuda.DoubleTensor is replaced with torch.npu.FloatTensor cause the double type is not supported now..
[36m(pid=4031194)[0m     The backend in torch.distributed.init_process_group set to hccl now..
[36m(pid=4031194)[0m     The torch.cuda.* and torch.cuda.amp.* are replaced with torch.npu.* and torch.npu.amp.* now..
[36m(pid=4031194)[0m     The device parameters have been replaced with npu in the function below:
[36m(pid=4031194)[0m     torch.logspace, torch.randint, torch.hann_window, torch.rand, torch.full_like, torch.ones_like, torch.rand_like, torch.randperm, torch.arange, torch.frombuffer, torch.normal, torch._empty_per_channel_affine_quantized, torch.empty_strided, torch.empty_like, torch.scalar_tensor, torch.tril_indices, torch.bartlett_window, torch.ones, torch.sparse_coo_tensor, torch.randn, torch.kaiser_window, torch.tensor, torch.triu_indices, torch.as_tensor, torch.zeros, torch.randint_like, torch.full, torch.eye, torch._sparse_csr_tensor_unsafe, torch.empty, torch._sparse_coo_tensor_unsafe, torch.blackman_window, torch.zeros_like, torch.range, torch.sparse_csr_tensor, torch.randn_like, torch.from_file, torch._cudnn_init_dropout_state, torch._empty_affine_quantized, torch.linspace, torch.hamming_window, torch.empty_quantized, torch._pin_memory, torch.load, torch.set_default_device, torch.get_device_module, torch.sparse_compressed_tensor, torch.Tensor.new_empty, torch.Tensor.new_empty_strided, torch.Tensor.new_full, torch.Tensor.new_ones, torch.Tensor.new_tensor, torch.Tensor.new_zeros, torch.Tensor.to, torch.Tensor.pin_memory, torch.nn.Module.to, torch.nn.Module.to_empty
[36m(pid=4031194)[0m     *************************************************************************************************************
[36m(pid=4031194)[0m     
[36m(pid=4031194)[0m   warnings.warn(msg, ImportWarning)
[36m(pid=4031194)[0m /usr/local/python3.11.14/lib/python3.11/site-packages/torch_npu/contrib/transfer_to_npu.py:276: RuntimeWarning: torch.jit.script and torch.jit.script_method will be disabled by transfer_to_npu, which currently does not support them, if you need to enable them, please do not use transfer_to_npu.
[36m(pid=4031194)[0m   warnings.warn(msg, RuntimeWarning)
[36m(pid=4031194)[0m /usr/local/python3.11.14/lib/python3.11/site-packages/torch_npu/dynamo/torchair/__init__.py:8: DeprecationWarning: pkg_resources is deprecated as an API. See https://setuptools.pypa.io/en/latest/pkg_resources.html
[36m(pid=4031194)[0m   import pkg_resources
[36m(pid=4031196)[0m /usr/local/python3.11.14/lib/python3.11/site-packages/ray/util/state/util.py:54: DeprecationWarning: Ray state API is no longer experimental. Please import from `ray.util.state`. instead. Importing from `ray.experimental` will be deprecated in future releases. 
[36m(pid=4031196)[0m   warnings.warn(
[36m(pid=4031194)[0m /usr/local/python3.11.14/lib/python3.11/site-packages/ray/util/state/util.py:54: DeprecationWarning: Ray state API is no longer experimental. Please import from `ray.util.state`. instead. Importing from `ray.experimental` will be deprecated in future releases. 
[36m(pid=4031194)[0m   warnings.warn(
[36m(pid=4031195)[0m /usr/local/python3.11.14/lib/python3.11/site-packages/ray/util/state/util.py:54: DeprecationWarning: Ray state API is no longer experimental. Please import from `ray.util.state`. instead. Importing from `ray.experimental` will be deprecated in future releases. 
[36m(pid=4031195)[0m   warnings.warn(
[36m(pid=4031200)[0m /usr/local/python3.11.14/lib/python3.11/site-packages/ray/util/state/util.py:54: DeprecationWarning: Ray state API is no longer experimental. Please import from `ray.util.state`. instead. Importing from `ray.experimental` will be deprecated in future releases. 
[36m(pid=4031200)[0m   warnings.warn(
[36m(pid=4031198)[0m /usr/local/python3.11.14/lib/python3.11/site-packages/ray/util/state/util.py:54: DeprecationWarning: Ray state API is no longer experimental. Please import from `ray.util.state`. instead. Importing from `ray.experimental` will be deprecated in future releases. 
[36m(pid=4031198)[0m   warnings.warn(
[36m(pid=4031199)[0m /usr/local/python3.11.14/lib/python3.11/site-packages/ray/util/state/util.py:54: DeprecationWarning: Ray state API is no longer experimental. Please import from `ray.util.state`. instead. Importing from `ray.experimental` will be deprecated in future releases. 
[36m(pid=4031199)[0m   warnings.warn(
[36m(pid=4031213)[0m /usr/local/python3.11.14/lib/python3.11/site-packages/ray/util/state/util.py:54: DeprecationWarning: Ray state API is no longer experimental. Please import from `ray.util.state`. instead. Importing from `ray.experimental` will be deprecated in future releases. 
[36m(pid=4031213)[0m   warnings.warn(
[36m(pid=4031210)[0m /usr/local/python3.11.14/lib/python3.11/site-packages/ray/util/state/util.py:54: DeprecationWarning: Ray state API is no longer experimental. Please import from `ray.util.state`. instead. Importing from `ray.experimental` will be deprecated in future releases. 
[36m(pid=4031210)[0m   warnings.warn(
[36m(pid=4031211)[0m /usr/local/python3.11.14/lib/python3.11/site-packages/ray/util/state/util.py:54: DeprecationWarning: Ray state API is no longer experimental. Please import from `ray.util.state`. instead. Importing from `ray.experimental` will be deprecated in future releases. 
[36m(pid=4031211)[0m   warnings.warn(
[36m(pid=4031201)[0m /usr/local/python3.11.14/lib/python3.11/site-packages/ray/util/state/util.py:54: DeprecationWarning: Ray state API is no longer experimental. Please import from `ray.util.state`. instead. Importing from `ray.experimental` will be deprecated in future releases. 
[36m(pid=4031201)[0m   warnings.warn(
[36m(pid=4031202)[0m /usr/local/python3.11.14/lib/python3.11/site-packages/ray/util/state/util.py:54: DeprecationWarning: Ray state API is no longer experimental. Please import from `ray.util.state`. instead. Importing from `ray.experimental` will be deprecated in future releases. 
[36m(pid=4031202)[0m   warnings.warn(
[36m(pid=4031197)[0m /usr/local/python3.11.14/lib/python3.11/site-packages/ray/util/state/util.py:54: DeprecationWarning: Ray state API is no longer experimental. Please import from `ray.util.state`. instead. Importing from `ray.experimental` will be deprecated in future releases. 
[36m(pid=4031197)[0m   warnings.warn(
[36m(pid=4031203)[0m /usr/local/python3.11.14/lib/python3.11/site-packages/ray/util/state/util.py:54: DeprecationWarning: Ray state API is no longer experimental. Please import from `ray.util.state`. instead. Importing from `ray.experimental` will be deprecated in future releases. 
[36m(pid=4031203)[0m   warnings.warn(
[36m(pid=4031212)[0m /usr/local/python3.11.14/lib/python3.11/site-packages/ray/util/state/util.py:54: DeprecationWarning: Ray state API is no longer experimental. Please import from `ray.util.state`. instead. Importing from `ray.experimental` will be deprecated in future releases. 
[36m(pid=4031212)[0m   warnings.warn(
[36m(pid=4031205)[0m /usr/local/python3.11.14/lib/python3.11/site-packages/ray/util/state/util.py:54: DeprecationWarning: Ray state API is no longer experimental. Please import from `ray.util.state`. instead. Importing from `ray.experimental` will be deprecated in future releases. 
[36m(pid=4031205)[0m   warnings.warn(
[36m(pid=4031204)[0m /usr/local/python3.11.14/lib/python3.11/site-packages/ray/util/state/util.py:54: DeprecationWarning: Ray state API is no longer experimental. Please import from `ray.util.state`. instead. Importing from `ray.experimental` will be deprecated in future releases. 
[36m(pid=4031204)[0m   warnings.warn(
[36m(WorkerDict pid=4031196)[0m /workspace/cann-recipes-train/llm_rl/qwen3_shrink_aware/verl/models/mcore/config_converter.py:281: UserWarning: The following keys are not supported in the current Megatron version and will be removed: ['use_flash_attn', 'pipeline_num_transformer_layers', 'moe_alltoall_overlap_comm', 'use_fused_rotary_pos_emb', 'use_fused_swiglu', 'seq_length', 'swap_optimizer']
[36m(WorkerDict pid=4031196)[0m   return check_and_construct_configs(args, TransformerConfig)
[36m(WorkerDict pid=4031196)[0m /workspace/cann-recipes-train/llm_rl/qwen3_shrink_aware/megatron/core/transformer/transformer_config.py:1065: UserWarning: Using a large number of experts (e.g. >=32) without fp32 routing. Consider enabling moe_router_dtype for better numerical stability.
[36m(WorkerDict pid=4031196)[0m   warnings.warn(
[36m(WorkerDict pid=4031213)[0m /workspace/cann-recipes-train/llm_rl/qwen3_shrink_aware/verl/models/mcore/config_converter.py:281: UserWarning: The following keys are not supported in the current Megatron version and will be removed: ['use_flash_attn', 'pipeline_num_transformer_layers', 'moe_alltoall_overlap_comm', 'use_fused_rotary_pos_emb', 'use_fused_swiglu', 'seq_length', 'swap_optimizer']
[36m(WorkerDict pid=4031213)[0m   return check_and_construct_configs(args, TransformerConfig)
[36m(WorkerDict pid=4031213)[0m /workspace/cann-recipes-train/llm_rl/qwen3_shrink_aware/megatron/core/transformer/transformer_config.py:1065: UserWarning: Using a large number of experts (e.g. >=32) without fp32 routing. Consider enabling moe_router_dtype for better numerical stability.
[36m(WorkerDict pid=4031213)[0m   warnings.warn(
[36m(WorkerDict pid=4031200)[0m /workspace/cann-recipes-train/llm_rl/qwen3_shrink_aware/verl/models/mcore/config_converter.py:281: UserWarning: The following keys are not supported in the current Megatron version and will be removed: ['use_flash_attn', 'pipeline_num_transformer_layers', 'moe_alltoall_overlap_comm', 'use_fused_rotary_pos_emb', 'use_fused_swiglu', 'seq_length', 'swap_optimizer']
[36m(WorkerDict pid=4031200)[0m   return check_and_construct_configs(args, TransformerConfig)
[36m(WorkerDict pid=4031200)[0m /workspace/cann-recipes-train/llm_rl/qwen3_shrink_aware/megatron/core/transformer/transformer_config.py:1065: UserWarning: Using a large number of experts (e.g. >=32) without fp32 routing. Consider enabling moe_router_dtype for better numerical stability.
[36m(WorkerDict pid=4031200)[0m   warnings.warn(
[36m(WorkerDict pid=4031198)[0m /workspace/cann-recipes-train/llm_rl/qwen3_shrink_aware/verl/models/mcore/config_converter.py:281: UserWarning: The following keys are not supported in the current Megatron version and will be removed: ['use_flash_attn', 'pipeline_num_transformer_layers', 'moe_alltoall_overlap_comm', 'use_fused_rotary_pos_emb', 'use_fused_swiglu', 'seq_length', 'swap_optimizer']
[36m(WorkerDict pid=4031198)[0m   return check_and_construct_configs(args, TransformerConfig)
[36m(WorkerDict pid=4031198)[0m /workspace/cann-recipes-train/llm_rl/qwen3_shrink_aware/megatron/core/transformer/transformer_config.py:1065: UserWarning: Using a large number of experts (e.g. >=32) without fp32 routing. Consider enabling moe_router_dtype for better numerical stability.
[36m(WorkerDict pid=4031198)[0m   warnings.warn(
[36m(WorkerDict pid=4031210)[0m /workspace/cann-recipes-train/llm_rl/qwen3_shrink_aware/verl/models/mcore/config_converter.py:281: UserWarning: The following keys are not supported in the current Megatron version and will be removed: ['use_flash_attn', 'pipeline_num_transformer_layers', 'moe_alltoall_overlap_comm', 'use_fused_rotary_pos_emb', 'use_fused_swiglu', 'seq_length', 'swap_optimizer']
[36m(WorkerDict pid=4031210)[0m   return check_and_construct_configs(args, TransformerConfig)
[36m(WorkerDict pid=4031210)[0m /workspace/cann-recipes-train/llm_rl/qwen3_shrink_aware/megatron/core/transformer/transformer_config.py:1065: UserWarning: Using a large number of experts (e.g. >=32) without fp32 routing. Consider enabling moe_router_dtype for better numerical stability.
[36m(WorkerDict pid=4031210)[0m   warnings.warn(
[36m(WorkerDict pid=4031211)[0m /workspace/cann-recipes-train/llm_rl/qwen3_shrink_aware/verl/models/mcore/config_converter.py:281: UserWarning: The following keys are not supported in the current Megatron version and will be removed: ['use_flash_attn', 'pipeline_num_transformer_layers', 'moe_alltoall_overlap_comm', 'use_fused_rotary_pos_emb', 'use_fused_swiglu', 'seq_length', 'swap_optimizer']
[36m(WorkerDict pid=4031211)[0m   return check_and_construct_configs(args, TransformerConfig)
[36m(WorkerDict pid=4031211)[0m /workspace/cann-recipes-train/llm_rl/qwen3_shrink_aware/megatron/core/transformer/transformer_config.py:1065: UserWarning: Using a large number of experts (e.g. >=32) without fp32 routing. Consider enabling moe_router_dtype for better numerical stability.
[36m(WorkerDict pid=4031211)[0m   warnings.warn(
[36m(WorkerDict pid=4031195)[0m /workspace/cann-recipes-train/llm_rl/qwen3_shrink_aware/verl/models/mcore/config_converter.py:281: UserWarning: The following keys are not supported in the current Megatron version and will be removed: ['use_flash_attn', 'pipeline_num_transformer_layers', 'moe_alltoall_overlap_comm', 'use_fused_rotary_pos_emb', 'use_fused_swiglu', 'seq_length', 'swap_optimizer']
[36m(WorkerDict pid=4031195)[0m   return check_and_construct_configs(args, TransformerConfig)
[36m(WorkerDict pid=4031195)[0m /workspace/cann-recipes-train/llm_rl/qwen3_shrink_aware/megatron/core/transformer/transformer_config.py:1065: UserWarning: Using a large number of experts (e.g. >=32) without fp32 routing. Consider enabling moe_router_dtype for better numerical stability.
[36m(WorkerDict pid=4031195)[0m   warnings.warn(
[36m(WorkerDict pid=4031199)[0m /workspace/cann-recipes-train/llm_rl/qwen3_shrink_aware/verl/models/mcore/config_converter.py:281: UserWarning: The following keys are not supported in the current Megatron version and will be removed: ['use_flash_attn', 'pipeline_num_transformer_layers', 'moe_alltoall_overlap_comm', 'use_fused_rotary_pos_emb', 'use_fused_swiglu', 'seq_length', 'swap_optimizer']
[36m(WorkerDict pid=4031199)[0m   return check_and_construct_configs(args, TransformerConfig)
[36m(WorkerDict pid=4031199)[0m /workspace/cann-recipes-train/llm_rl/qwen3_shrink_aware/megatron/core/transformer/transformer_config.py:1065: UserWarning: Using a large number of experts (e.g. >=32) without fp32 routing. Consider enabling moe_router_dtype for better numerical stability.
[36m(WorkerDict pid=4031199)[0m   warnings.warn(
[36m(WorkerDict pid=4031202)[0m /workspace/cann-recipes-train/llm_rl/qwen3_shrink_aware/verl/models/mcore/config_converter.py:281: UserWarning: The following keys are not supported in the current Megatron version and will be removed: ['use_flash_attn', 'pipeline_num_transformer_layers', 'moe_alltoall_overlap_comm', 'use_fused_rotary_pos_emb', 'use_fused_swiglu', 'seq_length', 'swap_optimizer']
[36m(WorkerDict pid=4031202)[0m   return check_and_construct_configs(args, TransformerConfig)
[36m(WorkerDict pid=4031202)[0m /workspace/cann-recipes-train/llm_rl/qwen3_shrink_aware/megatron/core/transformer/transformer_config.py:1065: UserWarning: Using a large number of experts (e.g. >=32) without fp32 routing. Consider enabling moe_router_dtype for better numerical stability.
[36m(WorkerDict pid=4031202)[0m   warnings.warn(
[36m(WorkerDict pid=4031201)[0m /workspace/cann-recipes-train/llm_rl/qwen3_shrink_aware/verl/models/mcore/config_converter.py:281: UserWarning: The following keys are not supported in the current Megatron version and will be removed: ['use_flash_attn', 'pipeline_num_transformer_layers', 'moe_alltoall_overlap_comm', 'use_fused_rotary_pos_emb', 'use_fused_swiglu', 'seq_length', 'swap_optimizer']
[36m(WorkerDict pid=4031201)[0m   return check_and_construct_configs(args, TransformerConfig)
[36m(WorkerDict pid=4031201)[0m /workspace/cann-recipes-train/llm_rl/qwen3_shrink_aware/megatron/core/transformer/transformer_config.py:1065: UserWarning: Using a large number of experts (e.g. >=32) without fp32 routing. Consider enabling moe_router_dtype for better numerical stability.
[36m(WorkerDict pid=4031201)[0m   warnings.warn(
[36m(WorkerDict pid=4031203)[0m /workspace/cann-recipes-train/llm_rl/qwen3_shrink_aware/verl/models/mcore/config_converter.py:281: UserWarning: The following keys are not supported in the current Megatron version and will be removed: ['use_flash_attn', 'pipeline_num_transformer_layers', 'moe_alltoall_overlap_comm', 'use_fused_rotary_pos_emb', 'use_fused_swiglu', 'seq_length', 'swap_optimizer']
[36m(WorkerDict pid=4031203)[0m   return check_and_construct_configs(args, TransformerConfig)
[36m(WorkerDict pid=4031203)[0m /workspace/cann-recipes-train/llm_rl/qwen3_shrink_aware/megatron/core/transformer/transformer_config.py:1065: UserWarning: Using a large number of experts (e.g. >=32) without fp32 routing. Consider enabling moe_router_dtype for better numerical stability.
[36m(WorkerDict pid=4031203)[0m   warnings.warn(
[36m(WorkerDict pid=4031197)[0m /workspace/cann-recipes-train/llm_rl/qwen3_shrink_aware/verl/models/mcore/config_converter.py:281: UserWarning: The following keys are not supported in the current Megatron version and will be removed: ['use_flash_attn', 'pipeline_num_transformer_layers', 'moe_alltoall_overlap_comm', 'use_fused_rotary_pos_emb', 'use_fused_swiglu', 'seq_length', 'swap_optimizer']
[36m(WorkerDict pid=4031197)[0m   return check_and_construct_configs(args, TransformerConfig)
[36m(WorkerDict pid=4031197)[0m /workspace/cann-recipes-train/llm_rl/qwen3_shrink_aware/megatron/core/transformer/transformer_config.py:1065: UserWarning: Using a large number of experts (e.g. >=32) without fp32 routing. Consider enabling moe_router_dtype for better numerical stability.
[36m(WorkerDict pid=4031197)[0m   warnings.warn(
[36m(WorkerDict pid=4031204)[0m /workspace/cann-recipes-train/llm_rl/qwen3_shrink_aware/verl/models/mcore/config_converter.py:281: UserWarning: The following keys are not supported in the current Megatron version and will be removed: ['use_flash_attn', 'pipeline_num_transformer_layers', 'moe_alltoall_overlap_comm', 'use_fused_rotary_pos_emb', 'use_fused_swiglu', 'seq_length', 'swap_optimizer']
[36m(WorkerDict pid=4031204)[0m   return check_and_construct_configs(args, TransformerConfig)
[36m(WorkerDict pid=4031204)[0m /workspace/cann-recipes-train/llm_rl/qwen3_shrink_aware/megatron/core/transformer/transformer_config.py:1065: UserWarning: Using a large number of experts (e.g. >=32) without fp32 routing. Consider enabling moe_router_dtype for better numerical stability.
[36m(WorkerDict pid=4031204)[0m   warnings.warn(
[36m(WorkerDict pid=4031212)[0m /workspace/cann-recipes-train/llm_rl/qwen3_shrink_aware/verl/models/mcore/config_converter.py:281: UserWarning: The following keys are not supported in the current Megatron version and will be removed: ['use_flash_attn', 'pipeline_num_transformer_layers', 'moe_alltoall_overlap_comm', 'use_fused_rotary_pos_emb', 'use_fused_swiglu', 'seq_length', 'swap_optimizer']
[36m(WorkerDict pid=4031212)[0m   return check_and_construct_configs(args, TransformerConfig)
[36m(WorkerDict pid=4031212)[0m /workspace/cann-recipes-train/llm_rl/qwen3_shrink_aware/megatron/core/transformer/transformer_config.py:1065: UserWarning: Using a large number of experts (e.g. >=32) without fp32 routing. Consider enabling moe_router_dtype for better numerical stability.
[36m(WorkerDict pid=4031212)[0m   warnings.warn(
[36m(WorkerDict pid=4031194)[0m /workspace/cann-recipes-train/llm_rl/qwen3_shrink_aware/verl/models/mcore/config_converter.py:281: UserWarning: The following keys are not supported in the current Megatron version and will be removed: ['use_flash_attn', 'pipeline_num_transformer_layers', 'moe_alltoall_overlap_comm', 'use_fused_rotary_pos_emb', 'use_fused_swiglu', 'seq_length', 'swap_optimizer']
[36m(WorkerDict pid=4031194)[0m   return check_and_construct_configs(args, TransformerConfig)
[36m(WorkerDict pid=4031194)[0m /workspace/cann-recipes-train/llm_rl/qwen3_shrink_aware/megatron/core/transformer/transformer_config.py:1065: UserWarning: Using a large number of experts (e.g. >=32) without fp32 routing. Consider enabling moe_router_dtype for better numerical stability.
[36m(WorkerDict pid=4031194)[0m   warnings.warn(
[36m(WorkerDict pid=4031205)[0m /workspace/cann-recipes-train/llm_rl/qwen3_shrink_aware/verl/models/mcore/config_converter.py:281: UserWarning: The following keys are not supported in the current Megatron version and will be removed: ['use_flash_attn', 'pipeline_num_transformer_layers', 'moe_alltoall_overlap_comm', 'use_fused_rotary_pos_emb', 'use_fused_swiglu', 'seq_length', 'swap_optimizer']
[36m(WorkerDict pid=4031205)[0m   return check_and_construct_configs(args, TransformerConfig)
[36m(WorkerDict pid=4031205)[0m /workspace/cann-recipes-train/llm_rl/qwen3_shrink_aware/megatron/core/transformer/transformer_config.py:1065: UserWarning: Using a large number of experts (e.g. >=32) without fp32 routing. Consider enabling moe_router_dtype for better numerical stability.
[36m(WorkerDict pid=4031205)[0m   warnings.warn(
[36m(WorkerDict pid=4031200)[0m /workspace/cann-recipes-train/llm_rl/qwen3_shrink_aware/megatron/core/dist_checkpointing/strategies/torch.py:892: FutureWarning: `load_state_dict` is deprecated and will be removed in future versions. Please use `load` instead.
[36m(WorkerDict pid=4031200)[0m   checkpoint.load_state_dict(
[36m(WorkerDict pid=4031210)[0m /workspace/cann-recipes-train/llm_rl/qwen3_shrink_aware/megatron/core/dist_checkpointing/strategies/torch.py:892: FutureWarning: `load_state_dict` is deprecated and will be removed in future versions. Please use `load` instead.
[36m(WorkerDict pid=4031210)[0m   checkpoint.load_state_dict(
[36m(WorkerDict pid=4031194)[0m /workspace/cann-recipes-train/llm_rl/qwen3_shrink_aware/megatron/core/dist_checkpointing/strategies/torch.py:892: FutureWarning: `load_state_dict` is deprecated and will be removed in future versions. Please use `load` instead.
[36m(WorkerDict pid=4031194)[0m   checkpoint.load_state_dict(
[36m(WorkerDict pid=4031195)[0m /workspace/cann-recipes-train/llm_rl/qwen3_shrink_aware/megatron/core/dist_checkpointing/strategies/torch.py:892: FutureWarning: `load_state_dict` is deprecated and will be removed in future versions. Please use `load` instead.
[36m(WorkerDict pid=4031195)[0m   checkpoint.load_state_dict(
[36m(WorkerDict pid=4031203)[0m /workspace/cann-recipes-train/llm_rl/qwen3_shrink_aware/megatron/core/dist_checkpointing/strategies/torch.py:892: FutureWarning: `load_state_dict` is deprecated and will be removed in future versions. Please use `load` instead.
[36m(WorkerDict pid=4031203)[0m   checkpoint.load_state_dict(
[36m(WorkerDict pid=4031213)[0m /workspace/cann-recipes-train/llm_rl/qwen3_shrink_aware/megatron/core/dist_checkpointing/strategies/torch.py:892: FutureWarning: `load_state_dict` is deprecated and will be removed in future versions. Please use `load` instead.
[36m(WorkerDict pid=4031213)[0m   checkpoint.load_state_dict(
[36m(WorkerDict pid=4031211)[0m /workspace/cann-recipes-train/llm_rl/qwen3_shrink_aware/megatron/core/dist_checkpointing/strategies/torch.py:892: FutureWarning: `load_state_dict` is deprecated and will be removed in future versions. Please use `load` instead.
[36m(WorkerDict pid=4031211)[0m   checkpoint.load_state_dict(
[36m(WorkerDict pid=4031198)[0m /workspace/cann-recipes-train/llm_rl/qwen3_shrink_aware/megatron/core/dist_checkpointing/strategies/torch.py:892: FutureWarning: `load_state_dict` is deprecated and will be removed in future versions. Please use `load` instead.
[36m(WorkerDict pid=4031198)[0m   checkpoint.load_state_dict(
[36m(WorkerDict pid=4031212)[0m /workspace/cann-recipes-train/llm_rl/qwen3_shrink_aware/megatron/core/dist_checkpointing/strategies/torch.py:892: FutureWarning: `load_state_dict` is deprecated and will be removed in future versions. Please use `load` instead.
[36m(WorkerDict pid=4031212)[0m   checkpoint.load_state_dict(
[36m(WorkerDict pid=4031197)[0m /workspace/cann-recipes-train/llm_rl/qwen3_shrink_aware/megatron/core/dist_checkpointing/strategies/torch.py:892: FutureWarning: `load_state_dict` is deprecated and will be removed in future versions. Please use `load` instead.
[36m(WorkerDict pid=4031197)[0m   checkpoint.load_state_dict(
[36m(WorkerDict pid=4031200)[0m /usr/local/python3.11.14/lib/python3.11/site-packages/torch/distributed/checkpoint/planner_helpers.py:418: FutureWarning: Please use DTensor instead and we are deprecating ShardedTensor.
[36m(WorkerDict pid=4031200)[0m   device = getattr(value, "device", None)
[36m(WorkerDict pid=4031200)[0m /usr/local/python3.11.14/lib/python3.11/site-packages/torch/distributed/checkpoint/default_planner.py:479: FutureWarning: Please use DTensor instead and we are deprecating ShardedTensor.
[36m(WorkerDict pid=4031200)[0m   and md.size != obj.size()
[36m(WorkerDict pid=4031205)[0m /workspace/cann-recipes-train/llm_rl/qwen3_shrink_aware/megatron/core/dist_checkpointing/strategies/torch.py:892: FutureWarning: `load_state_dict` is deprecated and will be removed in future versions. Please use `load` instead.
[36m(WorkerDict pid=4031205)[0m   checkpoint.load_state_dict(
[36m(WorkerDict pid=4031210)[0m /usr/local/python3.11.14/lib/python3.11/site-packages/torch/distributed/checkpoint/planner_helpers.py:418: FutureWarning: Please use DTensor instead and we are deprecating ShardedTensor.
[36m(WorkerDict pid=4031210)[0m   device = getattr(value, "device", None)
[36m(WorkerDict pid=4031210)[0m /usr/local/python3.11.14/lib/python3.11/site-packages/torch/distributed/checkpoint/default_planner.py:479: FutureWarning: Please use DTensor instead and we are deprecating ShardedTensor.
[36m(WorkerDict pid=4031210)[0m   and md.size != obj.size()
[36m(WorkerDict pid=4031204)[0m /workspace/cann-recipes-train/llm_rl/qwen3_shrink_aware/megatron/core/dist_checkpointing/strategies/torch.py:892: FutureWarning: `load_state_dict` is deprecated and will be removed in future versions. Please use `load` instead.
[36m(WorkerDict pid=4031204)[0m   checkpoint.load_state_dict(
[36m(WorkerDict pid=4031194)[0m /usr/local/python3.11.14/lib/python3.11/site-packages/torch/distributed/checkpoint/planner_helpers.py:418: FutureWarning: Please use DTensor instead and we are deprecating ShardedTensor.
[36m(WorkerDict pid=4031194)[0m   device = getattr(value, "device", None)
[36m(WorkerDict pid=4031194)[0m /usr/local/python3.11.14/lib/python3.11/site-packages/torch/distributed/checkpoint/default_planner.py:479: FutureWarning: Please use DTensor instead and we are deprecating ShardedTensor.
[36m(WorkerDict pid=4031194)[0m   and md.size != obj.size()
[36m(WorkerDict pid=4031195)[0m /usr/local/python3.11.14/lib/python3.11/site-packages/torch/distributed/checkpoint/planner_helpers.py:418: FutureWarning: Please use DTensor instead and we are deprecating ShardedTensor.
[36m(WorkerDict pid=4031195)[0m   device = getattr(value, "device", None)
[36m(WorkerDict pid=4031195)[0m /usr/local/python3.11.14/lib/python3.11/site-packages/torch/distributed/checkpoint/default_planner.py:479: FutureWarning: Please use DTensor instead and we are deprecating ShardedTensor.
[36m(WorkerDict pid=4031195)[0m   and md.size != obj.size()
[36m(WorkerDict pid=4031202)[0m /workspace/cann-recipes-train/llm_rl/qwen3_shrink_aware/megatron/core/dist_checkpointing/strategies/torch.py:892: FutureWarning: `load_state_dict` is deprecated and will be removed in future versions. Please use `load` instead.
[36m(WorkerDict pid=4031202)[0m   checkpoint.load_state_dict(
[36m(WorkerDict pid=4031213)[0m /usr/local/python3.11.14/lib/python3.11/site-packages/torch/distributed/checkpoint/planner_helpers.py:418: FutureWarning: Please use DTensor instead and we are deprecating ShardedTensor.
[36m(WorkerDict pid=4031213)[0m   device = getattr(value, "device", None)
[36m(WorkerDict pid=4031213)[0m /usr/local/python3.11.14/lib/python3.11/site-packages/torch/distributed/checkpoint/default_planner.py:479: FutureWarning: Please use DTensor instead and we are deprecating ShardedTensor.
[36m(WorkerDict pid=4031213)[0m   and md.size != obj.size()
[36m(WorkerDict pid=4031203)[0m /usr/local/python3.11.14/lib/python3.11/site-packages/torch/distributed/checkpoint/planner_helpers.py:418: FutureWarning: Please use DTensor instead and we are deprecating ShardedTensor.
[36m(WorkerDict pid=4031203)[0m   device = getattr(value, "device", None)
[36m(WorkerDict pid=4031203)[0m /usr/local/python3.11.14/lib/python3.11/site-packages/torch/distributed/checkpoint/default_planner.py:479: FutureWarning: Please use DTensor instead and we are deprecating ShardedTensor.
[36m(WorkerDict pid=4031203)[0m   and md.size != obj.size()
[36m(WorkerDict pid=4031211)[0m /usr/local/python3.11.14/lib/python3.11/site-packages/torch/distributed/checkpoint/planner_helpers.py:418: FutureWarning: Please use DTensor instead and we are deprecating ShardedTensor.
[36m(WorkerDict pid=4031211)[0m   device = getattr(value, "device", None)
[36m(WorkerDict pid=4031211)[0m /usr/local/python3.11.14/lib/python3.11/site-packages/torch/distributed/checkpoint/default_planner.py:479: FutureWarning: Please use DTensor instead and we are deprecating ShardedTensor.
[36m(WorkerDict pid=4031211)[0m   and md.size != obj.size()
[36m(WorkerDict pid=4031204)[0m /usr/local/python3.11.14/lib/python3.11/site-packages/torch/distributed/checkpoint/planner_helpers.py:418: FutureWarning: Please use DTensor instead and we are deprecating ShardedTensor.
[36m(WorkerDict pid=4031204)[0m   device = getattr(value, "device", None)
[36m(WorkerDict pid=4031204)[0m /usr/local/python3.11.14/lib/python3.11/site-packages/torch/distributed/checkpoint/default_planner.py:479: FutureWarning: Please use DTensor instead and we are deprecating ShardedTensor.
[36m(WorkerDict pid=4031204)[0m   and md.size != obj.size()
[36m(WorkerDict pid=4031197)[0m /usr/local/python3.11.14/lib/python3.11/site-packages/torch/distributed/checkpoint/planner_helpers.py:418: FutureWarning: Please use DTensor instead and we are deprecating ShardedTensor.
[36m(WorkerDict pid=4031197)[0m   device = getattr(value, "device", None)
[36m(WorkerDict pid=4031197)[0m /usr/local/python3.11.14/lib/python3.11/site-packages/torch/distributed/checkpoint/default_planner.py:479: FutureWarning: Please use DTensor instead and we are deprecating ShardedTensor.
[36m(WorkerDict pid=4031197)[0m   and md.size != obj.size()
[36m(WorkerDict pid=4031199)[0m /workspace/cann-recipes-train/llm_rl/qwen3_shrink_aware/megatron/core/dist_checkpointing/strategies/torch.py:892: FutureWarning: `load_state_dict` is deprecated and will be removed in future versions. Please use `load` instead.
[36m(WorkerDict pid=4031199)[0m   checkpoint.load_state_dict(
[36m(WorkerDict pid=4031196)[0m /workspace/cann-recipes-train/llm_rl/qwen3_shrink_aware/megatron/core/dist_checkpointing/strategies/torch.py:892: FutureWarning: `load_state_dict` is deprecated and will be removed in future versions. Please use `load` instead.
[36m(WorkerDict pid=4031196)[0m   checkpoint.load_state_dict(
[36m(WorkerDict pid=4031205)[0m /usr/local/python3.11.14/lib/python3.11/site-packages/torch/distributed/checkpoint/planner_helpers.py:418: FutureWarning: Please use DTensor instead and we are deprecating ShardedTensor.
[36m(WorkerDict pid=4031205)[0m   device = getattr(value, "device", None)
[36m(WorkerDict pid=4031205)[0m /usr/local/python3.11.14/lib/python3.11/site-packages/torch/distributed/checkpoint/default_planner.py:479: FutureWarning: Please use DTensor instead and we are deprecating ShardedTensor.
[36m(WorkerDict pid=4031205)[0m   and md.size != obj.size()
[36m(WorkerDict pid=4031212)[0m /usr/local/python3.11.14/lib/python3.11/site-packages/torch/distributed/checkpoint/planner_helpers.py:418: FutureWarning: Please use DTensor instead and we are deprecating ShardedTensor.
[36m(WorkerDict pid=4031212)[0m   device = getattr(value, "device", None)
[36m(WorkerDict pid=4031212)[0m /usr/local/python3.11.14/lib/python3.11/site-packages/torch/distributed/checkpoint/default_planner.py:479: FutureWarning: Please use DTensor instead and we are deprecating ShardedTensor.
[36m(WorkerDict pid=4031212)[0m   and md.size != obj.size()
[36m(WorkerDict pid=4031202)[0m /usr/local/python3.11.14/lib/python3.11/site-packages/torch/distributed/checkpoint/planner_helpers.py:418: FutureWarning: Please use DTensor instead and we are deprecating ShardedTensor.
[36m(WorkerDict pid=4031202)[0m   device = getattr(value, "device", None)
[36m(WorkerDict pid=4031202)[0m /usr/local/python3.11.14/lib/python3.11/site-packages/torch/distributed/checkpoint/default_planner.py:479: FutureWarning: Please use DTensor instead and we are deprecating ShardedTensor.
[36m(WorkerDict pid=4031202)[0m   and md.size != obj.size()
[36m(WorkerDict pid=4031198)[0m /usr/local/python3.11.14/lib/python3.11/site-packages/torch/distributed/checkpoint/planner_helpers.py:418: FutureWarning: Please use DTensor instead and we are deprecating ShardedTensor.
[36m(WorkerDict pid=4031198)[0m   device = getattr(value, "device", None)
[36m(WorkerDict pid=4031198)[0m /usr/local/python3.11.14/lib/python3.11/site-packages/torch/distributed/checkpoint/default_planner.py:479: FutureWarning: Please use DTensor instead and we are deprecating ShardedTensor.
[36m(WorkerDict pid=4031198)[0m   and md.size != obj.size()
[36m(WorkerDict pid=4031196)[0m /usr/local/python3.11.14/lib/python3.11/site-packages/torch/distributed/checkpoint/planner_helpers.py:418: FutureWarning: Please use DTensor instead and we are deprecating ShardedTensor.
[36m(WorkerDict pid=4031196)[0m   device = getattr(value, "device", None)
[36m(WorkerDict pid=4031196)[0m /usr/local/python3.11.14/lib/python3.11/site-packages/torch/distributed/checkpoint/default_planner.py:479: FutureWarning: Please use DTensor instead and we are deprecating ShardedTensor.
[36m(WorkerDict pid=4031196)[0m   and md.size != obj.size()
[36m(WorkerDict pid=4031199)[0m /usr/local/python3.11.14/lib/python3.11/site-packages/torch/distributed/checkpoint/planner_helpers.py:418: FutureWarning: Please use DTensor instead and we are deprecating ShardedTensor.
[36m(WorkerDict pid=4031199)[0m   device = getattr(value, "device", None)
[36m(WorkerDict pid=4031199)[0m /usr/local/python3.11.14/lib/python3.11/site-packages/torch/distributed/checkpoint/default_planner.py:479: FutureWarning: Please use DTensor instead and we are deprecating ShardedTensor.
[36m(WorkerDict pid=4031199)[0m   and md.size != obj.size()
[36m(WorkerDict pid=4031201)[0m /workspace/cann-recipes-train/llm_rl/qwen3_shrink_aware/megatron/core/dist_checkpointing/strategies/torch.py:892: FutureWarning: `load_state_dict` is deprecated and will be removed in future versions. Please use `load` instead.
[36m(WorkerDict pid=4031201)[0m   checkpoint.load_state_dict(
[36m(WorkerDict pid=4031201)[0m /usr/local/python3.11.14/lib/python3.11/site-packages/torch/distributed/checkpoint/planner_helpers.py:418: FutureWarning: Please use DTensor instead and we are deprecating ShardedTensor.
[36m(WorkerDict pid=4031201)[0m   device = getattr(value, "device", None)
[36m(WorkerDict pid=4031201)[0m /usr/local/python3.11.14/lib/python3.11/site-packages/torch/distributed/checkpoint/default_planner.py:479: FutureWarning: Please use DTensor instead and we are deprecating ShardedTensor.
[36m(WorkerDict pid=4031201)[0m   and md.size != obj.size()
[36m(WorkerDict pid=4031194)[0m /usr/local/python3.11.14/lib/python3.11/site-packages/torch_npu/distributed/distributed_c10d.py:110: UserWarning: HCCL doesn't support gather at the moment. Implemented with allgather instead.
[36m(WorkerDict pid=4031194)[0m   warnings.warn("HCCL doesn't support gather at the moment. Implemented with allgather instead.")
[36m(WorkerDict pid=4031197)[0m [rank3]:[W620 16:13:26.959833293 compiler_depend.ts:338] Warning: Cannot create tensor with interal format while allow_internel_format=False, tensor will be created with base format. (function operator())
[36m(WorkerDict pid=4031199)[0m [rank5]:[W620 16:13:26.959558314 compiler_depend.ts:338] Warning: Cannot create tensor with interal format while allow_internel_format=False, tensor will be created with base format. (function operator())
[36m(WorkerDict pid=4031200)[0m [rank6]:[W620 16:13:26.959417739 compiler_depend.ts:338] Warning: Cannot create tensor with interal format while allow_internel_format=False, tensor will be created with base format. (function operator())
[36m(WorkerDict pid=4031195)[0m [rank1]:[W620 16:13:26.967397049 compiler_depend.ts:338] Warning: Cannot create tensor with interal format while allow_internel_format=False, tensor will be created with base format. (function operator())
[36m(WorkerDict pid=4031201)[0m [rank7]:[W620 16:13:26.963975417 compiler_depend.ts:338] Warning: Cannot create tensor with interal format while allow_internel_format=False, tensor will be created with base format. (function operator())
[36m(WorkerDict pid=4031196)[0m [rank2]:[W620 16:13:26.965082893 compiler_depend.ts:338] Warning: Cannot create tensor with interal format while allow_internel_format=False, tensor will be created with base format. (function operator())
[36m(WorkerDict pid=4031198)[0m [rank4]:[W620 16:13:26.960197774 compiler_depend.ts:338] Warning: Cannot create tensor with interal format while allow_internel_format=False, tensor will be created with base format. (function operator())
[36m(WorkerDict pid=4031202)[0m [rank12]:[W620 16:13:26.959449280 compiler_depend.ts:338] Warning: Cannot create tensor with interal format while allow_internel_format=False, tensor will be created with base format. (function operator())
[36m(WorkerDict pid=4031205)[0m [rank10]:[W620 16:13:26.959544683 compiler_depend.ts:338] Warning: Cannot create tensor with interal format while allow_internel_format=False, tensor will be created with base format. (function operator())
[36m(WorkerDict pid=4031210)[0m [rank11]:[W620 16:13:26.959479001 compiler_depend.ts:338] Warning: Cannot create tensor with interal format while allow_internel_format=False, tensor will be created with base format. (function operator())
[36m(WorkerDict pid=4031204)[0m [rank9]:[W620 16:13:26.963441820 compiler_depend.ts:338] Warning: Cannot create tensor with interal format while allow_internel_format=False, tensor will be created with base format. (function operator())
[36m(WorkerDict pid=4031212)[0m [rank14]:[W620 16:13:26.959635176 compiler_depend.ts:338] Warning: Cannot create tensor with interal format while allow_internel_format=False, tensor will be created with base format. (function operator())
[36m(WorkerDict pid=4031203)[0m [rank8]:[W620 16:13:26.959528823 compiler_depend.ts:338] Warning: Cannot create tensor with interal format while allow_internel_format=False, tensor will be created with base format. (function operator())
[36m(WorkerDict pid=4031213)[0m [rank13]:[W620 16:13:26.959513372 compiler_depend.ts:338] Warning: Cannot create tensor with interal format while allow_internel_format=False, tensor will be created with base format. (function operator())
[36m(WorkerDict pid=4031211)[0m [rank15]:[W620 16:13:26.959449140 compiler_depend.ts:338] Warning: Cannot create tensor with interal format while allow_internel_format=False, tensor will be created with base format. (function operator())
[36m(WorkerDict pid=4031197)[0m /workspace/cann-recipes-train/llm_rl/qwen3_shrink_aware/mindspeed/core/optimizer/swap_optimizer/swap_optimizer.py:128: UserWarning: TypedStorage is deprecated. It will be removed in the future and UntypedStorage will be the only storage class. This should only matter to you if you are using storages directly.  To access UntypedStorage directly, use tensor.untyped_storage() instead of tensor.storage()
[36m(WorkerDict pid=4031197)[0m   if param.storage().size() != 0:
[36m(WorkerDict pid=4031194)[0m /workspace/cann-recipes-train/llm_rl/qwen3_shrink_aware/mindspeed/core/optimizer/swap_optimizer/swap_optimizer.py:128: UserWarning: TypedStorage is deprecated. It will be removed in the future and UntypedStorage will be the only storage class. This should only matter to you if you are using storages directly.  To access UntypedStorage directly, use tensor.untyped_storage() instead of tensor.storage()
[36m(WorkerDict pid=4031194)[0m   if param.storage().size() != 0:
[36m(WorkerDict pid=4031194)[0m /usr/local/python3.11.14/lib/python3.11/site-packages/torch_npu/contrib/transfer_to_npu.py:182: UserWarning: Cannot create tensor with interal format while allow_internel_format=False, tensor will be created with base format. (Triggered internally at build/CMakeFiles/torch_npu.dir/compiler_depend.ts:338.)
[36m(WorkerDict pid=4031194)[0m   return fn(*args, **kwargs)
[36m(WorkerDict pid=4031199)[0m /workspace/cann-recipes-train/llm_rl/qwen3_shrink_aware/mindspeed/core/optimizer/swap_optimizer/swap_optimizer.py:128: UserWarning: TypedStorage is deprecated. It will be removed in the future and UntypedStorage will be the only storage class. This should only matter to you if you are using storages directly.  To access UntypedStorage directly, use tensor.untyped_storage() instead of tensor.storage()
[36m(WorkerDict pid=4031199)[0m   if param.storage().size() != 0:
[36m(WorkerDict pid=4031195)[0m /workspace/cann-recipes-train/llm_rl/qwen3_shrink_aware/mindspeed/core/optimizer/swap_optimizer/swap_optimizer.py:128: UserWarning: TypedStorage is deprecated. It will be removed in the future and UntypedStorage will be the only storage class. This should only matter to you if you are using storages directly.  To access UntypedStorage directly, use tensor.untyped_storage() instead of tensor.storage()
[36m(WorkerDict pid=4031195)[0m   if param.storage().size() != 0:
[36m(WorkerDict pid=4031196)[0m /workspace/cann-recipes-train/llm_rl/qwen3_shrink_aware/mindspeed/core/optimizer/swap_optimizer/swap_optimizer.py:128: UserWarning: TypedStorage is deprecated. It will be removed in the future and UntypedStorage will be the only storage class. This should only matter to you if you are using storages directly.  To access UntypedStorage directly, use tensor.untyped_storage() instead of tensor.storage()
[36m(WorkerDict pid=4031196)[0m   if param.storage().size() != 0:
[36m(WorkerDict pid=4031203)[0m /workspace/cann-recipes-train/llm_rl/qwen3_shrink_aware/mindspeed/core/optimizer/swap_optimizer/swap_optimizer.py:128: UserWarning: TypedStorage is deprecated. It will be removed in the future and UntypedStorage will be the only storage class. This should only matter to you if you are using storages directly.  To access UntypedStorage directly, use tensor.untyped_storage() instead of tensor.storage()
[36m(WorkerDict pid=4031203)[0m   if param.storage().size() != 0:
[36m(WorkerDict pid=4031213)[0m /workspace/cann-recipes-train/llm_rl/qwen3_shrink_aware/mindspeed/core/optimizer/swap_optimizer/swap_optimizer.py:128: UserWarning: TypedStorage is deprecated. It will be removed in the future and UntypedStorage will be the only storage class. This should only matter to you if you are using storages directly.  To access UntypedStorage directly, use tensor.untyped_storage() instead of tensor.storage()
[36m(WorkerDict pid=4031213)[0m   if param.storage().size() != 0:
[36m(WorkerDict pid=4031211)[0m /workspace/cann-recipes-train/llm_rl/qwen3_shrink_aware/mindspeed/core/optimizer/swap_optimizer/swap_optimizer.py:128: UserWarning: TypedStorage is deprecated. It will be removed in the future and UntypedStorage will be the only storage class. This should only matter to you if you are using storages directly.  To access UntypedStorage directly, use tensor.untyped_storage() instead of tensor.storage()
[36m(WorkerDict pid=4031211)[0m   if param.storage().size() != 0:
[36m(WorkerDict pid=4031202)[0m /workspace/cann-recipes-train/llm_rl/qwen3_shrink_aware/mindspeed/core/optimizer/swap_optimizer/swap_optimizer.py:128: UserWarning: TypedStorage is deprecated. It will be removed in the future and UntypedStorage will be the only storage class. This should only matter to you if you are using storages directly.  To access UntypedStorage directly, use tensor.untyped_storage() instead of tensor.storage()
[36m(WorkerDict pid=4031202)[0m   if param.storage().size() != 0:
[36m(WorkerDict pid=4031212)[0m /workspace/cann-recipes-train/llm_rl/qwen3_shrink_aware/mindspeed/core/optimizer/swap_optimizer/swap_optimizer.py:128: UserWarning: TypedStorage is deprecated. It will be removed in the future and UntypedStorage will be the only storage class. This should only matter to you if you are using storages directly.  To access UntypedStorage directly, use tensor.untyped_storage() instead of tensor.storage()
[36m(WorkerDict pid=4031212)[0m   if param.storage().size() != 0:
[36m(WorkerDict pid=4031205)[0m /workspace/cann-recipes-train/llm_rl/qwen3_shrink_aware/mindspeed/core/optimizer/swap_optimizer/swap_optimizer.py:128: UserWarning: TypedStorage is deprecated. It will be removed in the future and UntypedStorage will be the only storage class. This should only matter to you if you are using storages directly.  To access UntypedStorage directly, use tensor.untyped_storage() instead of tensor.storage()
[36m(WorkerDict pid=4031205)[0m   if param.storage().size() != 0:
[36m(WorkerDict pid=4031201)[0m /workspace/cann-recipes-train/llm_rl/qwen3_shrink_aware/mindspeed/core/optimizer/swap_optimizer/swap_optimizer.py:128: UserWarning: TypedStorage is deprecated. It will be removed in the future and UntypedStorage will be the only storage class. This should only matter to you if you are using storages directly.  To access UntypedStorage directly, use tensor.untyped_storage() instead of tensor.storage()
[36m(WorkerDict pid=4031201)[0m   if param.storage().size() != 0:
[36m(WorkerDict pid=4031198)[0m /workspace/cann-recipes-train/llm_rl/qwen3_shrink_aware/mindspeed/core/optimizer/swap_optimizer/swap_optimizer.py:128: UserWarning: TypedStorage is deprecated. It will be removed in the future and UntypedStorage will be the only storage class. This should only matter to you if you are using storages directly.  To access UntypedStorage directly, use tensor.untyped_storage() instead of tensor.storage()
[36m(WorkerDict pid=4031198)[0m   if param.storage().size() != 0:
[36m(WorkerDict pid=4031210)[0m /workspace/cann-recipes-train/llm_rl/qwen3_shrink_aware/mindspeed/core/optimizer/swap_optimizer/swap_optimizer.py:128: UserWarning: TypedStorage is deprecated. It will be removed in the future and UntypedStorage will be the only storage class. This should only matter to you if you are using storages directly.  To access UntypedStorage directly, use tensor.untyped_storage() instead of tensor.storage()
[36m(WorkerDict pid=4031210)[0m   if param.storage().size() != 0:
[36m(WorkerDict pid=4031204)[0m /workspace/cann-recipes-train/llm_rl/qwen3_shrink_aware/mindspeed/core/optimizer/swap_optimizer/swap_optimizer.py:128: UserWarning: TypedStorage is deprecated. It will be removed in the future and UntypedStorage will be the only storage class. This should only matter to you if you are using storages directly.  To access UntypedStorage directly, use tensor.untyped_storage() instead of tensor.storage()
[36m(WorkerDict pid=4031204)[0m   if param.storage().size() != 0:
[36m(WorkerDict pid=4031200)[0m /workspace/cann-recipes-train/llm_rl/qwen3_shrink_aware/mindspeed/core/optimizer/swap_optimizer/swap_optimizer.py:128: UserWarning: TypedStorage is deprecated. It will be removed in the future and UntypedStorage will be the only storage class. This should only matter to you if you are using storages directly.  To access UntypedStorage directly, use tensor.untyped_storage() instead of tensor.storage()
[36m(WorkerDict pid=4031200)[0m   if param.storage().size() != 0:
[36m(WorkerDict pid=4031197)[0m /workspace/cann-recipes-train/llm_rl/qwen3_shrink_aware/verl/utils/profiler/config.py:49: UserWarning: Torch profiler tool config is not fully supported now.
[36m(WorkerDict pid=4031197)[0m   warnings.warn("Torch profiler tool config is not fully supported now.", stacklevel=1)
[36m(WorkerDict pid=4031211)[0m /workspace/cann-recipes-train/llm_rl/qwen3_shrink_aware/verl/utils/profiler/config.py:49: UserWarning: Torch profiler tool config is not fully supported now.
[36m(WorkerDict pid=4031211)[0m   warnings.warn("Torch profiler tool config is not fully supported now.", stacklevel=1)
[36m(WorkerDict pid=4031202)[0m /workspace/cann-recipes-train/llm_rl/qwen3_shrink_aware/verl/utils/profiler/config.py:49: UserWarning: Torch profiler tool config is not fully supported now.
[36m(WorkerDict pid=4031202)[0m   warnings.warn("Torch profiler tool config is not fully supported now.", stacklevel=1)
[36m(WorkerDict pid=4031197)[0m <frozen importlib._bootstrap>:241: DeprecationWarning: builtin type SwigPyPacked has no __module__ attribute
[36m(WorkerDict pid=4031197)[0m <frozen importlib._bootstrap>:241: DeprecationWarning: builtin type SwigPyObject has no __module__ attribute
[36m(WorkerDict pid=4031211)[0m <frozen importlib._bootstrap>:241: DeprecationWarning: builtin type SwigPyPacked has no __module__ attribute
[36m(WorkerDict pid=4031211)[0m <frozen importlib._bootstrap>:241: DeprecationWarning: builtin type SwigPyObject has no __module__ attribute
[36m(WorkerDict pid=4031205)[0m /workspace/cann-recipes-train/llm_rl/qwen3_shrink_aware/verl/utils/profiler/config.py:49: UserWarning: Torch profiler tool config is not fully supported now.
[36m(WorkerDict pid=4031205)[0m   warnings.warn("Torch profiler tool config is not fully supported now.", stacklevel=1)
[36m(WorkerDict pid=4031213)[0m /workspace/cann-recipes-train/llm_rl/qwen3_shrink_aware/verl/utils/profiler/config.py:49: UserWarning: Torch profiler tool config is not fully supported now.
[36m(WorkerDict pid=4031213)[0m   warnings.warn("Torch profiler tool config is not fully supported now.", stacklevel=1)
[36m(WorkerDict pid=4031196)[0m /workspace/cann-recipes-train/llm_rl/qwen3_shrink_aware/verl/utils/profiler/config.py:49: UserWarning: Torch profiler tool config is not fully supported now.
[36m(WorkerDict pid=4031196)[0m   warnings.warn("Torch profiler tool config is not fully supported now.", stacklevel=1)
[36m(WorkerDict pid=4031202)[0m <frozen importlib._bootstrap>:241: DeprecationWarning: builtin type SwigPyPacked has no __module__ attribute
[36m(WorkerDict pid=4031202)[0m <frozen importlib._bootstrap>:241: DeprecationWarning: builtin type SwigPyObject has no __module__ attribute
[36m(WorkerDict pid=4031195)[0m /workspace/cann-recipes-train/llm_rl/qwen3_shrink_aware/verl/utils/profiler/config.py:49: UserWarning: Torch profiler tool config is not fully supported now.
[36m(WorkerDict pid=4031195)[0m   warnings.warn("Torch profiler tool config is not fully supported now.", stacklevel=1)
[36m(WorkerDict pid=4031198)[0m /workspace/cann-recipes-train/llm_rl/qwen3_shrink_aware/verl/utils/profiler/config.py:49: UserWarning: Torch profiler tool config is not fully supported now.
[36m(WorkerDict pid=4031198)[0m   warnings.warn("Torch profiler tool config is not fully supported now.", stacklevel=1)
[36m(WorkerDict pid=4031212)[0m /workspace/cann-recipes-train/llm_rl/qwen3_shrink_aware/verl/utils/profiler/config.py:49: UserWarning: Torch profiler tool config is not fully supported now.
[36m(WorkerDict pid=4031212)[0m   warnings.warn("Torch profiler tool config is not fully supported now.", stacklevel=1)
[36m(WorkerDict pid=4031204)[0m /workspace/cann-recipes-train/llm_rl/qwen3_shrink_aware/verl/utils/profiler/config.py:49: UserWarning: Torch profiler tool config is not fully supported now.
[36m(WorkerDict pid=4031204)[0m   warnings.warn("Torch profiler tool config is not fully supported now.", stacklevel=1)
[36m(WorkerDict pid=4031200)[0m /workspace/cann-recipes-train/llm_rl/qwen3_shrink_aware/verl/utils/profiler/config.py:49: UserWarning: Torch profiler tool config is not fully supported now.
[36m(WorkerDict pid=4031200)[0m   warnings.warn("Torch profiler tool config is not fully supported now.", stacklevel=1)
[36m(WorkerDict pid=4031205)[0m <frozen importlib._bootstrap>:241: DeprecationWarning: builtin type SwigPyPacked has no __module__ attribute
[36m(WorkerDict pid=4031205)[0m <frozen importlib._bootstrap>:241: DeprecationWarning: builtin type SwigPyObject has no __module__ attribute
[36m(WorkerDict pid=4031196)[0m <frozen importlib._bootstrap>:241: DeprecationWarning: builtin type SwigPyPacked has no __module__ attribute
[36m(WorkerDict pid=4031196)[0m <frozen importlib._bootstrap>:241: DeprecationWarning: builtin type SwigPyObject has no __module__ attribute
[36m(WorkerDict pid=4031210)[0m /workspace/cann-recipes-train/llm_rl/qwen3_shrink_aware/verl/utils/profiler/config.py:49: UserWarning: Torch profiler tool config is not fully supported now.
[36m(WorkerDict pid=4031210)[0m   warnings.warn("Torch profiler tool config is not fully supported now.", stacklevel=1)
[36m(WorkerDict pid=4031213)[0m <frozen importlib._bootstrap>:241: DeprecationWarning: builtin type SwigPyPacked has no __module__ attribute
[36m(WorkerDict pid=4031213)[0m <frozen importlib._bootstrap>:241: DeprecationWarning: builtin type SwigPyObject has no __module__ attribute
[36m(WorkerDict pid=4031194)[0m /workspace/cann-recipes-train/llm_rl/qwen3_shrink_aware/verl/utils/profiler/config.py:49: UserWarning: Torch profiler tool config is not fully supported now.
[36m(WorkerDict pid=4031194)[0m   warnings.warn("Torch profiler tool config is not fully supported now.", stacklevel=1)
[36m(WorkerDict pid=4031199)[0m /workspace/cann-recipes-train/llm_rl/qwen3_shrink_aware/verl/utils/profiler/config.py:49: UserWarning: Torch profiler tool config is not fully supported now.
[36m(WorkerDict pid=4031199)[0m   warnings.warn("Torch profiler tool config is not fully supported now.", stacklevel=1)
[36m(WorkerDict pid=4031195)[0m <frozen importlib._bootstrap>:241: DeprecationWarning: builtin type SwigPyPacked has no __module__ attribute
[36m(WorkerDict pid=4031195)[0m <frozen importlib._bootstrap>:241: DeprecationWarning: builtin type SwigPyObject has no __module__ attribute
[36m(WorkerDict pid=4031198)[0m <frozen importlib._bootstrap>:241: DeprecationWarning: builtin type SwigPyPacked has no __module__ attribute
[36m(WorkerDict pid=4031198)[0m <frozen importlib._bootstrap>:241: DeprecationWarning: builtin type SwigPyObject has no __module__ attribute
[36m(WorkerDict pid=4031203)[0m /workspace/cann-recipes-train/llm_rl/qwen3_shrink_aware/verl/utils/profiler/config.py:49: UserWarning: Torch profiler tool config is not fully supported now.
[36m(WorkerDict pid=4031203)[0m   warnings.warn("Torch profiler tool config is not fully supported now.", stacklevel=1)
[36m(WorkerDict pid=4031204)[0m <frozen importlib._bootstrap>:241: DeprecationWarning: builtin type SwigPyPacked has no __module__ attribute
[36m(WorkerDict pid=4031204)[0m <frozen importlib._bootstrap>:241: DeprecationWarning: builtin type SwigPyObject has no __module__ attribute
[36m(WorkerDict pid=4031212)[0m <frozen importlib._bootstrap>:241: DeprecationWarning: builtin type SwigPyPacked has no __module__ attribute
[36m(WorkerDict pid=4031212)[0m <frozen importlib._bootstrap>:241: DeprecationWarning: builtin type SwigPyObject has no __module__ attribute
[36m(WorkerDict pid=4031200)[0m <frozen importlib._bootstrap>:241: DeprecationWarning: builtin type SwigPyPacked has no __module__ attribute
[36m(WorkerDict pid=4031200)[0m <frozen importlib._bootstrap>:241: DeprecationWarning: builtin type SwigPyObject has no __module__ attribute
[36m(WorkerDict pid=4031201)[0m /workspace/cann-recipes-train/llm_rl/qwen3_shrink_aware/verl/utils/profiler/config.py:49: UserWarning: Torch profiler tool config is not fully supported now.
[36m(WorkerDict pid=4031201)[0m   warnings.warn("Torch profiler tool config is not fully supported now.", stacklevel=1)
[36m(WorkerDict pid=4031210)[0m <frozen importlib._bootstrap>:241: DeprecationWarning: builtin type SwigPyPacked has no __module__ attribute
[36m(WorkerDict pid=4031210)[0m <frozen importlib._bootstrap>:241: DeprecationWarning: builtin type SwigPyObject has no __module__ attribute
[36m(WorkerDict pid=4031194)[0m <frozen importlib._bootstrap>:241: DeprecationWarning: builtin type SwigPyPacked has no __module__ attribute
[36m(WorkerDict pid=4031194)[0m <frozen importlib._bootstrap>:241: DeprecationWarning: builtin type SwigPyObject has no __module__ attribute
[36m(WorkerDict pid=4031199)[0m <frozen importlib._bootstrap>:241: DeprecationWarning: builtin type SwigPyPacked has no __module__ attribute
[36m(WorkerDict pid=4031199)[0m <frozen importlib._bootstrap>:241: DeprecationWarning: builtin type SwigPyObject has no __module__ attribute
[36m(WorkerDict pid=4031203)[0m <frozen importlib._bootstrap>:241: DeprecationWarning: builtin type SwigPyPacked has no __module__ attribute
[36m(WorkerDict pid=4031203)[0m <frozen importlib._bootstrap>:241: DeprecationWarning: builtin type SwigPyObject has no __module__ attribute
[36m(WorkerDict pid=4031201)[0m <frozen importlib._bootstrap>:241: DeprecationWarning: builtin type SwigPyPacked has no __module__ attribute
[36m(WorkerDict pid=4031201)[0m <frozen importlib._bootstrap>:241: DeprecationWarning: builtin type SwigPyObject has no __module__ attribute
[36m(WorkerDict pid=4031197)[0m `torch_dtype` is deprecated! Use `dtype` instead!
[36m(WorkerDict pid=4031194)[0m `torch_dtype` is deprecated! Use `dtype` instead!
[36m(WorkerDict pid=4031199)[0m `torch_dtype` is deprecated! Use `dtype` instead!
[36m(WorkerDict pid=4031200)[0m `torch_dtype` is deprecated! Use `dtype` instead!
[36m(WorkerDict pid=4031195)[0m `torch_dtype` is deprecated! Use `dtype` instead!
[36m(WorkerDict pid=4031201)[0m `torch_dtype` is deprecated! Use `dtype` instead!
[36m(WorkerDict pid=4031196)[0m `torch_dtype` is deprecated! Use `dtype` instead!
[36m(WorkerDict pid=4031198)[0m `torch_dtype` is deprecated! Use `dtype` instead!
[36m(WorkerDict pid=4031202)[0m `torch_dtype` is deprecated! Use `dtype` instead!
[36m(WorkerDict pid=4031205)[0m `torch_dtype` is deprecated! Use `dtype` instead!
[36m(WorkerDict pid=4031210)[0m `torch_dtype` is deprecated! Use `dtype` instead!
[36m(WorkerDict pid=4031204)[0m `torch_dtype` is deprecated! Use `dtype` instead!
[36m(WorkerDict pid=4031212)[0m `torch_dtype` is deprecated! Use `dtype` instead!
[36m(WorkerDict pid=4031203)[0m `torch_dtype` is deprecated! Use `dtype` instead!
[36m(WorkerDict pid=4031213)[0m `torch_dtype` is deprecated! Use `dtype` instead!
[36m(WorkerDict pid=4031211)[0m `torch_dtype` is deprecated! Use `dtype` instead!
[36m(WorkerDict pid=4031213)[0m /workspace/cann-recipes-train/llm_rl/qwen3_shrink_aware/megatron/core/transformer/transformer_config.py:1065: UserWarning: Using a large number of experts (e.g. >=32) without fp32 routing. Consider enabling moe_router_dtype for better numerical stability.
[36m(WorkerDict pid=4031213)[0m   warnings.warn(
[36m(WorkerDict pid=4031211)[0m /workspace/cann-recipes-train/llm_rl/qwen3_shrink_aware/megatron/core/transformer/transformer_config.py:1065: UserWarning: Using a large number of experts (e.g. >=32) without fp32 routing. Consider enabling moe_router_dtype for better numerical stability.
[36m(WorkerDict pid=4031211)[0m   warnings.warn(
[36m(WorkerDict pid=4031199)[0m /workspace/cann-recipes-train/llm_rl/qwen3_shrink_aware/megatron/core/transformer/transformer_config.py:1065: UserWarning: Using a large number of experts (e.g. >=32) without fp32 routing. Consider enabling moe_router_dtype for better numerical stability.
[36m(WorkerDict pid=4031199)[0m   warnings.warn(
[36m(WorkerDict pid=4031200)[0m /workspace/cann-recipes-train/llm_rl/qwen3_shrink_aware/megatron/core/transformer/transformer_config.py:1065: UserWarning: Using a large number of experts (e.g. >=32) without fp32 routing. Consider enabling moe_router_dtype for better numerical stability.
[36m(WorkerDict pid=4031200)[0m   warnings.warn(
[36m(WorkerDict pid=4031196)[0m /workspace/cann-recipes-train/llm_rl/qwen3_shrink_aware/megatron/core/transformer/transformer_config.py:1065: UserWarning: Using a large number of experts (e.g. >=32) without fp32 routing. Consider enabling moe_router_dtype for better numerical stability.
[36m(WorkerDict pid=4031196)[0m   warnings.warn(
[36m(WorkerDict pid=4031205)[0m /workspace/cann-recipes-train/llm_rl/qwen3_shrink_aware/megatron/core/transformer/transformer_config.py:1065: UserWarning: Using a large number of experts (e.g. >=32) without fp32 routing. Consider enabling moe_router_dtype for better numerical stability.
[36m(WorkerDict pid=4031205)[0m   warnings.warn(
[36m(WorkerDict pid=4031204)[0m /workspace/cann-recipes-train/llm_rl/qwen3_shrink_aware/megatron/core/transformer/transformer_config.py:1065: UserWarning: Using a large number of experts (e.g. >=32) without fp32 routing. Consider enabling moe_router_dtype for better numerical stability.
[36m(WorkerDict pid=4031204)[0m   warnings.warn(
[36m(WorkerDict pid=4031210)[0m /workspace/cann-recipes-train/llm_rl/qwen3_shrink_aware/megatron/core/transformer/transformer_config.py:1065: UserWarning: Using a large number of experts (e.g. >=32) without fp32 routing. Consider enabling moe_router_dtype for better numerical stability.
[36m(WorkerDict pid=4031210)[0m   warnings.warn(
[36m(WorkerDict pid=4031197)[0m /workspace/cann-recipes-train/llm_rl/qwen3_shrink_aware/megatron/core/transformer/transformer_config.py:1065: UserWarning: Using a large number of experts (e.g. >=32) without fp32 routing. Consider enabling moe_router_dtype for better numerical stability.
[36m(WorkerDict pid=4031197)[0m   warnings.warn(
[36m(WorkerDict pid=4031195)[0m /workspace/cann-recipes-train/llm_rl/qwen3_shrink_aware/megatron/core/transformer/transformer_config.py:1065: UserWarning: Using a large number of experts (e.g. >=32) without fp32 routing. Consider enabling moe_router_dtype for better numerical stability.
[36m(WorkerDict pid=4031195)[0m   warnings.warn(
[36m(WorkerDict pid=4031202)[0m /workspace/cann-recipes-train/llm_rl/qwen3_shrink_aware/megatron/core/transformer/transformer_config.py:1065: UserWarning: Using a large number of experts (e.g. >=32) without fp32 routing. Consider enabling moe_router_dtype for better numerical stability.
[36m(WorkerDict pid=4031202)[0m   warnings.warn(
[36m(WorkerDict pid=4031203)[0m /workspace/cann-recipes-train/llm_rl/qwen3_shrink_aware/megatron/core/transformer/transformer_config.py:1065: UserWarning: Using a large number of experts (e.g. >=32) without fp32 routing. Consider enabling moe_router_dtype for better numerical stability.
[36m(WorkerDict pid=4031203)[0m   warnings.warn(
[36m(WorkerDict pid=4031198)[0m /workspace/cann-recipes-train/llm_rl/qwen3_shrink_aware/megatron/core/transformer/transformer_config.py:1065: UserWarning: Using a large number of experts (e.g. >=32) without fp32 routing. Consider enabling moe_router_dtype for better numerical stability.
[36m(WorkerDict pid=4031198)[0m   warnings.warn(
[36m(WorkerDict pid=4031212)[0m /workspace/cann-recipes-train/llm_rl/qwen3_shrink_aware/megatron/core/transformer/transformer_config.py:1065: UserWarning: Using a large number of experts (e.g. >=32) without fp32 routing. Consider enabling moe_router_dtype for better numerical stability.
[36m(WorkerDict pid=4031212)[0m   warnings.warn(
[36m(WorkerDict pid=4031201)[0m /workspace/cann-recipes-train/llm_rl/qwen3_shrink_aware/megatron/core/transformer/transformer_config.py:1065: UserWarning: Using a large number of experts (e.g. >=32) without fp32 routing. Consider enabling moe_router_dtype for better numerical stability.
[36m(WorkerDict pid=4031201)[0m   warnings.warn(
[36m(WorkerDict pid=4031194)[0m /workspace/cann-recipes-train/llm_rl/qwen3_shrink_aware/megatron/core/transformer/transformer_config.py:1065: UserWarning: Using a large number of experts (e.g. >=32) without fp32 routing. Consider enabling moe_router_dtype for better numerical stability.
[36m(WorkerDict pid=4031194)[0m   warnings.warn(
[36m(TaskRunner pid=4027924)[0m Training Progress:   0%|          | 0/5 [00:00<?, ?it/s]
[36m(WorkerDict pid=4031211)[0m Adding requests:   0%|          | 0/32 [00:00<?, ?it/s]Adding requests: 100%|██████████| 32/32 [00:00<00:00, 10223.00it/s]
[36m(WorkerDict pid=4031211)[0m Processed prompts:   0%|          | 0/32 [00:00<?, ?it/s, est. speed input: 0.00 toks/s, output: 0.00 toks/s]
[36m(WorkerDict pid=4031197)[0m Adding requests:   0%|          | 0/32 [00:00<?, ?it/s]Adding requests: 100%|██████████| 32/32 [00:00<00:00, 9525.74it/s]
[36m(WorkerDict pid=4031197)[0m Processed prompts:   0%|          | 0/32 [00:00<?, ?it/s, est. speed input: 0.00 toks/s, output: 0.00 toks/s]
[36m(WorkerDict pid=4031200)[0m Adding requests:   0%|          | 0/32 [00:00<?, ?it/s]Adding requests: 100%|██████████| 32/32 [00:00<00:00, 9797.63it/s]
[36m(WorkerDict pid=4031200)[0m Processed prompts:   0%|          | 0/32 [00:00<?, ?it/s, est. speed input: 0.00 toks/s, output: 0.00 toks/s]
[36m(WorkerDict pid=4031205)[0m Adding requests:   0%|          | 0/32 [00:00<?, ?it/s]Adding requests: 100%|██████████| 32/32 [00:00<00:00, 8841.75it/s]
[36m(WorkerDict pid=4031205)[0m Processed prompts:   0%|          | 0/32 [00:00<?, ?it/s, est. speed input: 0.00 toks/s, output: 0.00 toks/s]
[36m(WorkerDict pid=4031213)[0m Adding requests:   0%|          | 0/32 [00:00<?, ?it/s]Adding requests: 100%|██████████| 32/32 [00:00<00:00, 9563.07it/s]
[36m(WorkerDict pid=4031213)[0m Processed prompts:   0%|          | 0/32 [00:00<?, ?it/s, est. speed input: 0.00 toks/s, output: 0.00 toks/s]
[36m(WorkerDict pid=4031204)[0m Adding requests:   0%|          | 0/32 [00:00<?, ?it/s]Adding requests: 100%|██████████| 32/32 [00:00<00:00, 8968.78it/s]
[36m(WorkerDict pid=4031204)[0m Processed prompts:   0%|          | 0/32 [00:00<?, ?it/s, est. speed input: 0.00 toks/s, output: 0.00 toks/s]
[36m(WorkerDict pid=4031199)[0m Adding requests:   0%|          | 0/32 [00:00<?, ?it/s]Adding requests: 100%|██████████| 32/32 [00:00<00:00, 9603.44it/s]
[36m(WorkerDict pid=4031199)[0m Processed prompts:   0%|          | 0/32 [00:00<?, ?it/s, est. speed input: 0.00 toks/s, output: 0.00 toks/s]
[36m(WorkerDict pid=4031196)[0m Adding requests:   0%|          | 0/32 [00:00<?, ?it/s]Adding requests: 100%|██████████| 32/32 [00:00<00:00, 9697.81it/s]
[36m(WorkerDict pid=4031196)[0m Processed prompts:   0%|          | 0/32 [00:00<?, ?it/s, est. speed input: 0.00 toks/s, output: 0.00 toks/s]
[36m(WorkerDict pid=4031202)[0m Adding requests:   0%|          | 0/32 [00:00<?, ?it/s]Adding requests: 100%|██████████| 32/32 [00:00<00:00, 4692.60it/s]
[36m(WorkerDict pid=4031202)[0m Processed prompts:   0%|          | 0/32 [00:00<?, ?it/s, est. speed input: 0.00 toks/s, output: 0.00 toks/s]
[36m(WorkerDict pid=4031203)[0m Adding requests:   0%|          | 0/32 [00:00<?, ?it/s]Adding requests: 100%|██████████| 32/32 [00:00<00:00, 8093.69it/s]
[36m(WorkerDict pid=4031203)[0m Processed prompts:   0%|          | 0/32 [00:00<?, ?it/s, est. speed input: 0.00 toks/s, output: 0.00 toks/s]
[36m(WorkerDict pid=4031210)[0m Adding requests:   0%|          | 0/32 [00:00<?, ?it/s]Adding requests: 100%|██████████| 32/32 [00:00<00:00, 8941.89it/s]
[36m(WorkerDict pid=4031210)[0m Processed prompts:   0%|          | 0/32 [00:00<?, ?it/s, est. speed input: 0.00 toks/s, output: 0.00 toks/s]
[36m(WorkerDict pid=4031198)[0m Adding requests:   0%|          | 0/32 [00:00<?, ?it/s]Adding requests: 100%|██████████| 32/32 [00:00<00:00, 9283.93it/s]
[36m(WorkerDict pid=4031198)[0m Processed prompts:   0%|          | 0/32 [00:00<?, ?it/s, est. speed input: 0.00 toks/s, output: 0.00 toks/s]
[36m(WorkerDict pid=4031212)[0m Adding requests:   0%|          | 0/32 [00:00<?, ?it/s]Adding requests: 100%|██████████| 32/32 [00:00<00:00, 8738.70it/s]
[36m(WorkerDict pid=4031212)[0m Processed prompts:   0%|          | 0/32 [00:00<?, ?it/s, est. speed input: 0.00 toks/s, output: 0.00 toks/s]
[36m(WorkerDict pid=4031195)[0m Adding requests:   0%|          | 0/32 [00:00<?, ?it/s]Adding requests: 100%|██████████| 32/32 [00:00<00:00, 7567.53it/s]
[36m(WorkerDict pid=4031195)[0m Processed prompts:   0%|          | 0/32 [00:00<?, ?it/s, est. speed input: 0.00 toks/s, output: 0.00 toks/s]
[36m(WorkerDict pid=4031201)[0m Adding requests:   0%|          | 0/32 [00:00<?, ?it/s]Adding requests: 100%|██████████| 32/32 [00:00<00:00, 9023.65it/s]
[36m(WorkerDict pid=4031201)[0m Processed prompts:   0%|          | 0/32 [00:00<?, ?it/s, est. speed input: 0.00 toks/s, output: 0.00 toks/s]
[36m(WorkerDict pid=4031194)[0m Adding requests:   0%|          | 0/32 [00:00<?, ?it/s]Adding requests: 100%|██████████| 32/32 [00:00<00:00, 9678.23it/s]
[36m(WorkerDict pid=4031194)[0m Processed prompts:   0%|          | 0/32 [00:00<?, ?it/s, est. speed input: 0.00 toks/s, output: 0.00 toks/s]
[36m(WorkerDict pid=4031199)[0m [rank5]:E0620 16:15:50.325000 4031199 site-packages/torch/_dynamo/metrics_context.py:105] [0/0] Unexpected exception logging compilation metrics
[36m(WorkerDict pid=4031199)[0m [rank5]:E0620 16:15:50.325000 4031199 site-packages/torch/_dynamo/metrics_context.py:105] [0/0] Traceback (most recent call last):
[36m(WorkerDict pid=4031199)[0m [rank5]:E0620 16:15:50.325000 4031199 site-packages/torch/_dynamo/metrics_context.py:105] [0/0]   File "/usr/local/python3.11.14/lib/python3.11/site-packages/torch/_dynamo/metrics_context.py", line 101, in __exit__
[36m(WorkerDict pid=4031199)[0m [rank5]:E0620 16:15:50.325000 4031199 site-packages/torch/_dynamo/metrics_context.py:105] [0/0]     self._on_exit(
[36m(WorkerDict pid=4031199)[0m [rank5]:E0620 16:15:50.325000 4031199 site-packages/torch/_dynamo/metrics_context.py:105] [0/0]   File "/usr/local/python3.11.14/lib/python3.11/site-packages/torch/_dynamo/utils.py", line 1632, in record_compilation_metrics
[36m(WorkerDict pid=4031199)[0m [rank5]:E0620 16:15:50.325000 4031199 site-packages/torch/_dynamo/metrics_context.py:105] [0/0]     "triton_version": triton.__version__ if has_triton() else "",
[36m(WorkerDict pid=4031199)[0m [rank5]:E0620 16:15:50.325000 4031199 site-packages/torch/_dynamo/metrics_context.py:105] [0/0]                                             ^^^^^^^^^^^^
[36m(WorkerDict pid=4031199)[0m [rank5]:E0620 16:15:50.325000 4031199 site-packages/torch/_dynamo/metrics_context.py:105] [0/0]   File "/usr/local/python3.11.14/lib/python3.11/site-packages/torch/utils/_triton.py", line 159, in has_triton
[36m(WorkerDict pid=4031199)[0m [rank5]:E0620 16:15:50.325000 4031199 site-packages/torch/_dynamo/metrics_context.py:105] [0/0]     return is_device_compatible_with_triton()
[36m(WorkerDict pid=4031199)[0m [rank5]:E0620 16:15:50.325000 4031199 site-packages/torch/_dynamo/metrics_context.py:105] [0/0]            ^^^^^^^^^^^^^^^^^^^^^^^^^^^^^^^^^^
[36m(WorkerDict pid=4031199)[0m [rank5]:E0620 16:15:50.325000 4031199 site-packages/torch/_dynamo/metrics_context.py:105] [0/0]   File "/usr/local/python3.11.14/lib/python3.11/site-packages/torch/utils/_triton.py", line 155, in is_device_compatible_with_triton
[36m(WorkerDict pid=4031199)[0m [rank5]:E0620 16:15:50.325000 4031199 site-packages/torch/_dynamo/metrics_context.py:105] [0/0]     if device_interface.is_available() and extra_check(device_interface):
[36m(WorkerDict pid=4031199)[0m [rank5]:E0620 16:15:50.325000 4031199 site-packages/torch/_dynamo/metrics_context.py:105] [0/0]                                            ^^^^^^^^^^^^^^^^^^^^^^^^^^^^^
[36m(WorkerDict pid=4031199)[0m [rank5]:E0620 16:15:50.325000 4031199 site-packages/torch/_dynamo/metrics_context.py:105] [0/0]   File "/usr/local/python3.11.14/lib/python3.11/site-packages/torch/utils/_triton.py", line 135, in cuda_extra_check
[36m(WorkerDict pid=4031199)[0m [rank5]:E0620 16:15:50.325000 4031199 site-packages/torch/_dynamo/metrics_context.py:105] [0/0]     return device_interface.Worker.get_device_properties().major >= 7
[36m(WorkerDict pid=4031199)[0m [rank5]:E0620 16:15:50.325000 4031199 site-packages/torch/_dynamo/metrics_context.py:105] [0/0]            ^^^^^^^^^^^^^^^^^^^^^^^^^^^^^^^^^^^^^^^^^^^^^^^^^^^^^^^^^^
[36m(WorkerDict pid=4031199)[0m [rank5]:E0620 16:15:50.325000 4031199 site-packages/torch/_dynamo/metrics_context.py:105] [0/0] TypeError: '>=' not supported between instances of 'NoneType' and 'int'
[36m(WorkerDict pid=4031200)[0m [rank6]:E0620 16:15:50.310000 4031200 site-packages/torch/_dynamo/metrics_context.py:105] [0/0] Unexpected exception logging compilation metrics
[36m(WorkerDict pid=4031200)[0m [rank6]:E0620 16:15:50.310000 4031200 site-packages/torch/_dynamo/metrics_context.py:105] [0/0] Traceback (most recent call last):
[36m(WorkerDict pid=4031200)[0m [rank6]:E0620 16:15:50.310000 4031200 site-packages/torch/_dynamo/metrics_context.py:105] [0/0]   File "/usr/local/python3.11.14/lib/python3.11/site-packages/torch/_dynamo/metrics_context.py", line 101, in __exit__
[36m(WorkerDict pid=4031200)[0m [rank6]:E0620 16:15:50.310000 4031200 site-packages/torch/_dynamo/metrics_context.py:105] [0/0]     self._on_exit(
[36m(WorkerDict pid=4031200)[0m [rank6]:E0620 16:15:50.310000 4031200 site-packages/torch/_dynamo/metrics_context.py:105] [0/0]   File "/usr/local/python3.11.14/lib/python3.11/site-packages/torch/_dynamo/utils.py", line 1632, in record_compilation_metrics
[36m(WorkerDict pid=4031200)[0m [rank6]:E0620 16:15:50.310000 4031200 site-packages/torch/_dynamo/metrics_context.py:105] [0/0]     "triton_version": triton.__version__ if has_triton() else "",
[36m(WorkerDict pid=4031200)[0m [rank6]:E0620 16:15:50.310000 4031200 site-packages/torch/_dynamo/metrics_context.py:105] [0/0]                                             ^^^^^^^^^^^^
[36m(WorkerDict pid=4031200)[0m [rank6]:E0620 16:15:50.310000 4031200 site-packages/torch/_dynamo/metrics_context.py:105] [0/0]   File "/usr/local/python3.11.14/lib/python3.11/site-packages/torch/utils/_triton.py", line 159, in has_triton
[36m(WorkerDict pid=4031200)[0m [rank6]:E0620 16:15:50.310000 4031200 site-packages/torch/_dynamo/metrics_context.py:105] [0/0]     return is_device_compatible_with_triton()
[36m(WorkerDict pid=4031200)[0m [rank6]:E0620 16:15:50.310000 4031200 site-packages/torch/_dynamo/metrics_context.py:105] [0/0]            ^^^^^^^^^^^^^^^^^^^^^^^^^^^^^^^^^^
[36m(WorkerDict pid=4031200)[0m [rank6]:E0620 16:15:50.310000 4031200 site-packages/torch/_dynamo/metrics_context.py:105] [0/0]   File "/usr/local/python3.11.14/lib/python3.11/site-packages/torch/utils/_triton.py", line 155, in is_device_compatible_with_triton
[36m(WorkerDict pid=4031200)[0m [rank6]:E0620 16:15:50.310000 4031200 site-packages/torch/_dynamo/metrics_context.py:105] [0/0]     if device_interface.is_available() and extra_check(device_interface):
[36m(WorkerDict pid=4031200)[0m [rank6]:E0620 16:15:50.310000 4031200 site-packages/torch/_dynamo/metrics_context.py:105] [0/0]                                            ^^^^^^^^^^^^^^^^^^^^^^^^^^^^^
[36m(WorkerDict pid=4031200)[0m [rank6]:E0620 16:15:50.310000 4031200 site-packages/torch/_dynamo/metrics_context.py:105] [0/0]   File "/usr/local/python3.11.14/lib/python3.11/site-packages/torch/utils/_triton.py", line 135, in cuda_extra_check
[36m(WorkerDict pid=4031200)[0m [rank6]:E0620 16:15:50.310000 4031200 site-packages/torch/_dynamo/metrics_context.py:105] [0/0]     return device_interface.Worker.get_device_properties().major >= 7
[36m(WorkerDict pid=4031200)[0m [rank6]:E0620 16:15:50.310000 4031200 site-packages/torch/_dynamo/metrics_context.py:105] [0/0]            ^^^^^^^^^^^^^^^^^^^^^^^^^^^^^^^^^^^^^^^^^^^^^^^^^^^^^^^^^^
[36m(WorkerDict pid=4031200)[0m [rank6]:E0620 16:15:50.310000 4031200 site-packages/torch/_dynamo/metrics_context.py:105] [0/0] TypeError: '>=' not supported between instances of 'NoneType' and 'int'
[36m(WorkerDict pid=4031196)[0m [rank2]:E0620 16:15:50.271000 4031196 site-packages/torch/_dynamo/metrics_context.py:105] [0/0] Unexpected exception logging compilation metrics
[36m(WorkerDict pid=4031196)[0m [rank2]:E0620 16:15:50.271000 4031196 site-packages/torch/_dynamo/metrics_context.py:105] [0/0] Traceback (most recent call last):
[36m(WorkerDict pid=4031196)[0m [rank2]:E0620 16:15:50.271000 4031196 site-packages/torch/_dynamo/metrics_context.py:105] [0/0]   File "/usr/local/python3.11.14/lib/python3.11/site-packages/torch/_dynamo/metrics_context.py", line 101, in __exit__
[36m(WorkerDict pid=4031196)[0m [rank2]:E0620 16:15:50.271000 4031196 site-packages/torch/_dynamo/metrics_context.py:105] [0/0]     self._on_exit(
[36m(WorkerDict pid=4031196)[0m [rank2]:E0620 16:15:50.271000 4031196 site-packages/torch/_dynamo/metrics_context.py:105] [0/0]   File "/usr/local/python3.11.14/lib/python3.11/site-packages/torch/_dynamo/utils.py", line 1632, in record_compilation_metrics
[36m(WorkerDict pid=4031196)[0m [rank2]:E0620 16:15:50.271000 4031196 site-packages/torch/_dynamo/metrics_context.py:105] [0/0]     "triton_version": triton.__version__ if has_triton() else "",
[36m(WorkerDict pid=4031196)[0m [rank2]:E0620 16:15:50.271000 4031196 site-packages/torch/_dynamo/metrics_context.py:105] [0/0]                                             ^^^^^^^^^^^^
[36m(WorkerDict pid=4031196)[0m [rank2]:E0620 16:15:50.271000 4031196 site-packages/torch/_dynamo/metrics_context.py:105] [0/0]   File "/usr/local/python3.11.14/lib/python3.11/site-packages/torch/utils/_triton.py", line 159, in has_triton
[36m(WorkerDict pid=4031196)[0m [rank2]:E0620 16:15:50.271000 4031196 site-packages/torch/_dynamo/metrics_context.py:105] [0/0]     return is_device_compatible_with_triton()
[36m(WorkerDict pid=4031196)[0m [rank2]:E0620 16:15:50.271000 4031196 site-packages/torch/_dynamo/metrics_context.py:105] [0/0]            ^^^^^^^^^^^^^^^^^^^^^^^^^^^^^^^^^^
[36m(WorkerDict pid=4031196)[0m [rank2]:E0620 16:15:50.271000 4031196 site-packages/torch/_dynamo/metrics_context.py:105] [0/0]   File "/usr/local/python3.11.14/lib/python3.11/site-packages/torch/utils/_triton.py", line 155, in is_device_compatible_with_triton
[36m(WorkerDict pid=4031196)[0m [rank2]:E0620 16:15:50.271000 4031196 site-packages/torch/_dynamo/metrics_context.py:105] [0/0]     if device_interface.is_available() and extra_check(device_interface):
[36m(WorkerDict pid=4031196)[0m [rank2]:E0620 16:15:50.271000 4031196 site-packages/torch/_dynamo/metrics_context.py:105] [0/0]                                            ^^^^^^^^^^^^^^^^^^^^^^^^^^^^^
[36m(WorkerDict pid=4031196)[0m [rank2]:E0620 16:15:50.271000 4031196 site-packages/torch/_dynamo/metrics_context.py:105] [0/0]   File "/usr/local/python3.11.14/lib/python3.11/site-packages/torch/utils/_triton.py", line 135, in cuda_extra_check
[36m(WorkerDict pid=4031196)[0m [rank2]:E0620 16:15:50.271000 4031196 site-packages/torch/_dynamo/metrics_context.py:105] [0/0]     return device_interface.Worker.get_device_properties().major >= 7
[36m(WorkerDict pid=4031196)[0m [rank2]:E0620 16:15:50.271000 4031196 site-packages/torch/_dynamo/metrics_context.py:105] [0/0]            ^^^^^^^^^^^^^^^^^^^^^^^^^^^^^^^^^^^^^^^^^^^^^^^^^^^^^^^^^^
[36m(WorkerDict pid=4031196)[0m [rank2]:E0620 16:15:50.271000 4031196 site-packages/torch/_dynamo/metrics_context.py:105] [0/0] TypeError: '>=' not supported between instances of 'NoneType' and 'int'
[36m(WorkerDict pid=4031202)[0m [rank12]:E0620 16:15:50.346000 4031202 site-packages/torch/_dynamo/metrics_context.py:105] [0/0] Unexpected exception logging compilation metrics
[36m(WorkerDict pid=4031202)[0m [rank12]:E0620 16:15:50.346000 4031202 site-packages/torch/_dynamo/metrics_context.py:105] [0/0] Traceback (most recent call last):
[36m(WorkerDict pid=4031202)[0m [rank12]:E0620 16:15:50.346000 4031202 site-packages/torch/_dynamo/metrics_context.py:105] [0/0]   File "/usr/local/python3.11.14/lib/python3.11/site-packages/torch/_dynamo/metrics_context.py", line 101, in __exit__
[36m(WorkerDict pid=4031202)[0m [rank12]:E0620 16:15:50.346000 4031202 site-packages/torch/_dynamo/metrics_context.py:105] [0/0]     self._on_exit(
[36m(WorkerDict pid=4031202)[0m [rank12]:E0620 16:15:50.346000 4031202 site-packages/torch/_dynamo/metrics_context.py:105] [0/0]   File "/usr/local/python3.11.14/lib/python3.11/site-packages/torch/_dynamo/utils.py", line 1632, in record_compilation_metrics
[36m(WorkerDict pid=4031202)[0m [rank12]:E0620 16:15:50.346000 4031202 site-packages/torch/_dynamo/metrics_context.py:105] [0/0]     "triton_version": triton.__version__ if has_triton() else "",
[36m(WorkerDict pid=4031202)[0m [rank12]:E0620 16:15:50.346000 4031202 site-packages/torch/_dynamo/metrics_context.py:105] [0/0]                                             ^^^^^^^^^^^^
[36m(WorkerDict pid=4031202)[0m [rank12]:E0620 16:15:50.346000 4031202 site-packages/torch/_dynamo/metrics_context.py:105] [0/0]   File "/usr/local/python3.11.14/lib/python3.11/site-packages/torch/utils/_triton.py", line 159, in has_triton
[36m(WorkerDict pid=4031202)[0m [rank12]:E0620 16:15:50.346000 4031202 site-packages/torch/_dynamo/metrics_context.py:105] [0/0]     return is_device_compatible_with_triton()
[36m(WorkerDict pid=4031202)[0m [rank12]:E0620 16:15:50.346000 4031202 site-packages/torch/_dynamo/metrics_context.py:105] [0/0]            ^^^^^^^^^^^^^^^^^^^^^^^^^^^^^^^^^^
[36m(WorkerDict pid=4031202)[0m [rank12]:E0620 16:15:50.346000 4031202 site-packages/torch/_dynamo/metrics_context.py:105] [0/0]   File "/usr/local/python3.11.14/lib/python3.11/site-packages/torch/utils/_triton.py", line 155, in is_device_compatible_with_triton
[36m(WorkerDict pid=4031202)[0m [rank12]:E0620 16:15:50.346000 4031202 site-packages/torch/_dynamo/metrics_context.py:105] [0/0]     if device_interface.is_available() and extra_check(device_interface):
[36m(WorkerDict pid=4031202)[0m [rank12]:E0620 16:15:50.346000 4031202 site-packages/torch/_dynamo/metrics_context.py:105] [0/0]                                            ^^^^^^^^^^^^^^^^^^^^^^^^^^^^^
[36m(WorkerDict pid=4031202)[0m [rank12]:E0620 16:15:50.346000 4031202 site-packages/torch/_dynamo/metrics_context.py:105] [0/0]   File "/usr/local/python3.11.14/lib/python3.11/site-packages/torch/utils/_triton.py", line 135, in cuda_extra_check
[36m(WorkerDict pid=4031202)[0m [rank12]:E0620 16:15:50.346000 4031202 site-packages/torch/_dynamo/metrics_context.py:105] [0/0]     return device_interface.Worker.get_device_properties().major >= 7
[36m(WorkerDict pid=4031202)[0m [rank12]:E0620 16:15:50.346000 4031202 site-packages/torch/_dynamo/metrics_context.py:105] [0/0]            ^^^^^^^^^^^^^^^^^^^^^^^^^^^^^^^^^^^^^^^^^^^^^^^^^^^^^^^^^^
[36m(WorkerDict pid=4031202)[0m [rank12]:E0620 16:15:50.346000 4031202 site-packages/torch/_dynamo/metrics_context.py:105] [0/0] TypeError: '>=' not supported between instances of 'NoneType' and 'int'
[36m(WorkerDict pid=4031205)[0m [rank10]:E0620 16:15:50.325000 4031205 site-packages/torch/_dynamo/metrics_context.py:105] [0/0] Unexpected exception logging compilation metrics
[36m(WorkerDict pid=4031205)[0m [rank10]:E0620 16:15:50.325000 4031205 site-packages/torch/_dynamo/metrics_context.py:105] [0/0] Traceback (most recent call last):
[36m(WorkerDict pid=4031205)[0m [rank10]:E0620 16:15:50.325000 4031205 site-packages/torch/_dynamo/metrics_context.py:105] [0/0]   File "/usr/local/python3.11.14/lib/python3.11/site-packages/torch/_dynamo/metrics_context.py", line 101, in __exit__
[36m(WorkerDict pid=4031205)[0m [rank10]:E0620 16:15:50.325000 4031205 site-packages/torch/_dynamo/metrics_context.py:105] [0/0]     self._on_exit(
[36m(WorkerDict pid=4031205)[0m [rank10]:E0620 16:15:50.325000 4031205 site-packages/torch/_dynamo/metrics_context.py:105] [0/0]   File "/usr/local/python3.11.14/lib/python3.11/site-packages/torch/_dynamo/utils.py", line 1632, in record_compilation_metrics
[36m(WorkerDict pid=4031205)[0m [rank10]:E0620 16:15:50.325000 4031205 site-packages/torch/_dynamo/metrics_context.py:105] [0/0]     "triton_version": triton.__version__ if has_triton() else "",
[36m(WorkerDict pid=4031205)[0m [rank10]:E0620 16:15:50.325000 4031205 site-packages/torch/_dynamo/metrics_context.py:105] [0/0]                                             ^^^^^^^^^^^^
[36m(WorkerDict pid=4031205)[0m [rank10]:E0620 16:15:50.325000 4031205 site-packages/torch/_dynamo/metrics_context.py:105] [0/0]   File "/usr/local/python3.11.14/lib/python3.11/site-packages/torch/utils/_triton.py", line 159, in has_triton
[36m(WorkerDict pid=4031205)[0m [rank10]:E0620 16:15:50.325000 4031205 site-packages/torch/_dynamo/metrics_context.py:105] [0/0]     return is_device_compatible_with_triton()
[36m(WorkerDict pid=4031205)[0m [rank10]:E0620 16:15:50.325000 4031205 site-packages/torch/_dynamo/metrics_context.py:105] [0/0]            ^^^^^^^^^^^^^^^^^^^^^^^^^^^^^^^^^^
[36m(WorkerDict pid=4031205)[0m [rank10]:E0620 16:15:50.325000 4031205 site-packages/torch/_dynamo/metrics_context.py:105] [0/0]   File "/usr/local/python3.11.14/lib/python3.11/site-packages/torch/utils/_triton.py", line 155, in is_device_compatible_with_triton
[36m(WorkerDict pid=4031205)[0m [rank10]:E0620 16:15:50.325000 4031205 site-packages/torch/_dynamo/metrics_context.py:105] [0/0]     if device_interface.is_available() and extra_check(device_interface):
[36m(WorkerDict pid=4031205)[0m [rank10]:E0620 16:15:50.325000 4031205 site-packages/torch/_dynamo/metrics_context.py:105] [0/0]                                            ^^^^^^^^^^^^^^^^^^^^^^^^^^^^^
[36m(WorkerDict pid=4031205)[0m [rank10]:E0620 16:15:50.325000 4031205 site-packages/torch/_dynamo/metrics_context.py:105] [0/0]   File "/usr/local/python3.11.14/lib/python3.11/site-packages/torch/utils/_triton.py", line 135, in cuda_extra_check
[36m(WorkerDict pid=4031205)[0m [rank10]:E0620 16:15:50.325000 4031205 site-packages/torch/_dynamo/metrics_context.py:105] [0/0]     return device_interface.Worker.get_device_properties().major >= 7
[36m(WorkerDict pid=4031205)[0m [rank10]:E0620 16:15:50.325000 4031205 site-packages/torch/_dynamo/metrics_context.py:105] [0/0]            ^^^^^^^^^^^^^^^^^^^^^^^^^^^^^^^^^^^^^^^^^^^^^^^^^^^^^^^^^^
[36m(WorkerDict pid=4031205)[0m [rank10]:E0620 16:15:50.325000 4031205 site-packages/torch/_dynamo/metrics_context.py:105] [0/0] TypeError: '>=' not supported between instances of 'NoneType' and 'int'
[36m(WorkerDict pid=4031210)[0m [rank11]:E0620 16:15:50.352000 4031210 site-packages/torch/_dynamo/metrics_context.py:105] [0/0] Unexpected exception logging compilation metrics
[36m(WorkerDict pid=4031210)[0m [rank11]:E0620 16:15:50.352000 4031210 site-packages/torch/_dynamo/metrics_context.py:105] [0/0] Traceback (most recent call last):
[36m(WorkerDict pid=4031210)[0m [rank11]:E0620 16:15:50.352000 4031210 site-packages/torch/_dynamo/metrics_context.py:105] [0/0]   File "/usr/local/python3.11.14/lib/python3.11/site-packages/torch/_dynamo/metrics_context.py", line 101, in __exit__
[36m(WorkerDict pid=4031210)[0m [rank11]:E0620 16:15:50.352000 4031210 site-packages/torch/_dynamo/metrics_context.py:105] [0/0]     self._on_exit(
[36m(WorkerDict pid=4031210)[0m [rank11]:E0620 16:15:50.352000 4031210 site-packages/torch/_dynamo/metrics_context.py:105] [0/0]   File "/usr/local/python3.11.14/lib/python3.11/site-packages/torch/_dynamo/utils.py", line 1632, in record_compilation_metrics
[36m(WorkerDict pid=4031210)[0m [rank11]:E0620 16:15:50.352000 4031210 site-packages/torch/_dynamo/metrics_context.py:105] [0/0]     "triton_version": triton.__version__ if has_triton() else "",
[36m(WorkerDict pid=4031210)[0m [rank11]:E0620 16:15:50.352000 4031210 site-packages/torch/_dynamo/metrics_context.py:105] [0/0]                                             ^^^^^^^^^^^^
[36m(WorkerDict pid=4031210)[0m [rank11]:E0620 16:15:50.352000 4031210 site-packages/torch/_dynamo/metrics_context.py:105] [0/0]   File "/usr/local/python3.11.14/lib/python3.11/site-packages/torch/utils/_triton.py", line 159, in has_triton
[36m(WorkerDict pid=4031210)[0m [rank11]:E0620 16:15:50.352000 4031210 site-packages/torch/_dynamo/metrics_context.py:105] [0/0]     return is_device_compatible_with_triton()
[36m(WorkerDict pid=4031210)[0m [rank11]:E0620 16:15:50.352000 4031210 site-packages/torch/_dynamo/metrics_context.py:105] [0/0]            ^^^^^^^^^^^^^^^^^^^^^^^^^^^^^^^^^^
[36m(WorkerDict pid=4031210)[0m [rank11]:E0620 16:15:50.352000 4031210 site-packages/torch/_dynamo/metrics_context.py:105] [0/0]   File "/usr/local/python3.11.14/lib/python3.11/site-packages/torch/utils/_triton.py", line 155, in is_device_compatible_with_triton
[36m(WorkerDict pid=4031210)[0m [rank11]:E0620 16:15:50.352000 4031210 site-packages/torch/_dynamo/metrics_context.py:105] [0/0]     if device_interface.is_available() and extra_check(device_interface):
[36m(WorkerDict pid=4031210)[0m [rank11]:E0620 16:15:50.352000 4031210 site-packages/torch/_dynamo/metrics_context.py:105] [0/0]                                            ^^^^^^^^^^^^^^^^^^^^^^^^^^^^^
[36m(WorkerDict pid=4031210)[0m [rank11]:E0620 16:15:50.352000 4031210 site-packages/torch/_dynamo/metrics_context.py:105] [0/0]   File "/usr/local/python3.11.14/lib/python3.11/site-packages/torch/utils/_triton.py", line 135, in cuda_extra_check
[36m(WorkerDict pid=4031210)[0m [rank11]:E0620 16:15:50.352000 4031210 site-packages/torch/_dynamo/metrics_context.py:105] [0/0]     return device_interface.Worker.get_device_properties().major >= 7
[36m(WorkerDict pid=4031210)[0m [rank11]:E0620 16:15:50.352000 4031210 site-packages/torch/_dynamo/metrics_context.py:105] [0/0]            ^^^^^^^^^^^^^^^^^^^^^^^^^^^^^^^^^^^^^^^^^^^^^^^^^^^^^^^^^^
[36m(WorkerDict pid=4031210)[0m [rank11]:E0620 16:15:50.352000 4031210 site-packages/torch/_dynamo/metrics_context.py:105] [0/0] TypeError: '>=' not supported between instances of 'NoneType' and 'int'
[36m(WorkerDict pid=4031204)[0m [rank9]:E0620 16:15:50.288000 4031204 site-packages/torch/_dynamo/metrics_context.py:105] [0/0] Unexpected exception logging compilation metrics
[36m(WorkerDict pid=4031204)[0m [rank9]:E0620 16:15:50.288000 4031204 site-packages/torch/_dynamo/metrics_context.py:105] [0/0] Traceback (most recent call last):
[36m(WorkerDict pid=4031204)[0m [rank9]:E0620 16:15:50.288000 4031204 site-packages/torch/_dynamo/metrics_context.py:105] [0/0]   File "/usr/local/python3.11.14/lib/python3.11/site-packages/torch/_dynamo/metrics_context.py", line 101, in __exit__
[36m(WorkerDict pid=4031204)[0m [rank9]:E0620 16:15:50.288000 4031204 site-packages/torch/_dynamo/metrics_context.py:105] [0/0]     self._on_exit(
[36m(WorkerDict pid=4031204)[0m [rank9]:E0620 16:15:50.288000 4031204 site-packages/torch/_dynamo/metrics_context.py:105] [0/0]   File "/usr/local/python3.11.14/lib/python3.11/site-packages/torch/_dynamo/utils.py", line 1632, in record_compilation_metrics
[36m(WorkerDict pid=4031204)[0m [rank9]:E0620 16:15:50.288000 4031204 site-packages/torch/_dynamo/metrics_context.py:105] [0/0]     "triton_version": triton.__version__ if has_triton() else "",
[36m(WorkerDict pid=4031204)[0m [rank9]:E0620 16:15:50.288000 4031204 site-packages/torch/_dynamo/metrics_context.py:105] [0/0]                                             ^^^^^^^^^^^^
[36m(WorkerDict pid=4031204)[0m [rank9]:E0620 16:15:50.288000 4031204 site-packages/torch/_dynamo/metrics_context.py:105] [0/0]   File "/usr/local/python3.11.14/lib/python3.11/site-packages/torch/utils/_triton.py", line 159, in has_triton
[36m(WorkerDict pid=4031204)[0m [rank9]:E0620 16:15:50.288000 4031204 site-packages/torch/_dynamo/metrics_context.py:105] [0/0]     return is_device_compatible_with_triton()
[36m(WorkerDict pid=4031204)[0m [rank9]:E0620 16:15:50.288000 4031204 site-packages/torch/_dynamo/metrics_context.py:105] [0/0]            ^^^^^^^^^^^^^^^^^^^^^^^^^^^^^^^^^^
[36m(WorkerDict pid=4031204)[0m [rank9]:E0620 16:15:50.288000 4031204 site-packages/torch/_dynamo/metrics_context.py:105] [0/0]   File "/usr/local/python3.11.14/lib/python3.11/site-packages/torch/utils/_triton.py", line 155, in is_device_compatible_with_triton
[36m(WorkerDict pid=4031204)[0m [rank9]:E0620 16:15:50.288000 4031204 site-packages/torch/_dynamo/metrics_context.py:105] [0/0]     if device_interface.is_available() and extra_check(device_interface):
[36m(WorkerDict pid=4031204)[0m [rank9]:E0620 16:15:50.288000 4031204 site-packages/torch/_dynamo/metrics_context.py:105] [0/0]                                            ^^^^^^^^^^^^^^^^^^^^^^^^^^^^^
[36m(WorkerDict pid=4031204)[0m [rank9]:E0620 16:15:50.288000 4031204 site-packages/torch/_dynamo/metrics_context.py:105] [0/0]   File "/usr/local/python3.11.14/lib/python3.11/site-packages/torch/utils/_triton.py", line 135, in cuda_extra_check
[36m(WorkerDict pid=4031204)[0m [rank9]:E0620 16:15:50.288000 4031204 site-packages/torch/_dynamo/metrics_context.py:105] [0/0]     return device_interface.Worker.get_device_properties().major >= 7
[36m(WorkerDict pid=4031204)[0m [rank9]:E0620 16:15:50.288000 4031204 site-packages/torch/_dynamo/metrics_context.py:105] [0/0]            ^^^^^^^^^^^^^^^^^^^^^^^^^^^^^^^^^^^^^^^^^^^^^^^^^^^^^^^^^^
[36m(WorkerDict pid=4031204)[0m [rank9]:E0620 16:15:50.288000 4031204 site-packages/torch/_dynamo/metrics_context.py:105] [0/0] TypeError: '>=' not supported between instances of 'NoneType' and 'int'
[36m(WorkerDict pid=4031203)[0m [rank8]:E0620 16:15:50.348000 4031203 site-packages/torch/_dynamo/metrics_context.py:105] [0/0] Unexpected exception logging compilation metrics
[36m(WorkerDict pid=4031203)[0m [rank8]:E0620 16:15:50.348000 4031203 site-packages/torch/_dynamo/metrics_context.py:105] [0/0] Traceback (most recent call last):
[36m(WorkerDict pid=4031203)[0m [rank8]:E0620 16:15:50.348000 4031203 site-packages/torch/_dynamo/metrics_context.py:105] [0/0]   File "/usr/local/python3.11.14/lib/python3.11/site-packages/torch/_dynamo/metrics_context.py", line 101, in __exit__
[36m(WorkerDict pid=4031203)[0m [rank8]:E0620 16:15:50.348000 4031203 site-packages/torch/_dynamo/metrics_context.py:105] [0/0]     self._on_exit(
[36m(WorkerDict pid=4031203)[0m [rank8]:E0620 16:15:50.348000 4031203 site-packages/torch/_dynamo/metrics_context.py:105] [0/0]   File "/usr/local/python3.11.14/lib/python3.11/site-packages/torch/_dynamo/utils.py", line 1632, in record_compilation_metrics
[36m(WorkerDict pid=4031203)[0m [rank8]:E0620 16:15:50.348000 4031203 site-packages/torch/_dynamo/metrics_context.py:105] [0/0]     "triton_version": triton.__version__ if has_triton() else "",
[36m(WorkerDict pid=4031203)[0m [rank8]:E0620 16:15:50.348000 4031203 site-packages/torch/_dynamo/metrics_context.py:105] [0/0]                                             ^^^^^^^^^^^^
[36m(WorkerDict pid=4031203)[0m [rank8]:E0620 16:15:50.348000 4031203 site-packages/torch/_dynamo/metrics_context.py:105] [0/0]   File "/usr/local/python3.11.14/lib/python3.11/site-packages/torch/utils/_triton.py", line 159, in has_triton
[36m(WorkerDict pid=4031203)[0m [rank8]:E0620 16:15:50.348000 4031203 site-packages/torch/_dynamo/metrics_context.py:105] [0/0]     return is_device_compatible_with_triton()
[36m(WorkerDict pid=4031203)[0m [rank8]:E0620 16:15:50.348000 4031203 site-packages/torch/_dynamo/metrics_context.py:105] [0/0]            ^^^^^^^^^^^^^^^^^^^^^^^^^^^^^^^^^^
[36m(WorkerDict pid=4031203)[0m [rank8]:E0620 16:15:50.348000 4031203 site-packages/torch/_dynamo/metrics_context.py:105] [0/0]   File "/usr/local/python3.11.14/lib/python3.11/site-packages/torch/utils/_triton.py", line 155, in is_device_compatible_with_triton
[36m(WorkerDict pid=4031203)[0m [rank8]:E0620 16:15:50.348000 4031203 site-packages/torch/_dynamo/metrics_context.py:105] [0/0]     if device_interface.is_available() and extra_check(device_interface):
[36m(WorkerDict pid=4031203)[0m [rank8]:E0620 16:15:50.348000 4031203 site-packages/torch/_dynamo/metrics_context.py:105] [0/0]                                            ^^^^^^^^^^^^^^^^^^^^^^^^^^^^^
[36m(WorkerDict pid=4031203)[0m [rank8]:E0620 16:15:50.348000 4031203 site-packages/torch/_dynamo/metrics_context.py:105] [0/0]   File "/usr/local/python3.11.14/lib/python3.11/site-packages/torch/utils/_triton.py", line 135, in cuda_extra_check
[36m(WorkerDict pid=4031203)[0m [rank8]:E0620 16:15:50.348000 4031203 site-packages/torch/_dynamo/metrics_context.py:105] [0/0]     return device_interface.Worker.get_device_properties().major >= 7
[36m(WorkerDict pid=4031203)[0m [rank8]:E0620 16:15:50.348000 4031203 site-packages/torch/_dynamo/metrics_context.py:105] [0/0]            ^^^^^^^^^^^^^^^^^^^^^^^^^^^^^^^^^^^^^^^^^^^^^^^^^^^^^^^^^^
[36m(WorkerDict pid=4031203)[0m [rank8]:E0620 16:15:50.348000 4031203 site-packages/torch/_dynamo/metrics_context.py:105] [0/0] TypeError: '>=' not supported between instances of 'NoneType' and 'int'
[36m(WorkerDict pid=4031213)[0m [rank13]:E0620 16:15:50.325000 4031213 site-packages/torch/_dynamo/metrics_context.py:105] [0/0] Unexpected exception logging compilation metrics
[36m(WorkerDict pid=4031213)[0m [rank13]:E0620 16:15:50.325000 4031213 site-packages/torch/_dynamo/metrics_context.py:105] [0/0] Traceback (most recent call last):
[36m(WorkerDict pid=4031213)[0m [rank13]:E0620 16:15:50.325000 4031213 site-packages/torch/_dynamo/metrics_context.py:105] [0/0]   File "/usr/local/python3.11.14/lib/python3.11/site-packages/torch/_dynamo/metrics_context.py", line 101, in __exit__
[36m(WorkerDict pid=4031213)[0m [rank13]:E0620 16:15:50.325000 4031213 site-packages/torch/_dynamo/metrics_context.py:105] [0/0]     self._on_exit(
[36m(WorkerDict pid=4031213)[0m [rank13]:E0620 16:15:50.325000 4031213 site-packages/torch/_dynamo/metrics_context.py:105] [0/0]   File "/usr/local/python3.11.14/lib/python3.11/site-packages/torch/_dynamo/utils.py", line 1632, in record_compilation_metrics
[36m(WorkerDict pid=4031213)[0m [rank13]:E0620 16:15:50.325000 4031213 site-packages/torch/_dynamo/metrics_context.py:105] [0/0]     "triton_version": triton.__version__ if has_triton() else "",
[36m(WorkerDict pid=4031213)[0m [rank13]:E0620 16:15:50.325000 4031213 site-packages/torch/_dynamo/metrics_context.py:105] [0/0]                                             ^^^^^^^^^^^^
[36m(WorkerDict pid=4031213)[0m [rank13]:E0620 16:15:50.325000 4031213 site-packages/torch/_dynamo/metrics_context.py:105] [0/0]   File "/usr/local/python3.11.14/lib/python3.11/site-packages/torch/utils/_triton.py", line 159, in has_triton
[36m(WorkerDict pid=4031213)[0m [rank13]:E0620 16:15:50.325000 4031213 site-packages/torch/_dynamo/metrics_context.py:105] [0/0]     return is_device_compatible_with_triton()
[36m(WorkerDict pid=4031213)[0m [rank13]:E0620 16:15:50.325000 4031213 site-packages/torch/_dynamo/metrics_context.py:105] [0/0]            ^^^^^^^^^^^^^^^^^^^^^^^^^^^^^^^^^^
[36m(WorkerDict pid=4031213)[0m [rank13]:E0620 16:15:50.325000 4031213 site-packages/torch/_dynamo/metrics_context.py:105] [0/0]   File "/usr/local/python3.11.14/lib/python3.11/site-packages/torch/utils/_triton.py", line 155, in is_device_compatible_with_triton
[36m(WorkerDict pid=4031213)[0m [rank13]:E0620 16:15:50.325000 4031213 site-packages/torch/_dynamo/metrics_context.py:105] [0/0]     if device_interface.is_available() and extra_check(device_interface):
[36m(WorkerDict pid=4031213)[0m [rank13]:E0620 16:15:50.325000 4031213 site-packages/torch/_dynamo/metrics_context.py:105] [0/0]                                            ^^^^^^^^^^^^^^^^^^^^^^^^^^^^^
[36m(WorkerDict pid=4031213)[0m [rank13]:E0620 16:15:50.325000 4031213 site-packages/torch/_dynamo/metrics_context.py:105] [0/0]   File "/usr/local/python3.11.14/lib/python3.11/site-packages/torch/utils/_triton.py", line 135, in cuda_extra_check
[36m(WorkerDict pid=4031213)[0m [rank13]:E0620 16:15:50.325000 4031213 site-packages/torch/_dynamo/metrics_context.py:105] [0/0]     return device_interface.Worker.get_device_properties().major >= 7
[36m(WorkerDict pid=4031213)[0m [rank13]:E0620 16:15:50.325000 4031213 site-packages/torch/_dynamo/metrics_context.py:105] [0/0]            ^^^^^^^^^^^^^^^^^^^^^^^^^^^^^^^^^^^^^^^^^^^^^^^^^^^^^^^^^^
[36m(WorkerDict pid=4031213)[0m [rank13]:E0620 16:15:50.325000 4031213 site-packages/torch/_dynamo/metrics_context.py:105] [0/0] TypeError: '>=' not supported between instances of 'NoneType' and 'int'
[36m(WorkerDict pid=4031211)[0m [rank15]:E0620 16:15:50.269000 4031211 site-packages/torch/_dynamo/metrics_context.py:105] [0/0] Unexpected exception logging compilation metrics
[36m(WorkerDict pid=4031211)[0m [rank15]:E0620 16:15:50.269000 4031211 site-packages/torch/_dynamo/metrics_context.py:105] [0/0] Traceback (most recent call last):
[36m(WorkerDict pid=4031211)[0m [rank15]:E0620 16:15:50.269000 4031211 site-packages/torch/_dynamo/metrics_context.py:105] [0/0]   File "/usr/local/python3.11.14/lib/python3.11/site-packages/torch/_dynamo/metrics_context.py", line 101, in __exit__
[36m(WorkerDict pid=4031211)[0m [rank15]:E0620 16:15:50.269000 4031211 site-packages/torch/_dynamo/metrics_context.py:105] [0/0]     self._on_exit(
[36m(WorkerDict pid=4031211)[0m [rank15]:E0620 16:15:50.269000 4031211 site-packages/torch/_dynamo/metrics_context.py:105] [0/0]   File "/usr/local/python3.11.14/lib/python3.11/site-packages/torch/_dynamo/utils.py", line 1632, in record_compilation_metrics
[36m(WorkerDict pid=4031211)[0m [rank15]:E0620 16:15:50.269000 4031211 site-packages/torch/_dynamo/metrics_context.py:105] [0/0]     "triton_version": triton.__version__ if has_triton() else "",
[36m(WorkerDict pid=4031211)[0m [rank15]:E0620 16:15:50.269000 4031211 site-packages/torch/_dynamo/metrics_context.py:105] [0/0]                                             ^^^^^^^^^^^^
[36m(WorkerDict pid=4031211)[0m [rank15]:E0620 16:15:50.269000 4031211 site-packages/torch/_dynamo/metrics_context.py:105] [0/0]   File "/usr/local/python3.11.14/lib/python3.11/site-packages/torch/utils/_triton.py", line 159, in has_triton
[36m(WorkerDict pid=4031211)[0m [rank15]:E0620 16:15:50.269000 4031211 site-packages/torch/_dynamo/metrics_context.py:105] [0/0]     return is_device_compatible_with_triton()
[36m(WorkerDict pid=4031211)[0m [rank15]:E0620 16:15:50.269000 4031211 site-packages/torch/_dynamo/metrics_context.py:105] [0/0]            ^^^^^^^^^^^^^^^^^^^^^^^^^^^^^^^^^^
[36m(WorkerDict pid=4031211)[0m [rank15]:E0620 16:15:50.269000 4031211 site-packages/torch/_dynamo/metrics_context.py:105] [0/0]   File "/usr/local/python3.11.14/lib/python3.11/site-packages/torch/utils/_triton.py", line 155, in is_device_compatible_with_triton
[36m(WorkerDict pid=4031211)[0m [rank15]:E0620 16:15:50.269000 4031211 site-packages/torch/_dynamo/metrics_context.py:105] [0/0]     if device_interface.is_available() and extra_check(device_interface):
[36m(WorkerDict pid=4031211)[0m [rank15]:E0620 16:15:50.269000 4031211 site-packages/torch/_dynamo/metrics_context.py:105] [0/0]                                            ^^^^^^^^^^^^^^^^^^^^^^^^^^^^^
[36m(WorkerDict pid=4031211)[0m [rank15]:E0620 16:15:50.269000 4031211 site-packages/torch/_dynamo/metrics_context.py:105] [0/0]   File "/usr/local/python3.11.14/lib/python3.11/site-packages/torch/utils/_triton.py", line 135, in cuda_extra_check
[36m(WorkerDict pid=4031211)[0m [rank15]:E0620 16:15:50.269000 4031211 site-packages/torch/_dynamo/metrics_context.py:105] [0/0]     return device_interface.Worker.get_device_properties().major >= 7
[36m(WorkerDict pid=4031211)[0m [rank15]:E0620 16:15:50.269000 4031211 site-packages/torch/_dynamo/metrics_context.py:105] [0/0]            ^^^^^^^^^^^^^^^^^^^^^^^^^^^^^^^^^^^^^^^^^^^^^^^^^^^^^^^^^^
[36m(WorkerDict pid=4031211)[0m [rank15]:E0620 16:15:50.269000 4031211 site-packages/torch/_dynamo/metrics_context.py:105] [0/0] TypeError: '>=' not supported between instances of 'NoneType' and 'int'
[36m(WorkerDict pid=4031197)[0m [rank3]:E0620 16:15:50.354000 4031197 site-packages/torch/_dynamo/metrics_context.py:105] [0/0] Unexpected exception logging compilation metrics
[36m(WorkerDict pid=4031197)[0m [rank3]:E0620 16:15:50.354000 4031197 site-packages/torch/_dynamo/metrics_context.py:105] [0/0] Traceback (most recent call last):
[36m(WorkerDict pid=4031197)[0m [rank3]:E0620 16:15:50.354000 4031197 site-packages/torch/_dynamo/metrics_context.py:105] [0/0]   File "/usr/local/python3.11.14/lib/python3.11/site-packages/torch/_dynamo/metrics_context.py", line 101, in __exit__
[36m(WorkerDict pid=4031197)[0m [rank3]:E0620 16:15:50.354000 4031197 site-packages/torch/_dynamo/metrics_context.py:105] [0/0]     self._on_exit(
[36m(WorkerDict pid=4031197)[0m [rank3]:E0620 16:15:50.354000 4031197 site-packages/torch/_dynamo/metrics_context.py:105] [0/0]   File "/usr/local/python3.11.14/lib/python3.11/site-packages/torch/_dynamo/utils.py", line 1632, in record_compilation_metrics
[36m(WorkerDict pid=4031197)[0m [rank3]:E0620 16:15:50.354000 4031197 site-packages/torch/_dynamo/metrics_context.py:105] [0/0]     "triton_version": triton.__version__ if has_triton() else "",
[36m(WorkerDict pid=4031197)[0m [rank3]:E0620 16:15:50.354000 4031197 site-packages/torch/_dynamo/metrics_context.py:105] [0/0]                                             ^^^^^^^^^^^^
[36m(WorkerDict pid=4031197)[0m [rank3]:E0620 16:15:50.354000 4031197 site-packages/torch/_dynamo/metrics_context.py:105] [0/0]   File "/usr/local/python3.11.14/lib/python3.11/site-packages/torch/utils/_triton.py", line 159, in has_triton
[36m(WorkerDict pid=4031197)[0m [rank3]:E0620 16:15:50.354000 4031197 site-packages/torch/_dynamo/metrics_context.py:105] [0/0]     return is_device_compatible_with_triton()
[36m(WorkerDict pid=4031197)[0m [rank3]:E0620 16:15:50.354000 4031197 site-packages/torch/_dynamo/metrics_context.py:105] [0/0]            ^^^^^^^^^^^^^^^^^^^^^^^^^^^^^^^^^^
[36m(WorkerDict pid=4031197)[0m [rank3]:E0620 16:15:50.354000 4031197 site-packages/torch/_dynamo/metrics_context.py:105] [0/0]   File "/usr/local/python3.11.14/lib/python3.11/site-packages/torch/utils/_triton.py", line 155, in is_device_compatible_with_triton
[36m(WorkerDict pid=4031197)[0m [rank3]:E0620 16:15:50.354000 4031197 site-packages/torch/_dynamo/metrics_context.py:105] [0/0]     if device_interface.is_available() and extra_check(device_interface):
[36m(WorkerDict pid=4031197)[0m [rank3]:E0620 16:15:50.354000 4031197 site-packages/torch/_dynamo/metrics_context.py:105] [0/0]                                            ^^^^^^^^^^^^^^^^^^^^^^^^^^^^^
[36m(WorkerDict pid=4031197)[0m [rank3]:E0620 16:15:50.354000 4031197 site-packages/torch/_dynamo/metrics_context.py:105] [0/0]   File "/usr/local/python3.11.14/lib/python3.11/site-packages/torch/utils/_triton.py", line 135, in cuda_extra_check
[36m(WorkerDict pid=4031197)[0m [rank3]:E0620 16:15:50.354000 4031197 site-packages/torch/_dynamo/metrics_context.py:105] [0/0]     return device_interface.Worker.get_device_properties().major >= 7
[36m(WorkerDict pid=4031197)[0m [rank3]:E0620 16:15:50.354000 4031197 site-packages/torch/_dynamo/metrics_context.py:105] [0/0]            ^^^^^^^^^^^^^^^^^^^^^^^^^^^^^^^^^^^^^^^^^^^^^^^^^^^^^^^^^^
[36m(WorkerDict pid=4031197)[0m [rank3]:E0620 16:15:50.354000 4031197 site-packages/torch/_dynamo/metrics_context.py:105] [0/0] TypeError: '>=' not supported between instances of 'NoneType' and 'int'
[36m(WorkerDict pid=4031194)[0m [rank0]:E0620 16:15:50.355000 4031194 site-packages/torch/_dynamo/metrics_context.py:105] [0/0] Unexpected exception logging compilation metrics
[36m(WorkerDict pid=4031194)[0m [rank0]:E0620 16:15:50.355000 4031194 site-packages/torch/_dynamo/metrics_context.py:105] [0/0] Traceback (most recent call last):
[36m(WorkerDict pid=4031194)[0m [rank0]:E0620 16:15:50.355000 4031194 site-packages/torch/_dynamo/metrics_context.py:105] [0/0]   File "/usr/local/python3.11.14/lib/python3.11/site-packages/torch/_dynamo/metrics_context.py", line 101, in __exit__
[36m(WorkerDict pid=4031194)[0m [rank0]:E0620 16:15:50.355000 4031194 site-packages/torch/_dynamo/metrics_context.py:105] [0/0]     self._on_exit(
[36m(WorkerDict pid=4031194)[0m [rank0]:E0620 16:15:50.355000 4031194 site-packages/torch/_dynamo/metrics_context.py:105] [0/0]   File "/usr/local/python3.11.14/lib/python3.11/site-packages/torch/_dynamo/utils.py", line 1632, in record_compilation_metrics
[36m(WorkerDict pid=4031194)[0m [rank0]:E0620 16:15:50.355000 4031194 site-packages/torch/_dynamo/metrics_context.py:105] [0/0]     "triton_version": triton.__version__ if has_triton() else "",
[36m(WorkerDict pid=4031194)[0m [rank0]:E0620 16:15:50.355000 4031194 site-packages/torch/_dynamo/metrics_context.py:105] [0/0]                                             ^^^^^^^^^^^^
[36m(WorkerDict pid=4031194)[0m [rank0]:E0620 16:15:50.355000 4031194 site-packages/torch/_dynamo/metrics_context.py:105] [0/0]   File "/usr/local/python3.11.14/lib/python3.11/site-packages/torch/utils/_triton.py", line 159, in has_triton
[36m(WorkerDict pid=4031194)[0m [rank0]:E0620 16:15:50.355000 4031194 site-packages/torch/_dynamo/metrics_context.py:105] [0/0]     return is_device_compatible_with_triton()
[36m(WorkerDict pid=4031194)[0m [rank0]:E0620 16:15:50.355000 4031194 site-packages/torch/_dynamo/metrics_context.py:105] [0/0]            ^^^^^^^^^^^^^^^^^^^^^^^^^^^^^^^^^^
[36m(WorkerDict pid=4031194)[0m [rank0]:E0620 16:15:50.355000 4031194 site-packages/torch/_dynamo/metrics_context.py:105] [0/0]   File "/usr/local/python3.11.14/lib/python3.11/site-packages/torch/utils/_triton.py", line 155, in is_device_compatible_with_triton
[36m(WorkerDict pid=4031194)[0m [rank0]:E0620 16:15:50.355000 4031194 site-packages/torch/_dynamo/metrics_context.py:105] [0/0]     if device_interface.is_available() and extra_check(device_interface):
[36m(WorkerDict pid=4031194)[0m [rank0]:E0620 16:15:50.355000 4031194 site-packages/torch/_dynamo/metrics_context.py:105] [0/0]                                            ^^^^^^^^^^^^^^^^^^^^^^^^^^^^^
[36m(WorkerDict pid=4031194)[0m [rank0]:E0620 16:15:50.355000 4031194 site-packages/torch/_dynamo/metrics_context.py:105] [0/0]   File "/usr/local/python3.11.14/lib/python3.11/site-packages/torch/utils/_triton.py", line 135, in cuda_extra_check
[36m(WorkerDict pid=4031194)[0m [rank0]:E0620 16:15:50.355000 4031194 site-packages/torch/_dynamo/metrics_context.py:105] [0/0]     return device_interface.Worker.get_device_properties().major >= 7
[36m(WorkerDict pid=4031194)[0m [rank0]:E0620 16:15:50.355000 4031194 site-packages/torch/_dynamo/metrics_context.py:105] [0/0]            ^^^^^^^^^^^^^^^^^^^^^^^^^^^^^^^^^^^^^^^^^^^^^^^^^^^^^^^^^^
[36m(WorkerDict pid=4031194)[0m [rank0]:E0620 16:15:50.355000 4031194 site-packages/torch/_dynamo/metrics_context.py:105] [0/0] TypeError: '>=' not supported between instances of 'NoneType' and 'int'
[36m(WorkerDict pid=4031195)[0m [rank1]:E0620 16:15:50.359000 4031195 site-packages/torch/_dynamo/metrics_context.py:105] [0/0] Unexpected exception logging compilation metrics
[36m(WorkerDict pid=4031195)[0m [rank1]:E0620 16:15:50.359000 4031195 site-packages/torch/_dynamo/metrics_context.py:105] [0/0] Traceback (most recent call last):
[36m(WorkerDict pid=4031195)[0m [rank1]:E0620 16:15:50.359000 4031195 site-packages/torch/_dynamo/metrics_context.py:105] [0/0]   File "/usr/local/python3.11.14/lib/python3.11/site-packages/torch/_dynamo/metrics_context.py", line 101, in __exit__
[36m(WorkerDict pid=4031195)[0m [rank1]:E0620 16:15:50.359000 4031195 site-packages/torch/_dynamo/metrics_context.py:105] [0/0]     self._on_exit(
[36m(WorkerDict pid=4031195)[0m [rank1]:E0620 16:15:50.359000 4031195 site-packages/torch/_dynamo/metrics_context.py:105] [0/0]   File "/usr/local/python3.11.14/lib/python3.11/site-packages/torch/_dynamo/utils.py", line 1632, in record_compilation_metrics
[36m(WorkerDict pid=4031195)[0m [rank1]:E0620 16:15:50.359000 4031195 site-packages/torch/_dynamo/metrics_context.py:105] [0/0]     "triton_version": triton.__version__ if has_triton() else "",
[36m(WorkerDict pid=4031195)[0m [rank1]:E0620 16:15:50.359000 4031195 site-packages/torch/_dynamo/metrics_context.py:105] [0/0]                                             ^^^^^^^^^^^^
[36m(WorkerDict pid=4031195)[0m [rank1]:E0620 16:15:50.359000 4031195 site-packages/torch/_dynamo/metrics_context.py:105] [0/0]   File "/usr/local/python3.11.14/lib/python3.11/site-packages/torch/utils/_triton.py", line 159, in has_triton
[36m(WorkerDict pid=4031195)[0m [rank1]:E0620 16:15:50.359000 4031195 site-packages/torch/_dynamo/metrics_context.py:105] [0/0]     return is_device_compatible_with_triton()
[36m(WorkerDict pid=4031195)[0m [rank1]:E0620 16:15:50.359000 4031195 site-packages/torch/_dynamo/metrics_context.py:105] [0/0]            ^^^^^^^^^^^^^^^^^^^^^^^^^^^^^^^^^^
[36m(WorkerDict pid=4031195)[0m [rank1]:E0620 16:15:50.359000 4031195 site-packages/torch/_dynamo/metrics_context.py:105] [0/0]   File "/usr/local/python3.11.14/lib/python3.11/site-packages/torch/utils/_triton.py", line 155, in is_device_compatible_with_triton
[36m(WorkerDict pid=4031195)[0m [rank1]:E0620 16:15:50.359000 4031195 site-packages/torch/_dynamo/metrics_context.py:105] [0/0]     if device_interface.is_available() and extra_check(device_interface):
[36m(WorkerDict pid=4031195)[0m [rank1]:E0620 16:15:50.359000 4031195 site-packages/torch/_dynamo/metrics_context.py:105] [0/0]                                            ^^^^^^^^^^^^^^^^^^^^^^^^^^^^^
[36m(WorkerDict pid=4031195)[0m [rank1]:E0620 16:15:50.359000 4031195 site-packages/torch/_dynamo/metrics_context.py:105] [0/0]   File "/usr/local/python3.11.14/lib/python3.11/site-packages/torch/utils/_triton.py", line 135, in cuda_extra_check
[36m(WorkerDict pid=4031195)[0m [rank1]:E0620 16:15:50.359000 4031195 site-packages/torch/_dynamo/metrics_context.py:105] [0/0]     return device_interface.Worker.get_device_properties().major >= 7
[36m(WorkerDict pid=4031195)[0m [rank1]:E0620 16:15:50.359000 4031195 site-packages/torch/_dynamo/metrics_context.py:105] [0/0]            ^^^^^^^^^^^^^^^^^^^^^^^^^^^^^^^^^^^^^^^^^^^^^^^^^^^^^^^^^^
[36m(WorkerDict pid=4031195)[0m [rank1]:E0620 16:15:50.359000 4031195 site-packages/torch/_dynamo/metrics_context.py:105] [0/0] TypeError: '>=' not supported between instances of 'NoneType' and 'int'
[36m(WorkerDict pid=4031201)[0m [rank7]:E0620 16:15:50.359000 4031201 site-packages/torch/_dynamo/metrics_context.py:105] [0/0] Unexpected exception logging compilation metrics
[36m(WorkerDict pid=4031201)[0m [rank7]:E0620 16:15:50.359000 4031201 site-packages/torch/_dynamo/metrics_context.py:105] [0/0] Traceback (most recent call last):
[36m(WorkerDict pid=4031201)[0m [rank7]:E0620 16:15:50.359000 4031201 site-packages/torch/_dynamo/metrics_context.py:105] [0/0]   File "/usr/local/python3.11.14/lib/python3.11/site-packages/torch/_dynamo/metrics_context.py", line 101, in __exit__
[36m(WorkerDict pid=4031201)[0m [rank7]:E0620 16:15:50.359000 4031201 site-packages/torch/_dynamo/metrics_context.py:105] [0/0]     self._on_exit(
[36m(WorkerDict pid=4031201)[0m [rank7]:E0620 16:15:50.359000 4031201 site-packages/torch/_dynamo/metrics_context.py:105] [0/0]   File "/usr/local/python3.11.14/lib/python3.11/site-packages/torch/_dynamo/utils.py", line 1632, in record_compilation_metrics
[36m(WorkerDict pid=4031201)[0m [rank7]:E0620 16:15:50.359000 4031201 site-packages/torch/_dynamo/metrics_context.py:105] [0/0]     "triton_version": triton.__version__ if has_triton() else "",
[36m(WorkerDict pid=4031201)[0m [rank7]:E0620 16:15:50.359000 4031201 site-packages/torch/_dynamo/metrics_context.py:105] [0/0]                                             ^^^^^^^^^^^^
[36m(WorkerDict pid=4031201)[0m [rank7]:E0620 16:15:50.359000 4031201 site-packages/torch/_dynamo/metrics_context.py:105] [0/0]   File "/usr/local/python3.11.14/lib/python3.11/site-packages/torch/utils/_triton.py", line 159, in has_triton
[36m(WorkerDict pid=4031201)[0m [rank7]:E0620 16:15:50.359000 4031201 site-packages/torch/_dynamo/metrics_context.py:105] [0/0]     return is_device_compatible_with_triton()
[36m(WorkerDict pid=4031201)[0m [rank7]:E0620 16:15:50.359000 4031201 site-packages/torch/_dynamo/metrics_context.py:105] [0/0]            ^^^^^^^^^^^^^^^^^^^^^^^^^^^^^^^^^^
[36m(WorkerDict pid=4031201)[0m [rank7]:E0620 16:15:50.359000 4031201 site-packages/torch/_dynamo/metrics_context.py:105] [0/0]   File "/usr/local/python3.11.14/lib/python3.11/site-packages/torch/utils/_triton.py", line 155, in is_device_compatible_with_triton
[36m(WorkerDict pid=4031201)[0m [rank7]:E0620 16:15:50.359000 4031201 site-packages/torch/_dynamo/metrics_context.py:105] [0/0]     if device_interface.is_available() and extra_check(device_interface):
[36m(WorkerDict pid=4031201)[0m [rank7]:E0620 16:15:50.359000 4031201 site-packages/torch/_dynamo/metrics_context.py:105] [0/0]                                            ^^^^^^^^^^^^^^^^^^^^^^^^^^^^^
[36m(WorkerDict pid=4031201)[0m [rank7]:E0620 16:15:50.359000 4031201 site-packages/torch/_dynamo/metrics_context.py:105] [0/0]   File "/usr/local/python3.11.14/lib/python3.11/site-packages/torch/utils/_triton.py", line 135, in cuda_extra_check
[36m(WorkerDict pid=4031201)[0m [rank7]:E0620 16:15:50.359000 4031201 site-packages/torch/_dynamo/metrics_context.py:105] [0/0]     return device_interface.Worker.get_device_properties().major >= 7
[36m(WorkerDict pid=4031201)[0m [rank7]:E0620 16:15:50.359000 4031201 site-packages/torch/_dynamo/metrics_context.py:105] [0/0]            ^^^^^^^^^^^^^^^^^^^^^^^^^^^^^^^^^^^^^^^^^^^^^^^^^^^^^^^^^^
[36m(WorkerDict pid=4031201)[0m [rank7]:E0620 16:15:50.359000 4031201 site-packages/torch/_dynamo/metrics_context.py:105] [0/0] TypeError: '>=' not supported between instances of 'NoneType' and 'int'
[36m(WorkerDict pid=4031212)[0m [rank14]:E0620 16:15:50.363000 4031212 site-packages/torch/_dynamo/metrics_context.py:105] [0/0] Unexpected exception logging compilation metrics
[36m(WorkerDict pid=4031212)[0m [rank14]:E0620 16:15:50.363000 4031212 site-packages/torch/_dynamo/metrics_context.py:105] [0/0] Traceback (most recent call last):
[36m(WorkerDict pid=4031212)[0m [rank14]:E0620 16:15:50.363000 4031212 site-packages/torch/_dynamo/metrics_context.py:105] [0/0]   File "/usr/local/python3.11.14/lib/python3.11/site-packages/torch/_dynamo/metrics_context.py", line 101, in __exit__
[36m(WorkerDict pid=4031212)[0m [rank14]:E0620 16:15:50.363000 4031212 site-packages/torch/_dynamo/metrics_context.py:105] [0/0]     self._on_exit(
[36m(WorkerDict pid=4031212)[0m [rank14]:E0620 16:15:50.363000 4031212 site-packages/torch/_dynamo/metrics_context.py:105] [0/0]   File "/usr/local/python3.11.14/lib/python3.11/site-packages/torch/_dynamo/utils.py", line 1632, in record_compilation_metrics
[36m(WorkerDict pid=4031212)[0m [rank14]:E0620 16:15:50.363000 4031212 site-packages/torch/_dynamo/metrics_context.py:105] [0/0]     "triton_version": triton.__version__ if has_triton() else "",
[36m(WorkerDict pid=4031212)[0m [rank14]:E0620 16:15:50.363000 4031212 site-packages/torch/_dynamo/metrics_context.py:105] [0/0]                                             ^^^^^^^^^^^^
[36m(WorkerDict pid=4031212)[0m [rank14]:E0620 16:15:50.363000 4031212 site-packages/torch/_dynamo/metrics_context.py:105] [0/0]   File "/usr/local/python3.11.14/lib/python3.11/site-packages/torch/utils/_triton.py", line 159, in has_triton
[36m(WorkerDict pid=4031212)[0m [rank14]:E0620 16:15:50.363000 4031212 site-packages/torch/_dynamo/metrics_context.py:105] [0/0]     return is_device_compatible_with_triton()
[36m(WorkerDict pid=4031212)[0m [rank14]:E0620 16:15:50.363000 4031212 site-packages/torch/_dynamo/metrics_context.py:105] [0/0]            ^^^^^^^^^^^^^^^^^^^^^^^^^^^^^^^^^^
[36m(WorkerDict pid=4031212)[0m [rank14]:E0620 16:15:50.363000 4031212 site-packages/torch/_dynamo/metrics_context.py:105] [0/0]   File "/usr/local/python3.11.14/lib/python3.11/site-packages/torch/utils/_triton.py", line 155, in is_device_compatible_with_triton
[36m(WorkerDict pid=4031212)[0m [rank14]:E0620 16:15:50.363000 4031212 site-packages/torch/_dynamo/metrics_context.py:105] [0/0]     if device_interface.is_available() and extra_check(device_interface):
[36m(WorkerDict pid=4031212)[0m [rank14]:E0620 16:15:50.363000 4031212 site-packages/torch/_dynamo/metrics_context.py:105] [0/0]                                            ^^^^^^^^^^^^^^^^^^^^^^^^^^^^^
[36m(WorkerDict pid=4031212)[0m [rank14]:E0620 16:15:50.363000 4031212 site-packages/torch/_dynamo/metrics_context.py:105] [0/0]   File "/usr/local/python3.11.14/lib/python3.11/site-packages/torch/utils/_triton.py", line 135, in cuda_extra_check
[36m(WorkerDict pid=4031212)[0m [rank14]:E0620 16:15:50.363000 4031212 site-packages/torch/_dynamo/metrics_context.py:105] [0/0]     return device_interface.Worker.get_device_properties().major >= 7
[36m(WorkerDict pid=4031212)[0m [rank14]:E0620 16:15:50.363000 4031212 site-packages/torch/_dynamo/metrics_context.py:105] [0/0]            ^^^^^^^^^^^^^^^^^^^^^^^^^^^^^^^^^^^^^^^^^^^^^^^^^^^^^^^^^^
[36m(WorkerDict pid=4031212)[0m [rank14]:E0620 16:15:50.363000 4031212 site-packages/torch/_dynamo/metrics_context.py:105] [0/0] TypeError: '>=' not supported between instances of 'NoneType' and 'int'
[36m(WorkerDict pid=4031198)[0m [rank4]:E0620 16:15:50.400000 4031198 site-packages/torch/_dynamo/metrics_context.py:105] [0/0] Unexpected exception logging compilation metrics
[36m(WorkerDict pid=4031198)[0m [rank4]:E0620 16:15:50.400000 4031198 site-packages/torch/_dynamo/metrics_context.py:105] [0/0] Traceback (most recent call last):
[36m(WorkerDict pid=4031198)[0m [rank4]:E0620 16:15:50.400000 4031198 site-packages/torch/_dynamo/metrics_context.py:105] [0/0]   File "/usr/local/python3.11.14/lib/python3.11/site-packages/torch/_dynamo/metrics_context.py", line 101, in __exit__
[36m(WorkerDict pid=4031198)[0m [rank4]:E0620 16:15:50.400000 4031198 site-packages/torch/_dynamo/metrics_context.py:105] [0/0]     self._on_exit(
[36m(WorkerDict pid=4031198)[0m [rank4]:E0620 16:15:50.400000 4031198 site-packages/torch/_dynamo/metrics_context.py:105] [0/0]   File "/usr/local/python3.11.14/lib/python3.11/site-packages/torch/_dynamo/utils.py", line 1632, in record_compilation_metrics
[36m(WorkerDict pid=4031198)[0m [rank4]:E0620 16:15:50.400000 4031198 site-packages/torch/_dynamo/metrics_context.py:105] [0/0]     "triton_version": triton.__version__ if has_triton() else "",
[36m(WorkerDict pid=4031198)[0m [rank4]:E0620 16:15:50.400000 4031198 site-packages/torch/_dynamo/metrics_context.py:105] [0/0]                                             ^^^^^^^^^^^^
[36m(WorkerDict pid=4031198)[0m [rank4]:E0620 16:15:50.400000 4031198 site-packages/torch/_dynamo/metrics_context.py:105] [0/0]   File "/usr/local/python3.11.14/lib/python3.11/site-packages/torch/utils/_triton.py", line 159, in has_triton
[36m(WorkerDict pid=4031198)[0m [rank4]:E0620 16:15:50.400000 4031198 site-packages/torch/_dynamo/metrics_context.py:105] [0/0]     return is_device_compatible_with_triton()
[36m(WorkerDict pid=4031198)[0m [rank4]:E0620 16:15:50.400000 4031198 site-packages/torch/_dynamo/metrics_context.py:105] [0/0]            ^^^^^^^^^^^^^^^^^^^^^^^^^^^^^^^^^^
[36m(WorkerDict pid=4031198)[0m [rank4]:E0620 16:15:50.400000 4031198 site-packages/torch/_dynamo/metrics_context.py:105] [0/0]   File "/usr/local/python3.11.14/lib/python3.11/site-packages/torch/utils/_triton.py", line 155, in is_device_compatible_with_triton
[36m(WorkerDict pid=4031198)[0m [rank4]:E0620 16:15:50.400000 4031198 site-packages/torch/_dynamo/metrics_context.py:105] [0/0]     if device_interface.is_available() and extra_check(device_interface):
[36m(WorkerDict pid=4031198)[0m [rank4]:E0620 16:15:50.400000 4031198 site-packages/torch/_dynamo/metrics_context.py:105] [0/0]                                            ^^^^^^^^^^^^^^^^^^^^^^^^^^^^^
[36m(WorkerDict pid=4031198)[0m [rank4]:E0620 16:15:50.400000 4031198 site-packages/torch/_dynamo/metrics_context.py:105] [0/0]   File "/usr/local/python3.11.14/lib/python3.11/site-packages/torch/utils/_triton.py", line 135, in cuda_extra_check
[36m(WorkerDict pid=4031198)[0m [rank4]:E0620 16:15:50.400000 4031198 site-packages/torch/_dynamo/metrics_context.py:105] [0/0]     return device_interface.Worker.get_device_properties().major >= 7
[36m(WorkerDict pid=4031198)[0m [rank4]:E0620 16:15:50.400000 4031198 site-packages/torch/_dynamo/metrics_context.py:105] [0/0]            ^^^^^^^^^^^^^^^^^^^^^^^^^^^^^^^^^^^^^^^^^^^^^^^^^^^^^^^^^^
[36m(WorkerDict pid=4031198)[0m [rank4]:E0620 16:15:50.400000 4031198 site-packages/torch/_dynamo/metrics_context.py:105] [0/0] TypeError: '>=' not supported between instances of 'NoneType' and 'int'
[36m(WorkerDict pid=4031201)[0m Processed prompts:   3%|▎         | 1/32 [01:26<44:30, 86.14s/it, est. speed input: 0.85 toks/s, output: 10.16 toks/s]
[36m(WorkerDict pid=4031201)[0m Processed prompts:   6%|▋         | 2/32 [01:26<17:51, 35.72s/it, est. speed input: 1.69 toks/s, output: 20.27 toks/s]
[36m(WorkerDict pid=4031201)[0m Processed prompts:   9%|▉         | 3/32 [01:29<10:05, 20.89s/it, est. speed input: 2.44 toks/s, output: 29.79 toks/s]
[36m(WorkerDict pid=4031201)[0m Processed prompts:  12%|█▎        | 4/32 [01:30<06:05, 13.06s/it, est. speed input: 3.21 toks/s, output: 39.70 toks/s]
[36m(WorkerDict pid=4031201)[0m Processed prompts:  16%|█▌        | 5/32 [01:37<04:52, 10.83s/it, est. speed input: 3.73 toks/s, output: 47.32 toks/s]
[36m(WorkerDict pid=4031201)[0m Processed prompts:  19%|█▉        | 6/32 [01:39<03:19,  7.69s/it, est. speed input: 4.41 toks/s, output: 56.99 toks/s]
[36m(WorkerDict pid=4031199)[0m Processed prompts:   3%|▎         | 1/32 [01:40<52:07, 100.88s/it, est. speed input: 0.55 toks/s, output: 10.32 toks/s]
[36m(WorkerDict pid=4031201)[0m Processed prompts:  22%|██▏       | 7/32 [01:43<02:41,  6.46s/it, est. speed input: 4.95 toks/s, output: 65.33 toks/s]
[36m(WorkerDict pid=4031197)[0m Processed prompts:   3%|▎         | 1/32 [01:46<55:01, 106.50s/it, est. speed input: 0.38 toks/s, output: 10.39 toks/s]
[36m(WorkerDict pid=4031201)[0m Processed prompts:  25%|██▌       | 8/32 [01:45<02:02,  5.12s/it, est. speed input: 5.53 toks/s, output: 74.48 toks/s]
[36m(WorkerDict pid=4031201)[0m Processed prompts:  28%|██▊       | 9/32 [01:47<01:36,  4.20s/it, est. speed input: 6.10 toks/s, output: 83.56 toks/s]
[36m(WorkerDict pid=4031197)[0m Processed prompts:   6%|▋         | 2/32 [01:50<23:13, 46.46s/it, est. speed input: 0.72 toks/s, output: 20.44 toks/s] 
[36m(WorkerDict pid=4031199)[0m Processed prompts:   6%|▋         | 2/32 [01:51<23:47, 47.57s/it, est. speed input: 0.99 toks/s, output: 19.87 toks/s] 
[36m(WorkerDict pid=4031201)[0m Processed prompts:  31%|███▏      | 10/32 [01:50<01:19,  3.62s/it, est. speed input: 6.64 toks/s, output: 92.40 toks/s]
[36m(WorkerDict pid=4031201)[0m Processed prompts:  34%|███▍      | 11/32 [01:50<00:57,  2.74s/it, est. speed input: 7.25 toks/s, output: 102.39 toks/s]
[36m(WorkerDict pid=4031201)[0m Processed prompts:  38%|███▊      | 12/32 [01:53<00:57,  2.86s/it, est. speed input: 7.69 toks/s, output: 110.25 toks/s]
[36m(WorkerDict pid=4031201)[0m Processed prompts:  41%|████      | 13/32 [01:55<00:44,  2.35s/it, est. speed input: 8.25 toks/s, output: 119.79 toks/s]
[36m(WorkerDict pid=4031197)[0m Processed prompts:   9%|▉         | 3/32 [01:57<13:33, 28.06s/it, est. speed input: 1.02 toks/s, output: 29.91 toks/s]
[36m(WorkerDict pid=4031201)[0m Processed prompts:  44%|████▍     | 14/32 [01:56<00:34,  1.94s/it, est. speed input: 8.81 toks/s, output: 129.46 toks/s]
[36m(WorkerDict pid=4031197)[0m Processed prompts:  12%|█▎        | 4/32 [02:00<08:28, 18.17s/it, est. speed input: 1.33 toks/s, output: 39.75 toks/s]
[36m(WorkerDict pid=4031201)[0m Processed prompts:  47%|████▋     | 15/32 [01:58<00:38,  2.24s/it, est. speed input: 9.20 toks/s, output: 137.00 toks/s]
[36m(WorkerDict pid=4031197)[0m Processed prompts:  16%|█▌        | 5/32 [02:01<05:29, 12.20s/it, est. speed input: 1.64 toks/s, output: 49.85 toks/s]
[36m(WorkerDict pid=4031199)[0m Processed prompts:   9%|▉         | 3/32 [02:02<14:56, 30.90s/it, est. speed input: 1.35 toks/s, output: 28.72 toks/s]
[36m(WorkerDict pid=4031199)[0m Processed prompts:  12%|█▎        | 4/32 [02:02<08:50, 18.95s/it, est. speed input: 1.79 toks/s, output: 39.24 toks/s]
[36m(WorkerDict pid=4031197)[0m Processed prompts:  19%|█▉        | 6/32 [02:04<03:51,  8.91s/it, est. speed input: 1.93 toks/s, output: 59.47 toks/s]
[36m(WorkerDict pid=4031199)[0m Processed prompts:  16%|█▌        | 5/32 [02:05<05:54, 13.15s/it, est. speed input: 2.19 toks/s, output: 49.05 toks/s]
[36m(WorkerDict pid=4031199)[0m Processed prompts:  19%|█▉        | 6/32 [02:06<03:49,  8.82s/it, est. speed input: 2.62 toks/s, output: 59.59 toks/s]
[36m(WorkerDict pid=4031199)[0m Processed prompts:  22%|██▏       | 7/32 [02:11<03:12,  7.70s/it, est. speed input: 2.93 toks/s, output: 67.92 toks/s]
[36m(WorkerDict pid=4031197)[0m Processed prompts:  22%|██▏       | 7/32 [02:12<03:33,  8.53s/it, est. speed input: 2.12 toks/s, output: 66.72 toks/s]
[36m(WorkerDict pid=4031199)[0m Processed prompts:  25%|██▌       | 8/32 [02:12<02:16,  5.69s/it, est. speed input: 3.31 toks/s, output: 78.00 toks/s]
[36m(WorkerDict pid=4031197)[0m Processed prompts:  25%|██▌       | 8/32 [02:14<02:37,  6.55s/it, est. speed input: 2.38 toks/s, output: 76.35 toks/s]
[36m(WorkerDict pid=4031199)[0m Processed prompts:  28%|██▊       | 9/32 [02:15<01:48,  4.71s/it, est. speed input: 3.65 toks/s, output: 87.33 toks/s]
[36m(WorkerDict pid=4031198)[0m Processed prompts:   3%|▎         | 1/32 [02:16<1:10:42, 136.84s/it, est. speed input: 0.39 toks/s, output: 10.86 toks/s]
[36m(WorkerDict pid=4031198)[0m Processed prompts:   6%|▋         | 2/32 [02:19<28:51, 57.72s/it, est. speed input: 0.76 toks/s, output: 21.55 toks/s]   
[36m(WorkerDict pid=4031199)[0m Processed prompts:  31%|███▏      | 10/32 [02:23<02:07,  5.79s/it, est. speed input: 3.83 toks/s, output: 93.25 toks/s]
[36m(WorkerDict pid=4031199)[0m Processed prompts:  34%|███▍      | 11/32 [02:24<01:32,  4.41s/it, est. speed input: 4.17 toks/s, output: 103.32 toks/s]
[36m(WorkerDict pid=4031201)[0m Processed prompts:  50%|█████     | 16/32 [02:26<02:39,  9.97s/it, est. speed input: 7.95 toks/s, output: 121.96 toks/s]
[36m(WorkerDict pid=4031199)[0m Processed prompts:  38%|███▊      | 12/32 [02:28<01:23,  4.17s/it, est. speed input: 4.44 toks/s, output: 111.75 toks/s]
[36m(WorkerDict pid=4031197)[0m Processed prompts:  28%|██▊       | 9/32 [02:29<03:29,  9.12s/it, est. speed input: 2.41 toks/s, output: 79.70 toks/s]
[36m(WorkerDict pid=4031197)[0m Processed prompts:  31%|███▏      | 10/32 [02:30<02:27,  6.70s/it, est. speed input: 2.66 toks/s, output: 89.95 toks/s]
[36m(WorkerDict pid=4031197)[0m Processed prompts:  34%|███▍      | 11/32 [02:32<01:50,  5.26s/it, est. speed input: 2.89 toks/s, output: 99.71 toks/s]
[36m(WorkerDict pid=4031198)[0m Processed prompts:   9%|▉         | 3/32 [02:32<18:02, 37.33s/it, est. speed input: 1.04 toks/s, output: 30.71 toks/s]
[36m(WorkerDict pid=4031197)[0m Processed prompts:  38%|███▊      | 12/32 [02:33<01:20,  4.04s/it, est. speed input: 3.13 toks/s, output: 109.86 toks/s]
[36m(WorkerDict pid=4031196)[0m Processed prompts:   3%|▎         | 1/32 [02:33<1:19:28, 153.84s/it, est. speed input: 0.22 toks/s, output: 10.99 toks/s]
[36m(WorkerDict pid=4031198)[0m Processed prompts:  12%|█▎        | 4/32 [02:37<11:26, 24.51s/it, est. speed input: 1.35 toks/s, output: 40.79 toks/s]
[36m(WorkerDict pid=4031199)[0m Processed prompts:  41%|████      | 13/32 [02:39<01:56,  6.12s/it, est. speed input: 4.49 toks/s, output: 115.33 toks/s]
[36m(WorkerDict pid=4031198)[0m Processed prompts:  19%|█▉        | 6/32 [02:39<05:18, 12.24s/it, est. speed input: 1.99 toks/s, output: 61.99 toks/s]
[36m(WorkerDict pid=4031199)[0m Processed prompts:  44%|████▍     | 14/32 [02:40<01:24,  4.70s/it, est. speed input: 4.80 toks/s, output: 125.33 toks/s]
[36m(WorkerDict pid=4031198)[0m Processed prompts:  22%|██▏       | 7/32 [02:44<04:16, 10.26s/it, est. speed input: 2.25 toks/s, output: 71.18 toks/s]
[36m(WorkerDict pid=4031198)[0m Processed prompts:  25%|██▌       | 8/32 [02:46<03:07,  7.82s/it, est. speed input: 2.55 toks/s, output: 81.61 toks/s]
[36m(WorkerDict pid=4031198)[0m Processed prompts:  28%|██▊       | 9/32 [02:49<02:26,  6.35s/it, est. speed input: 2.82 toks/s, output: 91.43 toks/s]
[36m(WorkerDict pid=4031200)[0m Processed prompts:   3%|▎         | 1/32 [02:54<1:29:56, 174.10s/it, est. speed input: 0.26 toks/s, output: 11.10 toks/s]
[36m(WorkerDict pid=4031195)[0m Processed prompts:   3%|▎         | 1/32 [02:53<1:29:53, 173.97s/it, est. speed input: 0.13 toks/s, output: 11.20 toks/s]
[36m(WorkerDict pid=4031198)[0m Processed prompts:  31%|███▏      | 10/32 [02:55<02:20,  6.39s/it, est. speed input: 3.02 toks/s, output: 99.22 toks/s]
[36m(WorkerDict pid=4031198)[0m Processed prompts:  34%|███▍      | 11/32 [02:55<01:36,  4.58s/it, est. speed input: 3.31 toks/s, output: 110.25 toks/s]
[36m(WorkerDict pid=4031194)[0m Processed prompts:   3%|▎         | 1/32 [02:55<1:30:34, 175.29s/it, est. speed input: 0.35 toks/s, output: 11.23 toks/s]
[36m(WorkerDict pid=4031196)[0m Processed prompts:   6%|▋         | 2/32 [02:56<38:20, 76.70s/it, est. speed input: 0.39 toks/s, output: 20.73 toks/s]   
[36m(WorkerDict pid=4031200)[0m Processed prompts:   6%|▋         | 2/32 [02:57<36:49, 73.64s/it, est. speed input: 0.52 toks/s, output: 22.01 toks/s]   
[36m(WorkerDict pid=4031199)[0m Processed prompts:  47%|████▋     | 15/32 [02:58<02:26,  8.62s/it, est. speed input: 4.63 toks/s, output: 124.04 toks/s]
[36m(WorkerDict pid=4031198)[0m Processed prompts:  38%|███▊      | 12/32 [02:58<01:17,  3.86s/it, est. speed input: 3.57 toks/s, output: 120.10 toks/s]
[36m(WorkerDict pid=4031198)[0m Processed prompts:  41%|████      | 13/32 [02:58<00:52,  2.79s/it, est. speed input: 3.87 toks/s, output: 131.12 toks/s]
[36m(WorkerDict pid=4031198)[0m Processed prompts:  47%|████▋     | 15/32 [03:00<00:33,  1.98s/it, est. speed input: 4.41 toks/s, output: 151.88 toks/s]
[36m(WorkerDict pid=4031200)[0m Processed prompts:   9%|▉         | 3/32 [03:01<20:10, 41.73s/it, est. speed input: 0.76 toks/s, output: 32.70 toks/s]
[36m(WorkerDict pid=4031197)[0m Processed prompts:  41%|████      | 13/32 [03:01<03:33, 11.23s/it, est. speed input: 2.87 toks/s, output: 104.18 toks/s]
[36m(WorkerDict pid=4031200)[0m Processed prompts:  12%|█▎        | 4/32 [03:01<11:53, 25.47s/it, est. speed input: 1.01 toks/s, output: 43.75 toks/s]
[36m(WorkerDict pid=4031199)[0m Processed prompts:  50%|█████     | 16/32 [03:02<01:56,  7.27s/it, est. speed input: 4.82 toks/s, output: 132.39 toks/s]
[36m(WorkerDict pid=4031194)[0m Processed prompts:   6%|▋         | 2/32 [03:06<39:14, 78.48s/it, est. speed input: 0.67 toks/s, output: 21.88 toks/s]   
[36m(WorkerDict pid=4031200)[0m Processed prompts:  19%|█▉        | 6/32 [03:11<06:19, 14.61s/it, est. speed input: 1.44 toks/s, output: 63.25 toks/s]
[36m(WorkerDict pid=4031195)[0m Processed prompts:   6%|▋         | 2/32 [03:12<41:13, 82.45s/it, est. speed input: 0.36 toks/s, output: 21.43 toks/s]   
[36m(WorkerDict pid=4031194)[0m Processed prompts:   9%|▉         | 3/32 [03:12<22:04, 45.67s/it, est. speed input: 0.97 toks/s, output: 32.46 toks/s]
[36m(WorkerDict pid=4031200)[0m Processed prompts:  22%|██▏       | 7/32 [03:20<05:23, 12.95s/it, est. speed input: 1.61 toks/s, output: 71.80 toks/s]
[36m(WorkerDict pid=4031196)[0m Processed prompts:   9%|▉         | 3/32 [03:20<25:29, 52.75s/it, est. speed input: 0.51 toks/s, output: 29.51 toks/s]
[36m(WorkerDict pid=4031200)[0m Processed prompts:  25%|██▌       | 8/32 [03:22<03:55,  9.82s/it, est. speed input: 1.82 toks/s, output: 82.40 toks/s]
[36m(WorkerDict pid=4031194)[0m Processed prompts:  12%|█▎        | 4/32 [03:23<14:58, 32.09s/it, est. speed input: 1.22 toks/s, output: 42.04 toks/s]
[36m(WorkerDict pid=4031196)[0m Processed prompts:  12%|█▎        | 4/32 [03:26<16:00, 34.31s/it, est. speed input: 0.66 toks/s, output: 39.96 toks/s]
[36m(WorkerDict pid=4031200)[0m Processed prompts:  28%|██▊       | 9/32 [03:27<03:18,  8.61s/it, est. speed input: 1.99 toks/s, output: 91.46 toks/s]
[36m(WorkerDict pid=4031197)[0m Processed prompts:  44%|████▍     | 14/32 [03:28<04:45, 15.89s/it, est. speed input: 2.69 toks/s, output: 102.12 toks/s]
[36m(WorkerDict pid=4031200)[0m Processed prompts:  31%|███▏      | 10/32 [03:28<02:17,  6.26s/it, est. speed input: 2.21 toks/s, output: 102.51 toks/s]
[36m(WorkerDict pid=4031194)[0m Processed prompts:  16%|█▌        | 5/32 [03:28<10:03, 22.33s/it, est. speed input: 1.41 toks/s, output: 52.41 toks/s]
[36m(WorkerDict pid=4031198)[0m Processed prompts:  50%|█████     | 16/32 [03:31<02:28,  9.30s/it, est. speed input: 4.00 toks/s, output: 140.55 toks/s]
[36m(WorkerDict pid=4031196)[0m Processed prompts:  16%|█▌        | 5/32 [03:32<10:50, 24.08s/it, est. speed input: 1.00 toks/s, output: 50.18 toks/s]
[36m(WorkerDict pid=4031200)[0m Processed prompts:  34%|███▍      | 11/32 [03:33<02:08,  6.11s/it, est. speed input: 2.36 toks/s, output: 111.06 toks/s]
[36m(WorkerDict pid=4031195)[0m Processed prompts:   9%|▉         | 3/32 [03:32<26:07, 54.07s/it, est. speed input: 0.44 toks/s, output: 30.77 toks/s]
[36m(WorkerDict pid=4031195)[0m Processed prompts:  12%|█▎        | 4/32 [03:32<15:20, 32.86s/it, est. speed input: 0.54 toks/s, output: 42.09 toks/s]
[36m(WorkerDict pid=4031202)[0m Processed prompts:   3%|▎         | 1/32 [03:34<1:50:57, 214.77s/it, est. speed input: 0.37 toks/s, output: 11.34 toks/s]
[36m(WorkerDict pid=4031202)[0m Processed prompts:   6%|▋         | 2/32 [03:35<44:22, 88.75s/it, est. speed input: 0.74 toks/s, output: 22.65 toks/s]   
[36m(WorkerDict pid=4031195)[0m Processed prompts:  16%|█▌        | 5/32 [03:34<09:43, 21.62s/it, est. speed input: 0.65 toks/s, output: 53.16 toks/s]
[36m(WorkerDict pid=4031194)[0m Processed prompts:  19%|█▉        | 6/32 [03:37<07:38, 17.62s/it, est. speed input: 1.56 toks/s, output: 61.79 toks/s]
[36m(WorkerDict pid=4031196)[0m Processed prompts:  19%|█▉        | 6/32 [03:38<07:45, 17.92s/it, est. speed input: 1.12 toks/s, output: 60.16 toks/s]
[36m(WorkerDict pid=4031210)[0m Processed prompts:   3%|▎         | 1/32 [03:39<1:53:21, 219.41s/it, est. speed input: 0.34 toks/s, output: 11.36 toks/s]
[36m(WorkerDict pid=4031195)[0m Processed prompts:  19%|█▉        | 6/32 [03:39<06:51, 15.81s/it, est. speed input: 0.74 toks/s, output: 63.45 toks/s]
[36m(WorkerDict pid=4031196)[0m Processed prompts:  22%|██▏       | 7/32 [03:41<05:20, 12.84s/it, est. speed input: 1.46 toks/s, output: 70.87 toks/s]
[36m(WorkerDict pid=4031195)[0m Processed prompts:  22%|██▏       | 7/32 [03:42<04:55, 11.84s/it, est. speed input: 0.83 toks/s, output: 73.82 toks/s]
[36m(WorkerDict pid=4031200)[0m Processed prompts:  38%|███▊      | 12/32 [03:48<02:52,  8.62s/it, est. speed input: 2.41 toks/s, output: 115.32 toks/s]
[36m(WorkerDict pid=4031194)[0m Processed prompts:  22%|██▏       | 7/32 [03:49<06:33, 15.73s/it, est. speed input: 1.75 toks/s, output: 70.05 toks/s]
[36m(WorkerDict pid=4031194)[0m Processed prompts:  25%|██▌       | 8/32 [03:51<04:35, 11.47s/it, est. speed input: 2.00 toks/s, output: 80.80 toks/s]
[36m(WorkerDict pid=4031194)[0m Processed prompts:  28%|██▊       | 9/32 [03:51<03:02,  7.94s/it, est. speed input: 2.27 toks/s, output: 92.19 toks/s]
[36m(WorkerDict pid=4031194)[0m Processed prompts:  31%|███▏      | 10/32 [03:53<02:09,  5.88s/it, est. speed input: 2.52 toks/s, output: 103.14 toks/s]
[36m(WorkerDict pid=4031194)[0m Processed prompts:  34%|███▍      | 11/32 [03:53<01:27,  4.18s/it, est. speed input: 2.79 toks/s, output: 114.45 toks/s]
[36m(WorkerDict pid=4031196)[0m Processed prompts:  25%|██▌       | 8/32 [03:54<05:14, 13.11s/it, est. speed input: 1.52 toks/s, output: 78.14 toks/s]
[36m(WorkerDict pid=4031196)[0m Processed prompts:  28%|██▊       | 9/32 [03:55<03:29,  9.12s/it, est. speed input: 1.84 toks/s, output: 89.42 toks/s]
[36m(WorkerDict pid=4031196)[0m Processed prompts:  31%|███▏      | 10/32 [03:55<02:22,  6.46s/it, est. speed input: 1.98 toks/s, output: 100.63 toks/s]
[36m(WorkerDict pid=4031196)[0m Processed prompts:  34%|███▍      | 11/32 [03:56<01:36,  4.61s/it, est. speed input: 2.12 toks/s, output: 111.85 toks/s]
[36m(WorkerDict pid=4031196)[0m Processed prompts:  38%|███▊      | 12/32 [03:56<01:08,  3.42s/it, est. speed input: 2.26 toks/s, output: 122.94 toks/s]
[36m(WorkerDict pid=4031194)[0m Processed prompts:  38%|███▊      | 12/32 [03:58<01:27,  4.39s/it, est. speed input: 2.92 toks/s, output: 123.60 toks/s]
[36m(WorkerDict pid=4031200)[0m Processed prompts:  41%|████      | 13/32 [04:01<03:08,  9.93s/it, est. speed input: 2.48 toks/s, output: 120.49 toks/s]
[36m(WorkerDict pid=4031202)[0m Processed prompts:   9%|▉         | 3/32 [04:01<29:06, 60.21s/it, est. speed input: 0.99 toks/s, output: 31.62 toks/s]
[36m(WorkerDict pid=4031195)[0m Processed prompts:  25%|██▌       | 8/32 [04:00<05:30, 13.79s/it, est. speed input: 0.86 toks/s, output: 79.78 toks/s]
[36m(WorkerDict pid=4031196)[0m Processed prompts:  41%|████      | 13/32 [04:02<01:16,  4.02s/it, est. speed input: 2.52 toks/s, output: 131.63 toks/s]
[36m(WorkerDict pid=4031194)[0m Processed prompts:  41%|████      | 13/32 [04:01<01:15,  3.97s/it, est. speed input: 3.14 toks/s, output: 133.55 toks/s]
[36m(WorkerDict pid=4031196)[0m Processed prompts:  44%|████▍     | 14/32 [04:02<00:54,  3.05s/it, est. speed input: 2.65 toks/s, output: 142.61 toks/s]
[36m(WorkerDict pid=4031195)[0m Processed prompts:  28%|██▊       | 9/32 [04:02<03:51, 10.06s/it, est. speed input: 1.05 toks/s, output: 90.64 toks/s]
[36m(WorkerDict pid=4031202)[0m Processed prompts:  12%|█▎        | 4/32 [04:04<17:30, 37.52s/it, est. speed input: 1.31 toks/s, output: 42.70 toks/s]
[36m(WorkerDict pid=4031194)[0m Processed prompts:  44%|████▍     | 14/32 [04:03<01:00,  3.37s/it, est. speed input: 3.37 toks/s, output: 143.95 toks/s]
[36m(WorkerDict pid=4031200)[0m Processed prompts:  44%|████▍     | 14/32 [04:10<02:53,  9.64s/it, est. speed input: 2.57 toks/s, output: 127.61 toks/s]
[36m(WorkerDict pid=4031195)[0m Processed prompts:  31%|███▏      | 10/32 [04:09<03:19,  9.09s/it, est. speed input: 1.21 toks/s, output: 99.63 toks/s]
[36m(WorkerDict pid=4031197)[0m Processed prompts:  47%|████▋     | 15/32 [04:12<06:54, 24.40s/it, est. speed input: 2.38 toks/s, output: 95.68 toks/s] 
[36m(WorkerDict pid=4031194)[0m Processed prompts:  47%|████▋     | 15/32 [04:12<01:25,  5.02s/it, est. speed input: 3.44 toks/s, output: 150.43 toks/s]
[36m(WorkerDict pid=4031200)[0m Processed prompts:  47%|████▋     | 15/32 [04:14<02:14,  7.92s/it, est. speed input: 2.76 toks/s, output: 137.12 toks/s]
[36m(WorkerDict pid=4031196)[0m Processed prompts:  47%|████▋     | 15/32 [04:14<01:34,  5.53s/it, est. speed input: 2.83 toks/s, output: 147.75 toks/s]
[36m(WorkerDict pid=4031196)[0m Processed prompts:  50%|█████     | 16/32 [04:15<01:06,  4.14s/it, est. speed input: 3.12 toks/s, output: 158.69 toks/s]
[36m(WorkerDict pid=4031194)[0m Processed prompts:  50%|█████     | 16/32 [04:15<01:13,  4.61s/it, est. speed input: 3.63 toks/s, output: 159.79 toks/s]
[36m(WorkerDict pid=4031195)[0m Processed prompts:  34%|███▍      | 11/32 [04:16<02:55,  8.34s/it, est. speed input: 1.36 toks/s, output: 108.56 toks/s]
[36m(WorkerDict pid=4031195)[0m Processed prompts:  38%|███▊      | 12/32 [04:17<02:01,  6.08s/it, est. speed input: 1.45 toks/s, output: 119.70 toks/s]
[36m(WorkerDict pid=4031194)[0m Processed prompts:  53%|█████▎    | 17/32 [04:17<00:55,  3.68s/it, est. speed input: 3.85 toks/s, output: 170.39 toks/s]
[36m(WorkerDict pid=4031200)[0m Processed prompts:  50%|█████     | 16/32 [04:19<01:50,  6.92s/it, est. speed input: 2.94 toks/s, output: 146.14 toks/s]
[36m(WorkerDict pid=4031197)[0m Processed prompts:  50%|█████     | 16/32 [04:19<05:06, 19.17s/it, est. speed input: 2.47 toks/s, output: 104.54 toks/s]
[36m(WorkerDict pid=4031196)[0m Processed prompts:  53%|█████▎    | 17/32 [04:19<01:01,  4.13s/it, est. speed input: 3.20 toks/s, output: 167.64 toks/s]
[36m(WorkerDict pid=4031195)[0m Processed prompts:  41%|████      | 13/32 [04:19<01:31,  4.82s/it, est. speed input: 1.52 toks/s, output: 130.32 toks/s]
[36m(WorkerDict pid=4031200)[0m Processed prompts:  53%|█████▎    | 17/32 [04:20<01:20,  5.40s/it, est. speed input: 3.10 toks/s, output: 156.57 toks/s]
[36m(WorkerDict pid=4031200)[0m Processed prompts:  56%|█████▋    | 18/32 [04:22<01:00,  4.35s/it, est. speed input: 3.30 toks/s, output: 166.90 toks/s]
[36m(WorkerDict pid=4031200)[0m Processed prompts:  59%|█████▉    | 19/32 [04:22<00:40,  3.12s/it, est. speed input: 3.47 toks/s, output: 178.19 toks/s]
[36m(WorkerDict pid=4031196)[0m Processed prompts:  56%|█████▋    | 18/32 [04:27<01:15,  5.40s/it, est. speed input: 3.23 toks/s, output: 173.91 toks/s]
[36m(WorkerDict pid=4031194)[0m Processed prompts:  56%|█████▋    | 18/32 [04:26<01:14,  5.34s/it, est. speed input: 3.89 toks/s, output: 176.04 toks/s]
[36m(WorkerDict pid=4031196)[0m Processed prompts:  59%|█████▉    | 19/32 [04:28<00:53,  4.13s/it, est. speed input: 3.34 toks/s, output: 184.63 toks/s]
[36m(WorkerDict pid=4031194)[0m Processed prompts:  59%|█████▉    | 19/32 [04:30<01:02,  4.84s/it, est. speed input: 4.01 toks/s, output: 185.20 toks/s]
[36m(WorkerDict pid=4031194)[0m Processed prompts:  62%|██████▎   | 20/32 [04:30<00:42,  3.55s/it, est. speed input: 4.23 toks/s, output: 196.40 toks/s]
[36m(WorkerDict pid=4031196)[0m Processed prompts:  62%|██████▎   | 20/32 [04:32<00:47,  3.92s/it, est. speed input: 3.58 toks/s, output: 193.82 toks/s]
[36m(WorkerDict pid=4031202)[0m Processed prompts:  16%|█▌        | 5/32 [04:33<15:36, 34.70s/it, est. speed input: 1.46 toks/s, output: 49.59 toks/s]
[36m(WorkerDict pid=4031195)[0m Processed prompts:  44%|████▍     | 14/32 [04:33<02:19,  7.72s/it, est. speed input: 1.53 toks/s, output: 135.00 toks/s]
[36m(WorkerDict pid=4031194)[0m Processed prompts:  66%|██████▌   | 21/32 [04:33<00:36,  3.30s/it, est. speed input: 4.35 toks/s, output: 206.01 toks/s]
[36m(WorkerDict pid=4031195)[0m Processed prompts:  47%|████▋     | 15/32 [04:36<01:46,  6.27s/it, est. speed input: 1.60 toks/s, output: 145.14 toks/s]
[36m(WorkerDict pid=4031194)[0m Processed prompts:  69%|██████▉   | 22/32 [04:38<00:38,  3.90s/it, est. speed input: 4.49 toks/s, output: 213.68 toks/s]
[36m(WorkerDict pid=4031194)[0m Processed prompts:  72%|███████▏  | 23/32 [04:39<00:27,  3.04s/it, est. speed input: 4.64 toks/s, output: 224.46 toks/s]
[36m(WorkerDict pid=4031195)[0m Processed prompts:  50%|█████     | 16/32 [04:41<01:35,  5.95s/it, est. speed input: 1.65 toks/s, output: 154.02 toks/s]
[36m(WorkerDict pid=4031195)[0m Processed prompts:  53%|█████▎    | 17/32 [04:44<01:17,  5.14s/it, est. speed input: 1.71 toks/s, output: 163.84 toks/s]
[36m(WorkerDict pid=4031202)[0m Processed prompts:  19%|█▉        | 6/32 [04:45<11:41, 26.98s/it, est. speed input: 1.68 toks/s, output: 59.05 toks/s]
[36m(WorkerDict pid=4031194)[0m Processed prompts:  75%|███████▌  | 24/32 [04:45<00:30,  3.84s/it, est. speed input: 4.71 toks/s, output: 231.58 toks/s]
[36m(WorkerDict pid=4031194)[0m Processed prompts:  78%|███████▊  | 25/32 [04:46<00:20,  2.91s/it, est. speed input: 4.86 toks/s, output: 242.58 toks/s]
[36m(WorkerDict pid=4031202)[0m Processed prompts:  22%|██▏       | 7/32 [04:48<07:54, 18.99s/it, est. speed input: 1.94 toks/s, output: 70.08 toks/s]
[36m(WorkerDict pid=4031205)[0m Processed prompts:   3%|▎         | 1/32 [04:50<2:29:59, 290.30s/it, est. speed input: 0.19 toks/s, output: 11.53 toks/s]
[36m(WorkerDict pid=4031210)[0m Processed prompts:   6%|▋         | 2/32 [04:50<1:06:03, 132.11s/it, est. speed input: 0.52 toks/s, output: 20.14 toks/s]
[36m(WorkerDict pid=4031194)[0m Processed prompts:  81%|████████▏ | 26/32 [04:49<00:17,  3.00s/it, est. speed input: 4.96 toks/s, output: 251.49 toks/s]
[36m(WorkerDict pid=4031199)[0m Processed prompts:  53%|█████▎    | 17/32 [04:51<09:26, 37.79s/it, est. speed input: 3.34 toks/s, output: 94.48 toks/s] 
[36m(WorkerDict pid=4031197)[0m Processed prompts:  53%|█████▎    | 17/32 [04:53<05:56, 23.79s/it, est. speed input: 2.29 toks/s, output: 103.78 toks/s]
[36m(WorkerDict pid=4031205)[0m Processed prompts:   6%|▋         | 2/32 [04:54<1:00:56, 121.87s/it, est. speed input: 0.38 toks/s, output: 22.91 toks/s]
[36m(WorkerDict pid=4031196)[0m Processed prompts:  66%|██████▌   | 21/32 [04:56<01:50, 10.03s/it, est. speed input: 3.54 toks/s, output: 189.52 toks/s]
[36m(WorkerDict pid=4031195)[0m Processed prompts:  56%|█████▋    | 18/32 [04:56<01:37,  6.97s/it, est. speed input: 1.72 toks/s, output: 169.23 toks/s]
[36m(WorkerDict pid=4031200)[0m Processed prompts:  62%|██████▎   | 20/32 [04:59<02:37, 13.17s/it, est. speed input: 3.24 toks/s, output: 167.96 toks/s]
[36m(WorkerDict pid=4031195)[0m Processed prompts:  59%|█████▉    | 19/32 [04:58<01:11,  5.53s/it, est. speed input: 1.87 toks/s, output: 179.59 toks/s]
[36m(WorkerDict pid=4031195)[0m Processed prompts:  62%|██████▎   | 20/32 [05:00<00:55,  4.63s/it, est. speed input: 2.01 toks/s, output: 189.70 toks/s]
[36m(WorkerDict pid=4031200)[0m Processed prompts:  66%|██████▌   | 21/32 [05:04<01:56, 10.60s/it, est. speed input: 3.39 toks/s, output: 176.96 toks/s]
[36m(WorkerDict pid=4031202)[0m Processed prompts:  25%|██▌       | 8/32 [05:08<07:46, 19.45s/it, est. speed input: 2.07 toks/s, output: 77.03 toks/s]
[36m(WorkerDict pid=4031195)[0m Processed prompts:  66%|██████▌   | 21/32 [05:08<01:02,  5.64s/it, est. speed input: 2.03 toks/s, output: 196.40 toks/s]
[36m(WorkerDict pid=4031202)[0m Processed prompts:  28%|██▊       | 9/32 [05:10<05:15, 13.72s/it, est. speed input: 2.32 toks/s, output: 88.34 toks/s]
[36m(WorkerDict pid=4031210)[0m Processed prompts:   9%|▉         | 3/32 [05:10<39:13, 81.14s/it, est. speed input: 0.72 toks/s, output: 30.41 toks/s]   
[36m(WorkerDict pid=4031195)[0m Processed prompts:  69%|██████▉   | 22/32 [05:11<00:48,  4.81s/it, est. speed input: 2.16 toks/s, output: 206.21 toks/s]
[36m(WorkerDict pid=4031200)[0m Processed prompts:  69%|██████▉   | 22/32 [05:13<01:43, 10.31s/it, est. speed input: 3.47 toks/s, output: 183.11 toks/s]
[36m(WorkerDict pid=4031196)[0m Processed prompts:  69%|██████▉   | 22/32 [05:14<02:04, 12.46s/it, est. speed input: 3.45 toks/s, output: 190.20 toks/s]
[36m(WorkerDict pid=4031200)[0m Processed prompts:  72%|███████▏  | 23/32 [05:15<01:08,  7.65s/it, est. speed input: 3.64 toks/s, output: 193.84 toks/s]
[36m(WorkerDict pid=4031197)[0m Processed prompts:  56%|█████▋    | 18/32 [05:15<05:24, 23.20s/it, est. speed input: 2.24 toks/s, output: 108.18 toks/s]
[36m(WorkerDict pid=4031198)[0m Processed prompts:  53%|█████▎    | 17/32 [05:16<08:30, 34.01s/it, est. speed input: 2.89 toks/s, output: 105.87 toks/s]
[36m(WorkerDict pid=4031196)[0m Processed prompts:  72%|███████▏  | 23/32 [05:17<01:25,  9.54s/it, est. speed input: 3.66 toks/s, output: 200.16 toks/s]
[36m(WorkerDict pid=4031194)[0m Processed prompts:  84%|████████▍ | 27/32 [05:20<00:57, 11.53s/it, est. speed input: 4.62 toks/s, output: 238.50 toks/s]
[36m(WorkerDict pid=4031197)[0m Processed prompts:  59%|█████▉    | 19/32 [05:24<04:07, 19.06s/it, est. speed input: 2.28 toks/s, output: 116.65 toks/s]
[36m(WorkerDict pid=4031200)[0m Processed prompts:  75%|███████▌  | 24/32 [05:24<01:06,  8.26s/it, est. speed input: 3.72 toks/s, output: 199.68 toks/s]
[36m(WorkerDict pid=4031195)[0m Processed prompts:  72%|███████▏  | 23/32 [05:23<01:02,  6.98s/it, est. speed input: 2.15 toks/s, output: 210.20 toks/s]
[36m(WorkerDict pid=4031199)[0m Processed prompts:  56%|█████▋    | 18/32 [05:27<08:42, 37.31s/it, est. speed input: 3.25 toks/s, output: 95.66 toks/s]
[36m(WorkerDict pid=4031195)[0m Processed prompts:  75%|███████▌  | 24/32 [05:27<00:47,  5.91s/it, est. speed input: 2.27 toks/s, output: 219.66 toks/s]
[36m(WorkerDict pid=4031198)[0m Processed prompts:  56%|█████▋    | 18/32 [05:28<06:35, 28.26s/it, est. speed input: 2.97 toks/s, output: 113.38 toks/s]
[36m(WorkerDict pid=4031194)[0m Processed prompts:  88%|████████▊ | 28/32 [05:30<00:43, 10.85s/it, est. speed input: 4.63 toks/s, output: 243.50 toks/s]
[36m(WorkerDict pid=4031196)[0m Processed prompts:  75%|███████▌  | 24/32 [05:31<01:26, 10.86s/it, est. speed input: 3.60 toks/s, output: 203.38 toks/s]
[36m(WorkerDict pid=4031198)[0m Processed prompts:  59%|█████▉    | 19/32 [05:31<04:35, 21.19s/it, est. speed input: 3.14 toks/s, output: 124.02 toks/s]
[36m(WorkerDict pid=4031198)[0m Processed prompts:  62%|██████▎   | 20/32 [05:33<03:07, 15.61s/it, est. speed input: 3.32 toks/s, output: 135.06 toks/s]
[36m(WorkerDict pid=4031195)[0m Processed prompts:  78%|███████▊  | 25/32 [05:33<00:41,  5.93s/it, est. speed input: 2.37 toks/s, output: 227.39 toks/s]
[36m(WorkerDict pid=4031194)[0m Processed prompts:  91%|█████████ | 29/32 [05:32<00:25,  8.46s/it, est. speed input: 4.73 toks/s, output: 253.07 toks/s]
[36m(WorkerDict pid=4031195)[0m Processed prompts:  81%|████████▏ | 26/32 [05:34<00:27,  4.51s/it, est. speed input: 2.51 toks/s, output: 238.25 toks/s]
[36m(WorkerDict pid=4031205)[0m Processed prompts:   9%|▉         | 3/32 [05:36<41:15, 85.37s/it, est. speed input: 0.50 toks/s, output: 31.68 toks/s]   
[36m(WorkerDict pid=4031195)[0m Processed prompts:  84%|████████▍ | 27/32 [05:35<00:17,  3.60s/it, est. speed input: 2.64 toks/s, output: 248.87 toks/s]
[36m(WorkerDict pid=4031199)[0m Processed prompts:  59%|█████▉    | 19/32 [05:38<06:23, 29.47s/it, est. speed input: 3.41 toks/s, output: 104.13 toks/s]
[36m(WorkerDict pid=4031199)[0m Processed prompts:  62%|██████▎   | 20/32 [05:38<04:08, 20.67s/it, est. speed input: 3.68 toks/s, output: 115.71 toks/s]
[36m(WorkerDict pid=4031196)[0m Processed prompts:  78%|███████▊  | 25/32 [05:38<01:08,  9.79s/it, est. speed input: 3.75 toks/s, output: 210.63 toks/s]
[36m(WorkerDict pid=4031194)[0m Processed prompts:  94%|█████████▍| 30/32 [05:38<00:14,  7.46s/it, est. speed input: 4.84 toks/s, output: 260.91 toks/s]
[36m(WorkerDict pid=4031196)[0m Processed prompts:  81%|████████▏ | 26/32 [05:42<00:48,  8.14s/it, est. speed input: 3.93 toks/s, output: 219.66 toks/s]
[36m(WorkerDict pid=4031195)[0m Processed prompts:  88%|████████▊ | 28/32 [05:42<00:18,  4.57s/it, est. speed input: 2.72 toks/s, output: 255.59 toks/s]
[36m(WorkerDict pid=4031196)[0m Processed prompts:  84%|████████▍ | 27/32 [05:43<00:29,  5.98s/it, est. speed input: 4.14 toks/s, output: 230.70 toks/s]
[36m(WorkerDict pid=4031196)[0m Processed prompts:  88%|████████▊ | 28/32 [05:47<00:20,  5.17s/it, est. speed input: 4.19 toks/s, output: 240.19 toks/s]
[36m(WorkerDict pid=4031210)[0m Processed prompts:  12%|█▎        | 4/32 [05:47<29:34, 63.39s/it, est. speed input: 0.86 toks/s, output: 38.91 toks/s]
[36m(WorkerDict pid=4031200)[0m Processed prompts:  78%|███████▊  | 25/32 [05:48<01:29, 12.73s/it, est. speed input: 3.64 toks/s, output: 198.05 toks/s]
[36m(WorkerDict pid=4031200)[0m Processed prompts:  81%|████████▏ | 26/32 [05:48<00:54,  9.10s/it, est. speed input: 3.80 toks/s, output: 209.33 toks/s]
[36m(WorkerDict pid=4031197)[0m Processed prompts:  62%|██████▎   | 20/32 [05:48<04:06, 20.54s/it, est. speed input: 2.22 toks/s, output: 120.28 toks/s]
[36m(WorkerDict pid=4031198)[0m Processed prompts:  66%|██████▌   | 21/32 [05:49<02:52, 15.72s/it, est. speed input: 3.36 toks/s, output: 140.55 toks/s]
[36m(WorkerDict pid=4031198)[0m Processed prompts:  69%|██████▉   | 22/32 [05:50<01:54, 11.48s/it, est. speed input: 3.53 toks/s, output: 151.74 toks/s]
[36m(WorkerDict pid=4031202)[0m Processed prompts:  31%|███▏      | 10/32 [05:51<08:09, 22.26s/it, est. speed input: 2.28 toks/s, output: 89.61 toks/s]
[36m(WorkerDict pid=4031198)[0m Processed prompts:  72%|███████▏  | 23/32 [05:51<01:15,  8.44s/it, est. speed input: 3.70 toks/s, output: 162.91 toks/s]
[36m(WorkerDict pid=4031198)[0m Processed prompts:  75%|███████▌  | 24/32 [05:54<00:53,  6.68s/it, est. speed input: 3.86 toks/s, output: 173.45 toks/s]
[36m(WorkerDict pid=4031205)[0m Processed prompts:  12%|█▎        | 4/32 [05:55<27:35, 59.12s/it, est. speed input: 0.63 toks/s, output: 41.65 toks/s]
[36m(WorkerDict pid=4031195)[0m Processed prompts:  91%|█████████ | 29/32 [05:54<00:20,  6.83s/it, est. speed input: 2.76 toks/s, output: 258.59 toks/s]
[36m(WorkerDict pid=4031200)[0m Processed prompts:  84%|████████▍ | 27/32 [05:58<00:46,  9.22s/it, est. speed input: 3.87 toks/s, output: 215.45 toks/s]
[36m(WorkerDict pid=4031202)[0m Processed prompts:  34%|███▍      | 11/32 [05:58<06:10, 17.65s/it, est. speed input: 2.45 toks/s, output: 99.50 toks/s]
[36m(WorkerDict pid=4031201)[0m Processed prompts:  53%|█████▎    | 17/32 [05:59<17:41, 70.77s/it, est. speed input: 3.36 toks/s, output: 61.62 toks/s] 
[36m(WorkerDict pid=4031196)[0m Processed prompts:  91%|█████████ | 29/32 [06:02<00:24,  8.25s/it, est. speed input: 4.23 toks/s, output: 241.66 toks/s]
[36m(WorkerDict pid=4031199)[0m Processed prompts:  66%|██████▌   | 21/32 [06:04<04:03, 22.12s/it, est. speed input: 3.68 toks/s, output: 119.31 toks/s]
[36m(WorkerDict pid=4031200)[0m Processed prompts:  88%|████████▊ | 28/32 [06:04<00:33,  8.43s/it, est. speed input: 3.96 toks/s, output: 223.24 toks/s]
[36m(WorkerDict pid=4031204)[0m Processed prompts:   3%|▎         | 1/32 [06:04<3:08:28, 364.79s/it, est. speed input: 0.28 toks/s, output: 11.68 toks/s]
[36m(WorkerDict pid=4031199)[0m Processed prompts:  69%|██████▉   | 22/32 [06:04<02:36, 15.63s/it, est. speed input: 3.93 toks/s, output: 130.84 toks/s]
[36m(WorkerDict pid=4031196)[0m Processed prompts:  94%|█████████▍| 30/32 [06:05<00:13,  6.58s/it, est. speed input: 4.40 toks/s, output: 251.59 toks/s]
[36m(WorkerDict pid=4031210)[0m Processed prompts:  16%|█▌        | 5/32 [06:05<21:14, 47.22s/it, est. speed input: 1.03 toks/s, output: 48.63 toks/s]
[36m(WorkerDict pid=4031210)[0m Processed prompts:  19%|█▉        | 6/32 [06:07<13:46, 31.80s/it, est. speed input: 1.22 toks/s, output: 60.10 toks/s]
[36m(WorkerDict pid=4031197)[0m Processed prompts:  66%|██████▌   | 21/32 [06:08<03:41, 20.18s/it, est. speed input: 2.20 toks/s, output: 125.65 toks/s]
[36m(WorkerDict pid=4031197)[0m Processed prompts:  69%|██████▉   | 22/32 [06:12<02:34, 15.45s/it, est. speed input: 2.26 toks/s, output: 135.82 toks/s]
[36m(WorkerDict pid=4031196)[0m Processed prompts:  97%|█████████▋| 31/32 [06:12<00:06,  6.79s/it, est. speed input: 4.52 toks/s, output: 258.33 toks/s]
[36m(WorkerDict pid=4031196)[0m [rank2]:E0620 16:21:47.353000 4031196 site-packages/torch/_dynamo/metrics_context.py:105] [0/1] Unexpected exception logging compilation metrics
[36m(WorkerDict pid=4031196)[0m [rank2]:E0620 16:21:47.353000 4031196 site-packages/torch/_dynamo/metrics_context.py:105] [0/1] Traceback (most recent call last):
[36m(WorkerDict pid=4031196)[0m [rank2]:E0620 16:21:47.353000 4031196 site-packages/torch/_dynamo/metrics_context.py:105] [0/1]   File "/usr/local/python3.11.14/lib/python3.11/site-packages/torch/_dynamo/metrics_context.py", line 101, in __exit__
[36m(WorkerDict pid=4031196)[0m [rank2]:E0620 16:21:47.353000 4031196 site-packages/torch/_dynamo/metrics_context.py:105] [0/1]     self._on_exit(
[36m(WorkerDict pid=4031196)[0m [rank2]:E0620 16:21:47.353000 4031196 site-packages/torch/_dynamo/metrics_context.py:105] [0/1]   File "/usr/local/python3.11.14/lib/python3.11/site-packages/torch/_dynamo/utils.py", line 1632, in record_compilation_metrics
[36m(WorkerDict pid=4031196)[0m [rank2]:E0620 16:21:47.353000 4031196 site-packages/torch/_dynamo/metrics_context.py:105] [0/1]     "triton_version": triton.__version__ if has_triton() else "",
[36m(WorkerDict pid=4031196)[0m [rank2]:E0620 16:21:47.353000 4031196 site-packages/torch/_dynamo/metrics_context.py:105] [0/1]                                             ^^^^^^^^^^^^
[36m(WorkerDict pid=4031196)[0m [rank2]:E0620 16:21:47.353000 4031196 site-packages/torch/_dynamo/metrics_context.py:105] [0/1]   File "/usr/local/python3.11.14/lib/python3.11/site-packages/torch/utils/_triton.py", line 159, in has_triton
[36m(WorkerDict pid=4031196)[0m [rank2]:E0620 16:21:47.353000 4031196 site-packages/torch/_dynamo/metrics_context.py:105] [0/1]     return is_device_compatible_with_triton()
[36m(WorkerDict pid=4031196)[0m [rank2]:E0620 16:21:47.353000 4031196 site-packages/torch/_dynamo/metrics_context.py:105] [0/1]            ^^^^^^^^^^^^^^^^^^^^^^^^^^^^^^^^^^
[36m(WorkerDict pid=4031196)[0m [rank2]:E0620 16:21:47.353000 4031196 site-packages/torch/_dynamo/metrics_context.py:105] [0/1]   File "/usr/local/python3.11.14/lib/python3.11/site-packages/torch/utils/_triton.py", line 155, in is_device_compatible_with_triton
[36m(WorkerDict pid=4031196)[0m [rank2]:E0620 16:21:47.353000 4031196 site-packages/torch/_dynamo/metrics_context.py:105] [0/1]     if device_interface.is_available() and extra_check(device_interface):
[36m(WorkerDict pid=4031196)[0m [rank2]:E0620 16:21:47.353000 4031196 site-packages/torch/_dynamo/metrics_context.py:105] [0/1]                                            ^^^^^^^^^^^^^^^^^^^^^^^^^^^^^
[36m(WorkerDict pid=4031196)[0m [rank2]:E0620 16:21:47.353000 4031196 site-packages/torch/_dynamo/metrics_context.py:105] [0/1]   File "/usr/local/python3.11.14/lib/python3.11/site-packages/torch/utils/_triton.py", line 135, in cuda_extra_check
[36m(WorkerDict pid=4031196)[0m [rank2]:E0620 16:21:47.353000 4031196 site-packages/torch/_dynamo/metrics_context.py:105] [0/1]     return device_interface.Worker.get_device_properties().major >= 7
[36m(WorkerDict pid=4031196)[0m [rank2]:E0620 16:21:47.353000 4031196 site-packages/torch/_dynamo/metrics_context.py:105] [0/1]            ^^^^^^^^^^^^^^^^^^^^^^^^^^^^^^^^^^^^^^^^^^^^^^^^^^^^^^^^^^
[36m(WorkerDict pid=4031196)[0m [rank2]:E0620 16:21:47.353000 4031196 site-packages/torch/_dynamo/metrics_context.py:105] [0/1] TypeError: '>=' not supported between instances of 'NoneType' and 'int'
[36m(WorkerDict pid=4031197)[0m Processed prompts:  72%|███████▏  | 23/32 [06:13<01:40, 11.15s/it, est. speed input: 2.35 toks/s, output: 147.07 toks/s]
[36m(WorkerDict pid=4031194)[0m Processed prompts:  97%|█████████▋| 31/32 [06:15<00:16, 16.46s/it, est. speed input: 4.48 toks/s, output: 246.61 toks/s]
[36m(WorkerDict pid=4031194)[0m [rank0]:E0620 16:21:51.588000 4031194 site-packages/torch/_dynamo/metrics_context.py:105] [0/1] Unexpected exception logging compilation metrics
[36m(WorkerDict pid=4031194)[0m [rank0]:E0620 16:21:51.588000 4031194 site-packages/torch/_dynamo/metrics_context.py:105] [0/1] Traceback (most recent call last):
[36m(WorkerDict pid=4031194)[0m [rank0]:E0620 16:21:51.588000 4031194 site-packages/torch/_dynamo/metrics_context.py:105] [0/1]   File "/usr/local/python3.11.14/lib/python3.11/site-packages/torch/_dynamo/metrics_context.py", line 101, in __exit__
[36m(WorkerDict pid=4031194)[0m [rank0]:E0620 16:21:51.588000 4031194 site-packages/torch/_dynamo/metrics_context.py:105] [0/1]     self._on_exit(
[36m(WorkerDict pid=4031194)[0m [rank0]:E0620 16:21:51.588000 4031194 site-packages/torch/_dynamo/metrics_context.py:105] [0/1]   File "/usr/local/python3.11.14/lib/python3.11/site-packages/torch/_dynamo/utils.py", line 1632, in record_compilation_metrics
[36m(WorkerDict pid=4031194)[0m [rank0]:E0620 16:21:51.588000 4031194 site-packages/torch/_dynamo/metrics_context.py:105] [0/1]     "triton_version": triton.__version__ if has_triton() else "",
[36m(WorkerDict pid=4031194)[0m [rank0]:E0620 16:21:51.588000 4031194 site-packages/torch/_dynamo/metrics_context.py:105] [0/1]                                             ^^^^^^^^^^^^
[36m(WorkerDict pid=4031194)[0m [rank0]:E0620 16:21:51.588000 4031194 site-packages/torch/_dynamo/metrics_context.py:105] [0/1]   File "/usr/local/python3.11.14/lib/python3.11/site-packages/torch/utils/_triton.py", line 159, in has_triton
[36m(WorkerDict pid=4031194)[0m [rank0]:E0620 16:21:51.588000 4031194 site-packages/torch/_dynamo/metrics_context.py:105] [0/1]     return is_device_compatible_with_triton()
[36m(WorkerDict pid=4031194)[0m [rank0]:E0620 16:21:51.588000 4031194 site-packages/torch/_dynamo/metrics_context.py:105] [0/1]            ^^^^^^^^^^^^^^^^^^^^^^^^^^^^^^^^^^
[36m(WorkerDict pid=4031194)[0m [rank0]:E0620 16:21:51.588000 4031194 site-packages/torch/_dynamo/metrics_context.py:105] [0/1]   File "/usr/local/python3.11.14/lib/python3.11/site-packages/torch/utils/_triton.py", line 155, in is_device_compatible_with_triton
[36m(WorkerDict pid=4031194)[0m [rank0]:E0620 16:21:51.588000 4031194 site-packages/torch/_dynamo/metrics_context.py:105] [0/1]     if device_interface.is_available() and extra_check(device_interface):
[36m(WorkerDict pid=4031194)[0m [rank0]:E0620 16:21:51.588000 4031194 site-packages/torch/_dynamo/metrics_context.py:105] [0/1]                                            ^^^^^^^^^^^^^^^^^^^^^^^^^^^^^
[36m(WorkerDict pid=4031194)[0m [rank0]:E0620 16:21:51.588000 4031194 site-packages/torch/_dynamo/metrics_context.py:105] [0/1]   File "/usr/local/python3.11.14/lib/python3.11/site-packages/torch/utils/_triton.py", line 135, in cuda_extra_check
[36m(WorkerDict pid=4031194)[0m [rank0]:E0620 16:21:51.588000 4031194 site-packages/torch/_dynamo/metrics_context.py:105] [0/1]     return device_interface.Worker.get_device_properties().major >= 7
[36m(WorkerDict pid=4031194)[0m [rank0]:E0620 16:21:51.588000 4031194 site-packages/torch/_dynamo/metrics_context.py:105] [0/1]            ^^^^^^^^^^^^^^^^^^^^^^^^^^^^^^^^^^^^^^^^^^^^^^^^^^^^^^^^^^
[36m(WorkerDict pid=4031194)[0m [rank0]:E0620 16:21:51.588000 4031194 site-packages/torch/_dynamo/metrics_context.py:105] [0/1] TypeError: '>=' not supported between instances of 'NoneType' and 'int'
[36m(WorkerDict pid=4031202)[0m Processed prompts:  38%|███▊      | 12/32 [06:17<05:58, 17.95s/it, est. speed input: 2.54 toks/s, output: 106.26 toks/s]
[36m(WorkerDict pid=4031200)[0m Processed prompts:  91%|█████████ | 29/32 [06:17<00:29,  9.84s/it, est. speed input: 3.98 toks/s, output: 227.15 toks/s]
[36m(WorkerDict pid=4031205)[0m Processed prompts:  16%|█▌        | 5/32 [06:18<20:47, 46.19s/it, est. speed input: 0.74 toks/s, output: 50.76 toks/s]
[36m(WorkerDict pid=4031203)[0m Processed prompts:   3%|▎         | 1/32 [06:18<3:15:22, 378.13s/it, est. speed input: 1.00 toks/s, output: 11.68 toks/s]
[36m(WorkerDict pid=4031202)[0m Processed prompts:  41%|████      | 13/32 [06:18<04:03, 12.84s/it, est. speed input: 2.75 toks/s, output: 117.64 toks/s]
[36m(WorkerDict pid=4031198)[0m Processed prompts:  78%|███████▊  | 25/32 [06:19<01:24, 12.05s/it, est. speed input: 3.78 toks/s, output: 173.83 toks/s]
[36m(WorkerDict pid=4031195)[0m Processed prompts:  94%|█████████▍| 30/32 [06:18<00:24, 12.03s/it, est. speed input: 2.71 toks/s, output: 253.81 toks/s]
[36m(WorkerDict pid=4031197)[0m Processed prompts:  75%|███████▌  | 24/32 [06:20<01:19,  9.95s/it, est. speed input: 2.39 toks/s, output: 155.98 toks/s]
[36m(WorkerDict pid=4031205)[0m Processed prompts:  19%|█▉        | 6/32 [06:20<13:35, 31.38s/it, est. speed input: 0.88 toks/s, output: 62.08 toks/s]
[36m(WorkerDict pid=4031197)[0m Processed prompts:  78%|███████▊  | 25/32 [06:22<00:52,  7.52s/it, est. speed input: 2.47 toks/s, output: 166.89 toks/s]
[36m(WorkerDict pid=4031198)[0m Processed prompts:  81%|████████▏ | 26/32 [06:23<00:58,  9.71s/it, est. speed input: 3.91 toks/s, output: 183.59 toks/s]
[36m(WorkerDict pid=4031200)[0m Processed prompts:  94%|█████████▍| 30/32 [06:24<00:17,  8.98s/it, est. speed input: 4.06 toks/s, output: 234.67 toks/s]
[36m(WorkerDict pid=4031204)[0m Processed prompts:   6%|▋         | 2/32 [06:25<1:21:12, 162.43s/it, est. speed input: 0.36 toks/s, output: 22.70 toks/s]
[36m(WorkerDict pid=4031199)[0m Processed prompts:  72%|███████▏  | 23/32 [06:25<02:35, 17.29s/it, est. speed input: 3.95 toks/s, output: 135.32 toks/s]
[36m(WorkerDict pid=4031194)[0m Processed prompts: 100%|██████████| 32/32 [06:25<00:00, 14.41s/it, est. speed input: 4.49 toks/s, output: 252.14 toks/s]Processed prompts: 100%|██████████| 32/32 [06:25<00:00, 14.41s/it, est. speed input: 4.49 toks/s, output: 252.14 toks/s]
[36m(WorkerDict pid=4031204)[0m Processed prompts:   9%|▉         | 3/32 [06:30<43:49, 90.67s/it, est. speed input: 0.62 toks/s, output: 34.05 toks/s]   
[36m(WorkerDict pid=4031199)[0m Processed prompts:  75%|███████▌  | 24/32 [06:31<01:50, 13.77s/it, est. speed input: 4.13 toks/s, output: 145.07 toks/s]
[36m(WorkerDict pid=4031198)[0m Processed prompts:  84%|████████▍ | 27/32 [06:31<00:46,  9.21s/it, est. speed input: 3.99 toks/s, output: 191.51 toks/s]
[36m(WorkerDict pid=4031197)[0m Processed prompts:  81%|████████▏ | 26/32 [06:32<00:48,  8.11s/it, est. speed input: 2.50 toks/s, output: 174.51 toks/s]
[36m(WorkerDict pid=4031202)[0m Processed prompts:  44%|████▍     | 14/32 [06:32<03:56, 13.13s/it, est. speed input: 2.86 toks/s, output: 125.18 toks/s]
[36m(WorkerDict pid=4031204)[0m Processed prompts:  12%|█▎        | 4/32 [06:34<26:20, 56.43s/it, est. speed input: 0.70 toks/s, output: 45.38 toks/s]
[36m(WorkerDict pid=4031197)[0m Processed prompts:  84%|████████▍ | 27/32 [06:34<00:32,  6.46s/it, est. speed input: 2.57 toks/s, output: 185.01 toks/s]
[36m(WorkerDict pid=4031198)[0m Processed prompts:  88%|████████▊ | 28/32 [06:35<00:31,  7.84s/it, est. speed input: 4.11 toks/s, output: 200.96 toks/s]
[36m(WorkerDict pid=4031204)[0m Processed prompts:  16%|█▌        | 5/32 [06:40<17:09, 38.13s/it, est. speed input: 0.95 toks/s, output: 56.41 toks/s]
[36m(WorkerDict pid=4031200)[0m Processed prompts:  97%|█████████▋| 31/32 [06:41<00:11, 11.15s/it, est. speed input: 4.04 toks/s, output: 236.87 toks/s]
[36m(WorkerDict pid=4031200)[0m [rank6]:E0620 16:22:15.446000 4031200 site-packages/torch/_dynamo/metrics_context.py:105] [0/1] Unexpected exception logging compilation metrics
[36m(WorkerDict pid=4031200)[0m [rank6]:E0620 16:22:15.446000 4031200 site-packages/torch/_dynamo/metrics_context.py:105] [0/1] Traceback (most recent call last):
[36m(WorkerDict pid=4031200)[0m [rank6]:E0620 16:22:15.446000 4031200 site-packages/torch/_dynamo/metrics_context.py:105] [0/1]   File "/usr/local/python3.11.14/lib/python3.11/site-packages/torch/_dynamo/metrics_context.py", line 101, in __exit__
[36m(WorkerDict pid=4031200)[0m [rank6]:E0620 16:22:15.446000 4031200 site-packages/torch/_dynamo/metrics_context.py:105] [0/1]     self._on_exit(
[36m(WorkerDict pid=4031200)[0m [rank6]:E0620 16:22:15.446000 4031200 site-packages/torch/_dynamo/metrics_context.py:105] [0/1]   File "/usr/local/python3.11.14/lib/python3.11/site-packages/torch/_dynamo/utils.py", line 1632, in record_compilation_metrics
[36m(WorkerDict pid=4031200)[0m [rank6]:E0620 16:22:15.446000 4031200 site-packages/torch/_dynamo/metrics_context.py:105] [0/1]     "triton_version": triton.__version__ if has_triton() else "",
[36m(WorkerDict pid=4031200)[0m [rank6]:E0620 16:22:15.446000 4031200 site-packages/torch/_dynamo/metrics_context.py:105] [0/1]                                             ^^^^^^^^^^^^
[36m(WorkerDict pid=4031200)[0m [rank6]:E0620 16:22:15.446000 4031200 site-packages/torch/_dynamo/metrics_context.py:105] [0/1]   File "/usr/local/python3.11.14/lib/python3.11/site-packages/torch/utils/_triton.py", line 159, in has_triton
[36m(WorkerDict pid=4031200)[0m [rank6]:E0620 16:22:15.446000 4031200 site-packages/torch/_dynamo/metrics_context.py:105] [0/1]     return is_device_compatible_with_triton()
[36m(WorkerDict pid=4031200)[0m [rank6]:E0620 16:22:15.446000 4031200 site-packages/torch/_dynamo/metrics_context.py:105] [0/1]            ^^^^^^^^^^^^^^^^^^^^^^^^^^^^^^^^^^
[36m(WorkerDict pid=4031200)[0m [rank6]:E0620 16:22:15.446000 4031200 site-packages/torch/_dynamo/metrics_context.py:105] [0/1]   File "/usr/local/python3.11.14/lib/python3.11/site-packages/torch/utils/_triton.py", line 155, in is_device_compatible_with_triton
[36m(WorkerDict pid=4031200)[0m [rank6]:E0620 16:22:15.446000 4031200 site-packages/torch/_dynamo/metrics_context.py:105] [0/1]     if device_interface.is_available() and extra_check(device_interface):
[36m(WorkerDict pid=4031200)[0m [rank6]:E0620 16:22:15.446000 4031200 site-packages/torch/_dynamo/metrics_context.py:105] [0/1]                                            ^^^^^^^^^^^^^^^^^^^^^^^^^^^^^
[36m(WorkerDict pid=4031200)[0m [rank6]:E0620 16:22:15.446000 4031200 site-packages/torch/_dynamo/metrics_context.py:105] [0/1]   File "/usr/local/python3.11.14/lib/python3.11/site-packages/torch/utils/_triton.py", line 135, in cuda_extra_check
[36m(WorkerDict pid=4031200)[0m [rank6]:E0620 16:22:15.446000 4031200 site-packages/torch/_dynamo/metrics_context.py:105] [0/1]     return device_interface.Worker.get_device_properties().major >= 7
[36m(WorkerDict pid=4031200)[0m [rank6]:E0620 16:22:15.446000 4031200 site-packages/torch/_dynamo/metrics_context.py:105] [0/1]            ^^^^^^^^^^^^^^^^^^^^^^^^^^^^^^^^^^^^^^^^^^^^^^^^^^^^^^^^^^
[36m(WorkerDict pid=4031200)[0m [rank6]:E0620 16:22:15.446000 4031200 site-packages/torch/_dynamo/metrics_context.py:105] [0/1] TypeError: '>=' not supported between instances of 'NoneType' and 'int'
[36m(WorkerDict pid=4031197)[0m Processed prompts:  88%|████████▊ | 28/32 [06:41<00:25,  6.48s/it, est. speed input: 2.61 toks/s, output: 193.69 toks/s]
[36m(WorkerDict pid=4031210)[0m Processed prompts:  22%|██▏       | 7/32 [06:40<13:28, 32.35s/it, est. speed input: 1.31 toks/s, output: 66.77 toks/s]
[36m(WorkerDict pid=4031197)[0m Processed prompts:  91%|█████████ | 29/32 [06:41<00:13,  4.64s/it, est. speed input: 2.69 toks/s, output: 205.20 toks/s]
[36m(WorkerDict pid=4031201)[0m Processed prompts:  56%|█████▋    | 18/32 [06:43<14:38, 62.72s/it, est. speed input: 3.09 toks/s, output: 66.62 toks/s]
[36m(WorkerDict pid=4031205)[0m Processed prompts:  22%|██▏       | 7/32 [06:46<12:14, 29.37s/it, est. speed input: 0.97 toks/s, output: 69.90 toks/s]
[36m(WorkerDict pid=4031203)[0m Processed prompts:   6%|▋         | 2/32 [06:46<1:26:04, 172.14s/it, est. speed input: 1.05 toks/s, output: 22.58 toks/s]
[36m(WorkerDict pid=4031199)[0m Processed prompts:  78%|███████▊  | 25/32 [06:49<01:44, 14.94s/it, est. speed input: 4.17 toks/s, output: 150.49 toks/s]
[36m(WorkerDict pid=4031199)[0m Processed prompts:  81%|████████▏ | 26/32 [06:52<01:08, 11.39s/it, est. speed input: 4.37 toks/s, output: 161.05 toks/s]
[36m(WorkerDict pid=4031198)[0m Processed prompts:  91%|█████████ | 29/32 [06:53<00:31, 10.66s/it, est. speed input: 4.10 toks/s, output: 204.27 toks/s]
[36m(WorkerDict pid=4031210)[0m Processed prompts:  25%|██▌       | 8/32 [06:54<10:36, 26.51s/it, est. speed input: 1.45 toks/s, output: 76.23 toks/s]
[36m(WorkerDict pid=4031205)[0m Processed prompts:  25%|██▌       | 8/32 [07:00<09:52, 24.71s/it, est. speed input: 1.07 toks/s, output: 79.16 toks/s]
[36m(WorkerDict pid=4031195)[0m Processed prompts:  97%|█████████▋| 31/32 [07:02<00:21, 21.39s/it, est. speed input: 2.54 toks/s, output: 239.56 toks/s]
[36m(WorkerDict pid=4031195)[0m [rank1]:E0620 16:22:37.804000 4031195 site-packages/torch/_dynamo/metrics_context.py:105] [0/1] Unexpected exception logging compilation metrics
[36m(WorkerDict pid=4031195)[0m [rank1]:E0620 16:22:37.804000 4031195 site-packages/torch/_dynamo/metrics_context.py:105] [0/1] Traceback (most recent call last):
[36m(WorkerDict pid=4031195)[0m [rank1]:E0620 16:22:37.804000 4031195 site-packages/torch/_dynamo/metrics_context.py:105] [0/1]   File "/usr/local/python3.11.14/lib/python3.11/site-packages/torch/_dynamo/metrics_context.py", line 101, in __exit__
[36m(WorkerDict pid=4031195)[0m [rank1]:E0620 16:22:37.804000 4031195 site-packages/torch/_dynamo/metrics_context.py:105] [0/1]     self._on_exit(
[36m(WorkerDict pid=4031195)[0m [rank1]:E0620 16:22:37.804000 4031195 site-packages/torch/_dynamo/metrics_context.py:105] [0/1]   File "/usr/local/python3.11.14/lib/python3.11/site-packages/torch/_dynamo/utils.py", line 1632, in record_compilation_metrics
[36m(WorkerDict pid=4031195)[0m [rank1]:E0620 16:22:37.804000 4031195 site-packages/torch/_dynamo/metrics_context.py:105] [0/1]     "triton_version": triton.__version__ if has_triton() else "",
[36m(WorkerDict pid=4031195)[0m [rank1]:E0620 16:22:37.804000 4031195 site-packages/torch/_dynamo/metrics_context.py:105] [0/1]                                             ^^^^^^^^^^^^
[36m(WorkerDict pid=4031195)[0m [rank1]:E0620 16:22:37.804000 4031195 site-packages/torch/_dynamo/metrics_context.py:105] [0/1]   File "/usr/local/python3.11.14/lib/python3.11/site-packages/torch/utils/_triton.py", line 159, in has_triton
[36m(WorkerDict pid=4031195)[0m [rank1]:E0620 16:22:37.804000 4031195 site-packages/torch/_dynamo/metrics_context.py:105] [0/1]     return is_device_compatible_with_triton()
[36m(WorkerDict pid=4031195)[0m [rank1]:E0620 16:22:37.804000 4031195 site-packages/torch/_dynamo/metrics_context.py:105] [0/1]            ^^^^^^^^^^^^^^^^^^^^^^^^^^^^^^^^^^
[36m(WorkerDict pid=4031195)[0m [rank1]:E0620 16:22:37.804000 4031195 site-packages/torch/_dynamo/metrics_context.py:105] [0/1]   File "/usr/local/python3.11.14/lib/python3.11/site-packages/torch/utils/_triton.py", line 155, in is_device_compatible_with_triton
[36m(WorkerDict pid=4031195)[0m [rank1]:E0620 16:22:37.804000 4031195 site-packages/torch/_dynamo/metrics_context.py:105] [0/1]     if device_interface.is_available() and extra_check(device_interface):
[36m(WorkerDict pid=4031195)[0m [rank1]:E0620 16:22:37.804000 4031195 site-packages/torch/_dynamo/metrics_context.py:105] [0/1]                                            ^^^^^^^^^^^^^^^^^^^^^^^^^^^^^
[36m(WorkerDict pid=4031195)[0m [rank1]:E0620 16:22:37.804000 4031195 site-packages/torch/_dynamo/metrics_context.py:105] [0/1]   File "/usr/local/python3.11.14/lib/python3.11/site-packages/torch/utils/_triton.py", line 135, in cuda_extra_check
[36m(WorkerDict pid=4031195)[0m [rank1]:E0620 16:22:37.804000 4031195 site-packages/torch/_dynamo/metrics_context.py:105] [0/1]     return device_interface.Worker.get_device_properties().major >= 7
[36m(WorkerDict pid=4031195)[0m [rank1]:E0620 16:22:37.804000 4031195 site-packages/torch/_dynamo/metrics_context.py:105] [0/1]            ^^^^^^^^^^^^^^^^^^^^^^^^^^^^^^^^^^^^^^^^^^^^^^^^^^^^^^^^^^
[36m(WorkerDict pid=4031195)[0m [rank1]:E0620 16:22:37.804000 4031195 site-packages/torch/_dynamo/metrics_context.py:105] [0/1] TypeError: '>=' not supported between instances of 'NoneType' and 'int'
[36m(WorkerDict pid=4031210)[0m Processed prompts:  28%|██▊       | 9/32 [07:03<08:00, 20.91s/it, est. speed input: 1.59 toks/s, output: 86.41 toks/s]
[36m(WorkerDict pid=4031205)[0m Processed prompts:  28%|██▊       | 9/32 [07:04<06:54, 18.03s/it, est. speed input: 1.19 toks/s, output: 90.24 toks/s]
[36m(WorkerDict pid=4031198)[0m Processed prompts:  94%|█████████▍| 30/32 [07:04<00:21, 10.74s/it, est. speed input: 4.15 toks/s, output: 210.74 toks/s]
[36m(WorkerDict pid=4031204)[0m Processed prompts:  19%|█▉        | 6/32 [07:05<14:33, 33.58s/it, est. speed input: 1.13 toks/s, output: 64.83 toks/s]
[36m(WorkerDict pid=4031203)[0m Processed prompts:   9%|▉         | 3/32 [07:05<49:27, 102.33s/it, est. speed input: 1.10 toks/s, output: 33.28 toks/s]  
[36m(WorkerDict pid=4031197)[0m Processed prompts:  94%|█████████▍| 30/32 [07:09<00:23, 11.62s/it, est. speed input: 2.60 toks/s, output: 203.58 toks/s]
[36m(WorkerDict pid=4031199)[0m Processed prompts:  84%|████████▍ | 27/32 [07:09<01:05, 13.18s/it, est. speed input: 4.40 toks/s, output: 166.27 toks/s]
[36m(WorkerDict pid=4031210)[0m Processed prompts:  31%|███▏      | 10/32 [07:09<05:56, 16.22s/it, est. speed input: 1.75 toks/s, output: 96.99 toks/s]
[36m(WorkerDict pid=4031200)[0m Processed prompts: 100%|██████████| 32/32 [07:13<00:00, 17.43s/it, est. speed input: 3.88 toks/s, output: 231.05 toks/s]Processed prompts: 100%|██████████| 32/32 [07:13<00:00, 17.43s/it, est. speed input: 3.88 toks/s, output: 231.05 toks/s]
[36m(WorkerDict pid=4031199)[0m Processed prompts:  88%|████████▊ | 28/32 [07:15<00:43, 10.98s/it, est. speed input: 4.56 toks/s, output: 175.76 toks/s]
[36m(WorkerDict pid=4031197)[0m Processed prompts:  97%|█████████▋| 31/32 [07:16<00:10, 10.20s/it, est. speed input: 2.63 toks/s, output: 212.11 toks/s]
[36m(WorkerDict pid=4031197)[0m [rank3]:E0620 16:22:50.870000 4031197 site-packages/torch/_dynamo/metrics_context.py:105] [0/1] Unexpected exception logging compilation metrics
[36m(WorkerDict pid=4031197)[0m [rank3]:E0620 16:22:50.870000 4031197 site-packages/torch/_dynamo/metrics_context.py:105] [0/1] Traceback (most recent call last):
[36m(WorkerDict pid=4031197)[0m [rank3]:E0620 16:22:50.870000 4031197 site-packages/torch/_dynamo/metrics_context.py:105] [0/1]   File "/usr/local/python3.11.14/lib/python3.11/site-packages/torch/_dynamo/metrics_context.py", line 101, in __exit__
[36m(WorkerDict pid=4031197)[0m [rank3]:E0620 16:22:50.870000 4031197 site-packages/torch/_dynamo/metrics_context.py:105] [0/1]     self._on_exit(
[36m(WorkerDict pid=4031197)[0m [rank3]:E0620 16:22:50.870000 4031197 site-packages/torch/_dynamo/metrics_context.py:105] [0/1]   File "/usr/local/python3.11.14/lib/python3.11/site-packages/torch/_dynamo/utils.py", line 1632, in record_compilation_metrics
[36m(WorkerDict pid=4031197)[0m [rank3]:E0620 16:22:50.870000 4031197 site-packages/torch/_dynamo/metrics_context.py:105] [0/1]     "triton_version": triton.__version__ if has_triton() else "",
[36m(WorkerDict pid=4031197)[0m [rank3]:E0620 16:22:50.870000 4031197 site-packages/torch/_dynamo/metrics_context.py:105] [0/1]                                             ^^^^^^^^^^^^
[36m(WorkerDict pid=4031197)[0m [rank3]:E0620 16:22:50.870000 4031197 site-packages/torch/_dynamo/metrics_context.py:105] [0/1]   File "/usr/local/python3.11.14/lib/python3.11/site-packages/torch/utils/_triton.py", line 159, in has_triton
[36m(WorkerDict pid=4031197)[0m [rank3]:E0620 16:22:50.870000 4031197 site-packages/torch/_dynamo/metrics_context.py:105] [0/1]     return is_device_compatible_with_triton()
[36m(WorkerDict pid=4031197)[0m [rank3]:E0620 16:22:50.870000 4031197 site-packages/torch/_dynamo/metrics_context.py:105] [0/1]            ^^^^^^^^^^^^^^^^^^^^^^^^^^^^^^^^^^
[36m(WorkerDict pid=4031197)[0m [rank3]:E0620 16:22:50.870000 4031197 site-packages/torch/_dynamo/metrics_context.py:105] [0/1]   File "/usr/local/python3.11.14/lib/python3.11/site-packages/torch/utils/_triton.py", line 155, in is_device_compatible_with_triton
[36m(WorkerDict pid=4031197)[0m [rank3]:E0620 16:22:50.870000 4031197 site-packages/torch/_dynamo/metrics_context.py:105] [0/1]     if device_interface.is_available() and extra_check(device_interface):
[36m(WorkerDict pid=4031197)[0m [rank3]:E0620 16:22:50.870000 4031197 site-packages/torch/_dynamo/metrics_context.py:105] [0/1]                                            ^^^^^^^^^^^^^^^^^^^^^^^^^^^^^
[36m(WorkerDict pid=4031197)[0m [rank3]:E0620 16:22:50.870000 4031197 site-packages/torch/_dynamo/metrics_context.py:105] [0/1]   File "/usr/local/python3.11.14/lib/python3.11/site-packages/torch/utils/_triton.py", line 135, in cuda_extra_check
[36m(WorkerDict pid=4031197)[0m [rank3]:E0620 16:22:50.870000 4031197 site-packages/torch/_dynamo/metrics_context.py:105] [0/1]     return device_interface.Worker.get_device_properties().major >= 7
[36m(WorkerDict pid=4031197)[0m [rank3]:E0620 16:22:50.870000 4031197 site-packages/torch/_dynamo/metrics_context.py:105] [0/1]            ^^^^^^^^^^^^^^^^^^^^^^^^^^^^^^^^^^^^^^^^^^^^^^^^^^^^^^^^^^
[36m(WorkerDict pid=4031197)[0m [rank3]:E0620 16:22:50.870000 4031197 site-packages/torch/_dynamo/metrics_context.py:105] [0/1] TypeError: '>=' not supported between instances of 'NoneType' and 'int'
[36m(WorkerDict pid=4031201)[0m Processed prompts:  59%|█████▉    | 19/32 [07:15<11:36, 53.61s/it, est. speed input: 2.94 toks/s, output: 73.43 toks/s]
[36m(WorkerDict pid=4031202)[0m Processed prompts:  47%|████▋     | 15/32 [07:18<06:35, 23.26s/it, est. speed input: 2.73 toks/s, output: 123.59 toks/s]
[36m(WorkerDict pid=4031205)[0m Processed prompts:  31%|███▏      | 10/32 [07:20<06:22, 17.39s/it, est. speed input: 1.27 toks/s, output: 98.71 toks/s]
[36m(WorkerDict pid=4031197)[0m Processed prompts: 100%|██████████| 32/32 [07:21<00:00,  8.50s/it, est. speed input: 2.68 toks/s, output: 221.66 toks/s]Processed prompts: 100%|██████████| 32/32 [07:21<00:00,  8.50s/it, est. speed input: 2.68 toks/s, output: 221.66 toks/s]
[36m(WorkerDict pid=4031204)[0m Processed prompts:  22%|██▏       | 7/32 [07:21<11:36, 27.84s/it, est. speed input: 1.33 toks/s, output: 74.22 toks/s]
[36m(WorkerDict pid=4031199)[0m Processed prompts:  91%|█████████ | 29/32 [07:21<00:28,  9.42s/it, est. speed input: 4.71 toks/s, output: 185.22 toks/s]
[36m(WorkerDict pid=4031203)[0m Processed prompts:  12%|█▎        | 4/32 [07:22<32:02, 68.66s/it, est. speed input: 1.92 toks/s, output: 43.77 toks/s] 
[36m(WorkerDict pid=4031203)[0m Processed prompts:  16%|█▌        | 5/32 [07:22<19:48, 44.01s/it, est. speed input: 2.02 toks/s, output: 55.51 toks/s]
[36m(WorkerDict pid=4031210)[0m Processed prompts:  34%|███▍      | 11/32 [07:23<05:25, 15.52s/it, est. speed input: 1.86 toks/s, output: 105.72 toks/s]
[36m(WorkerDict pid=4031204)[0m Processed prompts:  25%|██▌       | 8/32 [07:25<08:08, 20.34s/it, est. speed input: 1.39 toks/s, output: 85.27 toks/s]
[36m(WorkerDict pid=4031204)[0m Processed prompts:  28%|██▊       | 9/32 [07:25<05:24, 14.12s/it, est. speed input: 1.62 toks/s, output: 96.95 toks/s]
[36m(WorkerDict pid=4031203)[0m Processed prompts:  19%|█▉        | 6/32 [07:27<13:17, 30.68s/it, est. speed input: 2.10 toks/s, output: 66.69 toks/s]
[36m(WorkerDict pid=4031204)[0m Processed prompts:  31%|███▏      | 10/32 [07:29<04:00, 10.93s/it, est. speed input: 1.84 toks/s, output: 107.91 toks/s]
[36m(WorkerDict pid=4031205)[0m Processed prompts:  34%|███▍      | 11/32 [07:34<05:43, 16.36s/it, est. speed input: 1.36 toks/s, output: 107.44 toks/s]
[36m(WorkerDict pid=4031204)[0m Processed prompts:  34%|███▍      | 11/32 [07:35<03:15,  9.31s/it, est. speed input: 1.89 toks/s, output: 118.36 toks/s]
[36m(WorkerDict pid=4031210)[0m Processed prompts:  38%|███▊      | 12/32 [07:36<04:57, 14.89s/it, est. speed input: 1.97 toks/s, output: 114.41 toks/s]
[36m(WorkerDict pid=4031199)[0m Processed prompts:  94%|█████████▍| 30/32 [07:37<00:23, 11.54s/it, est. speed input: 4.74 toks/s, output: 190.35 toks/s]
[36m(WorkerDict pid=4031203)[0m Processed prompts:  22%|██▏       | 7/32 [07:37<09:58, 23.93s/it, est. speed input: 2.15 toks/s, output: 77.04 toks/s]
[36m(WorkerDict pid=4031210)[0m Processed prompts:  41%|████      | 13/32 [07:38<03:27, 10.92s/it, est. speed input: 2.13 toks/s, output: 125.78 toks/s]
[36m(WorkerDict pid=4031198)[0m Processed prompts:  97%|█████████▋| 31/32 [07:39<00:18, 18.07s/it, est. speed input: 3.97 toks/s, output: 206.40 toks/s]
[36m(WorkerDict pid=4031198)[0m [rank4]:E0620 16:23:14.377000 4031198 site-packages/torch/_dynamo/metrics_context.py:105] [0/1] Unexpected exception logging compilation metrics
[36m(WorkerDict pid=4031198)[0m [rank4]:E0620 16:23:14.377000 4031198 site-packages/torch/_dynamo/metrics_context.py:105] [0/1] Traceback (most recent call last):
[36m(WorkerDict pid=4031198)[0m [rank4]:E0620 16:23:14.377000 4031198 site-packages/torch/_dynamo/metrics_context.py:105] [0/1]   File "/usr/local/python3.11.14/lib/python3.11/site-packages/torch/_dynamo/metrics_context.py", line 101, in __exit__
[36m(WorkerDict pid=4031198)[0m [rank4]:E0620 16:23:14.377000 4031198 site-packages/torch/_dynamo/metrics_context.py:105] [0/1]     self._on_exit(
[36m(WorkerDict pid=4031198)[0m [rank4]:E0620 16:23:14.377000 4031198 site-packages/torch/_dynamo/metrics_context.py:105] [0/1]   File "/usr/local/python3.11.14/lib/python3.11/site-packages/torch/_dynamo/utils.py", line 1632, in record_compilation_metrics
[36m(WorkerDict pid=4031198)[0m [rank4]:E0620 16:23:14.377000 4031198 site-packages/torch/_dynamo/metrics_context.py:105] [0/1]     "triton_version": triton.__version__ if has_triton() else "",
[36m(WorkerDict pid=4031198)[0m [rank4]:E0620 16:23:14.377000 4031198 site-packages/torch/_dynamo/metrics_context.py:105] [0/1]                                             ^^^^^^^^^^^^
[36m(WorkerDict pid=4031198)[0m [rank4]:E0620 16:23:14.377000 4031198 site-packages/torch/_dynamo/metrics_context.py:105] [0/1]   File "/usr/local/python3.11.14/lib/python3.11/site-packages/torch/utils/_triton.py", line 159, in has_triton
[36m(WorkerDict pid=4031198)[0m [rank4]:E0620 16:23:14.377000 4031198 site-packages/torch/_dynamo/metrics_context.py:105] [0/1]     return is_device_compatible_with_triton()
[36m(WorkerDict pid=4031198)[0m [rank4]:E0620 16:23:14.377000 4031198 site-packages/torch/_dynamo/metrics_context.py:105] [0/1]            ^^^^^^^^^^^^^^^^^^^^^^^^^^^^^^^^^^
[36m(WorkerDict pid=4031198)[0m [rank4]:E0620 16:23:14.377000 4031198 site-packages/torch/_dynamo/metrics_context.py:105] [0/1]   File "/usr/local/python3.11.14/lib/python3.11/site-packages/torch/utils/_triton.py", line 155, in is_device_compatible_with_triton
[36m(WorkerDict pid=4031198)[0m [rank4]:E0620 16:23:14.377000 4031198 site-packages/torch/_dynamo/metrics_context.py:105] [0/1]     if device_interface.is_available() and extra_check(device_interface):
[36m(WorkerDict pid=4031198)[0m [rank4]:E0620 16:23:14.377000 4031198 site-packages/torch/_dynamo/metrics_context.py:105] [0/1]                                            ^^^^^^^^^^^^^^^^^^^^^^^^^^^^^
[36m(WorkerDict pid=4031198)[0m [rank4]:E0620 16:23:14.377000 4031198 site-packages/torch/_dynamo/metrics_context.py:105] [0/1]   File "/usr/local/python3.11.14/lib/python3.11/site-packages/torch/utils/_triton.py", line 135, in cuda_extra_check
[36m(WorkerDict pid=4031198)[0m [rank4]:E0620 16:23:14.377000 4031198 site-packages/torch/_dynamo/metrics_context.py:105] [0/1]     return device_interface.Worker.get_device_properties().major >= 7
[36m(WorkerDict pid=4031198)[0m [rank4]:E0620 16:23:14.377000 4031198 site-packages/torch/_dynamo/metrics_context.py:105] [0/1]            ^^^^^^^^^^^^^^^^^^^^^^^^^^^^^^^^^^^^^^^^^^^^^^^^^^^^^^^^^^
[36m(WorkerDict pid=4031198)[0m [rank4]:E0620 16:23:14.377000 4031198 site-packages/torch/_dynamo/metrics_context.py:105] [0/1] TypeError: '>=' not supported between instances of 'NoneType' and 'int'
[36m(WorkerDict pid=4031205)[0m Processed prompts:  38%|███▊      | 12/32 [07:42<04:37, 13.88s/it, est. speed input: 1.46 toks/s, output: 117.34 toks/s]
[36m(WorkerDict pid=4031204)[0m Processed prompts:  38%|███▊      | 12/32 [07:43<02:56,  8.83s/it, est. speed input: 2.08 toks/s, output: 128.19 toks/s]
[36m(WorkerDict pid=4031196)[0m Processed prompts: 100%|██████████| 32/32 [07:43<00:00, 32.00s/it, est. speed input: 3.80 toks/s, output: 219.52 toks/s]Processed prompts: 100%|██████████| 32/32 [07:43<00:00, 32.00s/it, est. speed input: 3.80 toks/s, output: 219.52 toks/s]
[36m(WorkerDict pid=4031210)[0m Processed prompts:  44%|████▍     | 14/32 [07:44<02:49,  9.41s/it, est. speed input: 2.26 toks/s, output: 136.01 toks/s]
[36m(WorkerDict pid=4031203)[0m Processed prompts:  25%|██▌       | 8/32 [07:46<07:38, 19.10s/it, est. speed input: 2.21 toks/s, output: 87.42 toks/s]
[36m(WorkerDict pid=4031203)[0m Processed prompts:  28%|██▊       | 9/32 [07:49<05:22, 14.04s/it, est. speed input: 3.01 toks/s, output: 98.71 toks/s]
[36m(WorkerDict pid=4031205)[0m Processed prompts:  41%|████      | 13/32 [07:52<04:01, 12.70s/it, est. speed input: 1.55 toks/s, output: 126.69 toks/s]
[36m(WorkerDict pid=4031198)[0m Processed prompts: 100%|██████████| 32/32 [07:52<00:00, 16.69s/it, est. speed input: 3.99 toks/s, output: 212.37 toks/s]Processed prompts: 100%|██████████| 32/32 [07:52<00:00, 16.69s/it, est. speed input: 3.99 toks/s, output: 212.37 toks/s]
[36m(WorkerDict pid=4031204)[0m Processed prompts:  41%|████      | 13/32 [07:53<02:59,  9.44s/it, est. speed input: 2.11 toks/s, output: 137.09 toks/s]
[36m(WorkerDict pid=4031205)[0m Processed prompts:  44%|████▍     | 14/32 [07:54<02:52,  9.57s/it, est. speed input: 1.66 toks/s, output: 137.90 toks/s]
[36m(WorkerDict pid=4031204)[0m Processed prompts:  44%|████▍     | 14/32 [07:55<02:04,  6.94s/it, est. speed input: 2.32 toks/s, output: 148.60 toks/s]
[36m(WorkerDict pid=4031203)[0m Processed prompts:  31%|███▏      | 10/32 [07:54<04:11, 11.45s/it, est. speed input: 3.06 toks/s, output: 109.39 toks/s]
[36m(WorkerDict pid=4031201)[0m Processed prompts:  62%|██████▎   | 20/32 [07:54<09:49, 49.10s/it, est. speed input: 2.78 toks/s, output: 79.33 toks/s]
[36m(WorkerDict pid=4031201)[0m Processed prompts:  66%|██████▌   | 21/32 [07:55<06:23, 34.89s/it, est. speed input: 2.85 toks/s, output: 90.92 toks/s]
[36m(WorkerDict pid=4031204)[0m Processed prompts:  47%|████▋     | 15/32 [07:57<01:35,  5.63s/it, est. speed input: 2.52 toks/s, output: 159.64 toks/s]
[36m(WorkerDict pid=4031199)[0m Processed prompts:  97%|█████████▋| 31/32 [07:58<00:14, 14.21s/it, est. speed input: 4.73 toks/s, output: 194.08 toks/s]
[36m(WorkerDict pid=4031199)[0m [rank5]:E0620 16:23:32.797000 4031199 site-packages/torch/_dynamo/metrics_context.py:105] [0/1] Unexpected exception logging compilation metrics
[36m(WorkerDict pid=4031199)[0m [rank5]:E0620 16:23:32.797000 4031199 site-packages/torch/_dynamo/metrics_context.py:105] [0/1] Traceback (most recent call last):
[36m(WorkerDict pid=4031199)[0m [rank5]:E0620 16:23:32.797000 4031199 site-packages/torch/_dynamo/metrics_context.py:105] [0/1]   File "/usr/local/python3.11.14/lib/python3.11/site-packages/torch/_dynamo/metrics_context.py", line 101, in __exit__
[36m(WorkerDict pid=4031199)[0m [rank5]:E0620 16:23:32.797000 4031199 site-packages/torch/_dynamo/metrics_context.py:105] [0/1]     self._on_exit(
[36m(WorkerDict pid=4031199)[0m [rank5]:E0620 16:23:32.797000 4031199 site-packages/torch/_dynamo/metrics_context.py:105] [0/1]   File "/usr/local/python3.11.14/lib/python3.11/site-packages/torch/_dynamo/utils.py", line 1632, in record_compilation_metrics
[36m(WorkerDict pid=4031199)[0m [rank5]:E0620 16:23:32.797000 4031199 site-packages/torch/_dynamo/metrics_context.py:105] [0/1]     "triton_version": triton.__version__ if has_triton() else "",
[36m(WorkerDict pid=4031199)[0m [rank5]:E0620 16:23:32.797000 4031199 site-packages/torch/_dynamo/metrics_context.py:105] [0/1]                                             ^^^^^^^^^^^^
[36m(WorkerDict pid=4031199)[0m [rank5]:E0620 16:23:32.797000 4031199 site-packages/torch/_dynamo/metrics_context.py:105] [0/1]   File "/usr/local/python3.11.14/lib/python3.11/site-packages/torch/utils/_triton.py", line 159, in has_triton
[36m(WorkerDict pid=4031199)[0m [rank5]:E0620 16:23:32.797000 4031199 site-packages/torch/_dynamo/metrics_context.py:105] [0/1]     return is_device_compatible_with_triton()
[36m(WorkerDict pid=4031199)[0m [rank5]:E0620 16:23:32.797000 4031199 site-packages/torch/_dynamo/metrics_context.py:105] [0/1]            ^^^^^^^^^^^^^^^^^^^^^^^^^^^^^^^^^^
[36m(WorkerDict pid=4031199)[0m [rank5]:E0620 16:23:32.797000 4031199 site-packages/torch/_dynamo/metrics_context.py:105] [0/1]   File "/usr/local/python3.11.14/lib/python3.11/site-packages/torch/utils/_triton.py", line 155, in is_device_compatible_with_triton
[36m(WorkerDict pid=4031199)[0m [rank5]:E0620 16:23:32.797000 4031199 site-packages/torch/_dynamo/metrics_context.py:105] [0/1]     if device_interface.is_available() and extra_check(device_interface):
[36m(WorkerDict pid=4031199)[0m [rank5]:E0620 16:23:32.797000 4031199 site-packages/torch/_dynamo/metrics_context.py:105] [0/1]                                            ^^^^^^^^^^^^^^^^^^^^^^^^^^^^^
[36m(WorkerDict pid=4031199)[0m [rank5]:E0620 16:23:32.797000 4031199 site-packages/torch/_dynamo/metrics_context.py:105] [0/1]   File "/usr/local/python3.11.14/lib/python3.11/site-packages/torch/utils/_triton.py", line 135, in cuda_extra_check
[36m(WorkerDict pid=4031199)[0m [rank5]:E0620 16:23:32.797000 4031199 site-packages/torch/_dynamo/metrics_context.py:105] [0/1]     return device_interface.Worker.get_device_properties().major >= 7
[36m(WorkerDict pid=4031199)[0m [rank5]:E0620 16:23:32.797000 4031199 site-packages/torch/_dynamo/metrics_context.py:105] [0/1]            ^^^^^^^^^^^^^^^^^^^^^^^^^^^^^^^^^^^^^^^^^^^^^^^^^^^^^^^^^^
[36m(WorkerDict pid=4031199)[0m [rank5]:E0620 16:23:32.797000 4031199 site-packages/torch/_dynamo/metrics_context.py:105] [0/1] TypeError: '>=' not supported between instances of 'NoneType' and 'int'
[36m(WorkerDict pid=4031203)[0m Processed prompts:  34%|███▍      | 11/32 [07:58<03:12,  9.19s/it, est. speed input: 3.13 toks/s, output: 120.33 toks/s]
[36m(WorkerDict pid=4031201)[0m Processed prompts:  69%|██████▉   | 22/32 [07:58<04:13, 25.33s/it, est. speed input: 2.92 toks/s, output: 102.24 toks/s]
[36m(WorkerDict pid=4031201)[0m Processed prompts:  72%|███████▏  | 23/32 [07:59<02:41, 17.93s/it, est. speed input: 2.99 toks/s, output: 114.00 toks/s]
[36m(WorkerDict pid=4031201)[0m Processed prompts:  75%|███████▌  | 24/32 [08:01<01:44, 13.09s/it, est. speed input: 3.06 toks/s, output: 125.48 toks/s]
[36m(WorkerDict pid=4031201)[0m Processed prompts:  78%|███████▊  | 25/32 [08:01<01:04,  9.22s/it, est. speed input: 3.14 toks/s, output: 137.33 toks/s]
[36m(WorkerDict pid=4031204)[0m Processed prompts:  50%|█████     | 16/32 [08:03<01:32,  5.77s/it, est. speed input: 2.56 toks/s, output: 169.50 toks/s]
[36m(WorkerDict pid=4031204)[0m Processed prompts:  53%|█████▎    | 17/32 [08:05<01:06,  4.43s/it, est. speed input: 2.77 toks/s, output: 180.92 toks/s]
[36m(WorkerDict pid=4031205)[0m Processed prompts:  47%|████▋     | 15/32 [08:07<02:57, 10.43s/it, est. speed input: 1.73 toks/s, output: 146.26 toks/s]
[36m(WorkerDict pid=4031204)[0m Processed prompts:  56%|█████▋    | 18/32 [08:08<00:57,  4.10s/it, est. speed input: 2.96 toks/s, output: 191.58 toks/s]
[36m(WorkerDict pid=4031205)[0m Processed prompts:  50%|█████     | 16/32 [08:12<02:23,  8.94s/it, est. speed input: 1.82 toks/s, output: 156.54 toks/s]
[36m(WorkerDict pid=4031201)[0m Processed prompts:  81%|████████▏ | 26/32 [08:12<00:58,  9.75s/it, est. speed input: 3.14 toks/s, output: 146.21 toks/s]
[36m(WorkerDict pid=4031205)[0m Processed prompts:  53%|█████▎    | 17/32 [08:14<01:41,  6.74s/it, est. speed input: 1.93 toks/s, output: 167.92 toks/s]
[36m(WorkerDict pid=4031203)[0m Processed prompts:  38%|███▊      | 12/32 [08:15<03:48, 11.41s/it, est. speed input: 3.79 toks/s, output: 128.24 toks/s]
[36m(WorkerDict pid=4031205)[0m Processed prompts:  56%|█████▋    | 18/32 [08:16<01:14,  5.30s/it, est. speed input: 2.04 toks/s, output: 179.17 toks/s]
[36m(WorkerDict pid=4031203)[0m Processed prompts:  41%|████      | 13/32 [08:16<02:34,  8.14s/it, est. speed input: 3.88 toks/s, output: 140.01 toks/s]
[36m(WorkerDict pid=4031212)[0m Processed prompts:   3%|▎         | 1/32 [08:16<4:16:20, 496.13s/it, est. speed input: 0.17 toks/s, output: 11.94 toks/s]
[36m(WorkerDict pid=4031203)[0m Processed prompts:  44%|████▍     | 14/32 [08:23<02:20,  7.81s/it, est. speed input: 4.58 toks/s, output: 149.99 toks/s]
[36m(WorkerDict pid=4031205)[0m Processed prompts:  59%|█████▉    | 19/32 [08:24<01:20,  6.18s/it, est. speed input: 2.12 toks/s, output: 188.17 toks/s]
[36m(WorkerDict pid=4031204)[0m Processed prompts:  59%|█████▉    | 19/32 [08:25<01:42,  7.88s/it, est. speed input: 2.93 toks/s, output: 197.18 toks/s]
[36m(WorkerDict pid=4031203)[0m Processed prompts:  47%|████▋     | 15/32 [08:25<01:44,  6.15s/it, est. speed input: 4.65 toks/s, output: 161.24 toks/s]
[36m(WorkerDict pid=4031203)[0m Processed prompts:  50%|█████     | 16/32 [08:26<01:14,  4.67s/it, est. speed input: 4.73 toks/s, output: 172.80 toks/s]
[36m(WorkerDict pid=4031202)[0m Processed prompts:  50%|█████     | 16/32 [08:29<09:59, 37.47s/it, est. speed input: 2.51 toks/s, output: 118.45 toks/s]
[36m(WorkerDict pid=4031203)[0m Processed prompts:  53%|█████▎    | 17/32 [08:34<01:24,  5.61s/it, est. speed input: 4.74 toks/s, output: 182.16 toks/s]
[36m(WorkerDict pid=4031204)[0m Processed prompts:  62%|██████▎   | 20/32 [08:35<01:44,  8.70s/it, est. speed input: 3.07 toks/s, output: 205.10 toks/s]
[36m(WorkerDict pid=4031210)[0m Processed prompts:  47%|████▋     | 15/32 [08:35<06:14, 22.04s/it, est. speed input: 2.18 toks/s, output: 134.46 toks/s]
[36m(WorkerDict pid=4031205)[0m Processed prompts:  62%|██████▎   | 20/32 [08:36<01:35,  7.98s/it, est. speed input: 2.18 toks/s, output: 195.71 toks/s]
[36m(WorkerDict pid=4031201)[0m Processed prompts:  84%|████████▍ | 27/32 [08:38<01:13, 14.67s/it, est. speed input: 3.06 toks/s, output: 150.85 toks/s]
[36m(WorkerDict pid=4031203)[0m Processed prompts:  56%|█████▋    | 18/32 [08:40<01:21,  5.82s/it, est. speed input: 5.42 toks/s, output: 191.94 toks/s]
[36m(WorkerDict pid=4031204)[0m Processed prompts:  66%|██████▌   | 21/32 [08:41<01:26,  7.88s/it, est. speed input: 3.10 toks/s, output: 214.73 toks/s]
[36m(WorkerDict pid=4031203)[0m Processed prompts:  59%|█████▉    | 19/32 [08:42<00:58,  4.51s/it, est. speed input: 6.13 toks/s, output: 203.41 toks/s]
[36m(WorkerDict pid=4031205)[0m Processed prompts:  66%|██████▌   | 21/32 [08:42<01:21,  7.44s/it, est. speed input: 2.26 toks/s, output: 205.39 toks/s]
[36m(WorkerDict pid=4031205)[0m Processed prompts:  69%|██████▉   | 22/32 [08:44<00:57,  5.74s/it, est. speed input: 2.36 toks/s, output: 216.69 toks/s]
[36m(WorkerDict pid=4031205)[0m Processed prompts:  72%|███████▏  | 23/32 [08:44<00:36,  4.07s/it, est. speed input: 2.47 toks/s, output: 228.62 toks/s]
[36m(WorkerDict pid=4031195)[0m Processed prompts: 100%|██████████| 32/32 [08:43<00:00, 45.41s/it, est. speed input: 2.14 toks/s, output: 205.16 toks/s]Processed prompts: 100%|██████████| 32/32 [08:43<00:00, 45.41s/it, est. speed input: 2.14 toks/s, output: 205.16 toks/s]
[36m(WorkerDict pid=4031212)[0m Processed prompts:   6%|▋         | 2/32 [08:46<1:51:07, 222.25s/it, est. speed input: 0.33 toks/s, output: 23.28 toks/s]
[36m(WorkerDict pid=4031203)[0m Processed prompts:  62%|██████▎   | 20/32 [08:50<01:06,  5.57s/it, est. speed input: 6.12 toks/s, output: 212.35 toks/s]
[36m(WorkerDict pid=4031212)[0m Processed prompts:   9%|▉         | 3/32 [08:51<59:25, 122.94s/it, est. speed input: 0.49 toks/s, output: 35.13 toks/s]  
[36m(WorkerDict pid=4031210)[0m Processed prompts:  50%|█████     | 16/32 [08:52<05:27, 20.46s/it, est. speed input: 2.25 toks/s, output: 142.26 toks/s]
[36m(WorkerDict pid=4031201)[0m Processed prompts:  88%|████████▊ | 28/32 [08:52<00:57, 14.37s/it, est. speed input: 3.05 toks/s, output: 159.03 toks/s]
[36m(WorkerDict pid=4031203)[0m Processed prompts:  66%|██████▌   | 21/32 [08:54<00:56,  5.12s/it, est. speed input: 6.78 toks/s, output: 222.77 toks/s]
[36m(WorkerDict pid=4031201)[0m Processed prompts:  91%|█████████ | 29/32 [08:54<00:32, 10.78s/it, est. speed input: 3.11 toks/s, output: 170.38 toks/s]
[36m(WorkerDict pid=4031201)[0m Processed prompts:  94%|█████████▍| 30/32 [08:56<00:15,  7.98s/it, est. speed input: 3.17 toks/s, output: 181.99 toks/s]
[36m(WorkerDict pid=4031212)[0m Processed prompts:  12%|█▎        | 4/32 [09:05<37:19, 79.99s/it, est. speed input: 0.63 toks/s, output: 46.31 toks/s] 
[36m(WorkerDict pid=4031203)[0m Processed prompts:  69%|██████▉   | 22/32 [09:08<01:18,  7.85s/it, est. speed input: 7.30 toks/s, output: 229.08 toks/s]
[36m(WorkerDict pid=4031204)[0m Processed prompts:  69%|██████▉   | 22/32 [09:10<02:22, 14.26s/it, est. speed input: 3.13 toks/s, output: 215.45 toks/s]
[36m(WorkerDict pid=4031203)[0m Processed prompts:  72%|███████▏  | 23/32 [09:14<01:05,  7.32s/it, est. speed input: 7.91 toks/s, output: 238.65 toks/s]
[36m(WorkerDict pid=4031203)[0m Processed prompts:  75%|███████▌  | 24/32 [09:15<00:42,  5.26s/it, est. speed input: 8.59 toks/s, output: 250.56 toks/s]
[36m(WorkerDict pid=4031199)[0m Processed prompts: 100%|██████████| 32/32 [09:21<00:00, 34.99s/it, est. speed input: 4.19 toks/s, output: 177.34 toks/s]Processed prompts: 100%|██████████| 32/32 [09:21<00:00, 34.99s/it, est. speed input: 4.19 toks/s, output: 177.34 toks/s]
[36m(WorkerDict pid=4031205)[0m Processed prompts:  75%|███████▌  | 24/32 [09:23<01:55, 14.49s/it, est. speed input: 2.40 toks/s, output: 224.98 toks/s]
[36m(WorkerDict pid=4031210)[0m Processed prompts:  53%|█████▎    | 17/32 [09:25<06:03, 24.24s/it, est. speed input: 2.25 toks/s, output: 146.07 toks/s]
[36m(WorkerDict pid=4031204)[0m Processed prompts:  72%|███████▏  | 23/32 [09:27<02:13, 14.83s/it, est. speed input: 3.22 toks/s, output: 221.42 toks/s]
[36m(WorkerDict pid=4031204)[0m Processed prompts:  75%|███████▌  | 24/32 [09:27<01:23, 10.48s/it, est. speed input: 3.28 toks/s, output: 233.41 toks/s]
[36m(WorkerDict pid=4031212)[0m Processed prompts:  16%|█▌        | 5/32 [09:26<26:22, 58.60s/it, est. speed input: 0.76 toks/s, output: 56.76 toks/s]
[36m(WorkerDict pid=4031210)[0m Processed prompts:  56%|█████▋    | 18/32 [09:27<04:05, 17.52s/it, est. speed input: 2.37 toks/s, output: 157.72 toks/s]
[36m(WorkerDict pid=4031205)[0m Processed prompts:  78%|███████▊  | 25/32 [09:28<01:21, 11.58s/it, est. speed input: 2.48 toks/s, output: 235.21 toks/s]
[36m(WorkerDict pid=4031205)[0m Processed prompts:  81%|████████▏ | 26/32 [09:28<00:49,  8.29s/it, est. speed input: 2.58 toks/s, output: 247.09 toks/s]
[36m(WorkerDict pid=4031210)[0m Processed prompts:  59%|█████▉    | 19/32 [09:32<02:58, 13.73s/it, est. speed input: 2.48 toks/s, output: 168.52 toks/s]
[36m(WorkerDict pid=4031213)[0m Processed prompts:   3%|▎         | 1/32 [09:35<4:57:07, 575.09s/it, est. speed input: 0.21 toks/s, output: 12.15 toks/s]
[36m(WorkerDict pid=4031204)[0m Processed prompts:  78%|███████▊  | 25/32 [09:35<01:09,  9.88s/it, est. speed input: 3.29 toks/s, output: 242.13 toks/s]
[36m(WorkerDict pid=4031212)[0m Processed prompts:  19%|█▉        | 6/32 [09:35<18:08, 41.85s/it, est. speed input: 0.90 toks/s, output: 68.03 toks/s]
[36m(WorkerDict pid=4031204)[0m Processed prompts:  81%|████████▏ | 26/32 [09:39<00:47,  7.92s/it, est. speed input: 3.33 toks/s, output: 252.90 toks/s]
[36m(WorkerDict pid=4031210)[0m Processed prompts:  62%|██████▎   | 20/32 [09:39<02:20, 11.70s/it, est. speed input: 2.58 toks/s, output: 178.68 toks/s]
[36m(WorkerDict pid=4031204)[0m Processed prompts:  84%|████████▍ | 27/32 [09:40<00:29,  5.94s/it, est. speed input: 3.38 toks/s, output: 264.50 toks/s]
[36m(WorkerDict pid=4031212)[0m Processed prompts:  22%|██▏       | 7/32 [09:41<12:34, 30.18s/it, est. speed input: 1.03 toks/s, output: 79.52 toks/s]
[36m(WorkerDict pid=4031203)[0m Processed prompts:  78%|███████▊  | 25/32 [09:42<01:23, 11.93s/it, est. speed input: 8.83 toks/s, output: 250.93 toks/s]
[36m(WorkerDict pid=4031212)[0m Processed prompts:  25%|██▌       | 8/32 [09:42<08:22, 20.94s/it, est. speed input: 1.18 toks/s, output: 91.58 toks/s]
[36m(WorkerDict pid=4031203)[0m Processed prompts:  81%|████████▏ | 26/32 [09:45<00:55,  9.30s/it, est. speed input: 9.43 toks/s, output: 261.79 toks/s]
[36m(WorkerDict pid=4031204)[0m Processed prompts:  88%|████████▊ | 28/32 [09:46<00:23,  5.90s/it, est. speed input: 3.41 toks/s, output: 274.08 toks/s]
[36m(WorkerDict pid=4031204)[0m Processed prompts:  91%|█████████ | 29/32 [09:48<00:14,  4.91s/it, est. speed input: 3.46 toks/s, output: 285.09 toks/s]
[36m(WorkerDict pid=4031204)[0m Processed prompts:  94%|█████████▍| 30/32 [09:51<00:08,  4.30s/it, est. speed input: 3.50 toks/s, output: 295.92 toks/s]
[36m(WorkerDict pid=4031210)[0m Processed prompts:  66%|██████▌   | 21/32 [09:51<02:10, 11.90s/it, est. speed input: 2.65 toks/s, output: 187.18 toks/s]
[36m(WorkerDict pid=4031203)[0m Processed prompts:  84%|████████▍ | 27/32 [09:52<00:42,  8.43s/it, est. speed input: 9.41 toks/s, output: 271.19 toks/s]
[36m(WorkerDict pid=4031204)[0m Processed prompts:  97%|█████████▋| 31/32 [10:00<00:05,  5.66s/it, est. speed input: 3.62 toks/s, output: 303.82 toks/s]
[36m(WorkerDict pid=4031204)[0m [rank9]:E0620 16:25:35.012000 4031204 site-packages/torch/_dynamo/metrics_context.py:105] [0/1] Unexpected exception logging compilation metrics
[36m(WorkerDict pid=4031204)[0m [rank9]:E0620 16:25:35.012000 4031204 site-packages/torch/_dynamo/metrics_context.py:105] [0/1] Traceback (most recent call last):
[36m(WorkerDict pid=4031204)[0m [rank9]:E0620 16:25:35.012000 4031204 site-packages/torch/_dynamo/metrics_context.py:105] [0/1]   File "/usr/local/python3.11.14/lib/python3.11/site-packages/torch/_dynamo/metrics_context.py", line 101, in __exit__
[36m(WorkerDict pid=4031204)[0m [rank9]:E0620 16:25:35.012000 4031204 site-packages/torch/_dynamo/metrics_context.py:105] [0/1]     self._on_exit(
[36m(WorkerDict pid=4031204)[0m [rank9]:E0620 16:25:35.012000 4031204 site-packages/torch/_dynamo/metrics_context.py:105] [0/1]   File "/usr/local/python3.11.14/lib/python3.11/site-packages/torch/_dynamo/utils.py", line 1632, in record_compilation_metrics
[36m(WorkerDict pid=4031204)[0m [rank9]:E0620 16:25:35.012000 4031204 site-packages/torch/_dynamo/metrics_context.py:105] [0/1]     "triton_version": triton.__version__ if has_triton() else "",
[36m(WorkerDict pid=4031204)[0m [rank9]:E0620 16:25:35.012000 4031204 site-packages/torch/_dynamo/metrics_context.py:105] [0/1]                                             ^^^^^^^^^^^^
[36m(WorkerDict pid=4031204)[0m [rank9]:E0620 16:25:35.012000 4031204 site-packages/torch/_dynamo/metrics_context.py:105] [0/1]   File "/usr/local/python3.11.14/lib/python3.11/site-packages/torch/utils/_triton.py", line 159, in has_triton
[36m(WorkerDict pid=4031204)[0m [rank9]:E0620 16:25:35.012000 4031204 site-packages/torch/_dynamo/metrics_context.py:105] [0/1]     return is_device_compatible_with_triton()
[36m(WorkerDict pid=4031204)[0m [rank9]:E0620 16:25:35.012000 4031204 site-packages/torch/_dynamo/metrics_context.py:105] [0/1]            ^^^^^^^^^^^^^^^^^^^^^^^^^^^^^^^^^^
[36m(WorkerDict pid=4031204)[0m [rank9]:E0620 16:25:35.012000 4031204 site-packages/torch/_dynamo/metrics_context.py:105] [0/1]   File "/usr/local/python3.11.14/lib/python3.11/site-packages/torch/utils/_triton.py", line 155, in is_device_compatible_with_triton
[36m(WorkerDict pid=4031204)[0m [rank9]:E0620 16:25:35.012000 4031204 site-packages/torch/_dynamo/metrics_context.py:105] [0/1]     if device_interface.is_available() and extra_check(device_interface):
[36m(WorkerDict pid=4031204)[0m [rank9]:E0620 16:25:35.012000 4031204 site-packages/torch/_dynamo/metrics_context.py:105] [0/1]                                            ^^^^^^^^^^^^^^^^^^^^^^^^^^^^^
[36m(WorkerDict pid=4031204)[0m [rank9]:E0620 16:25:35.012000 4031204 site-packages/torch/_dynamo/metrics_context.py:105] [0/1]   File "/usr/local/python3.11.14/lib/python3.11/site-packages/torch/utils/_triton.py", line 135, in cuda_extra_check
[36m(WorkerDict pid=4031204)[0m [rank9]:E0620 16:25:35.012000 4031204 site-packages/torch/_dynamo/metrics_context.py:105] [0/1]     return device_interface.Worker.get_device_properties().major >= 7
[36m(WorkerDict pid=4031204)[0m [rank9]:E0620 16:25:35.012000 4031204 site-packages/torch/_dynamo/metrics_context.py:105] [0/1]            ^^^^^^^^^^^^^^^^^^^^^^^^^^^^^^^^^^^^^^^^^^^^^^^^^^^^^^^^^^
[36m(WorkerDict pid=4031204)[0m [rank9]:E0620 16:25:35.012000 4031204 site-packages/torch/_dynamo/metrics_context.py:105] [0/1] TypeError: '>=' not supported between instances of 'NoneType' and 'int'
[36m(WorkerDict pid=4031203)[0m Processed prompts:  88%|████████▊ | 28/32 [10:00<00:34,  8.57s/it, est. speed input: 9.34 toks/s, output: 279.44 toks/s]
[36m(WorkerDict pid=4031203)[0m Processed prompts:  91%|█████████ | 29/32 [10:04<00:21,  7.20s/it, est. speed input: 9.91 toks/s, output: 289.87 toks/s]
[36m(WorkerDict pid=4031212)[0m Processed prompts:  28%|██▊       | 9/32 [10:04<08:06, 21.17s/it, est. speed input: 1.28 toks/s, output: 100.60 toks/s]
[36m(WorkerDict pid=4031210)[0m Processed prompts:  69%|██████▉   | 22/32 [10:09<02:15, 13.56s/it, est. speed input: 2.70 toks/s, output: 194.12 toks/s]
[36m(WorkerDict pid=4031210)[0m Processed prompts:  72%|███████▏  | 23/32 [10:14<01:40, 11.22s/it, est. speed input: 2.79 toks/s, output: 204.60 toks/s]
[36m(WorkerDict pid=4031204)[0m Processed prompts: 100%|██████████| 32/32 [10:18<00:00,  9.28s/it, est. speed input: 3.57 toks/s, output: 307.41 toks/s]Processed prompts: 100%|██████████| 32/32 [10:18<00:00,  9.28s/it, est. speed input: 3.57 toks/s, output: 307.41 toks/s]
[36m(WorkerDict pid=4031211)[0m Processed prompts:   3%|▎         | 1/32 [10:25<5:23:00, 625.19s/it, est. speed input: 0.09 toks/s, output: 12.33 toks/s]
[36m(WorkerDict pid=4031212)[0m Processed prompts:  31%|███▏      | 10/32 [10:29<08:08, 22.21s/it, est. speed input: 1.37 toks/s, output: 109.06 toks/s]
[36m(WorkerDict pid=4031203)[0m Processed prompts:  94%|█████████▍| 30/32 [10:30<00:25, 12.74s/it, est. speed input: 9.58 toks/s, output: 290.44 toks/s]
[36m(WorkerDict pid=4031210)[0m Processed prompts:  75%|███████▌  | 24/32 [10:31<01:42, 12.79s/it, est. speed input: 2.84 toks/s, output: 211.65 toks/s]
[36m(WorkerDict pid=4031201)[0m Processed prompts:  97%|█████████▋| 31/32 [10:30<00:33, 33.91s/it, est. speed input: 2.76 toks/s, output: 167.14 toks/s]
[36m(WorkerDict pid=4031201)[0m [rank7]:E0620 16:26:06.333000 4031201 site-packages/torch/_dynamo/metrics_context.py:105] [0/1] Unexpected exception logging compilation metrics
[36m(WorkerDict pid=4031201)[0m [rank7]:E0620 16:26:06.333000 4031201 site-packages/torch/_dynamo/metrics_context.py:105] [0/1] Traceback (most recent call last):
[36m(WorkerDict pid=4031201)[0m [rank7]:E0620 16:26:06.333000 4031201 site-packages/torch/_dynamo/metrics_context.py:105] [0/1]   File "/usr/local/python3.11.14/lib/python3.11/site-packages/torch/_dynamo/metrics_context.py", line 101, in __exit__
[36m(WorkerDict pid=4031201)[0m [rank7]:E0620 16:26:06.333000 4031201 site-packages/torch/_dynamo/metrics_context.py:105] [0/1]     self._on_exit(
[36m(WorkerDict pid=4031201)[0m [rank7]:E0620 16:26:06.333000 4031201 site-packages/torch/_dynamo/metrics_context.py:105] [0/1]   File "/usr/local/python3.11.14/lib/python3.11/site-packages/torch/_dynamo/utils.py", line 1632, in record_compilation_metrics
[36m(WorkerDict pid=4031201)[0m [rank7]:E0620 16:26:06.333000 4031201 site-packages/torch/_dynamo/metrics_context.py:105] [0/1]     "triton_version": triton.__version__ if has_triton() else "",
[36m(WorkerDict pid=4031201)[0m [rank7]:E0620 16:26:06.333000 4031201 site-packages/torch/_dynamo/metrics_context.py:105] [0/1]                                             ^^^^^^^^^^^^
[36m(WorkerDict pid=4031201)[0m [rank7]:E0620 16:26:06.333000 4031201 site-packages/torch/_dynamo/metrics_context.py:105] [0/1]   File "/usr/local/python3.11.14/lib/python3.11/site-packages/torch/utils/_triton.py", line 159, in has_triton
[36m(WorkerDict pid=4031201)[0m [rank7]:E0620 16:26:06.333000 4031201 site-packages/torch/_dynamo/metrics_context.py:105] [0/1]     return is_device_compatible_with_triton()
[36m(WorkerDict pid=4031201)[0m [rank7]:E0620 16:26:06.333000 4031201 site-packages/torch/_dynamo/metrics_context.py:105] [0/1]            ^^^^^^^^^^^^^^^^^^^^^^^^^^^^^^^^^^
[36m(WorkerDict pid=4031201)[0m [rank7]:E0620 16:26:06.333000 4031201 site-packages/torch/_dynamo/metrics_context.py:105] [0/1]   File "/usr/local/python3.11.14/lib/python3.11/site-packages/torch/utils/_triton.py", line 155, in is_device_compatible_with_triton
[36m(WorkerDict pid=4031201)[0m [rank7]:E0620 16:26:06.333000 4031201 site-packages/torch/_dynamo/metrics_context.py:105] [0/1]     if device_interface.is_available() and extra_check(device_interface):
[36m(WorkerDict pid=4031201)[0m [rank7]:E0620 16:26:06.333000 4031201 site-packages/torch/_dynamo/metrics_context.py:105] [0/1]                                            ^^^^^^^^^^^^^^^^^^^^^^^^^^^^^
[36m(WorkerDict pid=4031201)[0m [rank7]:E0620 16:26:06.333000 4031201 site-packages/torch/_dynamo/metrics_context.py:105] [0/1]   File "/usr/local/python3.11.14/lib/python3.11/site-packages/torch/utils/_triton.py", line 135, in cuda_extra_check
[36m(WorkerDict pid=4031201)[0m [rank7]:E0620 16:26:06.333000 4031201 site-packages/torch/_dynamo/metrics_context.py:105] [0/1]     return device_interface.Worker.get_device_properties().major >= 7
[36m(WorkerDict pid=4031201)[0m [rank7]:E0620 16:26:06.333000 4031201 site-packages/torch/_dynamo/metrics_context.py:105] [0/1]            ^^^^^^^^^^^^^^^^^^^^^^^^^^^^^^^^^^^^^^^^^^^^^^^^^^^^^^^^^^
[36m(WorkerDict pid=4031201)[0m [rank7]:E0620 16:26:06.333000 4031201 site-packages/torch/_dynamo/metrics_context.py:105] [0/1] TypeError: '>=' not supported between instances of 'NoneType' and 'int'
[36m(WorkerDict pid=4031201)[0m Processed prompts: 100%|██████████| 32/32 [10:33<00:00, 24.56s/it, est. speed input: 2.80 toks/s, output: 178.84 toks/s]Processed prompts: 100%|██████████| 32/32 [10:33<00:00, 24.56s/it, est. speed input: 2.80 toks/s, output: 178.84 toks/s]
[36m(WorkerDict pid=4031197)[0m Processed prompts: 100%|██████████| 32/32 [10:45<00:00, 20.18s/it, est. speed input: 2.68 toks/s, output: 221.66 toks/s]
[36m(WorkerDict pid=4031194)[0m Processed prompts: 100%|██████████| 32/32 [10:43<00:00, 20.12s/it, est. speed input: 4.49 toks/s, output: 252.14 toks/s]
[36m(WorkerDict pid=4031199)[0m Processed prompts: 100%|██████████| 32/32 [10:45<00:00, 20.17s/it, est. speed input: 4.19 toks/s, output: 177.34 toks/s]
[36m(WorkerDict pid=4031200)[0m Processed prompts: 100%|██████████| 32/32 [10:45<00:00, 20.18s/it, est. speed input: 3.88 toks/s, output: 231.05 toks/s]
[36m(WorkerDict pid=4031195)[0m Processed prompts: 100%|██████████| 32/32 [10:44<00:00, 20.13s/it, est. speed input: 2.14 toks/s, output: 205.16 toks/s]
[36m(WorkerDict pid=4031201)[0m Processed prompts: 100%|██████████| 32/32 [10:44<00:00, 20.13s/it, est. speed input: 2.80 toks/s, output: 178.84 toks/s]
[36m(WorkerDict pid=4031196)[0m Processed prompts: 100%|██████████| 32/32 [10:45<00:00, 20.16s/it, est. speed input: 3.80 toks/s, output: 219.52 toks/s]
[36m(WorkerDict pid=4031198)[0m Processed prompts: 100%|██████████| 32/32 [10:44<00:00, 20.15s/it, est. speed input: 3.99 toks/s, output: 212.37 toks/s]
[36m(WorkerDict pid=4031210)[0m Processed prompts:  78%|███████▊  | 25/32 [10:52<01:46, 15.22s/it, est. speed input: 2.86 toks/s, output: 217.04 toks/s]
[36m(WorkerDict pid=4031212)[0m Processed prompts:  34%|███▍      | 11/32 [11:01<08:53, 25.43s/it, est. speed input: 1.43 toks/s, output: 115.85 toks/s]
[36m(WorkerDict pid=4031203)[0m Processed prompts:  97%|█████████▋| 31/32 [11:03<00:18, 18.66s/it, est. speed input: 9.68 toks/s, output: 288.39 toks/s]
[36m(WorkerDict pid=4031203)[0m [rank8]:E0620 16:26:37.967000 4031203 site-packages/torch/_dynamo/metrics_context.py:105] [0/1] Unexpected exception logging compilation metrics
[36m(WorkerDict pid=4031203)[0m [rank8]:E0620 16:26:37.967000 4031203 site-packages/torch/_dynamo/metrics_context.py:105] [0/1] Traceback (most recent call last):
[36m(WorkerDict pid=4031203)[0m [rank8]:E0620 16:26:37.967000 4031203 site-packages/torch/_dynamo/metrics_context.py:105] [0/1]   File "/usr/local/python3.11.14/lib/python3.11/site-packages/torch/_dynamo/metrics_context.py", line 101, in __exit__
[36m(WorkerDict pid=4031203)[0m [rank8]:E0620 16:26:37.967000 4031203 site-packages/torch/_dynamo/metrics_context.py:105] [0/1]     self._on_exit(
[36m(WorkerDict pid=4031203)[0m [rank8]:E0620 16:26:37.967000 4031203 site-packages/torch/_dynamo/metrics_context.py:105] [0/1]   File "/usr/local/python3.11.14/lib/python3.11/site-packages/torch/_dynamo/utils.py", line 1632, in record_compilation_metrics
[36m(WorkerDict pid=4031203)[0m [rank8]:E0620 16:26:37.967000 4031203 site-packages/torch/_dynamo/metrics_context.py:105] [0/1]     "triton_version": triton.__version__ if has_triton() else "",
[36m(WorkerDict pid=4031203)[0m [rank8]:E0620 16:26:37.967000 4031203 site-packages/torch/_dynamo/metrics_context.py:105] [0/1]                                             ^^^^^^^^^^^^
[36m(WorkerDict pid=4031203)[0m [rank8]:E0620 16:26:37.967000 4031203 site-packages/torch/_dynamo/metrics_context.py:105] [0/1]   File "/usr/local/python3.11.14/lib/python3.11/site-packages/torch/utils/_triton.py", line 159, in has_triton
[36m(WorkerDict pid=4031203)[0m [rank8]:E0620 16:26:37.967000 4031203 site-packages/torch/_dynamo/metrics_context.py:105] [0/1]     return is_device_compatible_with_triton()
[36m(WorkerDict pid=4031203)[0m [rank8]:E0620 16:26:37.967000 4031203 site-packages/torch/_dynamo/metrics_context.py:105] [0/1]            ^^^^^^^^^^^^^^^^^^^^^^^^^^^^^^^^^^
[36m(WorkerDict pid=4031203)[0m [rank8]:E0620 16:26:37.967000 4031203 site-packages/torch/_dynamo/metrics_context.py:105] [0/1]   File "/usr/local/python3.11.14/lib/python3.11/site-packages/torch/utils/_triton.py", line 155, in is_device_compatible_with_triton
[36m(WorkerDict pid=4031203)[0m [rank8]:E0620 16:26:37.967000 4031203 site-packages/torch/_dynamo/metrics_context.py:105] [0/1]     if device_interface.is_available() and extra_check(device_interface):
[36m(WorkerDict pid=4031203)[0m [rank8]:E0620 16:26:37.967000 4031203 site-packages/torch/_dynamo/metrics_context.py:105] [0/1]                                            ^^^^^^^^^^^^^^^^^^^^^^^^^^^^^
[36m(WorkerDict pid=4031203)[0m [rank8]:E0620 16:26:37.967000 4031203 site-packages/torch/_dynamo/metrics_context.py:105] [0/1]   File "/usr/local/python3.11.14/lib/python3.11/site-packages/torch/utils/_triton.py", line 135, in cuda_extra_check
[36m(WorkerDict pid=4031203)[0m [rank8]:E0620 16:26:37.967000 4031203 site-packages/torch/_dynamo/metrics_context.py:105] [0/1]     return device_interface.Worker.get_device_properties().major >= 7
[36m(WorkerDict pid=4031203)[0m [rank8]:E0620 16:26:37.967000 4031203 site-packages/torch/_dynamo/metrics_context.py:105] [0/1]            ^^^^^^^^^^^^^^^^^^^^^^^^^^^^^^^^^^^^^^^^^^^^^^^^^^^^^^^^^^
[36m(WorkerDict pid=4031203)[0m [rank8]:E0620 16:26:37.967000 4031203 site-packages/torch/_dynamo/metrics_context.py:105] [0/1] TypeError: '>=' not supported between instances of 'NoneType' and 'int'
[36m(WorkerDict pid=4031205)[0m Processed prompts:  84%|████████▍ | 27/32 [11:27<03:26, 41.34s/it, est. speed input: 2.22 toks/s, output: 216.66 toks/s]
[36m(WorkerDict pid=4031212)[0m Processed prompts:  38%|███▊      | 12/32 [11:26<08:23, 25.16s/it, est. speed input: 1.50 toks/s, output: 123.87 toks/s]
[36m(WorkerDict pid=4031210)[0m Processed prompts:  81%|████████▏ | 26/32 [11:28<02:09, 21.57s/it, est. speed input: 2.82 toks/s, output: 217.72 toks/s]
[36m(WorkerDict pid=4031213)[0m Processed prompts:   6%|▋         | 2/32 [11:30<2:32:16, 304.55s/it, est. speed input: 0.36 toks/s, output: 22.26 toks/s]
[36m(WorkerDict pid=4031205)[0m Processed prompts:  88%|████████▊ | 28/32 [11:31<02:01, 30.29s/it, est. speed input: 2.28 toks/s, output: 227.39 toks/s]
[36m(WorkerDict pid=4031205)[0m Processed prompts:  91%|█████████ | 29/32 [11:35<01:06, 22.22s/it, est. speed input: 2.35 toks/s, output: 238.43 toks/s]
[36m(WorkerDict pid=4031212)[0m Processed prompts:  41%|████      | 13/32 [11:44<07:15, 22.92s/it, est. speed input: 1.59 toks/s, output: 132.91 toks/s]
[36m(WorkerDict pid=4031205)[0m Processed prompts:  94%|█████████▍| 30/32 [11:51<00:40, 20.45s/it, est. speed input: 2.38 toks/s, output: 245.09 toks/s]
[36m(WorkerDict pid=4031213)[0m Processed prompts:   9%|▉         | 3/32 [11:55<1:25:32, 176.98s/it, est. speed input: 0.52 toks/s, output: 33.62 toks/s]
[36m(WorkerDict pid=4031210)[0m Processed prompts:  84%|████████▍ | 27/32 [11:58<01:59, 23.98s/it, est. speed input: 2.80 toks/s, output: 220.90 toks/s]
[36m(WorkerDict pid=4031213)[0m Processed prompts:  12%|█▎        | 4/32 [12:01<51:02, 109.36s/it, est. speed input: 0.60 toks/s, output: 45.48 toks/s]  
[36m(WorkerDict pid=4031211)[0m Processed prompts:   6%|▋         | 2/32 [12:01<2:37:02, 314.08s/it, est. speed input: 0.16 toks/s, output: 22.81 toks/s]
[36m(WorkerDict pid=4031213)[0m Processed prompts:  16%|█▌        | 5/32 [12:04<32:00, 71.12s/it, est. speed input: 0.76 toks/s, output: 57.41 toks/s] 
[36m(WorkerDict pid=4031213)[0m Processed prompts:  19%|█▉        | 6/32 [12:04<20:23, 47.05s/it, est. speed input: 0.93 toks/s, output: 69.52 toks/s]
[36m(WorkerDict pid=4031213)[0m Processed prompts:  22%|██▏       | 7/32 [12:07<13:36, 32.67s/it, est. speed input: 1.10 toks/s, output: 81.37 toks/s]
[36m(WorkerDict pid=4031212)[0m Processed prompts:  44%|████▍     | 14/32 [12:10<07:09, 23.86s/it, est. speed input: 1.65 toks/s, output: 140.33 toks/s]
[36m(WorkerDict pid=4031213)[0m Processed prompts:  25%|██▌       | 8/32 [12:14<09:48, 24.54s/it, est. speed input: 1.25 toks/s, output: 92.72 toks/s]
[36m(WorkerDict pid=4031211)[0m Processed prompts:   9%|▉         | 3/32 [12:17<1:26:03, 178.04s/it, est. speed input: 0.25 toks/s, output: 34.45 toks/s]
[36m(WorkerDict pid=4031210)[0m Processed prompts:  88%|████████▊ | 28/32 [12:24<01:39, 24.79s/it, est. speed input: 2.80 toks/s, output: 225.13 toks/s]
[36m(WorkerDict pid=4031212)[0m Processed prompts:  47%|████▋     | 15/32 [12:24<05:58, 21.06s/it, est. speed input: 1.73 toks/s, output: 149.75 toks/s]
[36m(WorkerDict pid=4031213)[0m Processed prompts:  28%|██▊       | 9/32 [12:39<09:27, 24.68s/it, est. speed input: 1.29 toks/s, output: 101.80 toks/s]
[36m(WorkerDict pid=4031211)[0m Processed prompts:  12%|█▎        | 4/32 [12:40<54:28, 116.74s/it, est. speed input: 0.34 toks/s, output: 45.55 toks/s]  
[36m(WorkerDict pid=4031211)[0m Processed prompts:  16%|█▌        | 5/32 [12:50<35:15, 78.36s/it, est. speed input: 0.41 toks/s, output: 57.07 toks/s] 
[36m(WorkerDict pid=4031211)[0m Processed prompts:  19%|█▉        | 6/32 [13:11<25:32, 58.93s/it, est. speed input: 0.47 toks/s, output: 67.68 toks/s]
[36m(WorkerDict pid=4031211)[0m Processed prompts:  22%|██▏       | 7/32 [13:13<16:47, 40.29s/it, est. speed input: 0.55 toks/s, output: 79.66 toks/s]
[36m(WorkerDict pid=4031210)[0m Processed prompts:  91%|█████████ | 29/32 [13:18<01:40, 33.59s/it, est. speed input: 2.71 toks/s, output: 222.04 toks/s]
[36m(WorkerDict pid=4031203)[0m Processed prompts: 100%|██████████| 32/32 [13:21<00:00, 54.49s/it, est. speed input: 8.49 toks/s, output: 250.84 toks/s]Processed prompts: 100%|██████████| 32/32 [13:21<00:00, 54.49s/it, est. speed input: 8.49 toks/s, output: 250.84 toks/s]
[36m(WorkerDict pid=4031211)[0m Processed prompts:  25%|██▌       | 8/32 [13:25<12:26, 31.11s/it, est. speed input: 0.63 toks/s, output: 90.67 toks/s]
[36m(WorkerDict pid=4031213)[0m Processed prompts:  31%|███▏      | 10/32 [13:33<12:22, 33.74s/it, est. speed input: 1.36 toks/s, output: 107.19 toks/s]
[36m(WorkerDict pid=4031211)[0m Processed prompts:  28%|██▊       | 9/32 [13:35<09:28, 24.71s/it, est. speed input: 0.69 toks/s, output: 101.64 toks/s]
[36m(WorkerDict pid=4031211)[0m Processed prompts:  31%|███▏      | 10/32 [13:36<06:17, 17.16s/it, est. speed input: 0.76 toks/s, output: 113.76 toks/s]
[36m(WorkerDict pid=4031213)[0m Processed prompts:  34%|███▍      | 11/32 [13:37<08:33, 24.46s/it, est. speed input: 1.43 toks/s, output: 118.90 toks/s]
[36m(WorkerDict pid=4031211)[0m Processed prompts:  34%|███▍      | 11/32 [13:41<04:46, 13.66s/it, est. speed input: 0.84 toks/s, output: 125.12 toks/s]
[36m(WorkerDict pid=4031205)[0m Processed prompts:  97%|█████████▋| 31/32 [13:44<00:48, 48.26s/it, est. speed input: 2.12 toks/s, output: 223.63 toks/s]
[36m(WorkerDict pid=4031205)[0m [rank10]:E0620 16:29:19.140000 4031205 site-packages/torch/_dynamo/metrics_context.py:105] [0/1] Unexpected exception logging compilation metrics
[36m(WorkerDict pid=4031205)[0m [rank10]:E0620 16:29:19.140000 4031205 site-packages/torch/_dynamo/metrics_context.py:105] [0/1] Traceback (most recent call last):
[36m(WorkerDict pid=4031205)[0m [rank10]:E0620 16:29:19.140000 4031205 site-packages/torch/_dynamo/metrics_context.py:105] [0/1]   File "/usr/local/python3.11.14/lib/python3.11/site-packages/torch/_dynamo/metrics_context.py", line 101, in __exit__
[36m(WorkerDict pid=4031205)[0m [rank10]:E0620 16:29:19.140000 4031205 site-packages/torch/_dynamo/metrics_context.py:105] [0/1]     self._on_exit(
[36m(WorkerDict pid=4031205)[0m [rank10]:E0620 16:29:19.140000 4031205 site-packages/torch/_dynamo/metrics_context.py:105] [0/1]   File "/usr/local/python3.11.14/lib/python3.11/site-packages/torch/_dynamo/utils.py", line 1632, in record_compilation_metrics
[36m(WorkerDict pid=4031205)[0m [rank10]:E0620 16:29:19.140000 4031205 site-packages/torch/_dynamo/metrics_context.py:105] [0/1]     "triton_version": triton.__version__ if has_triton() else "",
[36m(WorkerDict pid=4031205)[0m [rank10]:E0620 16:29:19.140000 4031205 site-packages/torch/_dynamo/metrics_context.py:105] [0/1]                                             ^^^^^^^^^^^^
[36m(WorkerDict pid=4031205)[0m [rank10]:E0620 16:29:19.140000 4031205 site-packages/torch/_dynamo/metrics_context.py:105] [0/1]   File "/usr/local/python3.11.14/lib/python3.11/site-packages/torch/utils/_triton.py", line 159, in has_triton
[36m(WorkerDict pid=4031205)[0m [rank10]:E0620 16:29:19.140000 4031205 site-packages/torch/_dynamo/metrics_context.py:105] [0/1]     return is_device_compatible_with_triton()
[36m(WorkerDict pid=4031205)[0m [rank10]:E0620 16:29:19.140000 4031205 site-packages/torch/_dynamo/metrics_context.py:105] [0/1]            ^^^^^^^^^^^^^^^^^^^^^^^^^^^^^^^^^^
[36m(WorkerDict pid=4031205)[0m [rank10]:E0620 16:29:19.140000 4031205 site-packages/torch/_dynamo/metrics_context.py:105] [0/1]   File "/usr/local/python3.11.14/lib/python3.11/site-packages/torch/utils/_triton.py", line 155, in is_device_compatible_with_triton
[36m(WorkerDict pid=4031205)[0m [rank10]:E0620 16:29:19.140000 4031205 site-packages/torch/_dynamo/metrics_context.py:105] [0/1]     if device_interface.is_available() and extra_check(device_interface):
[36m(WorkerDict pid=4031205)[0m [rank10]:E0620 16:29:19.140000 4031205 site-packages/torch/_dynamo/metrics_context.py:105] [0/1]                                            ^^^^^^^^^^^^^^^^^^^^^^^^^^^^^
[36m(WorkerDict pid=4031205)[0m [rank10]:E0620 16:29:19.140000 4031205 site-packages/torch/_dynamo/metrics_context.py:105] [0/1]   File "/usr/local/python3.11.14/lib/python3.11/site-packages/torch/utils/_triton.py", line 135, in cuda_extra_check
[36m(WorkerDict pid=4031205)[0m [rank10]:E0620 16:29:19.140000 4031205 site-packages/torch/_dynamo/metrics_context.py:105] [0/1]     return device_interface.Worker.get_device_properties().major >= 7
[36m(WorkerDict pid=4031205)[0m [rank10]:E0620 16:29:19.140000 4031205 site-packages/torch/_dynamo/metrics_context.py:105] [0/1]            ^^^^^^^^^^^^^^^^^^^^^^^^^^^^^^^^^^^^^^^^^^^^^^^^^^^^^^^^^^
[36m(WorkerDict pid=4031205)[0m [rank10]:E0620 16:29:19.140000 4031205 site-packages/torch/_dynamo/metrics_context.py:105] [0/1] TypeError: '>=' not supported between instances of 'NoneType' and 'int'
[36m(WorkerDict pid=4031211)[0m Processed prompts:  38%|███▊      | 12/32 [13:49<03:57, 11.88s/it, est. speed input: 0.92 toks/s, output: 136.10 toks/s]
[36m(WorkerDict pid=4031213)[0m Processed prompts:  38%|███▊      | 12/32 [13:55<07:32, 22.64s/it, est. speed input: 1.47 toks/s, output: 128.44 toks/s]
[36m(WorkerDict pid=4031213)[0m Processed prompts:  41%|████      | 13/32 [14:07<06:06, 19.29s/it, est. speed input: 1.59 toks/s, output: 138.86 toks/s]
[36m(WorkerDict pid=4031205)[0m Processed prompts: 100%|██████████| 32/32 [14:16<00:00, 43.26s/it, est. speed input: 2.11 toks/s, output: 227.56 toks/s]Processed prompts: 100%|██████████| 32/32 [14:16<00:00, 43.26s/it, est. speed input: 2.11 toks/s, output: 227.56 toks/s]
[36m(WorkerDict pid=4031211)[0m Processed prompts:  41%|████      | 13/32 [14:18<05:24, 17.10s/it, est. speed input: 0.97 toks/s, output: 143.67 toks/s]
[36m(WorkerDict pid=4031213)[0m Processed prompts:  44%|████▍     | 14/32 [14:19<05:07, 17.09s/it, est. speed input: 1.64 toks/s, output: 149.10 toks/s]
[36m(WorkerDict pid=4031211)[0m Processed prompts:  44%|████▍     | 14/32 [14:21<03:51, 12.89s/it, est. speed input: 1.03 toks/s, output: 155.33 toks/s]
[36m(WorkerDict pid=4031211)[0m Processed prompts:  47%|████▋     | 15/32 [14:22<02:37,  9.29s/it, est. speed input: 1.11 toks/s, output: 167.34 toks/s]
[36m(WorkerDict pid=4031213)[0m Processed prompts:  47%|████▋     | 15/32 [14:24<03:49, 13.51s/it, est. speed input: 1.78 toks/s, output: 160.39 toks/s]
[36m(WorkerDict pid=4031213)[0m Processed prompts:  50%|█████     | 16/32 [14:25<02:33,  9.60s/it, est. speed input: 1.92 toks/s, output: 172.48 toks/s]
[36m(WorkerDict pid=4031213)[0m Processed prompts:  53%|█████▎    | 17/32 [14:29<02:00,  8.02s/it, est. speed input: 1.98 toks/s, output: 183.81 toks/s]
[36m(WorkerDict pid=4031211)[0m Processed prompts:  50%|█████     | 16/32 [14:33<02:32,  9.55s/it, est. speed input: 1.17 toks/s, output: 177.58 toks/s]
[36m(WorkerDict pid=4031211)[0m Processed prompts:  53%|█████▎    | 17/32 [14:39<02:07,  8.48s/it, est. speed input: 1.23 toks/s, output: 188.57 toks/s]
[36m(WorkerDict pid=4031210)[0m Processed prompts:  94%|█████████▍| 30/32 [14:52<01:43, 51.67s/it, est. speed input: 2.50 toks/s, output: 210.92 toks/s]
[36m(WorkerDict pid=4031213)[0m Processed prompts:  56%|█████▋    | 18/32 [14:59<03:26, 14.74s/it, est. speed input: 2.05 toks/s, output: 189.83 toks/s]
[36m(WorkerDict pid=4031213)[0m Processed prompts:  59%|█████▉    | 19/32 [15:01<02:19, 10.75s/it, est. speed input: 2.11 toks/s, output: 201.74 toks/s]
[36m(WorkerDict pid=4031213)[0m Processed prompts:  62%|██████▎   | 20/32 [15:08<01:56,  9.70s/it, est. speed input: 2.16 toks/s, output: 212.36 toks/s]
[36m(WorkerDict pid=4031213)[0m Processed prompts:  66%|██████▌   | 21/32 [15:12<01:27,  7.98s/it, est. speed input: 2.29 toks/s, output: 223.67 toks/s]
[36m(WorkerDict pid=4031211)[0m Processed prompts:  56%|█████▋    | 18/32 [15:13<03:49, 16.41s/it, est. speed input: 1.26 toks/s, output: 193.61 toks/s]
[36m(WorkerDict pid=4031211)[0m Processed prompts:  59%|█████▉    | 19/32 [15:17<02:43, 12.58s/it, est. speed input: 1.33 toks/s, output: 205.07 toks/s]
[36m(WorkerDict pid=4031213)[0m Processed prompts:  69%|██████▉   | 22/32 [15:24<01:32,  9.25s/it, est. speed input: 2.32 toks/s, output: 232.96 toks/s]
[36m(WorkerDict pid=4031210)[0m Processed prompts:  97%|█████████▋| 31/32 [15:26<00:46, 46.37s/it, est. speed input: 2.49 toks/s, output: 215.44 toks/s]
[36m(WorkerDict pid=4031210)[0m [rank11]:E0620 16:31:01.776000 4031210 site-packages/torch/_dynamo/metrics_context.py:105] [0/1] Unexpected exception logging compilation metrics
[36m(WorkerDict pid=4031210)[0m [rank11]:E0620 16:31:01.776000 4031210 site-packages/torch/_dynamo/metrics_context.py:105] [0/1] Traceback (most recent call last):
[36m(WorkerDict pid=4031210)[0m [rank11]:E0620 16:31:01.776000 4031210 site-packages/torch/_dynamo/metrics_context.py:105] [0/1]   File "/usr/local/python3.11.14/lib/python3.11/site-packages/torch/_dynamo/metrics_context.py", line 101, in __exit__
[36m(WorkerDict pid=4031210)[0m [rank11]:E0620 16:31:01.776000 4031210 site-packages/torch/_dynamo/metrics_context.py:105] [0/1]     self._on_exit(
[36m(WorkerDict pid=4031210)[0m [rank11]:E0620 16:31:01.776000 4031210 site-packages/torch/_dynamo/metrics_context.py:105] [0/1]   File "/usr/local/python3.11.14/lib/python3.11/site-packages/torch/_dynamo/utils.py", line 1632, in record_compilation_metrics
[36m(WorkerDict pid=4031210)[0m [rank11]:E0620 16:31:01.776000 4031210 site-packages/torch/_dynamo/metrics_context.py:105] [0/1]     "triton_version": triton.__version__ if has_triton() else "",
[36m(WorkerDict pid=4031210)[0m [rank11]:E0620 16:31:01.776000 4031210 site-packages/torch/_dynamo/metrics_context.py:105] [0/1]                                             ^^^^^^^^^^^^
[36m(WorkerDict pid=4031210)[0m [rank11]:E0620 16:31:01.776000 4031210 site-packages/torch/_dynamo/metrics_context.py:105] [0/1]   File "/usr/local/python3.11.14/lib/python3.11/site-packages/torch/utils/_triton.py", line 159, in has_triton
[36m(WorkerDict pid=4031210)[0m [rank11]:E0620 16:31:01.776000 4031210 site-packages/torch/_dynamo/metrics_context.py:105] [0/1]     return is_device_compatible_with_triton()
[36m(WorkerDict pid=4031210)[0m [rank11]:E0620 16:31:01.776000 4031210 site-packages/torch/_dynamo/metrics_context.py:105] [0/1]            ^^^^^^^^^^^^^^^^^^^^^^^^^^^^^^^^^^
[36m(WorkerDict pid=4031210)[0m [rank11]:E0620 16:31:01.776000 4031210 site-packages/torch/_dynamo/metrics_context.py:105] [0/1]   File "/usr/local/python3.11.14/lib/python3.11/site-packages/torch/utils/_triton.py", line 155, in is_device_compatible_with_triton
[36m(WorkerDict pid=4031210)[0m [rank11]:E0620 16:31:01.776000 4031210 site-packages/torch/_dynamo/metrics_context.py:105] [0/1]     if device_interface.is_available() and extra_check(device_interface):
[36m(WorkerDict pid=4031210)[0m [rank11]:E0620 16:31:01.776000 4031210 site-packages/torch/_dynamo/metrics_context.py:105] [0/1]                                            ^^^^^^^^^^^^^^^^^^^^^^^^^^^^^
[36m(WorkerDict pid=4031210)[0m [rank11]:E0620 16:31:01.776000 4031210 site-packages/torch/_dynamo/metrics_context.py:105] [0/1]   File "/usr/local/python3.11.14/lib/python3.11/site-packages/torch/utils/_triton.py", line 135, in cuda_extra_check
[36m(WorkerDict pid=4031210)[0m [rank11]:E0620 16:31:01.776000 4031210 site-packages/torch/_dynamo/metrics_context.py:105] [0/1]     return device_interface.Worker.get_device_properties().major >= 7
[36m(WorkerDict pid=4031210)[0m [rank11]:E0620 16:31:01.776000 4031210 site-packages/torch/_dynamo/metrics_context.py:105] [0/1]            ^^^^^^^^^^^^^^^^^^^^^^^^^^^^^^^^^^^^^^^^^^^^^^^^^^^^^^^^^^
[36m(WorkerDict pid=4031210)[0m [rank11]:E0620 16:31:01.776000 4031210 site-packages/torch/_dynamo/metrics_context.py:105] [0/1] TypeError: '>=' not supported between instances of 'NoneType' and 'int'
[36m(WorkerDict pid=4031210)[0m Processed prompts: 100%|██████████| 32/32 [15:30<00:00, 33.68s/it, est. speed input: 2.56 toks/s, output: 226.75 toks/s]Processed prompts: 100%|██████████| 32/32 [15:30<00:00, 33.68s/it, est. speed input: 2.56 toks/s, output: 226.75 toks/s]
[36m(WorkerDict pid=4031205)[0m Processed prompts: 100%|██████████| 32/32 [15:45<00:00, 29.55s/it, est. speed input: 2.11 toks/s, output: 227.56 toks/s]
[36m(WorkerDict pid=4031210)[0m Processed prompts: 100%|██████████| 32/32 [15:44<00:00, 29.53s/it, est. speed input: 2.56 toks/s, output: 226.75 toks/s]
[36m(WorkerDict pid=4031204)[0m Processed prompts: 100%|██████████| 32/32 [15:45<00:00, 29.55s/it, est. speed input: 3.57 toks/s, output: 307.41 toks/s]
[36m(WorkerDict pid=4031203)[0m Processed prompts: 100%|██████████| 32/32 [15:45<00:00, 29.53s/it, est. speed input: 8.49 toks/s, output: 250.84 toks/s]
[36m(WorkerDict pid=4031213)[0m Processed prompts:  72%|███████▏  | 23/32 [15:47<02:00, 13.38s/it, est. speed input: 2.40 toks/s, output: 239.36 toks/s]
[36m(WorkerDict pid=4031213)[0m Processed prompts:  75%|███████▌  | 24/32 [16:03<01:52, 14.11s/it, est. speed input: 2.48 toks/s, output: 247.50 toks/s]
[36m(WorkerDict pid=4031211)[0m Processed prompts:  62%|██████▎   | 20/32 [16:06<04:41, 23.47s/it, est. speed input: 1.32 toks/s, output: 206.78 toks/s]
[36m(WorkerDict pid=4031213)[0m Processed prompts:  78%|███████▊  | 25/32 [16:14<01:32, 13.17s/it, est. speed input: 2.52 toks/s, output: 256.79 toks/s]
[36m(WorkerDict pid=4031213)[0m Processed prompts:  81%|████████▏ | 26/32 [16:34<01:30, 15.12s/it, est. speed input: 2.59 toks/s, output: 263.81 toks/s]
[36m(WorkerDict pid=4031211)[0m Processed prompts:  66%|██████▌   | 21/32 [16:44<05:07, 27.97s/it, est. speed input: 1.33 toks/s, output: 210.96 toks/s]
[36m(WorkerDict pid=4031211)[0m Processed prompts:  69%|██████▉   | 22/32 [16:50<03:31, 21.11s/it, est. speed input: 1.39 toks/s, output: 222.01 toks/s]
[36m(WorkerDict pid=4031211)[0m Processed prompts:  72%|███████▏  | 23/32 [16:52<02:20, 15.65s/it, est. speed input: 1.46 toks/s, output: 233.49 toks/s]
[36m(WorkerDict pid=4031211)[0m Processed prompts:  75%|███████▌  | 24/32 [16:55<01:34, 11.79s/it, est. speed input: 1.52 toks/s, output: 244.96 toks/s]
[36m(WorkerDict pid=4031213)[0m Processed prompts:  84%|████████▍ | 27/32 [17:06<01:41, 20.36s/it, est. speed input: 2.57 toks/s, output: 267.56 toks/s]
[36m(WorkerDict pid=4031211)[0m Processed prompts:  78%|███████▊  | 25/32 [17:12<01:32, 13.17s/it, est. speed input: 1.57 toks/s, output: 253.20 toks/s]
[36m(WorkerDict pid=4031211)[0m Processed prompts:  81%|████████▏ | 26/32 [17:36<01:39, 16.60s/it, est. speed input: 1.59 toks/s, output: 259.46 toks/s]
[36m(WorkerDict pid=4031213)[0m Processed prompts:  88%|████████▊ | 28/32 [17:43<01:41, 25.25s/it, est. speed input: 2.54 toks/s, output: 270.50 toks/s]
[36m(WorkerDict pid=4031213)[0m Processed prompts:  91%|█████████ | 29/32 [17:47<00:56, 18.90s/it, est. speed input: 2.59 toks/s, output: 281.64 toks/s]
[36m(WorkerDict pid=4031202)[0m Processed prompts:  53%|█████▎    | 17/32 [17:58<49:19, 197.32s/it, est. speed input: 1.27 toks/s, output: 68.13 toks/s]
[36m(WorkerDict pid=4031211)[0m Processed prompts:  84%|████████▍ | 27/32 [18:00<01:33, 18.75s/it, est. speed input: 1.62 toks/s, output: 265.93 toks/s]
[36m(WorkerDict pid=4031211)[0m Processed prompts:  88%|████████▊ | 28/32 [18:14<01:09, 17.31s/it, est. speed input: 1.66 toks/s, output: 274.71 toks/s]
[36m(WorkerDict pid=4031202)[0m Processed prompts:  56%|█████▋    | 18/32 [18:17<33:31, 143.65s/it, est. speed input: 1.34 toks/s, output: 79.16 toks/s]
[36m(WorkerDict pid=4031211)[0m Processed prompts:  91%|█████████ | 29/32 [18:19<00:40, 13.52s/it, est. speed input: 1.71 toks/s, output: 285.74 toks/s]
[36m(WorkerDict pid=4031211)[0m Processed prompts:  94%|█████████▍| 30/32 [18:22<00:20, 10.40s/it, est. speed input: 1.76 toks/s, output: 297.12 toks/s]
[36m(WorkerDict pid=4031213)[0m Processed prompts:  94%|█████████▍| 30/32 [18:27<00:50, 25.21s/it, est. speed input: 2.55 toks/s, output: 283.67 toks/s]
[36m(WorkerDict pid=4031211)[0m Processed prompts:  97%|█████████▋| 31/32 [18:36<00:11, 11.61s/it, est. speed input: 1.80 toks/s, output: 305.47 toks/s]
[36m(WorkerDict pid=4031211)[0m [rank15]:E0620 16:34:10.832000 4031211 site-packages/torch/_dynamo/metrics_context.py:105] [0/1] Unexpected exception logging compilation metrics
[36m(WorkerDict pid=4031211)[0m [rank15]:E0620 16:34:10.832000 4031211 site-packages/torch/_dynamo/metrics_context.py:105] [0/1] Traceback (most recent call last):
[36m(WorkerDict pid=4031211)[0m [rank15]:E0620 16:34:10.832000 4031211 site-packages/torch/_dynamo/metrics_context.py:105] [0/1]   File "/usr/local/python3.11.14/lib/python3.11/site-packages/torch/_dynamo/metrics_context.py", line 101, in __exit__
[36m(WorkerDict pid=4031211)[0m [rank15]:E0620 16:34:10.832000 4031211 site-packages/torch/_dynamo/metrics_context.py:105] [0/1]     self._on_exit(
[36m(WorkerDict pid=4031211)[0m [rank15]:E0620 16:34:10.832000 4031211 site-packages/torch/_dynamo/metrics_context.py:105] [0/1]   File "/usr/local/python3.11.14/lib/python3.11/site-packages/torch/_dynamo/utils.py", line 1632, in record_compilation_metrics
[36m(WorkerDict pid=4031211)[0m [rank15]:E0620 16:34:10.832000 4031211 site-packages/torch/_dynamo/metrics_context.py:105] [0/1]     "triton_version": triton.__version__ if has_triton() else "",
[36m(WorkerDict pid=4031211)[0m [rank15]:E0620 16:34:10.832000 4031211 site-packages/torch/_dynamo/metrics_context.py:105] [0/1]                                             ^^^^^^^^^^^^
[36m(WorkerDict pid=4031211)[0m [rank15]:E0620 16:34:10.832000 4031211 site-packages/torch/_dynamo/metrics_context.py:105] [0/1]   File "/usr/local/python3.11.14/lib/python3.11/site-packages/torch/utils/_triton.py", line 159, in has_triton
[36m(WorkerDict pid=4031211)[0m [rank15]:E0620 16:34:10.832000 4031211 site-packages/torch/_dynamo/metrics_context.py:105] [0/1]     return is_device_compatible_with_triton()
[36m(WorkerDict pid=4031211)[0m [rank15]:E0620 16:34:10.832000 4031211 site-packages/torch/_dynamo/metrics_context.py:105] [0/1]            ^^^^^^^^^^^^^^^^^^^^^^^^^^^^^^^^^^
[36m(WorkerDict pid=4031211)[0m [rank15]:E0620 16:34:10.832000 4031211 site-packages/torch/_dynamo/metrics_context.py:105] [0/1]   File "/usr/local/python3.11.14/lib/python3.11/site-packages/torch/utils/_triton.py", line 155, in is_device_compatible_with_triton
[36m(WorkerDict pid=4031211)[0m [rank15]:E0620 16:34:10.832000 4031211 site-packages/torch/_dynamo/metrics_context.py:105] [0/1]     if device_interface.is_available() and extra_check(device_interface):
[36m(WorkerDict pid=4031211)[0m [rank15]:E0620 16:34:10.832000 4031211 site-packages/torch/_dynamo/metrics_context.py:105] [0/1]                                            ^^^^^^^^^^^^^^^^^^^^^^^^^^^^^
[36m(WorkerDict pid=4031211)[0m [rank15]:E0620 16:34:10.832000 4031211 site-packages/torch/_dynamo/metrics_context.py:105] [0/1]   File "/usr/local/python3.11.14/lib/python3.11/site-packages/torch/utils/_triton.py", line 135, in cuda_extra_check
[36m(WorkerDict pid=4031211)[0m [rank15]:E0620 16:34:10.832000 4031211 site-packages/torch/_dynamo/metrics_context.py:105] [0/1]     return device_interface.Worker.get_device_properties().major >= 7
[36m(WorkerDict pid=4031211)[0m [rank15]:E0620 16:34:10.832000 4031211 site-packages/torch/_dynamo/metrics_context.py:105] [0/1]            ^^^^^^^^^^^^^^^^^^^^^^^^^^^^^^^^^^^^^^^^^^^^^^^^^^^^^^^^^^
[36m(WorkerDict pid=4031211)[0m [rank15]:E0620 16:34:10.832000 4031211 site-packages/torch/_dynamo/metrics_context.py:105] [0/1] TypeError: '>=' not supported between instances of 'NoneType' and 'int'
[36m(WorkerDict pid=4031202)[0m Processed prompts:  59%|█████▉    | 19/32 [18:59<24:31, 113.17s/it, est. speed input: 1.37 toks/s, output: 88.44 toks/s]
[36m(WorkerDict pid=4031211)[0m Processed prompts: 100%|██████████| 32/32 [19:16<00:00, 20.18s/it, est. speed input: 1.78 toks/s, output: 307.06 toks/s]Processed prompts: 100%|██████████| 32/32 [19:16<00:00, 20.18s/it, est. speed input: 1.78 toks/s, output: 307.06 toks/s]
[36m(WorkerDict pid=4031202)[0m Processed prompts:  62%|██████▎   | 20/32 [19:47<18:43, 93.65s/it, est. speed input: 1.39 toks/s, output: 97.07 toks/s] 
[36m(WorkerDict pid=4031202)[0m Processed prompts:  66%|██████▌   | 21/32 [19:55<12:28, 68.03s/it, est. speed input: 1.46 toks/s, output: 108.62 toks/s]
[36m(WorkerDict pid=4031202)[0m Processed prompts:  69%|██████▉   | 22/32 [21:01<11:12, 67.25s/it, est. speed input: 1.46 toks/s, output: 115.22 toks/s]
[36m(WorkerDict pid=4031213)[0m Processed prompts:  97%|█████████▋| 31/32 [21:05<01:05, 65.02s/it, est. speed input: 2.28 toks/s, output: 260.50 toks/s]
[36m(WorkerDict pid=4031213)[0m [rank13]:E0620 16:36:39.731000 4031213 site-packages/torch/_dynamo/metrics_context.py:105] [0/1] Unexpected exception logging compilation metrics
[36m(WorkerDict pid=4031213)[0m [rank13]:E0620 16:36:39.731000 4031213 site-packages/torch/_dynamo/metrics_context.py:105] [0/1] Traceback (most recent call last):
[36m(WorkerDict pid=4031213)[0m [rank13]:E0620 16:36:39.731000 4031213 site-packages/torch/_dynamo/metrics_context.py:105] [0/1]   File "/usr/local/python3.11.14/lib/python3.11/site-packages/torch/_dynamo/metrics_context.py", line 101, in __exit__
[36m(WorkerDict pid=4031213)[0m [rank13]:E0620 16:36:39.731000 4031213 site-packages/torch/_dynamo/metrics_context.py:105] [0/1]     self._on_exit(
[36m(WorkerDict pid=4031213)[0m [rank13]:E0620 16:36:39.731000 4031213 site-packages/torch/_dynamo/metrics_context.py:105] [0/1]   File "/usr/local/python3.11.14/lib/python3.11/site-packages/torch/_dynamo/utils.py", line 1632, in record_compilation_metrics
[36m(WorkerDict pid=4031213)[0m [rank13]:E0620 16:36:39.731000 4031213 site-packages/torch/_dynamo/metrics_context.py:105] [0/1]     "triton_version": triton.__version__ if has_triton() else "",
[36m(WorkerDict pid=4031213)[0m [rank13]:E0620 16:36:39.731000 4031213 site-packages/torch/_dynamo/metrics_context.py:105] [0/1]                                             ^^^^^^^^^^^^
[36m(WorkerDict pid=4031213)[0m [rank13]:E0620 16:36:39.731000 4031213 site-packages/torch/_dynamo/metrics_context.py:105] [0/1]   File "/usr/local/python3.11.14/lib/python3.11/site-packages/torch/utils/_triton.py", line 159, in has_triton
[36m(WorkerDict pid=4031213)[0m [rank13]:E0620 16:36:39.731000 4031213 site-packages/torch/_dynamo/metrics_context.py:105] [0/1]     return is_device_compatible_with_triton()
[36m(WorkerDict pid=4031213)[0m [rank13]:E0620 16:36:39.731000 4031213 site-packages/torch/_dynamo/metrics_context.py:105] [0/1]            ^^^^^^^^^^^^^^^^^^^^^^^^^^^^^^^^^^
[36m(WorkerDict pid=4031213)[0m [rank13]:E0620 16:36:39.731000 4031213 site-packages/torch/_dynamo/metrics_context.py:105] [0/1]   File "/usr/local/python3.11.14/lib/python3.11/site-packages/torch/utils/_triton.py", line 155, in is_device_compatible_with_triton
[36m(WorkerDict pid=4031213)[0m [rank13]:E0620 16:36:39.731000 4031213 site-packages/torch/_dynamo/metrics_context.py:105] [0/1]     if device_interface.is_available() and extra_check(device_interface):
[36m(WorkerDict pid=4031213)[0m [rank13]:E0620 16:36:39.731000 4031213 site-packages/torch/_dynamo/metrics_context.py:105] [0/1]                                            ^^^^^^^^^^^^^^^^^^^^^^^^^^^^^
[36m(WorkerDict pid=4031213)[0m [rank13]:E0620 16:36:39.731000 4031213 site-packages/torch/_dynamo/metrics_context.py:105] [0/1]   File "/usr/local/python3.11.14/lib/python3.11/site-packages/torch/utils/_triton.py", line 135, in cuda_extra_check
[36m(WorkerDict pid=4031213)[0m [rank13]:E0620 16:36:39.731000 4031213 site-packages/torch/_dynamo/metrics_context.py:105] [0/1]     return device_interface.Worker.get_device_properties().major >= 7
[36m(WorkerDict pid=4031213)[0m [rank13]:E0620 16:36:39.731000 4031213 site-packages/torch/_dynamo/metrics_context.py:105] [0/1]            ^^^^^^^^^^^^^^^^^^^^^^^^^^^^^^^^^^^^^^^^^^^^^^^^^^^^^^^^^^
[36m(WorkerDict pid=4031213)[0m [rank13]:E0620 16:36:39.731000 4031213 site-packages/torch/_dynamo/metrics_context.py:105] [0/1] TypeError: '>=' not supported between instances of 'NoneType' and 'int'
[36m(WorkerDict pid=4031202)[0m Processed prompts:  72%|███████▏  | 23/32 [21:30<08:23, 55.96s/it, est. speed input: 1.50 toks/s, output: 124.82 toks/s]
[36m(WorkerDict pid=4031202)[0m Processed prompts:  75%|███████▌  | 24/32 [21:46<05:49, 43.74s/it, est. speed input: 1.56 toks/s, output: 135.61 toks/s]
[36m(WorkerDict pid=4031202)[0m Processed prompts:  78%|███████▊  | 25/32 [22:13<04:31, 38.85s/it, est. speed input: 1.59 toks/s, output: 145.06 toks/s]
[36m(WorkerDict pid=4031202)[0m Processed prompts:  81%|████████▏ | 26/32 [22:18<02:51, 28.56s/it, est. speed input: 1.66 toks/s, output: 156.81 toks/s]Processed prompts: 100%|██████████| 32/32 [22:18<00:00, 28.56s/it, est. speed input: 2.08 toks/s, output: 230.28 toks/s]Processed prompts: 100%|██████████| 32/32 [22:18<00:00, 41.81s/it, est. speed input: 2.08 toks/s, output: 230.28 toks/s]
[36m(WorkerDict pid=4031212)[0m Processed prompts:  53%|█████▎    | 17/32 [22:17<37:05, 148.40s/it, est. speed input: 1.36 toks/s, output: 102.42 toks/s]Processed prompts: 100%|██████████| 32/32 [22:17<00:00, 148.40s/it, est. speed input: 6.39 toks/s, output: 286.20 toks/s]Processed prompts: 100%|██████████| 32/32 [22:17<00:00, 41.79s/it, est. speed input: 6.39 toks/s, output: 286.20 toks/s] 
[36m(WorkerDict pid=4031213)[0m Processed prompts: 100%|██████████| 32/32 [22:18<00:00, 67.46s/it, est. speed input: 2.20 toks/s, output: 258.51 toks/s]Processed prompts: 100%|██████████| 32/32 [22:18<00:00, 67.46s/it, est. speed input: 2.20 toks/s, output: 258.51 toks/s]Processed prompts: 100%|██████████| 32/32 [22:18<00:00, 41.83s/it, est. speed input: 2.20 toks/s, output: 258.51 toks/s]
[36m(WorkerDict pid=4031211)[0m Processed prompts: 100%|██████████| 32/32 [22:18<00:00, 41.84s/it, est. speed input: 1.78 toks/s, output: 307.06 toks/s]
[36m(WorkerDict pid=4031194)[0m [rank0]:[W620 16:39:39.921968963 compiler_depend.ts:67] Warning: c10d::broadcast_: an autograd kernel was not registered to the Autograd key(s) but we are trying to backprop through it. This may lead to silently incorrect behavior. This behavior is deprecated and will be removed in a future version of PyTorch. If your operator is differentiable, please ensure you have registered an autograd kernel to the correct Autograd key (e.g. DispatchKey::Autograd, DispatchKey::CompositeImplicitAutograd). If your operator is not differentiable, or to squash this warning and use the previous behavior, please register torch::CppFunction::makeFallthrough() to DispatchKey::Autograd. (function operator())
[36m(TaskRunner pid=4027924)[0m Training Progress:  20%|██        | 1/5 [25:59<1:43:56, 1559.16s/it]
[36m(WorkerDict pid=4031200)[0m Adding requests:   0%|          | 0/32 [00:00<?, ?it/s]Adding requests: 100%|██████████| 32/32 [00:00<00:00, 12416.07it/s]
[36m(WorkerDict pid=4031200)[0m Processed prompts:   0%|          | 0/32 [00:00<?, ?it/s, est. speed input: 0.00 toks/s, output: 0.00 toks/s]
[36m(WorkerDict pid=4031197)[0m Adding requests:   0%|          | 0/32 [00:00<?, ?it/s]Adding requests: 100%|██████████| 32/32 [00:00<00:00, 11773.48it/s]
[36m(WorkerDict pid=4031197)[0m Processed prompts:   0%|          | 0/32 [00:00<?, ?it/s, est. speed input: 0.00 toks/s, output: 0.00 toks/s]
[36m(WorkerDict pid=4031210)[0m Adding requests:   0%|          | 0/32 [00:00<?, ?it/s]Adding requests: 100%|██████████| 32/32 [00:00<00:00, 12046.11it/s]
[36m(WorkerDict pid=4031210)[0m Processed prompts:   0%|          | 0/32 [00:00<?, ?it/s, est. speed input: 0.00 toks/s, output: 0.00 toks/s]
[36m(WorkerDict pid=4031194)[0m Adding requests:   0%|          | 0/32 [00:00<?, ?it/s]
[36m(WorkerDict pid=4031198)[0m Adding requests:   0%|          | 0/32 [00:00<?, ?it/s]Adding requests: 100%|██████████| 32/32 [00:00<00:00, 12444.85it/s]
[36m(WorkerDict pid=4031198)[0m Processed prompts:   0%|          | 0/32 [00:00<?, ?it/s, est. speed input: 0.00 toks/s, output: 0.00 toks/s]
[36m(WorkerDict pid=4031213)[0m Adding requests:   0%|          | 0/32 [00:00<?, ?it/s]Adding requests: 100%|██████████| 32/32 [00:00<00:00, 11907.18it/s]
[36m(WorkerDict pid=4031213)[0m Processed prompts:   0%|          | 0/32 [00:00<?, ?it/s, est. speed input: 0.00 toks/s, output: 0.00 toks/s]
[36m(WorkerDict pid=4031211)[0m Adding requests:   0%|          | 0/32 [00:00<?, ?it/s]Adding requests: 100%|██████████| 32/32 [00:00<00:00, 11825.35it/s]
[36m(WorkerDict pid=4031211)[0m Processed prompts:   0%|          | 0/32 [00:00<?, ?it/s, est. speed input: 0.00 toks/s, output: 0.00 toks/s]
[36m(WorkerDict pid=4031194)[0m Adding requests: 100%|██████████| 32/32 [00:00<00:00, 11902.96it/s]
[36m(WorkerDict pid=4031194)[0m Processed prompts:   0%|          | 0/32 [00:00<?, ?it/s, est. speed input: 0.00 toks/s, output: 0.00 toks/s]
[36m(WorkerDict pid=4031195)[0m Adding requests:   0%|          | 0/32 [00:00<?, ?it/s]Adding requests: 100%|██████████| 32/32 [00:00<00:00, 12265.17it/s]
[36m(WorkerDict pid=4031195)[0m Processed prompts:   0%|          | 0/32 [00:00<?, ?it/s, est. speed input: 0.00 toks/s, output: 0.00 toks/s]
[36m(WorkerDict pid=4031196)[0m Adding requests:   0%|          | 0/32 [00:00<?, ?it/s]Adding requests: 100%|██████████| 32/32 [00:00<00:00, 12096.05it/s]
[36m(WorkerDict pid=4031196)[0m Processed prompts:   0%|          | 0/32 [00:00<?, ?it/s, est. speed input: 0.00 toks/s, output: 0.00 toks/s]
[36m(WorkerDict pid=4031203)[0m Adding requests:   0%|          | 0/32 [00:00<?, ?it/s]Adding requests: 100%|██████████| 32/32 [00:00<00:00, 12179.47it/s]
[36m(WorkerDict pid=4031203)[0m Processed prompts:   0%|          | 0/32 [00:00<?, ?it/s, est. speed input: 0.00 toks/s, output: 0.00 toks/s]
[36m(WorkerDict pid=4031205)[0m Adding requests:   0%|          | 0/32 [00:00<?, ?it/s]Adding requests: 100%|██████████| 32/32 [00:00<00:00, 12139.81it/s]
[36m(WorkerDict pid=4031205)[0m Processed prompts:   0%|          | 0/32 [00:00<?, ?it/s, est. speed input: 0.00 toks/s, output: 0.00 toks/s]
[36m(WorkerDict pid=4031201)[0m Adding requests:   0%|          | 0/32 [00:00<?, ?it/s]Adding requests: 100%|██████████| 32/32 [00:00<00:00, 12192.74it/s]
[36m(WorkerDict pid=4031201)[0m Processed prompts:   0%|          | 0/32 [00:00<?, ?it/s, est. speed input: 0.00 toks/s, output: 0.00 toks/s]
[36m(WorkerDict pid=4031204)[0m Adding requests:   0%|          | 0/32 [00:00<?, ?it/s]Adding requests: 100%|██████████| 32/32 [00:00<00:00, 12583.70it/s]
[36m(WorkerDict pid=4031204)[0m Processed prompts:   0%|          | 0/32 [00:00<?, ?it/s, est. speed input: 0.00 toks/s, output: 0.00 toks/s]
[36m(WorkerDict pid=4031202)[0m Adding requests:   0%|          | 0/32 [00:00<?, ?it/s]Adding requests: 100%|██████████| 32/32 [00:00<00:00, 12027.76it/s]
[36m(WorkerDict pid=4031202)[0m Processed prompts:   0%|          | 0/32 [00:00<?, ?it/s, est. speed input: 0.00 toks/s, output: 0.00 toks/s]
[36m(WorkerDict pid=4031212)[0m Adding requests:   0%|          | 0/32 [00:00<?, ?it/s]Adding requests: 100%|██████████| 32/32 [00:00<00:00, 11290.19it/s]
[36m(WorkerDict pid=4031212)[0m Processed prompts:   0%|          | 0/32 [00:00<?, ?it/s, est. speed input: 0.00 toks/s, output: 0.00 toks/s]
[36m(WorkerDict pid=4031199)[0m Adding requests:   0%|          | 0/32 [00:00<?, ?it/s]Adding requests: 100%|██████████| 32/32 [00:00<00:00, 10828.38it/s]
[36m(WorkerDict pid=4031199)[0m Processed prompts:   0%|          | 0/32 [00:00<?, ?it/s, est. speed input: 0.00 toks/s, output: 0.00 toks/s]
[36m(WorkerDict pid=4031201)[0m Processed prompts:   3%|▎         | 1/32 [01:07<34:46, 67.32s/it, est. speed input: 1.56 toks/s, output: 11.38 toks/s]
[36m(WorkerDict pid=4031201)[0m Processed prompts:   6%|▋         | 2/32 [01:14<15:56, 31.87s/it, est. speed input: 2.82 toks/s, output: 21.77 toks/s]
[36m(WorkerDict pid=4031201)[0m Processed prompts:   9%|▉         | 3/32 [01:18<09:15, 19.14s/it, est. speed input: 4.02 toks/s, output: 32.17 toks/s]
[36m(WorkerDict pid=4031201)[0m Processed prompts:  12%|█▎        | 4/32 [01:19<05:39, 12.11s/it, est. speed input: 5.27 toks/s, output: 43.16 toks/s]
[36m(WorkerDict pid=4031200)[0m Processed prompts:   3%|▎         | 1/32 [01:23<43:14, 83.69s/it, est. speed input: 1.09 toks/s, output: 11.42 toks/s]
[36m(WorkerDict pid=4031200)[0m Processed prompts:   6%|▋         | 2/32 [01:28<18:34, 37.15s/it, est. speed input: 2.06 toks/s, output: 22.30 toks/s]
[36m(WorkerDict pid=4031201)[0m Processed prompts:  16%|█▌        | 5/32 [01:28<04:54, 10.91s/it, est. speed input: 5.93 toks/s, output: 50.48 toks/s]
[36m(WorkerDict pid=4031200)[0m Processed prompts:   9%|▉         | 3/32 [01:30<10:09, 21.01s/it, est. speed input: 3.03 toks/s, output: 33.33 toks/s]
[36m(WorkerDict pid=4031200)[0m Processed prompts:  12%|█▎        | 4/32 [01:33<06:29, 13.92s/it, est. speed input: 3.91 toks/s, output: 43.74 toks/s]
[36m(WorkerDict pid=4031200)[0m Processed prompts:  16%|█▌        | 5/32 [01:33<04:04,  9.05s/it, est. speed input: 4.87 toks/s, output: 55.05 toks/s]
[36m(WorkerDict pid=4031201)[0m Processed prompts:  19%|█▉        | 6/32 [01:33<03:48,  8.78s/it, est. speed input: 6.77 toks/s, output: 59.62 toks/s]
[36m(WorkerDict pid=4031201)[0m Processed prompts:  22%|██▏       | 7/32 [01:34<02:40,  6.43s/it, est. speed input: 7.76 toks/s, output: 70.27 toks/s]
[36m(WorkerDict pid=4031201)[0m Processed prompts:  25%|██▌       | 8/32 [01:36<01:58,  4.93s/it, est. speed input: 8.71 toks/s, output: 80.68 toks/s]
[36m(WorkerDict pid=4031201)[0m Processed prompts:  28%|██▊       | 9/32 [01:37<01:23,  3.62s/it, est. speed input: 9.73 toks/s, output: 91.74 toks/s]
[36m(WorkerDict pid=4031201)[0m Processed prompts:  31%|███▏      | 10/32 [01:40<01:15,  3.42s/it, est. speed input: 10.49 toks/s, output: 100.70 toks/s]
[36m(WorkerDict pid=4031201)[0m Processed prompts:  34%|███▍      | 11/32 [01:41<00:57,  2.75s/it, est. speed input: 11.39 toks/s, output: 111.15 toks/s]
[36m(WorkerDict pid=4031201)[0m Processed prompts:  38%|███▊      | 12/32 [01:42<00:47,  2.38s/it, est. speed input: 12.24 toks/s, output: 121.21 toks/s]
[36m(WorkerDict pid=4031201)[0m Processed prompts:  41%|████      | 13/32 [01:48<01:05,  3.44s/it, est. speed input: 12.55 toks/s, output: 126.42 toks/s]
[36m(WorkerDict pid=4031201)[0m Processed prompts:  44%|████▍     | 14/32 [01:50<00:52,  2.92s/it, est. speed input: 13.30 toks/s, output: 136.20 toks/s]
[36m(WorkerDict pid=4031201)[0m Processed prompts:  47%|████▋     | 15/32 [01:53<00:50,  2.97s/it, est. speed input: 13.86 toks/s, output: 144.31 toks/s]
[36m(WorkerDict pid=4031198)[0m Processed prompts:   3%|▎         | 1/32 [01:54<59:00, 114.20s/it, est. speed input: 0.18 toks/s, output: 11.76 toks/s]
[36m(WorkerDict pid=4031200)[0m Processed prompts:  19%|█▉        | 6/32 [01:58<06:13, 14.35s/it, est. speed input: 4.62 toks/s, output: 55.27 toks/s]
[36m(WorkerDict pid=4031198)[0m Processed prompts:   6%|▋         | 2/32 [02:00<25:19, 50.64s/it, est. speed input: 0.33 toks/s, output: 22.98 toks/s] 
[36m(WorkerDict pid=4031200)[0m Processed prompts:  22%|██▏       | 7/32 [02:05<05:05, 12.20s/it, est. speed input: 5.06 toks/s, output: 63.65 toks/s]
[36m(WorkerDict pid=4031201)[0m Processed prompts:  50%|█████     | 16/32 [02:05<01:30,  5.66s/it, est. speed input: 13.39 toks/s, output: 142.52 toks/s]
[36m(WorkerDict pid=4031200)[0m Processed prompts:  25%|██▌       | 8/32 [02:16<04:37, 11.58s/it, est. speed input: 5.35 toks/s, output: 70.70 toks/s]
[36m(WorkerDict pid=4031198)[0m Processed prompts:   9%|▉         | 3/32 [02:16<16:58, 35.11s/it, est. speed input: 0.44 toks/s, output: 32.08 toks/s]
[36m(WorkerDict pid=4031198)[0m Processed prompts:  12%|█▎        | 4/32 [02:17<10:00, 21.45s/it, est. speed input: 0.58 toks/s, output: 43.86 toks/s]
[36m(WorkerDict pid=4031198)[0m Processed prompts:  16%|█▌        | 5/32 [02:17<06:11, 13.77s/it, est. speed input: 0.73 toks/s, output: 55.70 toks/s]
[36m(WorkerDict pid=4031196)[0m Processed prompts:   3%|▎         | 1/32 [02:17<1:11:08, 137.70s/it, est. speed input: 0.41 toks/s, output: 11.91 toks/s]
[36m(WorkerDict pid=4031198)[0m Processed prompts:  19%|█▉        | 6/32 [02:18<04:00,  9.24s/it, est. speed input: 0.87 toks/s, output: 67.42 toks/s]
[36m(WorkerDict pid=4031199)[0m Processed prompts:   3%|▎         | 1/32 [02:17<1:11:02, 137.51s/it, est. speed input: 0.21 toks/s, output: 11.98 toks/s]
[36m(WorkerDict pid=4031199)[0m Processed prompts:   6%|▋         | 2/32 [02:20<29:14, 58.49s/it, est. speed input: 0.41 toks/s, output: 23.71 toks/s]   
[36m(WorkerDict pid=4031199)[0m Processed prompts:   9%|▉         | 3/32 [02:21<15:37, 32.34s/it, est. speed input: 0.61 toks/s, output: 35.51 toks/s]
[36m(WorkerDict pid=4031200)[0m Processed prompts:  28%|██▊       | 9/32 [02:24<04:00, 10.47s/it, est. speed input: 5.68 toks/s, output: 78.63 toks/s]
[36m(WorkerDict pid=4031198)[0m Processed prompts:  22%|██▏       | 7/32 [02:23<03:23,  8.14s/it, est. speed input: 0.97 toks/s, output: 76.58 toks/s]
[36m(WorkerDict pid=4031200)[0m Processed prompts:  31%|███▏      | 10/32 [02:28<03:06,  8.47s/it, est. speed input: 6.14 toks/s, output: 88.39 toks/s]
[36m(WorkerDict pid=4031196)[0m Processed prompts:   6%|▋         | 2/32 [02:27<31:13, 62.45s/it, est. speed input: 0.77 toks/s, output: 23.06 toks/s]   
[36m(WorkerDict pid=4031199)[0m Processed prompts:  12%|█▎        | 4/32 [02:28<10:19, 22.13s/it, est. speed input: 0.78 toks/s, output: 45.97 toks/s]
[36m(WorkerDict pid=4031199)[0m Processed prompts:  16%|█▌        | 5/32 [02:28<06:24, 14.24s/it, est. speed input: 0.98 toks/s, output: 57.91 toks/s]
[36m(WorkerDict pid=4031200)[0m Processed prompts:  34%|███▍      | 11/32 [02:30<02:20,  6.67s/it, est. speed input: 6.64 toks/s, output: 98.76 toks/s]
[36m(WorkerDict pid=4031199)[0m Processed prompts:  19%|█▉        | 6/32 [02:29<04:10,  9.63s/it, est. speed input: 1.17 toks/s, output: 69.65 toks/s]
[36m(WorkerDict pid=4031198)[0m Processed prompts:  25%|██▌       | 8/32 [02:32<03:22,  8.42s/it, est. speed input: 1.05 toks/s, output: 84.00 toks/s]
[36m(WorkerDict pid=4031199)[0m Processed prompts:  22%|██▏       | 7/32 [02:34<03:21,  8.07s/it, est. speed input: 1.32 toks/s, output: 79.47 toks/s]
[36m(WorkerDict pid=4031196)[0m Processed prompts:   9%|▉         | 3/32 [02:37<18:31, 38.32s/it, est. speed input: 1.09 toks/s, output: 33.61 toks/s]
[36m(WorkerDict pid=4031198)[0m Processed prompts:  28%|██▊       | 9/32 [02:38<02:53,  7.56s/it, est. speed input: 1.13 toks/s, output: 92.94 toks/s]
[36m(WorkerDict pid=4031198)[0m Processed prompts:  31%|███▏      | 10/32 [02:40<02:08,  5.85s/it, est. speed input: 1.24 toks/s, output: 103.72 toks/s]
[36m(WorkerDict pid=4031196)[0m Processed prompts:  12%|█▎        | 4/32 [02:41<11:35, 24.85s/it, est. speed input: 1.41 toks/s, output: 44.69 toks/s]
[36m(WorkerDict pid=4031199)[0m Processed prompts:  25%|██▌       | 8/32 [02:41<03:10,  7.94s/it, est. speed input: 1.43 toks/s, output: 87.74 toks/s]
[36m(WorkerDict pid=4031196)[0m Processed prompts:  16%|█▌        | 5/32 [02:43<07:31, 16.72s/it, est. speed input: 1.74 toks/s, output: 56.03 toks/s]
[36m(WorkerDict pid=4031198)[0m Processed prompts:  34%|███▍      | 11/32 [02:43<01:45,  5.04s/it, est. speed input: 1.34 toks/s, output: 113.64 toks/s]
[36m(WorkerDict pid=4031196)[0m Processed prompts:  19%|█▉        | 6/32 [02:44<04:56, 11.39s/it, est. speed input: 2.08 toks/s, output: 67.64 toks/s]
[36m(WorkerDict pid=4031199)[0m Processed prompts:  28%|██▊       | 9/32 [02:44<02:24,  6.30s/it, est. speed input: 1.59 toks/s, output: 98.33 toks/s]
[36m(WorkerDict pid=4031196)[0m Processed prompts:  22%|██▏       | 7/32 [02:45<03:19,  7.98s/it, est. speed input: 2.41 toks/s, output: 79.23 toks/s]
[36m(WorkerDict pid=4031200)[0m Processed prompts:  38%|███▊      | 12/32 [02:47<03:12,  9.62s/it, est. speed input: 6.53 toks/s, output: 101.01 toks/s]
[36m(WorkerDict pid=4031198)[0m Processed prompts:  38%|███▊      | 12/32 [02:47<01:32,  4.60s/it, est. speed input: 1.43 toks/s, output: 123.18 toks/s]
[36m(WorkerDict pid=4031198)[0m Processed prompts:  41%|████      | 13/32 [02:50<01:17,  4.10s/it, est. speed input: 1.53 toks/s, output: 133.02 toks/s]
[36m(WorkerDict pid=4031199)[0m Processed prompts:  31%|███▏      | 10/32 [02:50<02:17,  6.24s/it, est. speed input: 1.70 toks/s, output: 106.85 toks/s]
[36m(WorkerDict pid=4031197)[0m Processed prompts:   3%|▎         | 1/32 [02:52<1:29:21, 172.96s/it, est. speed input: 0.21 toks/s, output: 11.94 toks/s]
[36m(WorkerDict pid=4031196)[0m Processed prompts:  25%|██▌       | 8/32 [02:53<03:07,  7.80s/it, est. speed input: 2.64 toks/s, output: 87.81 toks/s]
[36m(WorkerDict pid=4031199)[0m Processed prompts:  34%|███▍      | 11/32 [02:52<01:42,  4.88s/it, est. speed input: 1.85 toks/s, output: 117.79 toks/s]
[36m(WorkerDict pid=4031196)[0m Processed prompts:  28%|██▊       | 9/32 [02:54<02:13,  5.80s/it, est. speed input: 2.94 toks/s, output: 99.09 toks/s]
[36m(WorkerDict pid=4031199)[0m Processed prompts:  38%|███▊      | 12/32 [02:53<01:15,  3.77s/it, est. speed input: 2.00 toks/s, output: 129.00 toks/s]
[36m(WorkerDict pid=4031198)[0m Processed prompts:  44%|████▍     | 14/32 [02:54<01:14,  4.13s/it, est. speed input: 1.60 toks/s, output: 141.80 toks/s]
[36m(WorkerDict pid=4031194)[0m Processed prompts:   3%|▎         | 1/32 [02:56<1:31:01, 176.16s/it, est. speed input: 0.28 toks/s, output: 11.98 toks/s]
[36m(WorkerDict pid=4031196)[0m Processed prompts:  31%|███▏      | 10/32 [02:56<01:41,  4.63s/it, est. speed input: 3.23 toks/s, output: 109.95 toks/s]
[36m(WorkerDict pid=4031197)[0m Processed prompts:   6%|▋         | 2/32 [02:58<37:22, 74.76s/it, est. speed input: 0.41 toks/s, output: 23.49 toks/s]   
[36m(WorkerDict pid=4031196)[0m Processed prompts:  34%|███▍      | 11/32 [03:01<01:37,  4.63s/it, est. speed input: 3.46 toks/s, output: 119.13 toks/s]
[36m(WorkerDict pid=4031196)[0m Processed prompts:  38%|███▊      | 12/32 [03:01<01:05,  3.30s/it, est. speed input: 3.77 toks/s, output: 130.95 toks/s]
[36m(WorkerDict pid=4031199)[0m Processed prompts:  41%|████      | 13/32 [03:00<01:31,  4.79s/it, est. speed input: 2.09 toks/s, output: 135.94 toks/s]
[36m(WorkerDict pid=4031199)[0m Processed prompts:  44%|████▍     | 14/32 [03:03<01:14,  4.14s/it, est. speed input: 2.21 toks/s, output: 146.05 toks/s]
[36m(WorkerDict pid=4031194)[0m Processed prompts:   6%|▋         | 2/32 [03:05<39:01, 78.04s/it, est. speed input: 0.56 toks/s, output: 23.37 toks/s]   
[36m(WorkerDict pid=4031197)[0m Processed prompts:   9%|▉         | 3/32 [03:10<22:10, 45.87s/it, est. speed input: 0.58 toks/s, output: 34.05 toks/s]
[36m(WorkerDict pid=4031196)[0m Processed prompts:  41%|████      | 13/32 [03:09<01:33,  4.92s/it, est. speed input: 3.90 toks/s, output: 137.00 toks/s]
[36m(WorkerDict pid=4031198)[0m Processed prompts:  47%|████▋     | 15/32 [03:10<02:12,  7.77s/it, est. speed input: 1.57 toks/s, output: 141.76 toks/s]
[36m(WorkerDict pid=4031195)[0m Processed prompts:   3%|▎         | 1/32 [03:11<1:39:10, 191.95s/it, est. speed input: 0.38 toks/s, output: 12.01 toks/s]
[36m(WorkerDict pid=4031195)[0m Processed prompts:   6%|▋         | 2/32 [03:17<41:15, 82.53s/it, est. speed input: 0.74 toks/s, output: 23.67 toks/s]   
[36m(WorkerDict pid=4031194)[0m Processed prompts:   9%|▉         | 3/32 [03:18<23:20, 48.30s/it, est. speed input: 0.79 toks/s, output: 33.88 toks/s]
[36m(WorkerDict pid=4031198)[0m Processed prompts:  50%|█████     | 16/32 [03:19<02:09,  8.07s/it, est. speed input: 1.60 toks/s, output: 147.55 toks/s]
[36m(WorkerDict pid=4031194)[0m Processed prompts:  12%|█▎        | 4/32 [03:22<14:20, 30.72s/it, est. speed input: 1.04 toks/s, output: 45.28 toks/s]
[36m(WorkerDict pid=4031196)[0m Processed prompts:  44%|████▍     | 14/32 [03:22<02:07,  7.08s/it, est. speed input: 3.95 toks/s, output: 140.84 toks/s]
[36m(WorkerDict pid=4031194)[0m Processed prompts:  16%|█▌        | 5/32 [03:23<09:05, 20.22s/it, est. speed input: 1.30 toks/s, output: 56.96 toks/s]
[36m(WorkerDict pid=4031197)[0m Processed prompts:  12%|█▎        | 4/32 [03:24<15:32, 33.29s/it, est. speed input: 0.72 toks/s, output: 43.73 toks/s]
[36m(WorkerDict pid=4031199)[0m Processed prompts:  47%|████▋     | 15/32 [03:27<02:49, 10.00s/it, est. speed input: 2.10 toks/s, output: 141.51 toks/s]
[36m(WorkerDict pid=4031197)[0m Processed prompts:  16%|█▌        | 5/32 [03:28<10:17, 22.87s/it, est. speed input: 0.89 toks/s, output: 54.82 toks/s]
[36m(WorkerDict pid=4031194)[0m Processed prompts:  19%|█▉        | 6/32 [03:29<06:37, 15.30s/it, est. speed input: 1.50 toks/s, output: 67.44 toks/s]
[36m(WorkerDict pid=4031197)[0m Processed prompts:  19%|█▉        | 6/32 [03:30<06:51, 15.81s/it, est. speed input: 1.05 toks/s, output: 66.29 toks/s]
[36m(WorkerDict pid=4031197)[0m Processed prompts:  22%|██▏       | 7/32 [03:33<04:46, 11.46s/it, est. speed input: 1.21 toks/s, output: 77.53 toks/s]
[36m(WorkerDict pid=4031197)[0m Processed prompts:  25%|██▌       | 8/32 [03:35<03:24,  8.54s/it, est. speed input: 1.37 toks/s, output: 88.73 toks/s]
[36m(WorkerDict pid=4031195)[0m Processed prompts:   9%|▉         | 3/32 [03:36<25:42, 53.18s/it, est. speed input: 1.01 toks/s, output: 33.72 toks/s]
[36m(WorkerDict pid=4031200)[0m Processed prompts:  41%|████      | 13/32 [03:37<06:56, 21.94s/it, est. speed input: 5.44 toks/s, output: 89.67 toks/s] 
[36m(WorkerDict pid=4031197)[0m Processed prompts:  31%|███▏      | 10/32 [03:37<01:49,  4.96s/it, est. speed input: 1.84 toks/s, output: 111.84 toks/s]
[36m(WorkerDict pid=4031197)[0m Processed prompts:  34%|███▍      | 11/32 [03:38<01:21,  3.87s/it, est. speed input: 2.00 toks/s, output: 123.54 toks/s]
[36m(WorkerDict pid=4031200)[0m Processed prompts:  44%|████▍     | 14/32 [03:38<04:42, 15.70s/it, est. speed input: 5.82 toks/s, output: 101.16 toks/s]
[36m(WorkerDict pid=4031197)[0m Processed prompts:  38%|███▊      | 12/32 [03:39<01:03,  3.16s/it, est. speed input: 2.16 toks/s, output: 134.89 toks/s]
[36m(WorkerDict pid=4031196)[0m Processed prompts:  47%|████▋     | 15/32 [03:39<02:52, 10.13s/it, est. speed input: 3.90 toks/s, output: 141.86 toks/s]
[36m(WorkerDict pid=4031197)[0m Processed prompts:  41%|████      | 13/32 [03:40<00:49,  2.61s/it, est. speed input: 2.32 toks/s, output: 146.21 toks/s]
[36m(WorkerDict pid=4031195)[0m Processed prompts:  12%|█▎        | 4/32 [03:41<15:58, 34.22s/it, est. speed input: 1.32 toks/s, output: 44.99 toks/s]
[36m(WorkerDict pid=4031196)[0m Processed prompts:  50%|█████     | 16/32 [03:41<02:05,  7.83s/it, est. speed input: 4.11 toks/s, output: 152.32 toks/s]
[36m(WorkerDict pid=4031197)[0m Processed prompts:  44%|████▍     | 14/32 [03:44<00:51,  2.83s/it, est. speed input: 2.59 toks/s, output: 156.03 toks/s]
[36m(WorkerDict pid=4031197)[0m Processed prompts:  47%|████▋     | 15/32 [03:44<00:35,  2.07s/it, est. speed input: 2.75 toks/s, output: 167.93 toks/s]
[36m(WorkerDict pid=4031195)[0m Processed prompts:  16%|█▌        | 5/32 [03:45<10:29, 23.32s/it, est. speed input: 1.62 toks/s, output: 56.27 toks/s]
[36m(WorkerDict pid=4031194)[0m Processed prompts:  22%|██▏       | 7/32 [03:46<06:36, 15.87s/it, est. speed input: 1.60 toks/s, output: 74.44 toks/s]
[36m(WorkerDict pid=4031194)[0m Processed prompts:  25%|██▌       | 8/32 [03:47<04:24, 11.03s/it, est. speed input: 1.83 toks/s, output: 86.29 toks/s]
[36m(WorkerDict pid=4031195)[0m Processed prompts:  19%|█▉        | 6/32 [03:49<07:13, 16.67s/it, est. speed input: 1.91 toks/s, output: 67.42 toks/s]
[36m(WorkerDict pid=4031194)[0m Processed prompts:  28%|██▊       | 9/32 [03:50<03:18,  8.63s/it, est. speed input: 2.02 toks/s, output: 97.12 toks/s]
[36m(WorkerDict pid=4031194)[0m Processed prompts:  31%|███▏      | 10/32 [03:50<02:13,  6.07s/it, est. speed input: 2.25 toks/s, output: 109.05 toks/s]
[36m(WorkerDict pid=4031200)[0m Processed prompts:  47%|████▋     | 15/32 [03:52<04:16, 15.07s/it, est. speed input: 5.87 toks/s, output: 107.28 toks/s]
[36m(WorkerDict pid=4031195)[0m Processed prompts:  22%|██▏       | 7/32 [03:52<05:06, 12.27s/it, est. speed input: 2.20 toks/s, output: 78.56 toks/s]
[36m(WorkerDict pid=4031197)[0m Processed prompts:  50%|█████     | 16/32 [03:53<01:05,  4.07s/it, est. speed input: 2.94 toks/s, output: 173.55 toks/s]
[36m(WorkerDict pid=4031195)[0m Processed prompts:  25%|██▌       | 8/32 [03:53<03:29,  8.74s/it, est. speed input: 2.50 toks/s, output: 90.25 toks/s]
[36m(WorkerDict pid=4031194)[0m Processed prompts:  34%|███▍      | 11/32 [03:56<02:03,  5.87s/it, est. speed input: 2.43 toks/s, output: 118.63 toks/s]
[36m(WorkerDict pid=4031194)[0m Processed prompts:  41%|████      | 13/32 [03:57<01:03,  3.32s/it, est. speed input: 2.85 toks/s, output: 142.36 toks/s]
[36m(WorkerDict pid=4031199)[0m Processed prompts:  50%|█████     | 16/32 [03:56<04:13, 15.82s/it, est. speed input: 1.96 toks/s, output: 136.08 toks/s]
[36m(WorkerDict pid=4031200)[0m Processed prompts:  50%|█████     | 16/32 [03:59<03:22, 12.67s/it, est. speed input: 5.82 toks/s, output: 116.16 toks/s]
[36m(WorkerDict pid=4031199)[0m Processed prompts:  53%|█████▎    | 17/32 [04:02<03:13, 12.90s/it, est. speed input: 2.31 toks/s, output: 144.80 toks/s]
[36m(WorkerDict pid=4031195)[0m Processed prompts:  28%|██▊       | 9/32 [04:04<03:34,  9.33s/it, est. speed input: 2.69 toks/s, output: 98.41 toks/s]
[36m(WorkerDict pid=4031199)[0m Processed prompts:  56%|█████▋    | 18/32 [04:05<02:18,  9.92s/it, est. speed input: 2.68 toks/s, output: 155.18 toks/s]
[36m(WorkerDict pid=4031194)[0m Processed prompts:  44%|████▍     | 14/32 [04:07<01:33,  5.19s/it, est. speed input: 2.93 toks/s, output: 148.26 toks/s]
[36m(WorkerDict pid=4031194)[0m Processed prompts:  47%|████▋     | 15/32 [04:08<01:06,  3.89s/it, est. speed input: 3.12 toks/s, output: 160.21 toks/s]
[36m(WorkerDict pid=4031194)[0m Processed prompts:  50%|█████     | 16/32 [04:08<00:46,  2.90s/it, est. speed input: 3.34 toks/s, output: 172.15 toks/s]
[36m(WorkerDict pid=4031194)[0m Processed prompts:  53%|█████▎    | 17/32 [04:10<00:41,  2.74s/it, est. speed input: 3.52 toks/s, output: 182.65 toks/s]
[36m(WorkerDict pid=4031194)[0m Processed prompts:  56%|█████▋    | 18/32 [04:12<00:35,  2.53s/it, est. speed input: 3.69 toks/s, output: 193.30 toks/s]
[36m(WorkerDict pid=4031197)[0m Processed prompts:  53%|█████▎    | 17/32 [04:13<02:11,  8.77s/it, est. speed input: 2.85 toks/s, output: 171.90 toks/s]
[36m(WorkerDict pid=4031199)[0m Processed prompts:  59%|█████▉    | 19/32 [04:13<02:02,  9.43s/it, est. speed input: 2.98 toks/s, output: 162.26 toks/s]
[36m(WorkerDict pid=4031197)[0m Processed prompts:  56%|█████▋    | 18/32 [04:16<01:39,  7.10s/it, est. speed input: 3.08 toks/s, output: 181.90 toks/s]
[36m(WorkerDict pid=4031197)[0m Processed prompts:  59%|█████▉    | 19/32 [04:18<01:13,  5.65s/it, est. speed input: 3.20 toks/s, output: 192.43 toks/s]
[36m(WorkerDict pid=4031199)[0m Processed prompts:  62%|██████▎   | 20/32 [04:21<01:45,  8.82s/it, est. speed input: 3.26 toks/s, output: 169.81 toks/s]
[36m(WorkerDict pid=4031199)[0m Processed prompts:  66%|██████▌   | 21/32 [04:22<01:11,  6.52s/it, est. speed input: 3.62 toks/s, output: 181.24 toks/s]
[36m(WorkerDict pid=4031194)[0m Processed prompts:  59%|█████▉    | 19/32 [04:23<01:05,  5.04s/it, est. speed input: 3.73 toks/s, output: 197.24 toks/s]
[36m(WorkerDict pid=4031194)[0m Processed prompts:  62%|██████▎   | 20/32 [04:25<00:48,  4.02s/it, est. speed input: 3.90 toks/s, output: 208.21 toks/s]
[36m(WorkerDict pid=4031194)[0m Processed prompts:  66%|██████▌   | 21/32 [04:25<00:32,  2.93s/it, est. speed input: 4.08 toks/s, output: 220.06 toks/s]
[36m(WorkerDict pid=4031200)[0m Processed prompts:  53%|█████▎    | 17/32 [04:26<04:15, 17.03s/it, est. speed input: 5.57 toks/s, output: 116.41 toks/s]
[36m(WorkerDict pid=4031195)[0m Processed prompts:  31%|███▏      | 10/32 [04:26<04:50, 13.23s/it, est. speed input: 2.74 toks/s, output: 102.41 toks/s]
[36m(WorkerDict pid=4031194)[0m Processed prompts:  69%|██████▉   | 22/32 [04:26<00:23,  2.31s/it, est. speed input: 4.25 toks/s, output: 231.49 toks/s]
[36m(WorkerDict pid=4031199)[0m Processed prompts:  69%|██████▉   | 22/32 [04:25<00:56,  5.66s/it, est. speed input: 3.93 toks/s, output: 190.90 toks/s]
[36m(WorkerDict pid=4031194)[0m Processed prompts:  72%|███████▏  | 23/32 [04:28<00:18,  2.10s/it, est. speed input: 4.42 toks/s, output: 242.20 toks/s]
[36m(WorkerDict pid=4031194)[0m Processed prompts:  75%|███████▌  | 24/32 [04:32<00:21,  2.68s/it, est. speed input: 4.56 toks/s, output: 250.73 toks/s]
[36m(WorkerDict pid=4031195)[0m Processed prompts:  34%|███▍      | 11/32 [04:32<03:55, 11.22s/it, est. speed input: 2.94 toks/s, output: 112.03 toks/s]
[36m(WorkerDict pid=4031194)[0m Processed prompts:  78%|███████▊  | 25/32 [04:34<00:16,  2.42s/it, est. speed input: 4.71 toks/s, output: 261.22 toks/s]
[36m(WorkerDict pid=4031195)[0m Processed prompts:  41%|████      | 13/32 [04:34<02:00,  6.36s/it, est. speed input: 3.35 toks/s, output: 135.56 toks/s]
[36m(WorkerDict pid=4031197)[0m Processed prompts:  62%|██████▎   | 20/32 [04:36<01:49,  9.14s/it, est. speed input: 3.24 toks/s, output: 192.43 toks/s]
[36m(WorkerDict pid=4031194)[0m Processed prompts:  81%|████████▏ | 26/32 [04:36<00:14,  2.36s/it, est. speed input: 4.86 toks/s, output: 271.26 toks/s]
[36m(WorkerDict pid=4031197)[0m Processed prompts:  66%|██████▌   | 21/32 [04:37<01:15,  6.84s/it, est. speed input: 3.47 toks/s, output: 203.56 toks/s]
[36m(WorkerDict pid=4031194)[0m Processed prompts:  84%|████████▍ | 27/32 [04:39<00:13,  2.66s/it, est. speed input: 5.00 toks/s, output: 280.14 toks/s]
[36m(WorkerDict pid=4031194)[0m Processed prompts:  88%|████████▊ | 28/32 [04:41<00:09,  2.30s/it, est. speed input: 5.15 toks/s, output: 290.83 toks/s]
[36m(WorkerDict pid=4031195)[0m Processed prompts:  44%|████▍     | 14/32 [04:42<02:01,  6.74s/it, est. speed input: 3.41 toks/s, output: 143.93 toks/s]
[36m(WorkerDict pid=4031196)[0m Processed prompts:  53%|█████▎    | 17/32 [04:42<05:58, 23.88s/it, est. speed input: 3.47 toks/s, output: 131.52 toks/s]
[36m(WorkerDict pid=4031195)[0m Processed prompts:  47%|████▋     | 15/32 [04:44<01:35,  5.64s/it, est. speed input: 3.63 toks/s, output: 154.78 toks/s]
[36m(WorkerDict pid=4031195)[0m Processed prompts:  50%|█████     | 16/32 [04:45<01:09,  4.32s/it, est. speed input: 3.77 toks/s, output: 166.48 toks/s]
[36m(WorkerDict pid=4031197)[0m Processed prompts:  69%|██████▉   | 22/32 [04:46<01:15,  7.51s/it, est. speed input: 3.60 toks/s, output: 209.24 toks/s]
[36m(WorkerDict pid=4031197)[0m Processed prompts:  72%|███████▏  | 23/32 [04:47<00:50,  5.65s/it, est. speed input: 3.71 toks/s, output: 220.43 toks/s]
[36m(WorkerDict pid=4031197)[0m Processed prompts:  75%|███████▌  | 24/32 [04:49<00:35,  4.47s/it, est. speed input: 3.92 toks/s, output: 231.27 toks/s]
[36m(WorkerDict pid=4031195)[0m Processed prompts:  53%|█████▎    | 17/32 [04:50<01:06,  4.46s/it, est. speed input: 3.96 toks/s, output: 175.87 toks/s]
[36m(WorkerDict pid=4031195)[0m Processed prompts:  56%|█████▋    | 18/32 [04:53<00:55,  3.97s/it, est. speed input: 4.07 toks/s, output: 186.37 toks/s]
[36m(WorkerDict pid=4031195)[0m Processed prompts:  59%|█████▉    | 19/32 [04:53<00:39,  3.03s/it, est. speed input: 4.31 toks/s, output: 198.07 toks/s]
[36m(WorkerDict pid=4031197)[0m Processed prompts:  78%|███████▊  | 25/32 [04:55<00:35,  5.01s/it, est. speed input: 4.07 toks/s, output: 238.49 toks/s]
[36m(WorkerDict pid=4031194)[0m Processed prompts:  91%|█████████ | 29/32 [04:56<00:18,  6.09s/it, est. speed input: 5.05 toks/s, output: 288.30 toks/s]
[36m(WorkerDict pid=4031199)[0m Processed prompts:  72%|███████▏  | 23/32 [04:55<01:56, 12.90s/it, est. speed input: 3.87 toks/s, output: 183.88 toks/s]
[36m(WorkerDict pid=4031198)[0m Processed prompts:  53%|█████▎    | 17/32 [04:57<08:44, 35.00s/it, est. speed input: 1.24 toks/s, output: 111.26 toks/s]
[36m(WorkerDict pid=4031195)[0m Processed prompts:  62%|██████▎   | 20/32 [04:59<00:46,  3.87s/it, est. speed input: 4.37 toks/s, output: 206.35 toks/s]
[36m(WorkerDict pid=4031196)[0m Processed prompts:  56%|█████▋    | 18/32 [05:00<05:05, 21.84s/it, est. speed input: 3.51 toks/s, output: 136.20 toks/s]
[36m(WorkerDict pid=4031194)[0m Processed prompts:  94%|█████████▍| 30/32 [05:00<00:11,  5.66s/it, est. speed input: 5.14 toks/s, output: 296.02 toks/s]
[36m(WorkerDict pid=4031195)[0m Processed prompts:  66%|██████▌   | 21/32 [05:02<00:39,  3.59s/it, est. speed input: 4.47 toks/s, output: 216.52 toks/s]
[36m(WorkerDict pid=4031195)[0m Processed prompts:  69%|██████▉   | 22/32 [05:06<00:35,  3.57s/it, est. speed input: 4.56 toks/s, output: 226.22 toks/s]
[36m(WorkerDict pid=4031197)[0m Processed prompts:  81%|████████▏ | 26/32 [05:06<00:40,  6.82s/it, est. speed input: 4.14 toks/s, output: 242.08 toks/s]
[36m(WorkerDict pid=4031194)[0m Processed prompts:  97%|█████████▋| 31/32 [05:09<00:06,  6.42s/it, est. speed input: 5.16 toks/s, output: 300.33 toks/s]
[36m(WorkerDict pid=4031205)[0m Processed prompts:   3%|▎         | 1/32 [05:09<2:40:08, 309.96s/it, est. speed input: 0.18 toks/s, output: 12.18 toks/s]
[36m(WorkerDict pid=4031197)[0m Processed prompts:  84%|████████▍ | 27/32 [05:12<00:32,  6.47s/it, est. speed input: 4.29 toks/s, output: 249.84 toks/s]
[36m(WorkerDict pid=4031200)[0m Processed prompts:  56%|█████▋    | 18/32 [05:12<06:01, 25.81s/it, est. speed input: 4.84 toks/s, output: 111.35 toks/s]
[36m(WorkerDict pid=4031196)[0m Processed prompts:  59%|█████▉    | 19/32 [05:13<04:11, 19.33s/it, est. speed input: 3.58 toks/s, output: 142.53 toks/s]
[36m(WorkerDict pid=4031204)[0m Processed prompts:   3%|▎         | 1/32 [05:13<2:41:49, 313.21s/it, est. speed input: 0.21 toks/s, output: 12.19 toks/s]
[36m(WorkerDict pid=4031199)[0m Processed prompts:  75%|███████▌  | 24/32 [05:16<02:02, 15.32s/it, est. speed input: 3.92 toks/s, output: 183.91 toks/s]
[36m(WorkerDict pid=4031205)[0m Processed prompts:   6%|▋         | 2/32 [05:17<1:06:07, 132.25s/it, est. speed input: 0.36 toks/s, output: 24.07 toks/s]
[36m(WorkerDict pid=4031197)[0m Processed prompts:  88%|████████▊ | 28/32 [05:19<00:25,  6.50s/it, est. speed input: 4.41 toks/s, output: 256.88 toks/s]
[36m(WorkerDict pid=4031203)[0m Processed prompts:   3%|▎         | 1/32 [05:20<2:45:42, 320.74s/it, est. speed input: 0.33 toks/s, output: 12.18 toks/s]
[36m(WorkerDict pid=4031195)[0m Processed prompts:  72%|███████▏  | 23/32 [05:21<01:03,  7.06s/it, est. speed input: 4.48 toks/s, output: 227.62 toks/s]
[36m(WorkerDict pid=4031195)[0m Processed prompts:  75%|███████▌  | 24/32 [05:22<00:41,  5.23s/it, est. speed input: 4.60 toks/s, output: 239.14 toks/s]
[36m(WorkerDict pid=4031196)[0m Processed prompts:  62%|██████▎   | 20/32 [05:23<03:18, 16.52s/it, est. speed input: 3.69 toks/s, output: 150.32 toks/s]
[36m(WorkerDict pid=4031195)[0m Processed prompts:  78%|███████▊  | 25/32 [05:24<00:29,  4.21s/it, est. speed input: 4.70 toks/s, output: 249.99 toks/s]
[36m(WorkerDict pid=4031200)[0m Processed prompts:  59%|█████▉    | 19/32 [05:25<04:44, 21.92s/it, est. speed input: 4.74 toks/s, output: 119.11 toks/s]
[36m(WorkerDict pid=4031195)[0m Processed prompts:  81%|████████▏ | 26/32 [05:27<00:24,  4.01s/it, est. speed input: 4.78 toks/s, output: 259.48 toks/s]
[36m(WorkerDict pid=4031199)[0m Processed prompts:  78%|███████▊  | 25/32 [05:30<01:43, 14.79s/it, est. speed input: 4.05 toks/s, output: 188.59 toks/s]
[36m(WorkerDict pid=4031198)[0m Processed prompts:  56%|█████▋    | 18/32 [05:34<08:21, 35.80s/it, est. speed input: 1.25 toks/s, output: 110.94 toks/s]
[36m(WorkerDict pid=4031196)[0m Processed prompts:  66%|██████▌   | 21/32 [05:37<02:54, 15.85s/it, est. speed input: 3.74 toks/s, output: 156.16 toks/s]
[36m(WorkerDict pid=4031199)[0m Processed prompts:  81%|████████▏ | 26/32 [05:38<01:16, 12.73s/it, est. speed input: 4.24 toks/s, output: 196.39 toks/s]
[36m(WorkerDict pid=4031198)[0m Processed prompts:  59%|█████▉    | 19/32 [05:39<05:44, 26.52s/it, est. speed input: 1.38 toks/s, output: 121.53 toks/s]
[36m(WorkerDict pid=4031196)[0m Processed prompts:  69%|██████▉   | 22/32 [05:40<01:58, 11.81s/it, est. speed input: 3.92 toks/s, output: 167.25 toks/s]
[36m(WorkerDict pid=4031200)[0m Processed prompts:  62%|██████▎   | 20/32 [05:41<04:01, 20.09s/it, est. speed input: 4.60 toks/s, output: 125.76 toks/s]
[36m(WorkerDict pid=4031194)[0m Processed prompts: 100%|██████████| 32/32 [05:41<00:00, 14.20s/it, est. speed input: 4.83 toks/s, output: 284.05 toks/s]Processed prompts: 100%|██████████| 32/32 [05:41<00:00, 14.20s/it, est. speed input: 4.83 toks/s, output: 284.05 toks/s]
[36m(WorkerDict pid=4031200)[0m Processed prompts:  66%|██████▌   | 21/32 [05:44<02:43, 14.85s/it, est. speed input: 4.65 toks/s, output: 136.97 toks/s]
[36m(WorkerDict pid=4031203)[0m Processed prompts:   6%|▋         | 2/32 [05:50<1:14:49, 149.65s/it, est. speed input: 0.60 toks/s, output: 23.35 toks/s]
[36m(WorkerDict pid=4031210)[0m Processed prompts:   3%|▎         | 1/32 [05:51<3:01:39, 351.60s/it, est. speed input: 0.26 toks/s, output: 12.20 toks/s]
[36m(WorkerDict pid=4031195)[0m Processed prompts:  84%|████████▍ | 27/32 [05:53<00:51, 10.40s/it, est. speed input: 4.56 toks/s, output: 253.08 toks/s]
[36m(WorkerDict pid=4031195)[0m Processed prompts:  88%|████████▊ | 28/32 [05:53<00:29,  7.45s/it, est. speed input: 4.68 toks/s, output: 264.88 toks/s]
[36m(WorkerDict pid=4031196)[0m Processed prompts:  72%|███████▏  | 23/32 [05:54<01:52, 12.54s/it, est. speed input: 3.96 toks/s, output: 172.74 toks/s]
[36m(WorkerDict pid=4031195)[0m Processed prompts:  91%|█████████ | 29/32 [05:55<00:16,  5.66s/it, est. speed input: 4.86 toks/s, output: 275.99 toks/s]
[36m(WorkerDict pid=4031195)[0m Processed prompts:  94%|█████████▍| 30/32 [06:01<00:11,  5.86s/it, est. speed input: 4.90 toks/s, output: 283.38 toks/s]
[36m(WorkerDict pid=4031198)[0m Processed prompts:  62%|██████▎   | 20/32 [06:02<05:03, 25.31s/it, est. speed input: 1.44 toks/s, output: 126.20 toks/s]
[36m(WorkerDict pid=4031196)[0m Processed prompts:  75%|███████▌  | 24/32 [06:06<01:38, 12.28s/it, est. speed input: 4.02 toks/s, output: 179.42 toks/s]
[36m(WorkerDict pid=4031195)[0m Processed prompts:  97%|█████████▋| 31/32 [06:07<00:05,  5.99s/it, est. speed input: 4.93 toks/s, output: 290.70 toks/s]
[36m(WorkerDict pid=4031200)[0m Processed prompts:  69%|██████▉   | 22/32 [06:09<03:00, 18.09s/it, est. speed input: 4.41 toks/s, output: 139.62 toks/s]
[36m(WorkerDict pid=4031196)[0m Processed prompts:  78%|███████▊  | 25/32 [06:09<01:06,  9.55s/it, est. speed input: 4.18 toks/s, output: 190.03 toks/s]
[36m(WorkerDict pid=4031199)[0m Processed prompts:  84%|████████▍ | 27/32 [06:08<01:30, 18.13s/it, est. speed input: 4.15 toks/s, output: 192.23 toks/s]
[36m(WorkerDict pid=4031199)[0m Processed prompts:  88%|████████▊ | 28/32 [06:09<00:51, 12.94s/it, est. speed input: 4.40 toks/s, output: 203.97 toks/s]
[36m(WorkerDict pid=4031210)[0m Processed prompts:   6%|▋         | 2/32 [06:15<1:19:22, 158.76s/it, est. speed input: 0.48 toks/s, output: 23.57 toks/s]
[36m(WorkerDict pid=4031210)[0m Processed prompts:   9%|▉         | 3/32 [06:15<41:49, 86.53s/it, est. speed input: 0.72 toks/s, output: 35.68 toks/s]   
[36m(WorkerDict pid=4031198)[0m Processed prompts:  66%|██████▌   | 21/32 [06:17<04:05, 22.29s/it, est. speed input: 1.51 toks/s, output: 133.26 toks/s]
[36m(WorkerDict pid=4031197)[0m Processed prompts:  91%|█████████ | 29/32 [06:18<01:06, 22.26s/it, est. speed input: 3.90 toks/s, output: 228.90 toks/s]
[36m(WorkerDict pid=4031198)[0m Processed prompts:  69%|██████▉   | 22/32 [06:19<02:41, 16.13s/it, est. speed input: 1.63 toks/s, output: 144.79 toks/s]
[36m(WorkerDict pid=4031195)[0m Processed prompts: 100%|██████████| 32/32 [06:21<00:00,  8.21s/it, est. speed input: 4.87 toks/s, output: 292.63 toks/s]Processed prompts: 100%|██████████| 32/32 [06:21<00:00,  8.21s/it, est. speed input: 4.87 toks/s, output: 292.63 toks/s]
[36m(WorkerDict pid=4031205)[0m Processed prompts:   9%|▉         | 3/32 [06:23<49:08, 101.67s/it, est. speed input: 0.45 toks/s, output: 32.13 toks/s]  
[36m(WorkerDict pid=4031201)[0m Processed prompts:  53%|█████▎    | 17/32 [06:23<20:23, 81.56s/it, est. speed input: 4.54 toks/s, output: 58.80 toks/s]  
[36m(WorkerDict pid=4031196)[0m Processed prompts:  81%|████████▏ | 26/32 [06:24<01:08, 11.39s/it, est. speed input: 4.19 toks/s, output: 194.47 toks/s]
[36m(WorkerDict pid=4031199)[0m Processed prompts:  91%|█████████ | 29/32 [06:24<00:40, 13.56s/it, est. speed input: 4.48 toks/s, output: 208.21 toks/s]
[36m(WorkerDict pid=4031196)[0m Processed prompts:  84%|████████▍ | 27/32 [06:26<00:42,  8.41s/it, est. speed input: 4.35 toks/s, output: 205.90 toks/s]
[36m(WorkerDict pid=4031200)[0m Processed prompts:  72%|███████▏  | 23/32 [06:28<02:45, 18.41s/it, est. speed input: 4.27 toks/s, output: 144.89 toks/s]
[36m(WorkerDict pid=4031199)[0m Processed prompts:  94%|█████████▍| 30/32 [06:28<00:21, 10.55s/it, est. speed input: 4.69 toks/s, output: 218.52 toks/s]
[36m(WorkerDict pid=4031201)[0m Processed prompts:  56%|█████▋    | 18/32 [06:29<13:42, 58.78s/it, est. speed input: 4.63 toks/s, output: 70.12 toks/s]
[36m(WorkerDict pid=4031210)[0m Processed prompts:  12%|█▎        | 4/32 [06:30<27:04, 58.01s/it, est. speed input: 0.92 toks/s, output: 46.54 toks/s]
[36m(WorkerDict pid=4031196)[0m Processed prompts:  88%|████████▊ | 28/32 [06:30<00:28,  7.21s/it, est. speed input: 4.48 toks/s, output: 215.76 toks/s]
[36m(WorkerDict pid=4031200)[0m Processed prompts:  75%|███████▌  | 24/32 [06:31<01:49, 13.67s/it, est. speed input: 4.31 toks/s, output: 156.07 toks/s]
[36m(WorkerDict pid=4031198)[0m Processed prompts:  72%|███████▏  | 23/32 [06:33<02:20, 15.57s/it, est. speed input: 1.70 toks/s, output: 151.72 toks/s]
[36m(WorkerDict pid=4031210)[0m Processed prompts:  16%|█▌        | 5/32 [06:33<17:17, 38.42s/it, est. speed input: 1.14 toks/s, output: 58.28 toks/s]
[36m(WorkerDict pid=4031197)[0m Processed prompts:  94%|█████████▍| 30/32 [06:34<00:41, 20.56s/it, est. speed input: 3.91 toks/s, output: 231.45 toks/s]
[36m(WorkerDict pid=4031196)[0m Processed prompts:  91%|█████████ | 29/32 [06:35<00:19,  6.42s/it, est. speed input: 4.61 toks/s, output: 225.44 toks/s]
[36m(WorkerDict pid=4031196)[0m Processed prompts:  94%|█████████▍| 30/32 [06:36<00:09,  4.74s/it, est. speed input: 4.78 toks/s, output: 237.15 toks/s]
[36m(WorkerDict pid=4031200)[0m Processed prompts:  78%|███████▊  | 25/32 [06:37<01:18, 11.21s/it, est. speed input: 4.32 toks/s, output: 166.08 toks/s]
[36m(WorkerDict pid=4031200)[0m Processed prompts:  81%|████████▏ | 26/32 [06:37<00:48,  8.05s/it, est. speed input: 4.39 toks/s, output: 177.96 toks/s]
[36m(WorkerDict pid=4031204)[0m Processed prompts:   6%|▋         | 2/32 [06:39<1:29:48, 179.62s/it, est. speed input: 0.34 toks/s, output: 21.75 toks/s]
[36m(WorkerDict pid=4031201)[0m Processed prompts:  59%|█████▉    | 19/32 [06:41<09:41, 44.75s/it, est. speed input: 4.65 toks/s, output: 80.20 toks/s]
[36m(WorkerDict pid=4031199)[0m Processed prompts:  97%|█████████▋| 31/32 [06:41<00:11, 11.35s/it, est. speed input: 4.78 toks/s, output: 223.55 toks/s]
[36m(WorkerDict pid=4031200)[0m Processed prompts:  84%|████████▍ | 27/32 [06:43<00:37,  7.42s/it, est. speed input: 4.40 toks/s, output: 187.50 toks/s]
[36m(WorkerDict pid=4031196)[0m Processed prompts:  97%|█████████▋| 31/32 [06:43<00:05,  5.45s/it, est. speed input: 4.87 toks/s, output: 245.16 toks/s]
[36m(WorkerDict pid=4031198)[0m Processed prompts:  75%|███████▌  | 24/32 [06:46<01:59, 14.88s/it, est. speed input: 1.77 toks/s, output: 158.96 toks/s]
[36m(WorkerDict pid=4031205)[0m Processed prompts:  12%|█▎        | 4/32 [06:49<33:36, 72.02s/it, est. speed input: 0.56 toks/s, output: 42.25 toks/s] 
[36m(WorkerDict pid=4031201)[0m Processed prompts:  62%|██████▎   | 20/32 [06:49<06:46, 33.85s/it, est. speed input: 4.70 toks/s, output: 90.76 toks/s]
[36m(WorkerDict pid=4031201)[0m Processed prompts:  66%|██████▌   | 21/32 [06:50<04:22, 23.83s/it, est. speed input: 4.85 toks/s, output: 102.86 toks/s]
[36m(WorkerDict pid=4031196)[0m Processed prompts: 100%|██████████| 32/32 [06:51<00:00,  6.17s/it, est. speed input: 4.94 toks/s, output: 252.67 toks/s]Processed prompts: 100%|██████████| 32/32 [06:51<00:00,  6.17s/it, est. speed input: 4.94 toks/s, output: 252.67 toks/s]
[36m(WorkerDict pid=4031197)[0m Processed prompts:  97%|█████████▋| 31/32 [06:54<00:20, 20.33s/it, est. speed input: 3.89 toks/s, output: 232.59 toks/s]
[36m(WorkerDict pid=4031198)[0m Processed prompts:  78%|███████▊  | 25/32 [06:54<01:28, 12.67s/it, est. speed input: 1.86 toks/s, output: 168.27 toks/s]
[36m(WorkerDict pid=4031198)[0m Processed prompts:  84%|████████▍ | 27/32 [06:54<00:34,  6.95s/it, est. speed input: 2.10 toks/s, output: 192.44 toks/s]
[36m(WorkerDict pid=4031205)[0m Processed prompts:  16%|█▌        | 5/32 [06:55<21:41, 48.19s/it, est. speed input: 0.69 toks/s, output: 53.86 toks/s]
[36m(WorkerDict pid=4031202)[0m Processed prompts:   3%|▎         | 1/32 [06:56<3:35:08, 416.39s/it, est. speed input: 0.31 toks/s, output: 12.22 toks/s]
[36m(WorkerDict pid=4031198)[0m Processed prompts:  88%|████████▊ | 28/32 [06:57<00:23,  5.77s/it, est. speed input: 2.21 toks/s, output: 203.63 toks/s]
[36m(WorkerDict pid=4031199)[0m Processed prompts: 100%|██████████| 32/32 [06:56<00:00, 12.52s/it, est. speed input: 4.84 toks/s, output: 227.60 toks/s]Processed prompts: 100%|██████████| 32/32 [06:56<00:00, 12.52s/it, est. speed input: 4.84 toks/s, output: 227.60 toks/s]
[36m(WorkerDict pid=4031201)[0m Processed prompts:  69%|██████▉   | 22/32 [07:02<03:24, 20.47s/it, est. speed input: 4.85 toks/s, output: 112.03 toks/s]
[36m(WorkerDict pid=4031198)[0m Processed prompts:  91%|█████████ | 29/32 [07:04<00:18,  6.09s/it, est. speed input: 2.29 toks/s, output: 212.50 toks/s]
[36m(WorkerDict pid=4031198)[0m Processed prompts:  94%|█████████▍| 30/32 [07:05<00:09,  4.89s/it, est. speed input: 2.40 toks/s, output: 223.87 toks/s]
[36m(WorkerDict pid=4031204)[0m Processed prompts:   9%|▉         | 3/32 [07:07<53:22, 110.42s/it, est. speed input: 0.49 toks/s, output: 32.57 toks/s]  
[36m(WorkerDict pid=4031200)[0m Processed prompts:  88%|████████▊ | 28/32 [07:09<00:51, 12.91s/it, est. speed input: 4.20 toks/s, output: 188.48 toks/s]
[36m(WorkerDict pid=4031204)[0m Processed prompts:  12%|█▎        | 4/32 [07:10<31:44, 68.04s/it, est. speed input: 0.66 toks/s, output: 44.59 toks/s] 
[36m(WorkerDict pid=4031205)[0m Processed prompts:  19%|█▉        | 6/32 [07:11<16:05, 37.12s/it, est. speed input: 0.79 toks/s, output: 64.15 toks/s]
[36m(WorkerDict pid=4031200)[0m Processed prompts:  91%|█████████ | 29/32 [07:13<00:30, 10.16s/it, est. speed input: 4.23 toks/s, output: 199.07 toks/s]
[36m(WorkerDict pid=4031197)[0m Processed prompts: 100%|██████████| 32/32 [07:16<00:00, 20.66s/it, est. speed input: 3.85 toks/s, output: 233.39 toks/s]Processed prompts: 100%|██████████| 32/32 [07:16<00:00, 20.66s/it, est. speed input: 3.85 toks/s, output: 233.39 toks/s]
[36m(WorkerDict pid=4031201)[0m Processed prompts:  72%|███████▏  | 23/32 [07:17<02:48, 18.69s/it, est. speed input: 4.83 toks/s, output: 120.57 toks/s]
[36m(WorkerDict pid=4031201)[0m Processed prompts:  75%|███████▌  | 24/32 [07:18<01:46, 13.32s/it, est. speed input: 4.96 toks/s, output: 132.62 toks/s]
[36m(WorkerDict pid=4031205)[0m Processed prompts:  22%|██▏       | 7/32 [07:18<11:24, 27.39s/it, est. speed input: 0.91 toks/s, output: 75.34 toks/s]
[36m(WorkerDict pid=4031202)[0m Processed prompts:   6%|▋         | 2/32 [07:20<1:32:54, 185.82s/it, est. speed input: 0.59 toks/s, output: 23.82 toks/s]
[36m(WorkerDict pid=4031205)[0m Processed prompts:  25%|██▌       | 8/32 [07:21<07:47, 19.49s/it, est. speed input: 1.03 toks/s, output: 87.17 toks/s]
[36m(WorkerDict pid=4031210)[0m Processed prompts:  19%|█▉        | 6/32 [07:24<18:24, 42.47s/it, est. speed input: 1.22 toks/s, output: 63.95 toks/s]
[36m(WorkerDict pid=4031210)[0m Processed prompts:  22%|██▏       | 7/32 [07:25<12:03, 28.95s/it, est. speed input: 1.41 toks/s, output: 76.06 toks/s]
[36m(WorkerDict pid=4031205)[0m Processed prompts:  28%|██▊       | 9/32 [07:25<05:39, 14.76s/it, est. speed input: 1.15 toks/s, output: 98.60 toks/s]
[36m(WorkerDict pid=4031201)[0m Processed prompts:  78%|███████▊  | 25/32 [07:26<01:23, 11.89s/it, est. speed input: 5.01 toks/s, output: 142.38 toks/s]
[36m(WorkerDict pid=4031210)[0m Processed prompts:  25%|██▌       | 8/32 [07:27<08:08, 20.37s/it, est. speed input: 1.61 toks/s, output: 88.01 toks/s]
[36m(WorkerDict pid=4031210)[0m Processed prompts:  28%|██▊       | 9/32 [07:27<05:25, 14.17s/it, est. speed input: 1.81 toks/s, output: 100.19 toks/s]
[36m(WorkerDict pid=4031203)[0m Processed prompts:   9%|▉         | 3/32 [07:32<1:01:46, 127.80s/it, est. speed input: 0.70 toks/s, output: 30.40 toks/s]
[36m(WorkerDict pid=4031210)[0m Processed prompts:  31%|███▏      | 10/32 [07:32<04:08, 11.29s/it, est. speed input: 1.99 toks/s, output: 111.41 toks/s]
[36m(WorkerDict pid=4031210)[0m Processed prompts:  34%|███▍      | 11/32 [07:33<02:48,  8.02s/it, est. speed input: 2.18 toks/s, output: 123.56 toks/s]
[36m(WorkerDict pid=4031203)[0m Processed prompts:  12%|█▎        | 4/32 [07:37<37:00, 79.31s/it, est. speed input: 0.93 toks/s, output: 42.38 toks/s]   
[36m(WorkerDict pid=4031201)[0m Processed prompts:  81%|████████▏ | 26/32 [07:37<01:08, 11.48s/it, est. speed input: 5.03 toks/s, output: 151.43 toks/s]
[36m(WorkerDict pid=4031204)[0m Processed prompts:  16%|█▌        | 5/32 [07:38<24:07, 53.60s/it, est. speed input: 0.77 toks/s, output: 54.19 toks/s]
[36m(WorkerDict pid=4031200)[0m Processed prompts:  94%|█████████▍| 30/32 [07:43<00:32, 16.19s/it, est. speed input: 4.02 toks/s, output: 198.38 toks/s]
[36m(WorkerDict pid=4031204)[0m Processed prompts:  19%|█▉        | 6/32 [07:42<15:56, 36.80s/it, est. speed input: 0.91 toks/s, output: 66.03 toks/s]
[36m(WorkerDict pid=4031204)[0m Processed prompts:  22%|██▏       | 7/32 [07:44<10:36, 25.44s/it, est. speed input: 1.07 toks/s, output: 78.08 toks/s]
[36m(WorkerDict pid=4031203)[0m Processed prompts:  16%|█▌        | 5/32 [07:46<24:18, 54.00s/it, est. speed input: 1.14 toks/s, output: 53.89 toks/s]
[36m(WorkerDict pid=4031202)[0m Processed prompts:   9%|▉         | 3/32 [07:46<54:27, 112.67s/it, est. speed input: 0.83 toks/s, output: 34.87 toks/s]  
[36m(WorkerDict pid=4031203)[0m Processed prompts:  19%|█▉        | 6/32 [07:48<15:40, 36.15s/it, est. speed input: 1.26 toks/s, output: 66.06 toks/s]
[36m(WorkerDict pid=4031201)[0m Processed prompts:  84%|████████▍ | 27/32 [07:48<00:56, 11.31s/it, est. speed input: 5.04 toks/s, output: 160.25 toks/s]
[36m(WorkerDict pid=4031204)[0m Processed prompts:  25%|██▌       | 8/32 [07:50<07:39, 19.13s/it, est. speed input: 1.22 toks/s, output: 89.51 toks/s]
[36m(WorkerDict pid=4031205)[0m Processed prompts:  31%|███▏      | 10/32 [07:50<06:35, 17.95s/it, est. speed input: 1.21 toks/s, output: 105.70 toks/s]
[36m(WorkerDict pid=4031210)[0m Processed prompts:  38%|███▊      | 12/32 [07:52<03:48, 11.44s/it, est. speed input: 2.29 toks/s, output: 130.87 toks/s]
[36m(WorkerDict pid=4031204)[0m Processed prompts:  28%|██▊       | 9/32 [07:57<05:53, 15.37s/it, est. speed input: 1.34 toks/s, output: 100.55 toks/s]
[36m(WorkerDict pid=4031198)[0m Processed prompts:  97%|█████████▋| 31/32 [07:59<00:18, 18.49s/it, est. speed input: 2.23 toks/s, output: 211.25 toks/s]
[36m(WorkerDict pid=4031203)[0m Processed prompts:  22%|██▏       | 7/32 [07:59<11:44, 28.19s/it, est. speed input: 1.45 toks/s, output: 76.80 toks/s]
[36m(WorkerDict pid=4031212)[0m Processed prompts:   3%|▎         | 1/32 [08:00<4:08:18, 480.60s/it, est. speed input: 0.25 toks/s, output: 12.38 toks/s]
[36m(WorkerDict pid=4031200)[0m Processed prompts:  97%|█████████▋| 31/32 [08:01<00:16, 16.86s/it, est. speed input: 3.92 toks/s, output: 203.14 toks/s]
[36m(WorkerDict pid=4031203)[0m Processed prompts:  25%|██▌       | 8/32 [08:02<07:59, 19.98s/it, est. speed input: 1.66 toks/s, output: 88.79 toks/s]
[36m(WorkerDict pid=4031203)[0m Processed prompts:  28%|██▊       | 9/32 [08:03<05:27, 14.25s/it, est. speed input: 1.88 toks/s, output: 100.86 toks/s]
[36m(WorkerDict pid=4031205)[0m Processed prompts:  34%|███▍      | 11/32 [08:04<05:48, 16.58s/it, est. speed input: 1.30 toks/s, output: 115.14 toks/s]
[36m(WorkerDict pid=4031211)[0m Processed prompts:   3%|▎         | 1/32 [08:05<4:10:58, 485.76s/it, est. speed input: 0.39 toks/s, output: 12.38 toks/s]
[36m(WorkerDict pid=4031203)[0m Processed prompts:  31%|███▏      | 10/32 [08:06<03:52, 10.56s/it, est. speed input: 1.99 toks/s, output: 112.77 toks/s]
[36m(WorkerDict pid=4031198)[0m Processed prompts: 100%|██████████| 32/32 [08:06<00:00, 15.41s/it, est. speed input: 2.30 toks/s, output: 220.29 toks/s]Processed prompts: 100%|██████████| 32/32 [08:06<00:00, 15.41s/it, est. speed input: 2.30 toks/s, output: 220.29 toks/s]
[36m(WorkerDict pid=4031201)[0m Processed prompts:  88%|████████▊ | 28/32 [08:06<00:53, 13.44s/it, est. speed input: 4.98 toks/s, output: 166.57 toks/s]
[36m(WorkerDict pid=4031203)[0m Processed prompts:  34%|███▍      | 11/32 [08:07<02:42,  7.74s/it, est. speed input: 2.11 toks/s, output: 124.84 toks/s]
[36m(WorkerDict pid=4031204)[0m Processed prompts:  31%|███▏      | 10/32 [08:09<05:18, 14.50s/it, est. speed input: 1.46 toks/s, output: 110.38 toks/s]
[36m(WorkerDict pid=4031203)[0m Processed prompts:  38%|███▊      | 12/32 [08:10<02:08,  6.42s/it, est. speed input: 2.31 toks/s, output: 136.37 toks/s]
[36m(WorkerDict pid=4031204)[0m Processed prompts:  34%|███▍      | 11/32 [08:10<03:36, 10.31s/it, est. speed input: 1.61 toks/s, output: 122.60 toks/s]
[36m(WorkerDict pid=4031205)[0m Processed prompts:  38%|███▊      | 12/32 [08:11<04:35, 13.78s/it, est. speed input: 1.39 toks/s, output: 125.81 toks/s]
[36m(WorkerDict pid=4031204)[0m Processed prompts:  38%|███▊      | 12/32 [08:13<02:39,  7.99s/it, est. speed input: 1.76 toks/s, output: 134.34 toks/s]
[36m(WorkerDict pid=4031210)[0m Processed prompts:  41%|████      | 13/32 [08:14<04:35, 14.52s/it, est. speed input: 2.37 toks/s, output: 137.55 toks/s]
[36m(WorkerDict pid=4031204)[0m Processed prompts:  41%|████      | 13/32 [08:13<01:47,  5.66s/it, est. speed input: 1.89 toks/s, output: 146.67 toks/s]
[36m(WorkerDict pid=4031211)[0m Processed prompts:   6%|▋         | 2/32 [08:16<1:43:05, 206.17s/it, est. speed input: 0.77 toks/s, output: 24.52 toks/s]
[36m(WorkerDict pid=4031200)[0m Processed prompts: 100%|██████████| 32/32 [08:19<00:00, 17.04s/it, est. speed input: 3.85 toks/s, output: 208.43 toks/s]Processed prompts: 100%|██████████| 32/32 [08:19<00:00, 17.04s/it, est. speed input: 3.85 toks/s, output: 208.43 toks/s]
[36m(WorkerDict pid=4031204)[0m Processed prompts:  44%|████▍     | 14/32 [08:22<01:57,  6.52s/it, est. speed input: 1.99 toks/s, output: 156.63 toks/s]
[36m(WorkerDict pid=4031205)[0m Processed prompts:  41%|████      | 13/32 [08:26<04:29, 14.16s/it, est. speed input: 1.56 toks/s, output: 134.54 toks/s]
[36m(WorkerDict pid=4031201)[0m Processed prompts:  91%|█████████ | 29/32 [08:26<00:46, 15.38s/it, est. speed input: 4.91 toks/s, output: 172.49 toks/s]
[36m(WorkerDict pid=4031210)[0m Processed prompts:  44%|████▍     | 14/32 [08:27<04:15, 14.22s/it, est. speed input: 2.48 toks/s, output: 146.34 toks/s]
[36m(WorkerDict pid=4031202)[0m Processed prompts:  12%|█▎        | 4/32 [08:27<39:21, 84.33s/it, est. speed input: 1.02 toks/s, output: 44.53 toks/s] 
[36m(WorkerDict pid=4031201)[0m Processed prompts:  94%|█████████▍| 30/32 [08:28<00:22, 11.19s/it, est. speed input: 5.02 toks/s, output: 184.49 toks/s]
[36m(WorkerDict pid=4031204)[0m Processed prompts:  50%|█████     | 16/32 [08:30<01:27,  5.48s/it, est. speed input: 2.26 toks/s, output: 178.72 toks/s]
[36m(WorkerDict pid=4031201)[0m Processed prompts:  97%|█████████▋| 31/32 [08:31<00:08,  8.81s/it, est. speed input: 5.11 toks/s, output: 195.79 toks/s]
[36m(WorkerDict pid=4031212)[0m Processed prompts:   6%|▋         | 2/32 [08:32<1:48:26, 216.87s/it, est. speed input: 0.47 toks/s, output: 24.09 toks/s]
[36m(WorkerDict pid=4031212)[0m Processed prompts:   9%|▉         | 3/32 [08:35<57:37, 119.22s/it, est. speed input: 0.70 toks/s, output: 36.45 toks/s]  
[36m(WorkerDict pid=4031203)[0m Processed prompts:  41%|████      | 13/32 [08:36<03:52, 12.23s/it, est. speed input: 2.31 toks/s, output: 142.10 toks/s]
[36m(WorkerDict pid=4031205)[0m Processed prompts:  44%|████▍     | 14/32 [08:38<04:02, 13.46s/it, est. speed input: 1.63 toks/s, output: 143.96 toks/s]
[36m(WorkerDict pid=4031204)[0m Processed prompts:  53%|█████▎    | 17/32 [08:38<01:29,  5.97s/it, est. speed input: 2.35 toks/s, output: 188.66 toks/s]
[36m(WorkerDict pid=4031203)[0m Processed prompts:  44%|████▍     | 14/32 [08:38<02:44,  9.15s/it, est. speed input: 2.51 toks/s, output: 154.04 toks/s]
[36m(WorkerDict pid=4031205)[0m Processed prompts:  47%|████▋     | 15/32 [08:39<02:43,  9.64s/it, est. speed input: 1.74 toks/s, output: 156.25 toks/s]
[36m(WorkerDict pid=4031204)[0m Processed prompts:  56%|█████▋    | 18/32 [08:43<01:21,  5.80s/it, est. speed input: 2.48 toks/s, output: 199.25 toks/s]
[36m(WorkerDict pid=4031204)[0m Processed prompts:  59%|█████▉    | 19/32 [08:43<00:55,  4.28s/it, est. speed input: 2.60 toks/s, output: 211.69 toks/s]
[36m(WorkerDict pid=4031210)[0m Processed prompts:  47%|████▋     | 15/32 [08:45<04:21, 15.39s/it, est. speed input: 2.57 toks/s, output: 153.82 toks/s]
[36m(WorkerDict pid=4031203)[0m Processed prompts:  47%|████▋     | 15/32 [08:47<02:32,  8.96s/it, est. speed input: 2.58 toks/s, output: 164.07 toks/s]
[36m(WorkerDict pid=4031203)[0m Processed prompts:  50%|█████     | 16/32 [08:47<01:44,  6.51s/it, est. speed input: 2.69 toks/s, output: 176.36 toks/s]
[36m(WorkerDict pid=4031202)[0m Processed prompts:  16%|█▌        | 5/32 [08:50<28:01, 62.27s/it, est. speed input: 1.22 toks/s, output: 55.14 toks/s]
[36m(WorkerDict pid=4031203)[0m Processed prompts:  53%|█████▎    | 17/32 [08:51<01:22,  5.51s/it, est. speed input: 2.87 toks/s, output: 187.84 toks/s]
[36m(WorkerDict pid=4031203)[0m Processed prompts:  56%|█████▋    | 18/32 [08:53<01:06,  4.72s/it, est. speed input: 2.97 toks/s, output: 199.38 toks/s]
[36m(WorkerDict pid=4031205)[0m Processed prompts:  50%|█████     | 16/32 [08:55<03:07, 11.75s/it, est. speed input: 1.79 toks/s, output: 163.96 toks/s]
[36m(WorkerDict pid=4031204)[0m Processed prompts:  62%|██████▎   | 20/32 [08:57<01:22,  6.90s/it, est. speed input: 2.66 toks/s, output: 218.89 toks/s]
[36m(WorkerDict pid=4031203)[0m Processed prompts:  59%|█████▉    | 19/32 [08:58<01:01,  4.73s/it, est. speed input: 3.14 toks/s, output: 210.19 toks/s]
[36m(WorkerDict pid=4031202)[0m Processed prompts:  19%|█▉        | 6/32 [09:00<19:15, 44.43s/it, est. speed input: 1.43 toks/s, output: 66.73 toks/s]
[36m(WorkerDict pid=4031210)[0m Processed prompts:  50%|█████     | 16/32 [09:02<04:12, 15.81s/it, est. speed input: 2.65 toks/s, output: 161.64 toks/s]
[36m(WorkerDict pid=4031204)[0m Processed prompts:  66%|██████▌   | 21/32 [09:02<01:11,  6.49s/it, est. speed input: 2.77 toks/s, output: 229.29 toks/s]
[36m(WorkerDict pid=4031211)[0m Processed prompts:   9%|▉         | 3/32 [09:04<1:04:44, 133.94s/it, est. speed input: 1.05 toks/s, output: 34.95 toks/s]
[36m(WorkerDict pid=4031204)[0m Processed prompts:  69%|██████▉   | 22/32 [09:04<00:49,  4.93s/it, est. speed input: 2.89 toks/s, output: 241.41 toks/s]
[36m(WorkerDict pid=4031203)[0m Processed prompts:  62%|██████▎   | 20/32 [09:06<01:08,  5.67s/it, est. speed input: 3.21 toks/s, output: 219.77 toks/s]
[36m(WorkerDict pid=4031203)[0m Processed prompts:  66%|██████▌   | 21/32 [09:07<00:47,  4.35s/it, est. speed input: 3.39 toks/s, output: 231.87 toks/s]
[36m(WorkerDict pid=4031204)[0m Processed prompts:  72%|███████▏  | 23/32 [09:10<00:47,  5.30s/it, est. speed input: 2.98 toks/s, output: 251.33 toks/s]
[36m(WorkerDict pid=4031203)[0m Processed prompts:  69%|██████▉   | 22/32 [09:11<00:41,  4.20s/it, est. speed input: 3.56 toks/s, output: 242.89 toks/s]
[36m(WorkerDict pid=4031203)[0m Processed prompts:  72%|███████▏  | 23/32 [09:14<00:34,  3.89s/it, est. speed input: 3.65 toks/s, output: 254.15 toks/s]
[36m(WorkerDict pid=4031211)[0m Processed prompts:  12%|█▎        | 4/32 [09:19<40:40, 87.15s/it, est. speed input: 1.37 toks/s, output: 46.64 toks/s]   
[36m(WorkerDict pid=4031202)[0m Processed prompts:  22%|██▏       | 7/32 [09:19<15:02, 36.10s/it, est. speed input: 1.61 toks/s, output: 77.14 toks/s]
[36m(WorkerDict pid=4031211)[0m Processed prompts:  16%|█▌        | 5/32 [09:23<25:39, 57.02s/it, est. speed input: 1.70 toks/s, output: 59.00 toks/s]
[36m(WorkerDict pid=4031211)[0m Processed prompts:  19%|█▉        | 6/32 [09:27<16:52, 38.95s/it, est. speed input: 2.02 toks/s, output: 71.28 toks/s]
[36m(WorkerDict pid=4031205)[0m Processed prompts:  53%|█████▎    | 17/32 [09:27<04:28, 17.89s/it, est. speed input: 1.79 toks/s, output: 167.36 toks/s]
[36m(WorkerDict pid=4031203)[0m Processed prompts:  75%|███████▌  | 24/32 [09:29<00:57,  7.13s/it, est. speed input: 3.66 toks/s, output: 260.29 toks/s]
[36m(WorkerDict pid=4031211)[0m Processed prompts:  22%|██▏       | 7/32 [09:33<11:47, 28.29s/it, est. speed input: 2.33 toks/s, output: 83.19 toks/s]
[36m(WorkerDict pid=4031213)[0m Processed prompts:   3%|▎         | 1/32 [09:36<4:57:42, 576.21s/it, est. speed input: 0.13 toks/s, output: 12.70 toks/s]
[36m(WorkerDict pid=4031204)[0m Processed prompts:  75%|███████▌  | 24/32 [09:35<01:30, 11.31s/it, est. speed input: 2.98 toks/s, output: 252.84 toks/s]
[36m(WorkerDict pid=4031201)[0m Processed prompts: 100%|██████████| 32/32 [09:38<00:00, 26.44s/it, est. speed input: 4.62 toks/s, output: 185.65 toks/s]Processed prompts: 100%|██████████| 32/32 [09:38<00:00, 26.44s/it, est. speed input: 4.62 toks/s, output: 185.65 toks/s]
[36m(WorkerDict pid=4031197)[0m Processed prompts: 100%|██████████| 32/32 [09:49<00:00, 18.44s/it, est. speed input: 3.85 toks/s, output: 233.39 toks/s]
[36m(WorkerDict pid=4031194)[0m Processed prompts: 100%|██████████| 32/32 [09:49<00:00, 18.42s/it, est. speed input: 4.83 toks/s, output: 284.05 toks/s]
[36m(WorkerDict pid=4031199)[0m Processed prompts: 100%|██████████| 32/32 [09:48<00:00, 18.39s/it, est. speed input: 4.84 toks/s, output: 227.60 toks/s]
[36m(WorkerDict pid=4031200)[0m Processed prompts: 100%|██████████| 32/32 [09:50<00:00, 18.44s/it, est. speed input: 3.85 toks/s, output: 208.43 toks/s]
[36m(WorkerDict pid=4031195)[0m Processed prompts: 100%|██████████| 32/32 [09:49<00:00, 18.42s/it, est. speed input: 4.87 toks/s, output: 292.63 toks/s]
[36m(WorkerDict pid=4031201)[0m Processed prompts: 100%|██████████| 32/32 [09:49<00:00, 18.41s/it, est. speed input: 4.62 toks/s, output: 185.65 toks/s]
[36m(WorkerDict pid=4031196)[0m Processed prompts: 100%|██████████| 32/32 [09:49<00:00, 18.42s/it, est. speed input: 4.94 toks/s, output: 252.67 toks/s]
[36m(WorkerDict pid=4031198)[0m Processed prompts: 100%|██████████| 32/32 [09:49<00:00, 18.42s/it, est. speed input: 2.30 toks/s, output: 220.29 toks/s]
[36m(WorkerDict pid=4031205)[0m Processed prompts:  56%|█████▋    | 18/32 [09:52<04:39, 19.99s/it, est. speed input: 1.89 toks/s, output: 172.80 toks/s]
[36m(WorkerDict pid=4031204)[0m Processed prompts:  78%|███████▊  | 25/32 [09:52<01:30, 12.99s/it, est. speed input: 3.02 toks/s, output: 258.07 toks/s]
[36m(WorkerDict pid=4031204)[0m Processed prompts:  81%|████████▏ | 26/32 [09:53<00:55,  9.28s/it, est. speed input: 3.15 toks/s, output: 270.31 toks/s]
[36m(WorkerDict pid=4031205)[0m Processed prompts:  59%|█████▉    | 19/32 [09:58<03:22, 15.57s/it, est. speed input: 2.05 toks/s, output: 183.73 toks/s]
[36m(WorkerDict pid=4031205)[0m Processed prompts:  62%|██████▎   | 20/32 [10:04<02:35, 12.96s/it, est. speed input: 2.20 toks/s, output: 194.09 toks/s]
[36m(WorkerDict pid=4031213)[0m Processed prompts:   6%|▋         | 2/32 [10:05<2:07:09, 254.32s/it, est. speed input: 0.24 toks/s, output: 24.54 toks/s]
[36m(WorkerDict pid=4031205)[0m Processed prompts:  66%|██████▌   | 21/32 [10:08<01:50, 10.09s/it, est. speed input: 2.36 toks/s, output: 205.45 toks/s]
[36m(WorkerDict pid=4031204)[0m Processed prompts:  84%|████████▍ | 27/32 [10:08<00:55, 11.13s/it, est. speed input: 3.18 toks/s, output: 275.89 toks/s]
[36m(WorkerDict pid=4031210)[0m Processed prompts:  53%|█████▎    | 17/32 [10:09<07:49, 31.31s/it, est. speed input: 2.46 toks/s, output: 156.22 toks/s]
[36m(WorkerDict pid=4031203)[0m Processed prompts:  78%|███████▊  | 25/32 [10:09<01:59, 17.07s/it, est. speed input: 3.59 toks/s, output: 255.54 toks/s]
[36m(WorkerDict pid=4031205)[0m Processed prompts:  69%|██████▉   | 22/32 [10:10<01:15,  7.56s/it, est. speed input: 2.53 toks/s, output: 217.33 toks/s]
[36m(WorkerDict pid=4031204)[0m Processed prompts:  88%|████████▊ | 28/32 [10:11<00:34,  8.72s/it, est. speed input: 3.27 toks/s, output: 286.95 toks/s]
[36m(WorkerDict pid=4031204)[0m Processed prompts:  91%|█████████ | 29/32 [10:17<00:23,  7.69s/it, est. speed input: 3.35 toks/s, output: 296.93 toks/s]
[36m(WorkerDict pid=4031211)[0m Processed prompts:  25%|██▌       | 8/32 [10:19<13:37, 34.06s/it, est. speed input: 2.47 toks/s, output: 89.38 toks/s]
[36m(WorkerDict pid=4031212)[0m Processed prompts:  12%|█▎        | 4/32 [10:21<53:12, 114.03s/it, est. speed input: 0.77 toks/s, output: 42.66 toks/s]
[36m(WorkerDict pid=4031213)[0m Processed prompts:   9%|▉         | 3/32 [10:23<1:10:47, 146.48s/it, est. speed input: 0.36 toks/s, output: 36.24 toks/s]
[36m(WorkerDict pid=4031203)[0m Processed prompts:  81%|████████▏ | 26/32 [10:25<01:40, 16.75s/it, est. speed input: 3.60 toks/s, output: 261.43 toks/s]
[36m(WorkerDict pid=4031205)[0m Processed prompts:  72%|███████▏  | 23/32 [10:25<01:30, 10.06s/it, est. speed input: 2.63 toks/s, output: 224.24 toks/s]
[36m(WorkerDict pid=4031211)[0m Processed prompts:  28%|██▊       | 9/32 [10:26<09:45, 25.44s/it, est. speed input: 2.74 toks/s, output: 100.87 toks/s]
[36m(WorkerDict pid=4031213)[0m Processed prompts:  12%|█▎        | 4/32 [10:27<42:07, 90.28s/it, est. speed input: 0.47 toks/s, output: 48.42 toks/s]   
[36m(WorkerDict pid=4031204)[0m Processed prompts:  94%|█████████▍| 30/32 [10:27<00:17,  8.58s/it, est. speed input: 3.42 toks/s, output: 304.31 toks/s]
[36m(WorkerDict pid=4031203)[0m Processed prompts:  84%|████████▍ | 27/32 [10:30<01:05, 13.03s/it, est. speed input: 3.67 toks/s, output: 272.04 toks/s]
[36m(WorkerDict pid=4031212)[0m Processed prompts:  16%|█▌        | 5/32 [10:33<34:38, 77.00s/it, est. speed input: 0.95 toks/s, output: 54.32 toks/s] 
[36m(WorkerDict pid=4031202)[0m Processed prompts:  25%|██▌       | 8/32 [10:34<19:21, 48.41s/it, est. speed input: 1.63 toks/s, output: 80.46 toks/s]
[36m(WorkerDict pid=4031205)[0m Processed prompts:  75%|███████▌  | 24/32 [10:38<01:26, 10.78s/it, est. speed input: 2.74 toks/s, output: 232.28 toks/s]
[36m(WorkerDict pid=4031211)[0m Processed prompts:  31%|███▏      | 10/32 [10:39<07:58, 21.76s/it, est. speed input: 2.99 toks/s, output: 111.15 toks/s]
[36m(WorkerDict pid=4031213)[0m Processed prompts:  16%|█▌        | 5/32 [10:44<28:40, 63.74s/it, est. speed input: 0.57 toks/s, output: 59.57 toks/s]
[36m(WorkerDict pid=4031210)[0m Processed prompts:  56%|█████▋    | 18/32 [10:45<07:38, 32.72s/it, est. speed input: 2.41 toks/s, output: 159.92 toks/s]
[36m(WorkerDict pid=4031212)[0m Processed prompts:  19%|█▉        | 6/32 [10:45<23:47, 54.90s/it, est. speed input: 1.15 toks/s, output: 65.73 toks/s]
[36m(WorkerDict pid=4031212)[0m Processed prompts:  22%|██▏       | 7/32 [10:51<16:12, 38.88s/it, est. speed input: 1.33 toks/s, output: 77.56 toks/s]
[36m(WorkerDict pid=4031203)[0m Processed prompts:  88%|████████▊ | 28/32 [10:53<01:04, 16.05s/it, est. speed input: 3.63 toks/s, output: 274.84 toks/s]
[36m(WorkerDict pid=4031213)[0m Processed prompts:  19%|█▉        | 6/32 [10:54<19:43, 45.53s/it, est. speed input: 0.68 toks/s, output: 71.06 toks/s]
[36m(WorkerDict pid=4031213)[0m Processed prompts:  22%|██▏       | 7/32 [11:01<13:47, 33.10s/it, est. speed input: 0.78 toks/s, output: 82.66 toks/s]
[36m(WorkerDict pid=4031204)[0m Processed prompts:  97%|█████████▋| 31/32 [11:03<00:16, 16.73s/it, est. speed input: 3.35 toks/s, output: 300.32 toks/s]
[36m(WorkerDict pid=4031212)[0m Processed prompts:  25%|██▌       | 8/32 [11:04<12:19, 30.82s/it, est. speed input: 1.52 toks/s, output: 88.39 toks/s]
[36m(WorkerDict pid=4031213)[0m Processed prompts:  25%|██▌       | 8/32 [11:05<09:32, 23.86s/it, est. speed input: 0.89 toks/s, output: 94.57 toks/s]
[36m(WorkerDict pid=4031203)[0m Processed prompts:  91%|█████████ | 29/32 [11:08<00:47, 15.71s/it, est. speed input: 3.71 toks/s, output: 281.10 toks/s]
[36m(WorkerDict pid=4031211)[0m Processed prompts:  34%|███▍      | 11/32 [11:08<08:20, 23.83s/it, est. speed input: 3.14 toks/s, output: 118.82 toks/s]
[36m(WorkerDict pid=4031202)[0m Processed prompts:  28%|██▊       | 9/32 [11:10<17:07, 44.66s/it, est. speed input: 1.73 toks/s, output: 88.51 toks/s]
[36m(WorkerDict pid=4031205)[0m Processed prompts:  78%|███████▊  | 25/32 [11:11<02:03, 17.57s/it, est. speed input: 2.76 toks/s, output: 233.13 toks/s]
[36m(WorkerDict pid=4031204)[0m Processed prompts: 100%|██████████| 32/32 [11:23<00:00, 17.70s/it, est. speed input: 3.35 toks/s, output: 303.98 toks/s]Processed prompts: 100%|██████████| 32/32 [11:23<00:00, 17.70s/it, est. speed input: 3.35 toks/s, output: 303.98 toks/s]
[36m(WorkerDict pid=4031202)[0m Processed prompts:  31%|███▏      | 10/32 [11:33<13:54, 37.93s/it, est. speed input: 1.86 toks/s, output: 98.01 toks/s]
[36m(WorkerDict pid=4031213)[0m Processed prompts:  28%|██▊       | 9/32 [11:34<09:46, 25.49s/it, est. speed input: 0.96 toks/s, output: 103.02 toks/s]
[36m(WorkerDict pid=4031212)[0m Processed prompts:  28%|██▊       | 9/32 [11:35<11:47, 30.75s/it, est. speed input: 1.66 toks/s, output: 96.93 toks/s]
[36m(WorkerDict pid=4031205)[0m Processed prompts:  81%|████████▏ | 26/32 [11:37<01:59, 19.98s/it, est. speed input: 2.81 toks/s, output: 237.00 toks/s]
[36m(WorkerDict pid=4031210)[0m Processed prompts:  59%|█████▉    | 19/32 [11:38<08:23, 38.75s/it, est. speed input: 2.31 toks/s, output: 160.25 toks/s]
[36m(WorkerDict pid=4031205)[0m Processed prompts:  84%|████████▍ | 27/32 [11:41<01:15, 15.09s/it, est. speed input: 2.95 toks/s, output: 248.18 toks/s]
[36m(WorkerDict pid=4031205)[0m Processed prompts:  88%|████████▊ | 28/32 [11:44<00:46, 11.52s/it, est. speed input: 3.08 toks/s, output: 259.48 toks/s]
[36m(WorkerDict pid=4031210)[0m Processed prompts:  62%|██████▎   | 20/32 [11:48<06:01, 30.14s/it, est. speed input: 2.36 toks/s, output: 170.39 toks/s]
[36m(WorkerDict pid=4031213)[0m Processed prompts:  31%|███▏      | 10/32 [11:49<08:08, 22.19s/it, est. speed input: 1.04 toks/s, output: 113.29 toks/s]
[36m(WorkerDict pid=4031211)[0m Processed prompts:  38%|███▊      | 12/32 [12:00<10:46, 32.30s/it, est. speed input: 3.18 toks/s, output: 122.72 toks/s]
[36m(WorkerDict pid=4031211)[0m Processed prompts:  41%|████      | 13/32 [12:00<07:10, 22.68s/it, est. speed input: 3.45 toks/s, output: 135.06 toks/s]
[36m(WorkerDict pid=4031203)[0m Processed prompts:  94%|█████████▍| 30/32 [12:02<00:54, 27.18s/it, est. speed input: 3.51 toks/s, output: 272.54 toks/s]
[36m(WorkerDict pid=4031205)[0m Processed prompts:  91%|█████████ | 29/32 [12:03<00:41, 13.78s/it, est. speed input: 3.15 toks/s, output: 265.07 toks/s]
[36m(WorkerDict pid=4031212)[0m Processed prompts:  31%|███▏      | 10/32 [12:04<11:04, 30.19s/it, est. speed input: 1.76 toks/s, output: 105.50 toks/s]
[36m(WorkerDict pid=4031213)[0m Processed prompts:  34%|███▍      | 11/32 [12:09<07:32, 21.54s/it, est. speed input: 1.12 toks/s, output: 122.61 toks/s]
[36m(WorkerDict pid=4031210)[0m Processed prompts:  66%|██████▌   | 21/32 [12:12<05:10, 28.23s/it, est. speed input: 2.37 toks/s, output: 177.29 toks/s]
[36m(WorkerDict pid=4031210)[0m Processed prompts:  69%|██████▉   | 22/32 [12:13<03:19, 19.99s/it, est. speed input: 2.45 toks/s, output: 189.53 toks/s]
[36m(WorkerDict pid=4031210)[0m Processed prompts:  72%|███████▏  | 23/32 [12:15<02:12, 14.72s/it, est. speed input: 2.52 toks/s, output: 201.34 toks/s]
[36m(WorkerDict pid=4031213)[0m Processed prompts:  38%|███▊      | 12/32 [12:17<05:45, 17.28s/it, est. speed input: 1.22 toks/s, output: 133.80 toks/s]
[36m(WorkerDict pid=4031213)[0m Processed prompts:  41%|████      | 13/32 [12:28<04:54, 15.49s/it, est. speed input: 1.31 toks/s, output: 144.20 toks/s]
[36m(WorkerDict pid=4031210)[0m Processed prompts:  75%|███████▌  | 24/32 [12:32<02:03, 15.45s/it, est. speed input: 2.54 toks/s, output: 209.19 toks/s]
[36m(WorkerDict pid=4031202)[0m Processed prompts:  34%|███▍      | 11/32 [12:37<16:02, 45.84s/it, est. speed input: 1.87 toks/s, output: 102.20 toks/s]
[36m(WorkerDict pid=4031202)[0m Processed prompts:  38%|███▊      | 12/32 [12:41<11:06, 33.35s/it, est. speed input: 2.03 toks/s, output: 114.00 toks/s]
[36m(WorkerDict pid=4031212)[0m Processed prompts:  34%|███▍      | 11/32 [12:43<11:29, 32.84s/it, est. speed input: 1.83 toks/s, output: 112.57 toks/s]
[36m(WorkerDict pid=4031212)[0m Processed prompts:  38%|███▊      | 12/32 [12:53<08:39, 25.99s/it, est. speed input: 1.99 toks/s, output: 123.51 toks/s]
[36m(WorkerDict pid=4031203)[0m Processed prompts:  97%|█████████▋| 31/32 [12:58<00:36, 36.04s/it, est. speed input: 3.33 toks/s, output: 265.14 toks/s]
[36m(WorkerDict pid=4031212)[0m Processed prompts:  41%|████      | 13/32 [12:59<06:16, 19.82s/it, est. speed input: 2.13 toks/s, output: 135.07 toks/s]
[36m(WorkerDict pid=4031211)[0m Processed prompts:  47%|████▋     | 15/32 [13:06<07:47, 27.48s/it, est. speed input: 3.64 toks/s, output: 147.55 toks/s]
[36m(WorkerDict pid=4031212)[0m Processed prompts:  44%|████▍     | 14/32 [13:07<04:56, 16.48s/it, est. speed input: 2.29 toks/s, output: 146.02 toks/s]
[36m(WorkerDict pid=4031212)[0m Processed prompts:  47%|████▋     | 15/32 [13:08<03:17, 11.61s/it, est. speed input: 2.44 toks/s, output: 158.41 toks/s]
[36m(WorkerDict pid=4031205)[0m Processed prompts:  94%|█████████▍| 30/32 [13:09<00:58, 29.39s/it, est. speed input: 3.02 toks/s, output: 255.41 toks/s]
[36m(WorkerDict pid=4031202)[0m Processed prompts:  41%|████      | 13/32 [13:12<10:16, 32.45s/it, est. speed input: 2.12 toks/s, output: 122.08 toks/s]
[36m(WorkerDict pid=4031212)[0m Processed prompts:  50%|█████     | 16/32 [13:14<02:39,  9.95s/it, est. speed input: 2.57 toks/s, output: 169.64 toks/s]
[36m(WorkerDict pid=4031205)[0m Processed prompts:  97%|█████████▋| 31/32 [13:18<00:23, 23.29s/it, est. speed input: 3.12 toks/s, output: 264.96 toks/s]
[36m(WorkerDict pid=4031210)[0m Processed prompts:  78%|███████▊  | 25/32 [13:20<02:54, 24.93s/it, est. speed input: 2.46 toks/s, output: 209.32 toks/s]
[36m(WorkerDict pid=4031210)[0m Processed prompts:  81%|████████▏ | 26/32 [13:21<01:47, 17.98s/it, est. speed input: 2.53 toks/s, output: 221.31 toks/s]
[36m(WorkerDict pid=4031203)[0m Processed prompts: 100%|██████████| 32/32 [13:22<00:00, 32.23s/it, est. speed input: 3.31 toks/s, output: 269.87 toks/s]Processed prompts: 100%|██████████| 32/32 [13:22<00:00, 32.23s/it, est. speed input: 3.31 toks/s, output: 269.87 toks/s]
[36m(WorkerDict pid=4031210)[0m Processed prompts:  84%|████████▍ | 27/32 [13:26<01:09, 13.95s/it, est. speed input: 2.59 toks/s, output: 232.51 toks/s]
[36m(WorkerDict pid=4031213)[0m Processed prompts:  44%|████▍     | 14/32 [13:26<08:27, 28.18s/it, est. speed input: 1.31 toks/s, output: 146.36 toks/s]
[36m(WorkerDict pid=4031212)[0m Processed prompts:  53%|█████▎    | 17/32 [13:27<02:45, 11.01s/it, est. speed input: 2.68 toks/s, output: 179.27 toks/s]
[36m(WorkerDict pid=4031210)[0m Processed prompts:  88%|████████▊ | 28/32 [13:32<00:46, 11.57s/it, est. speed input: 2.64 toks/s, output: 243.24 toks/s]
[36m(WorkerDict pid=4031213)[0m Processed prompts:  47%|████▋     | 15/32 [13:32<06:05, 21.48s/it, est. speed input: 1.39 toks/s, output: 157.74 toks/s]
[36m(WorkerDict pid=4031212)[0m Processed prompts:  56%|█████▋    | 18/32 [13:32<02:08,  9.21s/it, est. speed input: 2.84 toks/s, output: 190.63 toks/s]
[36m(WorkerDict pid=4031213)[0m Processed prompts:  50%|█████     | 16/32 [13:34<04:10, 15.68s/it, est. speed input: 1.48 toks/s, output: 169.77 toks/s]
[36m(WorkerDict pid=4031205)[0m Processed prompts: 100%|██████████| 32/32 [13:35<00:00, 21.40s/it, est. speed input: 3.18 toks/s, output: 271.90 toks/s]Processed prompts: 100%|██████████| 32/32 [13:35<00:00, 21.40s/it, est. speed input: 3.18 toks/s, output: 271.90 toks/s]
[36m(WorkerDict pid=4031210)[0m Processed prompts:  91%|█████████ | 29/32 [13:38<00:29,  9.84s/it, est. speed input: 2.70 toks/s, output: 253.97 toks/s]
[36m(WorkerDict pid=4031211)[0m Processed prompts:  50%|█████     | 16/32 [13:38<07:38, 28.68s/it, est. speed input: 3.73 toks/s, output: 154.19 toks/s]
[36m(WorkerDict pid=4031212)[0m Processed prompts:  59%|█████▉    | 19/32 [13:51<02:35, 12.00s/it, est. speed input: 2.92 toks/s, output: 198.87 toks/s]
[36m(WorkerDict pid=4031213)[0m Processed prompts:  53%|█████▎    | 17/32 [13:59<04:36, 18.43s/it, est. speed input: 1.53 toks/s, output: 177.22 toks/s]
[36m(WorkerDict pid=4031202)[0m Processed prompts:  44%|████▍     | 14/32 [14:22<13:07, 43.76s/it, est. speed input: 2.09 toks/s, output: 124.68 toks/s]
[36m(WorkerDict pid=4031213)[0m Processed prompts:  56%|█████▋    | 18/32 [14:22<04:38, 19.90s/it, est. speed input: 1.59 toks/s, output: 184.92 toks/s]
[36m(WorkerDict pid=4031212)[0m Processed prompts:  62%|██████▎   | 20/32 [14:22<03:33, 17.78s/it, est. speed input: 2.96 toks/s, output: 204.16 toks/s]
[36m(WorkerDict pid=4031213)[0m Processed prompts:  59%|█████▉    | 19/32 [14:28<03:23, 15.65s/it, est. speed input: 1.67 toks/s, output: 196.19 toks/s]
[36m(WorkerDict pid=4031212)[0m Processed prompts:  66%|██████▌   | 21/32 [14:29<02:40, 14.63s/it, est. speed input: 3.10 toks/s, output: 214.95 toks/s]
[36m(WorkerDict pid=4031213)[0m Processed prompts:  62%|██████▎   | 20/32 [14:35<02:35, 12.98s/it, est. speed input: 1.74 toks/s, output: 207.17 toks/s]
[36m(WorkerDict pid=4031202)[0m Processed prompts:  47%|████▋     | 15/32 [14:44<10:35, 37.35s/it, est. speed input: 2.19 toks/s, output: 134.02 toks/s]
[36m(WorkerDict pid=4031212)[0m Processed prompts:  69%|██████▉   | 22/32 [14:47<02:35, 15.59s/it, est. speed input: 3.20 toks/s, output: 223.15 toks/s]
[36m(WorkerDict pid=4031210)[0m Processed prompts:  94%|█████████▍| 30/32 [14:53<00:58, 29.40s/it, est. speed input: 2.54 toks/s, output: 245.15 toks/s]
[36m(WorkerDict pid=4031212)[0m Processed prompts:  72%|███████▏  | 23/32 [14:53<01:55, 12.80s/it, est. speed input: 3.31 toks/s, output: 234.10 toks/s]
[36m(WorkerDict pid=4031213)[0m Processed prompts:  66%|██████▌   | 21/32 [15:00<03:04, 16.79s/it, est. speed input: 1.79 toks/s, output: 213.79 toks/s]
[36m(WorkerDict pid=4031202)[0m Processed prompts:  50%|█████     | 16/32 [15:12<09:10, 34.38s/it, est. speed input: 2.19 toks/s, output: 142.53 toks/s]
[36m(WorkerDict pid=4031202)[0m Processed prompts:  53%|█████▎    | 17/32 [15:25<07:03, 28.20s/it, est. speed input: 2.22 toks/s, output: 152.94 toks/s]
[36m(WorkerDict pid=4031212)[0m Processed prompts:  75%|███████▌  | 24/32 [15:26<02:29, 18.70s/it, est. speed input: 3.35 toks/s, output: 238.45 toks/s]
[36m(WorkerDict pid=4031213)[0m Processed prompts:  69%|██████▉   | 22/32 [15:38<03:50, 23.07s/it, est. speed input: 1.80 toks/s, output: 217.75 toks/s]
[36m(WorkerDict pid=4031202)[0m Processed prompts:  56%|█████▋    | 18/32 [15:59<06:59, 29.93s/it, est. speed input: 2.21 toks/s, output: 160.10 toks/s]
[36m(WorkerDict pid=4031202)[0m Processed prompts:  59%|█████▉    | 19/32 [16:01<04:38, 21.39s/it, est. speed input: 2.27 toks/s, output: 172.43 toks/s]
[36m(WorkerDict pid=4031210)[0m Processed prompts:  97%|█████████▋| 31/32 [16:04<00:42, 42.09s/it, est. speed input: 2.41 toks/s, output: 239.49 toks/s]
[36m(WorkerDict pid=4031202)[0m Processed prompts:  62%|██████▎   | 20/32 [16:05<03:14, 16.20s/it, est. speed input: 2.33 toks/s, output: 184.28 toks/s]
[36m(WorkerDict pid=4031212)[0m Processed prompts:  78%|███████▊  | 25/32 [16:09<03:01, 25.90s/it, est. speed input: 3.35 toks/s, output: 240.52 toks/s]
[36m(WorkerDict pid=4031212)[0m Processed prompts:  81%|████████▏ | 26/32 [16:18<02:05, 20.99s/it, est. speed input: 3.44 toks/s, output: 250.76 toks/s]
[36m(WorkerDict pid=4031213)[0m Processed prompts:  72%|███████▏  | 23/32 [16:23<04:26, 29.59s/it, est. speed input: 1.80 toks/s, output: 220.41 toks/s]
[36m(WorkerDict pid=4031202)[0m Processed prompts:  66%|██████▌   | 21/32 [16:23<03:02, 16.62s/it, est. speed input: 2.35 toks/s, output: 193.56 toks/s]
[36m(WorkerDict pid=4031213)[0m Processed prompts:  75%|███████▌  | 24/32 [16:27<02:55, 21.91s/it, est. speed input: 1.87 toks/s, output: 232.10 toks/s]
[36m(WorkerDict pid=4031202)[0m Processed prompts:  69%|██████▉   | 22/32 [16:31<02:21, 14.17s/it, est. speed input: 2.39 toks/s, output: 204.50 toks/s]
[36m(WorkerDict pid=4031202)[0m Processed prompts:  72%|███████▏  | 23/32 [16:48<02:14, 14.93s/it, est. speed input: 2.41 toks/s, output: 213.72 toks/s]
[36m(WorkerDict pid=4031210)[0m Processed prompts: 100%|██████████| 32/32 [16:53<00:00, 43.97s/it, est. speed input: 2.35 toks/s, output: 240.66 toks/s]Processed prompts: 100%|██████████| 32/32 [16:53<00:00, 43.97s/it, est. speed input: 2.35 toks/s, output: 240.66 toks/s]
[36m(WorkerDict pid=4031204)[0m Processed prompts: 100%|██████████| 32/32 [17:06<00:00, 32.07s/it, est. speed input: 3.35 toks/s, output: 303.98 toks/s]
[36m(WorkerDict pid=4031203)[0m Processed prompts: 100%|██████████| 32/32 [17:06<00:00, 32.08s/it, est. speed input: 3.31 toks/s, output: 269.87 toks/s]
[36m(WorkerDict pid=4031205)[0m Processed prompts: 100%|██████████| 32/32 [17:06<00:00, 32.08s/it, est. speed input: 3.18 toks/s, output: 271.90 toks/s]
[36m(WorkerDict pid=4031210)[0m Processed prompts: 100%|██████████| 32/32 [17:06<00:00, 32.09s/it, est. speed input: 2.35 toks/s, output: 240.66 toks/s]
[36m(WorkerDict pid=4031202)[0m Processed prompts:  75%|███████▌  | 24/32 [17:12<02:21, 17.70s/it, est. speed input: 2.41 toks/s, output: 221.16 toks/s]
[36m(WorkerDict pid=4031212)[0m Processed prompts:  84%|████████▍ | 27/32 [17:14<02:37, 31.51s/it, est. speed input: 3.40 toks/s, output: 249.62 toks/s]
[36m(WorkerDict pid=4031212)[0m Processed prompts:  88%|████████▊ | 28/32 [17:22<01:37, 24.47s/it, est. speed input: 3.51 toks/s, output: 260.14 toks/s]
[36m(WorkerDict pid=4031202)[0m Processed prompts:  78%|███████▊  | 25/32 [17:38<02:22, 20.29s/it, est. speed input: 2.48 toks/s, output: 228.12 toks/s]
[36m(WorkerDict pid=4031213)[0m Processed prompts:  78%|███████▊  | 25/32 [17:39<04:19, 37.02s/it, est. speed input: 1.82 toks/s, output: 228.73 toks/s]
[36m(WorkerDict pid=4031212)[0m Processed prompts:  91%|█████████ | 29/32 [17:48<01:14, 24.93s/it, est. speed input: 3.56 toks/s, output: 266.28 toks/s]
[36m(WorkerDict pid=4031213)[0m Processed prompts:  81%|████████▏ | 26/32 [17:50<02:55, 29.24s/it, est. speed input: 1.88 toks/s, output: 238.83 toks/s]
[36m(WorkerDict pid=4031202)[0m Processed prompts:  81%|████████▏ | 26/32 [17:53<01:51, 18.61s/it, est. speed input: 2.50 toks/s, output: 237.48 toks/s]
[36m(WorkerDict pid=4031202)[0m Processed prompts:  84%|████████▍ | 27/32 [18:09<01:29, 17.91s/it, est. speed input: 2.52 toks/s, output: 246.42 toks/s]
[36m(WorkerDict pid=4031202)[0m Processed prompts:  88%|████████▊ | 28/32 [18:20<01:03, 15.81s/it, est. speed input: 2.55 toks/s, output: 256.48 toks/s]
[36m(WorkerDict pid=4031202)[0m Processed prompts:  91%|█████████ | 29/32 [18:49<00:59, 19.69s/it, est. speed input: 2.54 toks/s, output: 262.48 toks/s]
[36m(WorkerDict pid=4031202)[0m Processed prompts:  94%|█████████▍| 30/32 [19:04<00:36, 18.34s/it, est. speed input: 2.56 toks/s, output: 271.53 toks/s]
[36m(WorkerDict pid=4031202)[0m Processed prompts:  97%|█████████▋| 31/32 [19:29<00:20, 20.47s/it, est. speed input: 2.56 toks/s, output: 278.17 toks/s]
[36m(WorkerDict pid=4031202)[0m [rank12]:E0620 17:00:57.850000 4031202 site-packages/torch/_dynamo/metrics_context.py:105] [0/1] Unexpected exception logging compilation metrics
[36m(WorkerDict pid=4031202)[0m [rank12]:E0620 17:00:57.850000 4031202 site-packages/torch/_dynamo/metrics_context.py:105] [0/1] Traceback (most recent call last):
[36m(WorkerDict pid=4031202)[0m [rank12]:E0620 17:00:57.850000 4031202 site-packages/torch/_dynamo/metrics_context.py:105] [0/1]   File "/usr/local/python3.11.14/lib/python3.11/site-packages/torch/_dynamo/metrics_context.py", line 101, in __exit__
[36m(WorkerDict pid=4031202)[0m [rank12]:E0620 17:00:57.850000 4031202 site-packages/torch/_dynamo/metrics_context.py:105] [0/1]     self._on_exit(
[36m(WorkerDict pid=4031202)[0m [rank12]:E0620 17:00:57.850000 4031202 site-packages/torch/_dynamo/metrics_context.py:105] [0/1]   File "/usr/local/python3.11.14/lib/python3.11/site-packages/torch/_dynamo/utils.py", line 1632, in record_compilation_metrics
[36m(WorkerDict pid=4031202)[0m [rank12]:E0620 17:00:57.850000 4031202 site-packages/torch/_dynamo/metrics_context.py:105] [0/1]     "triton_version": triton.__version__ if has_triton() else "",
[36m(WorkerDict pid=4031202)[0m [rank12]:E0620 17:00:57.850000 4031202 site-packages/torch/_dynamo/metrics_context.py:105] [0/1]                                             ^^^^^^^^^^^^
[36m(WorkerDict pid=4031202)[0m [rank12]:E0620 17:00:57.850000 4031202 site-packages/torch/_dynamo/metrics_context.py:105] [0/1]   File "/usr/local/python3.11.14/lib/python3.11/site-packages/torch/utils/_triton.py", line 159, in has_triton
[36m(WorkerDict pid=4031202)[0m [rank12]:E0620 17:00:57.850000 4031202 site-packages/torch/_dynamo/metrics_context.py:105] [0/1]     return is_device_compatible_with_triton()
[36m(WorkerDict pid=4031202)[0m [rank12]:E0620 17:00:57.850000 4031202 site-packages/torch/_dynamo/metrics_context.py:105] [0/1]            ^^^^^^^^^^^^^^^^^^^^^^^^^^^^^^^^^^
[36m(WorkerDict pid=4031202)[0m [rank12]:E0620 17:00:57.850000 4031202 site-packages/torch/_dynamo/metrics_context.py:105] [0/1]   File "/usr/local/python3.11.14/lib/python3.11/site-packages/torch/utils/_triton.py", line 155, in is_device_compatible_with_triton
[36m(WorkerDict pid=4031202)[0m [rank12]:E0620 17:00:57.850000 4031202 site-packages/torch/_dynamo/metrics_context.py:105] [0/1]     if device_interface.is_available() and extra_check(device_interface):
[36m(WorkerDict pid=4031202)[0m [rank12]:E0620 17:00:57.850000 4031202 site-packages/torch/_dynamo/metrics_context.py:105] [0/1]                                            ^^^^^^^^^^^^^^^^^^^^^^^^^^^^^
[36m(WorkerDict pid=4031202)[0m [rank12]:E0620 17:00:57.850000 4031202 site-packages/torch/_dynamo/metrics_context.py:105] [0/1]   File "/usr/local/python3.11.14/lib/python3.11/site-packages/torch/utils/_triton.py", line 135, in cuda_extra_check
[36m(WorkerDict pid=4031202)[0m [rank12]:E0620 17:00:57.850000 4031202 site-packages/torch/_dynamo/metrics_context.py:105] [0/1]     return device_interface.Worker.get_device_properties().major >= 7
[36m(WorkerDict pid=4031202)[0m [rank12]:E0620 17:00:57.850000 4031202 site-packages/torch/_dynamo/metrics_context.py:105] [0/1]            ^^^^^^^^^^^^^^^^^^^^^^^^^^^^^^^^^^^^^^^^^^^^^^^^^^^^^^^^^^
[36m(WorkerDict pid=4031202)[0m [rank12]:E0620 17:00:57.850000 4031202 site-packages/torch/_dynamo/metrics_context.py:105] [0/1] TypeError: '>=' not supported between instances of 'NoneType' and 'int'
[36m(WorkerDict pid=4031212)[0m Processed prompts:  94%|█████████▍| 30/32 [19:50<01:47, 53.97s/it, est. speed input: 3.32 toks/s, output: 251.61 toks/s]
[36m(WorkerDict pid=4031212)[0m Processed prompts:  97%|█████████▋| 31/32 [20:02<00:41, 41.39s/it, est. speed input: 3.41 toks/s, output: 261.65 toks/s]
[36m(WorkerDict pid=4031212)[0m [rank14]:E0620 17:01:30.370000 4031212 site-packages/torch/_dynamo/metrics_context.py:105] [0/1] Unexpected exception logging compilation metrics
[36m(WorkerDict pid=4031212)[0m [rank14]:E0620 17:01:30.370000 4031212 site-packages/torch/_dynamo/metrics_context.py:105] [0/1] Traceback (most recent call last):
[36m(WorkerDict pid=4031212)[0m [rank14]:E0620 17:01:30.370000 4031212 site-packages/torch/_dynamo/metrics_context.py:105] [0/1]   File "/usr/local/python3.11.14/lib/python3.11/site-packages/torch/_dynamo/metrics_context.py", line 101, in __exit__
[36m(WorkerDict pid=4031212)[0m [rank14]:E0620 17:01:30.370000 4031212 site-packages/torch/_dynamo/metrics_context.py:105] [0/1]     self._on_exit(
[36m(WorkerDict pid=4031212)[0m [rank14]:E0620 17:01:30.370000 4031212 site-packages/torch/_dynamo/metrics_context.py:105] [0/1]   File "/usr/local/python3.11.14/lib/python3.11/site-packages/torch/_dynamo/utils.py", line 1632, in record_compilation_metrics
[36m(WorkerDict pid=4031212)[0m [rank14]:E0620 17:01:30.370000 4031212 site-packages/torch/_dynamo/metrics_context.py:105] [0/1]     "triton_version": triton.__version__ if has_triton() else "",
[36m(WorkerDict pid=4031212)[0m [rank14]:E0620 17:01:30.370000 4031212 site-packages/torch/_dynamo/metrics_context.py:105] [0/1]                                             ^^^^^^^^^^^^
[36m(WorkerDict pid=4031212)[0m [rank14]:E0620 17:01:30.370000 4031212 site-packages/torch/_dynamo/metrics_context.py:105] [0/1]   File "/usr/local/python3.11.14/lib/python3.11/site-packages/torch/utils/_triton.py", line 159, in has_triton
[36m(WorkerDict pid=4031212)[0m [rank14]:E0620 17:01:30.370000 4031212 site-packages/torch/_dynamo/metrics_context.py:105] [0/1]     return is_device_compatible_with_triton()
[36m(WorkerDict pid=4031212)[0m [rank14]:E0620 17:01:30.370000 4031212 site-packages/torch/_dynamo/metrics_context.py:105] [0/1]            ^^^^^^^^^^^^^^^^^^^^^^^^^^^^^^^^^^
[36m(WorkerDict pid=4031212)[0m [rank14]:E0620 17:01:30.370000 4031212 site-packages/torch/_dynamo/metrics_context.py:105] [0/1]   File "/usr/local/python3.11.14/lib/python3.11/site-packages/torch/utils/_triton.py", line 155, in is_device_compatible_with_triton
[36m(WorkerDict pid=4031212)[0m [rank14]:E0620 17:01:30.370000 4031212 site-packages/torch/_dynamo/metrics_context.py:105] [0/1]     if device_interface.is_available() and extra_check(device_interface):
[36m(WorkerDict pid=4031212)[0m [rank14]:E0620 17:01:30.370000 4031212 site-packages/torch/_dynamo/metrics_context.py:105] [0/1]                                            ^^^^^^^^^^^^^^^^^^^^^^^^^^^^^
[36m(WorkerDict pid=4031212)[0m [rank14]:E0620 17:01:30.370000 4031212 site-packages/torch/_dynamo/metrics_context.py:105] [0/1]   File "/usr/local/python3.11.14/lib/python3.11/site-packages/torch/utils/_triton.py", line 135, in cuda_extra_check
[36m(WorkerDict pid=4031212)[0m [rank14]:E0620 17:01:30.370000 4031212 site-packages/torch/_dynamo/metrics_context.py:105] [0/1]     return device_interface.Worker.get_device_properties().major >= 7
[36m(WorkerDict pid=4031212)[0m [rank14]:E0620 17:01:30.370000 4031212 site-packages/torch/_dynamo/metrics_context.py:105] [0/1]            ^^^^^^^^^^^^^^^^^^^^^^^^^^^^^^^^^^^^^^^^^^^^^^^^^^^^^^^^^^
[36m(WorkerDict pid=4031212)[0m [rank14]:E0620 17:01:30.370000 4031212 site-packages/torch/_dynamo/metrics_context.py:105] [0/1] TypeError: '>=' not supported between instances of 'NoneType' and 'int'
[36m(WorkerDict pid=4031202)[0m Processed prompts: 100%|██████████| 32/32 [20:38<00:00, 34.78s/it, est. speed input: 2.47 toks/s, output: 275.42 toks/s]Processed prompts: 100%|██████████| 32/32 [20:38<00:00, 34.78s/it, est. speed input: 2.47 toks/s, output: 275.42 toks/s]
[36m(WorkerDict pid=4031213)[0m Processed prompts:  84%|████████▍ | 27/32 [21:16<06:51, 82.35s/it, est. speed input: 1.64 toks/s, output: 212.83 toks/s]
[36m(WorkerDict pid=4031202)[0m Processed prompts: 100%|██████████| 32/32 [21:41<00:00, 40.67s/it, est. speed input: 2.47 toks/s, output: 275.42 toks/s]
[36m(WorkerDict pid=4031212)[0m Processed prompts: 100%|██████████| 32/32 [21:41<00:00, 58.62s/it, est. speed input: 3.26 toks/s, output: 254.37 toks/s]Processed prompts: 100%|██████████| 32/32 [21:41<00:00, 58.62s/it, est. speed input: 3.26 toks/s, output: 254.37 toks/s]Processed prompts: 100%|██████████| 32/32 [21:41<00:00, 40.67s/it, est. speed input: 3.26 toks/s, output: 254.37 toks/s]
[36m(WorkerDict pid=4031213)[0m Processed prompts:  88%|████████▊ | 28/32 [21:41<04:20, 65.14s/it, est. speed input: 1.67 toks/s, output: 221.33 toks/s]Processed prompts: 100%|██████████| 32/32 [21:41<00:00, 65.14s/it, est. speed input: 1.93 toks/s, output: 271.67 toks/s]Processed prompts: 100%|██████████| 32/32 [21:41<00:00, 40.68s/it, est. speed input: 1.93 toks/s, output: 271.67 toks/s]
[36m(WorkerDict pid=4031211)[0m Processed prompts:  53%|█████▎    | 17/32 [21:41<36:57, 147.83s/it, est. speed input: 2.45 toks/s, output: 109.58 toks/s]Processed prompts: 100%|██████████| 32/32 [21:41<00:00, 147.83s/it, est. speed input: 3.98 toks/s, output: 298.35 toks/s]Processed prompts: 100%|██████████| 32/32 [21:41<00:00, 40.68s/it, est. speed input: 3.98 toks/s, output: 298.35 toks/s] 
[36m(TaskRunner pid=4027924)[0m Training Progress:  40%|████      | 2/5 [51:15<1:16:41, 1533.69s/it]
[36m(WorkerDict pid=4031197)[0m Adding requests:   0%|          | 0/32 [00:00<?, ?it/s]Adding requests: 100%|██████████| 32/32 [00:00<00:00, 12260.69it/s]
[36m(WorkerDict pid=4031197)[0m Processed prompts:   0%|          | 0/32 [00:00<?, ?it/s, est. speed input: 0.00 toks/s, output: 0.00 toks/s]
[36m(WorkerDict pid=4031200)[0m Adding requests:   0%|          | 0/32 [00:00<?, ?it/s]Adding requests: 100%|██████████| 32/32 [00:00<00:00, 12522.65it/s]
[36m(WorkerDict pid=4031200)[0m Processed prompts:   0%|          | 0/32 [00:00<?, ?it/s, est. speed input: 0.00 toks/s, output: 0.00 toks/s]
[36m(WorkerDict pid=4031199)[0m Adding requests:   0%|          | 0/32 [00:00<?, ?it/s]
[36m(WorkerDict pid=4031199)[0m Adding requests: 100%|██████████| 32/32 [00:00<00:00, 11204.42it/s]
[36m(WorkerDict pid=4031199)[0m Processed prompts:   0%|          | 0/32 [00:00<?, ?it/s, est. speed input: 0.00 toks/s, output: 0.00 toks/s]
[36m(WorkerDict pid=4031194)[0m Adding requests:   0%|          | 0/32 [00:00<?, ?it/s]Adding requests: 100%|██████████| 32/32 [00:00<00:00, 12315.81it/s]
[36m(WorkerDict pid=4031194)[0m Processed prompts:   0%|          | 0/32 [00:00<?, ?it/s, est. speed input: 0.00 toks/s, output: 0.00 toks/s]
[36m(WorkerDict pid=4031210)[0m Adding requests:   0%|          | 0/32 [00:00<?, ?it/s]Adding requests: 100%|██████████| 32/32 [00:00<00:00, 12491.18it/s]
[36m(WorkerDict pid=4031210)[0m Processed prompts:   0%|          | 0/32 [00:00<?, ?it/s, est. speed input: 0.00 toks/s, output: 0.00 toks/s]
[36m(WorkerDict pid=4031211)[0m Adding requests:   0%|          | 0/32 [00:00<?, ?it/s]Adding requests: 100%|██████████| 32/32 [00:00<00:00, 11991.22it/s]
[36m(WorkerDict pid=4031211)[0m Processed prompts:   0%|          | 0/32 [00:00<?, ?it/s, est. speed input: 0.00 toks/s, output: 0.00 toks/s]
[36m(WorkerDict pid=4031195)[0m Adding requests:   0%|          | 0/32 [00:00<?, ?it/s]Adding requests: 100%|██████████| 32/32 [00:00<00:00, 11539.66it/s]
[36m(WorkerDict pid=4031195)[0m Processed prompts:   0%|          | 0/32 [00:00<?, ?it/s, est. speed input: 0.00 toks/s, output: 0.00 toks/s]
[36m(WorkerDict pid=4031213)[0m Adding requests:   0%|          | 0/32 [00:00<?, ?it/s]Adding requests: 100%|██████████| 32/32 [00:00<00:00, 12114.61it/s]
[36m(WorkerDict pid=4031213)[0m Processed prompts:   0%|          | 0/32 [00:00<?, ?it/s, est. speed input: 0.00 toks/s, output: 0.00 toks/s]
[36m(WorkerDict pid=4031196)[0m Adding requests:   0%|          | 0/32 [00:00<?, ?it/s]Adding requests: 100%|██████████| 32/32 [00:00<00:00, 11887.14it/s]
[36m(WorkerDict pid=4031196)[0m Processed prompts:   0%|          | 0/32 [00:00<?, ?it/s, est. speed input: 0.00 toks/s, output: 0.00 toks/s]
[36m(WorkerDict pid=4031203)[0m Adding requests:   0%|          | 0/32 [00:00<?, ?it/s]Adding requests: 100%|██████████| 32/32 [00:00<00:00, 12481.89it/s]
[36m(WorkerDict pid=4031203)[0m Processed prompts:   0%|          | 0/32 [00:00<?, ?it/s, est. speed input: 0.00 toks/s, output: 0.00 toks/s]
[36m(WorkerDict pid=4031198)[0m Adding requests:   0%|          | 0/32 [00:00<?, ?it/s]Adding requests: 100%|██████████| 32/32 [00:00<00:00, 11833.69it/s]
[36m(WorkerDict pid=4031198)[0m Processed prompts:   0%|          | 0/32 [00:00<?, ?it/s, est. speed input: 0.00 toks/s, output: 0.00 toks/s]
[36m(WorkerDict pid=4031202)[0m Adding requests:   0%|          | 0/32 [00:00<?, ?it/s]Adding requests: 100%|██████████| 32/32 [00:00<00:00, 11983.73it/s]
[36m(WorkerDict pid=4031202)[0m Processed prompts:   0%|          | 0/32 [00:00<?, ?it/s, est. speed input: 0.00 toks/s, output: 0.00 toks/s]
[36m(WorkerDict pid=4031205)[0m Adding requests:   0%|          | 0/32 [00:00<?, ?it/s]Adding requests: 100%|██████████| 32/32 [00:00<00:00, 12293.25it/s]
[36m(WorkerDict pid=4031205)[0m Processed prompts:   0%|          | 0/32 [00:00<?, ?it/s, est. speed input: 0.00 toks/s, output: 0.00 toks/s]
[36m(WorkerDict pid=4031201)[0m Adding requests:   0%|          | 0/32 [00:00<?, ?it/s]Adding requests: 100%|██████████| 32/32 [00:00<00:00, 12467.97it/s]
[36m(WorkerDict pid=4031201)[0m Processed prompts:   0%|          | 0/32 [00:00<?, ?it/s, est. speed input: 0.00 toks/s, output: 0.00 toks/s]
[36m(WorkerDict pid=4031204)[0m Adding requests:   0%|          | 0/32 [00:00<?, ?it/s]Adding requests: 100%|██████████| 32/32 [00:00<00:00, 12544.89it/s]
[36m(WorkerDict pid=4031204)[0m Processed prompts:   0%|          | 0/32 [00:00<?, ?it/s, est. speed input: 0.00 toks/s, output: 0.00 toks/s]
[36m(WorkerDict pid=4031212)[0m Adding requests:   0%|          | 0/32 [00:00<?, ?it/s]Adding requests: 100%|██████████| 32/32 [00:00<00:00, 11945.33it/s]
[36m(WorkerDict pid=4031212)[0m Processed prompts:   0%|          | 0/32 [00:00<?, ?it/s, est. speed input: 0.00 toks/s, output: 0.00 toks/s]
[36m(WorkerDict pid=4031201)[0m Processed prompts:   3%|▎         | 1/32 [01:24<43:51, 84.89s/it, est. speed input: 0.52 toks/s, output: 11.63 toks/s]
[36m(WorkerDict pid=4031200)[0m Processed prompts:   3%|▎         | 1/32 [01:29<46:22, 89.77s/it, est. speed input: 0.67 toks/s, output: 11.55 toks/s]
[36m(WorkerDict pid=4031200)[0m Processed prompts:   6%|▋         | 2/32 [01:35<20:10, 40.34s/it, est. speed input: 1.26 toks/s, output: 22.43 toks/s]
[36m(WorkerDict pid=4031201)[0m Processed prompts:   6%|▋         | 2/32 [01:35<20:36, 41.22s/it, est. speed input: 0.92 toks/s, output: 22.00 toks/s]
[36m(WorkerDict pid=4031201)[0m Processed prompts:   9%|▉         | 3/32 [01:36<11:08, 23.05s/it, est. speed input: 1.36 toks/s, output: 33.36 toks/s]
[36m(WorkerDict pid=4031200)[0m Processed prompts:   9%|▉         | 3/32 [01:38<11:11, 23.14s/it, est. speed input: 1.83 toks/s, output: 33.41 toks/s]
[36m(WorkerDict pid=4031200)[0m Processed prompts:  12%|█▎        | 4/32 [01:38<06:37, 14.19s/it, est. speed input: 2.43 toks/s, output: 44.84 toks/s]
[36m(WorkerDict pid=4031200)[0m Processed prompts:  16%|█▌        | 5/32 [01:40<04:23,  9.75s/it, est. speed input: 2.98 toks/s, output: 55.62 toks/s]
[36m(WorkerDict pid=4031201)[0m Processed prompts:  12%|█▎        | 4/32 [01:39<07:03, 15.14s/it, est. speed input: 1.76 toks/s, output: 44.06 toks/s]
[36m(WorkerDict pid=4031200)[0m Processed prompts:  19%|█▉        | 6/32 [01:43<03:14,  7.50s/it, est. speed input: 3.47 toks/s, output: 65.57 toks/s]
[36m(WorkerDict pid=4031201)[0m Processed prompts:  16%|█▌        | 5/32 [01:42<04:50, 10.75s/it, est. speed input: 2.14 toks/s, output: 54.51 toks/s]
[36m(WorkerDict pid=4031201)[0m Processed prompts:  19%|█▉        | 6/32 [01:48<03:52,  8.95s/it, est. speed input: 2.44 toks/s, output: 63.51 toks/s]
[36m(WorkerDict pid=4031200)[0m Processed prompts:  22%|██▏       | 7/32 [01:52<03:14,  7.78s/it, est. speed input: 3.75 toks/s, output: 72.35 toks/s]
[36m(WorkerDict pid=4031200)[0m Processed prompts:  25%|██▌       | 8/32 [01:52<02:11,  5.48s/it, est. speed input: 4.26 toks/s, output: 83.68 toks/s]
[36m(WorkerDict pid=4031201)[0m Processed prompts:  22%|██▏       | 7/32 [01:52<03:00,  7.21s/it, est. speed input: 2.75 toks/s, output: 73.22 toks/s]
[36m(WorkerDict pid=4031200)[0m Processed prompts:  28%|██▊       | 9/32 [01:57<01:58,  5.17s/it, est. speed input: 4.61 toks/s, output: 92.16 toks/s]
[36m(WorkerDict pid=4031200)[0m Processed prompts:  31%|███▏      | 10/32 [02:00<01:44,  4.75s/it, est. speed input: 4.96 toks/s, output: 100.98 toks/s]
[36m(WorkerDict pid=4031201)[0m Processed prompts:  25%|██▌       | 8/32 [02:01<03:08,  7.85s/it, est. speed input: 2.90 toks/s, output: 79.47 toks/s]
[36m(WorkerDict pid=4031200)[0m Processed prompts:  34%|███▍      | 11/32 [02:03<01:28,  4.24s/it, est. speed input: 5.32 toks/s, output: 110.24 toks/s]
[36m(WorkerDict pid=4031201)[0m Processed prompts:  28%|██▊       | 9/32 [02:04<02:29,  6.49s/it, est. speed input: 3.17 toks/s, output: 89.06 toks/s]
[36m(WorkerDict pid=4031201)[0m Processed prompts:  31%|███▏      | 10/32 [02:05<01:46,  4.84s/it, est. speed input: 3.50 toks/s, output: 100.10 toks/s]
[36m(WorkerDict pid=4031200)[0m Processed prompts:  38%|███▊      | 12/32 [02:07<01:20,  4.03s/it, est. speed input: 5.65 toks/s, output: 118.94 toks/s]
[36m(WorkerDict pid=4031198)[0m Processed prompts:   3%|▎         | 1/32 [02:06<1:05:30, 126.78s/it, est. speed input: 0.70 toks/s, output: 11.83 toks/s]
[36m(WorkerDict pid=4031201)[0m Processed prompts:  34%|███▍      | 11/32 [02:06<01:17,  3.68s/it, est. speed input: 3.81 toks/s, output: 111.10 toks/s]
[36m(WorkerDict pid=4031194)[0m Processed prompts:   3%|▎         | 1/32 [02:10<1:07:35, 130.84s/it, est. speed input: 0.37 toks/s, output: 11.79 toks/s]
[36m(WorkerDict pid=4031198)[0m Processed prompts:   6%|▋         | 2/32 [02:10<27:09, 54.32s/it, est. speed input: 1.37 toks/s, output: 23.35 toks/s]   
[36m(WorkerDict pid=4031197)[0m Processed prompts:   3%|▎         | 1/32 [02:11<1:07:50, 131.29s/it, est. speed input: 0.46 toks/s, output: 11.77 toks/s]
[36m(WorkerDict pid=4031198)[0m Processed prompts:   9%|▉         | 3/32 [02:10<14:19, 29.63s/it, est. speed input: 2.04 toks/s, output: 35.15 toks/s]
[36m(WorkerDict pid=4031201)[0m Processed prompts:  38%|███▊      | 12/32 [02:11<01:20,  4.02s/it, est. speed input: 4.01 toks/s, output: 118.92 toks/s]
[36m(WorkerDict pid=4031200)[0m Processed prompts:  41%|████      | 13/32 [02:16<01:47,  5.68s/it, est. speed input: 5.69 toks/s, output: 122.49 toks/s]
[36m(WorkerDict pid=4031201)[0m Processed prompts:  41%|████      | 13/32 [02:17<01:25,  4.52s/it, est. speed input: 4.16 toks/s, output: 125.88 toks/s]
[36m(WorkerDict pid=4031198)[0m Processed prompts:  12%|█▎        | 4/32 [02:23<10:42, 22.94s/it, est. speed input: 2.48 toks/s, output: 43.92 toks/s]
[36m(WorkerDict pid=4031197)[0m Processed prompts:   6%|▋         | 2/32 [02:24<31:02, 62.10s/it, est. speed input: 0.84 toks/s, output: 22.48 toks/s]   
[36m(WorkerDict pid=4031201)[0m Processed prompts:  44%|████▍     | 14/32 [02:26<01:44,  5.79s/it, est. speed input: 4.22 toks/s, output: 130.27 toks/s]
[36m(WorkerDict pid=4031201)[0m Processed prompts:  47%|████▋     | 15/32 [02:27<01:14,  4.36s/it, est. speed input: 4.48 toks/s, output: 141.24 toks/s]
[36m(WorkerDict pid=4031197)[0m Processed prompts:   9%|▉         | 3/32 [02:30<17:26, 36.07s/it, est. speed input: 1.22 toks/s, output: 33.56 toks/s]
[36m(WorkerDict pid=4031196)[0m Processed prompts:   3%|▎         | 1/32 [02:30<1:17:38, 150.28s/it, est. speed input: 0.43 toks/s, output: 11.90 toks/s]
[36m(WorkerDict pid=4031199)[0m Processed prompts:   3%|▎         | 1/32 [02:31<1:18:01, 151.03s/it, est. speed input: 0.56 toks/s, output: 11.87 toks/s]
[36m(WorkerDict pid=4031200)[0m Processed prompts:  44%|████▍     | 14/32 [02:31<02:32,  8.47s/it, est. speed input: 5.53 toks/s, output: 122.33 toks/s]
[36m(WorkerDict pid=4031197)[0m Processed prompts:  12%|█▎        | 4/32 [02:32<10:37, 22.78s/it, est. speed input: 1.60 toks/s, output: 44.89 toks/s]
[36m(WorkerDict pid=4031199)[0m Processed prompts:   6%|▋         | 2/32 [02:35<32:16, 64.56s/it, est. speed input: 1.10 toks/s, output: 23.43 toks/s]   
[36m(WorkerDict pid=4031197)[0m Processed prompts:  16%|█▌        | 5/32 [02:35<07:03, 15.69s/it, est. speed input: 1.96 toks/s, output: 55.85 toks/s]
[36m(WorkerDict pid=4031194)[0m Processed prompts:   6%|▋         | 2/32 [02:35<34:16, 68.55s/it, est. speed input: 0.62 toks/s, output: 21.77 toks/s]   
[36m(WorkerDict pid=4031196)[0m Processed prompts:   6%|▋         | 2/32 [02:36<32:47, 65.58s/it, est. speed input: 0.82 toks/s, output: 23.33 toks/s]   
[36m(WorkerDict pid=4031200)[0m Processed prompts:  47%|████▋     | 15/32 [02:38<02:12,  7.79s/it, est. speed input: 5.69 toks/s, output: 129.40 toks/s]
[36m(WorkerDict pid=4031200)[0m Processed prompts:  50%|█████     | 16/32 [02:38<01:28,  5.52s/it, est. speed input: 6.06 toks/s, output: 141.08 toks/s]
[36m(WorkerDict pid=4031197)[0m Processed prompts:  19%|█▉        | 6/32 [02:38<04:56, 11.39s/it, est. speed input: 2.31 toks/s, output: 66.64 toks/s]
[36m(WorkerDict pid=4031197)[0m Processed prompts:  22%|██▏       | 7/32 [02:41<03:33,  8.54s/it, est. speed input: 2.65 toks/s, output: 77.42 toks/s]
[36m(WorkerDict pid=4031198)[0m Processed prompts:  16%|█▌        | 5/32 [02:41<09:33, 21.26s/it, est. speed input: 2.75 toks/s, output: 50.89 toks/s]
[36m(WorkerDict pid=4031199)[0m Processed prompts:   9%|▉         | 3/32 [02:42<18:37, 38.52s/it, est. speed input: 1.57 toks/s, output: 34.23 toks/s]
[36m(WorkerDict pid=4031199)[0m Processed prompts:  12%|█▎        | 4/32 [02:45<11:24, 24.46s/it, est. speed input: 2.05 toks/s, output: 45.53 toks/s]
[36m(WorkerDict pid=4031197)[0m Processed prompts:  25%|██▌       | 8/32 [02:46<03:03,  7.63s/it, est. speed input: 2.92 toks/s, output: 86.67 toks/s]
[36m(WorkerDict pid=4031199)[0m Processed prompts:  16%|█▌        | 5/32 [02:46<07:16, 16.16s/it, est. speed input: 2.55 toks/s, output: 57.05 toks/s]
[36m(WorkerDict pid=4031199)[0m Processed prompts:  19%|█▉        | 6/32 [02:47<04:41, 10.84s/it, est. speed input: 3.05 toks/s, output: 68.79 toks/s]
[36m(WorkerDict pid=4031198)[0m Processed prompts:  19%|█▉        | 6/32 [02:48<07:08, 16.49s/it, est. speed input: 3.16 toks/s, output: 60.68 toks/s]
[36m(WorkerDict pid=4031196)[0m Processed prompts:   9%|▉         | 3/32 [02:50<20:19, 42.07s/it, est. speed input: 1.13 toks/s, output: 33.35 toks/s]
[36m(WorkerDict pid=4031198)[0m Processed prompts:  22%|██▏       | 7/32 [02:50<04:53, 11.75s/it, est. speed input: 3.65 toks/s, output: 71.94 toks/s]
[36m(WorkerDict pid=4031197)[0m Processed prompts:  28%|██▊       | 9/32 [02:53<02:49,  7.38s/it, est. speed input: 3.16 toks/s, output: 95.18 toks/s]
[36m(WorkerDict pid=4031197)[0m Processed prompts:  31%|███▏      | 10/32 [02:54<01:59,  5.42s/it, est. speed input: 3.55 toks/s, output: 106.54 toks/s]
[36m(WorkerDict pid=4031199)[0m Processed prompts:  22%|██▏       | 7/32 [02:54<04:01,  9.68s/it, est. speed input: 3.41 toks/s, output: 77.85 toks/s]
[36m(WorkerDict pid=4031199)[0m Processed prompts:  25%|██▌       | 8/32 [02:55<02:46,  6.92s/it, est. speed input: 3.87 toks/s, output: 89.33 toks/s]
[36m(WorkerDict pid=4031196)[0m Processed prompts:  12%|█▎        | 4/32 [02:56<12:57, 27.77s/it, est. speed input: 1.45 toks/s, output: 44.22 toks/s]
[36m(WorkerDict pid=4031197)[0m Processed prompts:  34%|███▍      | 11/32 [02:58<01:43,  4.91s/it, est. speed input: 3.81 toks/s, output: 116.24 toks/s]
[36m(WorkerDict pid=4031194)[0m Processed prompts:   9%|▉         | 3/32 [02:59<23:15, 48.11s/it, est. speed input: 0.80 toks/s, output: 30.84 toks/s]
[36m(WorkerDict pid=4031201)[0m Processed prompts:  50%|█████     | 16/32 [02:59<03:24, 12.76s/it, est. speed input: 3.92 toks/s, output: 127.85 toks/s]
[36m(WorkerDict pid=4031194)[0m Processed prompts:  12%|█▎        | 4/32 [03:00<13:42, 29.37s/it, est. speed input: 1.07 toks/s, output: 42.68 toks/s]
[36m(WorkerDict pid=4031196)[0m Processed prompts:  16%|█▌        | 5/32 [03:00<08:34, 19.04s/it, est. speed input: 1.78 toks/s, output: 55.32 toks/s]
[36m(WorkerDict pid=4031199)[0m Processed prompts:  28%|██▊       | 9/32 [03:01<02:32,  6.62s/it, est. speed input: 4.21 toks/s, output: 98.35 toks/s]
[36m(WorkerDict pid=4031194)[0m Processed prompts:  16%|█▌        | 5/32 [03:02<08:45, 19.45s/it, est. speed input: 1.32 toks/s, output: 54.20 toks/s]
[36m(WorkerDict pid=4031194)[0m Processed prompts:  19%|█▉        | 6/32 [03:03<05:48, 13.39s/it, est. speed input: 1.57 toks/s, output: 65.68 toks/s]
[36m(WorkerDict pid=4031194)[0m Processed prompts:  22%|██▏       | 7/32 [03:04<03:51,  9.27s/it, est. speed input: 1.82 toks/s, output: 77.36 toks/s]
[36m(WorkerDict pid=4031205)[0m Processed prompts:   3%|▎         | 1/32 [03:03<1:35:03, 183.99s/it, est. speed input: 0.20 toks/s, output: 12.00 toks/s]
[36m(WorkerDict pid=4031197)[0m Processed prompts:  41%|████      | 13/32 [03:06<01:23,  4.37s/it, est. speed input: 4.32 toks/s, output: 134.95 toks/s]
[36m(WorkerDict pid=4031205)[0m Processed prompts:   6%|▋         | 2/32 [03:05<38:27, 76.92s/it, est. speed input: 0.39 toks/s, output: 23.87 toks/s]   
[36m(WorkerDict pid=4031195)[0m Processed prompts:   3%|▎         | 1/32 [03:08<1:37:09, 188.03s/it, est. speed input: 0.37 toks/s, output: 11.98 toks/s]
[36m(WorkerDict pid=4031199)[0m Processed prompts:  31%|███▏      | 10/32 [03:09<02:31,  6.90s/it, est. speed input: 4.49 toks/s, output: 106.42 toks/s]
[36m(WorkerDict pid=4031199)[0m Processed prompts:  34%|███▍      | 11/32 [03:09<01:42,  4.86s/it, est. speed input: 4.93 toks/s, output: 118.25 toks/s]
[36m(WorkerDict pid=4031197)[0m Processed prompts:  44%|████▍     | 14/32 [03:11<01:21,  4.51s/it, est. speed input: 4.52 toks/s, output: 143.43 toks/s]
[36m(WorkerDict pid=4031198)[0m Processed prompts:  25%|██▌       | 8/32 [03:10<05:41, 14.23s/it, est. speed input: 3.74 toks/s, output: 76.56 toks/s]
[36m(WorkerDict pid=4031199)[0m Processed prompts:  38%|███▊      | 12/32 [03:11<01:21,  4.06s/it, est. speed input: 5.32 toks/s, output: 128.85 toks/s]
[36m(WorkerDict pid=4031196)[0m Processed prompts:  19%|█▉        | 6/32 [03:14<07:32, 17.41s/it, est. speed input: 1.98 toks/s, output: 63.28 toks/s]
[36m(WorkerDict pid=4031194)[0m Processed prompts:  25%|██▌       | 8/32 [03:17<04:12, 10.51s/it, est. speed input: 1.94 toks/s, output: 84.21 toks/s]
[36m(WorkerDict pid=4031196)[0m Processed prompts:  22%|██▏       | 7/32 [03:19<05:33, 13.34s/it, est. speed input: 2.25 toks/s, output: 73.73 toks/s]
[36m(WorkerDict pid=4031205)[0m Processed prompts:   9%|▉         | 3/32 [03:21<23:38, 48.92s/it, est. speed input: 0.54 toks/s, output: 34.07 toks/s]
[36m(WorkerDict pid=4031196)[0m Processed prompts:  25%|██▌       | 8/32 [03:21<03:58,  9.93s/it, est. speed input: 2.54 toks/s, output: 84.80 toks/s]
[36m(WorkerDict pid=4031195)[0m Processed prompts:   6%|▋         | 2/32 [03:22<43:02, 86.10s/it, est. speed input: 0.62 toks/s, output: 23.14 toks/s]   
[36m(WorkerDict pid=4031195)[0m Processed prompts:   9%|▉         | 3/32 [03:23<22:45, 47.07s/it, est. speed input: 0.90 toks/s, output: 35.10 toks/s]
[36m(WorkerDict pid=4031194)[0m Processed prompts:  28%|██▊       | 9/32 [03:26<03:49,  9.96s/it, est. speed input: 2.09 toks/s, output: 92.66 toks/s]
[36m(WorkerDict pid=4031195)[0m Processed prompts:  12%|█▎        | 4/32 [03:26<13:50, 29.65s/it, est. speed input: 1.22 toks/s, output: 46.64 toks/s]
[36m(WorkerDict pid=4031195)[0m Processed prompts:  16%|█▌        | 5/32 [03:26<08:38, 19.19s/it, est. speed input: 1.49 toks/s, output: 58.54 toks/s]
[36m(WorkerDict pid=4031195)[0m Processed prompts:  19%|█▉        | 6/32 [03:27<05:31, 12.74s/it, est. speed input: 1.77 toks/s, output: 70.52 toks/s]
[36m(WorkerDict pid=4031196)[0m Processed prompts:  28%|██▊       | 9/32 [03:26<03:13,  8.41s/it, est. speed input: 2.78 toks/s, output: 94.78 toks/s]
[36m(WorkerDict pid=4031199)[0m Processed prompts:  41%|████      | 13/32 [03:27<02:27,  7.74s/it, est. speed input: 5.31 toks/s, output: 130.84 toks/s]
[36m(WorkerDict pid=4031205)[0m Processed prompts:  12%|█▎        | 4/32 [03:27<14:54, 31.94s/it, est. speed input: 0.69 toks/s, output: 45.17 toks/s]
[36m(WorkerDict pid=4031194)[0m Processed prompts:  31%|███▏      | 10/32 [03:28<02:43,  7.44s/it, est. speed input: 2.31 toks/s, output: 103.90 toks/s]
[36m(WorkerDict pid=4031205)[0m Processed prompts:  16%|█▌        | 5/32 [03:32<10:00, 22.22s/it, est. speed input: 0.85 toks/s, output: 56.18 toks/s]
[36m(WorkerDict pid=4031199)[0m Processed prompts:  44%|████▍     | 14/32 [03:37<02:30,  8.36s/it, est. speed input: 5.47 toks/s, output: 137.00 toks/s]
[36m(WorkerDict pid=4031194)[0m Processed prompts:  34%|███▍      | 11/32 [03:38<02:55,  8.37s/it, est. speed input: 2.41 toks/s, output: 110.97 toks/s]
[36m(WorkerDict pid=4031195)[0m Processed prompts:  22%|██▏       | 7/32 [03:38<05:06, 12.26s/it, est. speed input: 1.94 toks/s, output: 78.94 toks/s]
[36m(WorkerDict pid=4031195)[0m Processed prompts:  25%|██▌       | 8/32 [03:42<03:50,  9.61s/it, est. speed input: 2.21 toks/s, output: 89.61 toks/s]
[36m(WorkerDict pid=4031198)[0m Processed prompts:  28%|██▊       | 9/32 [03:42<07:36, 19.86s/it, est. speed input: 3.60 toks/s, output: 77.57 toks/s]
[36m(WorkerDict pid=4031198)[0m Processed prompts:  31%|███▏      | 10/32 [03:45<05:19, 14.52s/it, est. speed input: 3.95 toks/s, output: 88.78 toks/s]
[36m(WorkerDict pid=4031197)[0m Processed prompts:  47%|████▋     | 15/32 [03:48<03:42, 13.10s/it, est. speed input: 4.05 toks/s, output: 132.13 toks/s]
[36m(WorkerDict pid=4031195)[0m Processed prompts:  28%|██▊       | 9/32 [03:48<03:13,  8.40s/it, est. speed input: 2.46 toks/s, output: 99.44 toks/s]
[36m(WorkerDict pid=4031196)[0m Processed prompts:  31%|███▏      | 10/32 [03:49<04:39, 12.71s/it, est. speed input: 2.72 toks/s, output: 97.64 toks/s]
[36m(WorkerDict pid=4031205)[0m Processed prompts:  19%|█▉        | 6/32 [03:49<08:49, 20.38s/it, est. speed input: 0.94 toks/s, output: 64.16 toks/s]
[36m(WorkerDict pid=4031205)[0m Processed prompts:  22%|██▏       | 7/32 [03:51<06:03, 14.54s/it, est. speed input: 1.09 toks/s, output: 75.57 toks/s]
[36m(WorkerDict pid=4031196)[0m Processed prompts:  34%|███▍      | 11/32 [03:53<03:30, 10.01s/it, est. speed input: 2.95 toks/s, output: 108.09 toks/s]
[36m(WorkerDict pid=4031198)[0m Processed prompts:  34%|███▍      | 11/32 [03:53<04:22, 12.51s/it, est. speed input: 4.20 toks/s, output: 97.85 toks/s]
[36m(WorkerDict pid=4031194)[0m Processed prompts:  38%|███▊      | 12/32 [03:54<03:35, 10.78s/it, est. speed input: 2.45 toks/s, output: 115.34 toks/s]
[36m(WorkerDict pid=4031198)[0m Processed prompts:  38%|███▊      | 12/32 [03:54<03:03,  9.16s/it, est. speed input: 4.55 toks/s, output: 109.33 toks/s]
[36m(WorkerDict pid=4031196)[0m Processed prompts:  38%|███▊      | 12/32 [03:55<02:30,  7.55s/it, est. speed input: 3.20 toks/s, output: 119.30 toks/s]
[36m(WorkerDict pid=4031199)[0m Processed prompts:  47%|████▋     | 15/32 [03:56<03:13, 11.37s/it, est. speed input: 5.40 toks/s, output: 138.43 toks/s]
[36m(WorkerDict pid=4031205)[0m Processed prompts:  25%|██▌       | 8/32 [03:56<04:30, 11.28s/it, est. speed input: 1.22 toks/s, output: 86.29 toks/s]
[36m(WorkerDict pid=4031195)[0m Processed prompts:  31%|███▏      | 10/32 [04:00<03:30,  9.57s/it, est. speed input: 2.62 toks/s, output: 106.48 toks/s]
[36m(WorkerDict pid=4031194)[0m Processed prompts:  41%|████      | 13/32 [04:00<02:55,  9.23s/it, est. speed input: 2.59 toks/s, output: 124.71 toks/s]
[36m(WorkerDict pid=4031198)[0m Processed prompts:  41%|████      | 13/32 [04:00<02:32,  8.02s/it, est. speed input: 4.82 toks/s, output: 118.97 toks/s]
[36m(WorkerDict pid=4031195)[0m Processed prompts:  34%|███▍      | 11/32 [04:00<02:23,  6.82s/it, est. speed input: 2.90 toks/s, output: 118.30 toks/s]
[36m(WorkerDict pid=4031196)[0m Processed prompts:  41%|████      | 13/32 [04:01<02:19,  7.34s/it, est. speed input: 3.37 toks/s, output: 128.02 toks/s]
[36m(WorkerDict pid=4031198)[0m Processed prompts:  44%|████▍     | 14/32 [04:02<01:55,  6.41s/it, est. speed input: 5.13 toks/s, output: 129.76 toks/s]
[36m(WorkerDict pid=4031196)[0m Processed prompts:  44%|████▍     | 14/32 [04:03<01:40,  5.58s/it, est. speed input: 3.61 toks/s, output: 139.31 toks/s]
[36m(WorkerDict pid=4031195)[0m Processed prompts:  38%|███▊      | 12/32 [04:04<01:57,  5.88s/it, est. speed input: 3.14 toks/s, output: 128.59 toks/s]
[36m(WorkerDict pid=4031195)[0m Processed prompts:  41%|████      | 13/32 [04:05<01:21,  4.30s/it, est. speed input: 3.41 toks/s, output: 140.33 toks/s]
[36m(WorkerDict pid=4031195)[0m Processed prompts:  44%|████▍     | 14/32 [04:05<00:55,  3.07s/it, est. speed input: 3.64 toks/s, output: 152.27 toks/s]
[36m(WorkerDict pid=4031205)[0m Processed prompts:  28%|██▊       | 9/32 [04:05<04:08, 10.78s/it, est. speed input: 1.32 toks/s, output: 94.99 toks/s]
[36m(WorkerDict pid=4031195)[0m Processed prompts:  47%|████▋     | 15/32 [04:06<00:43,  2.54s/it, est. speed input: 3.85 toks/s, output: 163.55 toks/s]
[36m(WorkerDict pid=4031194)[0m Processed prompts:  44%|████▍     | 14/32 [04:09<02:41,  8.99s/it, est. speed input: 2.89 toks/s, output: 132.57 toks/s]
[36m(WorkerDict pid=4031195)[0m Processed prompts:  50%|█████     | 16/32 [04:09<00:40,  2.54s/it, est. speed input: 4.09 toks/s, output: 173.98 toks/s]
[36m(WorkerDict pid=4031195)[0m Processed prompts:  53%|█████▎    | 17/32 [04:10<00:31,  2.07s/it, est. speed input: 4.35 toks/s, output: 185.40 toks/s]
[36m(WorkerDict pid=4031198)[0m Processed prompts:  47%|████▋     | 15/32 [04:10<01:53,  6.69s/it, est. speed input: 5.34 toks/s, output: 138.06 toks/s]
[36m(WorkerDict pid=4031197)[0m Processed prompts:  50%|█████     | 16/32 [04:13<04:20, 16.31s/it, est. speed input: 3.90 toks/s, output: 131.22 toks/s]
[36m(WorkerDict pid=4031205)[0m Processed prompts:  31%|███▏      | 10/32 [04:12<03:29,  9.53s/it, est. speed input: 1.43 toks/s, output: 104.57 toks/s]
[36m(WorkerDict pid=4031196)[0m Processed prompts:  47%|████▋     | 15/32 [04:13<01:56,  6.84s/it, est. speed input: 3.73 toks/s, output: 146.05 toks/s]
[36m(WorkerDict pid=4031194)[0m Processed prompts:  47%|████▋     | 15/32 [04:14<02:15,  7.97s/it, est. speed input: 3.01 toks/s, output: 141.74 toks/s]
[36m(WorkerDict pid=4031199)[0m Processed prompts:  50%|█████     | 16/32 [04:15<03:42, 13.92s/it, est. speed input: 5.31 toks/s, output: 139.77 toks/s]
[36m(WorkerDict pid=4031194)[0m Processed prompts:  50%|█████     | 16/32 [04:16<01:39,  6.20s/it, est. speed input: 3.17 toks/s, output: 152.67 toks/s]
[36m(WorkerDict pid=4031205)[0m Processed prompts:  34%|███▍      | 11/32 [04:16<02:45,  7.86s/it, est. speed input: 1.54 toks/s, output: 115.04 toks/s]
[36m(WorkerDict pid=4031197)[0m Processed prompts:  53%|█████▎    | 17/32 [04:17<03:14, 12.97s/it, est. speed input: 4.11 toks/s, output: 141.06 toks/s]
[36m(WorkerDict pid=4031196)[0m Processed prompts:  50%|█████     | 16/32 [04:17<01:34,  5.91s/it, est. speed input: 3.86 toks/s, output: 156.02 toks/s]
[36m(WorkerDict pid=4031195)[0m Processed prompts:  56%|█████▋    | 18/32 [04:18<00:53,  3.82s/it, est. speed input: 4.44 toks/s, output: 191.84 toks/s]
[36m(WorkerDict pid=4031200)[0m Processed prompts:  53%|█████▎    | 17/32 [04:19<08:32, 34.17s/it, est. speed input: 3.92 toks/s, output: 98.29 toks/s] 
[36m(WorkerDict pid=4031195)[0m Processed prompts:  59%|█████▉    | 19/32 [04:18<00:36,  2.84s/it, est. speed input: 4.65 toks/s, output: 203.52 toks/s]
[36m(WorkerDict pid=4031205)[0m Processed prompts:  38%|███▊      | 12/32 [04:20<02:16,  6.81s/it, est. speed input: 1.66 toks/s, output: 125.21 toks/s]
[36m(WorkerDict pid=4031200)[0m Processed prompts:  56%|█████▋    | 18/32 [04:22<05:48, 24.89s/it, est. speed input: 4.08 toks/s, output: 109.15 toks/s]
[36m(WorkerDict pid=4031205)[0m Processed prompts:  41%|████      | 13/32 [04:22<01:36,  5.06s/it, est. speed input: 1.79 toks/s, output: 136.84 toks/s]
[36m(WorkerDict pid=4031198)[0m Processed prompts:  50%|█████     | 16/32 [04:24<02:22,  8.93s/it, est. speed input: 5.39 toks/s, output: 142.80 toks/s]
[36m(WorkerDict pid=4031205)[0m Processed prompts:  44%|████▍     | 14/32 [04:25<01:20,  4.47s/it, est. speed input: 1.90 toks/s, output: 147.36 toks/s]
[36m(WorkerDict pid=4031196)[0m Processed prompts:  53%|█████▎    | 17/32 [04:27<01:49,  7.32s/it, est. speed input: 3.89 toks/s, output: 161.96 toks/s]
[36m(WorkerDict pid=4031197)[0m Processed prompts:  56%|█████▋    | 18/32 [04:28<02:53, 12.36s/it, est. speed input: 4.17 toks/s, output: 147.45 toks/s]
[36m(WorkerDict pid=4031197)[0m Processed prompts:  59%|█████▉    | 19/32 [04:31<02:07,  9.81s/it, est. speed input: 4.37 toks/s, output: 157.61 toks/s]
[36m(WorkerDict pid=4031195)[0m Processed prompts:  62%|██████▎   | 20/32 [04:31<01:10,  5.89s/it, est. speed input: 4.68 toks/s, output: 205.90 toks/s]
[36m(WorkerDict pid=4031196)[0m Processed prompts:  56%|█████▋    | 18/32 [04:31<01:29,  6.37s/it, est. speed input: 4.00 toks/s, output: 171.60 toks/s]
[36m(WorkerDict pid=4031195)[0m Processed prompts:  66%|██████▌   | 21/32 [04:34<00:52,  4.81s/it, est. speed input: 4.85 toks/s, output: 216.30 toks/s]
[36m(WorkerDict pid=4031197)[0m Processed prompts:  62%|██████▎   | 20/32 [04:35<01:34,  7.89s/it, est. speed input: 4.58 toks/s, output: 167.83 toks/s]
[36m(WorkerDict pid=4031195)[0m Processed prompts:  69%|██████▉   | 22/32 [04:34<00:36,  3.61s/it, est. speed input: 5.04 toks/s, output: 227.77 toks/s]
[36m(WorkerDict pid=4031196)[0m Processed prompts:  59%|█████▉    | 19/32 [04:38<01:23,  6.40s/it, est. speed input: 4.08 toks/s, output: 179.74 toks/s]
[36m(WorkerDict pid=4031197)[0m Processed prompts:  66%|██████▌   | 21/32 [04:41<01:20,  7.30s/it, est. speed input: 4.74 toks/s, output: 176.41 toks/s]
[36m(WorkerDict pid=4031197)[0m Processed prompts:  69%|██████▉   | 22/32 [04:45<01:04,  6.48s/it, est. speed input: 4.91 toks/s, output: 185.73 toks/s]
[36m(WorkerDict pid=4031196)[0m Processed prompts:  62%|██████▎   | 20/32 [04:45<01:18,  6.52s/it, est. speed input: 4.15 toks/s, output: 187.59 toks/s]
[36m(WorkerDict pid=4031200)[0m Processed prompts:  59%|█████▉    | 19/32 [04:45<05:16, 24.36s/it, est. speed input: 3.95 toks/s, output: 112.42 toks/s]
[36m(WorkerDict pid=4031198)[0m Processed prompts:  53%|█████▎    | 17/32 [04:44<03:07, 12.49s/it, est. speed input: 5.25 toks/s, output: 144.54 toks/s]
[36m(WorkerDict pid=4031195)[0m Processed prompts:  72%|███████▏  | 23/32 [04:46<00:54,  6.08s/it, est. speed input: 5.03 toks/s, output: 230.48 toks/s]
[36m(WorkerDict pid=4031197)[0m Processed prompts:  72%|███████▏  | 23/32 [04:47<00:47,  5.27s/it, est. speed input: 5.12 toks/s, output: 196.27 toks/s]
[36m(WorkerDict pid=4031194)[0m Processed prompts:  53%|█████▎    | 17/32 [04:47<03:25, 13.68s/it, est. speed input: 3.16 toks/s, output: 148.31 toks/s]
[36m(WorkerDict pid=4031196)[0m Processed prompts:  66%|██████▌   | 21/32 [04:47<00:58,  5.36s/it, est. speed input: 4.28 toks/s, output: 197.98 toks/s]
[36m(WorkerDict pid=4031194)[0m Processed prompts:  56%|█████▋    | 18/32 [04:49<02:20, 10.02s/it, est. speed input: 3.47 toks/s, output: 159.66 toks/s]
[36m(WorkerDict pid=4031196)[0m Processed prompts:  69%|██████▉   | 22/32 [04:49<00:42,  4.27s/it, est. speed input: 4.42 toks/s, output: 208.93 toks/s]
[36m(WorkerDict pid=4031195)[0m Processed prompts:  75%|███████▌  | 24/32 [04:51<00:45,  5.73s/it, est. speed input: 5.14 toks/s, output: 238.75 toks/s]
[36m(WorkerDict pid=4031201)[0m Processed prompts:  53%|█████▎    | 17/32 [04:52<10:44, 42.93s/it, est. speed input: 2.50 toks/s, output: 90.58 toks/s] 
[36m(WorkerDict pid=4031194)[0m Processed prompts:  62%|██████▎   | 20/32 [04:56<01:23,  6.98s/it, est. speed input: 4.03 toks/s, output: 179.93 toks/s]
[36m(WorkerDict pid=4031196)[0m Processed prompts:  72%|███████▏  | 23/32 [04:56<00:45,  5.03s/it, est. speed input: 4.48 toks/s, output: 216.28 toks/s]
[36m(WorkerDict pid=4031195)[0m Processed prompts:  78%|███████▊  | 25/32 [04:56<00:38,  5.47s/it, est. speed input: 5.29 toks/s, output: 246.96 toks/s]
[36m(WorkerDict pid=4031194)[0m Processed prompts:  66%|██████▌   | 21/32 [04:56<00:59,  5.42s/it, est. speed input: 4.34 toks/s, output: 191.64 toks/s]
[36m(WorkerDict pid=4031195)[0m Processed prompts:  81%|████████▏ | 26/32 [04:59<00:27,  4.60s/it, est. speed input: 5.44 toks/s, output: 256.98 toks/s]
[36m(WorkerDict pid=4031195)[0m Processed prompts:  84%|████████▍ | 27/32 [04:59<00:16,  3.32s/it, est. speed input: 5.66 toks/s, output: 268.86 toks/s]
[36m(WorkerDict pid=4031199)[0m Processed prompts:  53%|█████▎    | 17/32 [04:59<05:44, 22.95s/it, est. speed input: 4.70 toks/s, output: 131.43 toks/s]
[36m(WorkerDict pid=4031195)[0m Processed prompts:  88%|████████▊ | 28/32 [05:00<00:10,  2.71s/it, est. speed input: 5.83 toks/s, output: 279.86 toks/s]
[36m(WorkerDict pid=4031194)[0m Processed prompts:  69%|██████▉   | 22/32 [05:01<00:51,  5.17s/it, est. speed input: 4.60 toks/s, output: 200.95 toks/s]
[36m(WorkerDict pid=4031200)[0m Processed prompts:  62%|██████▎   | 20/32 [05:02<04:25, 22.14s/it, est. speed input: 3.91 toks/s, output: 118.26 toks/s]
[36m(WorkerDict pid=4031197)[0m Processed prompts:  75%|███████▌  | 24/32 [05:03<01:06,  8.32s/it, est. speed input: 5.09 toks/s, output: 198.39 toks/s]
[36m(WorkerDict pid=4031194)[0m Processed prompts:  72%|███████▏  | 23/32 [05:05<00:44,  4.99s/it, est. speed input: 4.84 toks/s, output: 210.12 toks/s]
[36m(WorkerDict pid=4031197)[0m Processed prompts:  78%|███████▊  | 25/32 [05:06<00:46,  6.67s/it, est. speed input: 5.27 toks/s, output: 208.71 toks/s]
[36m(WorkerDict pid=4031198)[0m Processed prompts:  56%|█████▋    | 18/32 [05:07<03:35, 15.39s/it, est. speed input: 5.11 toks/s, output: 146.30 toks/s]
[36m(WorkerDict pid=4031195)[0m Processed prompts:  91%|█████████ | 29/32 [05:09<00:13,  4.46s/it, est. speed input: 5.85 toks/s, output: 284.27 toks/s]
[36m(WorkerDict pid=4031198)[0m Processed prompts:  59%|█████▉    | 19/32 [05:12<02:40, 12.32s/it, est. speed input: 5.26 toks/s, output: 156.05 toks/s]
[36m(WorkerDict pid=4031210)[0m Processed prompts:   3%|▎         | 1/32 [05:13<2:41:46, 313.11s/it, est. speed input: 0.21 toks/s, output: 12.16 toks/s]
[36m(WorkerDict pid=4031199)[0m Processed prompts:  56%|█████▋    | 18/32 [05:14<04:47, 20.55s/it, est. speed input: 4.64 toks/s, output: 137.34 toks/s]
[36m(WorkerDict pid=4031194)[0m Processed prompts:  75%|███████▌  | 24/32 [05:16<00:52,  6.50s/it, est. speed input: 4.98 toks/s, output: 215.37 toks/s]
[36m(WorkerDict pid=4031196)[0m Processed prompts:  75%|███████▌  | 24/32 [05:17<01:18,  9.83s/it, est. speed input: 4.39 toks/s, output: 214.12 toks/s]
[36m(WorkerDict pid=4031200)[0m Processed prompts:  66%|██████▌   | 21/32 [05:18<03:42, 20.20s/it, est. speed input: 3.90 toks/s, output: 124.59 toks/s]
[36m(WorkerDict pid=4031197)[0m Processed prompts:  81%|████████▏ | 26/32 [05:18<00:50,  8.46s/it, est. speed input: 5.29 toks/s, output: 212.59 toks/s]
[36m(WorkerDict pid=4031198)[0m Processed prompts:  62%|██████▎   | 20/32 [05:18<02:05, 10.49s/it, est. speed input: 5.39 toks/s, output: 165.19 toks/s]
[36m(WorkerDict pid=4031194)[0m Processed prompts:  78%|███████▊  | 25/32 [05:19<00:38,  5.50s/it, est. speed input: 5.23 toks/s, output: 225.53 toks/s]
[36m(WorkerDict pid=4031195)[0m Processed prompts:  94%|█████████▍| 30/32 [05:19<00:12,  6.19s/it, est. speed input: 5.88 toks/s, output: 287.34 toks/s]
[36m(WorkerDict pid=4031201)[0m Processed prompts:  56%|█████▋    | 18/32 [05:20<08:58, 38.45s/it, est. speed input: 2.37 toks/s, output: 94.85 toks/s]
[36m(WorkerDict pid=4031200)[0m Processed prompts:  69%|██████▉   | 22/32 [05:21<02:31, 15.18s/it, est. speed input: 4.03 toks/s, output: 135.41 toks/s]
[36m(WorkerDict pid=4031196)[0m Processed prompts:  78%|███████▊  | 25/32 [05:25<01:05,  9.41s/it, est. speed input: 4.47 toks/s, output: 220.77 toks/s]
[36m(WorkerDict pid=4031200)[0m Processed prompts:  72%|███████▏  | 23/32 [05:27<01:52, 12.47s/it, est. speed input: 4.12 toks/s, output: 145.04 toks/s]
[36m(WorkerDict pid=4031198)[0m Processed prompts:  66%|██████▌   | 21/32 [05:27<01:49,  9.94s/it, est. speed input: 5.47 toks/s, output: 173.02 toks/s]
[36m(WorkerDict pid=4031194)[0m Processed prompts:  81%|████████▏ | 26/32 [05:28<00:39,  6.55s/it, est. speed input: 5.37 toks/s, output: 231.43 toks/s]
[36m(WorkerDict pid=4031196)[0m Processed prompts:  81%|████████▏ | 26/32 [05:29<00:46,  7.74s/it, est. speed input: 4.56 toks/s, output: 230.38 toks/s]
[36m(WorkerDict pid=4031199)[0m Processed prompts:  59%|█████▉    | 19/32 [05:30<04:08, 19.15s/it, est. speed input: 4.57 toks/s, output: 142.92 toks/s]
[36m(WorkerDict pid=4031194)[0m Processed prompts:  84%|████████▍ | 27/32 [05:30<00:26,  5.36s/it, est. speed input: 5.48 toks/s, output: 241.86 toks/s]
[36m(WorkerDict pid=4031194)[0m Processed prompts:  88%|████████▊ | 28/32 [05:31<00:16,  4.07s/it, est. speed input: 5.75 toks/s, output: 253.33 toks/s]
[36m(WorkerDict pid=4031205)[0m Processed prompts:  47%|████▋     | 15/32 [05:31<06:35, 23.28s/it, est. speed input: 1.63 toks/s, output: 129.89 toks/s]
[36m(WorkerDict pid=4031198)[0m Processed prompts:  69%|██████▉   | 22/32 [05:33<01:29,  8.90s/it, est. speed input: 5.58 toks/s, output: 181.86 toks/s]
[36m(WorkerDict pid=4031197)[0m Processed prompts:  84%|████████▍ | 27/32 [05:36<00:56, 11.22s/it, est. speed input: 5.22 toks/s, output: 213.59 toks/s]
[36m(WorkerDict pid=4031194)[0m Processed prompts:  91%|█████████ | 29/32 [05:39<00:15,  5.08s/it, est. speed input: 5.90 toks/s, output: 259.94 toks/s]
[36m(WorkerDict pid=4031194)[0m Processed prompts:  94%|█████████▍| 30/32 [05:39<00:07,  3.61s/it, est. speed input: 6.18 toks/s, output: 272.01 toks/s]
[36m(WorkerDict pid=4031199)[0m Processed prompts:  62%|██████▎   | 20/32 [05:40<03:15, 16.27s/it, est. speed input: 4.58 toks/s, output: 151.08 toks/s]
[36m(WorkerDict pid=4031201)[0m Processed prompts:  59%|█████▉    | 19/32 [05:40<07:08, 32.96s/it, est. speed input: 2.31 toks/s, output: 101.46 toks/s]
[36m(WorkerDict pid=4031213)[0m Processed prompts:   3%|▎         | 1/32 [05:42<2:56:59, 342.56s/it, est. speed input: 0.25 toks/s, output: 12.20 toks/s]
[36m(WorkerDict pid=4031194)[0m Processed prompts:  97%|█████████▋| 31/32 [05:47<00:04,  4.94s/it, est. speed input: 6.31 toks/s, output: 277.89 toks/s]
[36m(WorkerDict pid=4031210)[0m Processed prompts:   6%|▋         | 2/32 [05:47<1:14:35, 149.18s/it, est. speed input: 0.37 toks/s, output: 23.15 toks/s]
[36m(WorkerDict pid=4031200)[0m Processed prompts:  75%|███████▌  | 24/32 [05:49<02:02, 15.36s/it, est. speed input: 4.02 toks/s, output: 148.08 toks/s]
[36m(WorkerDict pid=4031210)[0m Processed prompts:   9%|▉         | 3/32 [05:51<40:00, 82.77s/it, est. speed input: 0.56 toks/s, output: 35.11 toks/s]   
[36m(WorkerDict pid=4031194)[0m Processed prompts: 100%|██████████| 32/32 [05:52<00:00,  4.87s/it, est. speed input: 6.50 toks/s, output: 286.38 toks/s]Processed prompts: 100%|██████████| 32/32 [05:52<00:00,  4.87s/it, est. speed input: 6.50 toks/s, output: 286.38 toks/s]
[36m(WorkerDict pid=4031195)[0m Processed prompts:  97%|█████████▋| 31/32 [05:54<00:14, 14.91s/it, est. speed input: 5.49 toks/s, output: 271.02 toks/s]
[36m(WorkerDict pid=4031197)[0m Processed prompts:  88%|████████▊ | 28/32 [05:56<00:55, 13.87s/it, est. speed input: 5.13 toks/s, output: 213.79 toks/s]
[36m(WorkerDict pid=4031197)[0m Processed prompts:  91%|█████████ | 29/32 [05:56<00:29,  9.80s/it, est. speed input: 5.32 toks/s, output: 225.81 toks/s]
[36m(WorkerDict pid=4031201)[0m Processed prompts:  62%|██████▎   | 20/32 [05:56<05:32, 27.68s/it, est. speed input: 2.29 toks/s, output: 109.31 toks/s]
[36m(WorkerDict pid=4031202)[0m Processed prompts:   3%|▎         | 1/32 [05:56<3:04:03, 356.26s/it, est. speed input: 0.28 toks/s, output: 12.24 toks/s]
[36m(WorkerDict pid=4031210)[0m Processed prompts:  12%|█▎        | 4/32 [05:58<24:41, 52.90s/it, est. speed input: 0.73 toks/s, output: 46.64 toks/s]
[36m(WorkerDict pid=4031196)[0m Processed prompts:  84%|████████▍ | 27/32 [05:58<01:10, 14.18s/it, est. speed input: 4.33 toks/s, output: 223.86 toks/s]
[36m(WorkerDict pid=4031199)[0m Processed prompts:  66%|██████▌   | 21/32 [06:00<03:13, 17.56s/it, est. speed input: 4.46 toks/s, output: 154.69 toks/s]
[36m(WorkerDict pid=4031203)[0m Processed prompts:   3%|▎         | 1/32 [06:01<3:06:34, 361.12s/it, est. speed input: 0.37 toks/s, output: 12.23 toks/s]
[36m(WorkerDict pid=4031210)[0m Processed prompts:  16%|█▌        | 5/32 [06:03<15:59, 35.54s/it, est. speed input: 0.89 toks/s, output: 58.25 toks/s]
[36m(WorkerDict pid=4031198)[0m Processed prompts:  72%|███████▏  | 23/32 [06:03<02:15, 15.11s/it, est. speed input: 5.33 toks/s, output: 179.29 toks/s]
[36m(WorkerDict pid=4031199)[0m Processed prompts:  69%|██████▉   | 22/32 [06:05<02:17, 13.76s/it, est. speed input: 4.54 toks/s, output: 164.79 toks/s]
[36m(WorkerDict pid=4031199)[0m Processed prompts:  72%|███████▏  | 23/32 [06:08<01:33, 10.37s/it, est. speed input: 4.64 toks/s, output: 175.84 toks/s]
[36m(WorkerDict pid=4031213)[0m Processed prompts:   6%|▋         | 2/32 [06:08<1:18:08, 156.30s/it, est. speed input: 0.47 toks/s, output: 23.49 toks/s]
[36m(WorkerDict pid=4031196)[0m Processed prompts:  88%|████████▊ | 28/32 [06:08<00:51, 12.95s/it, est. speed input: 4.34 toks/s, output: 229.90 toks/s]
[36m(WorkerDict pid=4031204)[0m Processed prompts:   3%|▎         | 1/32 [06:11<3:11:42, 371.04s/it, est. speed input: 0.12 toks/s, output: 12.17 toks/s]
[36m(WorkerDict pid=4031196)[0m Processed prompts:  91%|█████████ | 29/32 [06:11<00:29,  9.89s/it, est. speed input: 4.44 toks/s, output: 240.35 toks/s]
[36m(WorkerDict pid=4031200)[0m Processed prompts:  78%|███████▊  | 25/32 [06:12<02:02, 17.54s/it, est. speed input: 3.93 toks/s, output: 151.22 toks/s]
[36m(WorkerDict pid=4031196)[0m Processed prompts:  94%|█████████▍| 30/32 [06:13<00:14,  7.48s/it, est. speed input: 4.54 toks/s, output: 251.31 toks/s]
[36m(WorkerDict pid=4031199)[0m Processed prompts:  75%|███████▌  | 24/32 [06:14<01:13,  9.24s/it, est. speed input: 4.70 toks/s, output: 184.89 toks/s]
[36m(WorkerDict pid=4031200)[0m Processed prompts:  81%|████████▏ | 26/32 [06:15<01:18, 13.03s/it, est. speed input: 4.05 toks/s, output: 162.37 toks/s]
[36m(WorkerDict pid=4031199)[0m Processed prompts:  78%|███████▊  | 25/32 [06:17<00:49,  7.14s/it, est. speed input: 4.80 toks/s, output: 195.95 toks/s]
[36m(WorkerDict pid=4031196)[0m Processed prompts:  97%|█████████▋| 31/32 [06:20<00:07,  7.37s/it, est. speed input: 4.58 toks/s, output: 258.80 toks/s]
[36m(WorkerDict pid=4031198)[0m Processed prompts:  75%|███████▌  | 24/32 [06:24<02:15, 16.96s/it, est. speed input: 5.22 toks/s, output: 181.56 toks/s]
[36m(WorkerDict pid=4031213)[0m Processed prompts:   9%|▉         | 3/32 [06:25<44:49, 92.74s/it, est. speed input: 0.67 toks/s, output: 34.63 toks/s]   
[36m(WorkerDict pid=4031199)[0m Processed prompts:  81%|████████▏ | 26/32 [06:26<00:46,  7.75s/it, est. speed input: 4.82 toks/s, output: 203.46 toks/s]
[36m(WorkerDict pid=4031198)[0m Processed prompts:  78%|███████▊  | 25/32 [06:26<01:28, 12.59s/it, est. speed input: 5.38 toks/s, output: 192.63 toks/s]
[36m(WorkerDict pid=4031196)[0m Processed prompts: 100%|██████████| 32/32 [06:27<00:00,  7.33s/it, est. speed input: 4.62 toks/s, output: 266.14 toks/s]Processed prompts: 100%|██████████| 32/32 [06:27<00:00,  7.33s/it, est. speed input: 4.62 toks/s, output: 266.14 toks/s]
[36m(WorkerDict pid=4031210)[0m Processed prompts:  19%|█▉        | 6/32 [06:28<13:52, 32.00s/it, est. speed input: 1.00 toks/s, output: 66.66 toks/s]
[36m(WorkerDict pid=4031200)[0m Processed prompts:  84%|████████▍ | 27/32 [06:29<01:07, 13.51s/it, est. speed input: 4.04 toks/s, output: 168.44 toks/s]
[36m(WorkerDict pid=4031200)[0m Processed prompts:  88%|████████▊ | 28/32 [06:30<00:38,  9.75s/it, est. speed input: 4.18 toks/s, output: 180.20 toks/s]
[36m(WorkerDict pid=4031202)[0m Processed prompts:   6%|▋         | 2/32 [06:31<1:23:49, 167.65s/it, est. speed input: 0.52 toks/s, output: 23.32 toks/s]
[36m(WorkerDict pid=4031210)[0m Processed prompts:  22%|██▏       | 7/32 [06:32<09:34, 22.97s/it, est. speed input: 1.16 toks/s, output: 78.09 toks/s]
[36m(WorkerDict pid=4031200)[0m Processed prompts:  91%|█████████ | 29/32 [06:33<00:22,  7.56s/it, est. speed input: 4.29 toks/s, output: 191.25 toks/s]
[36m(WorkerDict pid=4031211)[0m Processed prompts:   3%|▎         | 1/32 [06:34<3:23:45, 394.37s/it, est. speed input: 0.29 toks/s, output: 12.18 toks/s]
[36m(WorkerDict pid=4031202)[0m Processed prompts:   9%|▉         | 3/32 [06:34<44:36, 92.29s/it, est. speed input: 0.77 toks/s, output: 35.37 toks/s]   
[36m(WorkerDict pid=4031202)[0m Processed prompts:  12%|█▎        | 4/32 [06:35<26:09, 56.06s/it, est. speed input: 1.02 toks/s, output: 47.52 toks/s]
[36m(WorkerDict pid=4031198)[0m Processed prompts:  81%|████████▏ | 26/32 [06:35<01:08, 11.41s/it, est. speed input: 5.45 toks/s, output: 200.62 toks/s]
[36m(WorkerDict pid=4031212)[0m Processed prompts:   3%|▎         | 1/32 [06:35<3:24:29, 395.78s/it, est. speed input: 0.16 toks/s, output: 12.21 toks/s]
[36m(WorkerDict pid=4031204)[0m Processed prompts:   6%|▋         | 2/32 [06:36<1:23:50, 167.69s/it, est. speed input: 0.22 toks/s, output: 23.60 toks/s]
[36m(WorkerDict pid=4031197)[0m Processed prompts:  94%|█████████▍| 30/32 [06:37<00:38, 19.07s/it, est. speed input: 4.95 toks/s, output: 214.87 toks/s]
[36m(WorkerDict pid=4031197)[0m Processed prompts:  97%|█████████▋| 31/32 [06:37<00:13, 13.42s/it, est. speed input: 5.13 toks/s, output: 226.92 toks/s]
[36m(WorkerDict pid=4031195)[0m Processed prompts: 100%|██████████| 32/32 [06:41<00:00, 24.44s/it, est. speed input: 5.02 toks/s, output: 251.70 toks/s]Processed prompts: 100%|██████████| 32/32 [06:41<00:00, 24.44s/it, est. speed input: 5.02 toks/s, output: 251.70 toks/s]
[36m(WorkerDict pid=4031213)[0m Processed prompts:  12%|█▎        | 4/32 [06:43<29:33, 63.33s/it, est. speed input: 0.85 toks/s, output: 45.26 toks/s]
[36m(WorkerDict pid=4031202)[0m Processed prompts:  16%|█▌        | 5/32 [06:44<17:42, 39.35s/it, est. speed input: 1.25 toks/s, output: 58.59 toks/s]
[36m(WorkerDict pid=4031201)[0m Processed prompts:  66%|██████▌   | 21/32 [06:45<06:14, 34.07s/it, est. speed input: 2.08 toks/s, output: 108.31 toks/s]
[36m(WorkerDict pid=4031202)[0m Processed prompts:  19%|█▉        | 6/32 [06:46<11:33, 26.69s/it, est. speed input: 1.49 toks/s, output: 70.51 toks/s]
[36m(WorkerDict pid=4031201)[0m Processed prompts:  69%|██████▉   | 22/32 [06:47<04:06, 24.61s/it, est. speed input: 2.14 toks/s, output: 119.86 toks/s]
[36m(WorkerDict pid=4031205)[0m Processed prompts:  50%|█████     | 16/32 [06:49<10:34, 39.67s/it, est. speed input: 1.41 toks/s, output: 117.46 toks/s]
[36m(WorkerDict pid=4031199)[0m Processed prompts:  84%|████████▍ | 27/32 [06:51<01:04, 12.88s/it, est. speed input: 4.65 toks/s, output: 203.37 toks/s]
[36m(WorkerDict pid=4031211)[0m Processed prompts:   6%|▋         | 2/32 [06:50<1:26:03, 172.11s/it, est. speed input: 0.56 toks/s, output: 23.91 toks/s]
[36m(WorkerDict pid=4031198)[0m Processed prompts:  84%|████████▍ | 27/32 [06:54<01:08, 13.75s/it, est. speed input: 5.37 toks/s, output: 203.55 toks/s]
[36m(WorkerDict pid=4031210)[0m Processed prompts:  25%|██▌       | 8/32 [06:55<09:12, 23.02s/it, est. speed input: 1.25 toks/s, output: 85.97 toks/s]
[36m(WorkerDict pid=4031197)[0m Processed prompts: 100%|██████████| 32/32 [06:58<00:00, 15.61s/it, est. speed input: 5.05 toks/s, output: 227.89 toks/s]Processed prompts: 100%|██████████| 32/32 [06:58<00:00, 15.61s/it, est. speed input: 5.05 toks/s, output: 227.89 toks/s]
[36m(WorkerDict pid=4031198)[0m Processed prompts:  88%|████████▊ | 28/32 [06:58<00:43, 10.76s/it, est. speed input: 5.50 toks/s, output: 213.96 toks/s]
[36m(WorkerDict pid=4031199)[0m Processed prompts:  88%|████████▊ | 28/32 [06:59<00:46, 11.65s/it, est. speed input: 4.67 toks/s, output: 211.34 toks/s]
[36m(WorkerDict pid=4031198)[0m Processed prompts:  91%|█████████ | 29/32 [06:59<00:23,  7.89s/it, est. speed input: 5.65 toks/s, output: 225.59 toks/s]
[36m(WorkerDict pid=4031211)[0m Processed prompts:   9%|▉         | 3/32 [07:01<47:28, 98.23s/it, est. speed input: 0.83 toks/s, output: 35.55 toks/s]   
[36m(WorkerDict pid=4031201)[0m Processed prompts:  72%|███████▏  | 23/32 [07:01<03:11, 21.24s/it, est. speed input: 2.14 toks/s, output: 128.29 toks/s]
[36m(WorkerDict pid=4031198)[0m Processed prompts:  94%|█████████▍| 30/32 [07:03<00:13,  6.73s/it, est. speed input: 5.77 toks/s, output: 235.70 toks/s]
[36m(WorkerDict pid=4031210)[0m Processed prompts:  28%|██▊       | 9/32 [07:05<07:11, 18.76s/it, est. speed input: 1.38 toks/s, output: 96.31 toks/s]
[36m(WorkerDict pid=4031211)[0m Processed prompts:  12%|█▎        | 4/32 [07:06<28:39, 61.42s/it, est. speed input: 1.09 toks/s, output: 47.38 toks/s]
[36m(WorkerDict pid=4031210)[0m Processed prompts:  31%|███▏      | 10/32 [07:07<05:03, 13.82s/it, est. speed input: 1.52 toks/s, output: 107.94 toks/s]
[36m(WorkerDict pid=4031200)[0m Processed prompts:  94%|█████████▍| 30/32 [07:08<00:31, 15.82s/it, est. speed input: 4.07 toks/s, output: 187.81 toks/s]
[36m(WorkerDict pid=4031201)[0m Processed prompts:  75%|███████▌  | 24/32 [07:08<02:16, 17.09s/it, est. speed input: 2.17 toks/s, output: 138.34 toks/s]
[36m(WorkerDict pid=4031201)[0m Processed prompts:  78%|███████▊  | 25/32 [07:10<01:28, 12.64s/it, est. speed input: 2.22 toks/s, output: 149.88 toks/s]
[36m(WorkerDict pid=4031211)[0m Processed prompts:  16%|█▌        | 5/32 [07:12<18:43, 41.61s/it, est. speed input: 1.34 toks/s, output: 58.93 toks/s]
[36m(WorkerDict pid=4031202)[0m Processed prompts:  22%|██▏       | 7/32 [07:13<11:10, 26.80s/it, est. speed input: 1.63 toks/s, output: 78.39 toks/s]
[36m(WorkerDict pid=4031205)[0m Processed prompts:  53%|█████▎    | 17/32 [07:14<08:48, 35.21s/it, est. speed input: 1.46 toks/s, output: 123.03 toks/s]
[36m(WorkerDict pid=4031201)[0m Processed prompts:  81%|████████▏ | 26/32 [07:18<01:07, 11.23s/it, est. speed input: 2.24 toks/s, output: 159.46 toks/s]
[36m(WorkerDict pid=4031203)[0m Processed prompts:   6%|▋         | 2/32 [07:20<1:37:47, 195.58s/it, est. speed input: 0.42 toks/s, output: 22.30 toks/s]
[36m(WorkerDict pid=4031201)[0m Processed prompts:  84%|████████▍ | 27/32 [07:21<00:43,  8.71s/it, est. speed input: 2.29 toks/s, output: 170.74 toks/s]
[36m(WorkerDict pid=4031202)[0m Processed prompts:  25%|██▌       | 8/32 [07:23<08:28, 21.19s/it, est. speed input: 1.82 toks/s, output: 89.06 toks/s]
[36m(WorkerDict pid=4031211)[0m Processed prompts:  19%|█▉        | 6/32 [07:23<13:29, 31.14s/it, est. speed input: 1.57 toks/s, output: 69.77 toks/s]
[36m(WorkerDict pid=4031204)[0m Processed prompts:   9%|▉         | 3/32 [07:23<54:25, 112.60s/it, est. speed input: 0.29 toks/s, output: 33.39 toks/s]  
[36m(WorkerDict pid=4031198)[0m Processed prompts:  97%|█████████▋| 31/32 [07:25<00:11, 11.15s/it, est. speed input: 5.66 toks/s, output: 236.62 toks/s]
[36m(WorkerDict pid=4031211)[0m Processed prompts:  22%|██▏       | 7/32 [07:25<09:04, 21.76s/it, est. speed input: 1.82 toks/s, output: 81.67 toks/s]
[36m(WorkerDict pid=4031210)[0m Processed prompts:  34%|███▍      | 11/32 [07:27<05:29, 15.70s/it, est. speed input: 1.60 toks/s, output: 115.41 toks/s]
[36m(WorkerDict pid=4031199)[0m Processed prompts:  91%|█████████ | 29/32 [07:28<00:50, 16.86s/it, est. speed input: 4.48 toks/s, output: 209.95 toks/s]
[36m(WorkerDict pid=4031202)[0m Processed prompts:  28%|██▊       | 9/32 [07:30<06:26, 16.82s/it, est. speed input: 2.02 toks/s, output: 99.94 toks/s]
[36m(WorkerDict pid=4031203)[0m Processed prompts:   9%|▉         | 3/32 [07:32<53:52, 111.47s/it, est. speed input: 0.52 toks/s, output: 34.04 toks/s]  
[36m(WorkerDict pid=4031201)[0m Processed prompts:  88%|████████▊ | 28/32 [07:32<00:37,  9.47s/it, est. speed input: 2.30 toks/s, output: 178.80 toks/s]
[36m(WorkerDict pid=4031213)[0m Processed prompts:  16%|█▌        | 5/32 [07:35<26:33, 59.03s/it, est. speed input: 0.94 toks/s, output: 52.45 toks/s]
[36m(WorkerDict pid=4031210)[0m Processed prompts:  38%|███▊      | 12/32 [07:36<04:27, 13.40s/it, est. speed input: 1.71 toks/s, output: 125.65 toks/s]
[36m(WorkerDict pid=4031201)[0m Processed prompts:  91%|█████████ | 29/32 [07:36<00:23,  7.83s/it, est. speed input: 2.34 toks/s, output: 189.55 toks/s]
[36m(WorkerDict pid=4031203)[0m Processed prompts:  12%|█▎        | 4/32 [07:38<32:43, 70.13s/it, est. speed input: 0.61 toks/s, output: 45.86 toks/s] 
[36m(WorkerDict pid=4031211)[0m Processed prompts:  25%|██▌       | 8/32 [07:40<07:46, 19.46s/it, est. speed input: 2.02 toks/s, output: 91.41 toks/s]
[36m(WorkerDict pid=4031210)[0m Processed prompts:  41%|████      | 13/32 [07:42<03:33, 11.21s/it, est. speed input: 1.83 toks/s, output: 136.29 toks/s]
[36m(WorkerDict pid=4031198)[0m Processed prompts: 100%|██████████| 32/32 [07:42<00:00, 12.94s/it, est. speed input: 5.61 toks/s, output: 240.20 toks/s]Processed prompts: 100%|██████████| 32/32 [07:42<00:00, 12.94s/it, est. speed input: 5.61 toks/s, output: 240.20 toks/s]
[36m(WorkerDict pid=4031210)[0m Processed prompts:  44%|████▍     | 14/32 [07:43<02:29,  8.31s/it, est. speed input: 1.96 toks/s, output: 148.14 toks/s]
[36m(WorkerDict pid=4031213)[0m Processed prompts:  19%|█▉        | 6/32 [07:44<18:16, 42.16s/it, est. speed input: 1.11 toks/s, output: 63.71 toks/s]
[36m(WorkerDict pid=4031202)[0m Processed prompts:  31%|███▏      | 10/32 [07:45<05:57, 16.27s/it, est. speed input: 2.17 toks/s, output: 109.05 toks/s]
[36m(WorkerDict pid=4031202)[0m Processed prompts:  34%|███▍      | 11/32 [07:46<04:06, 11.76s/it, est. speed input: 2.38 toks/s, output: 121.03 toks/s]
[36m(WorkerDict pid=4031210)[0m Processed prompts:  47%|████▋     | 15/32 [07:50<02:13,  7.88s/it, est. speed input: 2.07 toks/s, output: 158.30 toks/s]
[36m(WorkerDict pid=4031204)[0m Processed prompts:  12%|█▎        | 4/32 [07:51<37:00, 79.31s/it, est. speed input: 0.36 toks/s, output: 43.74 toks/s] 
[36m(WorkerDict pid=4031199)[0m Processed prompts:  94%|█████████▍| 30/32 [07:55<00:39, 19.70s/it, est. speed input: 4.34 toks/s, output: 210.66 toks/s]
[36m(WorkerDict pid=4031203)[0m Processed prompts:  16%|█▌        | 5/32 [07:56<23:05, 51.32s/it, est. speed input: 0.87 toks/s, output: 56.47 toks/s]
[36m(WorkerDict pid=4031204)[0m Processed prompts:  16%|█▌        | 5/32 [07:58<23:54, 53.12s/it, est. speed input: 0.45 toks/s, output: 55.49 toks/s]
[36m(WorkerDict pid=4031203)[0m Processed prompts:  19%|█▉        | 6/32 [07:58<14:56, 34.47s/it, est. speed input: 1.15 toks/s, output: 68.61 toks/s]
[36m(WorkerDict pid=4031204)[0m Processed prompts:  19%|█▉        | 6/32 [07:58<15:14, 35.19s/it, est. speed input: 0.54 toks/s, output: 67.81 toks/s]
[36m(WorkerDict pid=4031203)[0m Processed prompts:  22%|██▏       | 7/32 [07:59<09:47, 23.50s/it, est. speed input: 1.25 toks/s, output: 80.84 toks/s]
[36m(WorkerDict pid=4031210)[0m Processed prompts:  50%|█████     | 16/32 [08:00<02:13,  8.33s/it, est. speed input: 2.17 toks/s, output: 167.56 toks/s]
[36m(WorkerDict pid=4031203)[0m Processed prompts:  25%|██▌       | 8/32 [08:03<06:55, 17.33s/it, est. speed input: 1.34 toks/s, output: 92.50 toks/s]
[36m(WorkerDict pid=4031201)[0m Processed prompts:  94%|█████████▍| 30/32 [08:07<00:29, 14.86s/it, est. speed input: 2.25 toks/s, output: 189.79 toks/s]
[36m(WorkerDict pid=4031202)[0m Processed prompts:  38%|███▊      | 12/32 [08:08<04:53, 14.67s/it, est. speed input: 2.48 toks/s, output: 128.12 toks/s]
[36m(WorkerDict pid=4031200)[0m Processed prompts:  97%|█████████▋| 31/32 [08:10<00:29, 29.78s/it, est. speed input: 3.67 toks/s, output: 176.30 toks/s]
[36m(WorkerDict pid=4031204)[0m Processed prompts:  22%|██▏       | 7/32 [08:10<11:27, 27.49s/it, est. speed input: 0.61 toks/s, output: 78.58 toks/s]
[36m(WorkerDict pid=4031202)[0m Processed prompts:  41%|████      | 13/32 [08:12<03:38, 11.51s/it, est. speed input: 2.67 toks/s, output: 139.40 toks/s]
[36m(WorkerDict pid=4031211)[0m Processed prompts:  28%|██▊       | 9/32 [08:19<09:45, 25.46s/it, est. speed input: 2.09 toks/s, output: 96.72 toks/s]
[36m(WorkerDict pid=4031211)[0m Processed prompts:  31%|███▏      | 10/32 [08:20<06:33, 17.88s/it, est. speed input: 2.32 toks/s, output: 108.93 toks/s]
[36m(WorkerDict pid=4031210)[0m Processed prompts:  53%|█████▎    | 17/32 [08:22<03:07, 12.50s/it, est. speed input: 2.20 toks/s, output: 172.54 toks/s]
[36m(WorkerDict pid=4031199)[0m Processed prompts:  97%|█████████▋| 31/32 [08:23<00:22, 22.34s/it, est. speed input: 4.19 toks/s, output: 211.13 toks/s]
[36m(WorkerDict pid=4031204)[0m Processed prompts:  25%|██▌       | 8/32 [08:25<09:21, 23.39s/it, est. speed input: 0.68 toks/s, output: 88.72 toks/s]
[36m(WorkerDict pid=4031201)[0m Processed prompts:  97%|█████████▋| 31/32 [08:26<00:16, 16.04s/it, est. speed input: 2.22 toks/s, output: 195.16 toks/s]
[36m(WorkerDict pid=4031212)[0m Processed prompts:   6%|▋         | 2/32 [08:26<1:54:07, 228.26s/it, est. speed input: 0.24 toks/s, output: 21.95 toks/s]
[36m(WorkerDict pid=4031204)[0m Processed prompts:  28%|██▊       | 9/32 [08:29<06:39, 17.39s/it, est. speed input: 0.72 toks/s, output: 100.41 toks/s]
[36m(WorkerDict pid=4031203)[0m Processed prompts:  28%|██▊       | 9/32 [08:34<08:18, 21.67s/it, est. speed input: 1.36 toks/s, output: 99.33 toks/s]
[36m(WorkerDict pid=4031202)[0m Processed prompts:  44%|████▍     | 14/32 [08:36<04:33, 15.19s/it, est. speed input: 2.74 toks/s, output: 145.44 toks/s]
[36m(WorkerDict pid=4031204)[0m Processed prompts:  31%|███▏      | 10/32 [08:38<05:27, 14.91s/it, est. speed input: 0.79 toks/s, output: 111.06 toks/s]
[36m(WorkerDict pid=4031200)[0m Processed prompts: 100%|██████████| 32/32 [08:40<00:00, 29.97s/it, est. speed input: 3.56 toks/s, output: 178.45 toks/s]Processed prompts: 100%|██████████| 32/32 [08:40<00:00, 29.97s/it, est. speed input: 3.56 toks/s, output: 178.45 toks/s]
[36m(WorkerDict pid=4031203)[0m Processed prompts:  31%|███▏      | 10/32 [08:40<06:08, 16.77s/it, est. speed input: 1.44 toks/s, output: 110.67 toks/s]
[36m(WorkerDict pid=4031204)[0m Processed prompts:  34%|███▍      | 11/32 [08:40<03:52, 11.07s/it, est. speed input: 0.84 toks/s, output: 123.01 toks/s]
[36m(WorkerDict pid=4031201)[0m Processed prompts: 100%|██████████| 32/32 [08:45<00:00, 16.85s/it, est. speed input: 2.19 toks/s, output: 200.68 toks/s]Processed prompts: 100%|██████████| 32/32 [08:45<00:00, 16.85s/it, est. speed input: 2.19 toks/s, output: 200.68 toks/s]
[36m(WorkerDict pid=4031204)[0m Processed prompts:  38%|███▊      | 12/32 [08:46<03:07,  9.38s/it, est. speed input: 0.91 toks/s, output: 134.20 toks/s]
[36m(WorkerDict pid=4031213)[0m Processed prompts:  22%|██▏       | 7/32 [08:49<20:37, 49.48s/it, est. speed input: 1.14 toks/s, output: 68.42 toks/s]
[36m(WorkerDict pid=4031204)[0m Processed prompts:  41%|████      | 13/32 [08:48<02:18,  7.30s/it, est. speed input: 0.98 toks/s, output: 146.05 toks/s]
[36m(WorkerDict pid=4031204)[0m Processed prompts:  44%|████▍     | 14/32 [08:49<01:35,  5.30s/it, est. speed input: 1.03 toks/s, output: 158.36 toks/s]
[36m(WorkerDict pid=4031204)[0m Processed prompts:  47%|████▋     | 15/32 [08:51<01:12,  4.27s/it, est. speed input: 1.11 toks/s, output: 170.30 toks/s]
[36m(WorkerDict pid=4031204)[0m Processed prompts:  50%|█████     | 16/32 [08:54<01:00,  3.81s/it, est. speed input: 1.15 toks/s, output: 181.94 toks/s]
[36m(WorkerDict pid=4031203)[0m Processed prompts:  34%|███▍      | 11/32 [08:55<05:36, 16.02s/it, est. speed input: 1.49 toks/s, output: 120.21 toks/s]
[36m(WorkerDict pid=4031204)[0m Processed prompts:  53%|█████▎    | 17/32 [08:55<00:44,  2.99s/it, est. speed input: 1.19 toks/s, output: 194.08 toks/s]
[36m(WorkerDict pid=4031203)[0m Processed prompts:  38%|███▊      | 12/32 [09:00<04:13, 12.66s/it, est. speed input: 1.73 toks/s, output: 131.62 toks/s]
[36m(WorkerDict pid=4031199)[0m Processed prompts: 100%|██████████| 32/32 [09:02<00:00, 27.26s/it, est. speed input: 3.98 toks/s, output: 208.57 toks/s]Processed prompts: 100%|██████████| 32/32 [09:02<00:00, 27.26s/it, est. speed input: 3.98 toks/s, output: 208.57 toks/s]
[36m(WorkerDict pid=4031197)[0m Processed prompts: 100%|██████████| 32/32 [09:13<00:00, 17.28s/it, est. speed input: 5.05 toks/s, output: 227.89 toks/s]
[36m(WorkerDict pid=4031194)[0m Processed prompts: 100%|██████████| 32/32 [09:12<00:00, 17.28s/it, est. speed input: 6.50 toks/s, output: 286.38 toks/s]
[36m(WorkerDict pid=4031199)[0m Processed prompts: 100%|██████████| 32/32 [09:12<00:00, 17.28s/it, est. speed input: 3.98 toks/s, output: 208.57 toks/s]
[36m(WorkerDict pid=4031200)[0m Processed prompts: 100%|██████████| 32/32 [09:12<00:00, 17.28s/it, est. speed input: 3.56 toks/s, output: 178.45 toks/s]
[36m(WorkerDict pid=4031195)[0m Processed prompts: 100%|██████████| 32/32 [09:12<00:00, 17.27s/it, est. speed input: 5.02 toks/s, output: 251.70 toks/s]
[36m(WorkerDict pid=4031201)[0m Processed prompts: 100%|██████████| 32/32 [09:12<00:00, 17.26s/it, est. speed input: 2.19 toks/s, output: 200.68 toks/s]
[36m(WorkerDict pid=4031196)[0m Processed prompts: 100%|██████████| 32/32 [09:12<00:00, 17.27s/it, est. speed input: 4.62 toks/s, output: 266.14 toks/s]
[36m(WorkerDict pid=4031198)[0m Processed prompts: 100%|██████████| 32/32 [09:12<00:00, 17.26s/it, est. speed input: 5.61 toks/s, output: 240.20 toks/s]
[36m(WorkerDict pid=4031203)[0m Processed prompts:  41%|████      | 13/32 [09:13<04:07, 13.03s/it, est. speed input: 1.93 toks/s, output: 140.58 toks/s]
[36m(WorkerDict pid=4031203)[0m Processed prompts:  44%|████▍     | 14/32 [09:15<02:52,  9.60s/it, est. speed input: 2.01 toks/s, output: 152.43 toks/s]
[36m(WorkerDict pid=4031205)[0m Processed prompts:  56%|█████▋    | 18/32 [09:17<14:20, 61.43s/it, est. speed input: 1.25 toks/s, output: 108.25 toks/s]
[36m(WorkerDict pid=4031203)[0m Processed prompts:  47%|████▋     | 15/32 [09:20<02:17,  8.09s/it, est. speed input: 2.08 toks/s, output: 163.44 toks/s]
[36m(WorkerDict pid=4031213)[0m Processed prompts:  25%|██▌       | 8/32 [09:23<17:51, 44.64s/it, est. speed input: 1.22 toks/s, output: 76.53 toks/s]
[36m(WorkerDict pid=4031212)[0m Processed prompts:   9%|▉         | 3/32 [09:24<1:12:37, 150.26s/it, est. speed input: 0.33 toks/s, output: 31.99 toks/s]
[36m(WorkerDict pid=4031211)[0m Processed prompts:  34%|███▍      | 11/32 [09:25<11:22, 32.52s/it, est. speed input: 2.26 toks/s, output: 108.54 toks/s]
[36m(WorkerDict pid=4031203)[0m Processed prompts:  50%|█████     | 16/32 [09:26<02:01,  7.62s/it, est. speed input: 2.29 toks/s, output: 173.83 toks/s]
[36m(WorkerDict pid=4031204)[0m Processed prompts:  56%|█████▋    | 18/32 [09:27<02:44, 11.71s/it, est. speed input: 1.20 toks/s, output: 195.40 toks/s]
[36m(WorkerDict pid=4031213)[0m Processed prompts:  28%|██▊       | 9/32 [09:28<12:22, 32.27s/it, est. speed input: 1.36 toks/s, output: 88.11 toks/s]
[36m(WorkerDict pid=4031212)[0m Processed prompts:  12%|█▎        | 4/32 [09:31<43:44, 93.73s/it, est. speed input: 0.43 toks/s, output: 43.87 toks/s]   
[36m(WorkerDict pid=4031203)[0m Processed prompts:  53%|█████▎    | 17/32 [09:32<01:44,  7.00s/it, est. speed input: 2.36 toks/s, output: 184.40 toks/s]
[36m(WorkerDict pid=4031203)[0m Processed prompts:  56%|█████▋    | 18/32 [09:34<01:16,  5.46s/it, est. speed input: 2.44 toks/s, output: 196.07 toks/s]
[36m(WorkerDict pid=4031203)[0m Processed prompts:  59%|█████▉    | 19/32 [09:34<00:52,  4.03s/it, est. speed input: 2.67 toks/s, output: 208.09 toks/s]
[36m(WorkerDict pid=4031203)[0m Processed prompts:  62%|██████▎   | 20/32 [09:35<00:35,  2.99s/it, est. speed input: 2.90 toks/s, output: 220.15 toks/s]
[36m(WorkerDict pid=4031212)[0m Processed prompts:  16%|█▌        | 5/32 [09:38<28:12, 62.68s/it, est. speed input: 0.54 toks/s, output: 55.56 toks/s]
[36m(WorkerDict pid=4031211)[0m Processed prompts:  38%|███▊      | 12/32 [09:44<09:25, 28.29s/it, est. speed input: 2.38 toks/s, output: 117.35 toks/s]
[36m(WorkerDict pid=4031203)[0m Processed prompts:  66%|██████▌   | 21/32 [09:44<00:53,  4.83s/it, est. speed input: 3.08 toks/s, output: 228.98 toks/s]
[36m(WorkerDict pid=4031203)[0m Processed prompts:  69%|██████▉   | 22/32 [09:46<00:39,  4.00s/it, est. speed input: 3.30 toks/s, output: 240.45 toks/s]
[36m(WorkerDict pid=4031202)[0m Processed prompts:  47%|████▋     | 15/32 [09:47<09:05, 32.08s/it, est. speed input: 2.58 toks/s, output: 140.08 toks/s]
[36m(WorkerDict pid=4031211)[0m Processed prompts:  41%|████      | 13/32 [09:50<06:48, 21.52s/it, est. speed input: 2.55 toks/s, output: 128.44 toks/s]
[36m(WorkerDict pid=4031203)[0m Processed prompts:  72%|███████▏  | 23/32 [09:50<00:35,  3.89s/it, est. speed input: 3.51 toks/s, output: 251.24 toks/s]
[36m(WorkerDict pid=4031204)[0m Processed prompts:  59%|█████▉    | 19/32 [09:50<03:15, 15.06s/it, est. speed input: 1.22 toks/s, output: 200.11 toks/s]
[36m(WorkerDict pid=4031213)[0m Processed prompts:  31%|███▏      | 10/32 [09:51<10:46, 29.40s/it, est. speed input: 1.45 toks/s, output: 96.95 toks/s]
[36m(WorkerDict pid=4031211)[0m Processed prompts:  44%|████▍     | 14/32 [09:52<04:40, 15.57s/it, est. speed input: 2.74 toks/s, output: 140.31 toks/s]
[36m(WorkerDict pid=4031213)[0m Processed prompts:  34%|███▍      | 11/32 [09:52<07:14, 20.69s/it, est. speed input: 1.60 toks/s, output: 109.07 toks/s]
[36m(WorkerDict pid=4031212)[0m Processed prompts:  19%|█▉        | 6/32 [09:56<20:27, 47.20s/it, est. speed input: 0.62 toks/s, output: 66.25 toks/s]
[36m(WorkerDict pid=4031212)[0m Processed prompts:  22%|██▏       | 7/32 [09:57<13:26, 32.26s/it, est. speed input: 0.94 toks/s, output: 78.37 toks/s]
[36m(WorkerDict pid=4031203)[0m Processed prompts:  75%|███████▌  | 24/32 [10:01<00:48,  6.07s/it, est. speed input: 3.67 toks/s, output: 258.85 toks/s]
[36m(WorkerDict pid=4031211)[0m Processed prompts:  47%|████▋     | 15/32 [10:01<03:55, 13.83s/it, est. speed input: 2.89 toks/s, output: 150.30 toks/s]
[36m(WorkerDict pid=4031203)[0m Processed prompts:  78%|███████▊  | 25/32 [10:02<00:32,  4.63s/it, est. speed input: 3.75 toks/s, output: 270.59 toks/s]
[36m(WorkerDict pid=4031213)[0m Processed prompts:  38%|███▊      | 12/32 [10:04<05:58, 17.93s/it, est. speed input: 1.71 toks/s, output: 119.25 toks/s]
[36m(WorkerDict pid=4031204)[0m Processed prompts:  62%|██████▎   | 20/32 [10:06<03:03, 15.28s/it, est. speed input: 1.26 toks/s, output: 207.19 toks/s]
[36m(WorkerDict pid=4031203)[0m Processed prompts:  81%|████████▏ | 26/32 [10:06<00:26,  4.37s/it, est. speed input: 3.94 toks/s, output: 281.20 toks/s]
[36m(WorkerDict pid=4031204)[0m Processed prompts:  66%|██████▌   | 21/32 [10:07<02:01, 11.07s/it, est. speed input: 1.30 toks/s, output: 219.05 toks/s]
[36m(WorkerDict pid=4031204)[0m Processed prompts:  69%|██████▉   | 22/32 [10:09<01:24,  8.40s/it, est. speed input: 1.33 toks/s, output: 230.55 toks/s]
[36m(WorkerDict pid=4031204)[0m Processed prompts:  72%|███████▏  | 23/32 [10:11<00:57,  6.43s/it, est. speed input: 1.37 toks/s, output: 242.15 toks/s]
[36m(WorkerDict pid=4031212)[0m Processed prompts:  25%|██▌       | 8/32 [10:11<10:34, 26.44s/it, est. speed input: 1.02 toks/s, output: 88.87 toks/s]
[36m(WorkerDict pid=4031203)[0m Processed prompts:  84%|████████▍ | 27/32 [10:13<00:26,  5.25s/it, est. speed input: 4.12 toks/s, output: 290.13 toks/s]
[36m(WorkerDict pid=4031205)[0m Processed prompts:  59%|█████▉    | 19/32 [10:13<12:59, 59.98s/it, est. speed input: 1.23 toks/s, output: 110.55 toks/s]
[36m(WorkerDict pid=4031212)[0m Processed prompts:  28%|██▊       | 9/32 [10:16<07:35, 19.80s/it, est. speed input: 1.11 toks/s, output: 100.41 toks/s]
[36m(WorkerDict pid=4031204)[0m Processed prompts:  75%|███████▌  | 24/32 [10:17<00:49,  6.23s/it, est. speed input: 1.40 toks/s, output: 252.18 toks/s]
[36m(WorkerDict pid=4031212)[0m Processed prompts:  31%|███▏      | 10/32 [10:17<05:07, 13.99s/it, est. speed input: 1.41 toks/s, output: 112.55 toks/s]
[36m(WorkerDict pid=4031204)[0m Processed prompts:  78%|███████▊  | 25/32 [10:20<00:37,  5.39s/it, est. speed input: 1.43 toks/s, output: 263.09 toks/s]
[36m(WorkerDict pid=4031204)[0m Processed prompts:  81%|████████▏ | 26/32 [10:21<00:24,  4.03s/it, est. speed input: 1.46 toks/s, output: 275.03 toks/s]
[36m(WorkerDict pid=4031205)[0m Processed prompts:  62%|██████▎   | 20/32 [10:22<08:57, 44.76s/it, est. speed input: 1.31 toks/s, output: 121.20 toks/s]
[36m(WorkerDict pid=4031205)[0m Processed prompts:  66%|██████▌   | 21/32 [10:24<05:50, 31.84s/it, est. speed input: 1.40 toks/s, output: 133.17 toks/s]
[36m(WorkerDict pid=4031210)[0m Processed prompts:  56%|█████▋    | 18/32 [10:29<10:58, 47.06s/it, est. speed input: 1.86 toks/s, output: 149.91 toks/s]
[36m(WorkerDict pid=4031204)[0m Processed prompts:  84%|████████▍ | 27/32 [10:35<00:35,  7.12s/it, est. speed input: 1.50 toks/s, output: 281.14 toks/s]
[36m(WorkerDict pid=4031212)[0m Processed prompts:  34%|███▍      | 11/32 [10:36<05:24, 15.47s/it, est. speed input: 1.46 toks/s, output: 121.54 toks/s]
[36m(WorkerDict pid=4031203)[0m Processed prompts:  88%|████████▊ | 28/32 [10:37<00:43, 10.88s/it, est. speed input: 4.17 toks/s, output: 291.51 toks/s]
[36m(WorkerDict pid=4031210)[0m Processed prompts:  59%|█████▉    | 19/32 [10:38<07:43, 35.63s/it, est. speed input: 1.94 toks/s, output: 160.09 toks/s]
[36m(WorkerDict pid=4031204)[0m Processed prompts:  88%|████████▊ | 28/32 [10:38<00:23,  5.86s/it, est. speed input: 1.53 toks/s, output: 292.17 toks/s]
[36m(WorkerDict pid=4031212)[0m Processed prompts:  38%|███▊      | 12/32 [10:42<04:08, 12.43s/it, est. speed input: 1.55 toks/s, output: 132.82 toks/s]
[36m(WorkerDict pid=4031213)[0m Processed prompts:  41%|████      | 13/32 [10:55<08:51, 27.97s/it, est. speed input: 1.71 toks/s, output: 122.27 toks/s]
[36m(WorkerDict pid=4031212)[0m Processed prompts:  41%|████      | 13/32 [10:57<04:10, 13.20s/it, est. speed input: 1.80 toks/s, output: 142.11 toks/s]
[36m(WorkerDict pid=4031203)[0m Processed prompts:  91%|█████████ | 29/32 [10:58<00:41, 13.76s/it, est. speed input: 4.12 toks/s, output: 294.77 toks/s]
[36m(WorkerDict pid=4031210)[0m Processed prompts:  62%|██████▎   | 20/32 [10:59<06:12, 31.00s/it, est. speed input: 1.98 toks/s, output: 167.50 toks/s]
[36m(WorkerDict pid=4031212)[0m Processed prompts:  44%|████▍     | 14/32 [10:58<02:54,  9.70s/it, est. speed input: 2.08 toks/s, output: 154.09 toks/s]
[36m(WorkerDict pid=4031213)[0m Processed prompts:  44%|████▍     | 14/32 [10:59<06:16, 20.94s/it, est. speed input: 1.82 toks/s, output: 133.72 toks/s]
[36m(WorkerDict pid=4031203)[0m Processed prompts:  94%|█████████▍| 30/32 [11:06<00:23, 11.98s/it, est. speed input: 4.14 toks/s, output: 303.62 toks/s]
[36m(WorkerDict pid=4031211)[0m Processed prompts:  50%|█████     | 16/32 [11:26<09:22, 35.13s/it, est. speed input: 2.70 toks/s, output: 144.12 toks/s]
[36m(WorkerDict pid=4031212)[0m Processed prompts:  47%|████▋     | 15/32 [11:27<04:25, 15.61s/it, est. speed input: 2.08 toks/s, output: 159.88 toks/s]
[36m(WorkerDict pid=4031210)[0m Processed prompts:  66%|██████▌   | 21/32 [11:35<05:57, 32.51s/it, est. speed input: 1.97 toks/s, output: 171.15 toks/s]
[36m(WorkerDict pid=4031205)[0m Processed prompts:  69%|██████▉   | 22/32 [11:34<07:13, 43.37s/it, est. speed input: 1.35 toks/s, output: 132.05 toks/s]
[36m(WorkerDict pid=4031212)[0m Processed prompts:  50%|█████     | 16/32 [11:36<03:36, 13.55s/it, est. speed input: 2.14 toks/s, output: 170.22 toks/s]
[36m(WorkerDict pid=4031204)[0m Processed prompts:  91%|█████████ | 29/32 [11:39<01:07, 22.48s/it, est. speed input: 1.43 toks/s, output: 278.95 toks/s]
[36m(WorkerDict pid=4031212)[0m Processed prompts:  53%|█████▎    | 17/32 [11:45<03:02, 12.16s/it, est. speed input: 2.20 toks/s, output: 180.43 toks/s]
[36m(WorkerDict pid=4031212)[0m Processed prompts:  56%|█████▋    | 18/32 [11:46<02:03,  8.79s/it, est. speed input: 2.46 toks/s, output: 192.55 toks/s]
[36m(WorkerDict pid=4031212)[0m Processed prompts:  59%|█████▉    | 19/32 [11:52<01:42,  7.86s/it, est. speed input: 2.71 toks/s, output: 203.37 toks/s]
[36m(WorkerDict pid=4031205)[0m Processed prompts:  72%|███████▏  | 23/32 [11:53<05:22, 35.82s/it, est. speed input: 1.40 toks/s, output: 141.04 toks/s]
[36m(WorkerDict pid=4031212)[0m Processed prompts:  62%|██████▎   | 20/32 [11:54<01:12,  6.07s/it, est. speed input: 2.96 toks/s, output: 215.20 toks/s]
[36m(WorkerDict pid=4031210)[0m Processed prompts:  69%|██████▉   | 22/32 [11:55<04:47, 28.75s/it, est. speed input: 2.01 toks/s, output: 178.73 toks/s]
[36m(WorkerDict pid=4031203)[0m Processed prompts:  97%|█████████▋| 31/32 [11:59<00:24, 24.50s/it, est. speed input: 3.90 toks/s, output: 293.33 toks/s]
[36m(WorkerDict pid=4031210)[0m Processed prompts:  72%|███████▏  | 23/32 [12:03<03:25, 22.79s/it, est. speed input: 2.07 toks/s, output: 188.89 toks/s]
[36m(WorkerDict pid=4031204)[0m Processed prompts:  94%|█████████▍| 30/32 [12:04<00:46, 23.02s/it, est. speed input: 1.41 toks/s, output: 281.97 toks/s]
[36m(WorkerDict pid=4031204)[0m Processed prompts:  97%|█████████▋| 31/32 [12:06<00:16, 16.92s/it, est. speed input: 1.44 toks/s, output: 293.30 toks/s]
[36m(WorkerDict pid=4031202)[0m Processed prompts:  50%|█████     | 16/32 [12:09<17:24, 65.29s/it, est. speed input: 2.24 toks/s, output: 125.12 toks/s]
[36m(WorkerDict pid=4031213)[0m Processed prompts:  47%|████▋     | 15/32 [12:13<10:24, 36.71s/it, est. speed input: 1.71 toks/s, output: 132.72 toks/s]
[36m(WorkerDict pid=4031213)[0m Processed prompts:  50%|█████     | 16/32 [12:14<06:57, 26.12s/it, est. speed input: 1.78 toks/s, output: 144.82 toks/s]
[36m(WorkerDict pid=4031205)[0m Processed prompts:  75%|███████▌  | 24/32 [12:14<04:12, 31.58s/it, est. speed input: 1.44 toks/s, output: 149.25 toks/s]
[36m(WorkerDict pid=4031205)[0m Processed prompts:  78%|███████▊  | 25/32 [12:17<02:41, 23.01s/it, est. speed input: 1.51 toks/s, output: 161.02 toks/s]
[36m(WorkerDict pid=4031210)[0m Processed prompts:  75%|███████▌  | 24/32 [12:19<02:44, 20.58s/it, est. speed input: 2.12 toks/s, output: 197.32 toks/s]
[36m(WorkerDict pid=4031203)[0m Processed prompts: 100%|██████████| 32/32 [12:24<00:00, 24.62s/it, est. speed input: 3.95 toks/s, output: 295.90 toks/s]Processed prompts: 100%|██████████| 32/32 [12:24<00:00, 24.62s/it, est. speed input: 3.95 toks/s, output: 295.90 toks/s]
[36m(WorkerDict pid=4031205)[0m Processed prompts:  81%|████████▏ | 26/32 [12:25<01:51, 18.50s/it, est. speed input: 1.58 toks/s, output: 171.69 toks/s]
[36m(WorkerDict pid=4031210)[0m Processed prompts:  78%|███████▊  | 25/32 [12:28<01:59, 17.11s/it, est. speed input: 2.18 toks/s, output: 207.33 toks/s]
[36m(WorkerDict pid=4031202)[0m Processed prompts:  53%|█████▎    | 17/32 [12:31<13:01, 52.09s/it, est. speed input: 2.34 toks/s, output: 133.96 toks/s]
[36m(WorkerDict pid=4031202)[0m Processed prompts:  56%|█████▋    | 18/32 [12:32<08:36, 36.87s/it, est. speed input: 2.47 toks/s, output: 146.10 toks/s]
[36m(WorkerDict pid=4031202)[0m Processed prompts:  59%|█████▉    | 19/32 [12:33<05:37, 25.95s/it, est. speed input: 2.62 toks/s, output: 158.41 toks/s]
[36m(WorkerDict pid=4031212)[0m Processed prompts:  66%|██████▌   | 21/32 [12:48<03:44, 20.44s/it, est. speed input: 3.00 toks/s, output: 212.51 toks/s]
[36m(WorkerDict pid=4031205)[0m Processed prompts:  84%|████████▍ | 27/32 [12:51<01:43, 20.76s/it, est. speed input: 1.60 toks/s, output: 178.33 toks/s]
[36m(WorkerDict pid=4031212)[0m Processed prompts:  69%|██████▉   | 22/32 [12:51<02:33, 15.38s/it, est. speed input: 3.23 toks/s, output: 223.96 toks/s]
[36m(WorkerDict pid=4031212)[0m Processed prompts:  72%|███████▏  | 23/32 [12:51<01:37, 10.84s/it, est. speed input: 3.30 toks/s, output: 236.32 toks/s]
[36m(WorkerDict pid=4031213)[0m Processed prompts:  53%|█████▎    | 17/32 [12:56<07:41, 30.74s/it, est. speed input: 1.74 toks/s, output: 149.50 toks/s]
[36m(WorkerDict pid=4031205)[0m Processed prompts:  88%|████████▊ | 28/32 [13:08<01:17, 19.43s/it, est. speed input: 1.64 toks/s, output: 187.07 toks/s]
[36m(WorkerDict pid=4031204)[0m Processed prompts: 100%|██████████| 32/32 [13:11<00:00, 31.15s/it, est. speed input: 1.35 toks/s, output: 281.90 toks/s]Processed prompts: 100%|██████████| 32/32 [13:11<00:00, 31.15s/it, est. speed input: 1.35 toks/s, output: 281.90 toks/s]
[36m(WorkerDict pid=4031213)[0m Processed prompts:  56%|█████▋    | 18/32 [13:20<06:44, 28.89s/it, est. speed input: 1.80 toks/s, output: 157.36 toks/s]
[36m(WorkerDict pid=4031205)[0m Processed prompts:  91%|█████████ | 29/32 [13:22<00:53, 17.78s/it, est. speed input: 1.69 toks/s, output: 196.29 toks/s]
[36m(WorkerDict pid=4031210)[0m Processed prompts:  81%|████████▏ | 26/32 [13:29<03:01, 30.23s/it, est. speed input: 2.10 toks/s, output: 204.21 toks/s]
[36m(WorkerDict pid=4031202)[0m Processed prompts:  62%|██████▎   | 20/32 [13:34<07:21, 36.75s/it, est. speed input: 2.57 toks/s, output: 158.85 toks/s]
[36m(WorkerDict pid=4031212)[0m Processed prompts:  75%|███████▌  | 24/32 [13:45<03:08, 23.62s/it, est. speed input: 3.17 toks/s, output: 233.51 toks/s]
[36m(WorkerDict pid=4031213)[0m Processed prompts:  59%|█████▉    | 19/32 [13:47<06:07, 28.28s/it, est. speed input: 1.80 toks/s, output: 164.74 toks/s]
[36m(WorkerDict pid=4031213)[0m Processed prompts:  62%|██████▎   | 20/32 [13:56<04:28, 22.34s/it, est. speed input: 1.89 toks/s, output: 175.56 toks/s]
[36m(WorkerDict pid=4031210)[0m Processed prompts:  84%|████████▍ | 27/32 [13:59<02:31, 30.40s/it, est. speed input: 2.10 toks/s, output: 209.22 toks/s]
[36m(WorkerDict pid=4031212)[0m Processed prompts:  78%|███████▊  | 25/32 [14:06<02:39, 22.84s/it, est. speed input: 3.16 toks/s, output: 240.22 toks/s]
[36m(WorkerDict pid=4031205)[0m Processed prompts:  94%|█████████▍| 30/32 [14:08<00:52, 26.34s/it, est. speed input: 1.67 toks/s, output: 198.08 toks/s]
[36m(WorkerDict pid=4031202)[0m Processed prompts:  66%|██████▌   | 21/32 [14:10<06:41, 36.50s/it, est. speed input: 2.60 toks/s, output: 164.66 toks/s]
[36m(WorkerDict pid=4031213)[0m Processed prompts:  66%|██████▌   | 21/32 [14:16<03:59, 21.79s/it, est. speed input: 1.90 toks/s, output: 183.87 toks/s]
[36m(WorkerDict pid=4031212)[0m Processed prompts:  81%|████████▏ | 26/32 [14:34<02:26, 24.39s/it, est. speed input: 3.27 toks/s, output: 245.07 toks/s]
