+ export CUDA_DEVICE_MAX_CONNECTIONS=1
+ CUDA_DEVICE_MAX_CONNECTIONS=1
+ export PYTORCH_NPU_ALLOC_CONF=expandable_segments:True
+ PYTORCH_NPU_ALLOC_CONF=expandable_segments:True
+ export ASCEND_HOME_PATH=/usr/local/Ascend/ascend-toolkit
+ ASCEND_HOME_PATH=/usr/local/Ascend/ascend-toolkit
+ source /usr/local/Ascend/ascend-toolkit/set_env.sh
++ setenv_main data.train_files=/data/deepscaler/train.parquet data.val_files=/data/deepscaler/test.parquet data.train_batch_size=32 data.max_prompt_length=1024 data.max_response_length=640 data.shuffle=True actor_rollout_ref.model.path=/data/Qwen3-30B-A3B actor_rollout_ref.actor.megatron.dist_checkpointing_path=/data/Qwen3-30B-A3B_megatron actor_rollout_ref.ref.megatron.dist_checkpointing_path=/data/Qwen3-30B-A3B_megatron actor_rollout_ref.rollout.max_num_batched_tokens=1664 actor_rollout_ref.rollout.max_num_seqs=32 actor_rollout_ref.rollout.n=16 actor_rollout_ref.rollout.gpu_memory_utilization=0.85 actor_rollout_ref.rollout.shrink_aware.enable_shrink_aware_scheduling=false actor_rollout_ref.rollout.shrink_aware.shrink_aware_mode=off actor_rollout_ref.rollout.shrink_aware.enable_shrink_aware_logging=false trainer.total_epochs=1 data.dataset_fraction=0.005
++ local version_dirpath install_dirpath ld_library_path path driver_install_path_param dep_hal_path
++ local dep_hal_name=libascend_hal.so
++ local dep_info_file=/etc/ascend_install.info
++ local is_install_driver=n
++ local architecture remove_regex
++ version_dirpath=/usr/local/Ascend/cann-8.5.0
+++ dirname /usr/local/Ascend/cann-8.5.0
++ install_dirpath=/usr/local/Ascend
++ remove_regex='^/usr/local/Ascend/cann[/_-]'
++ remove_env PATH '^/usr/local/Ascend/cann[/_-]'
++ local name=PATH
++ local 'regex=^/usr/local/Ascend/cann[/_-]'
+++ eval echo '${PATH}'
++++ echo /usr/local/Ascend/nnal/atb/latest/atb/cxx_abi_1/bin:/usr/local/Ascend/cann-8.5.0/tools/bishengir/bin:/usr/local/Ascend/cann-8.5.0/bin:/usr/local/Ascend/cann-8.5.0/tools/ccec_compiler/bin:/usr/local/Ascend/cann-8.5.0/tools/profiler/bin:/usr/local/Ascend/cann-8.5.0/tools/ascend_system_advisor/asys:/usr/local/Ascend/cann-8.5.0/tools/show_kernel_debug_data:/usr/local/Ascend/cann-8.5.0/tools/msobjdump:/usr/local/Ascend/nnal/atb/latest/atb/cxx_abi_1/bin:/usr/local/Ascend/nnal/atb/latest/atb/cxx_abi_1/bin:/root/.vscode-server/data/User/globalStorage/github.copilot-chat/debugCommand:/root/.vscode-server/data/User/globalStorage/github.copilot-chat/copilotCli:/root/.vscode-server/bin/8761a5560cfd65fdd19ce7e2bd18dab5c0a4d84e/bin/remote-cli:/usr/local/Ascend/nnal/atb/latest/atb/cxx_abi_1/bin:/usr/local/Ascend/nnal/atb/latest/atb/cxx_abi_1/bin:/usr/local/Ascend/nnal/atb/latest/atb/cxx_abi_1/bin:/usr/local/Ascend/ascend-toolkit/latest/bin:/usr/local/Ascend/ascend-toolkit/latest/compiler/ccec_compiler/bin:/usr/local/Ascend/ascend-toolkit/latest/tools/ccec_compiler/bin:/usr/local/python3.11.14/bin:/usr/local/sbin:/usr/local/bin:/usr/sbin:/usr/bin:/sbin:/bin:/usr/local/go/bin:/root/bin:/usr/local/go/bin:/usr/local/go/bin:/root/bin
++ local env_value=/usr/local/Ascend/nnal/atb/latest/atb/cxx_abi_1/bin:/usr/local/Ascend/cann-8.5.0/tools/bishengir/bin:/usr/local/Ascend/cann-8.5.0/bin:/usr/local/Ascend/cann-8.5.0/tools/ccec_compiler/bin:/usr/local/Ascend/cann-8.5.0/tools/profiler/bin:/usr/local/Ascend/cann-8.5.0/tools/ascend_system_advisor/asys:/usr/local/Ascend/cann-8.5.0/tools/show_kernel_debug_data:/usr/local/Ascend/cann-8.5.0/tools/msobjdump:/usr/local/Ascend/nnal/atb/latest/atb/cxx_abi_1/bin:/usr/local/Ascend/nnal/atb/latest/atb/cxx_abi_1/bin:/root/.vscode-server/data/User/globalStorage/github.copilot-chat/debugCommand:/root/.vscode-server/data/User/globalStorage/github.copilot-chat/copilotCli:/root/.vscode-server/bin/8761a5560cfd65fdd19ce7e2bd18dab5c0a4d84e/bin/remote-cli:/usr/local/Ascend/nnal/atb/latest/atb/cxx_abi_1/bin:/usr/local/Ascend/nnal/atb/latest/atb/cxx_abi_1/bin:/usr/local/Ascend/nnal/atb/latest/atb/cxx_abi_1/bin:/usr/local/Ascend/ascend-toolkit/latest/bin:/usr/local/Ascend/ascend-toolkit/latest/compiler/ccec_compiler/bin:/usr/local/Ascend/ascend-toolkit/latest/tools/ccec_compiler/bin:/usr/local/python3.11.14/bin:/usr/local/sbin:/usr/local/bin:/usr/sbin:/usr/bin:/sbin:/bin:/usr/local/go/bin:/root/bin:/usr/local/go/bin:/usr/local/go/bin:/root/bin
++ read -r PATH
+++ echo /usr/local/Ascend/nnal/atb/latest/atb/cxx_abi_1/bin:/usr/local/Ascend/cann-8.5.0/tools/bishengir/bin:/usr/local/Ascend/cann-8.5.0/bin:/usr/local/Ascend/cann-8.5.0/tools/ccec_compiler/bin:/usr/local/Ascend/cann-8.5.0/tools/profiler/bin:/usr/local/Ascend/cann-8.5.0/tools/ascend_system_advisor/asys:/usr/local/Ascend/cann-8.5.0/tools/show_kernel_debug_data:/usr/local/Ascend/cann-8.5.0/tools/msobjdump:/usr/local/Ascend/nnal/atb/latest/atb/cxx_abi_1/bin:/usr/local/Ascend/nnal/atb/latest/atb/cxx_abi_1/bin:/root/.vscode-server/data/User/globalStorage/github.copilot-chat/debugCommand:/root/.vscode-server/data/User/globalStorage/github.copilot-chat/copilotCli:/root/.vscode-server/bin/8761a5560cfd65fdd19ce7e2bd18dab5c0a4d84e/bin/remote-cli:/usr/local/Ascend/nnal/atb/latest/atb/cxx_abi_1/bin:/usr/local/Ascend/nnal/atb/latest/atb/cxx_abi_1/bin:/usr/local/Ascend/nnal/atb/latest/atb/cxx_abi_1/bin:/usr/local/Ascend/ascend-toolkit/latest/bin:/usr/local/Ascend/ascend-toolkit/latest/compiler/ccec_compiler/bin:/usr/local/Ascend/ascend-toolkit/latest/tools/ccec_compiler/bin:/usr/local/python3.11.14/bin:/usr/local/sbin:/usr/local/bin:/usr/sbin:/usr/bin:/sbin:/bin:/usr/local/go/bin:/root/bin:/usr/local/go/bin:/usr/local/go/bin:/root/bin
+++ tr : '\n'
+++ grep -v -E '^/usr/local/Ascend/cann[/_-]'
+++ tr '\n' :
+++ sed 's/:$//'
++ export PATH
++ remove_env LD_LIBRARY_PATH '^/usr/local/Ascend/cann[/_-]'
++ local name=LD_LIBRARY_PATH
++ local 'regex=^/usr/local/Ascend/cann[/_-]'
+++ eval echo '${LD_LIBRARY_PATH}'
++++ echo /usr/local/Ascend/nnal/atb/latest/atb/cxx_abi_1/lib:/usr/local/Ascend/nnal/atb/latest/atb/cxx_abi_1/examples:/usr/local/Ascend/nnal/atb/latest/atb/cxx_abi_1/tests/atbopstest:/usr/local/Ascend/cann-8.5.0/lib64:/usr/local/Ascend/cann-8.5.0/lib64/plugin/opskernel:/usr/local/Ascend/cann-8.5.0/lib64/plugin/nnengine:/usr/local/Ascend/cann-8.5.0/opp/built-in/op_impl/ai_core/tbe/op_tiling/lib/linux/aarch64:/usr/local/Ascend/cann-8.5.0/tools/aml/lib64:/usr/local/Ascend/cann-8.5.0/tools/aml/lib64/plugin:/usr/local/Ascend/driver/lib64:/usr/local/Ascend/driver/lib64/common:/usr/local/Ascend/driver/lib64/driver:/usr/local/Ascend/nnal/atb/latest/atb/cxx_abi_1/lib:/usr/local/Ascend/nnal/atb/latest/atb/cxx_abi_1/examples:/usr/local/Ascend/nnal/atb/latest/atb/cxx_abi_1/tests/atbopstest:/usr/local/Ascend/driver/lib64:/usr/local/Ascend/driver/lib64/common:/usr/local/Ascend/driver/lib64/driver:/usr/local/Ascend/nnal/atb/latest/atb/cxx_abi_1/lib:/usr/local/Ascend/nnal/atb/latest/atb/cxx_abi_1/examples:/usr/local/Ascend/nnal/atb/latest/atb/cxx_abi_1/tests/atbopstest:/usr/local/Ascend/driver/lib64:/usr/local/Ascend/driver/lib64/common:/usr/local/Ascend/driver/lib64/driver:/usr/local/Ascend/nnal/atb/latest/atb/cxx_abi_1/lib:/usr/local/Ascend/nnal/atb/latest/atb/cxx_abi_1/examples:/usr/local/Ascend/nnal/atb/latest/atb/cxx_abi_1/tests/atbopstest:/usr/local/Ascend/driver/lib64:/usr/local/Ascend/driver/lib64/common:/usr/local/Ascend/driver/lib64/driver:/usr/local/Ascend/nnal/atb/latest/atb/cxx_abi_1/lib:/usr/local/Ascend/nnal/atb/latest/atb/cxx_abi_1/examples:/usr/local/Ascend/nnal/atb/latest/atb/cxx_abi_1/tests/atbopstest:/usr/local/Ascend/driver/lib64:/usr/local/Ascend/driver/lib64/common:/usr/local/Ascend/driver/lib64/driver:/usr/local/Ascend/nnal/atb/latest/atb/cxx_abi_1/lib:/usr/local/Ascend/nnal/atb/latest/atb/cxx_abi_1/examples:/usr/local/Ascend/nnal/atb/latest/atb/cxx_abi_1/tests/atbopstest:/usr/local/Ascend/ascend-toolkit/latest/tools/aml/lib64:/usr/local/Ascend/ascend-toolkit/latest/tools/aml/lib64/plugin:/usr/local/Ascend/ascend-toolkit/latest/lib64:/usr/local/Ascend/ascend-toolkit/latest/lib64/plugin/opskernel:/usr/local/Ascend/ascend-toolkit/latest/lib64/plugin/nnengine:/usr/local/Ascend/ascend-toolkit/latest/opp/built-in/op_impl/ai_core/tbe/op_tiling:/usr/local/Ascend/driver/lib64:/usr/local/Ascend/driver/lib64/common/:/usr/local/Ascend/driver/lib64/driver/:
++ local env_value=/usr/local/Ascend/nnal/atb/latest/atb/cxx_abi_1/lib:/usr/local/Ascend/nnal/atb/latest/atb/cxx_abi_1/examples:/usr/local/Ascend/nnal/atb/latest/atb/cxx_abi_1/tests/atbopstest:/usr/local/Ascend/cann-8.5.0/lib64:/usr/local/Ascend/cann-8.5.0/lib64/plugin/opskernel:/usr/local/Ascend/cann-8.5.0/lib64/plugin/nnengine:/usr/local/Ascend/cann-8.5.0/opp/built-in/op_impl/ai_core/tbe/op_tiling/lib/linux/aarch64:/usr/local/Ascend/cann-8.5.0/tools/aml/lib64:/usr/local/Ascend/cann-8.5.0/tools/aml/lib64/plugin:/usr/local/Ascend/driver/lib64:/usr/local/Ascend/driver/lib64/common:/usr/local/Ascend/driver/lib64/driver:/usr/local/Ascend/nnal/atb/latest/atb/cxx_abi_1/lib:/usr/local/Ascend/nnal/atb/latest/atb/cxx_abi_1/examples:/usr/local/Ascend/nnal/atb/latest/atb/cxx_abi_1/tests/atbopstest:/usr/local/Ascend/driver/lib64:/usr/local/Ascend/driver/lib64/common:/usr/local/Ascend/driver/lib64/driver:/usr/local/Ascend/nnal/atb/latest/atb/cxx_abi_1/lib:/usr/local/Ascend/nnal/atb/latest/atb/cxx_abi_1/examples:/usr/local/Ascend/nnal/atb/latest/atb/cxx_abi_1/tests/atbopstest:/usr/local/Ascend/driver/lib64:/usr/local/Ascend/driver/lib64/common:/usr/local/Ascend/driver/lib64/driver:/usr/local/Ascend/nnal/atb/latest/atb/cxx_abi_1/lib:/usr/local/Ascend/nnal/atb/latest/atb/cxx_abi_1/examples:/usr/local/Ascend/nnal/atb/latest/atb/cxx_abi_1/tests/atbopstest:/usr/local/Ascend/driver/lib64:/usr/local/Ascend/driver/lib64/common:/usr/local/Ascend/driver/lib64/driver:/usr/local/Ascend/nnal/atb/latest/atb/cxx_abi_1/lib:/usr/local/Ascend/nnal/atb/latest/atb/cxx_abi_1/examples:/usr/local/Ascend/nnal/atb/latest/atb/cxx_abi_1/tests/atbopstest:/usr/local/Ascend/driver/lib64:/usr/local/Ascend/driver/lib64/common:/usr/local/Ascend/driver/lib64/driver:/usr/local/Ascend/nnal/atb/latest/atb/cxx_abi_1/lib:/usr/local/Ascend/nnal/atb/latest/atb/cxx_abi_1/examples:/usr/local/Ascend/nnal/atb/latest/atb/cxx_abi_1/tests/atbopstest:/usr/local/Ascend/ascend-toolkit/latest/tools/aml/lib64:/usr/local/Ascend/ascend-toolkit/latest/tools/aml/lib64/plugin:/usr/local/Ascend/ascend-toolkit/latest/lib64:/usr/local/Ascend/ascend-toolkit/latest/lib64/plugin/opskernel:/usr/local/Ascend/ascend-toolkit/latest/lib64/plugin/nnengine:/usr/local/Ascend/ascend-toolkit/latest/opp/built-in/op_impl/ai_core/tbe/op_tiling:/usr/local/Ascend/driver/lib64:/usr/local/Ascend/driver/lib64/common/:/usr/local/Ascend/driver/lib64/driver/:
++ read -r LD_LIBRARY_PATH
+++ echo /usr/local/Ascend/nnal/atb/latest/atb/cxx_abi_1/lib:/usr/local/Ascend/nnal/atb/latest/atb/cxx_abi_1/examples:/usr/local/Ascend/nnal/atb/latest/atb/cxx_abi_1/tests/atbopstest:/usr/local/Ascend/cann-8.5.0/lib64:/usr/local/Ascend/cann-8.5.0/lib64/plugin/opskernel:/usr/local/Ascend/cann-8.5.0/lib64/plugin/nnengine:/usr/local/Ascend/cann-8.5.0/opp/built-in/op_impl/ai_core/tbe/op_tiling/lib/linux/aarch64:/usr/local/Ascend/cann-8.5.0/tools/aml/lib64:/usr/local/Ascend/cann-8.5.0/tools/aml/lib64/plugin:/usr/local/Ascend/driver/lib64:/usr/local/Ascend/driver/lib64/common:/usr/local/Ascend/driver/lib64/driver:/usr/local/Ascend/nnal/atb/latest/atb/cxx_abi_1/lib:/usr/local/Ascend/nnal/atb/latest/atb/cxx_abi_1/examples:/usr/local/Ascend/nnal/atb/latest/atb/cxx_abi_1/tests/atbopstest:/usr/local/Ascend/driver/lib64:/usr/local/Ascend/driver/lib64/common:/usr/local/Ascend/driver/lib64/driver:/usr/local/Ascend/nnal/atb/latest/atb/cxx_abi_1/lib:/usr/local/Ascend/nnal/atb/latest/atb/cxx_abi_1/examples:/usr/local/Ascend/nnal/atb/latest/atb/cxx_abi_1/tests/atbopstest:/usr/local/Ascend/driver/lib64:/usr/local/Ascend/driver/lib64/common:/usr/local/Ascend/driver/lib64/driver:/usr/local/Ascend/nnal/atb/latest/atb/cxx_abi_1/lib:/usr/local/Ascend/nnal/atb/latest/atb/cxx_abi_1/examples:/usr/local/Ascend/nnal/atb/latest/atb/cxx_abi_1/tests/atbopstest:/usr/local/Ascend/driver/lib64:/usr/local/Ascend/driver/lib64/common:/usr/local/Ascend/driver/lib64/driver:/usr/local/Ascend/nnal/atb/latest/atb/cxx_abi_1/lib:/usr/local/Ascend/nnal/atb/latest/atb/cxx_abi_1/examples:/usr/local/Ascend/nnal/atb/latest/atb/cxx_abi_1/tests/atbopstest:/usr/local/Ascend/driver/lib64:/usr/local/Ascend/driver/lib64/common:/usr/local/Ascend/driver/lib64/driver:/usr/local/Ascend/nnal/atb/latest/atb/cxx_abi_1/lib:/usr/local/Ascend/nnal/atb/latest/atb/cxx_abi_1/examples:/usr/local/Ascend/nnal/atb/latest/atb/cxx_abi_1/tests/atbopstest:/usr/local/Ascend/ascend-toolkit/latest/tools/aml/lib64:/usr/local/Ascend/ascend-toolkit/latest/tools/aml/lib64/plugin:/usr/local/Ascend/ascend-toolkit/latest/lib64:/usr/local/Ascend/ascend-toolkit/latest/lib64/plugin/opskernel:/usr/local/Ascend/ascend-toolkit/latest/lib64/plugin/nnengine:/usr/local/Ascend/ascend-toolkit/latest/opp/built-in/op_impl/ai_core/tbe/op_tiling:/usr/local/Ascend/driver/lib64:/usr/local/Ascend/driver/lib64/common/:/usr/local/Ascend/driver/lib64/driver/:
+++ tr : '\n'
+++ grep -v -E '^/usr/local/Ascend/cann[/_-]'
+++ tr '\n' :
+++ sed 's/:$//'
++ export LD_LIBRARY_PATH
++ remove_env PYTHONPATH '^/usr/local/Ascend/cann[/_-]'
++ local name=PYTHONPATH
++ local 'regex=^/usr/local/Ascend/cann[/_-]'
+++ eval echo '${PYTHONPATH}'
++++ echo /workspace/cann-recipes-train/llm_rl/qwen3_shrink_aware:/usr/local/Ascend/cann-8.5.0/python/site-packages:/usr/local/Ascend/cann-8.5.0/opp/built-in/op_impl/ai_core/tbe:/usr/local/Ascend/ascend-toolkit/latest/python/site-packages:/usr/local/Ascend/ascend-toolkit/latest/opp/built-in/op_impl/ai_core/tbe:
++ local env_value=/workspace/cann-recipes-train/llm_rl/qwen3_shrink_aware:/usr/local/Ascend/cann-8.5.0/python/site-packages:/usr/local/Ascend/cann-8.5.0/opp/built-in/op_impl/ai_core/tbe:/usr/local/Ascend/ascend-toolkit/latest/python/site-packages:/usr/local/Ascend/ascend-toolkit/latest/opp/built-in/op_impl/ai_core/tbe:
++ read -r PYTHONPATH
+++ echo /workspace/cann-recipes-train/llm_rl/qwen3_shrink_aware:/usr/local/Ascend/cann-8.5.0/python/site-packages:/usr/local/Ascend/cann-8.5.0/opp/built-in/op_impl/ai_core/tbe:/usr/local/Ascend/ascend-toolkit/latest/python/site-packages:/usr/local/Ascend/ascend-toolkit/latest/opp/built-in/op_impl/ai_core/tbe:
+++ tr : '\n'
+++ grep -v -E '^/usr/local/Ascend/cann[/_-]'
+++ tr '\n' :
+++ sed 's/:$//'
++ export PYTHONPATH
++ ld_library_path=/usr/local/Ascend/nnal/atb/latest/atb/cxx_abi_1/lib:/usr/local/Ascend/nnal/atb/latest/atb/cxx_abi_1/examples:/usr/local/Ascend/nnal/atb/latest/atb/cxx_abi_1/tests/atbopstest:/usr/local/Ascend/driver/lib64:/usr/local/Ascend/driver/lib64/common:/usr/local/Ascend/driver/lib64/driver:/usr/local/Ascend/nnal/atb/latest/atb/cxx_abi_1/lib:/usr/local/Ascend/nnal/atb/latest/atb/cxx_abi_1/examples:/usr/local/Ascend/nnal/atb/latest/atb/cxx_abi_1/tests/atbopstest:/usr/local/Ascend/driver/lib64:/usr/local/Ascend/driver/lib64/common:/usr/local/Ascend/driver/lib64/driver:/usr/local/Ascend/nnal/atb/latest/atb/cxx_abi_1/lib:/usr/local/Ascend/nnal/atb/latest/atb/cxx_abi_1/examples:/usr/local/Ascend/nnal/atb/latest/atb/cxx_abi_1/tests/atbopstest:/usr/local/Ascend/driver/lib64:/usr/local/Ascend/driver/lib64/common:/usr/local/Ascend/driver/lib64/driver:/usr/local/Ascend/nnal/atb/latest/atb/cxx_abi_1/lib:/usr/local/Ascend/nnal/atb/latest/atb/cxx_abi_1/examples:/usr/local/Ascend/nnal/atb/latest/atb/cxx_abi_1/tests/atbopstest:/usr/local/Ascend/driver/lib64:/usr/local/Ascend/driver/lib64/common:/usr/local/Ascend/driver/lib64/driver:/usr/local/Ascend/nnal/atb/latest/atb/cxx_abi_1/lib:/usr/local/Ascend/nnal/atb/latest/atb/cxx_abi_1/examples:/usr/local/Ascend/nnal/atb/latest/atb/cxx_abi_1/tests/atbopstest:/usr/local/Ascend/driver/lib64:/usr/local/Ascend/driver/lib64/common:/usr/local/Ascend/driver/lib64/driver:/usr/local/Ascend/nnal/atb/latest/atb/cxx_abi_1/lib:/usr/local/Ascend/nnal/atb/latest/atb/cxx_abi_1/examples:/usr/local/Ascend/nnal/atb/latest/atb/cxx_abi_1/tests/atbopstest:/usr/local/Ascend/ascend-toolkit/latest/tools/aml/lib64:/usr/local/Ascend/ascend-toolkit/latest/tools/aml/lib64/plugin:/usr/local/Ascend/ascend-toolkit/latest/lib64:/usr/local/Ascend/ascend-toolkit/latest/lib64/plugin/opskernel:/usr/local/Ascend/ascend-toolkit/latest/lib64/plugin/nnengine:/usr/local/Ascend/ascend-toolkit/latest/opp/built-in/op_impl/ai_core/tbe/op_tiling:/usr/local/Ascend/driver/lib64:/usr/local/Ascend/driver/lib64/common/:/usr/local/Ascend/driver/lib64/driver/:
++ '[' '!' -z /usr/local/Ascend/nnal/atb/latest/atb/cxx_abi_1/lib:/usr/local/Ascend/nnal/atb/latest/atb/cxx_abi_1/examples:/usr/local/Ascend/nnal/atb/latest/atb/cxx_abi_1/tests/atbopstest:/usr/local/Ascend/driver/lib64:/usr/local/Ascend/driver/lib64/common:/usr/local/Ascend/driver/lib64/driver:/usr/local/Ascend/nnal/atb/latest/atb/cxx_abi_1/lib:/usr/local/Ascend/nnal/atb/latest/atb/cxx_abi_1/examples:/usr/local/Ascend/nnal/atb/latest/atb/cxx_abi_1/tests/atbopstest:/usr/local/Ascend/driver/lib64:/usr/local/Ascend/driver/lib64/common:/usr/local/Ascend/driver/lib64/driver:/usr/local/Ascend/nnal/atb/latest/atb/cxx_abi_1/lib:/usr/local/Ascend/nnal/atb/latest/atb/cxx_abi_1/examples:/usr/local/Ascend/nnal/atb/latest/atb/cxx_abi_1/tests/atbopstest:/usr/local/Ascend/driver/lib64:/usr/local/Ascend/driver/lib64/common:/usr/local/Ascend/driver/lib64/driver:/usr/local/Ascend/nnal/atb/latest/atb/cxx_abi_1/lib:/usr/local/Ascend/nnal/atb/latest/atb/cxx_abi_1/examples:/usr/local/Ascend/nnal/atb/latest/atb/cxx_abi_1/tests/atbopstest:/usr/local/Ascend/driver/lib64:/usr/local/Ascend/driver/lib64/common:/usr/local/Ascend/driver/lib64/driver:/usr/local/Ascend/nnal/atb/latest/atb/cxx_abi_1/lib:/usr/local/Ascend/nnal/atb/latest/atb/cxx_abi_1/examples:/usr/local/Ascend/nnal/atb/latest/atb/cxx_abi_1/tests/atbopstest:/usr/local/Ascend/driver/lib64:/usr/local/Ascend/driver/lib64/common:/usr/local/Ascend/driver/lib64/driver:/usr/local/Ascend/nnal/atb/latest/atb/cxx_abi_1/lib:/usr/local/Ascend/nnal/atb/latest/atb/cxx_abi_1/examples:/usr/local/Ascend/nnal/atb/latest/atb/cxx_abi_1/tests/atbopstest:/usr/local/Ascend/ascend-toolkit/latest/tools/aml/lib64:/usr/local/Ascend/ascend-toolkit/latest/tools/aml/lib64/plugin:/usr/local/Ascend/ascend-toolkit/latest/lib64:/usr/local/Ascend/ascend-toolkit/latest/lib64/plugin/opskernel:/usr/local/Ascend/ascend-toolkit/latest/lib64/plugin/nnengine:/usr/local/Ascend/ascend-toolkit/latest/opp/built-in/op_impl/ai_core/tbe/op_tiling:/usr/local/Ascend/driver/lib64:/usr/local/Ascend/driver/lib64/common/:/usr/local/Ascend/driver/lib64/driver/: ']'
+++ echo /usr/local/Ascend/nnal/atb/latest/atb/cxx_abi_1/lib:/usr/local/Ascend/nnal/atb/latest/atb/cxx_abi_1/examples:/usr/local/Ascend/nnal/atb/latest/atb/cxx_abi_1/tests/atbopstest:/usr/local/Ascend/driver/lib64:/usr/local/Ascend/driver/lib64/common:/usr/local/Ascend/driver/lib64/driver:/usr/local/Ascend/nnal/atb/latest/atb/cxx_abi_1/lib:/usr/local/Ascend/nnal/atb/latest/atb/cxx_abi_1/examples:/usr/local/Ascend/nnal/atb/latest/atb/cxx_abi_1/tests/atbopstest:/usr/local/Ascend/driver/lib64:/usr/local/Ascend/driver/lib64/common:/usr/local/Ascend/driver/lib64/driver:/usr/local/Ascend/nnal/atb/latest/atb/cxx_abi_1/lib:/usr/local/Ascend/nnal/atb/latest/atb/cxx_abi_1/examples:/usr/local/Ascend/nnal/atb/latest/atb/cxx_abi_1/tests/atbopstest:/usr/local/Ascend/driver/lib64:/usr/local/Ascend/driver/lib64/common:/usr/local/Ascend/driver/lib64/driver:/usr/local/Ascend/nnal/atb/latest/atb/cxx_abi_1/lib:/usr/local/Ascend/nnal/atb/latest/atb/cxx_abi_1/examples:/usr/local/Ascend/nnal/atb/latest/atb/cxx_abi_1/tests/atbopstest:/usr/local/Ascend/driver/lib64:/usr/local/Ascend/driver/lib64/common:/usr/local/Ascend/driver/lib64/driver:/usr/local/Ascend/nnal/atb/latest/atb/cxx_abi_1/lib:/usr/local/Ascend/nnal/atb/latest/atb/cxx_abi_1/examples:/usr/local/Ascend/nnal/atb/latest/atb/cxx_abi_1/tests/atbopstest:/usr/local/Ascend/driver/lib64:/usr/local/Ascend/driver/lib64/common:/usr/local/Ascend/driver/lib64/driver:/usr/local/Ascend/nnal/atb/latest/atb/cxx_abi_1/lib:/usr/local/Ascend/nnal/atb/latest/atb/cxx_abi_1/examples:/usr/local/Ascend/nnal/atb/latest/atb/cxx_abi_1/tests/atbopstest:/usr/local/Ascend/ascend-toolkit/latest/tools/aml/lib64:/usr/local/Ascend/ascend-toolkit/latest/tools/aml/lib64/plugin:/usr/local/Ascend/ascend-toolkit/latest/lib64:/usr/local/Ascend/ascend-toolkit/latest/lib64/plugin/opskernel:/usr/local/Ascend/ascend-toolkit/latest/lib64/plugin/nnengine:/usr/local/Ascend/ascend-toolkit/latest/opp/built-in/op_impl/ai_core/tbe/op_tiling:/usr/local/Ascend/driver/lib64:/usr/local/Ascend/driver/lib64/common/:/usr/local/Ascend/driver/lib64/driver/:
+++ tr : ' '
++ ld_library_path='/usr/local/Ascend/nnal/atb/latest/atb/cxx_abi_1/lib /usr/local/Ascend/nnal/atb/latest/atb/cxx_abi_1/examples /usr/local/Ascend/nnal/atb/latest/atb/cxx_abi_1/tests/atbopstest /usr/local/Ascend/driver/lib64 /usr/local/Ascend/driver/lib64/common /usr/local/Ascend/driver/lib64/driver /usr/local/Ascend/nnal/atb/latest/atb/cxx_abi_1/lib /usr/local/Ascend/nnal/atb/latest/atb/cxx_abi_1/examples /usr/local/Ascend/nnal/atb/latest/atb/cxx_abi_1/tests/atbopstest /usr/local/Ascend/driver/lib64 /usr/local/Ascend/driver/lib64/common /usr/local/Ascend/driver/lib64/driver /usr/local/Ascend/nnal/atb/latest/atb/cxx_abi_1/lib /usr/local/Ascend/nnal/atb/latest/atb/cxx_abi_1/examples /usr/local/Ascend/nnal/atb/latest/atb/cxx_abi_1/tests/atbopstest /usr/local/Ascend/driver/lib64 /usr/local/Ascend/driver/lib64/common /usr/local/Ascend/driver/lib64/driver /usr/local/Ascend/nnal/atb/latest/atb/cxx_abi_1/lib /usr/local/Ascend/nnal/atb/latest/atb/cxx_abi_1/examples /usr/local/Ascend/nnal/atb/latest/atb/cxx_abi_1/tests/atbopstest /usr/local/Ascend/driver/lib64 /usr/local/Ascend/driver/lib64/common /usr/local/Ascend/driver/lib64/driver /usr/local/Ascend/nnal/atb/latest/atb/cxx_abi_1/lib /usr/local/Ascend/nnal/atb/latest/atb/cxx_abi_1/examples /usr/local/Ascend/nnal/atb/latest/atb/cxx_abi_1/tests/atbopstest /usr/local/Ascend/driver/lib64 /usr/local/Ascend/driver/lib64/common /usr/local/Ascend/driver/lib64/driver /usr/local/Ascend/nnal/atb/latest/atb/cxx_abi_1/lib /usr/local/Ascend/nnal/atb/latest/atb/cxx_abi_1/examples /usr/local/Ascend/nnal/atb/latest/atb/cxx_abi_1/tests/atbopstest /usr/local/Ascend/ascend-toolkit/latest/tools/aml/lib64 /usr/local/Ascend/ascend-toolkit/latest/tools/aml/lib64/plugin /usr/local/Ascend/ascend-toolkit/latest/lib64 /usr/local/Ascend/ascend-toolkit/latest/lib64/plugin/opskernel /usr/local/Ascend/ascend-toolkit/latest/lib64/plugin/nnengine /usr/local/Ascend/ascend-toolkit/latest/opp/built-in/op_impl/ai_core/tbe/op_tiling /usr/local/Ascend/driver/lib64 /usr/local/Ascend/driver/lib64/common/ /usr/local/Ascend/driver/lib64/driver/ '
++ for path in ${ld_library_path}
++ echo /usr/local/Ascend/nnal/atb/latest/atb/cxx_abi_1/lib
++ grep -q driver
++ for path in ${ld_library_path}
++ echo /usr/local/Ascend/nnal/atb/latest/atb/cxx_abi_1/examples
++ grep -q driver
++ for path in ${ld_library_path}
++ echo /usr/local/Ascend/nnal/atb/latest/atb/cxx_abi_1/tests/atbopstest
++ grep -q driver
++ for path in ${ld_library_path}
++ echo /usr/local/Ascend/driver/lib64
++ grep -q driver
++ '[' -d /usr/local/Ascend/driver/lib64 ']'
+++ find /usr/local/Ascend/driver/lib64 -name libascend_hal.so
++ dep_hal_path=/usr/local/Ascend/driver/lib64/driver/libascend_hal.so
++ '[' '!' -z /usr/local/Ascend/driver/lib64/driver/libascend_hal.so ']'
++ is_install_driver=y
++ for path in ${ld_library_path}
++ echo /usr/local/Ascend/driver/lib64/common
++ grep -q driver
++ '[' -d /usr/local/Ascend/driver/lib64/common ']'
+++ find /usr/local/Ascend/driver/lib64/common -name libascend_hal.so
++ dep_hal_path=
++ '[' '!' -z '' ']'
++ for path in ${ld_library_path}
++ echo /usr/local/Ascend/driver/lib64/driver
++ grep -q driver
++ '[' -d /usr/local/Ascend/driver/lib64/driver ']'
+++ find /usr/local/Ascend/driver/lib64/driver -name libascend_hal.so
++ dep_hal_path=/usr/local/Ascend/driver/lib64/driver/libascend_hal.so
++ '[' '!' -z /usr/local/Ascend/driver/lib64/driver/libascend_hal.so ']'
++ is_install_driver=y
++ for path in ${ld_library_path}
++ echo /usr/local/Ascend/nnal/atb/latest/atb/cxx_abi_1/lib
++ grep -q driver
++ for path in ${ld_library_path}
++ echo /usr/local/Ascend/nnal/atb/latest/atb/cxx_abi_1/examples
++ grep -q driver
++ for path in ${ld_library_path}
++ echo /usr/local/Ascend/nnal/atb/latest/atb/cxx_abi_1/tests/atbopstest
++ grep -q driver
++ for path in ${ld_library_path}
++ echo /usr/local/Ascend/driver/lib64
++ grep -q driver
++ '[' -d /usr/local/Ascend/driver/lib64 ']'
+++ find /usr/local/Ascend/driver/lib64 -name libascend_hal.so
++ dep_hal_path=/usr/local/Ascend/driver/lib64/driver/libascend_hal.so
++ '[' '!' -z /usr/local/Ascend/driver/lib64/driver/libascend_hal.so ']'
++ is_install_driver=y
++ for path in ${ld_library_path}
++ echo /usr/local/Ascend/driver/lib64/common
++ grep -q driver
++ '[' -d /usr/local/Ascend/driver/lib64/common ']'
+++ find /usr/local/Ascend/driver/lib64/common -name libascend_hal.so
++ dep_hal_path=
++ '[' '!' -z '' ']'
++ for path in ${ld_library_path}
++ echo /usr/local/Ascend/driver/lib64/driver
++ grep -q driver
++ '[' -d /usr/local/Ascend/driver/lib64/driver ']'
+++ find /usr/local/Ascend/driver/lib64/driver -name libascend_hal.so
++ dep_hal_path=/usr/local/Ascend/driver/lib64/driver/libascend_hal.so
++ '[' '!' -z /usr/local/Ascend/driver/lib64/driver/libascend_hal.so ']'
++ is_install_driver=y
++ for path in ${ld_library_path}
++ echo /usr/local/Ascend/nnal/atb/latest/atb/cxx_abi_1/lib
++ grep -q driver
++ for path in ${ld_library_path}
++ echo /usr/local/Ascend/nnal/atb/latest/atb/cxx_abi_1/examples
++ grep -q driver
++ for path in ${ld_library_path}
++ echo /usr/local/Ascend/nnal/atb/latest/atb/cxx_abi_1/tests/atbopstest
++ grep -q driver
++ for path in ${ld_library_path}
++ echo /usr/local/Ascend/driver/lib64
++ grep -q driver
++ '[' -d /usr/local/Ascend/driver/lib64 ']'
+++ find /usr/local/Ascend/driver/lib64 -name libascend_hal.so
++ dep_hal_path=/usr/local/Ascend/driver/lib64/driver/libascend_hal.so
++ '[' '!' -z /usr/local/Ascend/driver/lib64/driver/libascend_hal.so ']'
++ is_install_driver=y
++ for path in ${ld_library_path}
++ echo /usr/local/Ascend/driver/lib64/common
++ grep -q driver
++ '[' -d /usr/local/Ascend/driver/lib64/common ']'
+++ find /usr/local/Ascend/driver/lib64/common -name libascend_hal.so
++ dep_hal_path=
++ '[' '!' -z '' ']'
++ for path in ${ld_library_path}
++ echo /usr/local/Ascend/driver/lib64/driver
++ grep -q driver
++ '[' -d /usr/local/Ascend/driver/lib64/driver ']'
+++ find /usr/local/Ascend/driver/lib64/driver -name libascend_hal.so
++ dep_hal_path=/usr/local/Ascend/driver/lib64/driver/libascend_hal.so
++ '[' '!' -z /usr/local/Ascend/driver/lib64/driver/libascend_hal.so ']'
++ is_install_driver=y
++ for path in ${ld_library_path}
++ echo /usr/local/Ascend/nnal/atb/latest/atb/cxx_abi_1/lib
++ grep -q driver
++ for path in ${ld_library_path}
++ echo /usr/local/Ascend/nnal/atb/latest/atb/cxx_abi_1/examples
++ grep -q driver
++ for path in ${ld_library_path}
++ echo /usr/local/Ascend/nnal/atb/latest/atb/cxx_abi_1/tests/atbopstest
++ grep -q driver
++ for path in ${ld_library_path}
++ echo /usr/local/Ascend/driver/lib64
++ grep -q driver
++ '[' -d /usr/local/Ascend/driver/lib64 ']'
+++ find /usr/local/Ascend/driver/lib64 -name libascend_hal.so
++ dep_hal_path=/usr/local/Ascend/driver/lib64/driver/libascend_hal.so
++ '[' '!' -z /usr/local/Ascend/driver/lib64/driver/libascend_hal.so ']'
++ is_install_driver=y
++ for path in ${ld_library_path}
++ echo /usr/local/Ascend/driver/lib64/common
++ grep -q driver
++ '[' -d /usr/local/Ascend/driver/lib64/common ']'
+++ find /usr/local/Ascend/driver/lib64/common -name libascend_hal.so
++ dep_hal_path=
++ '[' '!' -z '' ']'
++ for path in ${ld_library_path}
++ echo /usr/local/Ascend/driver/lib64/driver
++ grep -q driver
++ '[' -d /usr/local/Ascend/driver/lib64/driver ']'
+++ find /usr/local/Ascend/driver/lib64/driver -name libascend_hal.so
++ dep_hal_path=/usr/local/Ascend/driver/lib64/driver/libascend_hal.so
++ '[' '!' -z /usr/local/Ascend/driver/lib64/driver/libascend_hal.so ']'
++ is_install_driver=y
++ for path in ${ld_library_path}
++ echo /usr/local/Ascend/nnal/atb/latest/atb/cxx_abi_1/lib
++ grep -q driver
++ for path in ${ld_library_path}
++ echo /usr/local/Ascend/nnal/atb/latest/atb/cxx_abi_1/examples
++ grep -q driver
++ for path in ${ld_library_path}
++ echo /usr/local/Ascend/nnal/atb/latest/atb/cxx_abi_1/tests/atbopstest
++ grep -q driver
++ for path in ${ld_library_path}
++ echo /usr/local/Ascend/driver/lib64
++ grep -q driver
++ '[' -d /usr/local/Ascend/driver/lib64 ']'
+++ find /usr/local/Ascend/driver/lib64 -name libascend_hal.so
++ dep_hal_path=/usr/local/Ascend/driver/lib64/driver/libascend_hal.so
++ '[' '!' -z /usr/local/Ascend/driver/lib64/driver/libascend_hal.so ']'
++ is_install_driver=y
++ for path in ${ld_library_path}
++ echo /usr/local/Ascend/driver/lib64/common
++ grep -q driver
++ '[' -d /usr/local/Ascend/driver/lib64/common ']'
+++ find /usr/local/Ascend/driver/lib64/common -name libascend_hal.so
++ dep_hal_path=
++ '[' '!' -z '' ']'
++ for path in ${ld_library_path}
++ echo /usr/local/Ascend/driver/lib64/driver
++ grep -q driver
++ '[' -d /usr/local/Ascend/driver/lib64/driver ']'
+++ find /usr/local/Ascend/driver/lib64/driver -name libascend_hal.so
++ dep_hal_path=/usr/local/Ascend/driver/lib64/driver/libascend_hal.so
++ '[' '!' -z /usr/local/Ascend/driver/lib64/driver/libascend_hal.so ']'
++ is_install_driver=y
++ for path in ${ld_library_path}
++ echo /usr/local/Ascend/nnal/atb/latest/atb/cxx_abi_1/lib
++ grep -q driver
++ for path in ${ld_library_path}
++ echo /usr/local/Ascend/nnal/atb/latest/atb/cxx_abi_1/examples
++ grep -q driver
++ for path in ${ld_library_path}
++ echo /usr/local/Ascend/nnal/atb/latest/atb/cxx_abi_1/tests/atbopstest
++ grep -q driver
++ for path in ${ld_library_path}
++ echo /usr/local/Ascend/ascend-toolkit/latest/tools/aml/lib64
++ grep -q driver
++ for path in ${ld_library_path}
++ echo /usr/local/Ascend/ascend-toolkit/latest/tools/aml/lib64/plugin
++ grep -q driver
++ for path in ${ld_library_path}
++ echo /usr/local/Ascend/ascend-toolkit/latest/lib64
++ grep -q driver
++ for path in ${ld_library_path}
++ echo /usr/local/Ascend/ascend-toolkit/latest/lib64/plugin/opskernel
++ grep -q driver
++ for path in ${ld_library_path}
++ echo /usr/local/Ascend/ascend-toolkit/latest/lib64/plugin/nnengine
++ grep -q driver
++ for path in ${ld_library_path}
++ echo /usr/local/Ascend/ascend-toolkit/latest/opp/built-in/op_impl/ai_core/tbe/op_tiling
++ grep -q driver
++ for path in ${ld_library_path}
++ echo /usr/local/Ascend/driver/lib64
++ grep -q driver
++ '[' -d /usr/local/Ascend/driver/lib64 ']'
+++ find /usr/local/Ascend/driver/lib64 -name libascend_hal.so
++ dep_hal_path=/usr/local/Ascend/driver/lib64/driver/libascend_hal.so
++ '[' '!' -z /usr/local/Ascend/driver/lib64/driver/libascend_hal.so ']'
++ is_install_driver=y
++ for path in ${ld_library_path}
++ echo /usr/local/Ascend/driver/lib64/common/
++ grep -q driver
++ '[' -d /usr/local/Ascend/driver/lib64/common/ ']'
+++ find /usr/local/Ascend/driver/lib64/common/ -name libascend_hal.so
++ dep_hal_path=
++ '[' '!' -z '' ']'
++ for path in ${ld_library_path}
++ echo /usr/local/Ascend/driver/lib64/driver/
++ grep -q driver
++ '[' -d /usr/local/Ascend/driver/lib64/driver/ ']'
+++ find /usr/local/Ascend/driver/lib64/driver/ -name libascend_hal.so
++ dep_hal_path=/usr/local/Ascend/driver/lib64/driver/libascend_hal.so
++ '[' '!' -z /usr/local/Ascend/driver/lib64/driver/libascend_hal.so ']'
++ is_install_driver=y
++ '[' -f /etc/ascend_install.info ']'
++ case ":$PATH:" in
++ command -v ldconfig
++ ldconfig -p
++ grep -q -- libascend_hal.so
++ command -v arch
+++ arch
++ architecture=aarch64
++ prepend_env PATH /usr/local/Ascend/cann-8.5.0/bin:/usr/local/Ascend/cann-8.5.0/tools/ccec_compiler/bin:/usr/local/Ascend/cann-8.5.0/tools/profiler/bin:/usr/local/Ascend/cann-8.5.0/tools/ascend_system_advisor/asys:/usr/local/Ascend/cann-8.5.0/tools/show_kernel_debug_data:/usr/local/Ascend/cann-8.5.0/tools/msobjdump
++ local name=PATH
++ local value=/usr/local/Ascend/cann-8.5.0/bin:/usr/local/Ascend/cann-8.5.0/tools/ccec_compiler/bin:/usr/local/Ascend/cann-8.5.0/tools/profiler/bin:/usr/local/Ascend/cann-8.5.0/tools/ascend_system_advisor/asys:/usr/local/Ascend/cann-8.5.0/tools/show_kernel_debug_data:/usr/local/Ascend/cann-8.5.0/tools/msobjdump
+++ eval echo '${PATH}'
++++ echo /usr/local/Ascend/nnal/atb/latest/atb/cxx_abi_1/bin:/usr/local/Ascend/nnal/atb/latest/atb/cxx_abi_1/bin:/usr/local/Ascend/nnal/atb/latest/atb/cxx_abi_1/bin:/root/.vscode-server/data/User/globalStorage/github.copilot-chat/debugCommand:/root/.vscode-server/data/User/globalStorage/github.copilot-chat/copilotCli:/root/.vscode-server/bin/8761a5560cfd65fdd19ce7e2bd18dab5c0a4d84e/bin/remote-cli:/usr/local/Ascend/nnal/atb/latest/atb/cxx_abi_1/bin:/usr/local/Ascend/nnal/atb/latest/atb/cxx_abi_1/bin:/usr/local/Ascend/nnal/atb/latest/atb/cxx_abi_1/bin:/usr/local/Ascend/ascend-toolkit/latest/bin:/usr/local/Ascend/ascend-toolkit/latest/compiler/ccec_compiler/bin:/usr/local/Ascend/ascend-toolkit/latest/tools/ccec_compiler/bin:/usr/local/python3.11.14/bin:/usr/local/sbin:/usr/local/bin:/usr/sbin:/usr/bin:/sbin:/bin:/usr/local/go/bin:/root/bin:/usr/local/go/bin:/usr/local/go/bin:/root/bin
++ local env_value=/usr/local/Ascend/nnal/atb/latest/atb/cxx_abi_1/bin:/usr/local/Ascend/nnal/atb/latest/atb/cxx_abi_1/bin:/usr/local/Ascend/nnal/atb/latest/atb/cxx_abi_1/bin:/root/.vscode-server/data/User/globalStorage/github.copilot-chat/debugCommand:/root/.vscode-server/data/User/globalStorage/github.copilot-chat/copilotCli:/root/.vscode-server/bin/8761a5560cfd65fdd19ce7e2bd18dab5c0a4d84e/bin/remote-cli:/usr/local/Ascend/nnal/atb/latest/atb/cxx_abi_1/bin:/usr/local/Ascend/nnal/atb/latest/atb/cxx_abi_1/bin:/usr/local/Ascend/nnal/atb/latest/atb/cxx_abi_1/bin:/usr/local/Ascend/ascend-toolkit/latest/bin:/usr/local/Ascend/ascend-toolkit/latest/compiler/ccec_compiler/bin:/usr/local/Ascend/ascend-toolkit/latest/tools/ccec_compiler/bin:/usr/local/python3.11.14/bin:/usr/local/sbin:/usr/local/bin:/usr/sbin:/usr/bin:/sbin:/bin:/usr/local/go/bin:/root/bin:/usr/local/go/bin:/usr/local/go/bin:/root/bin
++ '[' /usr/local/Ascend/nnal/atb/latest/atb/cxx_abi_1/bin:/usr/local/Ascend/nnal/atb/latest/atb/cxx_abi_1/bin:/usr/local/Ascend/nnal/atb/latest/atb/cxx_abi_1/bin:/root/.vscode-server/data/User/globalStorage/github.copilot-chat/debugCommand:/root/.vscode-server/data/User/globalStorage/github.copilot-chat/copilotCli:/root/.vscode-server/bin/8761a5560cfd65fdd19ce7e2bd18dab5c0a4d84e/bin/remote-cli:/usr/local/Ascend/nnal/atb/latest/atb/cxx_abi_1/bin:/usr/local/Ascend/nnal/atb/latest/atb/cxx_abi_1/bin:/usr/local/Ascend/nnal/atb/latest/atb/cxx_abi_1/bin:/usr/local/Ascend/ascend-toolkit/latest/bin:/usr/local/Ascend/ascend-toolkit/latest/compiler/ccec_compiler/bin:/usr/local/Ascend/ascend-toolkit/latest/tools/ccec_compiler/bin:/usr/local/python3.11.14/bin:/usr/local/sbin:/usr/local/bin:/usr/sbin:/usr/bin:/sbin:/bin:/usr/local/go/bin:/root/bin:/usr/local/go/bin:/usr/local/go/bin:/root/bin = '' ']'
++ read -r PATH
++ export PATH
++ prepend_env LD_LIBRARY_PATH /usr/local/Ascend/cann-8.5.0/lib64:/usr/local/Ascend/cann-8.5.0/lib64/plugin/opskernel:/usr/local/Ascend/cann-8.5.0/lib64/plugin/nnengine:/usr/local/Ascend/cann-8.5.0/opp/built-in/op_impl/ai_core/tbe/op_tiling/lib/linux/aarch64:/usr/local/Ascend/cann-8.5.0/tools/aml/lib64:/usr/local/Ascend/cann-8.5.0/tools/aml/lib64/plugin:/usr/local/Ascend/driver/lib64:/usr/local/Ascend/driver/lib64/common:/usr/local/Ascend/driver/lib64/driver
++ local name=LD_LIBRARY_PATH
++ local value=/usr/local/Ascend/cann-8.5.0/lib64:/usr/local/Ascend/cann-8.5.0/lib64/plugin/opskernel:/usr/local/Ascend/cann-8.5.0/lib64/plugin/nnengine:/usr/local/Ascend/cann-8.5.0/opp/built-in/op_impl/ai_core/tbe/op_tiling/lib/linux/aarch64:/usr/local/Ascend/cann-8.5.0/tools/aml/lib64:/usr/local/Ascend/cann-8.5.0/tools/aml/lib64/plugin:/usr/local/Ascend/driver/lib64:/usr/local/Ascend/driver/lib64/common:/usr/local/Ascend/driver/lib64/driver
+++ eval echo '${LD_LIBRARY_PATH}'
++++ echo /usr/local/Ascend/nnal/atb/latest/atb/cxx_abi_1/lib:/usr/local/Ascend/nnal/atb/latest/atb/cxx_abi_1/examples:/usr/local/Ascend/nnal/atb/latest/atb/cxx_abi_1/tests/atbopstest:/usr/local/Ascend/driver/lib64:/usr/local/Ascend/driver/lib64/common:/usr/local/Ascend/driver/lib64/driver:/usr/local/Ascend/nnal/atb/latest/atb/cxx_abi_1/lib:/usr/local/Ascend/nnal/atb/latest/atb/cxx_abi_1/examples:/usr/local/Ascend/nnal/atb/latest/atb/cxx_abi_1/tests/atbopstest:/usr/local/Ascend/driver/lib64:/usr/local/Ascend/driver/lib64/common:/usr/local/Ascend/driver/lib64/driver:/usr/local/Ascend/nnal/atb/latest/atb/cxx_abi_1/lib:/usr/local/Ascend/nnal/atb/latest/atb/cxx_abi_1/examples:/usr/local/Ascend/nnal/atb/latest/atb/cxx_abi_1/tests/atbopstest:/usr/local/Ascend/driver/lib64:/usr/local/Ascend/driver/lib64/common:/usr/local/Ascend/driver/lib64/driver:/usr/local/Ascend/nnal/atb/latest/atb/cxx_abi_1/lib:/usr/local/Ascend/nnal/atb/latest/atb/cxx_abi_1/examples:/usr/local/Ascend/nnal/atb/latest/atb/cxx_abi_1/tests/atbopstest:/usr/local/Ascend/driver/lib64:/usr/local/Ascend/driver/lib64/common:/usr/local/Ascend/driver/lib64/driver:/usr/local/Ascend/nnal/atb/latest/atb/cxx_abi_1/lib:/usr/local/Ascend/nnal/atb/latest/atb/cxx_abi_1/examples:/usr/local/Ascend/nnal/atb/latest/atb/cxx_abi_1/tests/atbopstest:/usr/local/Ascend/driver/lib64:/usr/local/Ascend/driver/lib64/common:/usr/local/Ascend/driver/lib64/driver:/usr/local/Ascend/nnal/atb/latest/atb/cxx_abi_1/lib:/usr/local/Ascend/nnal/atb/latest/atb/cxx_abi_1/examples:/usr/local/Ascend/nnal/atb/latest/atb/cxx_abi_1/tests/atbopstest:/usr/local/Ascend/ascend-toolkit/latest/tools/aml/lib64:/usr/local/Ascend/ascend-toolkit/latest/tools/aml/lib64/plugin:/usr/local/Ascend/ascend-toolkit/latest/lib64:/usr/local/Ascend/ascend-toolkit/latest/lib64/plugin/opskernel:/usr/local/Ascend/ascend-toolkit/latest/lib64/plugin/nnengine:/usr/local/Ascend/ascend-toolkit/latest/opp/built-in/op_impl/ai_core/tbe/op_tiling:/usr/local/Ascend/driver/lib64:/usr/local/Ascend/driver/lib64/common/:/usr/local/Ascend/driver/lib64/driver/:
++ local env_value=/usr/local/Ascend/nnal/atb/latest/atb/cxx_abi_1/lib:/usr/local/Ascend/nnal/atb/latest/atb/cxx_abi_1/examples:/usr/local/Ascend/nnal/atb/latest/atb/cxx_abi_1/tests/atbopstest:/usr/local/Ascend/driver/lib64:/usr/local/Ascend/driver/lib64/common:/usr/local/Ascend/driver/lib64/driver:/usr/local/Ascend/nnal/atb/latest/atb/cxx_abi_1/lib:/usr/local/Ascend/nnal/atb/latest/atb/cxx_abi_1/examples:/usr/local/Ascend/nnal/atb/latest/atb/cxx_abi_1/tests/atbopstest:/usr/local/Ascend/driver/lib64:/usr/local/Ascend/driver/lib64/common:/usr/local/Ascend/driver/lib64/driver:/usr/local/Ascend/nnal/atb/latest/atb/cxx_abi_1/lib:/usr/local/Ascend/nnal/atb/latest/atb/cxx_abi_1/examples:/usr/local/Ascend/nnal/atb/latest/atb/cxx_abi_1/tests/atbopstest:/usr/local/Ascend/driver/lib64:/usr/local/Ascend/driver/lib64/common:/usr/local/Ascend/driver/lib64/driver:/usr/local/Ascend/nnal/atb/latest/atb/cxx_abi_1/lib:/usr/local/Ascend/nnal/atb/latest/atb/cxx_abi_1/examples:/usr/local/Ascend/nnal/atb/latest/atb/cxx_abi_1/tests/atbopstest:/usr/local/Ascend/driver/lib64:/usr/local/Ascend/driver/lib64/common:/usr/local/Ascend/driver/lib64/driver:/usr/local/Ascend/nnal/atb/latest/atb/cxx_abi_1/lib:/usr/local/Ascend/nnal/atb/latest/atb/cxx_abi_1/examples:/usr/local/Ascend/nnal/atb/latest/atb/cxx_abi_1/tests/atbopstest:/usr/local/Ascend/driver/lib64:/usr/local/Ascend/driver/lib64/common:/usr/local/Ascend/driver/lib64/driver:/usr/local/Ascend/nnal/atb/latest/atb/cxx_abi_1/lib:/usr/local/Ascend/nnal/atb/latest/atb/cxx_abi_1/examples:/usr/local/Ascend/nnal/atb/latest/atb/cxx_abi_1/tests/atbopstest:/usr/local/Ascend/ascend-toolkit/latest/tools/aml/lib64:/usr/local/Ascend/ascend-toolkit/latest/tools/aml/lib64/plugin:/usr/local/Ascend/ascend-toolkit/latest/lib64:/usr/local/Ascend/ascend-toolkit/latest/lib64/plugin/opskernel:/usr/local/Ascend/ascend-toolkit/latest/lib64/plugin/nnengine:/usr/local/Ascend/ascend-toolkit/latest/opp/built-in/op_impl/ai_core/tbe/op_tiling:/usr/local/Ascend/driver/lib64:/usr/local/Ascend/driver/lib64/common/:/usr/local/Ascend/driver/lib64/driver/:
++ '[' /usr/local/Ascend/nnal/atb/latest/atb/cxx_abi_1/lib:/usr/local/Ascend/nnal/atb/latest/atb/cxx_abi_1/examples:/usr/local/Ascend/nnal/atb/latest/atb/cxx_abi_1/tests/atbopstest:/usr/local/Ascend/driver/lib64:/usr/local/Ascend/driver/lib64/common:/usr/local/Ascend/driver/lib64/driver:/usr/local/Ascend/nnal/atb/latest/atb/cxx_abi_1/lib:/usr/local/Ascend/nnal/atb/latest/atb/cxx_abi_1/examples:/usr/local/Ascend/nnal/atb/latest/atb/cxx_abi_1/tests/atbopstest:/usr/local/Ascend/driver/lib64:/usr/local/Ascend/driver/lib64/common:/usr/local/Ascend/driver/lib64/driver:/usr/local/Ascend/nnal/atb/latest/atb/cxx_abi_1/lib:/usr/local/Ascend/nnal/atb/latest/atb/cxx_abi_1/examples:/usr/local/Ascend/nnal/atb/latest/atb/cxx_abi_1/tests/atbopstest:/usr/local/Ascend/driver/lib64:/usr/local/Ascend/driver/lib64/common:/usr/local/Ascend/driver/lib64/driver:/usr/local/Ascend/nnal/atb/latest/atb/cxx_abi_1/lib:/usr/local/Ascend/nnal/atb/latest/atb/cxx_abi_1/examples:/usr/local/Ascend/nnal/atb/latest/atb/cxx_abi_1/tests/atbopstest:/usr/local/Ascend/driver/lib64:/usr/local/Ascend/driver/lib64/common:/usr/local/Ascend/driver/lib64/driver:/usr/local/Ascend/nnal/atb/latest/atb/cxx_abi_1/lib:/usr/local/Ascend/nnal/atb/latest/atb/cxx_abi_1/examples:/usr/local/Ascend/nnal/atb/latest/atb/cxx_abi_1/tests/atbopstest:/usr/local/Ascend/driver/lib64:/usr/local/Ascend/driver/lib64/common:/usr/local/Ascend/driver/lib64/driver:/usr/local/Ascend/nnal/atb/latest/atb/cxx_abi_1/lib:/usr/local/Ascend/nnal/atb/latest/atb/cxx_abi_1/examples:/usr/local/Ascend/nnal/atb/latest/atb/cxx_abi_1/tests/atbopstest:/usr/local/Ascend/ascend-toolkit/latest/tools/aml/lib64:/usr/local/Ascend/ascend-toolkit/latest/tools/aml/lib64/plugin:/usr/local/Ascend/ascend-toolkit/latest/lib64:/usr/local/Ascend/ascend-toolkit/latest/lib64/plugin/opskernel:/usr/local/Ascend/ascend-toolkit/latest/lib64/plugin/nnengine:/usr/local/Ascend/ascend-toolkit/latest/opp/built-in/op_impl/ai_core/tbe/op_tiling:/usr/local/Ascend/driver/lib64:/usr/local/Ascend/driver/lib64/common/:/usr/local/Ascend/driver/lib64/driver/: = '' ']'
++ read -r LD_LIBRARY_PATH
++ export LD_LIBRARY_PATH
++ export PYTHONPATH=/usr/local/Ascend/cann-8.5.0/python/site-packages:/usr/local/Ascend/cann-8.5.0/opp/built-in/op_impl/ai_core/tbe:/workspace/cann-recipes-train/llm_rl/qwen3_shrink_aware:/usr/local/Ascend/ascend-toolkit/latest/python/site-packages:/usr/local/Ascend/ascend-toolkit/latest/opp/built-in/op_impl/ai_core/tbe:
++ PYTHONPATH=/usr/local/Ascend/cann-8.5.0/python/site-packages:/usr/local/Ascend/cann-8.5.0/opp/built-in/op_impl/ai_core/tbe:/workspace/cann-recipes-train/llm_rl/qwen3_shrink_aware:/usr/local/Ascend/ascend-toolkit/latest/python/site-packages:/usr/local/Ascend/ascend-toolkit/latest/opp/built-in/op_impl/ai_core/tbe:
++ '[' y = n ']'
++ export ASCEND_OPP_PATH=/usr/local/Ascend/cann-8.5.0/opp
++ ASCEND_OPP_PATH=/usr/local/Ascend/cann-8.5.0/opp
++ export ASCEND_AICPU_PATH=/usr/local/Ascend/cann-8.5.0
++ ASCEND_AICPU_PATH=/usr/local/Ascend/cann-8.5.0
++ export TOOLCHAIN_HOME=/usr/local/Ascend/cann-8.5.0/toolkit
++ TOOLCHAIN_HOME=/usr/local/Ascend/cann-8.5.0/toolkit
++ export ASCEND_HOME_PATH=/usr/local/Ascend/cann-8.5.0
++ ASCEND_HOME_PATH=/usr/local/Ascend/cann-8.5.0
++ export ASCEND_TOOLKIT_HOME=/usr/local/Ascend/cann-8.5.0
++ ASCEND_TOOLKIT_HOME=/usr/local/Ascend/cann-8.5.0
++ prepend_env CMAKE_PREFIX_PATH /usr/local/Ascend/cann-8.5.0/lib64/cmake
++ local name=CMAKE_PREFIX_PATH
++ local value=/usr/local/Ascend/cann-8.5.0/lib64/cmake
+++ eval echo '${CMAKE_PREFIX_PATH}'
++++ echo /usr/local/Ascend/cann-8.5.0/toolkit/tools/tikicpulib/lib/cmake:/usr/local/Ascend/cann-8.5.0/lib64/cmake:/usr/local/Ascend/cann-8.5.0/toolkit/tools/tikicpulib/lib/cmake:/usr/local/Ascend/cann-8.5.0/lib64/cmake:/usr/local/Ascend/cann-8.5.0/toolkit/tools/tikicpulib/lib/cmake:/usr/local/Ascend/cann-8.5.0/lib64/cmake:/usr/local/Ascend/cann-8.5.0/toolkit/tools/tikicpulib/lib/cmake:/usr/local/Ascend/cann-8.5.0/lib64/cmake:/usr/local/Ascend/cann-8.5.0/toolkit/tools/tikicpulib/lib/cmake:/usr/local/Ascend/cann-8.5.0/lib64/cmake
++ local env_value=/usr/local/Ascend/cann-8.5.0/toolkit/tools/tikicpulib/lib/cmake:/usr/local/Ascend/cann-8.5.0/lib64/cmake:/usr/local/Ascend/cann-8.5.0/toolkit/tools/tikicpulib/lib/cmake:/usr/local/Ascend/cann-8.5.0/lib64/cmake:/usr/local/Ascend/cann-8.5.0/toolkit/tools/tikicpulib/lib/cmake:/usr/local/Ascend/cann-8.5.0/lib64/cmake:/usr/local/Ascend/cann-8.5.0/toolkit/tools/tikicpulib/lib/cmake:/usr/local/Ascend/cann-8.5.0/lib64/cmake:/usr/local/Ascend/cann-8.5.0/toolkit/tools/tikicpulib/lib/cmake:/usr/local/Ascend/cann-8.5.0/lib64/cmake
++ '[' /usr/local/Ascend/cann-8.5.0/toolkit/tools/tikicpulib/lib/cmake:/usr/local/Ascend/cann-8.5.0/lib64/cmake:/usr/local/Ascend/cann-8.5.0/toolkit/tools/tikicpulib/lib/cmake:/usr/local/Ascend/cann-8.5.0/lib64/cmake:/usr/local/Ascend/cann-8.5.0/toolkit/tools/tikicpulib/lib/cmake:/usr/local/Ascend/cann-8.5.0/lib64/cmake:/usr/local/Ascend/cann-8.5.0/toolkit/tools/tikicpulib/lib/cmake:/usr/local/Ascend/cann-8.5.0/lib64/cmake:/usr/local/Ascend/cann-8.5.0/toolkit/tools/tikicpulib/lib/cmake:/usr/local/Ascend/cann-8.5.0/lib64/cmake = '' ']'
++ read -r CMAKE_PREFIX_PATH
++ export CMAKE_PREFIX_PATH
++ prepend_env CMAKE_PREFIX_PATH /usr/local/Ascend/cann-8.5.0/toolkit/tools/tikicpulib/lib/cmake
++ local name=CMAKE_PREFIX_PATH
++ local value=/usr/local/Ascend/cann-8.5.0/toolkit/tools/tikicpulib/lib/cmake
+++ eval echo '${CMAKE_PREFIX_PATH}'
++++ echo /usr/local/Ascend/cann-8.5.0/lib64/cmake:/usr/local/Ascend/cann-8.5.0/toolkit/tools/tikicpulib/lib/cmake:/usr/local/Ascend/cann-8.5.0/lib64/cmake:/usr/local/Ascend/cann-8.5.0/toolkit/tools/tikicpulib/lib/cmake:/usr/local/Ascend/cann-8.5.0/lib64/cmake:/usr/local/Ascend/cann-8.5.0/toolkit/tools/tikicpulib/lib/cmake:/usr/local/Ascend/cann-8.5.0/lib64/cmake:/usr/local/Ascend/cann-8.5.0/toolkit/tools/tikicpulib/lib/cmake:/usr/local/Ascend/cann-8.5.0/lib64/cmake:/usr/local/Ascend/cann-8.5.0/toolkit/tools/tikicpulib/lib/cmake:/usr/local/Ascend/cann-8.5.0/lib64/cmake
++ local env_value=/usr/local/Ascend/cann-8.5.0/lib64/cmake:/usr/local/Ascend/cann-8.5.0/toolkit/tools/tikicpulib/lib/cmake:/usr/local/Ascend/cann-8.5.0/lib64/cmake:/usr/local/Ascend/cann-8.5.0/toolkit/tools/tikicpulib/lib/cmake:/usr/local/Ascend/cann-8.5.0/lib64/cmake:/usr/local/Ascend/cann-8.5.0/toolkit/tools/tikicpulib/lib/cmake:/usr/local/Ascend/cann-8.5.0/lib64/cmake:/usr/local/Ascend/cann-8.5.0/toolkit/tools/tikicpulib/lib/cmake:/usr/local/Ascend/cann-8.5.0/lib64/cmake:/usr/local/Ascend/cann-8.5.0/toolkit/tools/tikicpulib/lib/cmake:/usr/local/Ascend/cann-8.5.0/lib64/cmake
++ '[' /usr/local/Ascend/cann-8.5.0/lib64/cmake:/usr/local/Ascend/cann-8.5.0/toolkit/tools/tikicpulib/lib/cmake:/usr/local/Ascend/cann-8.5.0/lib64/cmake:/usr/local/Ascend/cann-8.5.0/toolkit/tools/tikicpulib/lib/cmake:/usr/local/Ascend/cann-8.5.0/lib64/cmake:/usr/local/Ascend/cann-8.5.0/toolkit/tools/tikicpulib/lib/cmake:/usr/local/Ascend/cann-8.5.0/lib64/cmake:/usr/local/Ascend/cann-8.5.0/toolkit/tools/tikicpulib/lib/cmake:/usr/local/Ascend/cann-8.5.0/lib64/cmake:/usr/local/Ascend/cann-8.5.0/toolkit/tools/tikicpulib/lib/cmake:/usr/local/Ascend/cann-8.5.0/lib64/cmake = '' ']'
++ read -r CMAKE_PREFIX_PATH
++ export CMAKE_PREFIX_PATH
+ source /usr/local/Ascend/nnal/asdsip/set_env.sh
++ path=/usr/local/Ascend/nnal/asdsip/set_env.sh
++ [[ -f /usr/local/Ascend/nnal/asdsip/set_env.sh ]]
++ [[ /usr/local/Ascend/nnal/asdsip/set_env.sh =~ set_env\.sh ]]
++++ dirname /usr/local/Ascend/nnal/asdsip/set_env.sh
+++ cd /usr/local/Ascend/nnal/asdsip
+++ pwd
++ asdsip_dir_path=/usr/local/Ascend/nnal/asdsip
++ export ASDSIP_HOME_PATH=/usr/local/Ascend/nnal/asdsip/latest/
++ ASDSIP_HOME_PATH=/usr/local/Ascend/nnal/asdsip/latest/
++ export LD_LIBRARY_PATH=/usr/local/Ascend/nnal/asdsip/latest//lib:/usr/local/Ascend/cann-8.5.0/lib64:/usr/local/Ascend/cann-8.5.0/lib64/plugin/opskernel:/usr/local/Ascend/cann-8.5.0/lib64/plugin/nnengine:/usr/local/Ascend/cann-8.5.0/opp/built-in/op_impl/ai_core/tbe/op_tiling/lib/linux/aarch64:/usr/local/Ascend/cann-8.5.0/tools/aml/lib64:/usr/local/Ascend/cann-8.5.0/tools/aml/lib64/plugin:/usr/local/Ascend/driver/lib64:/usr/local/Ascend/driver/lib64/common:/usr/local/Ascend/driver/lib64/driver:/usr/local/Ascend/nnal/atb/latest/atb/cxx_abi_1/lib:/usr/local/Ascend/nnal/atb/latest/atb/cxx_abi_1/examples:/usr/local/Ascend/nnal/atb/latest/atb/cxx_abi_1/tests/atbopstest:/usr/local/Ascend/driver/lib64:/usr/local/Ascend/driver/lib64/common:/usr/local/Ascend/driver/lib64/driver:/usr/local/Ascend/nnal/atb/latest/atb/cxx_abi_1/lib:/usr/local/Ascend/nnal/atb/latest/atb/cxx_abi_1/examples:/usr/local/Ascend/nnal/atb/latest/atb/cxx_abi_1/tests/atbopstest:/usr/local/Ascend/driver/lib64:/usr/local/Ascend/driver/lib64/common:/usr/local/Ascend/driver/lib64/driver:/usr/local/Ascend/nnal/atb/latest/atb/cxx_abi_1/lib:/usr/local/Ascend/nnal/atb/latest/atb/cxx_abi_1/examples:/usr/local/Ascend/nnal/atb/latest/atb/cxx_abi_1/tests/atbopstest:/usr/local/Ascend/driver/lib64:/usr/local/Ascend/driver/lib64/common:/usr/local/Ascend/driver/lib64/driver:/usr/local/Ascend/nnal/atb/latest/atb/cxx_abi_1/lib:/usr/local/Ascend/nnal/atb/latest/atb/cxx_abi_1/examples:/usr/local/Ascend/nnal/atb/latest/atb/cxx_abi_1/tests/atbopstest:/usr/local/Ascend/driver/lib64:/usr/local/Ascend/driver/lib64/common:/usr/local/Ascend/driver/lib64/driver:/usr/local/Ascend/nnal/atb/latest/atb/cxx_abi_1/lib:/usr/local/Ascend/nnal/atb/latest/atb/cxx_abi_1/examples:/usr/local/Ascend/nnal/atb/latest/atb/cxx_abi_1/tests/atbopstest:/usr/local/Ascend/driver/lib64:/usr/local/Ascend/driver/lib64/common:/usr/local/Ascend/driver/lib64/driver:/usr/local/Ascend/nnal/atb/latest/atb/cxx_abi_1/lib:/usr/local/Ascend/nnal/atb/latest/atb/cxx_abi_1/examples:/usr/local/Ascend/nnal/atb/latest/atb/cxx_abi_1/tests/atbopstest:/usr/local/Ascend/ascend-toolkit/latest/tools/aml/lib64:/usr/local/Ascend/ascend-toolkit/latest/tools/aml/lib64/plugin:/usr/local/Ascend/ascend-toolkit/latest/lib64:/usr/local/Ascend/ascend-toolkit/latest/lib64/plugin/opskernel:/usr/local/Ascend/ascend-toolkit/latest/lib64/plugin/nnengine:/usr/local/Ascend/ascend-toolkit/latest/opp/built-in/op_impl/ai_core/tbe/op_tiling:/usr/local/Ascend/driver/lib64:/usr/local/Ascend/driver/lib64/common/:/usr/local/Ascend/driver/lib64/driver/:
++ LD_LIBRARY_PATH=/usr/local/Ascend/nnal/asdsip/latest//lib:/usr/local/Ascend/cann-8.5.0/lib64:/usr/local/Ascend/cann-8.5.0/lib64/plugin/opskernel:/usr/local/Ascend/cann-8.5.0/lib64/plugin/nnengine:/usr/local/Ascend/cann-8.5.0/opp/built-in/op_impl/ai_core/tbe/op_tiling/lib/linux/aarch64:/usr/local/Ascend/cann-8.5.0/tools/aml/lib64:/usr/local/Ascend/cann-8.5.0/tools/aml/lib64/plugin:/usr/local/Ascend/driver/lib64:/usr/local/Ascend/driver/lib64/common:/usr/local/Ascend/driver/lib64/driver:/usr/local/Ascend/nnal/atb/latest/atb/cxx_abi_1/lib:/usr/local/Ascend/nnal/atb/latest/atb/cxx_abi_1/examples:/usr/local/Ascend/nnal/atb/latest/atb/cxx_abi_1/tests/atbopstest:/usr/local/Ascend/driver/lib64:/usr/local/Ascend/driver/lib64/common:/usr/local/Ascend/driver/lib64/driver:/usr/local/Ascend/nnal/atb/latest/atb/cxx_abi_1/lib:/usr/local/Ascend/nnal/atb/latest/atb/cxx_abi_1/examples:/usr/local/Ascend/nnal/atb/latest/atb/cxx_abi_1/tests/atbopstest:/usr/local/Ascend/driver/lib64:/usr/local/Ascend/driver/lib64/common:/usr/local/Ascend/driver/lib64/driver:/usr/local/Ascend/nnal/atb/latest/atb/cxx_abi_1/lib:/usr/local/Ascend/nnal/atb/latest/atb/cxx_abi_1/examples:/usr/local/Ascend/nnal/atb/latest/atb/cxx_abi_1/tests/atbopstest:/usr/local/Ascend/driver/lib64:/usr/local/Ascend/driver/lib64/common:/usr/local/Ascend/driver/lib64/driver:/usr/local/Ascend/nnal/atb/latest/atb/cxx_abi_1/lib:/usr/local/Ascend/nnal/atb/latest/atb/cxx_abi_1/examples:/usr/local/Ascend/nnal/atb/latest/atb/cxx_abi_1/tests/atbopstest:/usr/local/Ascend/driver/lib64:/usr/local/Ascend/driver/lib64/common:/usr/local/Ascend/driver/lib64/driver:/usr/local/Ascend/nnal/atb/latest/atb/cxx_abi_1/lib:/usr/local/Ascend/nnal/atb/latest/atb/cxx_abi_1/examples:/usr/local/Ascend/nnal/atb/latest/atb/cxx_abi_1/tests/atbopstest:/usr/local/Ascend/driver/lib64:/usr/local/Ascend/driver/lib64/common:/usr/local/Ascend/driver/lib64/driver:/usr/local/Ascend/nnal/atb/latest/atb/cxx_abi_1/lib:/usr/local/Ascend/nnal/atb/latest/atb/cxx_abi_1/examples:/usr/local/Ascend/nnal/atb/latest/atb/cxx_abi_1/tests/atbopstest:/usr/local/Ascend/ascend-toolkit/latest/tools/aml/lib64:/usr/local/Ascend/ascend-toolkit/latest/tools/aml/lib64/plugin:/usr/local/Ascend/ascend-toolkit/latest/lib64:/usr/local/Ascend/ascend-toolkit/latest/lib64/plugin/opskernel:/usr/local/Ascend/ascend-toolkit/latest/lib64/plugin/nnengine:/usr/local/Ascend/ascend-toolkit/latest/opp/built-in/op_impl/ai_core/tbe/op_tiling:/usr/local/Ascend/driver/lib64:/usr/local/Ascend/driver/lib64/common/:/usr/local/Ascend/driver/lib64/driver/:
+ source /usr/local/Ascend/nnal/atb/set_env.sh --cxx_abi=1
++ set_env_path=/usr/local/Ascend/nnal/atb/set_env.sh
++ [[ -n '' ]]
++ [[ -f /usr/local/Ascend/nnal/atb/set_env.sh ]]
++ [[ /usr/local/Ascend/nnal/atb/set_env.sh =~ (^|/)set_env\.sh$ ]]
++++ dirname /usr/local/Ascend/nnal/atb/set_env.sh
+++ cd /usr/local/Ascend/nnal/atb
+++ pwd
++ atb_path=/usr/local/Ascend/nnal/atb
++ get_cxx_abi_option --cxx_abi=1
++ cxx_abi=
++ [[ -z --cxx_abi=1 ]]
++ case "$1" in
++ cxx_abi=1
++ shift
++ [[ -z '' ]]
++ [[ 1 == '' ]]
++ export ATB_HOME_PATH=/usr/local/Ascend/nnal/atb/latest/atb/cxx_abi_1
++ ATB_HOME_PATH=/usr/local/Ascend/nnal/atb/latest/atb/cxx_abi_1
++ export LD_LIBRARY_PATH=/usr/local/Ascend/nnal/atb/latest/atb/cxx_abi_1/lib:/usr/local/Ascend/nnal/atb/latest/atb/cxx_abi_1/examples:/usr/local/Ascend/nnal/atb/latest/atb/cxx_abi_1/tests/atbopstest:/usr/local/Ascend/nnal/asdsip/latest//lib:/usr/local/Ascend/cann-8.5.0/lib64:/usr/local/Ascend/cann-8.5.0/lib64/plugin/opskernel:/usr/local/Ascend/cann-8.5.0/lib64/plugin/nnengine:/usr/local/Ascend/cann-8.5.0/opp/built-in/op_impl/ai_core/tbe/op_tiling/lib/linux/aarch64:/usr/local/Ascend/cann-8.5.0/tools/aml/lib64:/usr/local/Ascend/cann-8.5.0/tools/aml/lib64/plugin:/usr/local/Ascend/driver/lib64:/usr/local/Ascend/driver/lib64/common:/usr/local/Ascend/driver/lib64/driver:/usr/local/Ascend/nnal/atb/latest/atb/cxx_abi_1/lib:/usr/local/Ascend/nnal/atb/latest/atb/cxx_abi_1/examples:/usr/local/Ascend/nnal/atb/latest/atb/cxx_abi_1/tests/atbopstest:/usr/local/Ascend/driver/lib64:/usr/local/Ascend/driver/lib64/common:/usr/local/Ascend/driver/lib64/driver:/usr/local/Ascend/nnal/atb/latest/atb/cxx_abi_1/lib:/usr/local/Ascend/nnal/atb/latest/atb/cxx_abi_1/examples:/usr/local/Ascend/nnal/atb/latest/atb/cxx_abi_1/tests/atbopstest:/usr/local/Ascend/driver/lib64:/usr/local/Ascend/driver/lib64/common:/usr/local/Ascend/driver/lib64/driver:/usr/local/Ascend/nnal/atb/latest/atb/cxx_abi_1/lib:/usr/local/Ascend/nnal/atb/latest/atb/cxx_abi_1/examples:/usr/local/Ascend/nnal/atb/latest/atb/cxx_abi_1/tests/atbopstest:/usr/local/Ascend/driver/lib64:/usr/local/Ascend/driver/lib64/common:/usr/local/Ascend/driver/lib64/driver:/usr/local/Ascend/nnal/atb/latest/atb/cxx_abi_1/lib:/usr/local/Ascend/nnal/atb/latest/atb/cxx_abi_1/examples:/usr/local/Ascend/nnal/atb/latest/atb/cxx_abi_1/tests/atbopstest:/usr/local/Ascend/driver/lib64:/usr/local/Ascend/driver/lib64/common:/usr/local/Ascend/driver/lib64/driver:/usr/local/Ascend/nnal/atb/latest/atb/cxx_abi_1/lib:/usr/local/Ascend/nnal/atb/latest/atb/cxx_abi_1/examples:/usr/local/Ascend/nnal/atb/latest/atb/cxx_abi_1/tests/atbopstest:/usr/local/Ascend/driver/lib64:/usr/local/Ascend/driver/lib64/common:/usr/local/Ascend/driver/lib64/driver:/usr/local/Ascend/nnal/atb/latest/atb/cxx_abi_1/lib:/usr/local/Ascend/nnal/atb/latest/atb/cxx_abi_1/examples:/usr/local/Ascend/nnal/atb/latest/atb/cxx_abi_1/tests/atbopstest:/usr/local/Ascend/ascend-toolkit/latest/tools/aml/lib64:/usr/local/Ascend/ascend-toolkit/latest/tools/aml/lib64/plugin:/usr/local/Ascend/ascend-toolkit/latest/lib64:/usr/local/Ascend/ascend-toolkit/latest/lib64/plugin/opskernel:/usr/local/Ascend/ascend-toolkit/latest/lib64/plugin/nnengine:/usr/local/Ascend/ascend-toolkit/latest/opp/built-in/op_impl/ai_core/tbe/op_tiling:/usr/local/Ascend/driver/lib64:/usr/local/Ascend/driver/lib64/common/:/usr/local/Ascend/driver/lib64/driver/:
++ LD_LIBRARY_PATH=/usr/local/Ascend/nnal/atb/latest/atb/cxx_abi_1/lib:/usr/local/Ascend/nnal/atb/latest/atb/cxx_abi_1/examples:/usr/local/Ascend/nnal/atb/latest/atb/cxx_abi_1/tests/atbopstest:/usr/local/Ascend/nnal/asdsip/latest//lib:/usr/local/Ascend/cann-8.5.0/lib64:/usr/local/Ascend/cann-8.5.0/lib64/plugin/opskernel:/usr/local/Ascend/cann-8.5.0/lib64/plugin/nnengine:/usr/local/Ascend/cann-8.5.0/opp/built-in/op_impl/ai_core/tbe/op_tiling/lib/linux/aarch64:/usr/local/Ascend/cann-8.5.0/tools/aml/lib64:/usr/local/Ascend/cann-8.5.0/tools/aml/lib64/plugin:/usr/local/Ascend/driver/lib64:/usr/local/Ascend/driver/lib64/common:/usr/local/Ascend/driver/lib64/driver:/usr/local/Ascend/nnal/atb/latest/atb/cxx_abi_1/lib:/usr/local/Ascend/nnal/atb/latest/atb/cxx_abi_1/examples:/usr/local/Ascend/nnal/atb/latest/atb/cxx_abi_1/tests/atbopstest:/usr/local/Ascend/driver/lib64:/usr/local/Ascend/driver/lib64/common:/usr/local/Ascend/driver/lib64/driver:/usr/local/Ascend/nnal/atb/latest/atb/cxx_abi_1/lib:/usr/local/Ascend/nnal/atb/latest/atb/cxx_abi_1/examples:/usr/local/Ascend/nnal/atb/latest/atb/cxx_abi_1/tests/atbopstest:/usr/local/Ascend/driver/lib64:/usr/local/Ascend/driver/lib64/common:/usr/local/Ascend/driver/lib64/driver:/usr/local/Ascend/nnal/atb/latest/atb/cxx_abi_1/lib:/usr/local/Ascend/nnal/atb/latest/atb/cxx_abi_1/examples:/usr/local/Ascend/nnal/atb/latest/atb/cxx_abi_1/tests/atbopstest:/usr/local/Ascend/driver/lib64:/usr/local/Ascend/driver/lib64/common:/usr/local/Ascend/driver/lib64/driver:/usr/local/Ascend/nnal/atb/latest/atb/cxx_abi_1/lib:/usr/local/Ascend/nnal/atb/latest/atb/cxx_abi_1/examples:/usr/local/Ascend/nnal/atb/latest/atb/cxx_abi_1/tests/atbopstest:/usr/local/Ascend/driver/lib64:/usr/local/Ascend/driver/lib64/common:/usr/local/Ascend/driver/lib64/driver:/usr/local/Ascend/nnal/atb/latest/atb/cxx_abi_1/lib:/usr/local/Ascend/nnal/atb/latest/atb/cxx_abi_1/examples:/usr/local/Ascend/nnal/atb/latest/atb/cxx_abi_1/tests/atbopstest:/usr/local/Ascend/driver/lib64:/usr/local/Ascend/driver/lib64/common:/usr/local/Ascend/driver/lib64/driver:/usr/local/Ascend/nnal/atb/latest/atb/cxx_abi_1/lib:/usr/local/Ascend/nnal/atb/latest/atb/cxx_abi_1/examples:/usr/local/Ascend/nnal/atb/latest/atb/cxx_abi_1/tests/atbopstest:/usr/local/Ascend/ascend-toolkit/latest/tools/aml/lib64:/usr/local/Ascend/ascend-toolkit/latest/tools/aml/lib64/plugin:/usr/local/Ascend/ascend-toolkit/latest/lib64:/usr/local/Ascend/ascend-toolkit/latest/lib64/plugin/opskernel:/usr/local/Ascend/ascend-toolkit/latest/lib64/plugin/nnengine:/usr/local/Ascend/ascend-toolkit/latest/opp/built-in/op_impl/ai_core/tbe/op_tiling:/usr/local/Ascend/driver/lib64:/usr/local/Ascend/driver/lib64/common/:/usr/local/Ascend/driver/lib64/driver/:
++ export PATH=/usr/local/Ascend/nnal/atb/latest/atb/cxx_abi_1/bin:/usr/local/Ascend/cann-8.5.0/bin:/usr/local/Ascend/cann-8.5.0/tools/ccec_compiler/bin:/usr/local/Ascend/cann-8.5.0/tools/profiler/bin:/usr/local/Ascend/cann-8.5.0/tools/ascend_system_advisor/asys:/usr/local/Ascend/cann-8.5.0/tools/show_kernel_debug_data:/usr/local/Ascend/cann-8.5.0/tools/msobjdump:/usr/local/Ascend/nnal/atb/latest/atb/cxx_abi_1/bin:/usr/local/Ascend/nnal/atb/latest/atb/cxx_abi_1/bin:/usr/local/Ascend/nnal/atb/latest/atb/cxx_abi_1/bin:/root/.vscode-server/data/User/globalStorage/github.copilot-chat/debugCommand:/root/.vscode-server/data/User/globalStorage/github.copilot-chat/copilotCli:/root/.vscode-server/bin/8761a5560cfd65fdd19ce7e2bd18dab5c0a4d84e/bin/remote-cli:/usr/local/Ascend/nnal/atb/latest/atb/cxx_abi_1/bin:/usr/local/Ascend/nnal/atb/latest/atb/cxx_abi_1/bin:/usr/local/Ascend/nnal/atb/latest/atb/cxx_abi_1/bin:/usr/local/Ascend/ascend-toolkit/latest/bin:/usr/local/Ascend/ascend-toolkit/latest/compiler/ccec_compiler/bin:/usr/local/Ascend/ascend-toolkit/latest/tools/ccec_compiler/bin:/usr/local/python3.11.14/bin:/usr/local/sbin:/usr/local/bin:/usr/sbin:/usr/bin:/sbin:/bin:/usr/local/go/bin:/root/bin:/usr/local/go/bin:/usr/local/go/bin:/root/bin
++ PATH=/usr/local/Ascend/nnal/atb/latest/atb/cxx_abi_1/bin:/usr/local/Ascend/cann-8.5.0/bin:/usr/local/Ascend/cann-8.5.0/tools/ccec_compiler/bin:/usr/local/Ascend/cann-8.5.0/tools/profiler/bin:/usr/local/Ascend/cann-8.5.0/tools/ascend_system_advisor/asys:/usr/local/Ascend/cann-8.5.0/tools/show_kernel_debug_data:/usr/local/Ascend/cann-8.5.0/tools/msobjdump:/usr/local/Ascend/nnal/atb/latest/atb/cxx_abi_1/bin:/usr/local/Ascend/nnal/atb/latest/atb/cxx_abi_1/bin:/usr/local/Ascend/nnal/atb/latest/atb/cxx_abi_1/bin:/root/.vscode-server/data/User/globalStorage/github.copilot-chat/debugCommand:/root/.vscode-server/data/User/globalStorage/github.copilot-chat/copilotCli:/root/.vscode-server/bin/8761a5560cfd65fdd19ce7e2bd18dab5c0a4d84e/bin/remote-cli:/usr/local/Ascend/nnal/atb/latest/atb/cxx_abi_1/bin:/usr/local/Ascend/nnal/atb/latest/atb/cxx_abi_1/bin:/usr/local/Ascend/nnal/atb/latest/atb/cxx_abi_1/bin:/usr/local/Ascend/ascend-toolkit/latest/bin:/usr/local/Ascend/ascend-toolkit/latest/compiler/ccec_compiler/bin:/usr/local/Ascend/ascend-toolkit/latest/tools/ccec_compiler/bin:/usr/local/python3.11.14/bin:/usr/local/sbin:/usr/local/bin:/usr/sbin:/usr/bin:/sbin:/bin:/usr/local/go/bin:/root/bin:/usr/local/go/bin:/usr/local/go/bin:/root/bin
++ export ATB_STREAM_SYNC_EVERY_KERNEL_ENABLE=0
++ ATB_STREAM_SYNC_EVERY_KERNEL_ENABLE=0
++ export ATB_STREAM_SYNC_EVERY_RUNNER_ENABLE=0
++ ATB_STREAM_SYNC_EVERY_RUNNER_ENABLE=0
++ export ATB_STREAM_SYNC_EVERY_OPERATION_ENABLE=0
++ ATB_STREAM_SYNC_EVERY_OPERATION_ENABLE=0
++ export ATB_OPSRUNNER_KERNEL_CACHE_LOCAL_COUNT=1
++ ATB_OPSRUNNER_KERNEL_CACHE_LOCAL_COUNT=1
++ export ATB_OPSRUNNER_KERNEL_CACHE_GLOABL_COUNT=5
++ ATB_OPSRUNNER_KERNEL_CACHE_GLOABL_COUNT=5
++ export ATB_WORKSPACE_MEM_ALLOC_ALG_TYPE=1
++ ATB_WORKSPACE_MEM_ALLOC_ALG_TYPE=1
++ export ATB_COMPARE_TILING_EVERY_KERNEL=0
++ ATB_COMPARE_TILING_EVERY_KERNEL=0
++ export ATB_SHARE_MEMORY_NAME_SUFFIX=
++ ATB_SHARE_MEMORY_NAME_SUFFIX=
++ export ATB_MATMUL_SHUFFLE_K_ENABLE=1
++ ATB_MATMUL_SHUFFLE_K_ENABLE=1
++ export LCCL_DETERMINISTIC=0
++ LCCL_DETERMINISTIC=0
++ export LCCL_PARALLEL=0
++ LCCL_PARALLEL=0
+ export HYDRA_FULL_ERROR=1
+ HYDRA_FULL_ERROR=1
+ export RAY_DEDUP_LOGS=0
+ RAY_DEDUP_LOGS=0
+ export ASCEND_GLOBAL_EVENT_ENABLE=0
+ ASCEND_GLOBAL_EVENT_ENABLE=0
+ export ASCEND_SLOG_PRINT_TO_STDOUT=0
+ ASCEND_SLOG_PRINT_TO_STDOUT=0
+ export ASCEND_GLOBAL_LOG_LEVEL=3
+ ASCEND_GLOBAL_LOG_LEVEL=3
+ export HCCL_IF_BASE_PORT=64021
+ HCCL_IF_BASE_PORT=64021
+ export CUDA_DEVICE_MAX_CONNECTIONS=1
+ CUDA_DEVICE_MAX_CONNECTIONS=1
+ export MASTER_PORT=23300
+ MASTER_PORT=23300
+ export D2D_DATA_TRANSFER=1
+ D2D_DATA_TRANSFER=1
+ export VLLM_USE_V1=1
+ VLLM_USE_V1=1
+ export PRINT_MEMORY=1
+ PRINT_MEMORY=1
+ export USE_ALLTOALL_OVERLAP=1
+ USE_ALLTOALL_OVERLAP=1
+ export HCCL_OP_EXPANSION_MODE=AIV
+ HCCL_OP_EXPANSION_MODE=AIV
+ export VLLM_LOGGING_LEVEL=INFO
+ VLLM_LOGGING_LEVEL=INFO
+ export VLLM_ENABLE_MC2=1
+ VLLM_ENABLE_MC2=1
+ export VLLM_DP_SIZE=16
+ VLLM_DP_SIZE=16
+ export HCCL_BUFFSIZE=800
+ HCCL_BUFFSIZE=800
+ export TASK_QUEUE_ENABLE=2
+ TASK_QUEUE_ENABLE=2
+ export VLLM_ENABLE_FIX_ROUTE=0
+ VLLM_ENABLE_FIX_ROUTE=0
+ export VLLM_MODEL_EXECUTE_TIME_OBSERVE=0
+ VLLM_MODEL_EXECUTE_TIME_OBSERVE=0
+ export VLLM_ENABLE_GRAPH_MODE=0
+ VLLM_ENABLE_GRAPH_MODE=0
+ export VLLM_ENABLE_EXPERT_PARALLEL=1
+ VLLM_ENABLE_EXPERT_PARALLEL=1
+ export VLLM_CHUNK_MOE_SIZE=512
+ VLLM_CHUNK_MOE_SIZE=512
+ export ALL_TO_ALL_RESHARD=1
+ ALL_TO_ALL_RESHARD=1
+ export USE_ALLTOALL_OVERLAP=1
+ USE_ALLTOALL_OVERLAP=1
+ export VLLM_ENABLE_EPLB=0
+ VLLM_ENABLE_EPLB=0
+ export USE_HDP=0
+ USE_HDP=0
+ export ROLLOUT_REBALANCE_ENABLE=0
+ ROLLOUT_REBALANCE_ENABLE=0
+ export HCCL_ASYNC_ERROR_HANDLING=0
+ HCCL_ASYNC_ERROR_HANDLING=0
+ export HCCL_EXEC_TIMEOUT=7200
+ HCCL_EXEC_TIMEOUT=7200
+ export HCCL_CONNECT_TIMEOUT=7200
+ HCCL_CONNECT_TIMEOUT=7200
+ export VLLM_ASCEND_LLM_PROFILE_ENABLE=0
+ VLLM_ASCEND_LLM_PROFILE_ENABLE=0
+ OUTPUT_ROOT=/workspace/cann-recipes-train/llm_rl/qwen3_shrink_aware
+ OUTPUT_SUBDIR=mode1_baseline_random_batch_floor4_threshold_multistep
+ OUTPUT_DIR=/workspace/cann-recipes-train/llm_rl/qwen3_shrink_aware/mode1_baseline_random_batch_floor4_threshold_multistep
+ ROLL_OUT_DIR=/workspace/cann-recipes-train/llm_rl/qwen3_shrink_aware/mode1_baseline_random_batch_floor4_threshold_multistep/rollout_data
+ ROLL_LEN_DIR=/workspace/cann-recipes-train/llm_rl/qwen3_shrink_aware/mode1_baseline_random_batch_floor4_threshold_multistep/rollout_length
+ DRAFT_DUMP_DIR=/workspace/cann-recipes-train/llm_rl/qwen3_shrink_aware/mode1_baseline_random_batch_floor4_threshold_multistep/draft_hidden
+ CKPT_DIR=/workspace/cann-recipes-train/llm_rl/qwen3_shrink_aware/mode1_baseline_random_batch_floor4_threshold_multistep/checkpoints/qwen3moe_for_eagle3
+ TB_DIR=/workspace/cann-recipes-train/llm_rl/qwen3_shrink_aware/mode1_baseline_random_batch_floor4_threshold_multistep/tensorboard
+ LOG_DIR=/workspace/cann-recipes-train/llm_rl/qwen3_shrink_aware/mode1_baseline_random_batch_floor4_threshold_multistep/logs
+ SAVE_CKPT_ENABLE=0
+ SAVE_DRAFT_HIDDEN_ENABLE=0
+ mkdir -p /workspace/cann-recipes-train/llm_rl/qwen3_shrink_aware/mode1_baseline_random_batch_floor4_threshold_multistep/rollout_data /workspace/cann-recipes-train/llm_rl/qwen3_shrink_aware/mode1_baseline_random_batch_floor4_threshold_multistep/rollout_length /workspace/cann-recipes-train/llm_rl/qwen3_shrink_aware/mode1_baseline_random_batch_floor4_threshold_multistep/tensorboard /workspace/cann-recipes-train/llm_rl/qwen3_shrink_aware/mode1_baseline_random_batch_floor4_threshold_multistep/logs
+ '[' 0 = 1 ']'
+ '[' 0 = 1 ']'
+ export VLLM_ASCEND_ENABLE_DRAFT_TRAIN=0
+ VLLM_ASCEND_ENABLE_DRAFT_TRAIN=0
+ export VLLM_ASCEND_DRAFT_DUMP_ENABLE=0
+ VLLM_ASCEND_DRAFT_DUMP_ENABLE=0
+ export VLLM_ASCEND_DRAFT_DUMP_DIR=/workspace/cann-recipes-train/llm_rl/qwen3_shrink_aware/mode1_baseline_random_batch_floor4_threshold_multistep/draft_hidden
+ VLLM_ASCEND_DRAFT_DUMP_DIR=/workspace/cann-recipes-train/llm_rl/qwen3_shrink_aware/mode1_baseline_random_batch_floor4_threshold_multistep/draft_hidden
+ export VLLM_ASCEND_DRAFT_DUMP_EVERY=1
+ VLLM_ASCEND_DRAFT_DUMP_EVERY=1
+ export VLLM_ASCEND_DRAFT_DUMP_HIDDEN_DTYPE=bf16
+ VLLM_ASCEND_DRAFT_DUMP_HIDDEN_DTYPE=bf16
+ export VLLM_ASCEND_DRAFT_QUEUE_SIZE=4096
+ VLLM_ASCEND_DRAFT_QUEUE_SIZE=4096
+ export TENSORBOARD_DIR=/workspace/cann-recipes-train/llm_rl/qwen3_shrink_aware/mode1_baseline_random_batch_floor4_threshold_multistep/tensorboard
+ TENSORBOARD_DIR=/workspace/cann-recipes-train/llm_rl/qwen3_shrink_aware/mode1_baseline_random_batch_floor4_threshold_multistep/tensorboard
+ export VLLM_EPOCH_LENGTH_REGROUP_ENABLE=0
+ VLLM_EPOCH_LENGTH_REGROUP_ENABLE=0
+ export VLLM_EPOCH_LENGTH_REGROUP_BUCKET_SIZE=1024
+ VLLM_EPOCH_LENGTH_REGROUP_BUCKET_SIZE=1024
+ export VLLM_EPOCH_LENGTH_REGROUP_EMA_DECAY=0.7
+ VLLM_EPOCH_LENGTH_REGROUP_EMA_DECAY=0.7
+ export VLLM_EPOCH_LENGTH_REGROUP_SHUFFLE_BLOCKS=1
+ VLLM_EPOCH_LENGTH_REGROUP_SHUFFLE_BLOCKS=1
+ export VLLM_ROLLOUT_EARLY_STOP_ENABLE=0
+ VLLM_ROLLOUT_EARLY_STOP_ENABLE=0
+ export VLLM_ROLLOUT_EARLY_STOP_FACTOR=2.0
+ VLLM_ROLLOUT_EARLY_STOP_FACTOR=2.0
+ export VLLM_ROLLOUT_EARLY_STOP_MIN_TOKENS=10000
+ VLLM_ROLLOUT_EARLY_STOP_MIN_TOKENS=10000
+ export VLLM_EAGER_BASELINE_NO_RESAMPLE=1
+ VLLM_EAGER_BASELINE_NO_RESAMPLE=1
+ '[' 1 = 1 ']'
+ SAMPLER_CLASS_PATH=null
+ SAMPLER_CLASS_NAME=null
+ SAMPLER_EXTRA_ARGS=
+ ROLLOUT_ENFORCE_EAGER=True
+ ACTOR_CKPT_SAVE_CONTENTS='[model]'
+ ACTOR_CKPT_LOAD_CONTENTS='[model]'
+ CRITIC_CKPT_SAVE_CONTENTS='[model]'
+ CRITIC_CKPT_LOAD_CONTENTS='[model]'
+ MAX_ACTOR_CKPT_TO_KEEP=3
+ MAX_CRITIC_CKPT_TO_KEEP=1
+ '[' 0 = 1 ']'
+ TRAINER_SAVE_FREQ=-1
+ TRAINER_DEFAULT_LOCAL_DIR=/workspace/cann-recipes-train/llm_rl/qwen3_shrink_aware/mode1_baseline_random_batch_floor4_threshold_multistep
++ pwd
+ HOME=/workspace/cann-recipes-train/llm_rl/qwen3_shrink_aware
+ MODEL_PATH=/data/Qwen3-30B-A3B
+ CONFIG_DIR=/workspace/cann-recipes-train/llm_rl/qwen3_shrink_aware/verl/trainer/config
+ DISTCP_PATH=/data/Qwen3-30B-A3B_megatron
+ TRAIN_FILE=/data/deepscaler/train.parquet
+ TEST_FILE=/data/deepscaler/test.parquet
++ date +%Y%m%d%H%M%S
+ time=20260617112131
+ logfile=/workspace/cann-recipes-train/llm_rl/qwen3_shrink_aware/mode1_baseline_random_batch_floor4_threshold_multistep/logs/wjqwen30b-a3b-record_graph_save4eagle3_20260617112131.txt
+ set -x
+ python3 -m verl.trainer.main_ppo --config-path=/workspace/cann-recipes-train/llm_rl/qwen3_shrink_aware/verl/trainer/config --config-name=ppo_megatron_trainer.yaml algorithm.adv_estimator=grpo data.train_files=/data/deepscaler/train.parquet data.val_files=/data/deepscaler/test.parquet data.train_batch_size=32 data.max_prompt_length=1024 data.max_response_length=16384 data.filter_overlong_prompts=True data.truncation=error data.shuffle=False data.dataloader_num_workers=0 data.sampler.class_path=null data.sampler.class_name=null +data.dataset_fraction=0.005 custom_reward_function.path=deepscaler.py custom_reward_function.name=compute_score actor_rollout_ref.model.path=/data/Qwen3-30B-A3B actor_rollout_ref.actor.optim.lr=1e-6 actor_rollout_ref.actor.optim.clip_grad=10000 actor_rollout_ref.actor.ppo_mini_batch_size=32 actor_rollout_ref.actor.ppo_micro_batch_size_per_gpu=1 actor_rollout_ref.actor.use_dynamic_bsz=True actor_rollout_ref.actor.ppo_max_token_len_per_gpu=20480 actor_rollout_ref.actor.megatron.sequence_parallel=True actor_rollout_ref.actor.megatron.expert_model_parallel_size=4 actor_rollout_ref.actor.megatron.tensor_model_parallel_size=4 actor_rollout_ref.actor.megatron.pipeline_model_parallel_size=4 actor_rollout_ref.actor.megatron.expert_tensor_parallel_size=1 actor_rollout_ref.actor.megatron.param_offload=True actor_rollout_ref.actor.megatron.grad_offload=True actor_rollout_ref.actor.megatron.optimizer_offload=False actor_rollout_ref.actor.megatron.use_dist_checkpointing=True actor_rollout_ref.actor.megatron.dist_checkpointing_path=/data/Qwen3-30B-A3B_megatron actor_rollout_ref.actor.use_kl_loss=True actor_rollout_ref.actor.kl_loss_coef=0.001 actor_rollout_ref.actor.kl_loss_type=low_var_kl actor_rollout_ref.actor.load_weight=True actor_rollout_ref.actor.megatron.override_transformer_config.recompute_granularity=full actor_rollout_ref.actor.megatron.override_transformer_config.recompute_method=block actor_rollout_ref.actor.megatron.override_transformer_config.recompute_num_layers=1 actor_rollout_ref.rollout.log_prob_micro_batch_size_per_gpu=4 actor_rollout_ref.rollout.log_prob_use_dynamic_bsz=True actor_rollout_ref.rollout.log_prob_max_token_len_per_gpu=20480 actor_rollout_ref.rollout.tensor_model_parallel_size=1 actor_rollout_ref.rollout.name=vllm actor_rollout_ref.rollout.gpu_memory_utilization=0.85 actor_rollout_ref.rollout.max_num_batched_tokens=1024 actor_rollout_ref.rollout.enforce_eager=True actor_rollout_ref.rollout.max_num_seqs=32 actor_rollout_ref.rollout.n=16 actor_rollout_ref.rollout.temperature=0.9 actor_rollout_ref.rollout.top_k=50 actor_rollout_ref.rollout.top_p=0.9 actor_rollout_ref.rollout.ignore_eos=False actor_rollout_ref.ref.log_prob_micro_batch_size_per_gpu=8 actor_rollout_ref.ref.megatron.param_offload=True actor_rollout_ref.ref.load_weight=True actor_rollout_ref.ref.megatron.use_dist_checkpointing=True actor_rollout_ref.ref.megatron.dist_checkpointing_path=/data/Qwen3-30B-A3B_megatron algorithm.kl_ctrl.kl_coef=0.001 trainer.balance_batch=False trainer.device=npu trainer.val_before_train=False trainer.critic_warmup=0 'trainer.logger=[console,tensorboard]' trainer.project_name=verl_grpo_example trainer.experiment_name=qwen3_30_verl_mindspeedllm_vllm trainer.n_gpus_per_node=16 trainer.nnodes=1 trainer.save_freq=-1 trainer.max_actor_ckpt_to_keep=3 trainer.max_critic_ckpt_to_keep=1 'actor_rollout_ref.actor.checkpoint.save_contents=[model]' 'actor_rollout_ref.actor.checkpoint.load_contents=[model]' 'critic.checkpoint.save_contents=[model]' 'critic.checkpoint.load_contents=[model]' +trainer.save_epoch_freq=0 trainer.default_local_dir=/workspace/cann-recipes-train/llm_rl/qwen3_shrink_aware/mode1_baseline_random_batch_floor4_threshold_multistep trainer.test_freq=-1 trainer.total_epochs=3 +trainer.rollout_data_dir=/workspace/cann-recipes-train/llm_rl/qwen3_shrink_aware/mode1_baseline_random_batch_floor4_threshold_multistep/rollout_data +trainer.rollout_length_dir=/workspace/cann-recipes-train/llm_rl/qwen3_shrink_aware/mode1_baseline_random_batch_floor4_threshold_multistep/rollout_length +actor_rollout_ref.actor.megatron.override_transformer_config.use_flash_attn=True '+actor_rollout_ref.actor.megatron.override_transformer_config.pipeline_num_transformer_layers=[[11],[13],[13],[11]]' +actor_rollout_ref.actor.megatron.override_transformer_config.moe_token_dispatcher_type=alltoall +actor_rollout_ref.actor.megatron.override_transformer_config.moe_alltoall_overlap_comm=True +actor_rollout_ref.actor.megatron.override_transformer_config.use_fused_rotary_pos_emb=True +actor_rollout_ref.actor.megatron.override_transformer_config.use_fused_swiglu=True +actor_rollout_ref.actor.megatron.override_transformer_config.seq_length=2048 +actor_rollout_ref.actor.megatron.override_transformer_config.num_layers_in_first_pipeline_stage=11 +actor_rollout_ref.actor.megatron.override_transformer_config.num_layers_in_last_pipeline_stage=11 +actor_rollout_ref.actor.megatron.override_transformer_config.swap_optimizer=True data.train_files=/data/deepscaler/train.parquet data.val_files=/data/deepscaler/test.parquet data.train_batch_size=32 data.max_prompt_length=1024 data.max_response_length=640 data.shuffle=True actor_rollout_ref.model.path=/data/Qwen3-30B-A3B actor_rollout_ref.actor.megatron.dist_checkpointing_path=/data/Qwen3-30B-A3B_megatron actor_rollout_ref.ref.megatron.dist_checkpointing_path=/data/Qwen3-30B-A3B_megatron actor_rollout_ref.rollout.max_num_batched_tokens=1664 actor_rollout_ref.rollout.max_num_seqs=32 actor_rollout_ref.rollout.n=16 actor_rollout_ref.rollout.gpu_memory_utilization=0.85 actor_rollout_ref.rollout.shrink_aware.enable_shrink_aware_scheduling=false actor_rollout_ref.rollout.shrink_aware.shrink_aware_mode=off actor_rollout_ref.rollout.shrink_aware.enable_shrink_aware_logging=false trainer.total_epochs=1 data.dataset_fraction=0.005
/workspace/cann-recipes-train/llm_rl/qwen3_shrink_aware/megatron/core/optimizer/__init__.py:18: UserWarning: Transformer Engine and Apex are not installed. Falling back to Torch optimizers.
  warnings.warn(
/workspace/cann-recipes-train/llm_rl/qwen3_shrink_aware/megatron/core/optimizer/optimizer.py:28: UserWarning: Transformer Engine and Apex are not installed. Falling back to local implementations of multi_tensor_applier and multi_tensor_scale
  warnings.warn(
/workspace/cann-recipes-train/llm_rl/qwen3_shrink_aware/megatron/core/optimizer/clip_grads.py:29: UserWarning: Transformer Engine and Apex are not installed. Falling back to local implementations of multi_tensor_applier, multi_tensor_l2norm, and multi_tensor_scale
  warnings.warn(
/workspace/cann-recipes-train/llm_rl/qwen3_shrink_aware/megatron/core/transformer/multi_token_prediction.py:60: UserWarning: Apex is not installed. Falling back to Torch Norm
  warnings.warn('Apex is not installed. Falling back to Torch Norm')
/workspace/cann-recipes-train/llm_rl/qwen3_shrink_aware/megatron/core/models/gpt/gpt_layer_specs.py:65: UserWarning: Apex is not installed. Falling back to Torch Norm
  warnings.warn('Apex is not installed. Falling back to Torch Norm')
/usr/local/python3.11.14/lib/python3.11/site-packages/torch_npu/contrib/transfer_to_npu.py:347: ImportWarning: 
    *************************************************************************************************************
    The torch.Tensor.cuda and torch.nn.Module.cuda are replaced with torch.Tensor.npu and torch.nn.Module.npu now..
    The torch.cuda.DoubleTensor is replaced with torch.npu.FloatTensor cause the double type is not supported now..
    The backend in torch.distributed.init_process_group set to hccl now..
    The torch.cuda.* and torch.cuda.amp.* are replaced with torch.npu.* and torch.npu.amp.* now..
    The device parameters have been replaced with npu in the function below:
    torch.logspace, torch.randint, torch.hann_window, torch.rand, torch.full_like, torch.ones_like, torch.rand_like, torch.randperm, torch.arange, torch.frombuffer, torch.normal, torch._empty_per_channel_affine_quantized, torch.empty_strided, torch.empty_like, torch.scalar_tensor, torch.tril_indices, torch.bartlett_window, torch.ones, torch.sparse_coo_tensor, torch.randn, torch.kaiser_window, torch.tensor, torch.triu_indices, torch.as_tensor, torch.zeros, torch.randint_like, torch.full, torch.eye, torch._sparse_csr_tensor_unsafe, torch.empty, torch._sparse_coo_tensor_unsafe, torch.blackman_window, torch.zeros_like, torch.range, torch.sparse_csr_tensor, torch.randn_like, torch.from_file, torch._cudnn_init_dropout_state, torch._empty_affine_quantized, torch.linspace, torch.hamming_window, torch.empty_quantized, torch._pin_memory, torch.load, torch.set_default_device, torch.get_device_module, torch.sparse_compressed_tensor, torch.Tensor.new_empty, torch.Tensor.new_empty_strided, torch.Tensor.new_full, torch.Tensor.new_ones, torch.Tensor.new_tensor, torch.Tensor.new_zeros, torch.Tensor.to, torch.Tensor.pin_memory, torch.nn.Module.to, torch.nn.Module.to_empty
    *************************************************************************************************************
    
  warnings.warn(msg, ImportWarning)
/usr/local/python3.11.14/lib/python3.11/site-packages/torch_npu/contrib/transfer_to_npu.py:276: RuntimeWarning: torch.jit.script and torch.jit.script_method will be disabled by transfer_to_npu, which currently does not support them, if you need to enable them, please do not use transfer_to_npu.
  warnings.warn(msg, RuntimeWarning)
/usr/local/python3.11.14/lib/python3.11/site-packages/ray/_private/node.py:1209: ResourceWarning: unclosed file <_io.TextIOWrapper name='/dev/null' mode='w' encoding='UTF-8'>
  process_info = ray._private.services.start_gcs_server(
/usr/local/python3.11.14/lib/python3.11/site-packages/ray/_private/node.py:1273: ResourceWarning: unclosed file <_io.TextIOWrapper name='/dev/null' mode='w' encoding='UTF-8'>
  process_info = ray._private.services.start_raylet(
2026-06-17 11:21:41,871	INFO worker.py:1927 -- Started a local Ray instance.
[36m(pid=3587550)[0m /workspace/cann-recipes-train/llm_rl/qwen3_shrink_aware/megatron/core/optimizer/__init__.py:18: UserWarning: Transformer Engine and Apex are not installed. Falling back to Torch optimizers.
[36m(pid=3587550)[0m   warnings.warn(
[36m(pid=3587550)[0m /workspace/cann-recipes-train/llm_rl/qwen3_shrink_aware/megatron/core/optimizer/optimizer.py:28: UserWarning: Transformer Engine and Apex are not installed. Falling back to local implementations of multi_tensor_applier and multi_tensor_scale
[36m(pid=3587550)[0m   warnings.warn(
[36m(pid=3587550)[0m /workspace/cann-recipes-train/llm_rl/qwen3_shrink_aware/megatron/core/optimizer/clip_grads.py:29: UserWarning: Transformer Engine and Apex are not installed. Falling back to local implementations of multi_tensor_applier, multi_tensor_l2norm, and multi_tensor_scale
[36m(pid=3587550)[0m   warnings.warn(
[36m(pid=3587550)[0m /workspace/cann-recipes-train/llm_rl/qwen3_shrink_aware/megatron/core/transformer/multi_token_prediction.py:60: UserWarning: Apex is not installed. Falling back to Torch Norm
[36m(pid=3587550)[0m   warnings.warn('Apex is not installed. Falling back to Torch Norm')
[36m(pid=3587550)[0m /workspace/cann-recipes-train/llm_rl/qwen3_shrink_aware/megatron/core/models/gpt/gpt_layer_specs.py:65: UserWarning: Apex is not installed. Falling back to Torch Norm
[36m(pid=3587550)[0m   warnings.warn('Apex is not installed. Falling back to Torch Norm')
[36m(pid=3587550)[0m /usr/local/python3.11.14/lib/python3.11/site-packages/torch_npu/contrib/transfer_to_npu.py:347: ImportWarning: 
[36m(pid=3587550)[0m     *************************************************************************************************************
[36m(pid=3587550)[0m     The torch.Tensor.cuda and torch.nn.Module.cuda are replaced with torch.Tensor.npu and torch.nn.Module.npu now..
[36m(pid=3587550)[0m     The torch.cuda.DoubleTensor is replaced with torch.npu.FloatTensor cause the double type is not supported now..
[36m(pid=3587550)[0m     The backend in torch.distributed.init_process_group set to hccl now..
[36m(pid=3587550)[0m     The torch.cuda.* and torch.cuda.amp.* are replaced with torch.npu.* and torch.npu.amp.* now..
[36m(pid=3587550)[0m     The device parameters have been replaced with npu in the function below:
[36m(pid=3587550)[0m     torch.logspace, torch.randint, torch.hann_window, torch.rand, torch.full_like, torch.ones_like, torch.rand_like, torch.randperm, torch.arange, torch.frombuffer, torch.normal, torch._empty_per_channel_affine_quantized, torch.empty_strided, torch.empty_like, torch.scalar_tensor, torch.tril_indices, torch.bartlett_window, torch.ones, torch.sparse_coo_tensor, torch.randn, torch.kaiser_window, torch.tensor, torch.triu_indices, torch.as_tensor, torch.zeros, torch.randint_like, torch.full, torch.eye, torch._sparse_csr_tensor_unsafe, torch.empty, torch._sparse_coo_tensor_unsafe, torch.blackman_window, torch.zeros_like, torch.range, torch.sparse_csr_tensor, torch.randn_like, torch.from_file, torch._cudnn_init_dropout_state, torch._empty_affine_quantized, torch.linspace, torch.hamming_window, torch.empty_quantized, torch._pin_memory, torch.load, torch.set_default_device, torch.get_device_module, torch.sparse_compressed_tensor, torch.Tensor.new_empty, torch.Tensor.new_empty_strided, torch.Tensor.new_full, torch.Tensor.new_ones, torch.Tensor.new_tensor, torch.Tensor.new_zeros, torch.Tensor.to, torch.Tensor.pin_memory, torch.nn.Module.to, torch.nn.Module.to_empty
[36m(pid=3587550)[0m     *************************************************************************************************************
[36m(pid=3587550)[0m     
[36m(pid=3587550)[0m   warnings.warn(msg, ImportWarning)
[36m(pid=3587550)[0m /usr/local/python3.11.14/lib/python3.11/site-packages/torch_npu/contrib/transfer_to_npu.py:276: RuntimeWarning: torch.jit.script and torch.jit.script_method will be disabled by transfer_to_npu, which currently does not support them, if you need to enable them, please do not use transfer_to_npu.
[36m(pid=3587550)[0m   warnings.warn(msg, RuntimeWarning)
[36m(TaskRunner pid=3587550)[0m /workspace/cann-recipes-train/llm_rl/qwen3_shrink_aware/verl/trainer/main_ppo.py:306: UserWarning: Disabled critic as algorithm.adv_estimator != gae. If it is not intended, please set critic.enable=True
[36m(TaskRunner pid=3587550)[0m   use_critic=need_critic(config),
[36m(TaskRunner pid=3587550)[0m /workspace/cann-recipes-train/llm_rl/qwen3_shrink_aware/verl/utils/profiler/config.py:49: UserWarning: Torch profiler tool config is not fully supported now.
[36m(TaskRunner pid=3587550)[0m   warnings.warn("Torch profiler tool config is not fully supported now.", stacklevel=1)
[36m(TaskRunner pid=3587550)[0m Setting TOKENIZERS_PARALLELISM=false for forked processes.
[36m(TaskRunner pid=3587550)[0m Filtering prompts longer than 1024 tokens (num_proc=1):   0%|          | 0/181 [00:00<?, ? examples/s]
[36m(TaskRunner pid=3587550)[0m Filtering prompts longer than 1024 tokens (num_proc=1): 100%|██████████| 181/181 [00:00<00:00, 333.27 examples/s]
[36m(TaskRunner pid=3587550)[0m Filtering prompts longer than 1024 tokens (num_proc=1): 100%|██████████| 181/181 [00:00<00:00, 278.83 examples/s]
[36m(TaskRunner pid=3587550)[0m Setting TOKENIZERS_PARALLELISM=false for forked processes.
[36m(TaskRunner pid=3587550)[0m Filtering prompts longer than 1024 tokens (num_proc=1):   0%|          | 0/20 [00:00<?, ? examples/s]
[36m(TaskRunner pid=3587550)[0m Filtering prompts longer than 1024 tokens (num_proc=1): 100%|██████████| 20/20 [00:00<00:00, 40.44 examples/s]
[36m(TaskRunner pid=3587550)[0m Filtering prompts longer than 1024 tokens (num_proc=1): 100%|██████████| 20/20 [00:00<00:00, 33.43 examples/s]
[36m(TaskRunner pid=3587550)[0m /workspace/cann-recipes-train/llm_rl/qwen3_shrink_aware/verl/trainer/ppo/ray_trainer.py:365: UserWarning: Disabled critic as algorithm.adv_estimator != gae. If it is not intended, please set critic.enable=True
[36m(TaskRunner pid=3587550)[0m   self.use_critic = need_critic(self.config)
[36m(pid=3589051)[0m /usr/local/python3.11.14/lib/python3.11/site-packages/torch_npu/contrib/transfer_to_npu.py:345: ImportWarning: 
[36m(pid=3589051)[0m     *************************************************************************************************************
[36m(pid=3589051)[0m     The torch.Tensor.cuda and torch.nn.Module.cuda are replaced with torch.Tensor.npu and torch.nn.Module.npu now..
[36m(pid=3589051)[0m     The torch.cuda.DoubleTensor is replaced with torch.npu.FloatTensor cause the double type is not supported now..
[36m(pid=3589051)[0m     The backend in torch.distributed.init_process_group set to hccl now..
[36m(pid=3589051)[0m     The torch.cuda.* and torch.cuda.amp.* are replaced with torch.npu.* and torch.npu.amp.* now..
[36m(pid=3589051)[0m     The device parameters have been replaced with npu in the function below:
[36m(pid=3589051)[0m     torch.logspace, torch.randint, torch.hann_window, torch.rand, torch.full_like, torch.ones_like, torch.rand_like, torch.randperm, torch.arange, torch.frombuffer, torch.normal, torch._empty_per_channel_affine_quantized, torch.empty_strided, torch.empty_like, torch.scalar_tensor, torch.tril_indices, torch.bartlett_window, torch.ones, torch.sparse_coo_tensor, torch.randn, torch.kaiser_window, torch.tensor, torch.triu_indices, torch.as_tensor, torch.zeros, torch.randint_like, torch.full, torch.eye, torch._sparse_csr_tensor_unsafe, torch.empty, torch._sparse_coo_tensor_unsafe, torch.blackman_window, torch.zeros_like, torch.range, torch.sparse_csr_tensor, torch.randn_like, torch.from_file, torch._cudnn_init_dropout_state, torch._empty_affine_quantized, torch.linspace, torch.hamming_window, torch.empty_quantized, torch._pin_memory, torch.load, torch.set_default_device, torch.get_device_module, torch.sparse_compressed_tensor, torch.Tensor.new_empty, torch.Tensor.new_empty_strided, torch.Tensor.new_full, torch.Tensor.new_ones, torch.Tensor.new_tensor, torch.Tensor.new_zeros, torch.Tensor.to, torch.Tensor.pin_memory, torch.nn.Module.to, torch.nn.Module.to_empty
[36m(pid=3589051)[0m     *************************************************************************************************************
[36m(pid=3589051)[0m     
[36m(pid=3589051)[0m   warnings.warn(msg, ImportWarning)
[36m(pid=3589051)[0m /usr/local/python3.11.14/lib/python3.11/site-packages/torch_npu/contrib/transfer_to_npu.py:276: RuntimeWarning: torch.jit.script and torch.jit.script_method will be disabled by transfer_to_npu, which currently does not support them, if you need to enable them, please do not use transfer_to_npu.
[36m(pid=3589051)[0m   warnings.warn(msg, RuntimeWarning)
[36m(pid=3589051)[0m /usr/local/python3.11.14/lib/python3.11/site-packages/torch_npu/dynamo/torchair/__init__.py:8: DeprecationWarning: pkg_resources is deprecated as an API. See https://setuptools.pypa.io/en/latest/pkg_resources.html
[36m(pid=3589051)[0m   import pkg_resources
[36m(pid=3589051)[0m /usr/local/python3.11.14/lib/python3.11/site-packages/ray/util/state/util.py:54: DeprecationWarning: Ray state API is no longer experimental. Please import from `ray.util.state`. instead. Importing from `ray.experimental` will be deprecated in future releases. 
[36m(pid=3589051)[0m   warnings.warn(
[36m(pid=3589052)[0m /usr/local/python3.11.14/lib/python3.11/site-packages/ray/util/state/util.py:54: DeprecationWarning: Ray state API is no longer experimental. Please import from `ray.util.state`. instead. Importing from `ray.experimental` will be deprecated in future releases. 
[36m(pid=3589052)[0m   warnings.warn(
[36m(pid=3589054)[0m /usr/local/python3.11.14/lib/python3.11/site-packages/ray/util/state/util.py:54: DeprecationWarning: Ray state API is no longer experimental. Please import from `ray.util.state`. instead. Importing from `ray.experimental` will be deprecated in future releases. 
[36m(pid=3589054)[0m   warnings.warn(
[36m(pid=3589055)[0m /usr/local/python3.11.14/lib/python3.11/site-packages/ray/util/state/util.py:54: DeprecationWarning: Ray state API is no longer experimental. Please import from `ray.util.state`. instead. Importing from `ray.experimental` will be deprecated in future releases. 
[36m(pid=3589055)[0m   warnings.warn(
[36m(pid=3589064)[0m /usr/local/python3.11.14/lib/python3.11/site-packages/ray/util/state/util.py:54: DeprecationWarning: Ray state API is no longer experimental. Please import from `ray.util.state`. instead. Importing from `ray.experimental` will be deprecated in future releases. 
[36m(pid=3589064)[0m   warnings.warn(
[36m(pid=3589058)[0m /usr/local/python3.11.14/lib/python3.11/site-packages/ray/util/state/util.py:54: DeprecationWarning: Ray state API is no longer experimental. Please import from `ray.util.state`. instead. Importing from `ray.experimental` will be deprecated in future releases. 
[36m(pid=3589058)[0m   warnings.warn(
[36m(pid=3589060)[0m /usr/local/python3.11.14/lib/python3.11/site-packages/ray/util/state/util.py:54: DeprecationWarning: Ray state API is no longer experimental. Please import from `ray.util.state`. instead. Importing from `ray.experimental` will be deprecated in future releases. 
[36m(pid=3589060)[0m   warnings.warn(
[36m(pid=3589063)[0m /usr/local/python3.11.14/lib/python3.11/site-packages/ray/util/state/util.py:54: DeprecationWarning: Ray state API is no longer experimental. Please import from `ray.util.state`. instead. Importing from `ray.experimental` will be deprecated in future releases. 
[36m(pid=3589063)[0m   warnings.warn(
[36m(pid=3589057)[0m /usr/local/python3.11.14/lib/python3.11/site-packages/ray/util/state/util.py:54: DeprecationWarning: Ray state API is no longer experimental. Please import from `ray.util.state`. instead. Importing from `ray.experimental` will be deprecated in future releases. 
[36m(pid=3589057)[0m   warnings.warn(
[36m(pid=3589053)[0m /usr/local/python3.11.14/lib/python3.11/site-packages/ray/util/state/util.py:54: DeprecationWarning: Ray state API is no longer experimental. Please import from `ray.util.state`. instead. Importing from `ray.experimental` will be deprecated in future releases. 
[36m(pid=3589053)[0m   warnings.warn(
[36m(pid=3589061)[0m /usr/local/python3.11.14/lib/python3.11/site-packages/ray/util/state/util.py:54: DeprecationWarning: Ray state API is no longer experimental. Please import from `ray.util.state`. instead. Importing from `ray.experimental` will be deprecated in future releases. 
[36m(pid=3589061)[0m   warnings.warn(
[36m(pid=3589062)[0m /usr/local/python3.11.14/lib/python3.11/site-packages/ray/util/state/util.py:54: DeprecationWarning: Ray state API is no longer experimental. Please import from `ray.util.state`. instead. Importing from `ray.experimental` will be deprecated in future releases. 
[36m(pid=3589062)[0m   warnings.warn(
[36m(pid=3589056)[0m /usr/local/python3.11.14/lib/python3.11/site-packages/ray/util/state/util.py:54: DeprecationWarning: Ray state API is no longer experimental. Please import from `ray.util.state`. instead. Importing from `ray.experimental` will be deprecated in future releases. 
[36m(pid=3589056)[0m   warnings.warn(
[36m(pid=3589065)[0m /usr/local/python3.11.14/lib/python3.11/site-packages/ray/util/state/util.py:54: DeprecationWarning: Ray state API is no longer experimental. Please import from `ray.util.state`. instead. Importing from `ray.experimental` will be deprecated in future releases. 
[36m(pid=3589065)[0m   warnings.warn(
[36m(pid=3589066)[0m /usr/local/python3.11.14/lib/python3.11/site-packages/ray/util/state/util.py:54: DeprecationWarning: Ray state API is no longer experimental. Please import from `ray.util.state`. instead. Importing from `ray.experimental` will be deprecated in future releases. 
[36m(pid=3589066)[0m   warnings.warn(
[36m(pid=3589059)[0m /usr/local/python3.11.14/lib/python3.11/site-packages/ray/util/state/util.py:54: DeprecationWarning: Ray state API is no longer experimental. Please import from `ray.util.state`. instead. Importing from `ray.experimental` will be deprecated in future releases. 
[36m(pid=3589059)[0m   warnings.warn(
[36m(WorkerDict pid=3589052)[0m /workspace/cann-recipes-train/llm_rl/qwen3_shrink_aware/verl/models/mcore/config_converter.py:281: UserWarning: The following keys are not supported in the current Megatron version and will be removed: ['use_flash_attn', 'pipeline_num_transformer_layers', 'moe_alltoall_overlap_comm', 'use_fused_rotary_pos_emb', 'use_fused_swiglu', 'seq_length', 'swap_optimizer']
[36m(WorkerDict pid=3589052)[0m   return check_and_construct_configs(args, TransformerConfig)
[36m(WorkerDict pid=3589052)[0m /workspace/cann-recipes-train/llm_rl/qwen3_shrink_aware/megatron/core/transformer/transformer_config.py:1065: UserWarning: Using a large number of experts (e.g. >=32) without fp32 routing. Consider enabling moe_router_dtype for better numerical stability.
[36m(WorkerDict pid=3589052)[0m   warnings.warn(
[36m(WorkerDict pid=3589064)[0m /workspace/cann-recipes-train/llm_rl/qwen3_shrink_aware/verl/models/mcore/config_converter.py:281: UserWarning: The following keys are not supported in the current Megatron version and will be removed: ['use_flash_attn', 'pipeline_num_transformer_layers', 'moe_alltoall_overlap_comm', 'use_fused_rotary_pos_emb', 'use_fused_swiglu', 'seq_length', 'swap_optimizer']
[36m(WorkerDict pid=3589064)[0m   return check_and_construct_configs(args, TransformerConfig)
[36m(WorkerDict pid=3589064)[0m /workspace/cann-recipes-train/llm_rl/qwen3_shrink_aware/megatron/core/transformer/transformer_config.py:1065: UserWarning: Using a large number of experts (e.g. >=32) without fp32 routing. Consider enabling moe_router_dtype for better numerical stability.
[36m(WorkerDict pid=3589064)[0m   warnings.warn(
[36m(WorkerDict pid=3589055)[0m /workspace/cann-recipes-train/llm_rl/qwen3_shrink_aware/verl/models/mcore/config_converter.py:281: UserWarning: The following keys are not supported in the current Megatron version and will be removed: ['use_flash_attn', 'pipeline_num_transformer_layers', 'moe_alltoall_overlap_comm', 'use_fused_rotary_pos_emb', 'use_fused_swiglu', 'seq_length', 'swap_optimizer']
[36m(WorkerDict pid=3589055)[0m   return check_and_construct_configs(args, TransformerConfig)
[36m(WorkerDict pid=3589055)[0m /workspace/cann-recipes-train/llm_rl/qwen3_shrink_aware/megatron/core/transformer/transformer_config.py:1065: UserWarning: Using a large number of experts (e.g. >=32) without fp32 routing. Consider enabling moe_router_dtype for better numerical stability.
[36m(WorkerDict pid=3589055)[0m   warnings.warn(
[36m(WorkerDict pid=3589060)[0m /workspace/cann-recipes-train/llm_rl/qwen3_shrink_aware/verl/models/mcore/config_converter.py:281: UserWarning: The following keys are not supported in the current Megatron version and will be removed: ['use_flash_attn', 'pipeline_num_transformer_layers', 'moe_alltoall_overlap_comm', 'use_fused_rotary_pos_emb', 'use_fused_swiglu', 'seq_length', 'swap_optimizer']
[36m(WorkerDict pid=3589060)[0m   return check_and_construct_configs(args, TransformerConfig)
[36m(WorkerDict pid=3589058)[0m /workspace/cann-recipes-train/llm_rl/qwen3_shrink_aware/verl/models/mcore/config_converter.py:281: UserWarning: The following keys are not supported in the current Megatron version and will be removed: ['use_flash_attn', 'pipeline_num_transformer_layers', 'moe_alltoall_overlap_comm', 'use_fused_rotary_pos_emb', 'use_fused_swiglu', 'seq_length', 'swap_optimizer']
[36m(WorkerDict pid=3589058)[0m   return check_and_construct_configs(args, TransformerConfig)
[36m(WorkerDict pid=3589058)[0m /workspace/cann-recipes-train/llm_rl/qwen3_shrink_aware/megatron/core/transformer/transformer_config.py:1065: UserWarning: Using a large number of experts (e.g. >=32) without fp32 routing. Consider enabling moe_router_dtype for better numerical stability.
[36m(WorkerDict pid=3589058)[0m   warnings.warn(
[36m(WorkerDict pid=3589060)[0m /workspace/cann-recipes-train/llm_rl/qwen3_shrink_aware/megatron/core/transformer/transformer_config.py:1065: UserWarning: Using a large number of experts (e.g. >=32) without fp32 routing. Consider enabling moe_router_dtype for better numerical stability.
[36m(WorkerDict pid=3589060)[0m   warnings.warn(
[36m(WorkerDict pid=3589054)[0m /workspace/cann-recipes-train/llm_rl/qwen3_shrink_aware/verl/models/mcore/config_converter.py:281: UserWarning: The following keys are not supported in the current Megatron version and will be removed: ['use_flash_attn', 'pipeline_num_transformer_layers', 'moe_alltoall_overlap_comm', 'use_fused_rotary_pos_emb', 'use_fused_swiglu', 'seq_length', 'swap_optimizer']
[36m(WorkerDict pid=3589054)[0m   return check_and_construct_configs(args, TransformerConfig)
[36m(WorkerDict pid=3589054)[0m /workspace/cann-recipes-train/llm_rl/qwen3_shrink_aware/megatron/core/transformer/transformer_config.py:1065: UserWarning: Using a large number of experts (e.g. >=32) without fp32 routing. Consider enabling moe_router_dtype for better numerical stability.
[36m(WorkerDict pid=3589054)[0m   warnings.warn(
[36m(WorkerDict pid=3589063)[0m /workspace/cann-recipes-train/llm_rl/qwen3_shrink_aware/verl/models/mcore/config_converter.py:281: UserWarning: The following keys are not supported in the current Megatron version and will be removed: ['use_flash_attn', 'pipeline_num_transformer_layers', 'moe_alltoall_overlap_comm', 'use_fused_rotary_pos_emb', 'use_fused_swiglu', 'seq_length', 'swap_optimizer']
[36m(WorkerDict pid=3589063)[0m   return check_and_construct_configs(args, TransformerConfig)
[36m(WorkerDict pid=3589063)[0m /workspace/cann-recipes-train/llm_rl/qwen3_shrink_aware/megatron/core/transformer/transformer_config.py:1065: UserWarning: Using a large number of experts (e.g. >=32) without fp32 routing. Consider enabling moe_router_dtype for better numerical stability.
[36m(WorkerDict pid=3589063)[0m   warnings.warn(
[36m(WorkerDict pid=3589053)[0m /workspace/cann-recipes-train/llm_rl/qwen3_shrink_aware/verl/models/mcore/config_converter.py:281: UserWarning: The following keys are not supported in the current Megatron version and will be removed: ['use_flash_attn', 'pipeline_num_transformer_layers', 'moe_alltoall_overlap_comm', 'use_fused_rotary_pos_emb', 'use_fused_swiglu', 'seq_length', 'swap_optimizer']
[36m(WorkerDict pid=3589053)[0m   return check_and_construct_configs(args, TransformerConfig)
[36m(WorkerDict pid=3589053)[0m /workspace/cann-recipes-train/llm_rl/qwen3_shrink_aware/megatron/core/transformer/transformer_config.py:1065: UserWarning: Using a large number of experts (e.g. >=32) without fp32 routing. Consider enabling moe_router_dtype for better numerical stability.
[36m(WorkerDict pid=3589053)[0m   warnings.warn(
[36m(WorkerDict pid=3589061)[0m /workspace/cann-recipes-train/llm_rl/qwen3_shrink_aware/verl/models/mcore/config_converter.py:281: UserWarning: The following keys are not supported in the current Megatron version and will be removed: ['use_flash_attn', 'pipeline_num_transformer_layers', 'moe_alltoall_overlap_comm', 'use_fused_rotary_pos_emb', 'use_fused_swiglu', 'seq_length', 'swap_optimizer']
[36m(WorkerDict pid=3589061)[0m   return check_and_construct_configs(args, TransformerConfig)
[36m(WorkerDict pid=3589061)[0m /workspace/cann-recipes-train/llm_rl/qwen3_shrink_aware/megatron/core/transformer/transformer_config.py:1065: UserWarning: Using a large number of experts (e.g. >=32) without fp32 routing. Consider enabling moe_router_dtype for better numerical stability.
[36m(WorkerDict pid=3589061)[0m   warnings.warn(
[36m(WorkerDict pid=3589062)[0m /workspace/cann-recipes-train/llm_rl/qwen3_shrink_aware/verl/models/mcore/config_converter.py:281: UserWarning: The following keys are not supported in the current Megatron version and will be removed: ['use_flash_attn', 'pipeline_num_transformer_layers', 'moe_alltoall_overlap_comm', 'use_fused_rotary_pos_emb', 'use_fused_swiglu', 'seq_length', 'swap_optimizer']
[36m(WorkerDict pid=3589062)[0m   return check_and_construct_configs(args, TransformerConfig)
[36m(WorkerDict pid=3589062)[0m /workspace/cann-recipes-train/llm_rl/qwen3_shrink_aware/megatron/core/transformer/transformer_config.py:1065: UserWarning: Using a large number of experts (e.g. >=32) without fp32 routing. Consider enabling moe_router_dtype for better numerical stability.
[36m(WorkerDict pid=3589062)[0m   warnings.warn(
[36m(WorkerDict pid=3589057)[0m /workspace/cann-recipes-train/llm_rl/qwen3_shrink_aware/verl/models/mcore/config_converter.py:281: UserWarning: The following keys are not supported in the current Megatron version and will be removed: ['use_flash_attn', 'pipeline_num_transformer_layers', 'moe_alltoall_overlap_comm', 'use_fused_rotary_pos_emb', 'use_fused_swiglu', 'seq_length', 'swap_optimizer']
[36m(WorkerDict pid=3589057)[0m   return check_and_construct_configs(args, TransformerConfig)
[36m(WorkerDict pid=3589057)[0m /workspace/cann-recipes-train/llm_rl/qwen3_shrink_aware/megatron/core/transformer/transformer_config.py:1065: UserWarning: Using a large number of experts (e.g. >=32) without fp32 routing. Consider enabling moe_router_dtype for better numerical stability.
[36m(WorkerDict pid=3589057)[0m   warnings.warn(
[36m(WorkerDict pid=3589065)[0m /workspace/cann-recipes-train/llm_rl/qwen3_shrink_aware/verl/models/mcore/config_converter.py:281: UserWarning: The following keys are not supported in the current Megatron version and will be removed: ['use_flash_attn', 'pipeline_num_transformer_layers', 'moe_alltoall_overlap_comm', 'use_fused_rotary_pos_emb', 'use_fused_swiglu', 'seq_length', 'swap_optimizer']
[36m(WorkerDict pid=3589065)[0m   return check_and_construct_configs(args, TransformerConfig)
[36m(WorkerDict pid=3589065)[0m /workspace/cann-recipes-train/llm_rl/qwen3_shrink_aware/megatron/core/transformer/transformer_config.py:1065: UserWarning: Using a large number of experts (e.g. >=32) without fp32 routing. Consider enabling moe_router_dtype for better numerical stability.
[36m(WorkerDict pid=3589065)[0m   warnings.warn(
[36m(WorkerDict pid=3589059)[0m /workspace/cann-recipes-train/llm_rl/qwen3_shrink_aware/verl/models/mcore/config_converter.py:281: UserWarning: The following keys are not supported in the current Megatron version and will be removed: ['use_flash_attn', 'pipeline_num_transformer_layers', 'moe_alltoall_overlap_comm', 'use_fused_rotary_pos_emb', 'use_fused_swiglu', 'seq_length', 'swap_optimizer']
[36m(WorkerDict pid=3589059)[0m   return check_and_construct_configs(args, TransformerConfig)
[36m(WorkerDict pid=3589059)[0m /workspace/cann-recipes-train/llm_rl/qwen3_shrink_aware/megatron/core/transformer/transformer_config.py:1065: UserWarning: Using a large number of experts (e.g. >=32) without fp32 routing. Consider enabling moe_router_dtype for better numerical stability.
[36m(WorkerDict pid=3589059)[0m   warnings.warn(
[36m(WorkerDict pid=3589051)[0m /workspace/cann-recipes-train/llm_rl/qwen3_shrink_aware/verl/models/mcore/config_converter.py:281: UserWarning: The following keys are not supported in the current Megatron version and will be removed: ['use_flash_attn', 'pipeline_num_transformer_layers', 'moe_alltoall_overlap_comm', 'use_fused_rotary_pos_emb', 'use_fused_swiglu', 'seq_length', 'swap_optimizer']
[36m(WorkerDict pid=3589051)[0m   return check_and_construct_configs(args, TransformerConfig)
[36m(WorkerDict pid=3589051)[0m /workspace/cann-recipes-train/llm_rl/qwen3_shrink_aware/megatron/core/transformer/transformer_config.py:1065: UserWarning: Using a large number of experts (e.g. >=32) without fp32 routing. Consider enabling moe_router_dtype for better numerical stability.
[36m(WorkerDict pid=3589051)[0m   warnings.warn(
[36m(WorkerDict pid=3589056)[0m /workspace/cann-recipes-train/llm_rl/qwen3_shrink_aware/verl/models/mcore/config_converter.py:281: UserWarning: The following keys are not supported in the current Megatron version and will be removed: ['use_flash_attn', 'pipeline_num_transformer_layers', 'moe_alltoall_overlap_comm', 'use_fused_rotary_pos_emb', 'use_fused_swiglu', 'seq_length', 'swap_optimizer']
[36m(WorkerDict pid=3589056)[0m   return check_and_construct_configs(args, TransformerConfig)
[36m(WorkerDict pid=3589056)[0m /workspace/cann-recipes-train/llm_rl/qwen3_shrink_aware/megatron/core/transformer/transformer_config.py:1065: UserWarning: Using a large number of experts (e.g. >=32) without fp32 routing. Consider enabling moe_router_dtype for better numerical stability.
[36m(WorkerDict pid=3589056)[0m   warnings.warn(
[36m(WorkerDict pid=3589066)[0m /workspace/cann-recipes-train/llm_rl/qwen3_shrink_aware/verl/models/mcore/config_converter.py:281: UserWarning: The following keys are not supported in the current Megatron version and will be removed: ['use_flash_attn', 'pipeline_num_transformer_layers', 'moe_alltoall_overlap_comm', 'use_fused_rotary_pos_emb', 'use_fused_swiglu', 'seq_length', 'swap_optimizer']
[36m(WorkerDict pid=3589066)[0m   return check_and_construct_configs(args, TransformerConfig)
[36m(WorkerDict pid=3589066)[0m /workspace/cann-recipes-train/llm_rl/qwen3_shrink_aware/megatron/core/transformer/transformer_config.py:1065: UserWarning: Using a large number of experts (e.g. >=32) without fp32 routing. Consider enabling moe_router_dtype for better numerical stability.
[36m(WorkerDict pid=3589066)[0m   warnings.warn(
[36m(WorkerDict pid=3589055)[0m /workspace/cann-recipes-train/llm_rl/qwen3_shrink_aware/megatron/core/dist_checkpointing/strategies/torch.py:892: FutureWarning: `load_state_dict` is deprecated and will be removed in future versions. Please use `load` instead.
[36m(WorkerDict pid=3589055)[0m   checkpoint.load_state_dict(
[36m(WorkerDict pid=3589059)[0m /workspace/cann-recipes-train/llm_rl/qwen3_shrink_aware/megatron/core/dist_checkpointing/strategies/torch.py:892: FutureWarning: `load_state_dict` is deprecated and will be removed in future versions. Please use `load` instead.
[36m(WorkerDict pid=3589059)[0m   checkpoint.load_state_dict(
[36m(WorkerDict pid=3589061)[0m /workspace/cann-recipes-train/llm_rl/qwen3_shrink_aware/megatron/core/dist_checkpointing/strategies/torch.py:892: FutureWarning: `load_state_dict` is deprecated and will be removed in future versions. Please use `load` instead.
[36m(WorkerDict pid=3589061)[0m   checkpoint.load_state_dict(
[36m(WorkerDict pid=3589062)[0m /workspace/cann-recipes-train/llm_rl/qwen3_shrink_aware/megatron/core/dist_checkpointing/strategies/torch.py:892: FutureWarning: `load_state_dict` is deprecated and will be removed in future versions. Please use `load` instead.
[36m(WorkerDict pid=3589062)[0m   checkpoint.load_state_dict(
[36m(WorkerDict pid=3589064)[0m /workspace/cann-recipes-train/llm_rl/qwen3_shrink_aware/megatron/core/dist_checkpointing/strategies/torch.py:892: FutureWarning: `load_state_dict` is deprecated and will be removed in future versions. Please use `load` instead.
[36m(WorkerDict pid=3589064)[0m   checkpoint.load_state_dict(
[36m(WorkerDict pid=3589051)[0m /workspace/cann-recipes-train/llm_rl/qwen3_shrink_aware/megatron/core/dist_checkpointing/strategies/torch.py:892: FutureWarning: `load_state_dict` is deprecated and will be removed in future versions. Please use `load` instead.
[36m(WorkerDict pid=3589051)[0m   checkpoint.load_state_dict(
[36m(WorkerDict pid=3589053)[0m /workspace/cann-recipes-train/llm_rl/qwen3_shrink_aware/megatron/core/dist_checkpointing/strategies/torch.py:892: FutureWarning: `load_state_dict` is deprecated and will be removed in future versions. Please use `load` instead.
[36m(WorkerDict pid=3589053)[0m   checkpoint.load_state_dict(
[36m(WorkerDict pid=3589052)[0m /workspace/cann-recipes-train/llm_rl/qwen3_shrink_aware/megatron/core/dist_checkpointing/strategies/torch.py:892: FutureWarning: `load_state_dict` is deprecated and will be removed in future versions. Please use `load` instead.
[36m(WorkerDict pid=3589052)[0m   checkpoint.load_state_dict(
[36m(WorkerDict pid=3589058)[0m /workspace/cann-recipes-train/llm_rl/qwen3_shrink_aware/megatron/core/dist_checkpointing/strategies/torch.py:892: FutureWarning: `load_state_dict` is deprecated and will be removed in future versions. Please use `load` instead.
[36m(WorkerDict pid=3589058)[0m   checkpoint.load_state_dict(
[36m(WorkerDict pid=3589060)[0m /workspace/cann-recipes-train/llm_rl/qwen3_shrink_aware/megatron/core/dist_checkpointing/strategies/torch.py:892: FutureWarning: `load_state_dict` is deprecated and will be removed in future versions. Please use `load` instead.
[36m(WorkerDict pid=3589060)[0m   checkpoint.load_state_dict(
[36m(WorkerDict pid=3589065)[0m /workspace/cann-recipes-train/llm_rl/qwen3_shrink_aware/megatron/core/dist_checkpointing/strategies/torch.py:892: FutureWarning: `load_state_dict` is deprecated and will be removed in future versions. Please use `load` instead.
[36m(WorkerDict pid=3589065)[0m   checkpoint.load_state_dict(
[36m(WorkerDict pid=3589063)[0m /workspace/cann-recipes-train/llm_rl/qwen3_shrink_aware/megatron/core/dist_checkpointing/strategies/torch.py:892: FutureWarning: `load_state_dict` is deprecated and will be removed in future versions. Please use `load` instead.
[36m(WorkerDict pid=3589063)[0m   checkpoint.load_state_dict(
[36m(WorkerDict pid=3589055)[0m /usr/local/python3.11.14/lib/python3.11/site-packages/torch/distributed/checkpoint/planner_helpers.py:418: FutureWarning: Please use DTensor instead and we are deprecating ShardedTensor.
[36m(WorkerDict pid=3589055)[0m   device = getattr(value, "device", None)
[36m(WorkerDict pid=3589055)[0m /usr/local/python3.11.14/lib/python3.11/site-packages/torch/distributed/checkpoint/default_planner.py:479: FutureWarning: Please use DTensor instead and we are deprecating ShardedTensor.
[36m(WorkerDict pid=3589055)[0m   and md.size != obj.size()
[36m(WorkerDict pid=3589064)[0m /usr/local/python3.11.14/lib/python3.11/site-packages/torch/distributed/checkpoint/planner_helpers.py:418: FutureWarning: Please use DTensor instead and we are deprecating ShardedTensor.
[36m(WorkerDict pid=3589064)[0m   device = getattr(value, "device", None)
[36m(WorkerDict pid=3589064)[0m /usr/local/python3.11.14/lib/python3.11/site-packages/torch/distributed/checkpoint/default_planner.py:479: FutureWarning: Please use DTensor instead and we are deprecating ShardedTensor.
[36m(WorkerDict pid=3589064)[0m   and md.size != obj.size()
[36m(WorkerDict pid=3589059)[0m /usr/local/python3.11.14/lib/python3.11/site-packages/torch/distributed/checkpoint/planner_helpers.py:418: FutureWarning: Please use DTensor instead and we are deprecating ShardedTensor.
[36m(WorkerDict pid=3589059)[0m   device = getattr(value, "device", None)
[36m(WorkerDict pid=3589059)[0m /usr/local/python3.11.14/lib/python3.11/site-packages/torch/distributed/checkpoint/default_planner.py:479: FutureWarning: Please use DTensor instead and we are deprecating ShardedTensor.
[36m(WorkerDict pid=3589059)[0m   and md.size != obj.size()
[36m(WorkerDict pid=3589061)[0m /usr/local/python3.11.14/lib/python3.11/site-packages/torch/distributed/checkpoint/planner_helpers.py:418: FutureWarning: Please use DTensor instead and we are deprecating ShardedTensor.
[36m(WorkerDict pid=3589061)[0m   device = getattr(value, "device", None)
[36m(WorkerDict pid=3589061)[0m /usr/local/python3.11.14/lib/python3.11/site-packages/torch/distributed/checkpoint/default_planner.py:479: FutureWarning: Please use DTensor instead and we are deprecating ShardedTensor.
[36m(WorkerDict pid=3589061)[0m   and md.size != obj.size()
[36m(WorkerDict pid=3589062)[0m /usr/local/python3.11.14/lib/python3.11/site-packages/torch/distributed/checkpoint/planner_helpers.py:418: FutureWarning: Please use DTensor instead and we are deprecating ShardedTensor.
[36m(WorkerDict pid=3589062)[0m   device = getattr(value, "device", None)
[36m(WorkerDict pid=3589062)[0m /usr/local/python3.11.14/lib/python3.11/site-packages/torch/distributed/checkpoint/default_planner.py:479: FutureWarning: Please use DTensor instead and we are deprecating ShardedTensor.
[36m(WorkerDict pid=3589062)[0m   and md.size != obj.size()
[36m(WorkerDict pid=3589051)[0m /usr/local/python3.11.14/lib/python3.11/site-packages/torch/distributed/checkpoint/planner_helpers.py:418: FutureWarning: Please use DTensor instead and we are deprecating ShardedTensor.
[36m(WorkerDict pid=3589051)[0m   device = getattr(value, "device", None)
[36m(WorkerDict pid=3589051)[0m /usr/local/python3.11.14/lib/python3.11/site-packages/torch/distributed/checkpoint/default_planner.py:479: FutureWarning: Please use DTensor instead and we are deprecating ShardedTensor.
[36m(WorkerDict pid=3589051)[0m   and md.size != obj.size()
[36m(WorkerDict pid=3589060)[0m /usr/local/python3.11.14/lib/python3.11/site-packages/torch/distributed/checkpoint/planner_helpers.py:418: FutureWarning: Please use DTensor instead and we are deprecating ShardedTensor.
[36m(WorkerDict pid=3589060)[0m   device = getattr(value, "device", None)
[36m(WorkerDict pid=3589060)[0m /usr/local/python3.11.14/lib/python3.11/site-packages/torch/distributed/checkpoint/default_planner.py:479: FutureWarning: Please use DTensor instead and we are deprecating ShardedTensor.
[36m(WorkerDict pid=3589060)[0m   and md.size != obj.size()
[36m(WorkerDict pid=3589053)[0m /usr/local/python3.11.14/lib/python3.11/site-packages/torch/distributed/checkpoint/planner_helpers.py:418: FutureWarning: Please use DTensor instead and we are deprecating ShardedTensor.
[36m(WorkerDict pid=3589053)[0m   device = getattr(value, "device", None)
[36m(WorkerDict pid=3589053)[0m /usr/local/python3.11.14/lib/python3.11/site-packages/torch/distributed/checkpoint/default_planner.py:479: FutureWarning: Please use DTensor instead and we are deprecating ShardedTensor.
[36m(WorkerDict pid=3589053)[0m   and md.size != obj.size()
[36m(WorkerDict pid=3589052)[0m /usr/local/python3.11.14/lib/python3.11/site-packages/torch/distributed/checkpoint/planner_helpers.py:418: FutureWarning: Please use DTensor instead and we are deprecating ShardedTensor.
[36m(WorkerDict pid=3589052)[0m   device = getattr(value, "device", None)
[36m(WorkerDict pid=3589052)[0m /usr/local/python3.11.14/lib/python3.11/site-packages/torch/distributed/checkpoint/default_planner.py:479: FutureWarning: Please use DTensor instead and we are deprecating ShardedTensor.
[36m(WorkerDict pid=3589052)[0m   and md.size != obj.size()
[36m(WorkerDict pid=3589058)[0m /usr/local/python3.11.14/lib/python3.11/site-packages/torch/distributed/checkpoint/planner_helpers.py:418: FutureWarning: Please use DTensor instead and we are deprecating ShardedTensor.
[36m(WorkerDict pid=3589058)[0m   device = getattr(value, "device", None)
[36m(WorkerDict pid=3589058)[0m /usr/local/python3.11.14/lib/python3.11/site-packages/torch/distributed/checkpoint/default_planner.py:479: FutureWarning: Please use DTensor instead and we are deprecating ShardedTensor.
[36m(WorkerDict pid=3589058)[0m   and md.size != obj.size()
[36m(WorkerDict pid=3589054)[0m /workspace/cann-recipes-train/llm_rl/qwen3_shrink_aware/megatron/core/dist_checkpointing/strategies/torch.py:892: FutureWarning: `load_state_dict` is deprecated and will be removed in future versions. Please use `load` instead.
[36m(WorkerDict pid=3589054)[0m   checkpoint.load_state_dict(
[36m(WorkerDict pid=3589065)[0m /usr/local/python3.11.14/lib/python3.11/site-packages/torch/distributed/checkpoint/planner_helpers.py:418: FutureWarning: Please use DTensor instead and we are deprecating ShardedTensor.
[36m(WorkerDict pid=3589065)[0m   device = getattr(value, "device", None)
[36m(WorkerDict pid=3589065)[0m /usr/local/python3.11.14/lib/python3.11/site-packages/torch/distributed/checkpoint/default_planner.py:479: FutureWarning: Please use DTensor instead and we are deprecating ShardedTensor.
[36m(WorkerDict pid=3589065)[0m   and md.size != obj.size()
[36m(WorkerDict pid=3589063)[0m /usr/local/python3.11.14/lib/python3.11/site-packages/torch/distributed/checkpoint/planner_helpers.py:418: FutureWarning: Please use DTensor instead and we are deprecating ShardedTensor.
[36m(WorkerDict pid=3589063)[0m   device = getattr(value, "device", None)
[36m(WorkerDict pid=3589063)[0m /usr/local/python3.11.14/lib/python3.11/site-packages/torch/distributed/checkpoint/default_planner.py:479: FutureWarning: Please use DTensor instead and we are deprecating ShardedTensor.
[36m(WorkerDict pid=3589063)[0m   and md.size != obj.size()
[36m(WorkerDict pid=3589057)[0m /workspace/cann-recipes-train/llm_rl/qwen3_shrink_aware/megatron/core/dist_checkpointing/strategies/torch.py:892: FutureWarning: `load_state_dict` is deprecated and will be removed in future versions. Please use `load` instead.
[36m(WorkerDict pid=3589057)[0m   checkpoint.load_state_dict(
[36m(WorkerDict pid=3589054)[0m /usr/local/python3.11.14/lib/python3.11/site-packages/torch/distributed/checkpoint/planner_helpers.py:418: FutureWarning: Please use DTensor instead and we are deprecating ShardedTensor.
[36m(WorkerDict pid=3589054)[0m   device = getattr(value, "device", None)
[36m(WorkerDict pid=3589054)[0m /usr/local/python3.11.14/lib/python3.11/site-packages/torch/distributed/checkpoint/default_planner.py:479: FutureWarning: Please use DTensor instead and we are deprecating ShardedTensor.
[36m(WorkerDict pid=3589054)[0m   and md.size != obj.size()
[36m(WorkerDict pid=3589056)[0m /workspace/cann-recipes-train/llm_rl/qwen3_shrink_aware/megatron/core/dist_checkpointing/strategies/torch.py:892: FutureWarning: `load_state_dict` is deprecated and will be removed in future versions. Please use `load` instead.
[36m(WorkerDict pid=3589056)[0m   checkpoint.load_state_dict(
[36m(WorkerDict pid=3589066)[0m /workspace/cann-recipes-train/llm_rl/qwen3_shrink_aware/megatron/core/dist_checkpointing/strategies/torch.py:892: FutureWarning: `load_state_dict` is deprecated and will be removed in future versions. Please use `load` instead.
[36m(WorkerDict pid=3589066)[0m   checkpoint.load_state_dict(
[36m(WorkerDict pid=3589057)[0m /usr/local/python3.11.14/lib/python3.11/site-packages/torch/distributed/checkpoint/planner_helpers.py:418: FutureWarning: Please use DTensor instead and we are deprecating ShardedTensor.
[36m(WorkerDict pid=3589057)[0m   device = getattr(value, "device", None)
[36m(WorkerDict pid=3589057)[0m /usr/local/python3.11.14/lib/python3.11/site-packages/torch/distributed/checkpoint/default_planner.py:479: FutureWarning: Please use DTensor instead and we are deprecating ShardedTensor.
[36m(WorkerDict pid=3589057)[0m   and md.size != obj.size()
[36m(WorkerDict pid=3589056)[0m /usr/local/python3.11.14/lib/python3.11/site-packages/torch/distributed/checkpoint/planner_helpers.py:418: FutureWarning: Please use DTensor instead and we are deprecating ShardedTensor.
[36m(WorkerDict pid=3589056)[0m   device = getattr(value, "device", None)
[36m(WorkerDict pid=3589056)[0m /usr/local/python3.11.14/lib/python3.11/site-packages/torch/distributed/checkpoint/default_planner.py:479: FutureWarning: Please use DTensor instead and we are deprecating ShardedTensor.
[36m(WorkerDict pid=3589056)[0m   and md.size != obj.size()
[36m(WorkerDict pid=3589066)[0m /usr/local/python3.11.14/lib/python3.11/site-packages/torch/distributed/checkpoint/planner_helpers.py:418: FutureWarning: Please use DTensor instead and we are deprecating ShardedTensor.
[36m(WorkerDict pid=3589066)[0m   device = getattr(value, "device", None)
[36m(WorkerDict pid=3589066)[0m /usr/local/python3.11.14/lib/python3.11/site-packages/torch/distributed/checkpoint/default_planner.py:479: FutureWarning: Please use DTensor instead and we are deprecating ShardedTensor.
[36m(WorkerDict pid=3589066)[0m   and md.size != obj.size()
[36m(WorkerDict pid=3589051)[0m /usr/local/python3.11.14/lib/python3.11/site-packages/torch_npu/distributed/distributed_c10d.py:110: UserWarning: HCCL doesn't support gather at the moment. Implemented with allgather instead.
[36m(WorkerDict pid=3589051)[0m   warnings.warn("HCCL doesn't support gather at the moment. Implemented with allgather instead.")
[36m(WorkerDict pid=3589058)[0m [rank6]:[W617 11:22:57.116404958 compiler_depend.ts:338] Warning: Cannot create tensor with interal format while allow_internel_format=False, tensor will be created with base format. (function operator())
[36m(WorkerDict pid=3589060)[0m [rank8]:[W617 11:22:57.114791906 compiler_depend.ts:338] Warning: Cannot create tensor with interal format while allow_internel_format=False, tensor will be created with base format. (function operator())
[36m(WorkerDict pid=3589057)[0m [rank5]:[W617 11:22:57.108295900 compiler_depend.ts:338] Warning: Cannot create tensor with interal format while allow_internel_format=False, tensor will be created with base format. (function operator())
[36m(WorkerDict pid=3589053)[0m [rank2]:[W617 11:22:57.108436385 compiler_depend.ts:338] Warning: Cannot create tensor with interal format while allow_internel_format=False, tensor will be created with base format. (function operator())
[36m(WorkerDict pid=3589055)[0m [rank3]:[W617 11:22:57.108069373 compiler_depend.ts:338] Warning: Cannot create tensor with interal format while allow_internel_format=False, tensor will be created with base format. (function operator())
[36m(WorkerDict pid=3589052)[0m [rank1]:[W617 11:22:57.108079183 compiler_depend.ts:338] Warning: Cannot create tensor with interal format while allow_internel_format=False, tensor will be created with base format. (function operator())
[36m(WorkerDict pid=3589054)[0m [rank9]:[W617 11:22:57.108346512 compiler_depend.ts:338] Warning: Cannot create tensor with interal format while allow_internel_format=False, tensor will be created with base format. (function operator())
[36m(WorkerDict pid=3589056)[0m [rank4]:[W617 11:22:57.108410824 compiler_depend.ts:338] Warning: Cannot create tensor with interal format while allow_internel_format=False, tensor will be created with base format. (function operator())
[36m(WorkerDict pid=3589065)[0m [rank14]:[W617 11:22:57.108310611 compiler_depend.ts:338] Warning: Cannot create tensor with interal format while allow_internel_format=False, tensor will be created with base format. (function operator())
[36m(WorkerDict pid=3589059)[0m [rank7]:[W617 11:22:57.116246113 compiler_depend.ts:338] Warning: Cannot create tensor with interal format while allow_internel_format=False, tensor will be created with base format. (function operator())
[36m(WorkerDict pid=3589061)[0m [rank12]:[W617 11:22:57.108499877 compiler_depend.ts:338] Warning: Cannot create tensor with interal format while allow_internel_format=False, tensor will be created with base format. (function operator())
[36m(WorkerDict pid=3589066)[0m [rank13]:[W617 11:22:57.119133854 compiler_depend.ts:338] Warning: Cannot create tensor with interal format while allow_internel_format=False, tensor will be created with base format. (function operator())
[36m(WorkerDict pid=3589062)[0m [rank10]:[W617 11:22:57.108108544 compiler_depend.ts:338] Warning: Cannot create tensor with interal format while allow_internel_format=False, tensor will be created with base format. (function operator())
[36m(WorkerDict pid=3589063)[0m [rank11]:[W617 11:22:57.108317951 compiler_depend.ts:338] Warning: Cannot create tensor with interal format while allow_internel_format=False, tensor will be created with base format. (function operator())
[36m(WorkerDict pid=3589064)[0m [rank15]:[W617 11:22:57.108082354 compiler_depend.ts:338] Warning: Cannot create tensor with interal format while allow_internel_format=False, tensor will be created with base format. (function operator())
[36m(WorkerDict pid=3589051)[0m /workspace/cann-recipes-train/llm_rl/qwen3_shrink_aware/mindspeed/core/optimizer/swap_optimizer/swap_optimizer.py:128: UserWarning: TypedStorage is deprecated. It will be removed in the future and UntypedStorage will be the only storage class. This should only matter to you if you are using storages directly.  To access UntypedStorage directly, use tensor.untyped_storage() instead of tensor.storage()
[36m(WorkerDict pid=3589051)[0m   if param.storage().size() != 0:
[36m(WorkerDict pid=3589051)[0m /usr/local/python3.11.14/lib/python3.11/site-packages/torch_npu/contrib/transfer_to_npu.py:182: UserWarning: Cannot create tensor with interal format while allow_internel_format=False, tensor will be created with base format. (Triggered internally at build/CMakeFiles/torch_npu.dir/compiler_depend.ts:338.)
[36m(WorkerDict pid=3589051)[0m   return fn(*args, **kwargs)
[36m(WorkerDict pid=3589058)[0m /workspace/cann-recipes-train/llm_rl/qwen3_shrink_aware/mindspeed/core/optimizer/swap_optimizer/swap_optimizer.py:128: UserWarning: TypedStorage is deprecated. It will be removed in the future and UntypedStorage will be the only storage class. This should only matter to you if you are using storages directly.  To access UntypedStorage directly, use tensor.untyped_storage() instead of tensor.storage()
[36m(WorkerDict pid=3589058)[0m   if param.storage().size() != 0:
[36m(WorkerDict pid=3589053)[0m /workspace/cann-recipes-train/llm_rl/qwen3_shrink_aware/mindspeed/core/optimizer/swap_optimizer/swap_optimizer.py:128: UserWarning: TypedStorage is deprecated. It will be removed in the future and UntypedStorage will be the only storage class. This should only matter to you if you are using storages directly.  To access UntypedStorage directly, use tensor.untyped_storage() instead of tensor.storage()
[36m(WorkerDict pid=3589053)[0m   if param.storage().size() != 0:
[36m(WorkerDict pid=3589055)[0m /workspace/cann-recipes-train/llm_rl/qwen3_shrink_aware/mindspeed/core/optimizer/swap_optimizer/swap_optimizer.py:128: UserWarning: TypedStorage is deprecated. It will be removed in the future and UntypedStorage will be the only storage class. This should only matter to you if you are using storages directly.  To access UntypedStorage directly, use tensor.untyped_storage() instead of tensor.storage()
[36m(WorkerDict pid=3589055)[0m   if param.storage().size() != 0:
[36m(WorkerDict pid=3589052)[0m /workspace/cann-recipes-train/llm_rl/qwen3_shrink_aware/mindspeed/core/optimizer/swap_optimizer/swap_optimizer.py:128: UserWarning: TypedStorage is deprecated. It will be removed in the future and UntypedStorage will be the only storage class. This should only matter to you if you are using storages directly.  To access UntypedStorage directly, use tensor.untyped_storage() instead of tensor.storage()
[36m(WorkerDict pid=3589052)[0m   if param.storage().size() != 0:
[36m(WorkerDict pid=3589056)[0m /workspace/cann-recipes-train/llm_rl/qwen3_shrink_aware/mindspeed/core/optimizer/swap_optimizer/swap_optimizer.py:128: UserWarning: TypedStorage is deprecated. It will be removed in the future and UntypedStorage will be the only storage class. This should only matter to you if you are using storages directly.  To access UntypedStorage directly, use tensor.untyped_storage() instead of tensor.storage()
[36m(WorkerDict pid=3589056)[0m   if param.storage().size() != 0:
[36m(WorkerDict pid=3589061)[0m /workspace/cann-recipes-train/llm_rl/qwen3_shrink_aware/mindspeed/core/optimizer/swap_optimizer/swap_optimizer.py:128: UserWarning: TypedStorage is deprecated. It will be removed in the future and UntypedStorage will be the only storage class. This should only matter to you if you are using storages directly.  To access UntypedStorage directly, use tensor.untyped_storage() instead of tensor.storage()
[36m(WorkerDict pid=3589061)[0m   if param.storage().size() != 0:
[36m(WorkerDict pid=3589066)[0m /workspace/cann-recipes-train/llm_rl/qwen3_shrink_aware/mindspeed/core/optimizer/swap_optimizer/swap_optimizer.py:128: UserWarning: TypedStorage is deprecated. It will be removed in the future and UntypedStorage will be the only storage class. This should only matter to you if you are using storages directly.  To access UntypedStorage directly, use tensor.untyped_storage() instead of tensor.storage()
[36m(WorkerDict pid=3589066)[0m   if param.storage().size() != 0:
[36m(WorkerDict pid=3589062)[0m /workspace/cann-recipes-train/llm_rl/qwen3_shrink_aware/mindspeed/core/optimizer/swap_optimizer/swap_optimizer.py:128: UserWarning: TypedStorage is deprecated. It will be removed in the future and UntypedStorage will be the only storage class. This should only matter to you if you are using storages directly.  To access UntypedStorage directly, use tensor.untyped_storage() instead of tensor.storage()
[36m(WorkerDict pid=3589062)[0m   if param.storage().size() != 0:
[36m(WorkerDict pid=3589064)[0m /workspace/cann-recipes-train/llm_rl/qwen3_shrink_aware/mindspeed/core/optimizer/swap_optimizer/swap_optimizer.py:128: UserWarning: TypedStorage is deprecated. It will be removed in the future and UntypedStorage will be the only storage class. This should only matter to you if you are using storages directly.  To access UntypedStorage directly, use tensor.untyped_storage() instead of tensor.storage()
[36m(WorkerDict pid=3589064)[0m   if param.storage().size() != 0:
[36m(WorkerDict pid=3589065)[0m /workspace/cann-recipes-train/llm_rl/qwen3_shrink_aware/mindspeed/core/optimizer/swap_optimizer/swap_optimizer.py:128: UserWarning: TypedStorage is deprecated. It will be removed in the future and UntypedStorage will be the only storage class. This should only matter to you if you are using storages directly.  To access UntypedStorage directly, use tensor.untyped_storage() instead of tensor.storage()
[36m(WorkerDict pid=3589065)[0m   if param.storage().size() != 0:
[36m(WorkerDict pid=3589054)[0m /workspace/cann-recipes-train/llm_rl/qwen3_shrink_aware/mindspeed/core/optimizer/swap_optimizer/swap_optimizer.py:128: UserWarning: TypedStorage is deprecated. It will be removed in the future and UntypedStorage will be the only storage class. This should only matter to you if you are using storages directly.  To access UntypedStorage directly, use tensor.untyped_storage() instead of tensor.storage()
[36m(WorkerDict pid=3589054)[0m   if param.storage().size() != 0:
[36m(WorkerDict pid=3589060)[0m /workspace/cann-recipes-train/llm_rl/qwen3_shrink_aware/mindspeed/core/optimizer/swap_optimizer/swap_optimizer.py:128: UserWarning: TypedStorage is deprecated. It will be removed in the future and UntypedStorage will be the only storage class. This should only matter to you if you are using storages directly.  To access UntypedStorage directly, use tensor.untyped_storage() instead of tensor.storage()
[36m(WorkerDict pid=3589060)[0m   if param.storage().size() != 0:
[36m(WorkerDict pid=3589057)[0m /workspace/cann-recipes-train/llm_rl/qwen3_shrink_aware/mindspeed/core/optimizer/swap_optimizer/swap_optimizer.py:128: UserWarning: TypedStorage is deprecated. It will be removed in the future and UntypedStorage will be the only storage class. This should only matter to you if you are using storages directly.  To access UntypedStorage directly, use tensor.untyped_storage() instead of tensor.storage()
[36m(WorkerDict pid=3589057)[0m   if param.storage().size() != 0:
[36m(WorkerDict pid=3589059)[0m /workspace/cann-recipes-train/llm_rl/qwen3_shrink_aware/mindspeed/core/optimizer/swap_optimizer/swap_optimizer.py:128: UserWarning: TypedStorage is deprecated. It will be removed in the future and UntypedStorage will be the only storage class. This should only matter to you if you are using storages directly.  To access UntypedStorage directly, use tensor.untyped_storage() instead of tensor.storage()
[36m(WorkerDict pid=3589059)[0m   if param.storage().size() != 0:
[36m(WorkerDict pid=3589063)[0m /workspace/cann-recipes-train/llm_rl/qwen3_shrink_aware/mindspeed/core/optimizer/swap_optimizer/swap_optimizer.py:128: UserWarning: TypedStorage is deprecated. It will be removed in the future and UntypedStorage will be the only storage class. This should only matter to you if you are using storages directly.  To access UntypedStorage directly, use tensor.untyped_storage() instead of tensor.storage()
[36m(WorkerDict pid=3589063)[0m   if param.storage().size() != 0:
[36m(WorkerDict pid=3589053)[0m /workspace/cann-recipes-train/llm_rl/qwen3_shrink_aware/verl/utils/profiler/config.py:49: UserWarning: Torch profiler tool config is not fully supported now.
[36m(WorkerDict pid=3589053)[0m   warnings.warn("Torch profiler tool config is not fully supported now.", stacklevel=1)
[36m(WorkerDict pid=3589064)[0m /workspace/cann-recipes-train/llm_rl/qwen3_shrink_aware/verl/utils/profiler/config.py:49: UserWarning: Torch profiler tool config is not fully supported now.
[36m(WorkerDict pid=3589064)[0m   warnings.warn("Torch profiler tool config is not fully supported now.", stacklevel=1)
[36m(WorkerDict pid=3589066)[0m /workspace/cann-recipes-train/llm_rl/qwen3_shrink_aware/verl/utils/profiler/config.py:49: UserWarning: Torch profiler tool config is not fully supported now.
[36m(WorkerDict pid=3589066)[0m   warnings.warn("Torch profiler tool config is not fully supported now.", stacklevel=1)
[36m(WorkerDict pid=3589058)[0m /workspace/cann-recipes-train/llm_rl/qwen3_shrink_aware/verl/utils/profiler/config.py:49: UserWarning: Torch profiler tool config is not fully supported now.
[36m(WorkerDict pid=3589058)[0m   warnings.warn("Torch profiler tool config is not fully supported now.", stacklevel=1)
[36m(WorkerDict pid=3589053)[0m <frozen importlib._bootstrap>:241: DeprecationWarning: builtin type SwigPyPacked has no __module__ attribute
[36m(WorkerDict pid=3589053)[0m <frozen importlib._bootstrap>:241: DeprecationWarning: builtin type SwigPyObject has no __module__ attribute
[36m(WorkerDict pid=3589056)[0m /workspace/cann-recipes-train/llm_rl/qwen3_shrink_aware/verl/utils/profiler/config.py:49: UserWarning: Torch profiler tool config is not fully supported now.
[36m(WorkerDict pid=3589056)[0m   warnings.warn("Torch profiler tool config is not fully supported now.", stacklevel=1)
[36m(WorkerDict pid=3589062)[0m /workspace/cann-recipes-train/llm_rl/qwen3_shrink_aware/verl/utils/profiler/config.py:49: UserWarning: Torch profiler tool config is not fully supported now.
[36m(WorkerDict pid=3589062)[0m   warnings.warn("Torch profiler tool config is not fully supported now.", stacklevel=1)
[36m(WorkerDict pid=3589064)[0m <frozen importlib._bootstrap>:241: DeprecationWarning: builtin type SwigPyPacked has no __module__ attribute
[36m(WorkerDict pid=3589064)[0m <frozen importlib._bootstrap>:241: DeprecationWarning: builtin type SwigPyObject has no __module__ attribute
[36m(WorkerDict pid=3589059)[0m /workspace/cann-recipes-train/llm_rl/qwen3_shrink_aware/verl/utils/profiler/config.py:49: UserWarning: Torch profiler tool config is not fully supported now.
[36m(WorkerDict pid=3589059)[0m   warnings.warn("Torch profiler tool config is not fully supported now.", stacklevel=1)
[36m(WorkerDict pid=3589066)[0m <frozen importlib._bootstrap>:241: DeprecationWarning: builtin type SwigPyPacked has no __module__ attribute
[36m(WorkerDict pid=3589066)[0m <frozen importlib._bootstrap>:241: DeprecationWarning: builtin type SwigPyObject has no __module__ attribute
[36m(WorkerDict pid=3589065)[0m /workspace/cann-recipes-train/llm_rl/qwen3_shrink_aware/verl/utils/profiler/config.py:49: UserWarning: Torch profiler tool config is not fully supported now.
[36m(WorkerDict pid=3589065)[0m   warnings.warn("Torch profiler tool config is not fully supported now.", stacklevel=1)
[36m(WorkerDict pid=3589061)[0m /workspace/cann-recipes-train/llm_rl/qwen3_shrink_aware/verl/utils/profiler/config.py:49: UserWarning: Torch profiler tool config is not fully supported now.
[36m(WorkerDict pid=3589061)[0m   warnings.warn("Torch profiler tool config is not fully supported now.", stacklevel=1)
[36m(WorkerDict pid=3589055)[0m /workspace/cann-recipes-train/llm_rl/qwen3_shrink_aware/verl/utils/profiler/config.py:49: UserWarning: Torch profiler tool config is not fully supported now.
[36m(WorkerDict pid=3589055)[0m   warnings.warn("Torch profiler tool config is not fully supported now.", stacklevel=1)
[36m(WorkerDict pid=3589063)[0m /workspace/cann-recipes-train/llm_rl/qwen3_shrink_aware/verl/utils/profiler/config.py:49: UserWarning: Torch profiler tool config is not fully supported now.
[36m(WorkerDict pid=3589063)[0m   warnings.warn("Torch profiler tool config is not fully supported now.", stacklevel=1)
[36m(WorkerDict pid=3589058)[0m <frozen importlib._bootstrap>:241: DeprecationWarning: builtin type SwigPyPacked has no __module__ attribute
[36m(WorkerDict pid=3589058)[0m <frozen importlib._bootstrap>:241: DeprecationWarning: builtin type SwigPyObject has no __module__ attribute
[36m(WorkerDict pid=3589056)[0m <frozen importlib._bootstrap>:241: DeprecationWarning: builtin type SwigPyPacked has no __module__ attribute
[36m(WorkerDict pid=3589056)[0m <frozen importlib._bootstrap>:241: DeprecationWarning: builtin type SwigPyObject has no __module__ attribute
[36m(WorkerDict pid=3589052)[0m /workspace/cann-recipes-train/llm_rl/qwen3_shrink_aware/verl/utils/profiler/config.py:49: UserWarning: Torch profiler tool config is not fully supported now.
[36m(WorkerDict pid=3589052)[0m   warnings.warn("Torch profiler tool config is not fully supported now.", stacklevel=1)
[36m(WorkerDict pid=3589062)[0m <frozen importlib._bootstrap>:241: DeprecationWarning: builtin type SwigPyPacked has no __module__ attribute
[36m(WorkerDict pid=3589062)[0m <frozen importlib._bootstrap>:241: DeprecationWarning: builtin type SwigPyObject has no __module__ attribute
[36m(WorkerDict pid=3589059)[0m <frozen importlib._bootstrap>:241: DeprecationWarning: builtin type SwigPyPacked has no __module__ attribute
[36m(WorkerDict pid=3589059)[0m <frozen importlib._bootstrap>:241: DeprecationWarning: builtin type SwigPyObject has no __module__ attribute
[36m(WorkerDict pid=3589065)[0m <frozen importlib._bootstrap>:241: DeprecationWarning: builtin type SwigPyPacked has no __module__ attribute
[36m(WorkerDict pid=3589065)[0m <frozen importlib._bootstrap>:241: DeprecationWarning: builtin type SwigPyObject has no __module__ attribute
[36m(WorkerDict pid=3589051)[0m /workspace/cann-recipes-train/llm_rl/qwen3_shrink_aware/verl/utils/profiler/config.py:49: UserWarning: Torch profiler tool config is not fully supported now.
[36m(WorkerDict pid=3589051)[0m   warnings.warn("Torch profiler tool config is not fully supported now.", stacklevel=1)
[36m(WorkerDict pid=3589061)[0m <frozen importlib._bootstrap>:241: DeprecationWarning: builtin type SwigPyPacked has no __module__ attribute
[36m(WorkerDict pid=3589061)[0m <frozen importlib._bootstrap>:241: DeprecationWarning: builtin type SwigPyObject has no __module__ attribute
[36m(WorkerDict pid=3589055)[0m <frozen importlib._bootstrap>:241: DeprecationWarning: builtin type SwigPyPacked has no __module__ attribute
[36m(WorkerDict pid=3589055)[0m <frozen importlib._bootstrap>:241: DeprecationWarning: builtin type SwigPyObject has no __module__ attribute
[36m(WorkerDict pid=3589063)[0m <frozen importlib._bootstrap>:241: DeprecationWarning: builtin type SwigPyPacked has no __module__ attribute
[36m(WorkerDict pid=3589063)[0m <frozen importlib._bootstrap>:241: DeprecationWarning: builtin type SwigPyObject has no __module__ attribute
[36m(WorkerDict pid=3589060)[0m /workspace/cann-recipes-train/llm_rl/qwen3_shrink_aware/verl/utils/profiler/config.py:49: UserWarning: Torch profiler tool config is not fully supported now.
[36m(WorkerDict pid=3589060)[0m   warnings.warn("Torch profiler tool config is not fully supported now.", stacklevel=1)
[36m(WorkerDict pid=3589057)[0m /workspace/cann-recipes-train/llm_rl/qwen3_shrink_aware/verl/utils/profiler/config.py:49: UserWarning: Torch profiler tool config is not fully supported now.
[36m(WorkerDict pid=3589057)[0m   warnings.warn("Torch profiler tool config is not fully supported now.", stacklevel=1)
[36m(WorkerDict pid=3589052)[0m <frozen importlib._bootstrap>:241: DeprecationWarning: builtin type SwigPyPacked has no __module__ attribute
[36m(WorkerDict pid=3589052)[0m <frozen importlib._bootstrap>:241: DeprecationWarning: builtin type SwigPyObject has no __module__ attribute
[36m(WorkerDict pid=3589054)[0m /workspace/cann-recipes-train/llm_rl/qwen3_shrink_aware/verl/utils/profiler/config.py:49: UserWarning: Torch profiler tool config is not fully supported now.
[36m(WorkerDict pid=3589054)[0m   warnings.warn("Torch profiler tool config is not fully supported now.", stacklevel=1)
[36m(WorkerDict pid=3589051)[0m <frozen importlib._bootstrap>:241: DeprecationWarning: builtin type SwigPyPacked has no __module__ attribute
[36m(WorkerDict pid=3589051)[0m <frozen importlib._bootstrap>:241: DeprecationWarning: builtin type SwigPyObject has no __module__ attribute
[36m(WorkerDict pid=3589060)[0m <frozen importlib._bootstrap>:241: DeprecationWarning: builtin type SwigPyPacked has no __module__ attribute
[36m(WorkerDict pid=3589060)[0m <frozen importlib._bootstrap>:241: DeprecationWarning: builtin type SwigPyObject has no __module__ attribute
[36m(WorkerDict pid=3589057)[0m <frozen importlib._bootstrap>:241: DeprecationWarning: builtin type SwigPyPacked has no __module__ attribute
[36m(WorkerDict pid=3589057)[0m <frozen importlib._bootstrap>:241: DeprecationWarning: builtin type SwigPyObject has no __module__ attribute
[36m(WorkerDict pid=3589054)[0m <frozen importlib._bootstrap>:241: DeprecationWarning: builtin type SwigPyPacked has no __module__ attribute
[36m(WorkerDict pid=3589054)[0m <frozen importlib._bootstrap>:241: DeprecationWarning: builtin type SwigPyObject has no __module__ attribute
[36m(WorkerDict pid=3589051)[0m `torch_dtype` is deprecated! Use `dtype` instead!
[36m(WorkerDict pid=3589058)[0m `torch_dtype` is deprecated! Use `dtype` instead!
[36m(WorkerDict pid=3589060)[0m `torch_dtype` is deprecated! Use `dtype` instead!
[36m(WorkerDict pid=3589057)[0m `torch_dtype` is deprecated! Use `dtype` instead!
[36m(WorkerDict pid=3589053)[0m `torch_dtype` is deprecated! Use `dtype` instead!
[36m(WorkerDict pid=3589055)[0m `torch_dtype` is deprecated! Use `dtype` instead!
[36m(WorkerDict pid=3589052)[0m `torch_dtype` is deprecated! Use `dtype` instead!
[36m(WorkerDict pid=3589054)[0m `torch_dtype` is deprecated! Use `dtype` instead!
[36m(WorkerDict pid=3589056)[0m `torch_dtype` is deprecated! Use `dtype` instead!
[36m(WorkerDict pid=3589065)[0m `torch_dtype` is deprecated! Use `dtype` instead!
[36m(WorkerDict pid=3589059)[0m `torch_dtype` is deprecated! Use `dtype` instead!
[36m(WorkerDict pid=3589061)[0m `torch_dtype` is deprecated! Use `dtype` instead!
[36m(WorkerDict pid=3589066)[0m `torch_dtype` is deprecated! Use `dtype` instead!
[36m(WorkerDict pid=3589062)[0m `torch_dtype` is deprecated! Use `dtype` instead!
[36m(WorkerDict pid=3589063)[0m `torch_dtype` is deprecated! Use `dtype` instead!
[36m(WorkerDict pid=3589064)[0m `torch_dtype` is deprecated! Use `dtype` instead!
[36m(WorkerDict pid=3589062)[0m /workspace/cann-recipes-train/llm_rl/qwen3_shrink_aware/megatron/core/transformer/transformer_config.py:1065: UserWarning: Using a large number of experts (e.g. >=32) without fp32 routing. Consider enabling moe_router_dtype for better numerical stability.
[36m(WorkerDict pid=3589062)[0m   warnings.warn(
[36m(WorkerDict pid=3589064)[0m /workspace/cann-recipes-train/llm_rl/qwen3_shrink_aware/megatron/core/transformer/transformer_config.py:1065: UserWarning: Using a large number of experts (e.g. >=32) without fp32 routing. Consider enabling moe_router_dtype for better numerical stability.
[36m(WorkerDict pid=3589064)[0m   warnings.warn(
[36m(WorkerDict pid=3589056)[0m /workspace/cann-recipes-train/llm_rl/qwen3_shrink_aware/megatron/core/transformer/transformer_config.py:1065: UserWarning: Using a large number of experts (e.g. >=32) without fp32 routing. Consider enabling moe_router_dtype for better numerical stability.
[36m(WorkerDict pid=3589056)[0m   warnings.warn(
[36m(WorkerDict pid=3589061)[0m /workspace/cann-recipes-train/llm_rl/qwen3_shrink_aware/megatron/core/transformer/transformer_config.py:1065: UserWarning: Using a large number of experts (e.g. >=32) without fp32 routing. Consider enabling moe_router_dtype for better numerical stability.
[36m(WorkerDict pid=3589061)[0m   warnings.warn(
[36m(WorkerDict pid=3589060)[0m /workspace/cann-recipes-train/llm_rl/qwen3_shrink_aware/megatron/core/transformer/transformer_config.py:1065: UserWarning: Using a large number of experts (e.g. >=32) without fp32 routing. Consider enabling moe_router_dtype for better numerical stability.
[36m(WorkerDict pid=3589060)[0m   warnings.warn(
[36m(WorkerDict pid=3589055)[0m /workspace/cann-recipes-train/llm_rl/qwen3_shrink_aware/megatron/core/transformer/transformer_config.py:1065: UserWarning: Using a large number of experts (e.g. >=32) without fp32 routing. Consider enabling moe_router_dtype for better numerical stability.
[36m(WorkerDict pid=3589055)[0m   warnings.warn(
[36m(WorkerDict pid=3589059)[0m /workspace/cann-recipes-train/llm_rl/qwen3_shrink_aware/megatron/core/transformer/transformer_config.py:1065: UserWarning: Using a large number of experts (e.g. >=32) without fp32 routing. Consider enabling moe_router_dtype for better numerical stability.
[36m(WorkerDict pid=3589059)[0m   warnings.warn(
[36m(WorkerDict pid=3589065)[0m /workspace/cann-recipes-train/llm_rl/qwen3_shrink_aware/megatron/core/transformer/transformer_config.py:1065: UserWarning: Using a large number of experts (e.g. >=32) without fp32 routing. Consider enabling moe_router_dtype for better numerical stability.
[36m(WorkerDict pid=3589065)[0m   warnings.warn(
[36m(WorkerDict pid=3589066)[0m /workspace/cann-recipes-train/llm_rl/qwen3_shrink_aware/megatron/core/transformer/transformer_config.py:1065: UserWarning: Using a large number of experts (e.g. >=32) without fp32 routing. Consider enabling moe_router_dtype for better numerical stability.
[36m(WorkerDict pid=3589066)[0m   warnings.warn(
[36m(WorkerDict pid=3589058)[0m /workspace/cann-recipes-train/llm_rl/qwen3_shrink_aware/megatron/core/transformer/transformer_config.py:1065: UserWarning: Using a large number of experts (e.g. >=32) without fp32 routing. Consider enabling moe_router_dtype for better numerical stability.
[36m(WorkerDict pid=3589058)[0m   warnings.warn(
[36m(WorkerDict pid=3589053)[0m /workspace/cann-recipes-train/llm_rl/qwen3_shrink_aware/megatron/core/transformer/transformer_config.py:1065: UserWarning: Using a large number of experts (e.g. >=32) without fp32 routing. Consider enabling moe_router_dtype for better numerical stability.
[36m(WorkerDict pid=3589053)[0m   warnings.warn(
[36m(WorkerDict pid=3589063)[0m /workspace/cann-recipes-train/llm_rl/qwen3_shrink_aware/megatron/core/transformer/transformer_config.py:1065: UserWarning: Using a large number of experts (e.g. >=32) without fp32 routing. Consider enabling moe_router_dtype for better numerical stability.
[36m(WorkerDict pid=3589063)[0m   warnings.warn(
[36m(WorkerDict pid=3589057)[0m /workspace/cann-recipes-train/llm_rl/qwen3_shrink_aware/megatron/core/transformer/transformer_config.py:1065: UserWarning: Using a large number of experts (e.g. >=32) without fp32 routing. Consider enabling moe_router_dtype for better numerical stability.
[36m(WorkerDict pid=3589057)[0m   warnings.warn(
[36m(WorkerDict pid=3589052)[0m /workspace/cann-recipes-train/llm_rl/qwen3_shrink_aware/megatron/core/transformer/transformer_config.py:1065: UserWarning: Using a large number of experts (e.g. >=32) without fp32 routing. Consider enabling moe_router_dtype for better numerical stability.
[36m(WorkerDict pid=3589052)[0m   warnings.warn(
[36m(WorkerDict pid=3589054)[0m /workspace/cann-recipes-train/llm_rl/qwen3_shrink_aware/megatron/core/transformer/transformer_config.py:1065: UserWarning: Using a large number of experts (e.g. >=32) without fp32 routing. Consider enabling moe_router_dtype for better numerical stability.
[36m(WorkerDict pid=3589054)[0m   warnings.warn(
[36m(WorkerDict pid=3589051)[0m /workspace/cann-recipes-train/llm_rl/qwen3_shrink_aware/megatron/core/transformer/transformer_config.py:1065: UserWarning: Using a large number of experts (e.g. >=32) without fp32 routing. Consider enabling moe_router_dtype for better numerical stability.
[36m(WorkerDict pid=3589051)[0m   warnings.warn(
[36m(TaskRunner pid=3587550)[0m Training Progress:   0%|          | 0/5 [00:00<?, ?it/s]
[36m(WorkerDict pid=3589064)[0m Adding requests:   0%|          | 0/32 [00:00<?, ?it/s]Adding requests: 100%|██████████| 32/32 [00:00<00:00, 9346.64it/s]
[36m(WorkerDict pid=3589064)[0m Processed prompts:   0%|          | 0/32 [00:00<?, ?it/s, est. speed input: 0.00 toks/s, output: 0.00 toks/s]
[36m(WorkerDict pid=3589055)[0m Adding requests:   0%|          | 0/32 [00:00<?, ?it/s]Adding requests: 100%|██████████| 32/32 [00:00<00:00, 9232.20it/s]
[36m(WorkerDict pid=3589055)[0m Processed prompts:   0%|          | 0/32 [00:00<?, ?it/s, est. speed input: 0.00 toks/s, output: 0.00 toks/s]
[36m(WorkerDict pid=3589066)[0m Adding requests:   0%|          | 0/32 [00:00<?, ?it/s]
[36m(WorkerDict pid=3589066)[0m Adding requests: 100%|██████████| 32/32 [00:00<00:00, 8800.59it/s]
[36m(WorkerDict pid=3589066)[0m Processed prompts:   0%|          | 0/32 [00:00<?, ?it/s, est. speed input: 0.00 toks/s, output: 0.00 toks/s]
[36m(WorkerDict pid=3589059)[0m Adding requests:   0%|          | 0/32 [00:00<?, ?it/s]Adding requests: 100%|██████████| 32/32 [00:00<00:00, 8808.67it/s]
[36m(WorkerDict pid=3589059)[0m Processed prompts:   0%|          | 0/32 [00:00<?, ?it/s, est. speed input: 0.00 toks/s, output: 0.00 toks/s]
[36m(WorkerDict pid=3589062)[0m Adding requests:   0%|          | 0/32 [00:00<?, ?it/s]
[36m(WorkerDict pid=3589062)[0m Adding requests: 100%|██████████| 32/32 [00:00<00:00, 9617.21it/s]
[36m(WorkerDict pid=3589062)[0m Processed prompts:   0%|          | 0/32 [00:00<?, ?it/s, est. speed input: 0.00 toks/s, output: 0.00 toks/s]
[36m(WorkerDict pid=3589056)[0m Adding requests:   0%|          | 0/32 [00:00<?, ?it/s]Adding requests: 100%|██████████| 32/32 [00:00<00:00, 9414.82it/s]
[36m(WorkerDict pid=3589056)[0m Processed prompts:   0%|          | 0/32 [00:00<?, ?it/s, est. speed input: 0.00 toks/s, output: 0.00 toks/s]
[36m(WorkerDict pid=3589060)[0m Adding requests:   0%|          | 0/32 [00:00<?, ?it/s]Adding requests: 100%|██████████| 32/32 [00:00<00:00, 10148.79it/s]
[36m(WorkerDict pid=3589060)[0m Processed prompts:   0%|          | 0/32 [00:00<?, ?it/s, est. speed input: 0.00 toks/s, output: 0.00 toks/s]
[36m(WorkerDict pid=3589053)[0m Adding requests:   0%|          | 0/32 [00:00<?, ?it/s]Adding requests: 100%|██████████| 32/32 [00:00<00:00, 9817.70it/s]
[36m(WorkerDict pid=3589053)[0m Processed prompts:   0%|          | 0/32 [00:00<?, ?it/s, est. speed input: 0.00 toks/s, output: 0.00 toks/s]
[36m(WorkerDict pid=3589065)[0m Adding requests:   0%|          | 0/32 [00:00<?, ?it/s]Adding requests: 100%|██████████| 32/32 [00:00<00:00, 9302.59it/s]
[36m(WorkerDict pid=3589065)[0m Processed prompts:   0%|          | 0/32 [00:00<?, ?it/s, est. speed input: 0.00 toks/s, output: 0.00 toks/s]
[36m(WorkerDict pid=3589061)[0m Adding requests:   0%|          | 0/32 [00:00<?, ?it/s]Adding requests: 100%|██████████| 32/32 [00:00<00:00, 10234.69it/s]
[36m(WorkerDict pid=3589061)[0m Processed prompts:   0%|          | 0/32 [00:00<?, ?it/s, est. speed input: 0.00 toks/s, output: 0.00 toks/s]
[36m(WorkerDict pid=3589058)[0m Adding requests:   0%|          | 0/32 [00:00<?, ?it/s]Adding requests: 100%|██████████| 32/32 [00:00<00:00, 8873.31it/s]
[36m(WorkerDict pid=3589058)[0m Processed prompts:   0%|          | 0/32 [00:00<?, ?it/s, est. speed input: 0.00 toks/s, output: 0.00 toks/s]
[36m(WorkerDict pid=3589054)[0m Adding requests:   0%|          | 0/32 [00:00<?, ?it/s]Adding requests: 100%|██████████| 32/32 [00:00<00:00, 8297.34it/s]
[36m(WorkerDict pid=3589054)[0m Processed prompts:   0%|          | 0/32 [00:00<?, ?it/s, est. speed input: 0.00 toks/s, output: 0.00 toks/s]
[36m(WorkerDict pid=3589057)[0m Adding requests:   0%|          | 0/32 [00:00<?, ?it/s]Adding requests: 100%|██████████| 32/32 [00:00<00:00, 8968.78it/s]
[36m(WorkerDict pid=3589057)[0m Processed prompts:   0%|          | 0/32 [00:00<?, ?it/s, est. speed input: 0.00 toks/s, output: 0.00 toks/s]
[36m(WorkerDict pid=3589051)[0m Adding requests:   0%|          | 0/32 [00:00<?, ?it/s]Adding requests: 100%|██████████| 32/32 [00:00<00:00, 9155.99it/s]
[36m(WorkerDict pid=3589051)[0m Processed prompts:   0%|          | 0/32 [00:00<?, ?it/s, est. speed input: 0.00 toks/s, output: 0.00 toks/s]
[36m(WorkerDict pid=3589063)[0m Adding requests:   0%|          | 0/32 [00:00<?, ?it/s]Adding requests: 100%|██████████| 32/32 [00:00<00:00, 8997.03it/s]
[36m(WorkerDict pid=3589063)[0m Processed prompts:   0%|          | 0/32 [00:00<?, ?it/s, est. speed input: 0.00 toks/s, output: 0.00 toks/s]
[36m(WorkerDict pid=3589052)[0m Adding requests:   0%|          | 0/32 [00:00<?, ?it/s]Adding requests: 100%|██████████| 32/32 [00:00<00:00, 9205.61it/s]
[36m(WorkerDict pid=3589052)[0m Processed prompts:   0%|          | 0/32 [00:00<?, ?it/s, est. speed input: 0.00 toks/s, output: 0.00 toks/s]
[36m(WorkerDict pid=3589061)[0m [rank12]:E0617 11:25:01.158000 3589061 site-packages/torch/_dynamo/metrics_context.py:105] [0/0] Unexpected exception logging compilation metrics
[36m(WorkerDict pid=3589061)[0m [rank12]:E0617 11:25:01.158000 3589061 site-packages/torch/_dynamo/metrics_context.py:105] [0/0] Traceback (most recent call last):
[36m(WorkerDict pid=3589061)[0m [rank12]:E0617 11:25:01.158000 3589061 site-packages/torch/_dynamo/metrics_context.py:105] [0/0]   File "/usr/local/python3.11.14/lib/python3.11/site-packages/torch/_dynamo/metrics_context.py", line 101, in __exit__
[36m(WorkerDict pid=3589061)[0m [rank12]:E0617 11:25:01.158000 3589061 site-packages/torch/_dynamo/metrics_context.py:105] [0/0]     self._on_exit(
[36m(WorkerDict pid=3589061)[0m [rank12]:E0617 11:25:01.158000 3589061 site-packages/torch/_dynamo/metrics_context.py:105] [0/0]   File "/usr/local/python3.11.14/lib/python3.11/site-packages/torch/_dynamo/utils.py", line 1632, in record_compilation_metrics
[36m(WorkerDict pid=3589061)[0m [rank12]:E0617 11:25:01.158000 3589061 site-packages/torch/_dynamo/metrics_context.py:105] [0/0]     "triton_version": triton.__version__ if has_triton() else "",
[36m(WorkerDict pid=3589061)[0m [rank12]:E0617 11:25:01.158000 3589061 site-packages/torch/_dynamo/metrics_context.py:105] [0/0]                                             ^^^^^^^^^^^^
[36m(WorkerDict pid=3589061)[0m [rank12]:E0617 11:25:01.158000 3589061 site-packages/torch/_dynamo/metrics_context.py:105] [0/0]   File "/usr/local/python3.11.14/lib/python3.11/site-packages/torch/utils/_triton.py", line 159, in has_triton
[36m(WorkerDict pid=3589061)[0m [rank12]:E0617 11:25:01.158000 3589061 site-packages/torch/_dynamo/metrics_context.py:105] [0/0]     return is_device_compatible_with_triton()
[36m(WorkerDict pid=3589061)[0m [rank12]:E0617 11:25:01.158000 3589061 site-packages/torch/_dynamo/metrics_context.py:105] [0/0]            ^^^^^^^^^^^^^^^^^^^^^^^^^^^^^^^^^^
[36m(WorkerDict pid=3589061)[0m [rank12]:E0617 11:25:01.158000 3589061 site-packages/torch/_dynamo/metrics_context.py:105] [0/0]   File "/usr/local/python3.11.14/lib/python3.11/site-packages/torch/utils/_triton.py", line 155, in is_device_compatible_with_triton
[36m(WorkerDict pid=3589061)[0m [rank12]:E0617 11:25:01.158000 3589061 site-packages/torch/_dynamo/metrics_context.py:105] [0/0]     if device_interface.is_available() and extra_check(device_interface):
[36m(WorkerDict pid=3589061)[0m [rank12]:E0617 11:25:01.158000 3589061 site-packages/torch/_dynamo/metrics_context.py:105] [0/0]                                            ^^^^^^^^^^^^^^^^^^^^^^^^^^^^^
[36m(WorkerDict pid=3589061)[0m [rank12]:E0617 11:25:01.158000 3589061 site-packages/torch/_dynamo/metrics_context.py:105] [0/0]   File "/usr/local/python3.11.14/lib/python3.11/site-packages/torch/utils/_triton.py", line 135, in cuda_extra_check
[36m(WorkerDict pid=3589061)[0m [rank12]:E0617 11:25:01.158000 3589061 site-packages/torch/_dynamo/metrics_context.py:105] [0/0]     return device_interface.Worker.get_device_properties().major >= 7
[36m(WorkerDict pid=3589061)[0m [rank12]:E0617 11:25:01.158000 3589061 site-packages/torch/_dynamo/metrics_context.py:105] [0/0]            ^^^^^^^^^^^^^^^^^^^^^^^^^^^^^^^^^^^^^^^^^^^^^^^^^^^^^^^^^^
[36m(WorkerDict pid=3589061)[0m [rank12]:E0617 11:25:01.158000 3589061 site-packages/torch/_dynamo/metrics_context.py:105] [0/0] TypeError: '>=' not supported between instances of 'NoneType' and 'int'
[36m(WorkerDict pid=3589060)[0m [rank8]:E0617 11:25:01.244000 3589060 site-packages/torch/_dynamo/metrics_context.py:105] [0/0] Unexpected exception logging compilation metrics
[36m(WorkerDict pid=3589060)[0m [rank8]:E0617 11:25:01.244000 3589060 site-packages/torch/_dynamo/metrics_context.py:105] [0/0] Traceback (most recent call last):
[36m(WorkerDict pid=3589060)[0m [rank8]:E0617 11:25:01.244000 3589060 site-packages/torch/_dynamo/metrics_context.py:105] [0/0]   File "/usr/local/python3.11.14/lib/python3.11/site-packages/torch/_dynamo/metrics_context.py", line 101, in __exit__
[36m(WorkerDict pid=3589060)[0m [rank8]:E0617 11:25:01.244000 3589060 site-packages/torch/_dynamo/metrics_context.py:105] [0/0]     self._on_exit(
[36m(WorkerDict pid=3589060)[0m [rank8]:E0617 11:25:01.244000 3589060 site-packages/torch/_dynamo/metrics_context.py:105] [0/0]   File "/usr/local/python3.11.14/lib/python3.11/site-packages/torch/_dynamo/utils.py", line 1632, in record_compilation_metrics
[36m(WorkerDict pid=3589060)[0m [rank8]:E0617 11:25:01.244000 3589060 site-packages/torch/_dynamo/metrics_context.py:105] [0/0]     "triton_version": triton.__version__ if has_triton() else "",
[36m(WorkerDict pid=3589060)[0m [rank8]:E0617 11:25:01.244000 3589060 site-packages/torch/_dynamo/metrics_context.py:105] [0/0]                                             ^^^^^^^^^^^^
[36m(WorkerDict pid=3589060)[0m [rank8]:E0617 11:25:01.244000 3589060 site-packages/torch/_dynamo/metrics_context.py:105] [0/0]   File "/usr/local/python3.11.14/lib/python3.11/site-packages/torch/utils/_triton.py", line 159, in has_triton
[36m(WorkerDict pid=3589060)[0m [rank8]:E0617 11:25:01.244000 3589060 site-packages/torch/_dynamo/metrics_context.py:105] [0/0]     return is_device_compatible_with_triton()
[36m(WorkerDict pid=3589060)[0m [rank8]:E0617 11:25:01.244000 3589060 site-packages/torch/_dynamo/metrics_context.py:105] [0/0]            ^^^^^^^^^^^^^^^^^^^^^^^^^^^^^^^^^^
[36m(WorkerDict pid=3589060)[0m [rank8]:E0617 11:25:01.244000 3589060 site-packages/torch/_dynamo/metrics_context.py:105] [0/0]   File "/usr/local/python3.11.14/lib/python3.11/site-packages/torch/utils/_triton.py", line 155, in is_device_compatible_with_triton
[36m(WorkerDict pid=3589060)[0m [rank8]:E0617 11:25:01.244000 3589060 site-packages/torch/_dynamo/metrics_context.py:105] [0/0]     if device_interface.is_available() and extra_check(device_interface):
[36m(WorkerDict pid=3589060)[0m [rank8]:E0617 11:25:01.244000 3589060 site-packages/torch/_dynamo/metrics_context.py:105] [0/0]                                            ^^^^^^^^^^^^^^^^^^^^^^^^^^^^^
[36m(WorkerDict pid=3589060)[0m [rank8]:E0617 11:25:01.244000 3589060 site-packages/torch/_dynamo/metrics_context.py:105] [0/0]   File "/usr/local/python3.11.14/lib/python3.11/site-packages/torch/utils/_triton.py", line 135, in cuda_extra_check
[36m(WorkerDict pid=3589060)[0m [rank8]:E0617 11:25:01.244000 3589060 site-packages/torch/_dynamo/metrics_context.py:105] [0/0]     return device_interface.Worker.get_device_properties().major >= 7
[36m(WorkerDict pid=3589060)[0m [rank8]:E0617 11:25:01.244000 3589060 site-packages/torch/_dynamo/metrics_context.py:105] [0/0]            ^^^^^^^^^^^^^^^^^^^^^^^^^^^^^^^^^^^^^^^^^^^^^^^^^^^^^^^^^^
[36m(WorkerDict pid=3589060)[0m [rank8]:E0617 11:25:01.244000 3589060 site-packages/torch/_dynamo/metrics_context.py:105] [0/0] TypeError: '>=' not supported between instances of 'NoneType' and 'int'
[36m(WorkerDict pid=3589053)[0m [rank2]:E0617 11:25:01.304000 3589053 site-packages/torch/_dynamo/metrics_context.py:105] [0/0] Unexpected exception logging compilation metrics
[36m(WorkerDict pid=3589053)[0m [rank2]:E0617 11:25:01.304000 3589053 site-packages/torch/_dynamo/metrics_context.py:105] [0/0] Traceback (most recent call last):
[36m(WorkerDict pid=3589053)[0m [rank2]:E0617 11:25:01.304000 3589053 site-packages/torch/_dynamo/metrics_context.py:105] [0/0]   File "/usr/local/python3.11.14/lib/python3.11/site-packages/torch/_dynamo/metrics_context.py", line 101, in __exit__
[36m(WorkerDict pid=3589053)[0m [rank2]:E0617 11:25:01.304000 3589053 site-packages/torch/_dynamo/metrics_context.py:105] [0/0]     self._on_exit(
[36m(WorkerDict pid=3589053)[0m [rank2]:E0617 11:25:01.304000 3589053 site-packages/torch/_dynamo/metrics_context.py:105] [0/0]   File "/usr/local/python3.11.14/lib/python3.11/site-packages/torch/_dynamo/utils.py", line 1632, in record_compilation_metrics
[36m(WorkerDict pid=3589053)[0m [rank2]:E0617 11:25:01.304000 3589053 site-packages/torch/_dynamo/metrics_context.py:105] [0/0]     "triton_version": triton.__version__ if has_triton() else "",
[36m(WorkerDict pid=3589053)[0m [rank2]:E0617 11:25:01.304000 3589053 site-packages/torch/_dynamo/metrics_context.py:105] [0/0]                                             ^^^^^^^^^^^^
[36m(WorkerDict pid=3589053)[0m [rank2]:E0617 11:25:01.304000 3589053 site-packages/torch/_dynamo/metrics_context.py:105] [0/0]   File "/usr/local/python3.11.14/lib/python3.11/site-packages/torch/utils/_triton.py", line 159, in has_triton
[36m(WorkerDict pid=3589053)[0m [rank2]:E0617 11:25:01.304000 3589053 site-packages/torch/_dynamo/metrics_context.py:105] [0/0]     return is_device_compatible_with_triton()
[36m(WorkerDict pid=3589053)[0m [rank2]:E0617 11:25:01.304000 3589053 site-packages/torch/_dynamo/metrics_context.py:105] [0/0]            ^^^^^^^^^^^^^^^^^^^^^^^^^^^^^^^^^^
[36m(WorkerDict pid=3589053)[0m [rank2]:E0617 11:25:01.304000 3589053 site-packages/torch/_dynamo/metrics_context.py:105] [0/0]   File "/usr/local/python3.11.14/lib/python3.11/site-packages/torch/utils/_triton.py", line 155, in is_device_compatible_with_triton
[36m(WorkerDict pid=3589053)[0m [rank2]:E0617 11:25:01.304000 3589053 site-packages/torch/_dynamo/metrics_context.py:105] [0/0]     if device_interface.is_available() and extra_check(device_interface):
[36m(WorkerDict pid=3589053)[0m [rank2]:E0617 11:25:01.304000 3589053 site-packages/torch/_dynamo/metrics_context.py:105] [0/0]                                            ^^^^^^^^^^^^^^^^^^^^^^^^^^^^^
[36m(WorkerDict pid=3589053)[0m [rank2]:E0617 11:25:01.304000 3589053 site-packages/torch/_dynamo/metrics_context.py:105] [0/0]   File "/usr/local/python3.11.14/lib/python3.11/site-packages/torch/utils/_triton.py", line 135, in cuda_extra_check
[36m(WorkerDict pid=3589053)[0m [rank2]:E0617 11:25:01.304000 3589053 site-packages/torch/_dynamo/metrics_context.py:105] [0/0]     return device_interface.Worker.get_device_properties().major >= 7
[36m(WorkerDict pid=3589053)[0m [rank2]:E0617 11:25:01.304000 3589053 site-packages/torch/_dynamo/metrics_context.py:105] [0/0]            ^^^^^^^^^^^^^^^^^^^^^^^^^^^^^^^^^^^^^^^^^^^^^^^^^^^^^^^^^^
[36m(WorkerDict pid=3589053)[0m [rank2]:E0617 11:25:01.304000 3589053 site-packages/torch/_dynamo/metrics_context.py:105] [0/0] TypeError: '>=' not supported between instances of 'NoneType' and 'int'
[36m(WorkerDict pid=3589055)[0m [rank3]:E0617 11:25:01.302000 3589055 site-packages/torch/_dynamo/metrics_context.py:105] [0/0] Unexpected exception logging compilation metrics
[36m(WorkerDict pid=3589055)[0m [rank3]:E0617 11:25:01.302000 3589055 site-packages/torch/_dynamo/metrics_context.py:105] [0/0] Traceback (most recent call last):
[36m(WorkerDict pid=3589055)[0m [rank3]:E0617 11:25:01.302000 3589055 site-packages/torch/_dynamo/metrics_context.py:105] [0/0]   File "/usr/local/python3.11.14/lib/python3.11/site-packages/torch/_dynamo/metrics_context.py", line 101, in __exit__
[36m(WorkerDict pid=3589055)[0m [rank3]:E0617 11:25:01.302000 3589055 site-packages/torch/_dynamo/metrics_context.py:105] [0/0]     self._on_exit(
[36m(WorkerDict pid=3589055)[0m [rank3]:E0617 11:25:01.302000 3589055 site-packages/torch/_dynamo/metrics_context.py:105] [0/0]   File "/usr/local/python3.11.14/lib/python3.11/site-packages/torch/_dynamo/utils.py", line 1632, in record_compilation_metrics
[36m(WorkerDict pid=3589055)[0m [rank3]:E0617 11:25:01.302000 3589055 site-packages/torch/_dynamo/metrics_context.py:105] [0/0]     "triton_version": triton.__version__ if has_triton() else "",
[36m(WorkerDict pid=3589055)[0m [rank3]:E0617 11:25:01.302000 3589055 site-packages/torch/_dynamo/metrics_context.py:105] [0/0]                                             ^^^^^^^^^^^^
[36m(WorkerDict pid=3589055)[0m [rank3]:E0617 11:25:01.302000 3589055 site-packages/torch/_dynamo/metrics_context.py:105] [0/0]   File "/usr/local/python3.11.14/lib/python3.11/site-packages/torch/utils/_triton.py", line 159, in has_triton
[36m(WorkerDict pid=3589055)[0m [rank3]:E0617 11:25:01.302000 3589055 site-packages/torch/_dynamo/metrics_context.py:105] [0/0]     return is_device_compatible_with_triton()
[36m(WorkerDict pid=3589055)[0m [rank3]:E0617 11:25:01.302000 3589055 site-packages/torch/_dynamo/metrics_context.py:105] [0/0]            ^^^^^^^^^^^^^^^^^^^^^^^^^^^^^^^^^^
[36m(WorkerDict pid=3589055)[0m [rank3]:E0617 11:25:01.302000 3589055 site-packages/torch/_dynamo/metrics_context.py:105] [0/0]   File "/usr/local/python3.11.14/lib/python3.11/site-packages/torch/utils/_triton.py", line 155, in is_device_compatible_with_triton
[36m(WorkerDict pid=3589055)[0m [rank3]:E0617 11:25:01.302000 3589055 site-packages/torch/_dynamo/metrics_context.py:105] [0/0]     if device_interface.is_available() and extra_check(device_interface):
[36m(WorkerDict pid=3589055)[0m [rank3]:E0617 11:25:01.302000 3589055 site-packages/torch/_dynamo/metrics_context.py:105] [0/0]                                            ^^^^^^^^^^^^^^^^^^^^^^^^^^^^^
[36m(WorkerDict pid=3589055)[0m [rank3]:E0617 11:25:01.302000 3589055 site-packages/torch/_dynamo/metrics_context.py:105] [0/0]   File "/usr/local/python3.11.14/lib/python3.11/site-packages/torch/utils/_triton.py", line 135, in cuda_extra_check
[36m(WorkerDict pid=3589055)[0m [rank3]:E0617 11:25:01.302000 3589055 site-packages/torch/_dynamo/metrics_context.py:105] [0/0]     return device_interface.Worker.get_device_properties().major >= 7
[36m(WorkerDict pid=3589055)[0m [rank3]:E0617 11:25:01.302000 3589055 site-packages/torch/_dynamo/metrics_context.py:105] [0/0]            ^^^^^^^^^^^^^^^^^^^^^^^^^^^^^^^^^^^^^^^^^^^^^^^^^^^^^^^^^^
[36m(WorkerDict pid=3589055)[0m [rank3]:E0617 11:25:01.302000 3589055 site-packages/torch/_dynamo/metrics_context.py:105] [0/0] TypeError: '>=' not supported between instances of 'NoneType' and 'int'
[36m(WorkerDict pid=3589052)[0m [rank1]:E0617 11:25:01.289000 3589052 site-packages/torch/_dynamo/metrics_context.py:105] [0/0] Unexpected exception logging compilation metrics
[36m(WorkerDict pid=3589052)[0m [rank1]:E0617 11:25:01.289000 3589052 site-packages/torch/_dynamo/metrics_context.py:105] [0/0] Traceback (most recent call last):
[36m(WorkerDict pid=3589052)[0m [rank1]:E0617 11:25:01.289000 3589052 site-packages/torch/_dynamo/metrics_context.py:105] [0/0]   File "/usr/local/python3.11.14/lib/python3.11/site-packages/torch/_dynamo/metrics_context.py", line 101, in __exit__
[36m(WorkerDict pid=3589052)[0m [rank1]:E0617 11:25:01.289000 3589052 site-packages/torch/_dynamo/metrics_context.py:105] [0/0]     self._on_exit(
[36m(WorkerDict pid=3589052)[0m [rank1]:E0617 11:25:01.289000 3589052 site-packages/torch/_dynamo/metrics_context.py:105] [0/0]   File "/usr/local/python3.11.14/lib/python3.11/site-packages/torch/_dynamo/utils.py", line 1632, in record_compilation_metrics
[36m(WorkerDict pid=3589052)[0m [rank1]:E0617 11:25:01.289000 3589052 site-packages/torch/_dynamo/metrics_context.py:105] [0/0]     "triton_version": triton.__version__ if has_triton() else "",
[36m(WorkerDict pid=3589052)[0m [rank1]:E0617 11:25:01.289000 3589052 site-packages/torch/_dynamo/metrics_context.py:105] [0/0]                                             ^^^^^^^^^^^^
[36m(WorkerDict pid=3589052)[0m [rank1]:E0617 11:25:01.289000 3589052 site-packages/torch/_dynamo/metrics_context.py:105] [0/0]   File "/usr/local/python3.11.14/lib/python3.11/site-packages/torch/utils/_triton.py", line 159, in has_triton
[36m(WorkerDict pid=3589052)[0m [rank1]:E0617 11:25:01.289000 3589052 site-packages/torch/_dynamo/metrics_context.py:105] [0/0]     return is_device_compatible_with_triton()
[36m(WorkerDict pid=3589052)[0m [rank1]:E0617 11:25:01.289000 3589052 site-packages/torch/_dynamo/metrics_context.py:105] [0/0]            ^^^^^^^^^^^^^^^^^^^^^^^^^^^^^^^^^^
[36m(WorkerDict pid=3589052)[0m [rank1]:E0617 11:25:01.289000 3589052 site-packages/torch/_dynamo/metrics_context.py:105] [0/0]   File "/usr/local/python3.11.14/lib/python3.11/site-packages/torch/utils/_triton.py", line 155, in is_device_compatible_with_triton
[36m(WorkerDict pid=3589052)[0m [rank1]:E0617 11:25:01.289000 3589052 site-packages/torch/_dynamo/metrics_context.py:105] [0/0]     if device_interface.is_available() and extra_check(device_interface):
[36m(WorkerDict pid=3589052)[0m [rank1]:E0617 11:25:01.289000 3589052 site-packages/torch/_dynamo/metrics_context.py:105] [0/0]                                            ^^^^^^^^^^^^^^^^^^^^^^^^^^^^^
[36m(WorkerDict pid=3589052)[0m [rank1]:E0617 11:25:01.289000 3589052 site-packages/torch/_dynamo/metrics_context.py:105] [0/0]   File "/usr/local/python3.11.14/lib/python3.11/site-packages/torch/utils/_triton.py", line 135, in cuda_extra_check
[36m(WorkerDict pid=3589052)[0m [rank1]:E0617 11:25:01.289000 3589052 site-packages/torch/_dynamo/metrics_context.py:105] [0/0]     return device_interface.Worker.get_device_properties().major >= 7
[36m(WorkerDict pid=3589052)[0m [rank1]:E0617 11:25:01.289000 3589052 site-packages/torch/_dynamo/metrics_context.py:105] [0/0]            ^^^^^^^^^^^^^^^^^^^^^^^^^^^^^^^^^^^^^^^^^^^^^^^^^^^^^^^^^^
[36m(WorkerDict pid=3589052)[0m [rank1]:E0617 11:25:01.289000 3589052 site-packages/torch/_dynamo/metrics_context.py:105] [0/0] TypeError: '>=' not supported between instances of 'NoneType' and 'int'
[36m(WorkerDict pid=3589066)[0m [rank13]:E0617 11:25:01.288000 3589066 site-packages/torch/_dynamo/metrics_context.py:105] [0/0] Unexpected exception logging compilation metrics
[36m(WorkerDict pid=3589066)[0m [rank13]:E0617 11:25:01.288000 3589066 site-packages/torch/_dynamo/metrics_context.py:105] [0/0] Traceback (most recent call last):
[36m(WorkerDict pid=3589066)[0m [rank13]:E0617 11:25:01.288000 3589066 site-packages/torch/_dynamo/metrics_context.py:105] [0/0]   File "/usr/local/python3.11.14/lib/python3.11/site-packages/torch/_dynamo/metrics_context.py", line 101, in __exit__
[36m(WorkerDict pid=3589066)[0m [rank13]:E0617 11:25:01.288000 3589066 site-packages/torch/_dynamo/metrics_context.py:105] [0/0]     self._on_exit(
[36m(WorkerDict pid=3589066)[0m [rank13]:E0617 11:25:01.288000 3589066 site-packages/torch/_dynamo/metrics_context.py:105] [0/0]   File "/usr/local/python3.11.14/lib/python3.11/site-packages/torch/_dynamo/utils.py", line 1632, in record_compilation_metrics
[36m(WorkerDict pid=3589066)[0m [rank13]:E0617 11:25:01.288000 3589066 site-packages/torch/_dynamo/metrics_context.py:105] [0/0]     "triton_version": triton.__version__ if has_triton() else "",
[36m(WorkerDict pid=3589066)[0m [rank13]:E0617 11:25:01.288000 3589066 site-packages/torch/_dynamo/metrics_context.py:105] [0/0]                                             ^^^^^^^^^^^^
[36m(WorkerDict pid=3589066)[0m [rank13]:E0617 11:25:01.288000 3589066 site-packages/torch/_dynamo/metrics_context.py:105] [0/0]   File "/usr/local/python3.11.14/lib/python3.11/site-packages/torch/utils/_triton.py", line 159, in has_triton
[36m(WorkerDict pid=3589066)[0m [rank13]:E0617 11:25:01.288000 3589066 site-packages/torch/_dynamo/metrics_context.py:105] [0/0]     return is_device_compatible_with_triton()
[36m(WorkerDict pid=3589066)[0m [rank13]:E0617 11:25:01.288000 3589066 site-packages/torch/_dynamo/metrics_context.py:105] [0/0]            ^^^^^^^^^^^^^^^^^^^^^^^^^^^^^^^^^^
[36m(WorkerDict pid=3589066)[0m [rank13]:E0617 11:25:01.288000 3589066 site-packages/torch/_dynamo/metrics_context.py:105] [0/0]   File "/usr/local/python3.11.14/lib/python3.11/site-packages/torch/utils/_triton.py", line 155, in is_device_compatible_with_triton
[36m(WorkerDict pid=3589066)[0m [rank13]:E0617 11:25:01.288000 3589066 site-packages/torch/_dynamo/metrics_context.py:105] [0/0]     if device_interface.is_available() and extra_check(device_interface):
[36m(WorkerDict pid=3589066)[0m [rank13]:E0617 11:25:01.288000 3589066 site-packages/torch/_dynamo/metrics_context.py:105] [0/0]                                            ^^^^^^^^^^^^^^^^^^^^^^^^^^^^^
[36m(WorkerDict pid=3589066)[0m [rank13]:E0617 11:25:01.288000 3589066 site-packages/torch/_dynamo/metrics_context.py:105] [0/0]   File "/usr/local/python3.11.14/lib/python3.11/site-packages/torch/utils/_triton.py", line 135, in cuda_extra_check
[36m(WorkerDict pid=3589066)[0m [rank13]:E0617 11:25:01.288000 3589066 site-packages/torch/_dynamo/metrics_context.py:105] [0/0]     return device_interface.Worker.get_device_properties().major >= 7
[36m(WorkerDict pid=3589066)[0m [rank13]:E0617 11:25:01.288000 3589066 site-packages/torch/_dynamo/metrics_context.py:105] [0/0]            ^^^^^^^^^^^^^^^^^^^^^^^^^^^^^^^^^^^^^^^^^^^^^^^^^^^^^^^^^^
[36m(WorkerDict pid=3589066)[0m [rank13]:E0617 11:25:01.288000 3589066 site-packages/torch/_dynamo/metrics_context.py:105] [0/0] TypeError: '>=' not supported between instances of 'NoneType' and 'int'
[36m(WorkerDict pid=3589062)[0m [rank10]:E0617 11:25:01.258000 3589062 site-packages/torch/_dynamo/metrics_context.py:105] [0/0] Unexpected exception logging compilation metrics
[36m(WorkerDict pid=3589062)[0m [rank10]:E0617 11:25:01.258000 3589062 site-packages/torch/_dynamo/metrics_context.py:105] [0/0] Traceback (most recent call last):
[36m(WorkerDict pid=3589062)[0m [rank10]:E0617 11:25:01.258000 3589062 site-packages/torch/_dynamo/metrics_context.py:105] [0/0]   File "/usr/local/python3.11.14/lib/python3.11/site-packages/torch/_dynamo/metrics_context.py", line 101, in __exit__
[36m(WorkerDict pid=3589062)[0m [rank10]:E0617 11:25:01.258000 3589062 site-packages/torch/_dynamo/metrics_context.py:105] [0/0]     self._on_exit(
[36m(WorkerDict pid=3589062)[0m [rank10]:E0617 11:25:01.258000 3589062 site-packages/torch/_dynamo/metrics_context.py:105] [0/0]   File "/usr/local/python3.11.14/lib/python3.11/site-packages/torch/_dynamo/utils.py", line 1632, in record_compilation_metrics
[36m(WorkerDict pid=3589062)[0m [rank10]:E0617 11:25:01.258000 3589062 site-packages/torch/_dynamo/metrics_context.py:105] [0/0]     "triton_version": triton.__version__ if has_triton() else "",
[36m(WorkerDict pid=3589062)[0m [rank10]:E0617 11:25:01.258000 3589062 site-packages/torch/_dynamo/metrics_context.py:105] [0/0]                                             ^^^^^^^^^^^^
[36m(WorkerDict pid=3589062)[0m [rank10]:E0617 11:25:01.258000 3589062 site-packages/torch/_dynamo/metrics_context.py:105] [0/0]   File "/usr/local/python3.11.14/lib/python3.11/site-packages/torch/utils/_triton.py", line 159, in has_triton
[36m(WorkerDict pid=3589062)[0m [rank10]:E0617 11:25:01.258000 3589062 site-packages/torch/_dynamo/metrics_context.py:105] [0/0]     return is_device_compatible_with_triton()
[36m(WorkerDict pid=3589062)[0m [rank10]:E0617 11:25:01.258000 3589062 site-packages/torch/_dynamo/metrics_context.py:105] [0/0]            ^^^^^^^^^^^^^^^^^^^^^^^^^^^^^^^^^^
[36m(WorkerDict pid=3589062)[0m [rank10]:E0617 11:25:01.258000 3589062 site-packages/torch/_dynamo/metrics_context.py:105] [0/0]   File "/usr/local/python3.11.14/lib/python3.11/site-packages/torch/utils/_triton.py", line 155, in is_device_compatible_with_triton
[36m(WorkerDict pid=3589062)[0m [rank10]:E0617 11:25:01.258000 3589062 site-packages/torch/_dynamo/metrics_context.py:105] [0/0]     if device_interface.is_available() and extra_check(device_interface):
[36m(WorkerDict pid=3589062)[0m [rank10]:E0617 11:25:01.258000 3589062 site-packages/torch/_dynamo/metrics_context.py:105] [0/0]                                            ^^^^^^^^^^^^^^^^^^^^^^^^^^^^^
[36m(WorkerDict pid=3589062)[0m [rank10]:E0617 11:25:01.258000 3589062 site-packages/torch/_dynamo/metrics_context.py:105] [0/0]   File "/usr/local/python3.11.14/lib/python3.11/site-packages/torch/utils/_triton.py", line 135, in cuda_extra_check
[36m(WorkerDict pid=3589062)[0m [rank10]:E0617 11:25:01.258000 3589062 site-packages/torch/_dynamo/metrics_context.py:105] [0/0]     return device_interface.Worker.get_device_properties().major >= 7
[36m(WorkerDict pid=3589062)[0m [rank10]:E0617 11:25:01.258000 3589062 site-packages/torch/_dynamo/metrics_context.py:105] [0/0]            ^^^^^^^^^^^^^^^^^^^^^^^^^^^^^^^^^^^^^^^^^^^^^^^^^^^^^^^^^^
[36m(WorkerDict pid=3589062)[0m [rank10]:E0617 11:25:01.258000 3589062 site-packages/torch/_dynamo/metrics_context.py:105] [0/0] TypeError: '>=' not supported between instances of 'NoneType' and 'int'
[36m(WorkerDict pid=3589054)[0m [rank9]:E0617 11:25:01.336000 3589054 site-packages/torch/_dynamo/metrics_context.py:105] [0/0] Unexpected exception logging compilation metrics
[36m(WorkerDict pid=3589054)[0m [rank9]:E0617 11:25:01.336000 3589054 site-packages/torch/_dynamo/metrics_context.py:105] [0/0] Traceback (most recent call last):
[36m(WorkerDict pid=3589054)[0m [rank9]:E0617 11:25:01.336000 3589054 site-packages/torch/_dynamo/metrics_context.py:105] [0/0]   File "/usr/local/python3.11.14/lib/python3.11/site-packages/torch/_dynamo/metrics_context.py", line 101, in __exit__
[36m(WorkerDict pid=3589054)[0m [rank9]:E0617 11:25:01.336000 3589054 site-packages/torch/_dynamo/metrics_context.py:105] [0/0]     self._on_exit(
[36m(WorkerDict pid=3589054)[0m [rank9]:E0617 11:25:01.336000 3589054 site-packages/torch/_dynamo/metrics_context.py:105] [0/0]   File "/usr/local/python3.11.14/lib/python3.11/site-packages/torch/_dynamo/utils.py", line 1632, in record_compilation_metrics
[36m(WorkerDict pid=3589054)[0m [rank9]:E0617 11:25:01.336000 3589054 site-packages/torch/_dynamo/metrics_context.py:105] [0/0]     "triton_version": triton.__version__ if has_triton() else "",
[36m(WorkerDict pid=3589054)[0m [rank9]:E0617 11:25:01.336000 3589054 site-packages/torch/_dynamo/metrics_context.py:105] [0/0]                                             ^^^^^^^^^^^^
[36m(WorkerDict pid=3589054)[0m [rank9]:E0617 11:25:01.336000 3589054 site-packages/torch/_dynamo/metrics_context.py:105] [0/0]   File "/usr/local/python3.11.14/lib/python3.11/site-packages/torch/utils/_triton.py", line 159, in has_triton
[36m(WorkerDict pid=3589054)[0m [rank9]:E0617 11:25:01.336000 3589054 site-packages/torch/_dynamo/metrics_context.py:105] [0/0]     return is_device_compatible_with_triton()
[36m(WorkerDict pid=3589054)[0m [rank9]:E0617 11:25:01.336000 3589054 site-packages/torch/_dynamo/metrics_context.py:105] [0/0]            ^^^^^^^^^^^^^^^^^^^^^^^^^^^^^^^^^^
[36m(WorkerDict pid=3589054)[0m [rank9]:E0617 11:25:01.336000 3589054 site-packages/torch/_dynamo/metrics_context.py:105] [0/0]   File "/usr/local/python3.11.14/lib/python3.11/site-packages/torch/utils/_triton.py", line 155, in is_device_compatible_with_triton
[36m(WorkerDict pid=3589054)[0m [rank9]:E0617 11:25:01.336000 3589054 site-packages/torch/_dynamo/metrics_context.py:105] [0/0]     if device_interface.is_available() and extra_check(device_interface):
[36m(WorkerDict pid=3589054)[0m [rank9]:E0617 11:25:01.336000 3589054 site-packages/torch/_dynamo/metrics_context.py:105] [0/0]                                            ^^^^^^^^^^^^^^^^^^^^^^^^^^^^^
[36m(WorkerDict pid=3589054)[0m [rank9]:E0617 11:25:01.336000 3589054 site-packages/torch/_dynamo/metrics_context.py:105] [0/0]   File "/usr/local/python3.11.14/lib/python3.11/site-packages/torch/utils/_triton.py", line 135, in cuda_extra_check
[36m(WorkerDict pid=3589054)[0m [rank9]:E0617 11:25:01.336000 3589054 site-packages/torch/_dynamo/metrics_context.py:105] [0/0]     return device_interface.Worker.get_device_properties().major >= 7
[36m(WorkerDict pid=3589054)[0m [rank9]:E0617 11:25:01.336000 3589054 site-packages/torch/_dynamo/metrics_context.py:105] [0/0]            ^^^^^^^^^^^^^^^^^^^^^^^^^^^^^^^^^^^^^^^^^^^^^^^^^^^^^^^^^^
[36m(WorkerDict pid=3589054)[0m [rank9]:E0617 11:25:01.336000 3589054 site-packages/torch/_dynamo/metrics_context.py:105] [0/0] TypeError: '>=' not supported between instances of 'NoneType' and 'int'
[36m(WorkerDict pid=3589056)[0m [rank4]:E0617 11:25:01.338000 3589056 site-packages/torch/_dynamo/metrics_context.py:105] [0/0] Unexpected exception logging compilation metrics
[36m(WorkerDict pid=3589056)[0m [rank4]:E0617 11:25:01.338000 3589056 site-packages/torch/_dynamo/metrics_context.py:105] [0/0] Traceback (most recent call last):
[36m(WorkerDict pid=3589056)[0m [rank4]:E0617 11:25:01.338000 3589056 site-packages/torch/_dynamo/metrics_context.py:105] [0/0]   File "/usr/local/python3.11.14/lib/python3.11/site-packages/torch/_dynamo/metrics_context.py", line 101, in __exit__
[36m(WorkerDict pid=3589056)[0m [rank4]:E0617 11:25:01.338000 3589056 site-packages/torch/_dynamo/metrics_context.py:105] [0/0]     self._on_exit(
[36m(WorkerDict pid=3589056)[0m [rank4]:E0617 11:25:01.338000 3589056 site-packages/torch/_dynamo/metrics_context.py:105] [0/0]   File "/usr/local/python3.11.14/lib/python3.11/site-packages/torch/_dynamo/utils.py", line 1632, in record_compilation_metrics
[36m(WorkerDict pid=3589056)[0m [rank4]:E0617 11:25:01.338000 3589056 site-packages/torch/_dynamo/metrics_context.py:105] [0/0]     "triton_version": triton.__version__ if has_triton() else "",
[36m(WorkerDict pid=3589056)[0m [rank4]:E0617 11:25:01.338000 3589056 site-packages/torch/_dynamo/metrics_context.py:105] [0/0]                                             ^^^^^^^^^^^^
[36m(WorkerDict pid=3589056)[0m [rank4]:E0617 11:25:01.338000 3589056 site-packages/torch/_dynamo/metrics_context.py:105] [0/0]   File "/usr/local/python3.11.14/lib/python3.11/site-packages/torch/utils/_triton.py", line 159, in has_triton
[36m(WorkerDict pid=3589056)[0m [rank4]:E0617 11:25:01.338000 3589056 site-packages/torch/_dynamo/metrics_context.py:105] [0/0]     return is_device_compatible_with_triton()
[36m(WorkerDict pid=3589056)[0m [rank4]:E0617 11:25:01.338000 3589056 site-packages/torch/_dynamo/metrics_context.py:105] [0/0]            ^^^^^^^^^^^^^^^^^^^^^^^^^^^^^^^^^^
[36m(WorkerDict pid=3589056)[0m [rank4]:E0617 11:25:01.338000 3589056 site-packages/torch/_dynamo/metrics_context.py:105] [0/0]   File "/usr/local/python3.11.14/lib/python3.11/site-packages/torch/utils/_triton.py", line 155, in is_device_compatible_with_triton
[36m(WorkerDict pid=3589056)[0m [rank4]:E0617 11:25:01.338000 3589056 site-packages/torch/_dynamo/metrics_context.py:105] [0/0]     if device_interface.is_available() and extra_check(device_interface):
[36m(WorkerDict pid=3589056)[0m [rank4]:E0617 11:25:01.338000 3589056 site-packages/torch/_dynamo/metrics_context.py:105] [0/0]                                            ^^^^^^^^^^^^^^^^^^^^^^^^^^^^^
[36m(WorkerDict pid=3589056)[0m [rank4]:E0617 11:25:01.338000 3589056 site-packages/torch/_dynamo/metrics_context.py:105] [0/0]   File "/usr/local/python3.11.14/lib/python3.11/site-packages/torch/utils/_triton.py", line 135, in cuda_extra_check
[36m(WorkerDict pid=3589056)[0m [rank4]:E0617 11:25:01.338000 3589056 site-packages/torch/_dynamo/metrics_context.py:105] [0/0]     return device_interface.Worker.get_device_properties().major >= 7
[36m(WorkerDict pid=3589056)[0m [rank4]:E0617 11:25:01.338000 3589056 site-packages/torch/_dynamo/metrics_context.py:105] [0/0]            ^^^^^^^^^^^^^^^^^^^^^^^^^^^^^^^^^^^^^^^^^^^^^^^^^^^^^^^^^^
[36m(WorkerDict pid=3589056)[0m [rank4]:E0617 11:25:01.338000 3589056 site-packages/torch/_dynamo/metrics_context.py:105] [0/0] TypeError: '>=' not supported between instances of 'NoneType' and 'int'
[36m(WorkerDict pid=3589063)[0m [rank11]:E0617 11:25:01.334000 3589063 site-packages/torch/_dynamo/metrics_context.py:105] [0/0] Unexpected exception logging compilation metrics
[36m(WorkerDict pid=3589063)[0m [rank11]:E0617 11:25:01.334000 3589063 site-packages/torch/_dynamo/metrics_context.py:105] [0/0] Traceback (most recent call last):
[36m(WorkerDict pid=3589063)[0m [rank11]:E0617 11:25:01.334000 3589063 site-packages/torch/_dynamo/metrics_context.py:105] [0/0]   File "/usr/local/python3.11.14/lib/python3.11/site-packages/torch/_dynamo/metrics_context.py", line 101, in __exit__
[36m(WorkerDict pid=3589063)[0m [rank11]:E0617 11:25:01.334000 3589063 site-packages/torch/_dynamo/metrics_context.py:105] [0/0]     self._on_exit(
[36m(WorkerDict pid=3589063)[0m [rank11]:E0617 11:25:01.334000 3589063 site-packages/torch/_dynamo/metrics_context.py:105] [0/0]   File "/usr/local/python3.11.14/lib/python3.11/site-packages/torch/_dynamo/utils.py", line 1632, in record_compilation_metrics
[36m(WorkerDict pid=3589063)[0m [rank11]:E0617 11:25:01.334000 3589063 site-packages/torch/_dynamo/metrics_context.py:105] [0/0]     "triton_version": triton.__version__ if has_triton() else "",
[36m(WorkerDict pid=3589063)[0m [rank11]:E0617 11:25:01.334000 3589063 site-packages/torch/_dynamo/metrics_context.py:105] [0/0]                                             ^^^^^^^^^^^^
[36m(WorkerDict pid=3589063)[0m [rank11]:E0617 11:25:01.334000 3589063 site-packages/torch/_dynamo/metrics_context.py:105] [0/0]   File "/usr/local/python3.11.14/lib/python3.11/site-packages/torch/utils/_triton.py", line 159, in has_triton
[36m(WorkerDict pid=3589063)[0m [rank11]:E0617 11:25:01.334000 3589063 site-packages/torch/_dynamo/metrics_context.py:105] [0/0]     return is_device_compatible_with_triton()
[36m(WorkerDict pid=3589063)[0m [rank11]:E0617 11:25:01.334000 3589063 site-packages/torch/_dynamo/metrics_context.py:105] [0/0]            ^^^^^^^^^^^^^^^^^^^^^^^^^^^^^^^^^^
[36m(WorkerDict pid=3589063)[0m [rank11]:E0617 11:25:01.334000 3589063 site-packages/torch/_dynamo/metrics_context.py:105] [0/0]   File "/usr/local/python3.11.14/lib/python3.11/site-packages/torch/utils/_triton.py", line 155, in is_device_compatible_with_triton
[36m(WorkerDict pid=3589063)[0m [rank11]:E0617 11:25:01.334000 3589063 site-packages/torch/_dynamo/metrics_context.py:105] [0/0]     if device_interface.is_available() and extra_check(device_interface):
[36m(WorkerDict pid=3589063)[0m [rank11]:E0617 11:25:01.334000 3589063 site-packages/torch/_dynamo/metrics_context.py:105] [0/0]                                            ^^^^^^^^^^^^^^^^^^^^^^^^^^^^^
[36m(WorkerDict pid=3589063)[0m [rank11]:E0617 11:25:01.334000 3589063 site-packages/torch/_dynamo/metrics_context.py:105] [0/0]   File "/usr/local/python3.11.14/lib/python3.11/site-packages/torch/utils/_triton.py", line 135, in cuda_extra_check
[36m(WorkerDict pid=3589063)[0m [rank11]:E0617 11:25:01.334000 3589063 site-packages/torch/_dynamo/metrics_context.py:105] [0/0]     return device_interface.Worker.get_device_properties().major >= 7
[36m(WorkerDict pid=3589063)[0m [rank11]:E0617 11:25:01.334000 3589063 site-packages/torch/_dynamo/metrics_context.py:105] [0/0]            ^^^^^^^^^^^^^^^^^^^^^^^^^^^^^^^^^^^^^^^^^^^^^^^^^^^^^^^^^^
[36m(WorkerDict pid=3589063)[0m [rank11]:E0617 11:25:01.334000 3589063 site-packages/torch/_dynamo/metrics_context.py:105] [0/0] TypeError: '>=' not supported between instances of 'NoneType' and 'int'
[36m(WorkerDict pid=3589064)[0m [rank15]:E0617 11:25:01.335000 3589064 site-packages/torch/_dynamo/metrics_context.py:105] [0/0] Unexpected exception logging compilation metrics
[36m(WorkerDict pid=3589064)[0m [rank15]:E0617 11:25:01.335000 3589064 site-packages/torch/_dynamo/metrics_context.py:105] [0/0] Traceback (most recent call last):
[36m(WorkerDict pid=3589064)[0m [rank15]:E0617 11:25:01.335000 3589064 site-packages/torch/_dynamo/metrics_context.py:105] [0/0]   File "/usr/local/python3.11.14/lib/python3.11/site-packages/torch/_dynamo/metrics_context.py", line 101, in __exit__
[36m(WorkerDict pid=3589064)[0m [rank15]:E0617 11:25:01.335000 3589064 site-packages/torch/_dynamo/metrics_context.py:105] [0/0]     self._on_exit(
[36m(WorkerDict pid=3589064)[0m [rank15]:E0617 11:25:01.335000 3589064 site-packages/torch/_dynamo/metrics_context.py:105] [0/0]   File "/usr/local/python3.11.14/lib/python3.11/site-packages/torch/_dynamo/utils.py", line 1632, in record_compilation_metrics
[36m(WorkerDict pid=3589064)[0m [rank15]:E0617 11:25:01.335000 3589064 site-packages/torch/_dynamo/metrics_context.py:105] [0/0]     "triton_version": triton.__version__ if has_triton() else "",
[36m(WorkerDict pid=3589064)[0m [rank15]:E0617 11:25:01.335000 3589064 site-packages/torch/_dynamo/metrics_context.py:105] [0/0]                                             ^^^^^^^^^^^^
[36m(WorkerDict pid=3589064)[0m [rank15]:E0617 11:25:01.335000 3589064 site-packages/torch/_dynamo/metrics_context.py:105] [0/0]   File "/usr/local/python3.11.14/lib/python3.11/site-packages/torch/utils/_triton.py", line 159, in has_triton
[36m(WorkerDict pid=3589064)[0m [rank15]:E0617 11:25:01.335000 3589064 site-packages/torch/_dynamo/metrics_context.py:105] [0/0]     return is_device_compatible_with_triton()
[36m(WorkerDict pid=3589064)[0m [rank15]:E0617 11:25:01.335000 3589064 site-packages/torch/_dynamo/metrics_context.py:105] [0/0]            ^^^^^^^^^^^^^^^^^^^^^^^^^^^^^^^^^^
[36m(WorkerDict pid=3589064)[0m [rank15]:E0617 11:25:01.335000 3589064 site-packages/torch/_dynamo/metrics_context.py:105] [0/0]   File "/usr/local/python3.11.14/lib/python3.11/site-packages/torch/utils/_triton.py", line 155, in is_device_compatible_with_triton
[36m(WorkerDict pid=3589064)[0m [rank15]:E0617 11:25:01.335000 3589064 site-packages/torch/_dynamo/metrics_context.py:105] [0/0]     if device_interface.is_available() and extra_check(device_interface):
[36m(WorkerDict pid=3589064)[0m [rank15]:E0617 11:25:01.335000 3589064 site-packages/torch/_dynamo/metrics_context.py:105] [0/0]                                            ^^^^^^^^^^^^^^^^^^^^^^^^^^^^^
[36m(WorkerDict pid=3589064)[0m [rank15]:E0617 11:25:01.335000 3589064 site-packages/torch/_dynamo/metrics_context.py:105] [0/0]   File "/usr/local/python3.11.14/lib/python3.11/site-packages/torch/utils/_triton.py", line 135, in cuda_extra_check
[36m(WorkerDict pid=3589064)[0m [rank15]:E0617 11:25:01.335000 3589064 site-packages/torch/_dynamo/metrics_context.py:105] [0/0]     return device_interface.Worker.get_device_properties().major >= 7
[36m(WorkerDict pid=3589064)[0m [rank15]:E0617 11:25:01.335000 3589064 site-packages/torch/_dynamo/metrics_context.py:105] [0/0]            ^^^^^^^^^^^^^^^^^^^^^^^^^^^^^^^^^^^^^^^^^^^^^^^^^^^^^^^^^^
[36m(WorkerDict pid=3589064)[0m [rank15]:E0617 11:25:01.335000 3589064 site-packages/torch/_dynamo/metrics_context.py:105] [0/0] TypeError: '>=' not supported between instances of 'NoneType' and 'int'
[36m(WorkerDict pid=3589065)[0m [rank14]:E0617 11:25:01.347000 3589065 site-packages/torch/_dynamo/metrics_context.py:105] [0/0] Unexpected exception logging compilation metrics
[36m(WorkerDict pid=3589065)[0m [rank14]:E0617 11:25:01.347000 3589065 site-packages/torch/_dynamo/metrics_context.py:105] [0/0] Traceback (most recent call last):
[36m(WorkerDict pid=3589065)[0m [rank14]:E0617 11:25:01.347000 3589065 site-packages/torch/_dynamo/metrics_context.py:105] [0/0]   File "/usr/local/python3.11.14/lib/python3.11/site-packages/torch/_dynamo/metrics_context.py", line 101, in __exit__
[36m(WorkerDict pid=3589065)[0m [rank14]:E0617 11:25:01.347000 3589065 site-packages/torch/_dynamo/metrics_context.py:105] [0/0]     self._on_exit(
[36m(WorkerDict pid=3589065)[0m [rank14]:E0617 11:25:01.347000 3589065 site-packages/torch/_dynamo/metrics_context.py:105] [0/0]   File "/usr/local/python3.11.14/lib/python3.11/site-packages/torch/_dynamo/utils.py", line 1632, in record_compilation_metrics
[36m(WorkerDict pid=3589065)[0m [rank14]:E0617 11:25:01.347000 3589065 site-packages/torch/_dynamo/metrics_context.py:105] [0/0]     "triton_version": triton.__version__ if has_triton() else "",
[36m(WorkerDict pid=3589065)[0m [rank14]:E0617 11:25:01.347000 3589065 site-packages/torch/_dynamo/metrics_context.py:105] [0/0]                                             ^^^^^^^^^^^^
[36m(WorkerDict pid=3589065)[0m [rank14]:E0617 11:25:01.347000 3589065 site-packages/torch/_dynamo/metrics_context.py:105] [0/0]   File "/usr/local/python3.11.14/lib/python3.11/site-packages/torch/utils/_triton.py", line 159, in has_triton
[36m(WorkerDict pid=3589065)[0m [rank14]:E0617 11:25:01.347000 3589065 site-packages/torch/_dynamo/metrics_context.py:105] [0/0]     return is_device_compatible_with_triton()
[36m(WorkerDict pid=3589065)[0m [rank14]:E0617 11:25:01.347000 3589065 site-packages/torch/_dynamo/metrics_context.py:105] [0/0]            ^^^^^^^^^^^^^^^^^^^^^^^^^^^^^^^^^^
[36m(WorkerDict pid=3589065)[0m [rank14]:E0617 11:25:01.347000 3589065 site-packages/torch/_dynamo/metrics_context.py:105] [0/0]   File "/usr/local/python3.11.14/lib/python3.11/site-packages/torch/utils/_triton.py", line 155, in is_device_compatible_with_triton
[36m(WorkerDict pid=3589065)[0m [rank14]:E0617 11:25:01.347000 3589065 site-packages/torch/_dynamo/metrics_context.py:105] [0/0]     if device_interface.is_available() and extra_check(device_interface):
[36m(WorkerDict pid=3589065)[0m [rank14]:E0617 11:25:01.347000 3589065 site-packages/torch/_dynamo/metrics_context.py:105] [0/0]                                            ^^^^^^^^^^^^^^^^^^^^^^^^^^^^^
[36m(WorkerDict pid=3589065)[0m [rank14]:E0617 11:25:01.347000 3589065 site-packages/torch/_dynamo/metrics_context.py:105] [0/0]   File "/usr/local/python3.11.14/lib/python3.11/site-packages/torch/utils/_triton.py", line 135, in cuda_extra_check
[36m(WorkerDict pid=3589065)[0m [rank14]:E0617 11:25:01.347000 3589065 site-packages/torch/_dynamo/metrics_context.py:105] [0/0]     return device_interface.Worker.get_device_properties().major >= 7
[36m(WorkerDict pid=3589065)[0m [rank14]:E0617 11:25:01.347000 3589065 site-packages/torch/_dynamo/metrics_context.py:105] [0/0]            ^^^^^^^^^^^^^^^^^^^^^^^^^^^^^^^^^^^^^^^^^^^^^^^^^^^^^^^^^^
[36m(WorkerDict pid=3589065)[0m [rank14]:E0617 11:25:01.347000 3589065 site-packages/torch/_dynamo/metrics_context.py:105] [0/0] TypeError: '>=' not supported between instances of 'NoneType' and 'int'
[36m(WorkerDict pid=3589059)[0m [rank7]:E0617 11:25:01.341000 3589059 site-packages/torch/_dynamo/metrics_context.py:105] [0/0] Unexpected exception logging compilation metrics
[36m(WorkerDict pid=3589059)[0m [rank7]:E0617 11:25:01.341000 3589059 site-packages/torch/_dynamo/metrics_context.py:105] [0/0] Traceback (most recent call last):
[36m(WorkerDict pid=3589059)[0m [rank7]:E0617 11:25:01.341000 3589059 site-packages/torch/_dynamo/metrics_context.py:105] [0/0]   File "/usr/local/python3.11.14/lib/python3.11/site-packages/torch/_dynamo/metrics_context.py", line 101, in __exit__
[36m(WorkerDict pid=3589059)[0m [rank7]:E0617 11:25:01.341000 3589059 site-packages/torch/_dynamo/metrics_context.py:105] [0/0]     self._on_exit(
[36m(WorkerDict pid=3589059)[0m [rank7]:E0617 11:25:01.341000 3589059 site-packages/torch/_dynamo/metrics_context.py:105] [0/0]   File "/usr/local/python3.11.14/lib/python3.11/site-packages/torch/_dynamo/utils.py", line 1632, in record_compilation_metrics
[36m(WorkerDict pid=3589059)[0m [rank7]:E0617 11:25:01.341000 3589059 site-packages/torch/_dynamo/metrics_context.py:105] [0/0]     "triton_version": triton.__version__ if has_triton() else "",
[36m(WorkerDict pid=3589059)[0m [rank7]:E0617 11:25:01.341000 3589059 site-packages/torch/_dynamo/metrics_context.py:105] [0/0]                                             ^^^^^^^^^^^^
[36m(WorkerDict pid=3589059)[0m [rank7]:E0617 11:25:01.341000 3589059 site-packages/torch/_dynamo/metrics_context.py:105] [0/0]   File "/usr/local/python3.11.14/lib/python3.11/site-packages/torch/utils/_triton.py", line 159, in has_triton
[36m(WorkerDict pid=3589059)[0m [rank7]:E0617 11:25:01.341000 3589059 site-packages/torch/_dynamo/metrics_context.py:105] [0/0]     return is_device_compatible_with_triton()
[36m(WorkerDict pid=3589059)[0m [rank7]:E0617 11:25:01.341000 3589059 site-packages/torch/_dynamo/metrics_context.py:105] [0/0]            ^^^^^^^^^^^^^^^^^^^^^^^^^^^^^^^^^^
[36m(WorkerDict pid=3589059)[0m [rank7]:E0617 11:25:01.341000 3589059 site-packages/torch/_dynamo/metrics_context.py:105] [0/0]   File "/usr/local/python3.11.14/lib/python3.11/site-packages/torch/utils/_triton.py", line 155, in is_device_compatible_with_triton
[36m(WorkerDict pid=3589059)[0m [rank7]:E0617 11:25:01.341000 3589059 site-packages/torch/_dynamo/metrics_context.py:105] [0/0]     if device_interface.is_available() and extra_check(device_interface):
[36m(WorkerDict pid=3589059)[0m [rank7]:E0617 11:25:01.341000 3589059 site-packages/torch/_dynamo/metrics_context.py:105] [0/0]                                            ^^^^^^^^^^^^^^^^^^^^^^^^^^^^^
[36m(WorkerDict pid=3589059)[0m [rank7]:E0617 11:25:01.341000 3589059 site-packages/torch/_dynamo/metrics_context.py:105] [0/0]   File "/usr/local/python3.11.14/lib/python3.11/site-packages/torch/utils/_triton.py", line 135, in cuda_extra_check
[36m(WorkerDict pid=3589059)[0m [rank7]:E0617 11:25:01.341000 3589059 site-packages/torch/_dynamo/metrics_context.py:105] [0/0]     return device_interface.Worker.get_device_properties().major >= 7
[36m(WorkerDict pid=3589059)[0m [rank7]:E0617 11:25:01.341000 3589059 site-packages/torch/_dynamo/metrics_context.py:105] [0/0]            ^^^^^^^^^^^^^^^^^^^^^^^^^^^^^^^^^^^^^^^^^^^^^^^^^^^^^^^^^^
[36m(WorkerDict pid=3589059)[0m [rank7]:E0617 11:25:01.341000 3589059 site-packages/torch/_dynamo/metrics_context.py:105] [0/0] TypeError: '>=' not supported between instances of 'NoneType' and 'int'
[36m(WorkerDict pid=3589057)[0m [rank5]:E0617 11:25:01.357000 3589057 site-packages/torch/_dynamo/metrics_context.py:105] [0/0] Unexpected exception logging compilation metrics
[36m(WorkerDict pid=3589057)[0m [rank5]:E0617 11:25:01.357000 3589057 site-packages/torch/_dynamo/metrics_context.py:105] [0/0] Traceback (most recent call last):
[36m(WorkerDict pid=3589057)[0m [rank5]:E0617 11:25:01.357000 3589057 site-packages/torch/_dynamo/metrics_context.py:105] [0/0]   File "/usr/local/python3.11.14/lib/python3.11/site-packages/torch/_dynamo/metrics_context.py", line 101, in __exit__
[36m(WorkerDict pid=3589057)[0m [rank5]:E0617 11:25:01.357000 3589057 site-packages/torch/_dynamo/metrics_context.py:105] [0/0]     self._on_exit(
[36m(WorkerDict pid=3589057)[0m [rank5]:E0617 11:25:01.357000 3589057 site-packages/torch/_dynamo/metrics_context.py:105] [0/0]   File "/usr/local/python3.11.14/lib/python3.11/site-packages/torch/_dynamo/utils.py", line 1632, in record_compilation_metrics
[36m(WorkerDict pid=3589057)[0m [rank5]:E0617 11:25:01.357000 3589057 site-packages/torch/_dynamo/metrics_context.py:105] [0/0]     "triton_version": triton.__version__ if has_triton() else "",
[36m(WorkerDict pid=3589057)[0m [rank5]:E0617 11:25:01.357000 3589057 site-packages/torch/_dynamo/metrics_context.py:105] [0/0]                                             ^^^^^^^^^^^^
[36m(WorkerDict pid=3589057)[0m [rank5]:E0617 11:25:01.357000 3589057 site-packages/torch/_dynamo/metrics_context.py:105] [0/0]   File "/usr/local/python3.11.14/lib/python3.11/site-packages/torch/utils/_triton.py", line 159, in has_triton
[36m(WorkerDict pid=3589057)[0m [rank5]:E0617 11:25:01.357000 3589057 site-packages/torch/_dynamo/metrics_context.py:105] [0/0]     return is_device_compatible_with_triton()
[36m(WorkerDict pid=3589057)[0m [rank5]:E0617 11:25:01.357000 3589057 site-packages/torch/_dynamo/metrics_context.py:105] [0/0]            ^^^^^^^^^^^^^^^^^^^^^^^^^^^^^^^^^^
[36m(WorkerDict pid=3589057)[0m [rank5]:E0617 11:25:01.357000 3589057 site-packages/torch/_dynamo/metrics_context.py:105] [0/0]   File "/usr/local/python3.11.14/lib/python3.11/site-packages/torch/utils/_triton.py", line 155, in is_device_compatible_with_triton
[36m(WorkerDict pid=3589057)[0m [rank5]:E0617 11:25:01.357000 3589057 site-packages/torch/_dynamo/metrics_context.py:105] [0/0]     if device_interface.is_available() and extra_check(device_interface):
[36m(WorkerDict pid=3589057)[0m [rank5]:E0617 11:25:01.357000 3589057 site-packages/torch/_dynamo/metrics_context.py:105] [0/0]                                            ^^^^^^^^^^^^^^^^^^^^^^^^^^^^^
[36m(WorkerDict pid=3589057)[0m [rank5]:E0617 11:25:01.357000 3589057 site-packages/torch/_dynamo/metrics_context.py:105] [0/0]   File "/usr/local/python3.11.14/lib/python3.11/site-packages/torch/utils/_triton.py", line 135, in cuda_extra_check
[36m(WorkerDict pid=3589057)[0m [rank5]:E0617 11:25:01.357000 3589057 site-packages/torch/_dynamo/metrics_context.py:105] [0/0]     return device_interface.Worker.get_device_properties().major >= 7
[36m(WorkerDict pid=3589057)[0m [rank5]:E0617 11:25:01.357000 3589057 site-packages/torch/_dynamo/metrics_context.py:105] [0/0]            ^^^^^^^^^^^^^^^^^^^^^^^^^^^^^^^^^^^^^^^^^^^^^^^^^^^^^^^^^^
[36m(WorkerDict pid=3589057)[0m [rank5]:E0617 11:25:01.357000 3589057 site-packages/torch/_dynamo/metrics_context.py:105] [0/0] TypeError: '>=' not supported between instances of 'NoneType' and 'int'
[36m(WorkerDict pid=3589051)[0m [rank0]:E0617 11:25:01.398000 3589051 site-packages/torch/_dynamo/metrics_context.py:105] [0/0] Unexpected exception logging compilation metrics
[36m(WorkerDict pid=3589051)[0m [rank0]:E0617 11:25:01.398000 3589051 site-packages/torch/_dynamo/metrics_context.py:105] [0/0] Traceback (most recent call last):
[36m(WorkerDict pid=3589051)[0m [rank0]:E0617 11:25:01.398000 3589051 site-packages/torch/_dynamo/metrics_context.py:105] [0/0]   File "/usr/local/python3.11.14/lib/python3.11/site-packages/torch/_dynamo/metrics_context.py", line 101, in __exit__
[36m(WorkerDict pid=3589051)[0m [rank0]:E0617 11:25:01.398000 3589051 site-packages/torch/_dynamo/metrics_context.py:105] [0/0]     self._on_exit(
[36m(WorkerDict pid=3589051)[0m [rank0]:E0617 11:25:01.398000 3589051 site-packages/torch/_dynamo/metrics_context.py:105] [0/0]   File "/usr/local/python3.11.14/lib/python3.11/site-packages/torch/_dynamo/utils.py", line 1632, in record_compilation_metrics
[36m(WorkerDict pid=3589051)[0m [rank0]:E0617 11:25:01.398000 3589051 site-packages/torch/_dynamo/metrics_context.py:105] [0/0]     "triton_version": triton.__version__ if has_triton() else "",
[36m(WorkerDict pid=3589051)[0m [rank0]:E0617 11:25:01.398000 3589051 site-packages/torch/_dynamo/metrics_context.py:105] [0/0]                                             ^^^^^^^^^^^^
[36m(WorkerDict pid=3589051)[0m [rank0]:E0617 11:25:01.398000 3589051 site-packages/torch/_dynamo/metrics_context.py:105] [0/0]   File "/usr/local/python3.11.14/lib/python3.11/site-packages/torch/utils/_triton.py", line 159, in has_triton
[36m(WorkerDict pid=3589051)[0m [rank0]:E0617 11:25:01.398000 3589051 site-packages/torch/_dynamo/metrics_context.py:105] [0/0]     return is_device_compatible_with_triton()
[36m(WorkerDict pid=3589051)[0m [rank0]:E0617 11:25:01.398000 3589051 site-packages/torch/_dynamo/metrics_context.py:105] [0/0]            ^^^^^^^^^^^^^^^^^^^^^^^^^^^^^^^^^^
[36m(WorkerDict pid=3589051)[0m [rank0]:E0617 11:25:01.398000 3589051 site-packages/torch/_dynamo/metrics_context.py:105] [0/0]   File "/usr/local/python3.11.14/lib/python3.11/site-packages/torch/utils/_triton.py", line 155, in is_device_compatible_with_triton
[36m(WorkerDict pid=3589051)[0m [rank0]:E0617 11:25:01.398000 3589051 site-packages/torch/_dynamo/metrics_context.py:105] [0/0]     if device_interface.is_available() and extra_check(device_interface):
[36m(WorkerDict pid=3589051)[0m [rank0]:E0617 11:25:01.398000 3589051 site-packages/torch/_dynamo/metrics_context.py:105] [0/0]                                            ^^^^^^^^^^^^^^^^^^^^^^^^^^^^^
[36m(WorkerDict pid=3589051)[0m [rank0]:E0617 11:25:01.398000 3589051 site-packages/torch/_dynamo/metrics_context.py:105] [0/0]   File "/usr/local/python3.11.14/lib/python3.11/site-packages/torch/utils/_triton.py", line 135, in cuda_extra_check
[36m(WorkerDict pid=3589051)[0m [rank0]:E0617 11:25:01.398000 3589051 site-packages/torch/_dynamo/metrics_context.py:105] [0/0]     return device_interface.Worker.get_device_properties().major >= 7
[36m(WorkerDict pid=3589051)[0m [rank0]:E0617 11:25:01.398000 3589051 site-packages/torch/_dynamo/metrics_context.py:105] [0/0]            ^^^^^^^^^^^^^^^^^^^^^^^^^^^^^^^^^^^^^^^^^^^^^^^^^^^^^^^^^^
[36m(WorkerDict pid=3589051)[0m [rank0]:E0617 11:25:01.398000 3589051 site-packages/torch/_dynamo/metrics_context.py:105] [0/0] TypeError: '>=' not supported between instances of 'NoneType' and 'int'
[36m(WorkerDict pid=3589058)[0m [rank6]:E0617 11:25:01.377000 3589058 site-packages/torch/_dynamo/metrics_context.py:105] [0/0] Unexpected exception logging compilation metrics
[36m(WorkerDict pid=3589058)[0m [rank6]:E0617 11:25:01.377000 3589058 site-packages/torch/_dynamo/metrics_context.py:105] [0/0] Traceback (most recent call last):
[36m(WorkerDict pid=3589058)[0m [rank6]:E0617 11:25:01.377000 3589058 site-packages/torch/_dynamo/metrics_context.py:105] [0/0]   File "/usr/local/python3.11.14/lib/python3.11/site-packages/torch/_dynamo/metrics_context.py", line 101, in __exit__
[36m(WorkerDict pid=3589058)[0m [rank6]:E0617 11:25:01.377000 3589058 site-packages/torch/_dynamo/metrics_context.py:105] [0/0]     self._on_exit(
[36m(WorkerDict pid=3589058)[0m [rank6]:E0617 11:25:01.377000 3589058 site-packages/torch/_dynamo/metrics_context.py:105] [0/0]   File "/usr/local/python3.11.14/lib/python3.11/site-packages/torch/_dynamo/utils.py", line 1632, in record_compilation_metrics
[36m(WorkerDict pid=3589058)[0m [rank6]:E0617 11:25:01.377000 3589058 site-packages/torch/_dynamo/metrics_context.py:105] [0/0]     "triton_version": triton.__version__ if has_triton() else "",
[36m(WorkerDict pid=3589058)[0m [rank6]:E0617 11:25:01.377000 3589058 site-packages/torch/_dynamo/metrics_context.py:105] [0/0]                                             ^^^^^^^^^^^^
[36m(WorkerDict pid=3589058)[0m [rank6]:E0617 11:25:01.377000 3589058 site-packages/torch/_dynamo/metrics_context.py:105] [0/0]   File "/usr/local/python3.11.14/lib/python3.11/site-packages/torch/utils/_triton.py", line 159, in has_triton
[36m(WorkerDict pid=3589058)[0m [rank6]:E0617 11:25:01.377000 3589058 site-packages/torch/_dynamo/metrics_context.py:105] [0/0]     return is_device_compatible_with_triton()
[36m(WorkerDict pid=3589058)[0m [rank6]:E0617 11:25:01.377000 3589058 site-packages/torch/_dynamo/metrics_context.py:105] [0/0]            ^^^^^^^^^^^^^^^^^^^^^^^^^^^^^^^^^^
[36m(WorkerDict pid=3589058)[0m [rank6]:E0617 11:25:01.377000 3589058 site-packages/torch/_dynamo/metrics_context.py:105] [0/0]   File "/usr/local/python3.11.14/lib/python3.11/site-packages/torch/utils/_triton.py", line 155, in is_device_compatible_with_triton
[36m(WorkerDict pid=3589058)[0m [rank6]:E0617 11:25:01.377000 3589058 site-packages/torch/_dynamo/metrics_context.py:105] [0/0]     if device_interface.is_available() and extra_check(device_interface):
[36m(WorkerDict pid=3589058)[0m [rank6]:E0617 11:25:01.377000 3589058 site-packages/torch/_dynamo/metrics_context.py:105] [0/0]                                            ^^^^^^^^^^^^^^^^^^^^^^^^^^^^^
[36m(WorkerDict pid=3589058)[0m [rank6]:E0617 11:25:01.377000 3589058 site-packages/torch/_dynamo/metrics_context.py:105] [0/0]   File "/usr/local/python3.11.14/lib/python3.11/site-packages/torch/utils/_triton.py", line 135, in cuda_extra_check
[36m(WorkerDict pid=3589058)[0m [rank6]:E0617 11:25:01.377000 3589058 site-packages/torch/_dynamo/metrics_context.py:105] [0/0]     return device_interface.Worker.get_device_properties().major >= 7
[36m(WorkerDict pid=3589058)[0m [rank6]:E0617 11:25:01.377000 3589058 site-packages/torch/_dynamo/metrics_context.py:105] [0/0]            ^^^^^^^^^^^^^^^^^^^^^^^^^^^^^^^^^^^^^^^^^^^^^^^^^^^^^^^^^^
[36m(WorkerDict pid=3589058)[0m [rank6]:E0617 11:25:01.377000 3589058 site-packages/torch/_dynamo/metrics_context.py:105] [0/0] TypeError: '>=' not supported between instances of 'NoneType' and 'int'
[36m(WorkerDict pid=3589063)[0m [rank11]:E0617 11:25:04.372000 3589063 site-packages/torch/_dynamo/metrics_context.py:105] [0/1] Unexpected exception logging compilation metrics
[36m(WorkerDict pid=3589063)[0m [rank11]:E0617 11:25:04.372000 3589063 site-packages/torch/_dynamo/metrics_context.py:105] [0/1] Traceback (most recent call last):
[36m(WorkerDict pid=3589063)[0m [rank11]:E0617 11:25:04.372000 3589063 site-packages/torch/_dynamo/metrics_context.py:105] [0/1]   File "/usr/local/python3.11.14/lib/python3.11/site-packages/torch/_dynamo/metrics_context.py", line 101, in __exit__
[36m(WorkerDict pid=3589063)[0m [rank11]:E0617 11:25:04.372000 3589063 site-packages/torch/_dynamo/metrics_context.py:105] [0/1]     self._on_exit(
[36m(WorkerDict pid=3589063)[0m [rank11]:E0617 11:25:04.372000 3589063 site-packages/torch/_dynamo/metrics_context.py:105] [0/1]   File "/usr/local/python3.11.14/lib/python3.11/site-packages/torch/_dynamo/utils.py", line 1632, in record_compilation_metrics
[36m(WorkerDict pid=3589063)[0m [rank11]:E0617 11:25:04.372000 3589063 site-packages/torch/_dynamo/metrics_context.py:105] [0/1]     "triton_version": triton.__version__ if has_triton() else "",
[36m(WorkerDict pid=3589063)[0m [rank11]:E0617 11:25:04.372000 3589063 site-packages/torch/_dynamo/metrics_context.py:105] [0/1]                                             ^^^^^^^^^^^^
[36m(WorkerDict pid=3589063)[0m [rank11]:E0617 11:25:04.372000 3589063 site-packages/torch/_dynamo/metrics_context.py:105] [0/1]   File "/usr/local/python3.11.14/lib/python3.11/site-packages/torch/utils/_triton.py", line 159, in has_triton
[36m(WorkerDict pid=3589063)[0m [rank11]:E0617 11:25:04.372000 3589063 site-packages/torch/_dynamo/metrics_context.py:105] [0/1]     return is_device_compatible_with_triton()
[36m(WorkerDict pid=3589063)[0m [rank11]:E0617 11:25:04.372000 3589063 site-packages/torch/_dynamo/metrics_context.py:105] [0/1]            ^^^^^^^^^^^^^^^^^^^^^^^^^^^^^^^^^^
[36m(WorkerDict pid=3589063)[0m [rank11]:E0617 11:25:04.372000 3589063 site-packages/torch/_dynamo/metrics_context.py:105] [0/1]   File "/usr/local/python3.11.14/lib/python3.11/site-packages/torch/utils/_triton.py", line 155, in is_device_compatible_with_triton
[36m(WorkerDict pid=3589063)[0m [rank11]:E0617 11:25:04.372000 3589063 site-packages/torch/_dynamo/metrics_context.py:105] [0/1]     if device_interface.is_available() and extra_check(device_interface):
[36m(WorkerDict pid=3589063)[0m [rank11]:E0617 11:25:04.372000 3589063 site-packages/torch/_dynamo/metrics_context.py:105] [0/1]                                            ^^^^^^^^^^^^^^^^^^^^^^^^^^^^^
[36m(WorkerDict pid=3589063)[0m [rank11]:E0617 11:25:04.372000 3589063 site-packages/torch/_dynamo/metrics_context.py:105] [0/1]   File "/usr/local/python3.11.14/lib/python3.11/site-packages/torch/utils/_triton.py", line 135, in cuda_extra_check
[36m(WorkerDict pid=3589063)[0m [rank11]:E0617 11:25:04.372000 3589063 site-packages/torch/_dynamo/metrics_context.py:105] [0/1]     return device_interface.Worker.get_device_properties().major >= 7
[36m(WorkerDict pid=3589063)[0m [rank11]:E0617 11:25:04.372000 3589063 site-packages/torch/_dynamo/metrics_context.py:105] [0/1]            ^^^^^^^^^^^^^^^^^^^^^^^^^^^^^^^^^^^^^^^^^^^^^^^^^^^^^^^^^^
[36m(WorkerDict pid=3589063)[0m [rank11]:E0617 11:25:04.372000 3589063 site-packages/torch/_dynamo/metrics_context.py:105] [0/1] TypeError: '>=' not supported between instances of 'NoneType' and 'int'
[36m(WorkerDict pid=3589051)[0m Processed prompts:   3%|▎         | 1/32 [00:31<16:25, 31.78s/it, est. speed input: 1.26 toks/s, output: 8.05 toks/s]Processed prompts: 100%|██████████| 32/32 [00:31<00:00, 31.78s/it, est. speed input: 46.82 toks/s, output: 257.74 toks/s]
[36m(WorkerDict pid=3589058)[0m Processed prompts:   3%|▎         | 1/32 [00:31<16:31, 32.00s/it, est. speed input: 2.16 toks/s, output: 8.00 toks/s]Processed prompts: 100%|██████████| 32/32 [00:31<00:00, 32.00s/it, est. speed input: 51.00 toks/s, output: 256.01 toks/s]
[36m(WorkerDict pid=3589057)[0m Processed prompts:   3%|▎         | 1/32 [00:31<16:29, 31.93s/it, est. speed input: 1.47 toks/s, output: 8.02 toks/s]Processed prompts: 100%|██████████| 32/32 [00:31<00:00, 31.93s/it, est. speed input: 70.65 toks/s, output: 256.56 toks/s]
[36m(WorkerDict pid=3589053)[0m Processed prompts:   3%|▎         | 1/32 [00:32<16:48, 32.54s/it, est. speed input: 2.74 toks/s, output: 7.87 toks/s]Processed prompts: 100%|██████████| 32/32 [00:32<00:00, 32.54s/it, est. speed input: 89.00 toks/s, output: 251.76 toks/s]
[36m(WorkerDict pid=3589055)[0m Processed prompts:   3%|▎         | 1/32 [00:33<17:05, 33.08s/it, est. speed input: 3.42 toks/s, output: 7.74 toks/s]Processed prompts: 100%|██████████| 32/32 [00:33<00:00, 33.08s/it, est. speed input: 77.88 toks/s, output: 247.67 toks/s]
[36m(WorkerDict pid=3589052)[0m Processed prompts:   3%|▎         | 1/32 [00:31<16:17, 31.54s/it, est. speed input: 2.73 toks/s, output: 8.12 toks/s]Processed prompts: 100%|██████████| 32/32 [00:31<00:00, 31.54s/it, est. speed input: 61.38 toks/s, output: 259.70 toks/s]
[36m(WorkerDict pid=3589056)[0m Processed prompts:   3%|▎         | 1/32 [00:32<16:55, 32.77s/it, est. speed input: 1.22 toks/s, output: 7.81 toks/s]Processed prompts: 100%|██████████| 32/32 [00:32<00:00, 32.77s/it, est. speed input: 53.70 toks/s, output: 249.97 toks/s]
[36m(WorkerDict pid=3589059)[0m Processed prompts:   3%|▎         | 1/32 [00:32<17:02, 32.99s/it, est. speed input: 2.30 toks/s, output: 7.76 toks/s]Processed prompts: 100%|██████████| 32/32 [00:32<00:00, 32.99s/it, est. speed input: 66.44 toks/s, output: 248.32 toks/s]
[36m(WorkerDict pid=3589053)[0m Processed prompts: 100%|██████████| 32/32 [00:42<00:00,  1.32s/it, est. speed input: 89.00 toks/s, output: 251.76 toks/s]
[36m(WorkerDict pid=3589058)[0m Processed prompts: 100%|██████████| 32/32 [00:41<00:00,  1.30s/it, est. speed input: 51.00 toks/s, output: 256.01 toks/s]
[36m(WorkerDict pid=3589055)[0m Processed prompts: 100%|██████████| 32/32 [00:42<00:00,  1.33s/it, est. speed input: 77.88 toks/s, output: 247.67 toks/s]
[36m(WorkerDict pid=3589056)[0m Processed prompts: 100%|██████████| 32/32 [00:42<00:00,  1.32s/it, est. speed input: 53.70 toks/s, output: 249.97 toks/s]
[36m(WorkerDict pid=3589059)[0m Processed prompts: 100%|██████████| 32/32 [00:42<00:00,  1.33s/it, est. speed input: 66.44 toks/s, output: 248.32 toks/s]
[36m(WorkerDict pid=3589051)[0m Processed prompts: 100%|██████████| 32/32 [00:41<00:00,  1.30s/it, est. speed input: 46.82 toks/s, output: 257.74 toks/s]
[36m(WorkerDict pid=3589057)[0m Processed prompts: 100%|██████████| 32/32 [00:42<00:00,  1.32s/it, est. speed input: 70.65 toks/s, output: 256.56 toks/s]
[36m(WorkerDict pid=3589052)[0m Processed prompts: 100%|██████████| 32/32 [00:41<00:00,  1.31s/it, est. speed input: 61.38 toks/s, output: 259.70 toks/s]
[36m(WorkerDict pid=3589054)[0m Processed prompts:   3%|▎         | 1/32 [01:01<31:47, 61.54s/it, est. speed input: 0.57 toks/s, output: 8.32 toks/s]Processed prompts: 100%|██████████| 32/32 [01:01<00:00, 61.54s/it, est. speed input: 22.10 toks/s, output: 266.21 toks/s]
[36m(WorkerDict pid=3589060)[0m Processed prompts:   3%|▎         | 1/32 [01:02<32:07, 62.17s/it, est. speed input: 1.40 toks/s, output: 8.24 toks/s]Processed prompts: 100%|██████████| 32/32 [01:02<00:00, 62.17s/it, est. speed input: 34.74 toks/s, output: 263.52 toks/s]
[36m(WorkerDict pid=3589062)[0m Processed prompts:   3%|▎         | 1/32 [01:02<32:15, 62.45s/it, est. speed input: 0.54 toks/s, output: 8.20 toks/s]Processed prompts: 100%|██████████| 32/32 [01:02<00:00, 62.45s/it, est. speed input: 27.93 toks/s, output: 262.35 toks/s]
[36m(WorkerDict pid=3589063)[0m Processed prompts:   3%|▎         | 1/32 [01:01<31:39, 61.29s/it, est. speed input: 0.90 toks/s, output: 8.35 toks/s]Processed prompts: 100%|██████████| 32/32 [01:01<00:00, 61.29s/it, est. speed input: 54.82 toks/s, output: 267.33 toks/s]
[36m(WorkerDict pid=3589060)[0m Processed prompts: 100%|██████████| 32/32 [01:13<00:00,  2.29s/it, est. speed input: 34.74 toks/s, output: 263.52 toks/s]
[36m(WorkerDict pid=3589062)[0m Processed prompts: 100%|██████████| 32/32 [01:13<00:00,  2.30s/it, est. speed input: 27.93 toks/s, output: 262.35 toks/s]
[36m(WorkerDict pid=3589063)[0m Processed prompts: 100%|██████████| 32/32 [01:12<00:00,  2.26s/it, est. speed input: 54.82 toks/s, output: 267.33 toks/s]
[36m(WorkerDict pid=3589054)[0m Processed prompts: 100%|██████████| 32/32 [01:12<00:00,  2.28s/it, est. speed input: 22.10 toks/s, output: 266.21 toks/s]
[36m(WorkerDict pid=3589061)[0m Processed prompts:   3%|▎         | 1/32 [01:22<42:31, 82.30s/it, est. speed input: 0.47 toks/s, output: 7.78 toks/s]Processed prompts: 100%|██████████| 32/32 [01:22<00:00, 82.30s/it, est. speed input: 19.64 toks/s, output: 248.85 toks/s]
[36m(WorkerDict pid=3589065)[0m Processed prompts:   3%|▎         | 1/32 [01:22<42:38, 82.52s/it, est. speed input: 1.28 toks/s, output: 7.76 toks/s]Processed prompts: 100%|██████████| 32/32 [01:22<00:00, 82.52s/it, est. speed input: 26.56 toks/s, output: 248.19 toks/s]
[36m(WorkerDict pid=3589065)[0m Processed prompts: 100%|██████████| 32/32 [01:22<00:00,  2.58s/it, est. speed input: 26.56 toks/s, output: 248.19 toks/s]
[36m(WorkerDict pid=3589061)[0m Processed prompts: 100%|██████████| 32/32 [01:22<00:00,  2.58s/it, est. speed input: 19.64 toks/s, output: 248.85 toks/s]
[36m(WorkerDict pid=3589066)[0m Processed prompts:   3%|▎         | 1/32 [01:23<42:56, 83.10s/it, est. speed input: 1.44 toks/s, output: 7.70 toks/s]Processed prompts: 100%|██████████| 32/32 [01:23<00:00, 83.10s/it, est. speed input: 45.44 toks/s, output: 246.45 toks/s]Processed prompts: 100%|██████████| 32/32 [01:23<00:00,  2.60s/it, est. speed input: 45.44 toks/s, output: 246.45 toks/s]
[36m(WorkerDict pid=3589064)[0m Processed prompts:   3%|▎         | 1/32 [01:23<43:01, 83.26s/it, est. speed input: 1.21 toks/s, output: 7.69 toks/s]Processed prompts: 100%|██████████| 32/32 [01:23<00:00, 83.26s/it, est. speed input: 47.27 toks/s, output: 245.98 toks/s]Processed prompts: 100%|██████████| 32/32 [01:23<00:00,  2.60s/it, est. speed input: 47.27 toks/s, output: 245.98 toks/s]
[36m(WorkerDict pid=3589051)[0m [rank0]:[W617 11:27:04.321378270 compiler_depend.ts:67] Warning: c10d::broadcast_: an autograd kernel was not registered to the Autograd key(s) but we are trying to backprop through it. This may lead to silently incorrect behavior. This behavior is deprecated and will be removed in a future version of PyTorch. If your operator is differentiable, please ensure you have registered an autograd kernel to the correct Autograd key (e.g. DispatchKey::Autograd, DispatchKey::CompositeImplicitAutograd). If your operator is not differentiable, or to squash this warning and use the previous behavior, please register torch::CppFunction::makeFallthrough() to DispatchKey::Autograd. (function operator())
[36m(TaskRunner pid=3587550)[0m Training Progress:  20%|██        | 1/5 [02:55<11:41, 175.47s/it]
[36m(WorkerDict pid=3589055)[0m Adding requests:   0%|          | 0/32 [00:00<?, ?it/s]Adding requests: 100%|██████████| 32/32 [00:00<00:00, 12570.73it/s]
[36m(WorkerDict pid=3589055)[0m Processed prompts:   0%|          | 0/32 [00:00<?, ?it/s, est. speed input: 0.00 toks/s, output: 0.00 toks/s]
[36m(WorkerDict pid=3589052)[0m Adding requests:   0%|          | 0/32 [00:00<?, ?it/s]Adding requests: 100%|██████████| 32/32 [00:00<00:00, 12032.07it/s]
[36m(WorkerDict pid=3589052)[0m Processed prompts:   0%|          | 0/32 [00:00<?, ?it/s, est. speed input: 0.00 toks/s, output: 0.00 toks/s]
[36m(WorkerDict pid=3589056)[0m Adding requests:   0%|          | 0/32 [00:00<?, ?it/s]Adding requests: 100%|██████████| 32/32 [00:00<00:00, 12607.34it/s]
[36m(WorkerDict pid=3589056)[0m Processed prompts:   0%|          | 0/32 [00:00<?, ?it/s, est. speed input: 0.00 toks/s, output: 0.00 toks/s]
[36m(WorkerDict pid=3589066)[0m Adding requests:   0%|          | 0/32 [00:00<?, ?it/s]Adding requests: 100%|██████████| 32/32 [00:00<00:00, 12050.43it/s]
[36m(WorkerDict pid=3589066)[0m Processed prompts:   0%|          | 0/32 [00:00<?, ?it/s, est. speed input: 0.00 toks/s, output: 0.00 toks/s]
[36m(WorkerDict pid=3589062)[0m Adding requests:   0%|          | 0/32 [00:00<?, ?it/s]Adding requests: 100%|██████████| 32/32 [00:00<00:00, 12313.55it/s]
[36m(WorkerDict pid=3589062)[0m Processed prompts:   0%|          | 0/32 [00:00<?, ?it/s, est. speed input: 0.00 toks/s, output: 0.00 toks/s]
[36m(WorkerDict pid=3589058)[0m Adding requests:   0%|          | 0/32 [00:00<?, ?it/s]Adding requests: 100%|██████████| 32/32 [00:00<00:00, 12013.76it/s]
[36m(WorkerDict pid=3589058)[0m Processed prompts:   0%|          | 0/32 [00:00<?, ?it/s, est. speed input: 0.00 toks/s, output: 0.00 toks/s]
[36m(WorkerDict pid=3589065)[0m Adding requests:   0%|          | 0/32 [00:00<?, ?it/s]Adding requests: 100%|██████████| 32/32 [00:00<00:00, 12411.48it/s]
[36m(WorkerDict pid=3589065)[0m Processed prompts:   0%|          | 0/32 [00:00<?, ?it/s, est. speed input: 0.00 toks/s, output: 0.00 toks/s]
[36m(WorkerDict pid=3589060)[0m Adding requests:   0%|          | 0/32 [00:00<?, ?it/s]Adding requests: 100%|██████████| 32/32 [00:00<00:00, 12940.39it/s]
[36m(WorkerDict pid=3589060)[0m Processed prompts:   0%|          | 0/32 [00:00<?, ?it/s, est. speed input: 0.00 toks/s, output: 0.00 toks/s]
[36m(WorkerDict pid=3589053)[0m Adding requests:   0%|          | 0/32 [00:00<?, ?it/s]Adding requests: 100%|██████████| 32/32 [00:00<00:00, 12348.67it/s]
[36m(WorkerDict pid=3589053)[0m Processed prompts:   0%|          | 0/32 [00:00<?, ?it/s, est. speed input: 0.00 toks/s, output: 0.00 toks/s]
[36m(WorkerDict pid=3589057)[0m Adding requests:   0%|          | 0/32 [00:00<?, ?it/s]Adding requests: 100%|██████████| 32/32 [00:00<00:00, 11594.48it/s]
[36m(WorkerDict pid=3589057)[0m Processed prompts:   0%|          | 0/32 [00:00<?, ?it/s, est. speed input: 0.00 toks/s, output: 0.00 toks/s]
[36m(WorkerDict pid=3589059)[0m Adding requests:   0%|          | 0/32 [00:00<?, ?it/s]Adding requests: 100%|██████████| 32/32 [00:00<00:00, 11961.30it/s]
[36m(WorkerDict pid=3589059)[0m Processed prompts:   0%|          | 0/32 [00:00<?, ?it/s, est. speed input: 0.00 toks/s, output: 0.00 toks/s]
[36m(WorkerDict pid=3589063)[0m Adding requests:   0%|          | 0/32 [00:00<?, ?it/s]Adding requests: 100%|██████████| 32/32 [00:00<00:00, 12320.33it/s]
[36m(WorkerDict pid=3589063)[0m Processed prompts:   0%|          | 0/32 [00:00<?, ?it/s, est. speed input: 0.00 toks/s, output: 0.00 toks/s]
[36m(WorkerDict pid=3589064)[0m Adding requests:   0%|          | 0/32 [00:00<?, ?it/s]Adding requests: 100%|██████████| 32/32 [00:00<00:00, 12140.91it/s]
[36m(WorkerDict pid=3589064)[0m Processed prompts:   0%|          | 0/32 [00:00<?, ?it/s, est. speed input: 0.00 toks/s, output: 0.00 toks/s]
[36m(WorkerDict pid=3589051)[0m Adding requests:   0%|          | 0/32 [00:00<?, ?it/s]Adding requests: 100%|██████████| 32/32 [00:00<00:00, 12378.28it/s]
[36m(WorkerDict pid=3589051)[0m Processed prompts:   0%|          | 0/32 [00:00<?, ?it/s, est. speed input: 0.00 toks/s, output: 0.00 toks/s]
[36m(WorkerDict pid=3589061)[0m Adding requests:   0%|          | 0/32 [00:00<?, ?it/s]Adding requests: 100%|██████████| 32/32 [00:00<00:00, 11529.74it/s]
[36m(WorkerDict pid=3589061)[0m Processed prompts:   0%|          | 0/32 [00:00<?, ?it/s, est. speed input: 0.00 toks/s, output: 0.00 toks/s]
[36m(WorkerDict pid=3589054)[0m Adding requests:   0%|          | 0/32 [00:00<?, ?it/s]Adding requests: 100%|██████████| 32/32 [00:00<00:00, 12499.32it/s]
[36m(WorkerDict pid=3589054)[0m Processed prompts:   0%|          | 0/32 [00:00<?, ?it/s, est. speed input: 0.00 toks/s, output: 0.00 toks/s]
[36m(WorkerDict pid=3589051)[0m Processed prompts:   3%|▎         | 1/32 [00:26<13:38, 26.40s/it, est. speed input: 1.86 toks/s, output: 9.70 toks/s]Processed prompts: 100%|██████████| 32/32 [00:26<00:00, 26.40s/it, est. speed input: 69.09 toks/s, output: 310.32 toks/s]
[36m(WorkerDict pid=3589058)[0m Processed prompts:   3%|▎         | 1/32 [00:27<14:14, 27.56s/it, est. speed input: 2.21 toks/s, output: 9.29 toks/s]Processed prompts: 100%|██████████| 32/32 [00:27<00:00, 27.56s/it, est. speed input: 101.60 toks/s, output: 297.25 toks/s]
[36m(WorkerDict pid=3589057)[0m Processed prompts:   3%|▎         | 1/32 [00:27<13:59, 27.08s/it, est. speed input: 3.58 toks/s, output: 9.45 toks/s]Processed prompts: 100%|██████████| 32/32 [00:27<00:00, 27.08s/it, est. speed input: 111.05 toks/s, output: 302.45 toks/s]
[36m(WorkerDict pid=3589053)[0m Processed prompts:   3%|▎         | 1/32 [00:27<14:07, 27.33s/it, est. speed input: 2.12 toks/s, output: 9.37 toks/s]Processed prompts: 100%|██████████| 32/32 [00:27<00:00, 27.33s/it, est. speed input: 76.69 toks/s, output: 299.74 toks/s]
[36m(WorkerDict pid=3589055)[0m Processed prompts:   3%|▎         | 1/32 [00:27<14:22, 27.81s/it, est. speed input: 2.12 toks/s, output: 9.20 toks/s]Processed prompts: 100%|██████████| 32/32 [00:27<00:00, 27.81s/it, est. speed input: 66.16 toks/s, output: 294.54 toks/s]
[36m(WorkerDict pid=3589052)[0m Processed prompts:   3%|▎         | 1/32 [00:27<14:18, 27.71s/it, est. speed input: 2.24 toks/s, output: 9.24 toks/s]Processed prompts: 100%|██████████| 32/32 [00:27<00:00, 27.71s/it, est. speed input: 66.41 toks/s, output: 295.66 toks/s]
[36m(WorkerDict pid=3589056)[0m Processed prompts:   3%|▎         | 1/32 [00:27<14:18, 27.70s/it, est. speed input: 1.99 toks/s, output: 9.24 toks/s]Processed prompts: 100%|██████████| 32/32 [00:27<00:00, 27.70s/it, est. speed input: 67.57 toks/s, output: 295.68 toks/s]
[36m(WorkerDict pid=3589059)[0m Processed prompts:   3%|▎         | 1/32 [00:27<14:02, 27.19s/it, est. speed input: 3.86 toks/s, output: 9.42 toks/s]Processed prompts: 100%|██████████| 32/32 [00:27<00:00, 27.19s/it, est. speed input: 123.58 toks/s, output: 301.30 toks/s]
[36m(WorkerDict pid=3589058)[0m Processed prompts: 100%|██████████| 32/32 [00:37<00:00,  1.16s/it, est. speed input: 101.60 toks/s, output: 297.25 toks/s]
[36m(WorkerDict pid=3589053)[0m Processed prompts: 100%|██████████| 32/32 [00:36<00:00,  1.15s/it, est. speed input: 76.69 toks/s, output: 299.74 toks/s]
[36m(WorkerDict pid=3589056)[0m Processed prompts: 100%|██████████| 32/32 [00:37<00:00,  1.16s/it, est. speed input: 67.57 toks/s, output: 295.68 toks/s]
[36m(WorkerDict pid=3589051)[0m Processed prompts: 100%|██████████| 32/32 [00:35<00:00,  1.12s/it, est. speed input: 69.09 toks/s, output: 310.32 toks/s]
[36m(WorkerDict pid=3589059)[0m Processed prompts: 100%|██████████| 32/32 [00:36<00:00,  1.14s/it, est. speed input: 123.58 toks/s, output: 301.30 toks/s]
[36m(WorkerDict pid=3589055)[0m Processed prompts: 100%|██████████| 32/32 [00:37<00:00,  1.17s/it, est. speed input: 66.16 toks/s, output: 294.54 toks/s]
[36m(WorkerDict pid=3589052)[0m Processed prompts: 100%|██████████| 32/32 [00:37<00:00,  1.16s/it, est. speed input: 66.41 toks/s, output: 295.66 toks/s]
[36m(WorkerDict pid=3589057)[0m Processed prompts: 100%|██████████| 32/32 [00:37<00:00,  1.16s/it, est. speed input: 111.05 toks/s, output: 302.45 toks/s]
[36m(WorkerDict pid=3589060)[0m Processed prompts:   3%|▎         | 1/32 [00:56<29:10, 56.47s/it, est. speed input: 0.67 toks/s, output: 9.07 toks/s]Processed prompts: 100%|██████████| 32/32 [00:56<00:00, 56.47s/it, est. speed input: 20.97 toks/s, output: 290.16 toks/s]
[36m(WorkerDict pid=3589054)[0m Processed prompts:   3%|▎         | 1/32 [00:55<28:32, 55.26s/it, est. speed input: 0.67 toks/s, output: 9.27 toks/s]Processed prompts: 100%|██████████| 32/32 [00:55<00:00, 55.26s/it, est. speed input: 28.95 toks/s, output: 296.50 toks/s]
[36m(WorkerDict pid=3589063)[0m Processed prompts:   3%|▎         | 1/32 [00:56<29:04, 56.28s/it, est. speed input: 0.89 toks/s, output: 9.10 toks/s]Processed prompts: 100%|██████████| 32/32 [00:56<00:00, 56.28s/it, est. speed input: 27.57 toks/s, output: 291.10 toks/s]
[36m(WorkerDict pid=3589062)[0m Processed prompts:   3%|▎         | 1/32 [00:56<29:25, 56.94s/it, est. speed input: 2.34 toks/s, output: 8.99 toks/s]Processed prompts: 100%|██████████| 32/32 [00:56<00:00, 56.94s/it, est. speed input: 73.62 toks/s, output: 287.74 toks/s]
[36m(WorkerDict pid=3589060)[0m Processed prompts: 100%|██████████| 32/32 [01:08<00:00,  2.13s/it, est. speed input: 20.97 toks/s, output: 290.16 toks/s]
[36m(WorkerDict pid=3589062)[0m Processed prompts: 100%|██████████| 32/32 [01:08<00:00,  2.14s/it, est. speed input: 73.62 toks/s, output: 287.74 toks/s]
[36m(WorkerDict pid=3589063)[0m Processed prompts: 100%|██████████| 32/32 [01:08<00:00,  2.13s/it, est. speed input: 27.57 toks/s, output: 291.10 toks/s]
[36m(WorkerDict pid=3589054)[0m Processed prompts: 100%|██████████| 32/32 [01:07<00:00,  2.10s/it, est. speed input: 28.95 toks/s, output: 296.50 toks/s]
[36m(WorkerDict pid=3589065)[0m Processed prompts:   3%|▎         | 1/32 [01:17<40:09, 77.74s/it, est. speed input: 0.87 toks/s, output: 8.23 toks/s]Processed prompts: 100%|██████████| 32/32 [01:17<00:00, 77.74s/it, est. speed input: 27.17 toks/s, output: 263.45 toks/s]Processed prompts: 100%|██████████| 32/32 [01:17<00:00,  2.43s/it, est. speed input: 27.17 toks/s, output: 263.45 toks/s]
[36m(WorkerDict pid=3589061)[0m Processed prompts:   3%|▎         | 1/32 [01:16<39:32, 76.53s/it, est. speed input: 0.68 toks/s, output: 8.36 toks/s]Processed prompts: 100%|██████████| 32/32 [01:16<00:00, 76.53s/it, est. speed input: 37.63 toks/s, output: 267.60 toks/s]Processed prompts: 100%|██████████| 32/32 [01:16<00:00,  2.39s/it, est. speed input: 37.63 toks/s, output: 267.60 toks/s]
[36m(WorkerDict pid=3589066)[0m Processed prompts:   3%|▎         | 1/32 [01:18<40:19, 78.03s/it, est. speed input: 1.17 toks/s, output: 8.20 toks/s]Processed prompts: 100%|██████████| 32/32 [01:18<00:00, 78.03s/it, est. speed input: 43.88 toks/s, output: 262.44 toks/s]Processed prompts: 100%|██████████| 32/32 [01:18<00:00,  2.44s/it, est. speed input: 43.88 toks/s, output: 262.44 toks/s]
[36m(WorkerDict pid=3589064)[0m Processed prompts:   3%|▎         | 1/32 [01:17<40:00, 77.44s/it, est. speed input: 1.36 toks/s, output: 8.26 toks/s]Processed prompts: 100%|██████████| 32/32 [01:17<00:00, 77.44s/it, est. speed input: 33.06 toks/s, output: 264.44 toks/s]Processed prompts: 100%|██████████| 32/32 [01:17<00:00,  2.42s/it, est. speed input: 33.06 toks/s, output: 264.44 toks/s]
[36m(TaskRunner pid=3587550)[0m Training Progress:  40%|████      | 2/5 [05:35<08:19, 166.45s/it]
[36m(WorkerDict pid=3589056)[0m Adding requests:   0%|          | 0/32 [00:00<?, ?it/s]Adding requests: 100%|██████████| 32/32 [00:00<00:00, 12668.03it/s]
[36m(WorkerDict pid=3589056)[0m Processed prompts:   0%|          | 0/32 [00:00<?, ?it/s, est. speed input: 0.00 toks/s, output: 0.00 toks/s]
[36m(WorkerDict pid=3589064)[0m Adding requests:   0%|          | 0/32 [00:00<?, ?it/s]Adding requests: 100%|██████████| 32/32 [00:00<00:00, 12066.68it/s]
[36m(WorkerDict pid=3589064)[0m Processed prompts:   0%|          | 0/32 [00:00<?, ?it/s, est. speed input: 0.00 toks/s, output: 0.00 toks/s]
[36m(WorkerDict pid=3589053)[0m Adding requests:   0%|          | 0/32 [00:00<?, ?it/s]Adding requests: 100%|██████████| 32/32 [00:00<00:00, 12077.54it/s]
[36m(WorkerDict pid=3589053)[0m Processed prompts:   0%|          | 0/32 [00:00<?, ?it/s, est. speed input: 0.00 toks/s, output: 0.00 toks/s]
[36m(WorkerDict pid=3589059)[0m Adding requests:   0%|          | 0/32 [00:00<?, ?it/s]Adding requests: 100%|██████████| 32/32 [00:00<00:00, 12132.13it/s]
[36m(WorkerDict pid=3589059)[0m Processed prompts:   0%|          | 0/32 [00:00<?, ?it/s, est. speed input: 0.00 toks/s, output: 0.00 toks/s]
[36m(WorkerDict pid=3589066)[0m Adding requests:   0%|          | 0/32 [00:00<?, ?it/s]Adding requests: 100%|██████████| 32/32 [00:00<00:00, 12402.30it/s]
[36m(WorkerDict pid=3589066)[0m Processed prompts:   0%|          | 0/32 [00:00<?, ?it/s, est. speed input: 0.00 toks/s, output: 0.00 toks/s]
[36m(WorkerDict pid=3589062)[0m Adding requests:   0%|          | 0/32 [00:00<?, ?it/s]Adding requests: 100%|██████████| 32/32 [00:00<00:00, 12541.37it/s]
[36m(WorkerDict pid=3589062)[0m Processed prompts:   0%|          | 0/32 [00:00<?, ?it/s, est. speed input: 0.00 toks/s, output: 0.00 toks/s]
[36m(WorkerDict pid=3589058)[0m Adding requests:   0%|          | 0/32 [00:00<?, ?it/s]Adding requests: 100%|██████████| 32/32 [00:00<00:00, 12363.46it/s]
[36m(WorkerDict pid=3589058)[0m Processed prompts:   0%|          | 0/32 [00:00<?, ?it/s, est. speed input: 0.00 toks/s, output: 0.00 toks/s]
[36m(WorkerDict pid=3589055)[0m Adding requests:   0%|          | 0/32 [00:00<?, ?it/s]Adding requests: 100%|██████████| 32/32 [00:00<00:00, 12609.71it/s]
[36m(WorkerDict pid=3589055)[0m Processed prompts:   0%|          | 0/32 [00:00<?, ?it/s, est. speed input: 0.00 toks/s, output: 0.00 toks/s]
[36m(WorkerDict pid=3589065)[0m Adding requests:   0%|          | 0/32 [00:00<?, ?it/s]Adding requests: 100%|██████████| 32/32 [00:00<00:00, 12532.00it/s]
[36m(WorkerDict pid=3589065)[0m Processed prompts:   0%|          | 0/32 [00:00<?, ?it/s, est. speed input: 0.00 toks/s, output: 0.00 toks/s]
[36m(WorkerDict pid=3589060)[0m Adding requests:   0%|          | 0/32 [00:00<?, ?it/s]Adding requests: 100%|██████████| 32/32 [00:00<00:00, 12656.08it/s]
[36m(WorkerDict pid=3589060)[0m Processed prompts:   0%|          | 0/32 [00:00<?, ?it/s, est. speed input: 0.00 toks/s, output: 0.00 toks/s]
[36m(WorkerDict pid=3589063)[0m Adding requests:   0%|          | 0/32 [00:00<?, ?it/s]Adding requests: 100%|██████████| 32/32 [00:00<00:00, 11081.38it/s]
[36m(WorkerDict pid=3589063)[0m Processed prompts:   0%|          | 0/32 [00:00<?, ?it/s, est. speed input: 0.00 toks/s, output: 0.00 toks/s]
[36m(WorkerDict pid=3589057)[0m Adding requests:   0%|          | 0/32 [00:00<?, ?it/s]Adding requests: 100%|██████████| 32/32 [00:00<00:00, 11533.71it/s]
[36m(WorkerDict pid=3589057)[0m Processed prompts:   0%|          | 0/32 [00:00<?, ?it/s, est. speed input: 0.00 toks/s, output: 0.00 toks/s]
[36m(WorkerDict pid=3589054)[0m Adding requests:   0%|          | 0/32 [00:00<?, ?it/s]Adding requests: 100%|██████████| 32/32 [00:00<00:00, 12346.40it/s]
[36m(WorkerDict pid=3589054)[0m Processed prompts:   0%|          | 0/32 [00:00<?, ?it/s, est. speed input: 0.00 toks/s, output: 0.00 toks/s]
[36m(WorkerDict pid=3589052)[0m Adding requests:   0%|          | 0/32 [00:00<?, ?it/s]Adding requests: 100%|██████████| 32/32 [00:00<00:00, 12409.18it/s]
[36m(WorkerDict pid=3589052)[0m Processed prompts:   0%|          | 0/32 [00:00<?, ?it/s, est. speed input: 0.00 toks/s, output: 0.00 toks/s]
[36m(WorkerDict pid=3589061)[0m Adding requests:   0%|          | 0/32 [00:00<?, ?it/s]Adding requests: 100%|██████████| 32/32 [00:00<00:00, 11646.80it/s]
[36m(WorkerDict pid=3589061)[0m Processed prompts:   0%|          | 0/32 [00:00<?, ?it/s, est. speed input: 0.00 toks/s, output: 0.00 toks/s]
[36m(WorkerDict pid=3589051)[0m Adding requests:   0%|          | 0/32 [00:00<?, ?it/s]Adding requests: 100%|██████████| 32/32 [00:00<00:00, 10970.88it/s]
[36m(WorkerDict pid=3589051)[0m Processed prompts:   0%|          | 0/32 [00:00<?, ?it/s, est. speed input: 0.00 toks/s, output: 0.00 toks/s]
[36m(WorkerDict pid=3589058)[0m Processed prompts:   3%|▎         | 1/32 [00:29<15:28, 29.94s/it, est. speed input: 4.01 toks/s, output: 8.55 toks/s]Processed prompts: 100%|██████████| 32/32 [00:29<00:00, 29.94s/it, est. speed input: 94.58 toks/s, output: 273.59 toks/s]
[36m(WorkerDict pid=3589057)[0m Processed prompts:   3%|▎         | 1/32 [00:29<15:17, 29.58s/it, est. speed input: 1.55 toks/s, output: 8.65 toks/s]Processed prompts: 100%|██████████| 32/32 [00:29<00:00, 29.58s/it, est. speed input: 43.26 toks/s, output: 276.90 toks/s]
[36m(WorkerDict pid=3589053)[0m Processed prompts:   3%|▎         | 1/32 [00:30<15:38, 30.28s/it, est. speed input: 2.15 toks/s, output: 8.45 toks/s]Processed prompts: 100%|██████████| 32/32 [00:30<00:00, 30.28s/it, est. speed input: 53.90 toks/s, output: 270.54 toks/s]
[36m(WorkerDict pid=3589055)[0m Processed prompts:   3%|▎         | 1/32 [00:29<15:25, 29.86s/it, est. speed input: 1.81 toks/s, output: 8.57 toks/s]Processed prompts: 100%|██████████| 32/32 [00:29<00:00, 29.86s/it, est. speed input: 41.26 toks/s, output: 274.34 toks/s]
[36m(WorkerDict pid=3589052)[0m Processed prompts:   3%|▎         | 1/32 [00:29<15:07, 29.28s/it, est. speed input: 2.19 toks/s, output: 8.74 toks/s]Processed prompts: 100%|██████████| 32/32 [00:29<00:00, 29.28s/it, est. speed input: 68.29 toks/s, output: 279.73 toks/s]
[36m(WorkerDict pid=3589056)[0m Processed prompts:   3%|▎         | 1/32 [00:30<15:43, 30.43s/it, est. speed input: 2.30 toks/s, output: 8.41 toks/s]Processed prompts: 100%|██████████| 32/32 [00:30<00:00, 30.43s/it, est. speed input: 52.06 toks/s, output: 269.24 toks/s]
[36m(WorkerDict pid=3589059)[0m Processed prompts:   3%|▎         | 1/32 [00:30<15:41, 30.37s/it, est. speed input: 2.80 toks/s, output: 8.43 toks/s]Processed prompts: 100%|██████████| 32/32 [00:30<00:00, 30.37s/it, est. speed input: 106.95 toks/s, output: 269.73 toks/s]
[36m(WorkerDict pid=3589051)[0m Processed prompts:   3%|▎         | 1/32 [00:29<15:07, 29.26s/it, est. speed input: 2.26 toks/s, output: 8.75 toks/s]Processed prompts: 100%|██████████| 32/32 [00:29<00:00, 29.26s/it, est. speed input: 243.87 toks/s, output: 279.96 toks/s]
[36m(WorkerDict pid=3589055)[0m Processed prompts: 100%|██████████| 32/32 [00:39<00:00,  1.24s/it, est. speed input: 41.26 toks/s, output: 274.34 toks/s]
[36m(WorkerDict pid=3589056)[0m Processed prompts: 100%|██████████| 32/32 [00:40<00:00,  1.25s/it, est. speed input: 52.06 toks/s, output: 269.24 toks/s]
[36m(WorkerDict pid=3589059)[0m Processed prompts: 100%|██████████| 32/32 [00:39<00:00,  1.25s/it, est. speed input: 106.95 toks/s, output: 269.73 toks/s]
[36m(WorkerDict pid=3589058)[0m Processed prompts: 100%|██████████| 32/32 [00:39<00:00,  1.24s/it, est. speed input: 94.58 toks/s, output: 273.59 toks/s]
[36m(WorkerDict pid=3589057)[0m Processed prompts: 100%|██████████| 32/32 [00:39<00:00,  1.23s/it, est. speed input: 43.26 toks/s, output: 276.90 toks/s]
[36m(WorkerDict pid=3589053)[0m Processed prompts: 100%|██████████| 32/32 [00:40<00:00,  1.25s/it, est. speed input: 53.90 toks/s, output: 270.54 toks/s]
[36m(WorkerDict pid=3589052)[0m Processed prompts: 100%|██████████| 32/32 [00:38<00:00,  1.22s/it, est. speed input: 68.29 toks/s, output: 279.73 toks/s]
[36m(WorkerDict pid=3589051)[0m Processed prompts: 100%|██████████| 32/32 [00:39<00:00,  1.22s/it, est. speed input: 243.87 toks/s, output: 279.96 toks/s]
[36m(WorkerDict pid=3589062)[0m Processed prompts:   3%|▎         | 1/32 [00:59<30:39, 59.33s/it, est. speed input: 0.86 toks/s, output: 8.63 toks/s]Processed prompts: 100%|██████████| 32/32 [00:59<00:00, 59.33s/it, est. speed input: 19.96 toks/s, output: 276.16 toks/s]
[36m(WorkerDict pid=3589060)[0m Processed prompts:   3%|▎         | 1/32 [00:58<30:26, 58.91s/it, est. speed input: 0.90 toks/s, output: 8.69 toks/s]Processed prompts: 100%|██████████| 32/32 [00:58<00:00, 58.91s/it, est. speed input: 30.96 toks/s, output: 278.10 toks/s]
[36m(WorkerDict pid=3589054)[0m Processed prompts:   3%|▎         | 1/32 [00:58<30:13, 58.50s/it, est. speed input: 1.91 toks/s, output: 8.75 toks/s]Processed prompts: 100%|██████████| 32/32 [00:58<00:00, 58.50s/it, est. speed input: 45.95 toks/s, output: 280.06 toks/s]
[36m(WorkerDict pid=3589063)[0m Processed prompts:   3%|▎         | 1/32 [00:58<30:25, 58.89s/it, est. speed input: 0.97 toks/s, output: 8.69 toks/s]Processed prompts: 100%|██████████| 32/32 [00:58<00:00, 58.89s/it, est. speed input: 63.30 toks/s, output: 278.19 toks/s]
Error executing job with overrides: ['algorithm.adv_estimator=grpo', 'data.train_files=/data/deepscaler/train.parquet', 'data.val_files=/data/deepscaler/test.parquet', 'data.train_batch_size=32', 'data.max_prompt_length=1024', 'data.max_response_length=16384', 'data.filter_overlong_prompts=True', 'data.truncation=error', 'data.shuffle=False', 'data.dataloader_num_workers=0', 'data.sampler.class_path=null', 'data.sampler.class_name=null', '+data.dataset_fraction=0.005', 'custom_reward_function.path=deepscaler.py', 'custom_reward_function.name=compute_score', 'actor_rollout_ref.model.path=/data/Qwen3-30B-A3B', 'actor_rollout_ref.actor.optim.lr=1e-6', 'actor_rollout_ref.actor.optim.clip_grad=10000', 'actor_rollout_ref.actor.ppo_mini_batch_size=32', 'actor_rollout_ref.actor.ppo_micro_batch_size_per_gpu=1', 'actor_rollout_ref.actor.use_dynamic_bsz=True', 'actor_rollout_ref.actor.ppo_max_token_len_per_gpu=20480', 'actor_rollout_ref.actor.megatron.sequence_parallel=True', 'actor_rollout_ref.actor.megatron.expert_model_parallel_size=4', 'actor_rollout_ref.actor.megatron.tensor_model_parallel_size=4', 'actor_rollout_ref.actor.megatron.pipeline_model_parallel_size=4', 'actor_rollout_ref.actor.megatron.expert_tensor_parallel_size=1', 'actor_rollout_ref.actor.megatron.param_offload=True', 'actor_rollout_ref.actor.megatron.grad_offload=True', 'actor_rollout_ref.actor.megatron.optimizer_offload=False', 'actor_rollout_ref.actor.megatron.use_dist_checkpointing=True', 'actor_rollout_ref.actor.megatron.dist_checkpointing_path=/data/Qwen3-30B-A3B_megatron', 'actor_rollout_ref.actor.use_kl_loss=True', 'actor_rollout_ref.actor.kl_loss_coef=0.001', 'actor_rollout_ref.actor.kl_loss_type=low_var_kl', 'actor_rollout_ref.actor.load_weight=True', 'actor_rollout_ref.actor.megatron.override_transformer_config.recompute_granularity=full', 'actor_rollout_ref.actor.megatron.override_transformer_config.recompute_method=block', 'actor_rollout_ref.actor.megatron.override_transformer_config.recompute_num_layers=1', 'actor_rollout_ref.rollout.log_prob_micro_batch_size_per_gpu=4', 'actor_rollout_ref.rollout.log_prob_use_dynamic_bsz=True', 'actor_rollout_ref.rollout.log_prob_max_token_len_per_gpu=20480', 'actor_rollout_ref.rollout.tensor_model_parallel_size=1', 'actor_rollout_ref.rollout.name=vllm', 'actor_rollout_ref.rollout.gpu_memory_utilization=0.85', 'actor_rollout_ref.rollout.max_num_batched_tokens=1024', 'actor_rollout_ref.rollout.enforce_eager=True', 'actor_rollout_ref.rollout.max_num_seqs=32', 'actor_rollout_ref.rollout.n=16', 'actor_rollout_ref.rollout.temperature=0.9', 'actor_rollout_ref.rollout.top_k=50', 'actor_rollout_ref.rollout.top_p=0.9', 'actor_rollout_ref.rollout.ignore_eos=False', 'actor_rollout_ref.ref.log_prob_micro_batch_size_per_gpu=8', 'actor_rollout_ref.ref.megatron.param_offload=True', 'actor_rollout_ref.ref.load_weight=True', 'actor_rollout_ref.ref.megatron.use_dist_checkpointing=True', 'actor_rollout_ref.ref.megatron.dist_checkpointing_path=/data/Qwen3-30B-A3B_megatron', 'algorithm.kl_ctrl.kl_coef=0.001', 'trainer.balance_batch=False', 'trainer.device=npu', 'trainer.val_before_train=False', 'trainer.critic_warmup=0', 'trainer.logger=[console,tensorboard]', 'trainer.project_name=verl_grpo_example', 'trainer.experiment_name=qwen3_30_verl_mindspeedllm_vllm', 'trainer.n_gpus_per_node=16', 'trainer.nnodes=1', 'trainer.save_freq=-1', 'trainer.max_actor_ckpt_to_keep=3', 'trainer.max_critic_ckpt_to_keep=1', 'actor_rollout_ref.actor.checkpoint.save_contents=[model]', 'actor_rollout_ref.actor.checkpoint.load_contents=[model]', 'critic.checkpoint.save_contents=[model]', 'critic.checkpoint.load_contents=[model]', '+trainer.save_epoch_freq=0', 'trainer.default_local_dir=/workspace/cann-recipes-train/llm_rl/qwen3_shrink_aware/mode1_baseline_random_batch_floor4_threshold_multistep', 'trainer.test_freq=-1', 'trainer.total_epochs=3', '+trainer.rollout_data_dir=/workspace/cann-recipes-train/llm_rl/qwen3_shrink_aware/mode1_baseline_random_batch_floor4_threshold_multistep/rollout_data', '+trainer.rollout_length_dir=/workspace/cann-recipes-train/llm_rl/qwen3_shrink_aware/mode1_baseline_random_batch_floor4_threshold_multistep/rollout_length', '+actor_rollout_ref.actor.megatron.override_transformer_config.use_flash_attn=True', '+actor_rollout_ref.actor.megatron.override_transformer_config.pipeline_num_transformer_layers=[[11],[13],[13],[11]]', '+actor_rollout_ref.actor.megatron.override_transformer_config.moe_token_dispatcher_type=alltoall', '+actor_rollout_ref.actor.megatron.override_transformer_config.moe_alltoall_overlap_comm=True', '+actor_rollout_ref.actor.megatron.override_transformer_config.use_fused_rotary_pos_emb=True', '+actor_rollout_ref.actor.megatron.override_transformer_config.use_fused_swiglu=True', '+actor_rollout_ref.actor.megatron.override_transformer_config.seq_length=2048', '+actor_rollout_ref.actor.megatron.override_transformer_config.num_layers_in_first_pipeline_stage=11', '+actor_rollout_ref.actor.megatron.override_transformer_config.num_layers_in_last_pipeline_stage=11', '+actor_rollout_ref.actor.megatron.override_transformer_config.swap_optimizer=True', 'data.train_files=/data/deepscaler/train.parquet', 'data.val_files=/data/deepscaler/test.parquet', 'data.train_batch_size=32', 'data.max_prompt_length=1024', 'data.max_response_length=640', 'data.shuffle=True', 'actor_rollout_ref.model.path=/data/Qwen3-30B-A3B', 'actor_rollout_ref.actor.megatron.dist_checkpointing_path=/data/Qwen3-30B-A3B_megatron', 'actor_rollout_ref.ref.megatron.dist_checkpointing_path=/data/Qwen3-30B-A3B_megatron', 'actor_rollout_ref.rollout.max_num_batched_tokens=1664', 'actor_rollout_ref.rollout.max_num_seqs=32', 'actor_rollout_ref.rollout.n=16', 'actor_rollout_ref.rollout.gpu_memory_utilization=0.85', 'actor_rollout_ref.rollout.shrink_aware.enable_shrink_aware_scheduling=false', 'actor_rollout_ref.rollout.shrink_aware.shrink_aware_mode=off', 'actor_rollout_ref.rollout.shrink_aware.enable_shrink_aware_logging=false', 'trainer.total_epochs=1', 'data.dataset_fraction=0.005']
Traceback (most recent call last):
  File "<frozen runpy>", line 198, in _run_module_as_main
  File "<frozen runpy>", line 88, in _run_code
  File "/workspace/cann-recipes-train/llm_rl/qwen3_shrink_aware/verl/trainer/main_ppo.py", line 478, in <module>
    main()
  File "/usr/local/python3.11.14/lib/python3.11/site-packages/hydra/main.py", line 94, in decorated_main
    _run_hydra(
  File "/usr/local/python3.11.14/lib/python3.11/site-packages/hydra/_internal/utils.py", line 394, in _run_hydra
    _run_app(
  File "/usr/local/python3.11.14/lib/python3.11/site-packages/hydra/_internal/utils.py", line 457, in _run_app
    run_and_report(
  File "/usr/local/python3.11.14/lib/python3.11/site-packages/hydra/_internal/utils.py", line 223, in run_and_report
    raise ex
  File "/usr/local/python3.11.14/lib/python3.11/site-packages/hydra/_internal/utils.py", line 220, in run_and_report
    return func()
           ^^^^^^
  File "/usr/local/python3.11.14/lib/python3.11/site-packages/hydra/_internal/utils.py", line 458, in <lambda>
    lambda: hydra.run(
            ^^^^^^^^^^
  File "/usr/local/python3.11.14/lib/python3.11/site-packages/hydra/_internal/hydra.py", line 132, in run
    _ = ret.return_value
        ^^^^^^^^^^^^^^^^
  File "/usr/local/python3.11.14/lib/python3.11/site-packages/hydra/core/utils.py", line 260, in return_value
    raise self._return_value
  File "/usr/local/python3.11.14/lib/python3.11/site-packages/hydra/core/utils.py", line 186, in run_job
    ret.return_value = task_function(task_cfg)
                       ^^^^^^^^^^^^^^^^^^^^^^^
  File "/workspace/cann-recipes-train/llm_rl/qwen3_shrink_aware/verl/trainer/main_ppo.py", line 50, in main
    run_ppo(config)
  File "/workspace/cann-recipes-train/llm_rl/qwen3_shrink_aware/verl/trainer/main_ppo.py", line 112, in run_ppo
    ray.get(task_ref)
  File "/usr/local/python3.11.14/lib/python3.11/site-packages/ray/_private/auto_init_hook.py", line 22, in auto_init_wrapper
    return fn(*args, **kwargs)
           ^^^^^^^^^^^^^^^^^^^
  File "/usr/local/python3.11.14/lib/python3.11/site-packages/ray/_private/client_mode_hook.py", line 104, in wrapper
    return func(*args, **kwargs)
           ^^^^^^^^^^^^^^^^^^^^^
  File "/usr/local/python3.11.14/lib/python3.11/site-packages/ray/_private/worker.py", line 2858, in get
    values, debugger_breakpoint = worker.get_objects(object_refs, timeout=timeout)
                                  ^^^^^^^^^^^^^^^^^^^^^^^^^^^^^^^^^^^^^^^^^^^^^^^^
  File "/usr/local/python3.11.14/lib/python3.11/site-packages/ray/_private/worker.py", line 958, in get_objects
    raise value.as_instanceof_cause()
ray.exceptions.RayTaskError(RuntimeError): [36mray::TaskRunner.run()[39m (pid=3587550, ip=192.168.0.138, actor_id=a076153a2794b2bd29cddabe01000000, repr=<main_ppo.TaskRunner object at 0xffff79193f50>)
           ^^^^^^^^^^^^^^^^^^^^^^^^^^^^^^^^^^^^
           ^^^^^^^^^^^^^^^^^^^^^^^^^^^^^^^
  File "/workspace/cann-recipes-train/llm_rl/qwen3_shrink_aware/verl/trainer/main_ppo.py", line 380, in run
    trainer.fit()
  File "/workspace/cann-recipes-train/llm_rl/qwen3_shrink_aware/verl/trainer/ppo/ray_trainer.py", line 1279, in fit
    gen_batch_output = self.actor_rollout_wg.generate_sequences(gen_batch)
                       ^^^^^^^^^^^^^^^^^^^^^^^^^^^^^^^^^^^^^^^^^^^^^^^^^^^
  File "/workspace/cann-recipes-train/llm_rl/qwen3_shrink_aware/verl/single_controller/ray/base.py", line 66, in __call__
    output = ray.get(output)
             ^^^^^^^^^^^^^^^
           ^^^^^^^^^^^^^^^^^^^
           ^^^^^^^^^^^^^^^^^^^^^
                                  ^^^^^^^^^^^^^^^^^^^^^^^^^^^^^^^^^^^^^^^^^^^^^^^^
ray.exceptions.RayTaskError(RuntimeError): [36mray::WorkerDict.actor_rollout_generate_sequences()[39m (pid=3589054, ip=192.168.0.138, actor_id=27c5067ea0b129d0d9b58c2401000000, repr=<verl.single_controller.ray.base.WorkerDict object at 0xffffad096790>)
           ^^^^^^^^^^^^^^^^^^^^^^^^^^^^^^^^^^^^
           ^^^^^^^^^^^^^^^^^^^^^^^^^^^^^^^
  File "/workspace/cann-recipes-train/llm_rl/qwen3_shrink_aware/verl/single_controller/ray/base.py", line 743, in func
    return getattr(self.worker_dict[key], name)(*args, **kwargs)
           ^^^^^^^^^^^^^^^^^^^^^^^^^^^^^^^^^^^^^^^^^^^^^^^^^^^^^
  File "/workspace/cann-recipes-train/llm_rl/qwen3_shrink_aware/verl/single_controller/base/decorator.py", line 433, in inner
    return func(*args, **kwargs)
           ^^^^^^^^^^^^^^^^^^^^^
  File "/workspace/cann-recipes-train/llm_rl/qwen3_shrink_aware/verl/utils/profiler/performance.py", line 105, in f
    return self.log(decorated_function, *args, **kwargs)
           ^^^^^^^^^^^^^^^^^^^^^^^^^^^^^^^^^^^^^^^^^^^^^
  File "/workspace/cann-recipes-train/llm_rl/qwen3_shrink_aware/verl/utils/profiler/performance.py", line 118, in log
    output = func(*args, **kwargs)
             ^^^^^^^^^^^^^^^^^^^^^
  File "/workspace/cann-recipes-train/llm_rl/qwen3_shrink_aware/verl/utils/profiler/profile.py", line 256, in wrapper
    return func(self_instance, *args, **kwargs_inner)
           ^^^^^^^^^^^^^^^^^^^^^^^^^^^^^^^^^^^^^^^^^^
  File "/workspace/cann-recipes-train/llm_rl/qwen3_shrink_aware/verl/workers/megatron_workers.py", line 733, in generate_sequences
    output = self.rollout.generate_sequences(prompts=prompts)
             ^^^^^^^^^^^^^^^^^^^^^^^^^^^^^^^^^^^^^^^^^^^^^^^^
  File "/workspace/cann-recipes-train/llm_rl/qwen3_shrink_aware/verl/utils/profiler/performance.py", line 105, in f
    return self.log(decorated_function, *args, **kwargs)
           ^^^^^^^^^^^^^^^^^^^^^^^^^^^^^^^^^^^^^^^^^^^^^
  File "/workspace/cann-recipes-train/llm_rl/qwen3_shrink_aware/verl/utils/profiler/performance.py", line 118, in log
    output = func(*args, **kwargs)
             ^^^^^^^^^^^^^^^^^^^^^
  File "/usr/local/python3.11.14/lib/python3.11/site-packages/torch/utils/_contextlib.py", line 120, in decorate_context
    return func(*args, **kwargs)
           ^^^^^^^^^^^^^^^^^^^^^
  File "/workspace/cann-recipes-train/llm_rl/qwen3_shrink_aware/verl/workers/rollout/vllm_rollout/vllm_rollout_spmd.py", line 1156, in generate_sequences
    outputs = self.inference_engine.generate(
              ^^^^^^^^^^^^^^^^^^^^^^^^^^^^^^^
  File "/workspace/cann-recipes-train/llm_rl/qwen3_shrink_aware/vllm/entrypoints/llm.py", line 408, in generate
    outputs = self._run_engine(use_tqdm=use_tqdm)
              ^^^^^^^^^^^^^^^^^^^^^^^^^^^^^^^^^^^
  File "/workspace/cann-recipes-train/llm_rl/qwen3_shrink_aware/vllm/entrypoints/llm.py", line 1646, in _run_engine
    while self.llm_engine.has_unfinished_requests():
          ^^^^^^^^^^^^^^^^^^^^^^^^^^^^^^^^^^^^^^^^^
  File "/workspace/cann-recipes-train/llm_rl/qwen3_shrink_aware/vllm/v1/engine/llm_engine.py", line 294, in has_unfinished_requests
    return self.has_unfinished_requests_dp(has_unfinished)
           ^^^^^^^^^^^^^^^^^^^^^^^^^^^^^^^^^^^^^^^^^^^^^^^
  File "/workspace/cann-recipes-train/llm_rl/qwen3_shrink_aware/vllm/v1/engine/llm_engine.py", line 788, in has_unfinished_requests_dp
    self.engine_core.collective_rpc(
  File "/workspace/cann-recipes-train/llm_rl/qwen3_shrink_aware/vllm/v1/engine/core_client.py", line 311, in collective_rpc
    return self.engine_core.collective_rpc(method, timeout, args, kwargs)
           ^^^^^^^^^^^^^^^^^^^^^^^^^^^^^^^^^^^^^^^^^^^^^^^^^^^^^^^^^^^^^^
  File "/workspace/cann-recipes-train/llm_rl/qwen3_shrink_aware/vllm/v1/engine/core.py", line 439, in collective_rpc
    return self.model_executor.collective_rpc(method, timeout, args,
           ^^^^^^^^^^^^^^^^^^^^^^^^^^^^^^^^^^^^^^^^^^^^^^^^^^^^^^^^^
  File "/workspace/cann-recipes-train/llm_rl/qwen3_shrink_aware/vllm/executor/uniproc_executor.py", line 83, in collective_rpc
    return [run_method(self.driver_worker, method, args, kwargs)]
            ^^^^^^^^^^^^^^^^^^^^^^^^^^^^^^^^^^^^^^^^^^^^^^^^^^^^
  File "/workspace/cann-recipes-train/llm_rl/qwen3_shrink_aware/vllm/utils/__init__.py", line 3122, in run_method
    return func(*args, **kwargs)
           ^^^^^^^^^^^^^^^^^^^^^
  File "/workspace/cann-recipes-train/llm_rl/qwen3_shrink_aware/vllm_ascend/worker/worker_v1.py", line 9552, in rebuild_elastic_ep_group
    self._mode1_source_cpu_p2p_barrier(
  File "/workspace/cann-recipes-train/llm_rl/qwen3_shrink_aware/vllm_ascend/worker/worker_v1.py", line 6908, in _mode1_source_cpu_p2p_barrier
    torch.distributed.recv(ack,
  File "/usr/local/python3.11.14/lib/python3.11/site-packages/torch/distributed/c10d_logger.py", line 81, in wrapper
    return func(*args, **kwargs)
           ^^^^^^^^^^^^^^^^^^^^^
  File "/usr/local/python3.11.14/lib/python3.11/site-packages/torch/distributed/distributed_c10d.py", line 2529, in recv
    work.wait()
RuntimeError: [/pytorch/third_party/gloo/gloo/transport/tcp/unbound_buffer.cc:78] Timed out waiting 1800000ms for recv operation to complete
[36m(TaskRunner pid=3587550)[0m Training Progress:  40%|████      | 2/5 [36:52<55:18, 1106.13s/it]
[36m(WorkerDict pid=3589054)[0m Processed prompts: 100%|██████████| 32/32 [31:01<00:00, 58.17s/it, est. speed input: 45.95 toks/s, output: 280.06 toks/s]
[36m(WorkerDict pid=3589062)[0m Processed prompts: 100%|██████████| 32/32 [31:02<00:00, 58.21s/it, est. speed input: 19.96 toks/s, output: 276.16 toks/s]
[36m(TaskRunner pid=3587550)[0m Unhandled error (suppress with 'RAY_IGNORE_UNHANDLED_ERRORS=1'): [36mray::WorkerDict.actor_rollout_generate_sequences()[39m (pid=3589062, ip=192.168.0.138, actor_id=f9c443348260b5a05bb2a7f401000000, repr=<verl.single_controller.ray.base.WorkerDict object at 0xffd0146a4710>)
[36m(TaskRunner pid=3587550)[0m            ^^^^^^^^^^^^^^^^^^^^^^^^^^^^^^^^^^^^
[36m(TaskRunner pid=3587550)[0m            ^^^^^^^^^^^^^^^^^^^^^^^^^^^^^^^
[36m(TaskRunner pid=3587550)[0m   File "/workspace/cann-recipes-train/llm_rl/qwen3_shrink_aware/verl/single_controller/ray/base.py", line 743, in func
[36m(TaskRunner pid=3587550)[0m     return getattr(self.worker_dict[key], name)(*args, **kwargs)
[36m(TaskRunner pid=3587550)[0m            ^^^^^^^^^^^^^^^^^^^^^^^^^^^^^^^^^^^^^^^^^^^^^^^^^^^^^
[36m(TaskRunner pid=3587550)[0m   File "/workspace/cann-recipes-train/llm_rl/qwen3_shrink_aware/verl/single_controller/base/decorator.py", line 433, in inner
[36m(TaskRunner pid=3587550)[0m     return func(*args, **kwargs)
[36m(TaskRunner pid=3587550)[0m            ^^^^^^^^^^^^^^^^^^^^^
[36m(TaskRunner pid=3587550)[0m   File "/workspace/cann-recipes-train/llm_rl/qwen3_shrink_aware/verl/utils/profiler/performance.py", line 105, in f
[36m(TaskRunner pid=3587550)[0m     return self.log(decorated_function, *args, **kwargs)
[36m(TaskRunner pid=3587550)[0m            ^^^^^^^^^^^^^^^^^^^^^^^^^^^^^^^^^^^^^^^^^^^^^
[36m(TaskRunner pid=3587550)[0m   File "/workspace/cann-recipes-train/llm_rl/qwen3_shrink_aware/verl/utils/profiler/performance.py", line 118, in log
[36m(TaskRunner pid=3587550)[0m     output = func(*args, **kwargs)
[36m(TaskRunner pid=3587550)[0m              ^^^^^^^^^^^^^^^^^^^^^
[36m(TaskRunner pid=3587550)[0m   File "/workspace/cann-recipes-train/llm_rl/qwen3_shrink_aware/verl/utils/profiler/profile.py", line 256, in wrapper
[36m(TaskRunner pid=3587550)[0m     return func(self_instance, *args, **kwargs_inner)
[36m(TaskRunner pid=3587550)[0m            ^^^^^^^^^^^^^^^^^^^^^^^^^^^^^^^^^^^^^^^^^^
[36m(TaskRunner pid=3587550)[0m   File "/workspace/cann-recipes-train/llm_rl/qwen3_shrink_aware/verl/workers/megatron_workers.py", line 733, in generate_sequences
[36m(TaskRunner pid=3587550)[0m     output = self.rollout.generate_sequences(prompts=prompts)
[36m(TaskRunner pid=3587550)[0m              ^^^^^^^^^^^^^^^^^^^^^^^^^^^^^^^^^^^^^^^^^^^^^^^^
[36m(TaskRunner pid=3587550)[0m   File "/workspace/cann-recipes-train/llm_rl/qwen3_shrink_aware/verl/utils/profiler/performance.py", line 105, in f
[36m(TaskRunner pid=3587550)[0m     return self.log(decorated_function, *args, **kwargs)
[36m(TaskRunner pid=3587550)[0m            ^^^^^^^^^^^^^^^^^^^^^^^^^^^^^^^^^^^^^^^^^^^^^
[36m(TaskRunner pid=3587550)[0m   File "/workspace/cann-recipes-train/llm_rl/qwen3_shrink_aware/verl/utils/profiler/performance.py", line 118, in log
[36m(TaskRunner pid=3587550)[0m     output = func(*args, **kwargs)
[36m(TaskRunner pid=3587550)[0m              ^^^^^^^^^^^^^^^^^^^^^
[36m(TaskRunner pid=3587550)[0m   File "/usr/local/python3.11.14/lib/python3.11/site-packages/torch/utils/_contextlib.py", line 120, in decorate_context
[36m(TaskRunner pid=3587550)[0m     return func(*args, **kwargs)
[36m(TaskRunner pid=3587550)[0m            ^^^^^^^^^^^^^^^^^^^^^
[36m(TaskRunner pid=3587550)[0m   File "/workspace/cann-recipes-train/llm_rl/qwen3_shrink_aware/verl/workers/rollout/vllm_rollout/vllm_rollout_spmd.py", line 1156, in generate_sequences
[36m(TaskRunner pid=3587550)[0m     outputs = self.inference_engine.generate(
[36m(TaskRunner pid=3587550)[0m               ^^^^^^^^^^^^^^^^^^^^^^^^^^^^^^^
[36m(TaskRunner pid=3587550)[0m   File "/workspace/cann-recipes-train/llm_rl/qwen3_shrink_aware/vllm/entrypoints/llm.py", line 408, in generate
[36m(TaskRunner pid=3587550)[0m     outputs = self._run_engine(use_tqdm=use_tqdm)
[36m(TaskRunner pid=3587550)[0m               ^^^^^^^^^^^^^^^^^^^^^^^^^^^^^^^^^^^
[36m(TaskRunner pid=3587550)[0m   File "/workspace/cann-recipes-train/llm_rl/qwen3_shrink_aware/vllm/entrypoints/llm.py", line 1646, in _run_engine
[36m(TaskRunner pid=3587550)[0m     while self.llm_engine.has_unfinished_requests():
[36m(TaskRunner pid=3587550)[0m           ^^^^^^^^^^^^^^^^^^^^^^^^^^^^^^^^^^^^^^^^^
[36m(TaskRunner pid=3587550)[0m   File "/workspace/cann-recipes-train/llm_rl/qwen3_shrink_aware/vllm/v1/engine/llm_engine.py", line 294, in has_unfinished_requests
[36m(TaskRunner pid=3587550)[0m     return self.has_unfinished_requests_dp(has_unfinished)
[36m(TaskRunner pid=3587550)[0m            ^^^^^^^^^^^^^^^^^^^^^^^^^^^^^^^^^^^^^^^^^^^^^^^
[36m(TaskRunner pid=3587550)[0m   File "/workspace/cann-recipes-train/llm_rl/qwen3_shrink_aware/vllm/v1/engine/llm_engine.py", line 788, in has_unfinished_requests_dp
[36m(TaskRunner pid=3587550)[0m     self.engine_core.collective_rpc(
[36m(TaskRunner pid=3587550)[0m   File "/workspace/cann-recipes-train/llm_rl/qwen3_shrink_aware/vllm/v1/engine/core_client.py", line 311, in collective_rpc
[36m(TaskRunner pid=3587550)[0m     return self.engine_core.collective_rpc(method, timeout, args, kwargs)
[36m(TaskRunner pid=3587550)[0m            ^^^^^^^^^^^^^^^^^^^^^^^^^^^^^^^^^^^^^^^^^^^^^^^^^^^^^^^^^^^^^^
[36m(TaskRunner pid=3587550)[0m   File "/workspace/cann-recipes-train/llm_rl/qwen3_shrink_aware/vllm/v1/engine/core.py", line 439, in collective_rpc
[36m(TaskRunner pid=3587550)[0m     return self.model_executor.collective_rpc(method, timeout, args,
[36m(TaskRunner pid=3587550)[0m            ^^^^^^^^^^^^^^^^^^^^^^^^^^^^^^^^^^^^^^^^^^^^^^^^^^^^^^^^^
[36m(TaskRunner pid=3587550)[0m   File "/workspace/cann-recipes-train/llm_rl/qwen3_shrink_aware/vllm/executor/uniproc_executor.py", line 83, in collective_rpc
[36m(TaskRunner pid=3587550)[0m     return [run_method(self.driver_worker, method, args, kwargs)]
[36m(TaskRunner pid=3587550)[0m             ^^^^^^^^^^^^^^^^^^^^^^^^^^^^^^^^^^^^^^^^^^^^^^^^^^^^
[36m(TaskRunner pid=3587550)[0m   File "/workspace/cann-recipes-train/llm_rl/qwen3_shrink_aware/vllm/utils/__init__.py", line 3122, in run_method
[36m(TaskRunner pid=3587550)[0m     return func(*args, **kwargs)
[36m(TaskRunner pid=3587550)[0m            ^^^^^^^^^^^^^^^^^^^^^
[36m(TaskRunner pid=3587550)[0m   File "/workspace/cann-recipes-train/llm_rl/qwen3_shrink_aware/vllm_ascend/worker/worker_v1.py", line 9552, in rebuild_elastic_ep_group
[36m(TaskRunner pid=3587550)[0m     self._mode1_source_cpu_p2p_barrier(
[36m(TaskRunner pid=3587550)[0m   File "/workspace/cann-recipes-train/llm_rl/qwen3_shrink_aware/vllm_ascend/worker/worker_v1.py", line 6908, in _mode1_source_cpu_p2p_barrier
[36m(TaskRunner pid=3587550)[0m     torch.distributed.recv(ack,
[36m(TaskRunner pid=3587550)[0m   File "/usr/local/python3.11.14/lib/python3.11/site-packages/torch/distributed/c10d_logger.py", line 81, in wrapper
[36m(TaskRunner pid=3587550)[0m     return func(*args, **kwargs)
[36m(TaskRunner pid=3587550)[0m            ^^^^^^^^^^^^^^^^^^^^^
[36m(TaskRunner pid=3587550)[0m   File "/usr/local/python3.11.14/lib/python3.11/site-packages/torch/distributed/distributed_c10d.py", line 2529, in recv
[36m(TaskRunner pid=3587550)[0m     work.wait()
[36m(TaskRunner pid=3587550)[0m RuntimeError: [/pytorch/third_party/gloo/gloo/transport/tcp/unbound_buffer.cc:78] Timed out waiting 1800000ms for recv operation to complete
[36m(TaskRunner pid=3587550)[0m Unhandled error (suppress with 'RAY_IGNORE_UNHANDLED_ERRORS=1'): [36mray::WorkerDict.actor_rollout_generate_sequences()[39m (pid=3589063, ip=192.168.0.138, actor_id=26ea73b6a2b914749aab144e01000000, repr=<verl.single_controller.ray.base.WorkerDict object at 0xffff9c6e1ed0>)
[36m(TaskRunner pid=3587550)[0m            ^^^^^^^^^^^^^^^^^^^^^^^^^^^^^^^^^^^^
[36m(TaskRunner pid=3587550)[0m            ^^^^^^^^^^^^^^^^^^^^^^^^^^^^^^^
[36m(TaskRunner pid=3587550)[0m   File "/workspace/cann-recipes-train/llm_rl/qwen3_shrink_aware/verl/single_controller/ray/base.py", line 743, in func
[36m(TaskRunner pid=3587550)[0m     return getattr(self.worker_dict[key], name)(*args, **kwargs)
[36m(TaskRunner pid=3587550)[0m            ^^^^^^^^^^^^^^^^^^^^^^^^^^^^^^^^^^^^^^^^^^^^^^^^^^^^^
[36m(TaskRunner pid=3587550)[0m   File "/workspace/cann-recipes-train/llm_rl/qwen3_shrink_aware/verl/single_controller/base/decorator.py", line 433, in inner
[36m(TaskRunner pid=3587550)[0m     return func(*args, **kwargs)
[36m(TaskRunner pid=3587550)[0m            ^^^^^^^^^^^^^^^^^^^^^
[36m(TaskRunner pid=3587550)[0m   File "/workspace/cann-recipes-train/llm_rl/qwen3_shrink_aware/verl/utils/profiler/performance.py", line 105, in f
[36m(TaskRunner pid=3587550)[0m     return self.log(decorated_function, *args, **kwargs)
[36m(TaskRunner pid=3587550)[0m            ^^^^^^^^^^^^^^^^^^^^^^^^^^^^^^^^^^^^^^^^^^^^^
[36m(TaskRunner pid=3587550)[0m   File "/workspace/cann-recipes-train/llm_rl/qwen3_shrink_aware/verl/utils/profiler/performance.py", line 118, in log
[36m(TaskRunner pid=3587550)[0m     output = func(*args, **kwargs)
[36m(TaskRunner pid=3587550)[0m              ^^^^^^^^^^^^^^^^^^^^^
[36m(TaskRunner pid=3587550)[0m   File "/workspace/cann-recipes-train/llm_rl/qwen3_shrink_aware/verl/utils/profiler/profile.py", line 256, in wrapper
[36m(TaskRunner pid=3587550)[0m     return func(self_instance, *args, **kwargs_inner)
[36m(TaskRunner pid=3587550)[0m            ^^^^^^^^^^^^^^^^^^^^^^^^^^^^^^^^^^^^^^^^^^
[36m(TaskRunner pid=3587550)[0m   File "/workspace/cann-recipes-train/llm_rl/qwen3_shrink_aware/verl/workers/megatron_workers.py", line 733, in generate_sequences
[36m(TaskRunner pid=3587550)[0m     output = self.rollout.generate_sequences(prompts=prompts)
[36m(TaskRunner pid=3587550)[0m              ^^^^^^^^^^^^^^^^^^^^^^^^^^^^^^^^^^^^^^^^^^^^^^^^
[36m(TaskRunner pid=3587550)[0m   File "/workspace/cann-recipes-train/llm_rl/qwen3_shrink_aware/verl/utils/profiler/performance.py", line 105, in f
[36m(TaskRunner pid=3587550)[0m     return self.log(decorated_function, *args, **kwargs)
[36m(TaskRunner pid=3587550)[0m            ^^^^^^^^^^^^^^^^^^^^^^^^^^^^^^^^^^^^^^^^^^^^^
[36m(TaskRunner pid=3587550)[0m   File "/workspace/cann-recipes-train/llm_rl/qwen3_shrink_aware/verl/utils/profiler/performance.py", line 118, in log
[36m(TaskRunner pid=3587550)[0m     output = func(*args, **kwargs)
[36m(TaskRunner pid=3587550)[0m              ^^^^^^^^^^^^^^^^^^^^^
[36m(TaskRunner pid=3587550)[0m   File "/usr/local/python3.11.14/lib/python3.11/site-packages/torch/utils/_contextlib.py", line 120, in decorate_context
[36m(TaskRunner pid=3587550)[0m     return func(*args, **kwargs)
[36m(TaskRunner pid=3587550)[0m            ^^^^^^^^^^^^^^^^^^^^^
[36m(TaskRunner pid=3587550)[0m   File "/workspace/cann-recipes-train/llm_rl/qwen3_shrink_aware/verl/workers/rollout/vllm_rollout/vllm_rollout_spmd.py", line 1156, in generate_sequences
[36m(TaskRunner pid=3587550)[0m     outputs = self.inference_engine.generate(
[36m(TaskRunner pid=3587550)[0m               ^^^^^^^^^^^^^^^^^^^^^^^^^^^^^^^
[36m(TaskRunner pid=3587550)[0m   File "/workspace/cann-recipes-train/llm_rl/qwen3_shrink_aware/vllm/entrypoints/llm.py", line 408, in generate
[36m(TaskRunner pid=3587550)[0m     outputs = self._run_engine(use_tqdm=use_tqdm)
[36m(TaskRunner pid=3587550)[0m               ^^^^^^^^^^^^^^^^^^^^^^^^^^^^^^^^^^^
[36m(TaskRunner pid=3587550)[0m   File "/workspace/cann-recipes-train/llm_rl/qwen3_shrink_aware/vllm/entrypoints/llm.py", line 1646, in _run_engine
[36m(TaskRunner pid=3587550)[0m     while self.llm_engine.has_unfinished_requests():
[36m(TaskRunner pid=3587550)[0m           ^^^^^^^^^^^^^^^^^^^^^^^^^^^^^^^^^^^^^^^^^
[36m(TaskRunner pid=3587550)[0m   File "/workspace/cann-recipes-train/llm_rl/qwen3_shrink_aware/vllm/v1/engine/llm_engine.py", line 294, in has_unfinished_requests
[36m(TaskRunner pid=3587550)[0m     return self.has_unfinished_requests_dp(has_unfinished)
[36m(TaskRunner pid=3587550)[0m            ^^^^^^^^^^^^^^^^^^^^^^^^^^^^^^^^^^^^^^^^^^^^^^^
[36m(TaskRunner pid=3587550)[0m   File "/workspace/cann-recipes-train/llm_rl/qwen3_shrink_aware/vllm/v1/engine/llm_engine.py", line 788, in has_unfinished_requests_dp
[36m(TaskRunner pid=3587550)[0m     self.engine_core.collective_rpc(
[36m(TaskRunner pid=3587550)[0m   File "/workspace/cann-recipes-train/llm_rl/qwen3_shrink_aware/vllm/v1/engine/core_client.py", line 311, in collective_rpc
[36m(TaskRunner pid=3587550)[0m     return self.engine_core.collective_rpc(method, timeout, args, kwargs)
[36m(TaskRunner pid=3587550)[0m            ^^^^^^^^^^^^^^^^^^^^^^^^^^^^^^^^^^^^^^^^^^^^^^^^^^^^^^^^^^^^^^
[36m(TaskRunner pid=3587550)[0m   File "/workspace/cann-recipes-train/llm_rl/qwen3_shrink_aware/vllm/v1/engine/core.py", line 439, in collective_rpc
[36m(TaskRunner pid=3587550)[0m     return self.model_executor.collective_rpc(method, timeout, args,
[36m(TaskRunner pid=3587550)[0m            ^^^^^^^^^^^^^^^^^^^^^^^^^^^^^^^^^^^^^^^^^^^^^^^^^^^^^^^^^
[36m(TaskRunner pid=3587550)[0m   File "/workspace/cann-recipes-train/llm_rl/qwen3_shrink_aware/vllm/executor/uniproc_executor.py", line 83, in collective_rpc
[36m(TaskRunner pid=3587550)[0m     return [run_method(self.driver_worker, method, args, kwargs)]
[36m(TaskRunner pid=3587550)[0m             ^^^^^^^^^^^^^^^^^^^^^^^^^^^^^^^^^^^^^^^^^^^^^^^^^^^^
[36m(TaskRunner pid=3587550)[0m   File "/workspace/cann-recipes-train/llm_rl/qwen3_shrink_aware/vllm/utils/__init__.py", line 3122, in run_method
[36m(TaskRunner pid=3587550)[0m     return func(*args, **kwargs)
[36m(TaskRunner pid=3587550)[0m            ^^^^^^^^^^^^^^^^^^^^^
[36m(TaskRunner pid=3587550)[0m   File "/workspace/cann-recipes-train/llm_rl/qwen3_shrink_aware/vllm_ascend/worker/worker_v1.py", line 9552, in rebuild_elastic_ep_group
[36m(TaskRunner pid=3587550)[0m     self._mode1_source_cpu_p2p_barrier(
[36m(TaskRunner pid=3587550)[0m   File "/workspace/cann-recipes-train/llm_rl/qwen3_shrink_aware/vllm_ascend/worker/worker_v1.py", line 6908, in _mode1_source_cpu_p2p_barrier
[36m(TaskRunner pid=3587550)[0m     torch.distributed.recv(ack,
[36m(TaskRunner pid=3587550)[0m   File "/usr/local/python3.11.14/lib/python3.11/site-packages/torch/distributed/c10d_logger.py", line 81, in wrapper
[36m(TaskRunner pid=3587550)[0m     return func(*args, **kwargs)
[36m(TaskRunner pid=3587550)[0m            ^^^^^^^^^^^^^^^^^^^^^
[36m(TaskRunner pid=3587550)[0m   File "/usr/local/python3.11.14/lib/python3.11/site-packages/torch/distributed/distributed_c10d.py", line 2529, in recv
[36m(TaskRunner pid=3587550)[0m     work.wait()
[36m(TaskRunner pid=3587550)[0m RuntimeError: [/pytorch/third_party/gloo/gloo/transport/tcp/unbound_buffer.cc:78] Timed out waiting 1800000ms for recv operation to complete
[36m(TaskRunner pid=3587550)[0m Unhandled error (suppress with 'RAY_IGNORE_UNHANDLED_ERRORS=1'): [36mray::WorkerDict.actor_rollout_generate_sequences()[39m (pid=3589060, ip=192.168.0.138, actor_id=f8aa3cbf5511a91b59bd7bd601000000, repr=<verl.single_controller.ray.base.WorkerDict object at 0xffffa1c9ee90>)
[36m(TaskRunner pid=3587550)[0m            ^^^^^^^^^^^^^^^^^^^^^^^^^^^^^^^^^^^^
[36m(TaskRunner pid=3587550)[0m            ^^^^^^^^^^^^^^^^^^^^^^^^^^^^^^^
[36m(TaskRunner pid=3587550)[0m   File "/workspace/cann-recipes-train/llm_rl/qwen3_shrink_aware/verl/single_controller/ray/base.py", line 743, in func
[36m(TaskRunner pid=3587550)[0m     return getattr(self.worker_dict[key], name)(*args, **kwargs)
[36m(TaskRunner pid=3587550)[0m            ^^^^^^^^^^^^^^^^^^^^^^^^^^^^^^^^^^^^^^^^^^^^^^^^^^^^^
[36m(TaskRunner pid=3587550)[0m   File "/workspace/cann-recipes-train/llm_rl/qwen3_shrink_aware/verl/single_controller/base/decorator.py", line 433, in inner
[36m(TaskRunner pid=3587550)[0m     return func(*args, **kwargs)
[36m(TaskRunner pid=3587550)[0m            ^^^^^^^^^^^^^^^^^^^^^
[36m(TaskRunner pid=3587550)[0m   File "/workspace/cann-recipes-train/llm_rl/qwen3_shrink_aware/verl/utils/profiler/performance.py", line 105, in f
[36m(TaskRunner pid=3587550)[0m     return self.log(decorated_function, *args, **kwargs)
[36m(TaskRunner pid=3587550)[0m            ^^^^^^^^^^^^^^^^^^^^^^^^^^^^^^^^^^^^^^^^^^^^^
[36m(TaskRunner pid=3587550)[0m   File "/workspace/cann-recipes-train/llm_rl/qwen3_shrink_aware/verl/utils/profiler/performance.py", line 118, in log
[36m(TaskRunner pid=3587550)[0m     output = func(*args, **kwargs)
[36m(TaskRunner pid=3587550)[0m              ^^^^^^^^^^^^^^^^^^^^^
[36m(TaskRunner pid=3587550)[0m   File "/workspace/cann-recipes-train/llm_rl/qwen3_shrink_aware/verl/utils/profiler/profile.py", line 256, in wrapper
[36m(TaskRunner pid=3587550)[0m     return func(self_instance, *args, **kwargs_inner)
[36m(TaskRunner pid=3587550)[0m            ^^^^^^^^^^^^^^^^^^^^^^^^^^^^^^^^^^^^^^^^^^
[36m(TaskRunner pid=3587550)[0m   File "/workspace/cann-recipes-train/llm_rl/qwen3_shrink_aware/verl/workers/megatron_workers.py", line 733, in generate_sequences
[36m(TaskRunner pid=3587550)[0m     output = self.rollout.generate_sequences(prompts=prompts)
[36m(TaskRunner pid=3587550)[0m              ^^^^^^^^^^^^^^^^^^^^^^^^^^^^^^^^^^^^^^^^^^^^^^^^
[36m(TaskRunner pid=3587550)[0m   File "/workspace/cann-recipes-train/llm_rl/qwen3_shrink_aware/verl/utils/profiler/performance.py", line 105, in f
[36m(TaskRunner pid=3587550)[0m     return self.log(decorated_function, *args, **kwargs)
[36m(TaskRunner pid=3587550)[0m            ^^^^^^^^^^^^^^^^^^^^^^^^^^^^^^^^^^^^^^^^^^^^^
[36m(TaskRunner pid=3587550)[0m   File "/workspace/cann-recipes-train/llm_rl/qwen3_shrink_aware/verl/utils/profiler/performance.py", line 118, in log
[36m(TaskRunner pid=3587550)[0m     output = func(*args, **kwargs)
[36m(TaskRunner pid=3587550)[0m              ^^^^^^^^^^^^^^^^^^^^^
[36m(TaskRunner pid=3587550)[0m   File "/usr/local/python3.11.14/lib/python3.11/site-packages/torch/utils/_contextlib.py", line 120, in decorate_context
[36m(TaskRunner pid=3587550)[0m     return func(*args, **kwargs)
[36m(TaskRunner pid=3587550)[0m            ^^^^^^^^^^^^^^^^^^^^^
[36m(TaskRunner pid=3587550)[0m   File "/workspace/cann-recipes-train/llm_rl/qwen3_shrink_aware/verl/workers/rollout/vllm_rollout/vllm_rollout_spmd.py", line 1156, in generate_sequences
[36m(TaskRunner pid=3587550)[0m     outputs = self.inference_engine.generate(
[36m(TaskRunner pid=3587550)[0m               ^^^^^^^^^^^^^^^^^^^^^^^^^^^^^^^
[36m(TaskRunner pid=3587550)[0m   File "/workspace/cann-recipes-train/llm_rl/qwen3_shrink_aware/vllm/entrypoints/llm.py", line 408, in generate
[36m(TaskRunner pid=3587550)[0m     outputs = self._run_engine(use_tqdm=use_tqdm)
[36m(TaskRunner pid=3587550)[0m               ^^^^^^^^^^^^^^^^^^^^^^^^^^^^^^^^^^^
[36m(TaskRunner pid=3587550)[0m   File "/workspace/cann-recipes-train/llm_rl/qwen3_shrink_aware/vllm/entrypoints/llm.py", line 1646, in _run_engine
[36m(TaskRunner pid=3587550)[0m     while self.llm_engine.has_unfinished_requests():
[36m(TaskRunner pid=3587550)[0m           ^^^^^^^^^^^^^^^^^^^^^^^^^^^^^^^^^^^^^^^^^
[36m(TaskRunner pid=3587550)[0m   File "/workspace/cann-recipes-train/llm_rl/qwen3_shrink_aware/vllm/v1/engine/llm_engine.py", line 294, in has_unfinished_requests
[36m(TaskRunner pid=3587550)[0m     return self.has_unfinished_requests_dp(has_unfinished)
[36m(TaskRunner pid=3587550)[0m            ^^^^^^^^^^^^^^^^^^^^^^^^^^^^^^^^^^^^^^^^^^^^^^^
[36m(TaskRunner pid=3587550)[0m   File "/workspace/cann-recipes-train/llm_rl/qwen3_shrink_aware/vllm/v1/engine/llm_engine.py", line 788, in has_unfinished_requests_dp
[36m(TaskRunner pid=3587550)[0m     self.engine_core.collective_rpc(
[36m(TaskRunner pid=3587550)[0m   File "/workspace/cann-recipes-train/llm_rl/qwen3_shrink_aware/vllm/v1/engine/core_client.py", line 311, in collective_rpc
[36m(TaskRunner pid=3587550)[0m     return self.engine_core.collective_rpc(method, timeout, args, kwargs)
[36m(TaskRunner pid=3587550)[0m            ^^^^^^^^^^^^^^^^^^^^^^^^^^^^^^^^^^^^^^^^^^^^^^^^^^^^^^^^^^^^^^
[36m(TaskRunner pid=3587550)[0m   File "/workspace/cann-recipes-train/llm_rl/qwen3_shrink_aware/vllm/v1/engine/core.py", line 439, in collective_rpc
[36m(TaskRunner pid=3587550)[0m     return self.model_executor.collective_rpc(method, timeout, args,
[36m(TaskRunner pid=3587550)[0m            ^^^^^^^^^^^^^^^^^^^^^^^^^^^^^^^^^^^^^^^^^^^^^^^^^^^^^^^^^
[36m(TaskRunner pid=3587550)[0m   File "/workspace/cann-recipes-train/llm_rl/qwen3_shrink_aware/vllm/executor/uniproc_executor.py", line 83, in collective_rpc
[36m(TaskRunner pid=3587550)[0m     return [run_method(self.driver_worker, method, args, kwargs)]
[36m(TaskRunner pid=3587550)[0m             ^^^^^^^^^^^^^^^^^^^^^^^^^^^^^^^^^^^^^^^^^^^^^^^^^^^^
[36m(TaskRunner pid=3587550)[0m   File "/workspace/cann-recipes-train/llm_rl/qwen3_shrink_aware/vllm/utils/__init__.py", line 3122, in run_method
[36m(TaskRunner pid=3587550)[0m     return func(*args, **kwargs)
[36m(TaskRunner pid=3587550)[0m            ^^^^^^^^^^^^^^^^^^^^^
[36m(TaskRunner pid=3587550)[0m   File "/workspace/cann-recipes-train/llm_rl/qwen3_shrink_aware/vllm_ascend/worker/worker_v1.py", line 9552, in rebuild_elastic_ep_group
[36m(TaskRunner pid=3587550)[0m     self._mode1_source_cpu_p2p_barrier(
[36m(TaskRunner pid=3587550)[0m   File "/workspace/cann-recipes-train/llm_rl/qwen3_shrink_aware/vllm_ascend/worker/worker_v1.py", line 6894, in _mode1_source_cpu_p2p_barrier
[36m(TaskRunner pid=3587550)[0m     torch.distributed.recv(token,
[36m(TaskRunner pid=3587550)[0m   File "/usr/local/python3.11.14/lib/python3.11/site-packages/torch/distributed/c10d_logger.py", line 81, in wrapper
[36m(TaskRunner pid=3587550)[0m     return func(*args, **kwargs)
[36m(TaskRunner pid=3587550)[0m            ^^^^^^^^^^^^^^^^^^^^^
[36m(TaskRunner pid=3587550)[0m   File "/usr/local/python3.11.14/lib/python3.11/site-packages/torch/distributed/distributed_c10d.py", line 2529, in recv
[36m(TaskRunner pid=3587550)[0m     work.wait()
[36m(TaskRunner pid=3587550)[0m RuntimeError: [/pytorch/third_party/gloo/gloo/transport/tcp/unbound_buffer.cc:78] Timed out waiting 1800000ms for recv operation to complete
[36m(WorkerDict pid=3589060)[0m Processed prompts: 100%|██████████| 32/32 [31:02<00:00, 58.20s/it, est. speed input: 30.96 toks/s, output: 278.10 toks/s]
[36m(WorkerDict pid=3589063)[0m Processed prompts: 100%|██████████| 32/32 [31:02<00:00, 58.19s/it, est. speed input: 63.30 toks/s, output: 278.19 toks/s]
/usr/local/python3.11.14/lib/python3.11/subprocess.py:1127: ResourceWarning: subprocess 3576243 is still running
  _warn("subprocess %s is still running" % self.pid,
