+ export CUDA_DEVICE_MAX_CONNECTIONS=1
+ CUDA_DEVICE_MAX_CONNECTIONS=1
+ export PYTORCH_NPU_ALLOC_CONF=expandable_segments:True
+ PYTORCH_NPU_ALLOC_CONF=expandable_segments:True
+ export ASCEND_HOME_PATH=/usr/local/Ascend/ascend-toolkit
+ ASCEND_HOME_PATH=/usr/local/Ascend/ascend-toolkit
+ source /usr/local/Ascend/ascend-toolkit/set_env.sh
++ setenv_main data.train_files=/workspace/cann-recipes-train/llm_rl/qwen3_shrink_aware/mode1_shrinkaware_optimized_rank_plan_floor4/oracle/optimized_train.parquet data.val_files=/data/deepscaler/test.parquet data.train_batch_size=32 data.max_prompt_length=1024 data.max_response_length=16384 data.shuffle=False data.dataset_fraction=1.0 actor_rollout_ref.model.path=/data/Qwen3-30B-A3B actor_rollout_ref.actor.megatron.dist_checkpointing_path=/data/Qwen3-30B-A3B_megatron actor_rollout_ref.ref.megatron.dist_checkpointing_path=/data/Qwen3-30B-A3B_megatron actor_rollout_ref.rollout.max_num_batched_tokens=17408 actor_rollout_ref.rollout.max_num_seqs=32 actor_rollout_ref.rollout.n=16 actor_rollout_ref.rollout.gpu_memory_utilization=0.9 actor_rollout_ref.rollout.shrink_aware.enable_shrink_aware_scheduling=true actor_rollout_ref.rollout.shrink_aware.shrink_aware_mode=staged 'actor_rollout_ref.rollout.shrink_aware.shrink_stages=[8,4]' actor_rollout_ref.rollout.shrink_aware.survivor_selection_policy=manual 'actor_rollout_ref.rollout.shrink_aware.intermediate_survivor_ranks=[8,9,10,11,12,13,14,15]' 'actor_rollout_ref.rollout.shrink_aware.final_survivor_ranks=[8,9,10,11]' actor_rollout_ref.rollout.shrink_aware.length_prediction_source=oracle_trace actor_rollout_ref.rollout.shrink_aware.oracle_trace_path=/workspace/cann-recipes-train/llm_rl/qwen3_shrink_aware/mode1_shrinkaware_optimized_rank_plan_floor4/oracle/optimized_length_oracle.json actor_rollout_ref.rollout.shrink_aware.assignment_policy=optimized_rank_plan actor_rollout_ref.rollout.shrink_aware.optimized_rank_plan_path=/workspace/cann-recipes-train/llm_rl/qwen3_shrink_aware/mode1_shrinkaware_optimized_rank_plan_floor4/oracle/optimized_rank_plan.json actor_rollout_ref.rollout.shrink_aware.enable_shrink_aware_logging=false trainer.total_epochs=1
++ local version_dirpath install_dirpath ld_library_path path driver_install_path_param dep_hal_path
++ local dep_hal_name=libascend_hal.so
++ local dep_info_file=/etc/ascend_install.info
++ local is_install_driver=n
++ local architecture remove_regex
++ version_dirpath=/usr/local/Ascend/cann-8.5.0
+++ dirname /usr/local/Ascend/cann-8.5.0
++ install_dirpath=/usr/local/Ascend
++ remove_regex='^/usr/local/Ascend/cann[/_-]'
++ remove_env PATH '^/usr/local/Ascend/cann[/_-]'
++ local name=PATH
++ local 'regex=^/usr/local/Ascend/cann[/_-]'
+++ eval echo '${PATH}'
++++ echo /usr/local/Ascend/nnal/atb/latest/atb/cxx_abi_1/bin:/usr/local/Ascend/cann-8.5.0/tools/bishengir/bin:/usr/local/Ascend/cann-8.5.0/bin:/usr/local/Ascend/cann-8.5.0/tools/ccec_compiler/bin:/usr/local/Ascend/cann-8.5.0/tools/profiler/bin:/usr/local/Ascend/cann-8.5.0/tools/ascend_system_advisor/asys:/usr/local/Ascend/cann-8.5.0/tools/show_kernel_debug_data:/usr/local/Ascend/cann-8.5.0/tools/msobjdump:/root/.vscode-server/data/User/globalStorage/github.copilot-chat/debugCommand:/root/.vscode-server/data/User/globalStorage/github.copilot-chat/copilotCli:/root/.vscode-server/bin/8761a5560cfd65fdd19ce7e2bd18dab5c0a4d84e/bin/remote-cli:/usr/local/Ascend/nnal/atb/latest/atb/cxx_abi_1/bin:/usr/local/Ascend/nnal/atb/latest/atb/cxx_abi_1/bin:/usr/local/Ascend/nnal/atb/latest/atb/cxx_abi_1/bin:/usr/local/Ascend/ascend-toolkit/latest/bin:/usr/local/Ascend/ascend-toolkit/latest/compiler/ccec_compiler/bin:/usr/local/Ascend/ascend-toolkit/latest/tools/ccec_compiler/bin:/usr/local/python3.11.14/bin:/usr/local/sbin:/usr/local/bin:/usr/sbin:/usr/bin:/sbin:/bin:/usr/local/go/bin:/root/bin:/usr/local/go/bin
++ local env_value=/usr/local/Ascend/nnal/atb/latest/atb/cxx_abi_1/bin:/usr/local/Ascend/cann-8.5.0/tools/bishengir/bin:/usr/local/Ascend/cann-8.5.0/bin:/usr/local/Ascend/cann-8.5.0/tools/ccec_compiler/bin:/usr/local/Ascend/cann-8.5.0/tools/profiler/bin:/usr/local/Ascend/cann-8.5.0/tools/ascend_system_advisor/asys:/usr/local/Ascend/cann-8.5.0/tools/show_kernel_debug_data:/usr/local/Ascend/cann-8.5.0/tools/msobjdump:/root/.vscode-server/data/User/globalStorage/github.copilot-chat/debugCommand:/root/.vscode-server/data/User/globalStorage/github.copilot-chat/copilotCli:/root/.vscode-server/bin/8761a5560cfd65fdd19ce7e2bd18dab5c0a4d84e/bin/remote-cli:/usr/local/Ascend/nnal/atb/latest/atb/cxx_abi_1/bin:/usr/local/Ascend/nnal/atb/latest/atb/cxx_abi_1/bin:/usr/local/Ascend/nnal/atb/latest/atb/cxx_abi_1/bin:/usr/local/Ascend/ascend-toolkit/latest/bin:/usr/local/Ascend/ascend-toolkit/latest/compiler/ccec_compiler/bin:/usr/local/Ascend/ascend-toolkit/latest/tools/ccec_compiler/bin:/usr/local/python3.11.14/bin:/usr/local/sbin:/usr/local/bin:/usr/sbin:/usr/bin:/sbin:/bin:/usr/local/go/bin:/root/bin:/usr/local/go/bin
++ read -r PATH
+++ echo /usr/local/Ascend/nnal/atb/latest/atb/cxx_abi_1/bin:/usr/local/Ascend/cann-8.5.0/tools/bishengir/bin:/usr/local/Ascend/cann-8.5.0/bin:/usr/local/Ascend/cann-8.5.0/tools/ccec_compiler/bin:/usr/local/Ascend/cann-8.5.0/tools/profiler/bin:/usr/local/Ascend/cann-8.5.0/tools/ascend_system_advisor/asys:/usr/local/Ascend/cann-8.5.0/tools/show_kernel_debug_data:/usr/local/Ascend/cann-8.5.0/tools/msobjdump:/root/.vscode-server/data/User/globalStorage/github.copilot-chat/debugCommand:/root/.vscode-server/data/User/globalStorage/github.copilot-chat/copilotCli:/root/.vscode-server/bin/8761a5560cfd65fdd19ce7e2bd18dab5c0a4d84e/bin/remote-cli:/usr/local/Ascend/nnal/atb/latest/atb/cxx_abi_1/bin:/usr/local/Ascend/nnal/atb/latest/atb/cxx_abi_1/bin:/usr/local/Ascend/nnal/atb/latest/atb/cxx_abi_1/bin:/usr/local/Ascend/ascend-toolkit/latest/bin:/usr/local/Ascend/ascend-toolkit/latest/compiler/ccec_compiler/bin:/usr/local/Ascend/ascend-toolkit/latest/tools/ccec_compiler/bin:/usr/local/python3.11.14/bin:/usr/local/sbin:/usr/local/bin:/usr/sbin:/usr/bin:/sbin:/bin:/usr/local/go/bin:/root/bin:/usr/local/go/bin
+++ tr : '\n'
+++ grep -v -E '^/usr/local/Ascend/cann[/_-]'
+++ tr '\n' :
+++ sed 's/:$//'
++ export PATH
++ remove_env LD_LIBRARY_PATH '^/usr/local/Ascend/cann[/_-]'
++ local name=LD_LIBRARY_PATH
++ local 'regex=^/usr/local/Ascend/cann[/_-]'
+++ eval echo '${LD_LIBRARY_PATH}'
++++ echo /usr/local/Ascend/nnal/atb/latest/atb/cxx_abi_1/lib:/usr/local/Ascend/nnal/atb/latest/atb/cxx_abi_1/examples:/usr/local/Ascend/nnal/atb/latest/atb/cxx_abi_1/tests/atbopstest:/usr/local/Ascend/cann-8.5.0/lib64:/usr/local/Ascend/cann-8.5.0/lib64/plugin/opskernel:/usr/local/Ascend/cann-8.5.0/lib64/plugin/nnengine:/usr/local/Ascend/cann-8.5.0/opp/built-in/op_impl/ai_core/tbe/op_tiling/lib/linux/aarch64:/usr/local/Ascend/cann-8.5.0/tools/aml/lib64:/usr/local/Ascend/cann-8.5.0/tools/aml/lib64/plugin:/usr/local/Ascend/driver/lib64:/usr/local/Ascend/driver/lib64/common:/usr/local/Ascend/driver/lib64/driver:/usr/local/Ascend/nnal/atb/latest/atb/cxx_abi_1/lib:/usr/local/Ascend/nnal/atb/latest/atb/cxx_abi_1/examples:/usr/local/Ascend/nnal/atb/latest/atb/cxx_abi_1/tests/atbopstest:/usr/local/Ascend/driver/lib64:/usr/local/Ascend/driver/lib64/common:/usr/local/Ascend/driver/lib64/driver:/usr/local/Ascend/nnal/atb/latest/atb/cxx_abi_1/lib:/usr/local/Ascend/nnal/atb/latest/atb/cxx_abi_1/examples:/usr/local/Ascend/nnal/atb/latest/atb/cxx_abi_1/tests/atbopstest:/usr/local/Ascend/driver/lib64:/usr/local/Ascend/driver/lib64/common:/usr/local/Ascend/driver/lib64/driver:/usr/local/Ascend/nnal/atb/latest/atb/cxx_abi_1/lib:/usr/local/Ascend/nnal/atb/latest/atb/cxx_abi_1/examples:/usr/local/Ascend/nnal/atb/latest/atb/cxx_abi_1/tests/atbopstest:/usr/local/Ascend/ascend-toolkit/latest/tools/aml/lib64:/usr/local/Ascend/ascend-toolkit/latest/tools/aml/lib64/plugin:/usr/local/Ascend/ascend-toolkit/latest/lib64:/usr/local/Ascend/ascend-toolkit/latest/lib64/plugin/opskernel:/usr/local/Ascend/ascend-toolkit/latest/lib64/plugin/nnengine:/usr/local/Ascend/ascend-toolkit/latest/opp/built-in/op_impl/ai_core/tbe/op_tiling:/usr/local/Ascend/driver/lib64:/usr/local/Ascend/driver/lib64/common/:/usr/local/Ascend/driver/lib64/driver/:
++ local env_value=/usr/local/Ascend/nnal/atb/latest/atb/cxx_abi_1/lib:/usr/local/Ascend/nnal/atb/latest/atb/cxx_abi_1/examples:/usr/local/Ascend/nnal/atb/latest/atb/cxx_abi_1/tests/atbopstest:/usr/local/Ascend/cann-8.5.0/lib64:/usr/local/Ascend/cann-8.5.0/lib64/plugin/opskernel:/usr/local/Ascend/cann-8.5.0/lib64/plugin/nnengine:/usr/local/Ascend/cann-8.5.0/opp/built-in/op_impl/ai_core/tbe/op_tiling/lib/linux/aarch64:/usr/local/Ascend/cann-8.5.0/tools/aml/lib64:/usr/local/Ascend/cann-8.5.0/tools/aml/lib64/plugin:/usr/local/Ascend/driver/lib64:/usr/local/Ascend/driver/lib64/common:/usr/local/Ascend/driver/lib64/driver:/usr/local/Ascend/nnal/atb/latest/atb/cxx_abi_1/lib:/usr/local/Ascend/nnal/atb/latest/atb/cxx_abi_1/examples:/usr/local/Ascend/nnal/atb/latest/atb/cxx_abi_1/tests/atbopstest:/usr/local/Ascend/driver/lib64:/usr/local/Ascend/driver/lib64/common:/usr/local/Ascend/driver/lib64/driver:/usr/local/Ascend/nnal/atb/latest/atb/cxx_abi_1/lib:/usr/local/Ascend/nnal/atb/latest/atb/cxx_abi_1/examples:/usr/local/Ascend/nnal/atb/latest/atb/cxx_abi_1/tests/atbopstest:/usr/local/Ascend/driver/lib64:/usr/local/Ascend/driver/lib64/common:/usr/local/Ascend/driver/lib64/driver:/usr/local/Ascend/nnal/atb/latest/atb/cxx_abi_1/lib:/usr/local/Ascend/nnal/atb/latest/atb/cxx_abi_1/examples:/usr/local/Ascend/nnal/atb/latest/atb/cxx_abi_1/tests/atbopstest:/usr/local/Ascend/ascend-toolkit/latest/tools/aml/lib64:/usr/local/Ascend/ascend-toolkit/latest/tools/aml/lib64/plugin:/usr/local/Ascend/ascend-toolkit/latest/lib64:/usr/local/Ascend/ascend-toolkit/latest/lib64/plugin/opskernel:/usr/local/Ascend/ascend-toolkit/latest/lib64/plugin/nnengine:/usr/local/Ascend/ascend-toolkit/latest/opp/built-in/op_impl/ai_core/tbe/op_tiling:/usr/local/Ascend/driver/lib64:/usr/local/Ascend/driver/lib64/common/:/usr/local/Ascend/driver/lib64/driver/:
++ read -r LD_LIBRARY_PATH
+++ echo /usr/local/Ascend/nnal/atb/latest/atb/cxx_abi_1/lib:/usr/local/Ascend/nnal/atb/latest/atb/cxx_abi_1/examples:/usr/local/Ascend/nnal/atb/latest/atb/cxx_abi_1/tests/atbopstest:/usr/local/Ascend/cann-8.5.0/lib64:/usr/local/Ascend/cann-8.5.0/lib64/plugin/opskernel:/usr/local/Ascend/cann-8.5.0/lib64/plugin/nnengine:/usr/local/Ascend/cann-8.5.0/opp/built-in/op_impl/ai_core/tbe/op_tiling/lib/linux/aarch64:/usr/local/Ascend/cann-8.5.0/tools/aml/lib64:/usr/local/Ascend/cann-8.5.0/tools/aml/lib64/plugin:/usr/local/Ascend/driver/lib64:/usr/local/Ascend/driver/lib64/common:/usr/local/Ascend/driver/lib64/driver:/usr/local/Ascend/nnal/atb/latest/atb/cxx_abi_1/lib:/usr/local/Ascend/nnal/atb/latest/atb/cxx_abi_1/examples:/usr/local/Ascend/nnal/atb/latest/atb/cxx_abi_1/tests/atbopstest:/usr/local/Ascend/driver/lib64:/usr/local/Ascend/driver/lib64/common:/usr/local/Ascend/driver/lib64/driver:/usr/local/Ascend/nnal/atb/latest/atb/cxx_abi_1/lib:/usr/local/Ascend/nnal/atb/latest/atb/cxx_abi_1/examples:/usr/local/Ascend/nnal/atb/latest/atb/cxx_abi_1/tests/atbopstest:/usr/local/Ascend/driver/lib64:/usr/local/Ascend/driver/lib64/common:/usr/local/Ascend/driver/lib64/driver:/usr/local/Ascend/nnal/atb/latest/atb/cxx_abi_1/lib:/usr/local/Ascend/nnal/atb/latest/atb/cxx_abi_1/examples:/usr/local/Ascend/nnal/atb/latest/atb/cxx_abi_1/tests/atbopstest:/usr/local/Ascend/ascend-toolkit/latest/tools/aml/lib64:/usr/local/Ascend/ascend-toolkit/latest/tools/aml/lib64/plugin:/usr/local/Ascend/ascend-toolkit/latest/lib64:/usr/local/Ascend/ascend-toolkit/latest/lib64/plugin/opskernel:/usr/local/Ascend/ascend-toolkit/latest/lib64/plugin/nnengine:/usr/local/Ascend/ascend-toolkit/latest/opp/built-in/op_impl/ai_core/tbe/op_tiling:/usr/local/Ascend/driver/lib64:/usr/local/Ascend/driver/lib64/common/:/usr/local/Ascend/driver/lib64/driver/:
+++ tr : '\n'
+++ grep -v -E '^/usr/local/Ascend/cann[/_-]'
+++ tr '\n' :
+++ sed 's/:$//'
++ export LD_LIBRARY_PATH
++ remove_env PYTHONPATH '^/usr/local/Ascend/cann[/_-]'
++ local name=PYTHONPATH
++ local 'regex=^/usr/local/Ascend/cann[/_-]'
+++ eval echo '${PYTHONPATH}'
++++ echo /workspace/cann-recipes-train/llm_rl/qwen3_shrink_aware:/usr/local/Ascend/cann-8.5.0/python/site-packages:/usr/local/Ascend/cann-8.5.0/opp/built-in/op_impl/ai_core/tbe:/usr/local/Ascend/ascend-toolkit/latest/python/site-packages:/usr/local/Ascend/ascend-toolkit/latest/opp/built-in/op_impl/ai_core/tbe:
++ local env_value=/workspace/cann-recipes-train/llm_rl/qwen3_shrink_aware:/usr/local/Ascend/cann-8.5.0/python/site-packages:/usr/local/Ascend/cann-8.5.0/opp/built-in/op_impl/ai_core/tbe:/usr/local/Ascend/ascend-toolkit/latest/python/site-packages:/usr/local/Ascend/ascend-toolkit/latest/opp/built-in/op_impl/ai_core/tbe:
++ read -r PYTHONPATH
+++ echo /workspace/cann-recipes-train/llm_rl/qwen3_shrink_aware:/usr/local/Ascend/cann-8.5.0/python/site-packages:/usr/local/Ascend/cann-8.5.0/opp/built-in/op_impl/ai_core/tbe:/usr/local/Ascend/ascend-toolkit/latest/python/site-packages:/usr/local/Ascend/ascend-toolkit/latest/opp/built-in/op_impl/ai_core/tbe:
+++ tr : '\n'
+++ grep -v -E '^/usr/local/Ascend/cann[/_-]'
+++ tr '\n' :
+++ sed 's/:$//'
++ export PYTHONPATH
++ ld_library_path=/usr/local/Ascend/nnal/atb/latest/atb/cxx_abi_1/lib:/usr/local/Ascend/nnal/atb/latest/atb/cxx_abi_1/examples:/usr/local/Ascend/nnal/atb/latest/atb/cxx_abi_1/tests/atbopstest:/usr/local/Ascend/driver/lib64:/usr/local/Ascend/driver/lib64/common:/usr/local/Ascend/driver/lib64/driver:/usr/local/Ascend/nnal/atb/latest/atb/cxx_abi_1/lib:/usr/local/Ascend/nnal/atb/latest/atb/cxx_abi_1/examples:/usr/local/Ascend/nnal/atb/latest/atb/cxx_abi_1/tests/atbopstest:/usr/local/Ascend/driver/lib64:/usr/local/Ascend/driver/lib64/common:/usr/local/Ascend/driver/lib64/driver:/usr/local/Ascend/nnal/atb/latest/atb/cxx_abi_1/lib:/usr/local/Ascend/nnal/atb/latest/atb/cxx_abi_1/examples:/usr/local/Ascend/nnal/atb/latest/atb/cxx_abi_1/tests/atbopstest:/usr/local/Ascend/driver/lib64:/usr/local/Ascend/driver/lib64/common:/usr/local/Ascend/driver/lib64/driver:/usr/local/Ascend/nnal/atb/latest/atb/cxx_abi_1/lib:/usr/local/Ascend/nnal/atb/latest/atb/cxx_abi_1/examples:/usr/local/Ascend/nnal/atb/latest/atb/cxx_abi_1/tests/atbopstest:/usr/local/Ascend/ascend-toolkit/latest/tools/aml/lib64:/usr/local/Ascend/ascend-toolkit/latest/tools/aml/lib64/plugin:/usr/local/Ascend/ascend-toolkit/latest/lib64:/usr/local/Ascend/ascend-toolkit/latest/lib64/plugin/opskernel:/usr/local/Ascend/ascend-toolkit/latest/lib64/plugin/nnengine:/usr/local/Ascend/ascend-toolkit/latest/opp/built-in/op_impl/ai_core/tbe/op_tiling:/usr/local/Ascend/driver/lib64:/usr/local/Ascend/driver/lib64/common/:/usr/local/Ascend/driver/lib64/driver/:
++ '[' '!' -z /usr/local/Ascend/nnal/atb/latest/atb/cxx_abi_1/lib:/usr/local/Ascend/nnal/atb/latest/atb/cxx_abi_1/examples:/usr/local/Ascend/nnal/atb/latest/atb/cxx_abi_1/tests/atbopstest:/usr/local/Ascend/driver/lib64:/usr/local/Ascend/driver/lib64/common:/usr/local/Ascend/driver/lib64/driver:/usr/local/Ascend/nnal/atb/latest/atb/cxx_abi_1/lib:/usr/local/Ascend/nnal/atb/latest/atb/cxx_abi_1/examples:/usr/local/Ascend/nnal/atb/latest/atb/cxx_abi_1/tests/atbopstest:/usr/local/Ascend/driver/lib64:/usr/local/Ascend/driver/lib64/common:/usr/local/Ascend/driver/lib64/driver:/usr/local/Ascend/nnal/atb/latest/atb/cxx_abi_1/lib:/usr/local/Ascend/nnal/atb/latest/atb/cxx_abi_1/examples:/usr/local/Ascend/nnal/atb/latest/atb/cxx_abi_1/tests/atbopstest:/usr/local/Ascend/driver/lib64:/usr/local/Ascend/driver/lib64/common:/usr/local/Ascend/driver/lib64/driver:/usr/local/Ascend/nnal/atb/latest/atb/cxx_abi_1/lib:/usr/local/Ascend/nnal/atb/latest/atb/cxx_abi_1/examples:/usr/local/Ascend/nnal/atb/latest/atb/cxx_abi_1/tests/atbopstest:/usr/local/Ascend/ascend-toolkit/latest/tools/aml/lib64:/usr/local/Ascend/ascend-toolkit/latest/tools/aml/lib64/plugin:/usr/local/Ascend/ascend-toolkit/latest/lib64:/usr/local/Ascend/ascend-toolkit/latest/lib64/plugin/opskernel:/usr/local/Ascend/ascend-toolkit/latest/lib64/plugin/nnengine:/usr/local/Ascend/ascend-toolkit/latest/opp/built-in/op_impl/ai_core/tbe/op_tiling:/usr/local/Ascend/driver/lib64:/usr/local/Ascend/driver/lib64/common/:/usr/local/Ascend/driver/lib64/driver/: ']'
+++ echo /usr/local/Ascend/nnal/atb/latest/atb/cxx_abi_1/lib:/usr/local/Ascend/nnal/atb/latest/atb/cxx_abi_1/examples:/usr/local/Ascend/nnal/atb/latest/atb/cxx_abi_1/tests/atbopstest:/usr/local/Ascend/driver/lib64:/usr/local/Ascend/driver/lib64/common:/usr/local/Ascend/driver/lib64/driver:/usr/local/Ascend/nnal/atb/latest/atb/cxx_abi_1/lib:/usr/local/Ascend/nnal/atb/latest/atb/cxx_abi_1/examples:/usr/local/Ascend/nnal/atb/latest/atb/cxx_abi_1/tests/atbopstest:/usr/local/Ascend/driver/lib64:/usr/local/Ascend/driver/lib64/common:/usr/local/Ascend/driver/lib64/driver:/usr/local/Ascend/nnal/atb/latest/atb/cxx_abi_1/lib:/usr/local/Ascend/nnal/atb/latest/atb/cxx_abi_1/examples:/usr/local/Ascend/nnal/atb/latest/atb/cxx_abi_1/tests/atbopstest:/usr/local/Ascend/driver/lib64:/usr/local/Ascend/driver/lib64/common:/usr/local/Ascend/driver/lib64/driver:/usr/local/Ascend/nnal/atb/latest/atb/cxx_abi_1/lib:/usr/local/Ascend/nnal/atb/latest/atb/cxx_abi_1/examples:/usr/local/Ascend/nnal/atb/latest/atb/cxx_abi_1/tests/atbopstest:/usr/local/Ascend/ascend-toolkit/latest/tools/aml/lib64:/usr/local/Ascend/ascend-toolkit/latest/tools/aml/lib64/plugin:/usr/local/Ascend/ascend-toolkit/latest/lib64:/usr/local/Ascend/ascend-toolkit/latest/lib64/plugin/opskernel:/usr/local/Ascend/ascend-toolkit/latest/lib64/plugin/nnengine:/usr/local/Ascend/ascend-toolkit/latest/opp/built-in/op_impl/ai_core/tbe/op_tiling:/usr/local/Ascend/driver/lib64:/usr/local/Ascend/driver/lib64/common/:/usr/local/Ascend/driver/lib64/driver/:
+++ tr : ' '
++ ld_library_path='/usr/local/Ascend/nnal/atb/latest/atb/cxx_abi_1/lib /usr/local/Ascend/nnal/atb/latest/atb/cxx_abi_1/examples /usr/local/Ascend/nnal/atb/latest/atb/cxx_abi_1/tests/atbopstest /usr/local/Ascend/driver/lib64 /usr/local/Ascend/driver/lib64/common /usr/local/Ascend/driver/lib64/driver /usr/local/Ascend/nnal/atb/latest/atb/cxx_abi_1/lib /usr/local/Ascend/nnal/atb/latest/atb/cxx_abi_1/examples /usr/local/Ascend/nnal/atb/latest/atb/cxx_abi_1/tests/atbopstest /usr/local/Ascend/driver/lib64 /usr/local/Ascend/driver/lib64/common /usr/local/Ascend/driver/lib64/driver /usr/local/Ascend/nnal/atb/latest/atb/cxx_abi_1/lib /usr/local/Ascend/nnal/atb/latest/atb/cxx_abi_1/examples /usr/local/Ascend/nnal/atb/latest/atb/cxx_abi_1/tests/atbopstest /usr/local/Ascend/driver/lib64 /usr/local/Ascend/driver/lib64/common /usr/local/Ascend/driver/lib64/driver /usr/local/Ascend/nnal/atb/latest/atb/cxx_abi_1/lib /usr/local/Ascend/nnal/atb/latest/atb/cxx_abi_1/examples /usr/local/Ascend/nnal/atb/latest/atb/cxx_abi_1/tests/atbopstest /usr/local/Ascend/ascend-toolkit/latest/tools/aml/lib64 /usr/local/Ascend/ascend-toolkit/latest/tools/aml/lib64/plugin /usr/local/Ascend/ascend-toolkit/latest/lib64 /usr/local/Ascend/ascend-toolkit/latest/lib64/plugin/opskernel /usr/local/Ascend/ascend-toolkit/latest/lib64/plugin/nnengine /usr/local/Ascend/ascend-toolkit/latest/opp/built-in/op_impl/ai_core/tbe/op_tiling /usr/local/Ascend/driver/lib64 /usr/local/Ascend/driver/lib64/common/ /usr/local/Ascend/driver/lib64/driver/ '
++ for path in ${ld_library_path}
++ echo /usr/local/Ascend/nnal/atb/latest/atb/cxx_abi_1/lib
++ grep -q driver
++ for path in ${ld_library_path}
++ echo /usr/local/Ascend/nnal/atb/latest/atb/cxx_abi_1/examples
++ grep -q driver
++ for path in ${ld_library_path}
++ echo /usr/local/Ascend/nnal/atb/latest/atb/cxx_abi_1/tests/atbopstest
++ grep -q driver
++ for path in ${ld_library_path}
++ echo /usr/local/Ascend/driver/lib64
++ grep -q driver
++ '[' -d /usr/local/Ascend/driver/lib64 ']'
+++ find /usr/local/Ascend/driver/lib64 -name libascend_hal.so
++ dep_hal_path=/usr/local/Ascend/driver/lib64/driver/libascend_hal.so
++ '[' '!' -z /usr/local/Ascend/driver/lib64/driver/libascend_hal.so ']'
++ is_install_driver=y
++ for path in ${ld_library_path}
++ echo /usr/local/Ascend/driver/lib64/common
++ grep -q driver
++ '[' -d /usr/local/Ascend/driver/lib64/common ']'
+++ find /usr/local/Ascend/driver/lib64/common -name libascend_hal.so
++ dep_hal_path=
++ '[' '!' -z '' ']'
++ for path in ${ld_library_path}
++ echo /usr/local/Ascend/driver/lib64/driver
++ grep -q driver
++ '[' -d /usr/local/Ascend/driver/lib64/driver ']'
+++ find /usr/local/Ascend/driver/lib64/driver -name libascend_hal.so
++ dep_hal_path=/usr/local/Ascend/driver/lib64/driver/libascend_hal.so
++ '[' '!' -z /usr/local/Ascend/driver/lib64/driver/libascend_hal.so ']'
++ is_install_driver=y
++ for path in ${ld_library_path}
++ echo /usr/local/Ascend/nnal/atb/latest/atb/cxx_abi_1/lib
++ grep -q driver
++ for path in ${ld_library_path}
++ echo /usr/local/Ascend/nnal/atb/latest/atb/cxx_abi_1/examples
++ grep -q driver
++ for path in ${ld_library_path}
++ echo /usr/local/Ascend/nnal/atb/latest/atb/cxx_abi_1/tests/atbopstest
++ grep -q driver
++ for path in ${ld_library_path}
++ echo /usr/local/Ascend/driver/lib64
++ grep -q driver
++ '[' -d /usr/local/Ascend/driver/lib64 ']'
+++ find /usr/local/Ascend/driver/lib64 -name libascend_hal.so
++ dep_hal_path=/usr/local/Ascend/driver/lib64/driver/libascend_hal.so
++ '[' '!' -z /usr/local/Ascend/driver/lib64/driver/libascend_hal.so ']'
++ is_install_driver=y
++ for path in ${ld_library_path}
++ echo /usr/local/Ascend/driver/lib64/common
++ grep -q driver
++ '[' -d /usr/local/Ascend/driver/lib64/common ']'
+++ find /usr/local/Ascend/driver/lib64/common -name libascend_hal.so
++ dep_hal_path=
++ '[' '!' -z '' ']'
++ for path in ${ld_library_path}
++ echo /usr/local/Ascend/driver/lib64/driver
++ grep -q driver
++ '[' -d /usr/local/Ascend/driver/lib64/driver ']'
+++ find /usr/local/Ascend/driver/lib64/driver -name libascend_hal.so
++ dep_hal_path=/usr/local/Ascend/driver/lib64/driver/libascend_hal.so
++ '[' '!' -z /usr/local/Ascend/driver/lib64/driver/libascend_hal.so ']'
++ is_install_driver=y
++ for path in ${ld_library_path}
++ echo /usr/local/Ascend/nnal/atb/latest/atb/cxx_abi_1/lib
++ grep -q driver
++ for path in ${ld_library_path}
++ echo /usr/local/Ascend/nnal/atb/latest/atb/cxx_abi_1/examples
++ grep -q driver
++ for path in ${ld_library_path}
++ echo /usr/local/Ascend/nnal/atb/latest/atb/cxx_abi_1/tests/atbopstest
++ grep -q driver
++ for path in ${ld_library_path}
++ echo /usr/local/Ascend/driver/lib64
++ grep -q driver
++ '[' -d /usr/local/Ascend/driver/lib64 ']'
+++ find /usr/local/Ascend/driver/lib64 -name libascend_hal.so
++ dep_hal_path=/usr/local/Ascend/driver/lib64/driver/libascend_hal.so
++ '[' '!' -z /usr/local/Ascend/driver/lib64/driver/libascend_hal.so ']'
++ is_install_driver=y
++ for path in ${ld_library_path}
++ echo /usr/local/Ascend/driver/lib64/common
++ grep -q driver
++ '[' -d /usr/local/Ascend/driver/lib64/common ']'
+++ find /usr/local/Ascend/driver/lib64/common -name libascend_hal.so
++ dep_hal_path=
++ '[' '!' -z '' ']'
++ for path in ${ld_library_path}
++ echo /usr/local/Ascend/driver/lib64/driver
++ grep -q driver
++ '[' -d /usr/local/Ascend/driver/lib64/driver ']'
+++ find /usr/local/Ascend/driver/lib64/driver -name libascend_hal.so
++ dep_hal_path=/usr/local/Ascend/driver/lib64/driver/libascend_hal.so
++ '[' '!' -z /usr/local/Ascend/driver/lib64/driver/libascend_hal.so ']'
++ is_install_driver=y
++ for path in ${ld_library_path}
++ echo /usr/local/Ascend/nnal/atb/latest/atb/cxx_abi_1/lib
++ grep -q driver
++ for path in ${ld_library_path}
++ echo /usr/local/Ascend/nnal/atb/latest/atb/cxx_abi_1/examples
++ grep -q driver
++ for path in ${ld_library_path}
++ grep -q driver
++ echo /usr/local/Ascend/nnal/atb/latest/atb/cxx_abi_1/tests/atbopstest
++ for path in ${ld_library_path}
++ echo /usr/local/Ascend/ascend-toolkit/latest/tools/aml/lib64
++ grep -q driver
++ for path in ${ld_library_path}
++ echo /usr/local/Ascend/ascend-toolkit/latest/tools/aml/lib64/plugin
++ grep -q driver
++ for path in ${ld_library_path}
++ echo /usr/local/Ascend/ascend-toolkit/latest/lib64
++ grep -q driver
++ for path in ${ld_library_path}
++ echo /usr/local/Ascend/ascend-toolkit/latest/lib64/plugin/opskernel
++ grep -q driver
++ for path in ${ld_library_path}
++ echo /usr/local/Ascend/ascend-toolkit/latest/lib64/plugin/nnengine
++ grep -q driver
++ for path in ${ld_library_path}
++ echo /usr/local/Ascend/ascend-toolkit/latest/opp/built-in/op_impl/ai_core/tbe/op_tiling
++ grep -q driver
++ for path in ${ld_library_path}
++ echo /usr/local/Ascend/driver/lib64
++ grep -q driver
++ '[' -d /usr/local/Ascend/driver/lib64 ']'
+++ find /usr/local/Ascend/driver/lib64 -name libascend_hal.so
++ dep_hal_path=/usr/local/Ascend/driver/lib64/driver/libascend_hal.so
++ '[' '!' -z /usr/local/Ascend/driver/lib64/driver/libascend_hal.so ']'
++ is_install_driver=y
++ for path in ${ld_library_path}
++ echo /usr/local/Ascend/driver/lib64/common/
++ grep -q driver
++ '[' -d /usr/local/Ascend/driver/lib64/common/ ']'
+++ find /usr/local/Ascend/driver/lib64/common/ -name libascend_hal.so
++ dep_hal_path=
++ '[' '!' -z '' ']'
++ for path in ${ld_library_path}
++ echo /usr/local/Ascend/driver/lib64/driver/
++ grep -q driver
++ '[' -d /usr/local/Ascend/driver/lib64/driver/ ']'
+++ find /usr/local/Ascend/driver/lib64/driver/ -name libascend_hal.so
++ dep_hal_path=/usr/local/Ascend/driver/lib64/driver/libascend_hal.so
++ '[' '!' -z /usr/local/Ascend/driver/lib64/driver/libascend_hal.so ']'
++ is_install_driver=y
++ '[' -f /etc/ascend_install.info ']'
++ case ":$PATH:" in
++ command -v ldconfig
++ ldconfig -p
++ grep -q -- libascend_hal.so
++ command -v arch
+++ arch
++ architecture=aarch64
++ prepend_env PATH /usr/local/Ascend/cann-8.5.0/bin:/usr/local/Ascend/cann-8.5.0/tools/ccec_compiler/bin:/usr/local/Ascend/cann-8.5.0/tools/profiler/bin:/usr/local/Ascend/cann-8.5.0/tools/ascend_system_advisor/asys:/usr/local/Ascend/cann-8.5.0/tools/show_kernel_debug_data:/usr/local/Ascend/cann-8.5.0/tools/msobjdump
++ local name=PATH
++ local value=/usr/local/Ascend/cann-8.5.0/bin:/usr/local/Ascend/cann-8.5.0/tools/ccec_compiler/bin:/usr/local/Ascend/cann-8.5.0/tools/profiler/bin:/usr/local/Ascend/cann-8.5.0/tools/ascend_system_advisor/asys:/usr/local/Ascend/cann-8.5.0/tools/show_kernel_debug_data:/usr/local/Ascend/cann-8.5.0/tools/msobjdump
+++ eval echo '${PATH}'
++++ echo /usr/local/Ascend/nnal/atb/latest/atb/cxx_abi_1/bin:/root/.vscode-server/data/User/globalStorage/github.copilot-chat/debugCommand:/root/.vscode-server/data/User/globalStorage/github.copilot-chat/copilotCli:/root/.vscode-server/bin/8761a5560cfd65fdd19ce7e2bd18dab5c0a4d84e/bin/remote-cli:/usr/local/Ascend/nnal/atb/latest/atb/cxx_abi_1/bin:/usr/local/Ascend/nnal/atb/latest/atb/cxx_abi_1/bin:/usr/local/Ascend/nnal/atb/latest/atb/cxx_abi_1/bin:/usr/local/Ascend/ascend-toolkit/latest/bin:/usr/local/Ascend/ascend-toolkit/latest/compiler/ccec_compiler/bin:/usr/local/Ascend/ascend-toolkit/latest/tools/ccec_compiler/bin:/usr/local/python3.11.14/bin:/usr/local/sbin:/usr/local/bin:/usr/sbin:/usr/bin:/sbin:/bin:/usr/local/go/bin:/root/bin:/usr/local/go/bin
++ local env_value=/usr/local/Ascend/nnal/atb/latest/atb/cxx_abi_1/bin:/root/.vscode-server/data/User/globalStorage/github.copilot-chat/debugCommand:/root/.vscode-server/data/User/globalStorage/github.copilot-chat/copilotCli:/root/.vscode-server/bin/8761a5560cfd65fdd19ce7e2bd18dab5c0a4d84e/bin/remote-cli:/usr/local/Ascend/nnal/atb/latest/atb/cxx_abi_1/bin:/usr/local/Ascend/nnal/atb/latest/atb/cxx_abi_1/bin:/usr/local/Ascend/nnal/atb/latest/atb/cxx_abi_1/bin:/usr/local/Ascend/ascend-toolkit/latest/bin:/usr/local/Ascend/ascend-toolkit/latest/compiler/ccec_compiler/bin:/usr/local/Ascend/ascend-toolkit/latest/tools/ccec_compiler/bin:/usr/local/python3.11.14/bin:/usr/local/sbin:/usr/local/bin:/usr/sbin:/usr/bin:/sbin:/bin:/usr/local/go/bin:/root/bin:/usr/local/go/bin
++ '[' /usr/local/Ascend/nnal/atb/latest/atb/cxx_abi_1/bin:/root/.vscode-server/data/User/globalStorage/github.copilot-chat/debugCommand:/root/.vscode-server/data/User/globalStorage/github.copilot-chat/copilotCli:/root/.vscode-server/bin/8761a5560cfd65fdd19ce7e2bd18dab5c0a4d84e/bin/remote-cli:/usr/local/Ascend/nnal/atb/latest/atb/cxx_abi_1/bin:/usr/local/Ascend/nnal/atb/latest/atb/cxx_abi_1/bin:/usr/local/Ascend/nnal/atb/latest/atb/cxx_abi_1/bin:/usr/local/Ascend/ascend-toolkit/latest/bin:/usr/local/Ascend/ascend-toolkit/latest/compiler/ccec_compiler/bin:/usr/local/Ascend/ascend-toolkit/latest/tools/ccec_compiler/bin:/usr/local/python3.11.14/bin:/usr/local/sbin:/usr/local/bin:/usr/sbin:/usr/bin:/sbin:/bin:/usr/local/go/bin:/root/bin:/usr/local/go/bin = '' ']'
++ read -r PATH
++ export PATH
++ prepend_env LD_LIBRARY_PATH /usr/local/Ascend/cann-8.5.0/lib64:/usr/local/Ascend/cann-8.5.0/lib64/plugin/opskernel:/usr/local/Ascend/cann-8.5.0/lib64/plugin/nnengine:/usr/local/Ascend/cann-8.5.0/opp/built-in/op_impl/ai_core/tbe/op_tiling/lib/linux/aarch64:/usr/local/Ascend/cann-8.5.0/tools/aml/lib64:/usr/local/Ascend/cann-8.5.0/tools/aml/lib64/plugin:/usr/local/Ascend/driver/lib64:/usr/local/Ascend/driver/lib64/common:/usr/local/Ascend/driver/lib64/driver
++ local name=LD_LIBRARY_PATH
++ local value=/usr/local/Ascend/cann-8.5.0/lib64:/usr/local/Ascend/cann-8.5.0/lib64/plugin/opskernel:/usr/local/Ascend/cann-8.5.0/lib64/plugin/nnengine:/usr/local/Ascend/cann-8.5.0/opp/built-in/op_impl/ai_core/tbe/op_tiling/lib/linux/aarch64:/usr/local/Ascend/cann-8.5.0/tools/aml/lib64:/usr/local/Ascend/cann-8.5.0/tools/aml/lib64/plugin:/usr/local/Ascend/driver/lib64:/usr/local/Ascend/driver/lib64/common:/usr/local/Ascend/driver/lib64/driver
+++ eval echo '${LD_LIBRARY_PATH}'
++++ echo /usr/local/Ascend/nnal/atb/latest/atb/cxx_abi_1/lib:/usr/local/Ascend/nnal/atb/latest/atb/cxx_abi_1/examples:/usr/local/Ascend/nnal/atb/latest/atb/cxx_abi_1/tests/atbopstest:/usr/local/Ascend/driver/lib64:/usr/local/Ascend/driver/lib64/common:/usr/local/Ascend/driver/lib64/driver:/usr/local/Ascend/nnal/atb/latest/atb/cxx_abi_1/lib:/usr/local/Ascend/nnal/atb/latest/atb/cxx_abi_1/examples:/usr/local/Ascend/nnal/atb/latest/atb/cxx_abi_1/tests/atbopstest:/usr/local/Ascend/driver/lib64:/usr/local/Ascend/driver/lib64/common:/usr/local/Ascend/driver/lib64/driver:/usr/local/Ascend/nnal/atb/latest/atb/cxx_abi_1/lib:/usr/local/Ascend/nnal/atb/latest/atb/cxx_abi_1/examples:/usr/local/Ascend/nnal/atb/latest/atb/cxx_abi_1/tests/atbopstest:/usr/local/Ascend/driver/lib64:/usr/local/Ascend/driver/lib64/common:/usr/local/Ascend/driver/lib64/driver:/usr/local/Ascend/nnal/atb/latest/atb/cxx_abi_1/lib:/usr/local/Ascend/nnal/atb/latest/atb/cxx_abi_1/examples:/usr/local/Ascend/nnal/atb/latest/atb/cxx_abi_1/tests/atbopstest:/usr/local/Ascend/ascend-toolkit/latest/tools/aml/lib64:/usr/local/Ascend/ascend-toolkit/latest/tools/aml/lib64/plugin:/usr/local/Ascend/ascend-toolkit/latest/lib64:/usr/local/Ascend/ascend-toolkit/latest/lib64/plugin/opskernel:/usr/local/Ascend/ascend-toolkit/latest/lib64/plugin/nnengine:/usr/local/Ascend/ascend-toolkit/latest/opp/built-in/op_impl/ai_core/tbe/op_tiling:/usr/local/Ascend/driver/lib64:/usr/local/Ascend/driver/lib64/common/:/usr/local/Ascend/driver/lib64/driver/:
++ local env_value=/usr/local/Ascend/nnal/atb/latest/atb/cxx_abi_1/lib:/usr/local/Ascend/nnal/atb/latest/atb/cxx_abi_1/examples:/usr/local/Ascend/nnal/atb/latest/atb/cxx_abi_1/tests/atbopstest:/usr/local/Ascend/driver/lib64:/usr/local/Ascend/driver/lib64/common:/usr/local/Ascend/driver/lib64/driver:/usr/local/Ascend/nnal/atb/latest/atb/cxx_abi_1/lib:/usr/local/Ascend/nnal/atb/latest/atb/cxx_abi_1/examples:/usr/local/Ascend/nnal/atb/latest/atb/cxx_abi_1/tests/atbopstest:/usr/local/Ascend/driver/lib64:/usr/local/Ascend/driver/lib64/common:/usr/local/Ascend/driver/lib64/driver:/usr/local/Ascend/nnal/atb/latest/atb/cxx_abi_1/lib:/usr/local/Ascend/nnal/atb/latest/atb/cxx_abi_1/examples:/usr/local/Ascend/nnal/atb/latest/atb/cxx_abi_1/tests/atbopstest:/usr/local/Ascend/driver/lib64:/usr/local/Ascend/driver/lib64/common:/usr/local/Ascend/driver/lib64/driver:/usr/local/Ascend/nnal/atb/latest/atb/cxx_abi_1/lib:/usr/local/Ascend/nnal/atb/latest/atb/cxx_abi_1/examples:/usr/local/Ascend/nnal/atb/latest/atb/cxx_abi_1/tests/atbopstest:/usr/local/Ascend/ascend-toolkit/latest/tools/aml/lib64:/usr/local/Ascend/ascend-toolkit/latest/tools/aml/lib64/plugin:/usr/local/Ascend/ascend-toolkit/latest/lib64:/usr/local/Ascend/ascend-toolkit/latest/lib64/plugin/opskernel:/usr/local/Ascend/ascend-toolkit/latest/lib64/plugin/nnengine:/usr/local/Ascend/ascend-toolkit/latest/opp/built-in/op_impl/ai_core/tbe/op_tiling:/usr/local/Ascend/driver/lib64:/usr/local/Ascend/driver/lib64/common/:/usr/local/Ascend/driver/lib64/driver/:
++ '[' /usr/local/Ascend/nnal/atb/latest/atb/cxx_abi_1/lib:/usr/local/Ascend/nnal/atb/latest/atb/cxx_abi_1/examples:/usr/local/Ascend/nnal/atb/latest/atb/cxx_abi_1/tests/atbopstest:/usr/local/Ascend/driver/lib64:/usr/local/Ascend/driver/lib64/common:/usr/local/Ascend/driver/lib64/driver:/usr/local/Ascend/nnal/atb/latest/atb/cxx_abi_1/lib:/usr/local/Ascend/nnal/atb/latest/atb/cxx_abi_1/examples:/usr/local/Ascend/nnal/atb/latest/atb/cxx_abi_1/tests/atbopstest:/usr/local/Ascend/driver/lib64:/usr/local/Ascend/driver/lib64/common:/usr/local/Ascend/driver/lib64/driver:/usr/local/Ascend/nnal/atb/latest/atb/cxx_abi_1/lib:/usr/local/Ascend/nnal/atb/latest/atb/cxx_abi_1/examples:/usr/local/Ascend/nnal/atb/latest/atb/cxx_abi_1/tests/atbopstest:/usr/local/Ascend/driver/lib64:/usr/local/Ascend/driver/lib64/common:/usr/local/Ascend/driver/lib64/driver:/usr/local/Ascend/nnal/atb/latest/atb/cxx_abi_1/lib:/usr/local/Ascend/nnal/atb/latest/atb/cxx_abi_1/examples:/usr/local/Ascend/nnal/atb/latest/atb/cxx_abi_1/tests/atbopstest:/usr/local/Ascend/ascend-toolkit/latest/tools/aml/lib64:/usr/local/Ascend/ascend-toolkit/latest/tools/aml/lib64/plugin:/usr/local/Ascend/ascend-toolkit/latest/lib64:/usr/local/Ascend/ascend-toolkit/latest/lib64/plugin/opskernel:/usr/local/Ascend/ascend-toolkit/latest/lib64/plugin/nnengine:/usr/local/Ascend/ascend-toolkit/latest/opp/built-in/op_impl/ai_core/tbe/op_tiling:/usr/local/Ascend/driver/lib64:/usr/local/Ascend/driver/lib64/common/:/usr/local/Ascend/driver/lib64/driver/: = '' ']'
++ read -r LD_LIBRARY_PATH
++ export LD_LIBRARY_PATH
++ export PYTHONPATH=/usr/local/Ascend/cann-8.5.0/python/site-packages:/usr/local/Ascend/cann-8.5.0/opp/built-in/op_impl/ai_core/tbe:/workspace/cann-recipes-train/llm_rl/qwen3_shrink_aware:/usr/local/Ascend/ascend-toolkit/latest/python/site-packages:/usr/local/Ascend/ascend-toolkit/latest/opp/built-in/op_impl/ai_core/tbe:
++ PYTHONPATH=/usr/local/Ascend/cann-8.5.0/python/site-packages:/usr/local/Ascend/cann-8.5.0/opp/built-in/op_impl/ai_core/tbe:/workspace/cann-recipes-train/llm_rl/qwen3_shrink_aware:/usr/local/Ascend/ascend-toolkit/latest/python/site-packages:/usr/local/Ascend/ascend-toolkit/latest/opp/built-in/op_impl/ai_core/tbe:
++ '[' y = n ']'
++ export ASCEND_OPP_PATH=/usr/local/Ascend/cann-8.5.0/opp
++ ASCEND_OPP_PATH=/usr/local/Ascend/cann-8.5.0/opp
++ export ASCEND_AICPU_PATH=/usr/local/Ascend/cann-8.5.0
++ ASCEND_AICPU_PATH=/usr/local/Ascend/cann-8.5.0
++ export TOOLCHAIN_HOME=/usr/local/Ascend/cann-8.5.0/toolkit
++ TOOLCHAIN_HOME=/usr/local/Ascend/cann-8.5.0/toolkit
++ export ASCEND_HOME_PATH=/usr/local/Ascend/cann-8.5.0
++ ASCEND_HOME_PATH=/usr/local/Ascend/cann-8.5.0
++ export ASCEND_TOOLKIT_HOME=/usr/local/Ascend/cann-8.5.0
++ ASCEND_TOOLKIT_HOME=/usr/local/Ascend/cann-8.5.0
++ prepend_env CMAKE_PREFIX_PATH /usr/local/Ascend/cann-8.5.0/lib64/cmake
++ local name=CMAKE_PREFIX_PATH
++ local value=/usr/local/Ascend/cann-8.5.0/lib64/cmake
+++ eval echo '${CMAKE_PREFIX_PATH}'
++++ echo /usr/local/Ascend/cann-8.5.0/toolkit/tools/tikicpulib/lib/cmake:/usr/local/Ascend/cann-8.5.0/lib64/cmake:/usr/local/Ascend/cann-8.5.0/toolkit/tools/tikicpulib/lib/cmake:/usr/local/Ascend/cann-8.5.0/lib64/cmake:/usr/local/Ascend/cann-8.5.0/toolkit/tools/tikicpulib/lib/cmake:/usr/local/Ascend/cann-8.5.0/lib64/cmake
++ local env_value=/usr/local/Ascend/cann-8.5.0/toolkit/tools/tikicpulib/lib/cmake:/usr/local/Ascend/cann-8.5.0/lib64/cmake:/usr/local/Ascend/cann-8.5.0/toolkit/tools/tikicpulib/lib/cmake:/usr/local/Ascend/cann-8.5.0/lib64/cmake:/usr/local/Ascend/cann-8.5.0/toolkit/tools/tikicpulib/lib/cmake:/usr/local/Ascend/cann-8.5.0/lib64/cmake
++ '[' /usr/local/Ascend/cann-8.5.0/toolkit/tools/tikicpulib/lib/cmake:/usr/local/Ascend/cann-8.5.0/lib64/cmake:/usr/local/Ascend/cann-8.5.0/toolkit/tools/tikicpulib/lib/cmake:/usr/local/Ascend/cann-8.5.0/lib64/cmake:/usr/local/Ascend/cann-8.5.0/toolkit/tools/tikicpulib/lib/cmake:/usr/local/Ascend/cann-8.5.0/lib64/cmake = '' ']'
++ read -r CMAKE_PREFIX_PATH
++ export CMAKE_PREFIX_PATH
++ prepend_env CMAKE_PREFIX_PATH /usr/local/Ascend/cann-8.5.0/toolkit/tools/tikicpulib/lib/cmake
++ local name=CMAKE_PREFIX_PATH
++ local value=/usr/local/Ascend/cann-8.5.0/toolkit/tools/tikicpulib/lib/cmake
+++ eval echo '${CMAKE_PREFIX_PATH}'
++++ echo /usr/local/Ascend/cann-8.5.0/lib64/cmake:/usr/local/Ascend/cann-8.5.0/toolkit/tools/tikicpulib/lib/cmake:/usr/local/Ascend/cann-8.5.0/lib64/cmake:/usr/local/Ascend/cann-8.5.0/toolkit/tools/tikicpulib/lib/cmake:/usr/local/Ascend/cann-8.5.0/lib64/cmake:/usr/local/Ascend/cann-8.5.0/toolkit/tools/tikicpulib/lib/cmake:/usr/local/Ascend/cann-8.5.0/lib64/cmake
++ local env_value=/usr/local/Ascend/cann-8.5.0/lib64/cmake:/usr/local/Ascend/cann-8.5.0/toolkit/tools/tikicpulib/lib/cmake:/usr/local/Ascend/cann-8.5.0/lib64/cmake:/usr/local/Ascend/cann-8.5.0/toolkit/tools/tikicpulib/lib/cmake:/usr/local/Ascend/cann-8.5.0/lib64/cmake:/usr/local/Ascend/cann-8.5.0/toolkit/tools/tikicpulib/lib/cmake:/usr/local/Ascend/cann-8.5.0/lib64/cmake
++ '[' /usr/local/Ascend/cann-8.5.0/lib64/cmake:/usr/local/Ascend/cann-8.5.0/toolkit/tools/tikicpulib/lib/cmake:/usr/local/Ascend/cann-8.5.0/lib64/cmake:/usr/local/Ascend/cann-8.5.0/toolkit/tools/tikicpulib/lib/cmake:/usr/local/Ascend/cann-8.5.0/lib64/cmake:/usr/local/Ascend/cann-8.5.0/toolkit/tools/tikicpulib/lib/cmake:/usr/local/Ascend/cann-8.5.0/lib64/cmake = '' ']'
++ read -r CMAKE_PREFIX_PATH
++ export CMAKE_PREFIX_PATH
+ source /usr/local/Ascend/nnal/asdsip/set_env.sh
++ path=/usr/local/Ascend/nnal/asdsip/set_env.sh
++ [[ -f /usr/local/Ascend/nnal/asdsip/set_env.sh ]]
++ [[ /usr/local/Ascend/nnal/asdsip/set_env.sh =~ set_env\.sh ]]
++++ dirname /usr/local/Ascend/nnal/asdsip/set_env.sh
+++ cd /usr/local/Ascend/nnal/asdsip
+++ pwd
++ asdsip_dir_path=/usr/local/Ascend/nnal/asdsip
++ export ASDSIP_HOME_PATH=/usr/local/Ascend/nnal/asdsip/latest/
++ ASDSIP_HOME_PATH=/usr/local/Ascend/nnal/asdsip/latest/
++ export LD_LIBRARY_PATH=/usr/local/Ascend/nnal/asdsip/latest//lib:/usr/local/Ascend/cann-8.5.0/lib64:/usr/local/Ascend/cann-8.5.0/lib64/plugin/opskernel:/usr/local/Ascend/cann-8.5.0/lib64/plugin/nnengine:/usr/local/Ascend/cann-8.5.0/opp/built-in/op_impl/ai_core/tbe/op_tiling/lib/linux/aarch64:/usr/local/Ascend/cann-8.5.0/tools/aml/lib64:/usr/local/Ascend/cann-8.5.0/tools/aml/lib64/plugin:/usr/local/Ascend/driver/lib64:/usr/local/Ascend/driver/lib64/common:/usr/local/Ascend/driver/lib64/driver:/usr/local/Ascend/nnal/atb/latest/atb/cxx_abi_1/lib:/usr/local/Ascend/nnal/atb/latest/atb/cxx_abi_1/examples:/usr/local/Ascend/nnal/atb/latest/atb/cxx_abi_1/tests/atbopstest:/usr/local/Ascend/driver/lib64:/usr/local/Ascend/driver/lib64/common:/usr/local/Ascend/driver/lib64/driver:/usr/local/Ascend/nnal/atb/latest/atb/cxx_abi_1/lib:/usr/local/Ascend/nnal/atb/latest/atb/cxx_abi_1/examples:/usr/local/Ascend/nnal/atb/latest/atb/cxx_abi_1/tests/atbopstest:/usr/local/Ascend/driver/lib64:/usr/local/Ascend/driver/lib64/common:/usr/local/Ascend/driver/lib64/driver:/usr/local/Ascend/nnal/atb/latest/atb/cxx_abi_1/lib:/usr/local/Ascend/nnal/atb/latest/atb/cxx_abi_1/examples:/usr/local/Ascend/nnal/atb/latest/atb/cxx_abi_1/tests/atbopstest:/usr/local/Ascend/driver/lib64:/usr/local/Ascend/driver/lib64/common:/usr/local/Ascend/driver/lib64/driver:/usr/local/Ascend/nnal/atb/latest/atb/cxx_abi_1/lib:/usr/local/Ascend/nnal/atb/latest/atb/cxx_abi_1/examples:/usr/local/Ascend/nnal/atb/latest/atb/cxx_abi_1/tests/atbopstest:/usr/local/Ascend/ascend-toolkit/latest/tools/aml/lib64:/usr/local/Ascend/ascend-toolkit/latest/tools/aml/lib64/plugin:/usr/local/Ascend/ascend-toolkit/latest/lib64:/usr/local/Ascend/ascend-toolkit/latest/lib64/plugin/opskernel:/usr/local/Ascend/ascend-toolkit/latest/lib64/plugin/nnengine:/usr/local/Ascend/ascend-toolkit/latest/opp/built-in/op_impl/ai_core/tbe/op_tiling:/usr/local/Ascend/driver/lib64:/usr/local/Ascend/driver/lib64/common/:/usr/local/Ascend/driver/lib64/driver/:
++ LD_LIBRARY_PATH=/usr/local/Ascend/nnal/asdsip/latest//lib:/usr/local/Ascend/cann-8.5.0/lib64:/usr/local/Ascend/cann-8.5.0/lib64/plugin/opskernel:/usr/local/Ascend/cann-8.5.0/lib64/plugin/nnengine:/usr/local/Ascend/cann-8.5.0/opp/built-in/op_impl/ai_core/tbe/op_tiling/lib/linux/aarch64:/usr/local/Ascend/cann-8.5.0/tools/aml/lib64:/usr/local/Ascend/cann-8.5.0/tools/aml/lib64/plugin:/usr/local/Ascend/driver/lib64:/usr/local/Ascend/driver/lib64/common:/usr/local/Ascend/driver/lib64/driver:/usr/local/Ascend/nnal/atb/latest/atb/cxx_abi_1/lib:/usr/local/Ascend/nnal/atb/latest/atb/cxx_abi_1/examples:/usr/local/Ascend/nnal/atb/latest/atb/cxx_abi_1/tests/atbopstest:/usr/local/Ascend/driver/lib64:/usr/local/Ascend/driver/lib64/common:/usr/local/Ascend/driver/lib64/driver:/usr/local/Ascend/nnal/atb/latest/atb/cxx_abi_1/lib:/usr/local/Ascend/nnal/atb/latest/atb/cxx_abi_1/examples:/usr/local/Ascend/nnal/atb/latest/atb/cxx_abi_1/tests/atbopstest:/usr/local/Ascend/driver/lib64:/usr/local/Ascend/driver/lib64/common:/usr/local/Ascend/driver/lib64/driver:/usr/local/Ascend/nnal/atb/latest/atb/cxx_abi_1/lib:/usr/local/Ascend/nnal/atb/latest/atb/cxx_abi_1/examples:/usr/local/Ascend/nnal/atb/latest/atb/cxx_abi_1/tests/atbopstest:/usr/local/Ascend/driver/lib64:/usr/local/Ascend/driver/lib64/common:/usr/local/Ascend/driver/lib64/driver:/usr/local/Ascend/nnal/atb/latest/atb/cxx_abi_1/lib:/usr/local/Ascend/nnal/atb/latest/atb/cxx_abi_1/examples:/usr/local/Ascend/nnal/atb/latest/atb/cxx_abi_1/tests/atbopstest:/usr/local/Ascend/ascend-toolkit/latest/tools/aml/lib64:/usr/local/Ascend/ascend-toolkit/latest/tools/aml/lib64/plugin:/usr/local/Ascend/ascend-toolkit/latest/lib64:/usr/local/Ascend/ascend-toolkit/latest/lib64/plugin/opskernel:/usr/local/Ascend/ascend-toolkit/latest/lib64/plugin/nnengine:/usr/local/Ascend/ascend-toolkit/latest/opp/built-in/op_impl/ai_core/tbe/op_tiling:/usr/local/Ascend/driver/lib64:/usr/local/Ascend/driver/lib64/common/:/usr/local/Ascend/driver/lib64/driver/:
+ source /usr/local/Ascend/nnal/atb/set_env.sh --cxx_abi=1
++ set_env_path=/usr/local/Ascend/nnal/atb/set_env.sh
++ [[ -n '' ]]
++ [[ -f /usr/local/Ascend/nnal/atb/set_env.sh ]]
++ [[ /usr/local/Ascend/nnal/atb/set_env.sh =~ (^|/)set_env\.sh$ ]]
++++ dirname /usr/local/Ascend/nnal/atb/set_env.sh
+++ cd /usr/local/Ascend/nnal/atb
+++ pwd
++ atb_path=/usr/local/Ascend/nnal/atb
++ get_cxx_abi_option --cxx_abi=1
++ cxx_abi=
++ [[ -z --cxx_abi=1 ]]
++ case "$1" in
++ cxx_abi=1
++ shift
++ [[ -z '' ]]
++ [[ 1 == '' ]]
++ export ATB_HOME_PATH=/usr/local/Ascend/nnal/atb/latest/atb/cxx_abi_1
++ ATB_HOME_PATH=/usr/local/Ascend/nnal/atb/latest/atb/cxx_abi_1
++ export LD_LIBRARY_PATH=/usr/local/Ascend/nnal/atb/latest/atb/cxx_abi_1/lib:/usr/local/Ascend/nnal/atb/latest/atb/cxx_abi_1/examples:/usr/local/Ascend/nnal/atb/latest/atb/cxx_abi_1/tests/atbopstest:/usr/local/Ascend/nnal/asdsip/latest//lib:/usr/local/Ascend/cann-8.5.0/lib64:/usr/local/Ascend/cann-8.5.0/lib64/plugin/opskernel:/usr/local/Ascend/cann-8.5.0/lib64/plugin/nnengine:/usr/local/Ascend/cann-8.5.0/opp/built-in/op_impl/ai_core/tbe/op_tiling/lib/linux/aarch64:/usr/local/Ascend/cann-8.5.0/tools/aml/lib64:/usr/local/Ascend/cann-8.5.0/tools/aml/lib64/plugin:/usr/local/Ascend/driver/lib64:/usr/local/Ascend/driver/lib64/common:/usr/local/Ascend/driver/lib64/driver:/usr/local/Ascend/nnal/atb/latest/atb/cxx_abi_1/lib:/usr/local/Ascend/nnal/atb/latest/atb/cxx_abi_1/examples:/usr/local/Ascend/nnal/atb/latest/atb/cxx_abi_1/tests/atbopstest:/usr/local/Ascend/driver/lib64:/usr/local/Ascend/driver/lib64/common:/usr/local/Ascend/driver/lib64/driver:/usr/local/Ascend/nnal/atb/latest/atb/cxx_abi_1/lib:/usr/local/Ascend/nnal/atb/latest/atb/cxx_abi_1/examples:/usr/local/Ascend/nnal/atb/latest/atb/cxx_abi_1/tests/atbopstest:/usr/local/Ascend/driver/lib64:/usr/local/Ascend/driver/lib64/common:/usr/local/Ascend/driver/lib64/driver:/usr/local/Ascend/nnal/atb/latest/atb/cxx_abi_1/lib:/usr/local/Ascend/nnal/atb/latest/atb/cxx_abi_1/examples:/usr/local/Ascend/nnal/atb/latest/atb/cxx_abi_1/tests/atbopstest:/usr/local/Ascend/driver/lib64:/usr/local/Ascend/driver/lib64/common:/usr/local/Ascend/driver/lib64/driver:/usr/local/Ascend/nnal/atb/latest/atb/cxx_abi_1/lib:/usr/local/Ascend/nnal/atb/latest/atb/cxx_abi_1/examples:/usr/local/Ascend/nnal/atb/latest/atb/cxx_abi_1/tests/atbopstest:/usr/local/Ascend/ascend-toolkit/latest/tools/aml/lib64:/usr/local/Ascend/ascend-toolkit/latest/tools/aml/lib64/plugin:/usr/local/Ascend/ascend-toolkit/latest/lib64:/usr/local/Ascend/ascend-toolkit/latest/lib64/plugin/opskernel:/usr/local/Ascend/ascend-toolkit/latest/lib64/plugin/nnengine:/usr/local/Ascend/ascend-toolkit/latest/opp/built-in/op_impl/ai_core/tbe/op_tiling:/usr/local/Ascend/driver/lib64:/usr/local/Ascend/driver/lib64/common/:/usr/local/Ascend/driver/lib64/driver/:
++ LD_LIBRARY_PATH=/usr/local/Ascend/nnal/atb/latest/atb/cxx_abi_1/lib:/usr/local/Ascend/nnal/atb/latest/atb/cxx_abi_1/examples:/usr/local/Ascend/nnal/atb/latest/atb/cxx_abi_1/tests/atbopstest:/usr/local/Ascend/nnal/asdsip/latest//lib:/usr/local/Ascend/cann-8.5.0/lib64:/usr/local/Ascend/cann-8.5.0/lib64/plugin/opskernel:/usr/local/Ascend/cann-8.5.0/lib64/plugin/nnengine:/usr/local/Ascend/cann-8.5.0/opp/built-in/op_impl/ai_core/tbe/op_tiling/lib/linux/aarch64:/usr/local/Ascend/cann-8.5.0/tools/aml/lib64:/usr/local/Ascend/cann-8.5.0/tools/aml/lib64/plugin:/usr/local/Ascend/driver/lib64:/usr/local/Ascend/driver/lib64/common:/usr/local/Ascend/driver/lib64/driver:/usr/local/Ascend/nnal/atb/latest/atb/cxx_abi_1/lib:/usr/local/Ascend/nnal/atb/latest/atb/cxx_abi_1/examples:/usr/local/Ascend/nnal/atb/latest/atb/cxx_abi_1/tests/atbopstest:/usr/local/Ascend/driver/lib64:/usr/local/Ascend/driver/lib64/common:/usr/local/Ascend/driver/lib64/driver:/usr/local/Ascend/nnal/atb/latest/atb/cxx_abi_1/lib:/usr/local/Ascend/nnal/atb/latest/atb/cxx_abi_1/examples:/usr/local/Ascend/nnal/atb/latest/atb/cxx_abi_1/tests/atbopstest:/usr/local/Ascend/driver/lib64:/usr/local/Ascend/driver/lib64/common:/usr/local/Ascend/driver/lib64/driver:/usr/local/Ascend/nnal/atb/latest/atb/cxx_abi_1/lib:/usr/local/Ascend/nnal/atb/latest/atb/cxx_abi_1/examples:/usr/local/Ascend/nnal/atb/latest/atb/cxx_abi_1/tests/atbopstest:/usr/local/Ascend/driver/lib64:/usr/local/Ascend/driver/lib64/common:/usr/local/Ascend/driver/lib64/driver:/usr/local/Ascend/nnal/atb/latest/atb/cxx_abi_1/lib:/usr/local/Ascend/nnal/atb/latest/atb/cxx_abi_1/examples:/usr/local/Ascend/nnal/atb/latest/atb/cxx_abi_1/tests/atbopstest:/usr/local/Ascend/ascend-toolkit/latest/tools/aml/lib64:/usr/local/Ascend/ascend-toolkit/latest/tools/aml/lib64/plugin:/usr/local/Ascend/ascend-toolkit/latest/lib64:/usr/local/Ascend/ascend-toolkit/latest/lib64/plugin/opskernel:/usr/local/Ascend/ascend-toolkit/latest/lib64/plugin/nnengine:/usr/local/Ascend/ascend-toolkit/latest/opp/built-in/op_impl/ai_core/tbe/op_tiling:/usr/local/Ascend/driver/lib64:/usr/local/Ascend/driver/lib64/common/:/usr/local/Ascend/driver/lib64/driver/:
++ export PATH=/usr/local/Ascend/nnal/atb/latest/atb/cxx_abi_1/bin:/usr/local/Ascend/cann-8.5.0/bin:/usr/local/Ascend/cann-8.5.0/tools/ccec_compiler/bin:/usr/local/Ascend/cann-8.5.0/tools/profiler/bin:/usr/local/Ascend/cann-8.5.0/tools/ascend_system_advisor/asys:/usr/local/Ascend/cann-8.5.0/tools/show_kernel_debug_data:/usr/local/Ascend/cann-8.5.0/tools/msobjdump:/usr/local/Ascend/nnal/atb/latest/atb/cxx_abi_1/bin:/root/.vscode-server/data/User/globalStorage/github.copilot-chat/debugCommand:/root/.vscode-server/data/User/globalStorage/github.copilot-chat/copilotCli:/root/.vscode-server/bin/8761a5560cfd65fdd19ce7e2bd18dab5c0a4d84e/bin/remote-cli:/usr/local/Ascend/nnal/atb/latest/atb/cxx_abi_1/bin:/usr/local/Ascend/nnal/atb/latest/atb/cxx_abi_1/bin:/usr/local/Ascend/nnal/atb/latest/atb/cxx_abi_1/bin:/usr/local/Ascend/ascend-toolkit/latest/bin:/usr/local/Ascend/ascend-toolkit/latest/compiler/ccec_compiler/bin:/usr/local/Ascend/ascend-toolkit/latest/tools/ccec_compiler/bin:/usr/local/python3.11.14/bin:/usr/local/sbin:/usr/local/bin:/usr/sbin:/usr/bin:/sbin:/bin:/usr/local/go/bin:/root/bin:/usr/local/go/bin
++ PATH=/usr/local/Ascend/nnal/atb/latest/atb/cxx_abi_1/bin:/usr/local/Ascend/cann-8.5.0/bin:/usr/local/Ascend/cann-8.5.0/tools/ccec_compiler/bin:/usr/local/Ascend/cann-8.5.0/tools/profiler/bin:/usr/local/Ascend/cann-8.5.0/tools/ascend_system_advisor/asys:/usr/local/Ascend/cann-8.5.0/tools/show_kernel_debug_data:/usr/local/Ascend/cann-8.5.0/tools/msobjdump:/usr/local/Ascend/nnal/atb/latest/atb/cxx_abi_1/bin:/root/.vscode-server/data/User/globalStorage/github.copilot-chat/debugCommand:/root/.vscode-server/data/User/globalStorage/github.copilot-chat/copilotCli:/root/.vscode-server/bin/8761a5560cfd65fdd19ce7e2bd18dab5c0a4d84e/bin/remote-cli:/usr/local/Ascend/nnal/atb/latest/atb/cxx_abi_1/bin:/usr/local/Ascend/nnal/atb/latest/atb/cxx_abi_1/bin:/usr/local/Ascend/nnal/atb/latest/atb/cxx_abi_1/bin:/usr/local/Ascend/ascend-toolkit/latest/bin:/usr/local/Ascend/ascend-toolkit/latest/compiler/ccec_compiler/bin:/usr/local/Ascend/ascend-toolkit/latest/tools/ccec_compiler/bin:/usr/local/python3.11.14/bin:/usr/local/sbin:/usr/local/bin:/usr/sbin:/usr/bin:/sbin:/bin:/usr/local/go/bin:/root/bin:/usr/local/go/bin
++ export ATB_STREAM_SYNC_EVERY_KERNEL_ENABLE=0
++ ATB_STREAM_SYNC_EVERY_KERNEL_ENABLE=0
++ export ATB_STREAM_SYNC_EVERY_RUNNER_ENABLE=0
++ ATB_STREAM_SYNC_EVERY_RUNNER_ENABLE=0
++ export ATB_STREAM_SYNC_EVERY_OPERATION_ENABLE=0
++ ATB_STREAM_SYNC_EVERY_OPERATION_ENABLE=0
++ export ATB_OPSRUNNER_KERNEL_CACHE_LOCAL_COUNT=1
++ ATB_OPSRUNNER_KERNEL_CACHE_LOCAL_COUNT=1
++ export ATB_OPSRUNNER_KERNEL_CACHE_GLOABL_COUNT=5
++ ATB_OPSRUNNER_KERNEL_CACHE_GLOABL_COUNT=5
++ export ATB_WORKSPACE_MEM_ALLOC_ALG_TYPE=1
++ ATB_WORKSPACE_MEM_ALLOC_ALG_TYPE=1
++ export ATB_COMPARE_TILING_EVERY_KERNEL=0
++ ATB_COMPARE_TILING_EVERY_KERNEL=0
++ export ATB_SHARE_MEMORY_NAME_SUFFIX=
++ ATB_SHARE_MEMORY_NAME_SUFFIX=
++ export ATB_MATMUL_SHUFFLE_K_ENABLE=1
++ ATB_MATMUL_SHUFFLE_K_ENABLE=1
++ export LCCL_DETERMINISTIC=0
++ LCCL_DETERMINISTIC=0
++ export LCCL_PARALLEL=0
++ LCCL_PARALLEL=0
+ export HYDRA_FULL_ERROR=1
+ HYDRA_FULL_ERROR=1
+ export RAY_DEDUP_LOGS=0
+ RAY_DEDUP_LOGS=0
+ export ASCEND_GLOBAL_EVENT_ENABLE=0
+ ASCEND_GLOBAL_EVENT_ENABLE=0
+ export ASCEND_SLOG_PRINT_TO_STDOUT=0
+ ASCEND_SLOG_PRINT_TO_STDOUT=0
+ export ASCEND_GLOBAL_LOG_LEVEL=3
+ ASCEND_GLOBAL_LOG_LEVEL=3
+ export HCCL_IF_BASE_PORT=64021
+ HCCL_IF_BASE_PORT=64021
+ export CUDA_DEVICE_MAX_CONNECTIONS=1
+ CUDA_DEVICE_MAX_CONNECTIONS=1
+ export MASTER_PORT=23300
+ MASTER_PORT=23300
+ export D2D_DATA_TRANSFER=1
+ D2D_DATA_TRANSFER=1
+ export VLLM_USE_V1=1
+ VLLM_USE_V1=1
+ export PRINT_MEMORY=1
+ PRINT_MEMORY=1
+ export USE_ALLTOALL_OVERLAP=1
+ USE_ALLTOALL_OVERLAP=1
+ export HCCL_OP_EXPANSION_MODE=AIV
+ HCCL_OP_EXPANSION_MODE=AIV
+ export VLLM_LOGGING_LEVEL=INFO
+ VLLM_LOGGING_LEVEL=INFO
+ export VLLM_ENABLE_MC2=1
+ VLLM_ENABLE_MC2=1
+ export VLLM_DP_SIZE=16
+ VLLM_DP_SIZE=16
+ export HCCL_BUFFSIZE=800
+ HCCL_BUFFSIZE=800
+ export TASK_QUEUE_ENABLE=2
+ TASK_QUEUE_ENABLE=2
+ export VLLM_ENABLE_FIX_ROUTE=0
+ VLLM_ENABLE_FIX_ROUTE=0
+ export VLLM_MODEL_EXECUTE_TIME_OBSERVE=0
+ VLLM_MODEL_EXECUTE_TIME_OBSERVE=0
+ export VLLM_ENABLE_GRAPH_MODE=0
+ VLLM_ENABLE_GRAPH_MODE=0
+ export VLLM_ENABLE_EXPERT_PARALLEL=1
+ VLLM_ENABLE_EXPERT_PARALLEL=1
+ export VLLM_CHUNK_MOE_SIZE=512
+ VLLM_CHUNK_MOE_SIZE=512
+ export ALL_TO_ALL_RESHARD=1
+ ALL_TO_ALL_RESHARD=1
+ export USE_ALLTOALL_OVERLAP=1
+ USE_ALLTOALL_OVERLAP=1
+ export VLLM_ENABLE_EPLB=0
+ VLLM_ENABLE_EPLB=0
+ export USE_HDP=0
+ USE_HDP=0
+ export ROLLOUT_REBALANCE_ENABLE=0
+ ROLLOUT_REBALANCE_ENABLE=0
+ export HCCL_ASYNC_ERROR_HANDLING=0
+ HCCL_ASYNC_ERROR_HANDLING=0
+ export HCCL_EXEC_TIMEOUT=7200
+ HCCL_EXEC_TIMEOUT=7200
+ export HCCL_CONNECT_TIMEOUT=7200
+ HCCL_CONNECT_TIMEOUT=7200
+ export VLLM_ASCEND_LLM_PROFILE_ENABLE=0
+ VLLM_ASCEND_LLM_PROFILE_ENABLE=0
+ OUTPUT_ROOT=/workspace/cann-recipes-train/llm_rl/qwen3_shrink_aware
+ OUTPUT_SUBDIR=mode1_shrinkaware_optimized_rank_plan_floor4
+ OUTPUT_DIR=/workspace/cann-recipes-train/llm_rl/qwen3_shrink_aware/mode1_shrinkaware_optimized_rank_plan_floor4
+ ROLL_OUT_DIR=/workspace/cann-recipes-train/llm_rl/qwen3_shrink_aware/mode1_shrinkaware_optimized_rank_plan_floor4/rollout_data
+ ROLL_LEN_DIR=/workspace/cann-recipes-train/llm_rl/qwen3_shrink_aware/mode1_shrinkaware_optimized_rank_plan_floor4/rollout_length
+ DRAFT_DUMP_DIR=/workspace/cann-recipes-train/llm_rl/qwen3_shrink_aware/mode1_shrinkaware_optimized_rank_plan_floor4/draft_hidden
+ CKPT_DIR=/workspace/cann-recipes-train/llm_rl/qwen3_shrink_aware/mode1_shrinkaware_optimized_rank_plan_floor4/checkpoints/qwen3moe_for_eagle3
+ TB_DIR=/workspace/cann-recipes-train/llm_rl/qwen3_shrink_aware/mode1_shrinkaware_optimized_rank_plan_floor4/tensorboard
+ LOG_DIR=/workspace/cann-recipes-train/llm_rl/qwen3_shrink_aware/mode1_shrinkaware_optimized_rank_plan_floor4/logs
+ SAVE_CKPT_ENABLE=0
+ SAVE_DRAFT_HIDDEN_ENABLE=0
+ mkdir -p /workspace/cann-recipes-train/llm_rl/qwen3_shrink_aware/mode1_shrinkaware_optimized_rank_plan_floor4/rollout_data /workspace/cann-recipes-train/llm_rl/qwen3_shrink_aware/mode1_shrinkaware_optimized_rank_plan_floor4/rollout_length /workspace/cann-recipes-train/llm_rl/qwen3_shrink_aware/mode1_shrinkaware_optimized_rank_plan_floor4/tensorboard /workspace/cann-recipes-train/llm_rl/qwen3_shrink_aware/mode1_shrinkaware_optimized_rank_plan_floor4/logs
+ '[' 0 = 1 ']'
+ '[' 0 = 1 ']'
+ export VLLM_ASCEND_ENABLE_DRAFT_TRAIN=0
+ VLLM_ASCEND_ENABLE_DRAFT_TRAIN=0
+ export VLLM_ASCEND_DRAFT_DUMP_ENABLE=0
+ VLLM_ASCEND_DRAFT_DUMP_ENABLE=0
+ export VLLM_ASCEND_DRAFT_DUMP_DIR=/workspace/cann-recipes-train/llm_rl/qwen3_shrink_aware/mode1_shrinkaware_optimized_rank_plan_floor4/draft_hidden
+ VLLM_ASCEND_DRAFT_DUMP_DIR=/workspace/cann-recipes-train/llm_rl/qwen3_shrink_aware/mode1_shrinkaware_optimized_rank_plan_floor4/draft_hidden
+ export VLLM_ASCEND_DRAFT_DUMP_EVERY=1
+ VLLM_ASCEND_DRAFT_DUMP_EVERY=1
+ export VLLM_ASCEND_DRAFT_DUMP_HIDDEN_DTYPE=bf16
+ VLLM_ASCEND_DRAFT_DUMP_HIDDEN_DTYPE=bf16
+ export VLLM_ASCEND_DRAFT_QUEUE_SIZE=4096
+ VLLM_ASCEND_DRAFT_QUEUE_SIZE=4096
+ export TENSORBOARD_DIR=/workspace/cann-recipes-train/llm_rl/qwen3_shrink_aware/mode1_shrinkaware_optimized_rank_plan_floor4/tensorboard
+ TENSORBOARD_DIR=/workspace/cann-recipes-train/llm_rl/qwen3_shrink_aware/mode1_shrinkaware_optimized_rank_plan_floor4/tensorboard
+ export VLLM_EPOCH_LENGTH_REGROUP_ENABLE=0
+ VLLM_EPOCH_LENGTH_REGROUP_ENABLE=0
+ export VLLM_EPOCH_LENGTH_REGROUP_BUCKET_SIZE=1024
+ VLLM_EPOCH_LENGTH_REGROUP_BUCKET_SIZE=1024
+ export VLLM_EPOCH_LENGTH_REGROUP_EMA_DECAY=0.7
+ VLLM_EPOCH_LENGTH_REGROUP_EMA_DECAY=0.7
+ export VLLM_EPOCH_LENGTH_REGROUP_SHUFFLE_BLOCKS=1
+ VLLM_EPOCH_LENGTH_REGROUP_SHUFFLE_BLOCKS=1
+ export VLLM_ROLLOUT_EARLY_STOP_ENABLE=0
+ VLLM_ROLLOUT_EARLY_STOP_ENABLE=0
+ export VLLM_ROLLOUT_EARLY_STOP_FACTOR=2.0
+ VLLM_ROLLOUT_EARLY_STOP_FACTOR=2.0
+ export VLLM_ROLLOUT_EARLY_STOP_MIN_TOKENS=10000
+ VLLM_ROLLOUT_EARLY_STOP_MIN_TOKENS=10000
+ export VLLM_EAGER_BASELINE_NO_RESAMPLE=0
+ VLLM_EAGER_BASELINE_NO_RESAMPLE=0
+ '[' 0 = 1 ']'
+ '[' 0 = 1 ']'
+ SAMPLER_CLASS_PATH=null
+ SAMPLER_CLASS_NAME=null
+ SAMPLER_EXTRA_ARGS=
+ ROLLOUT_ENFORCE_EAGER=True
+ ACTOR_CKPT_SAVE_CONTENTS='[model]'
+ ACTOR_CKPT_LOAD_CONTENTS='[model]'
+ CRITIC_CKPT_SAVE_CONTENTS='[model]'
+ CRITIC_CKPT_LOAD_CONTENTS='[model]'
+ MAX_ACTOR_CKPT_TO_KEEP=3
+ MAX_CRITIC_CKPT_TO_KEEP=1
+ '[' 0 = 1 ']'
+ TRAINER_SAVE_FREQ=-1
+ TRAINER_DEFAULT_LOCAL_DIR=/workspace/cann-recipes-train/llm_rl/qwen3_shrink_aware/mode1_shrinkaware_optimized_rank_plan_floor4
++ pwd
+ HOME=/workspace/cann-recipes-train/llm_rl/qwen3_shrink_aware
+ MODEL_PATH=/data/Qwen3-30B-A3B
+ CONFIG_DIR=/workspace/cann-recipes-train/llm_rl/qwen3_shrink_aware/verl/trainer/config
+ DISTCP_PATH=/data/Qwen3-30B-A3B_megatron
+ TRAIN_FILE=/workspace/cann-recipes-train/llm_rl/qwen3_shrink_aware/mode1_shrinkaware_optimized_rank_plan_floor4/oracle/optimized_train.parquet
+ TEST_FILE=/data/deepscaler/test.parquet
++ date +%Y%m%d%H%M%S
+ time=20260620105021
+ logfile=/workspace/cann-recipes-train/llm_rl/qwen3_shrink_aware/mode1_shrinkaware_optimized_rank_plan_floor4/logs/wjqwen30b-a3b-record_graph_save4eagle3_20260620105021.txt
+ set -x
+ python3 -m verl.trainer.main_ppo --config-path=/workspace/cann-recipes-train/llm_rl/qwen3_shrink_aware/verl/trainer/config --config-name=ppo_megatron_trainer.yaml algorithm.adv_estimator=grpo data.train_files=/workspace/cann-recipes-train/llm_rl/qwen3_shrink_aware/mode1_shrinkaware_optimized_rank_plan_floor4/oracle/optimized_train.parquet data.val_files=/data/deepscaler/test.parquet data.train_batch_size=32 data.max_prompt_length=1024 data.max_response_length=16384 data.filter_overlong_prompts=True data.truncation=error data.shuffle=False data.dataloader_num_workers=0 data.sampler.class_path=null data.sampler.class_name=null +data.dataset_fraction=0.005 custom_reward_function.path=deepscaler.py custom_reward_function.name=compute_score actor_rollout_ref.model.path=/data/Qwen3-30B-A3B actor_rollout_ref.actor.optim.lr=1e-6 actor_rollout_ref.actor.optim.clip_grad=10000 actor_rollout_ref.actor.ppo_mini_batch_size=32 actor_rollout_ref.actor.ppo_micro_batch_size_per_gpu=1 actor_rollout_ref.actor.use_dynamic_bsz=True actor_rollout_ref.actor.ppo_max_token_len_per_gpu=20480 actor_rollout_ref.actor.megatron.sequence_parallel=True actor_rollout_ref.actor.megatron.expert_model_parallel_size=4 actor_rollout_ref.actor.megatron.tensor_model_parallel_size=4 actor_rollout_ref.actor.megatron.pipeline_model_parallel_size=4 actor_rollout_ref.actor.megatron.expert_tensor_parallel_size=1 actor_rollout_ref.actor.megatron.param_offload=True actor_rollout_ref.actor.megatron.grad_offload=True actor_rollout_ref.actor.megatron.optimizer_offload=False actor_rollout_ref.actor.megatron.use_dist_checkpointing=True actor_rollout_ref.actor.megatron.dist_checkpointing_path=/data/Qwen3-30B-A3B_megatron actor_rollout_ref.actor.use_kl_loss=True actor_rollout_ref.actor.kl_loss_coef=0.001 actor_rollout_ref.actor.kl_loss_type=low_var_kl actor_rollout_ref.actor.load_weight=True actor_rollout_ref.actor.megatron.override_transformer_config.recompute_granularity=full actor_rollout_ref.actor.megatron.override_transformer_config.recompute_method=block actor_rollout_ref.actor.megatron.override_transformer_config.recompute_num_layers=1 actor_rollout_ref.rollout.log_prob_micro_batch_size_per_gpu=4 actor_rollout_ref.rollout.log_prob_use_dynamic_bsz=True actor_rollout_ref.rollout.log_prob_max_token_len_per_gpu=20480 actor_rollout_ref.rollout.tensor_model_parallel_size=1 actor_rollout_ref.rollout.name=vllm actor_rollout_ref.rollout.gpu_memory_utilization=0.85 actor_rollout_ref.rollout.max_num_batched_tokens=1024 actor_rollout_ref.rollout.enforce_eager=True actor_rollout_ref.rollout.max_num_seqs=32 actor_rollout_ref.rollout.n=16 actor_rollout_ref.rollout.temperature=0.9 actor_rollout_ref.rollout.top_k=50 actor_rollout_ref.rollout.top_p=0.9 actor_rollout_ref.rollout.ignore_eos=False actor_rollout_ref.ref.log_prob_micro_batch_size_per_gpu=8 actor_rollout_ref.ref.megatron.param_offload=True actor_rollout_ref.ref.load_weight=True actor_rollout_ref.ref.megatron.use_dist_checkpointing=True actor_rollout_ref.ref.megatron.dist_checkpointing_path=/data/Qwen3-30B-A3B_megatron algorithm.kl_ctrl.kl_coef=0.001 trainer.balance_batch=False trainer.device=npu trainer.val_before_train=False trainer.critic_warmup=0 'trainer.logger=[console,tensorboard]' trainer.project_name=verl_grpo_example trainer.experiment_name=qwen3_30_verl_mindspeedllm_vllm trainer.n_gpus_per_node=16 trainer.nnodes=1 trainer.save_freq=-1 trainer.max_actor_ckpt_to_keep=3 trainer.max_critic_ckpt_to_keep=1 'actor_rollout_ref.actor.checkpoint.save_contents=[model]' 'actor_rollout_ref.actor.checkpoint.load_contents=[model]' 'critic.checkpoint.save_contents=[model]' 'critic.checkpoint.load_contents=[model]' +trainer.save_epoch_freq=0 trainer.default_local_dir=/workspace/cann-recipes-train/llm_rl/qwen3_shrink_aware/mode1_shrinkaware_optimized_rank_plan_floor4 trainer.test_freq=-1 trainer.total_epochs=3 +trainer.rollout_data_dir=/workspace/cann-recipes-train/llm_rl/qwen3_shrink_aware/mode1_shrinkaware_optimized_rank_plan_floor4/rollout_data +trainer.rollout_length_dir=/workspace/cann-recipes-train/llm_rl/qwen3_shrink_aware/mode1_shrinkaware_optimized_rank_plan_floor4/rollout_length +actor_rollout_ref.actor.megatron.override_transformer_config.use_flash_attn=True '+actor_rollout_ref.actor.megatron.override_transformer_config.pipeline_num_transformer_layers=[[11],[13],[13],[11]]' +actor_rollout_ref.actor.megatron.override_transformer_config.moe_token_dispatcher_type=alltoall +actor_rollout_ref.actor.megatron.override_transformer_config.moe_alltoall_overlap_comm=True +actor_rollout_ref.actor.megatron.override_transformer_config.use_fused_rotary_pos_emb=True +actor_rollout_ref.actor.megatron.override_transformer_config.use_fused_swiglu=True +actor_rollout_ref.actor.megatron.override_transformer_config.seq_length=2048 +actor_rollout_ref.actor.megatron.override_transformer_config.num_layers_in_first_pipeline_stage=11 +actor_rollout_ref.actor.megatron.override_transformer_config.num_layers_in_last_pipeline_stage=11 +actor_rollout_ref.actor.megatron.override_transformer_config.swap_optimizer=True data.train_files=/workspace/cann-recipes-train/llm_rl/qwen3_shrink_aware/mode1_shrinkaware_optimized_rank_plan_floor4/oracle/optimized_train.parquet data.val_files=/data/deepscaler/test.parquet data.train_batch_size=32 data.max_prompt_length=1024 data.max_response_length=16384 data.shuffle=False data.dataset_fraction=1.0 actor_rollout_ref.model.path=/data/Qwen3-30B-A3B actor_rollout_ref.actor.megatron.dist_checkpointing_path=/data/Qwen3-30B-A3B_megatron actor_rollout_ref.ref.megatron.dist_checkpointing_path=/data/Qwen3-30B-A3B_megatron actor_rollout_ref.rollout.max_num_batched_tokens=17408 actor_rollout_ref.rollout.max_num_seqs=32 actor_rollout_ref.rollout.n=16 actor_rollout_ref.rollout.gpu_memory_utilization=0.9 actor_rollout_ref.rollout.shrink_aware.enable_shrink_aware_scheduling=true actor_rollout_ref.rollout.shrink_aware.shrink_aware_mode=staged 'actor_rollout_ref.rollout.shrink_aware.shrink_stages=[8,4]' actor_rollout_ref.rollout.shrink_aware.survivor_selection_policy=manual 'actor_rollout_ref.rollout.shrink_aware.intermediate_survivor_ranks=[8,9,10,11,12,13,14,15]' 'actor_rollout_ref.rollout.shrink_aware.final_survivor_ranks=[8,9,10,11]' actor_rollout_ref.rollout.shrink_aware.length_prediction_source=oracle_trace actor_rollout_ref.rollout.shrink_aware.oracle_trace_path=/workspace/cann-recipes-train/llm_rl/qwen3_shrink_aware/mode1_shrinkaware_optimized_rank_plan_floor4/oracle/optimized_length_oracle.json actor_rollout_ref.rollout.shrink_aware.assignment_policy=optimized_rank_plan actor_rollout_ref.rollout.shrink_aware.optimized_rank_plan_path=/workspace/cann-recipes-train/llm_rl/qwen3_shrink_aware/mode1_shrinkaware_optimized_rank_plan_floor4/oracle/optimized_rank_plan.json actor_rollout_ref.rollout.shrink_aware.enable_shrink_aware_logging=false trainer.total_epochs=1
/workspace/cann-recipes-train/llm_rl/qwen3_shrink_aware/megatron/core/optimizer/__init__.py:18: UserWarning: Transformer Engine and Apex are not installed. Falling back to Torch optimizers.
  warnings.warn(
/workspace/cann-recipes-train/llm_rl/qwen3_shrink_aware/megatron/core/optimizer/optimizer.py:28: UserWarning: Transformer Engine and Apex are not installed. Falling back to local implementations of multi_tensor_applier and multi_tensor_scale
  warnings.warn(
/workspace/cann-recipes-train/llm_rl/qwen3_shrink_aware/megatron/core/optimizer/clip_grads.py:29: UserWarning: Transformer Engine and Apex are not installed. Falling back to local implementations of multi_tensor_applier, multi_tensor_l2norm, and multi_tensor_scale
  warnings.warn(
/workspace/cann-recipes-train/llm_rl/qwen3_shrink_aware/megatron/core/transformer/multi_token_prediction.py:60: UserWarning: Apex is not installed. Falling back to Torch Norm
  warnings.warn('Apex is not installed. Falling back to Torch Norm')
/workspace/cann-recipes-train/llm_rl/qwen3_shrink_aware/megatron/core/models/gpt/gpt_layer_specs.py:65: UserWarning: Apex is not installed. Falling back to Torch Norm
  warnings.warn('Apex is not installed. Falling back to Torch Norm')
/usr/local/python3.11.14/lib/python3.11/site-packages/torch_npu/contrib/transfer_to_npu.py:347: ImportWarning: 
    *************************************************************************************************************
    The torch.Tensor.cuda and torch.nn.Module.cuda are replaced with torch.Tensor.npu and torch.nn.Module.npu now..
    The torch.cuda.DoubleTensor is replaced with torch.npu.FloatTensor cause the double type is not supported now..
    The backend in torch.distributed.init_process_group set to hccl now..
    The torch.cuda.* and torch.cuda.amp.* are replaced with torch.npu.* and torch.npu.amp.* now..
    The device parameters have been replaced with npu in the function below:
    torch.logspace, torch.randint, torch.hann_window, torch.rand, torch.full_like, torch.ones_like, torch.rand_like, torch.randperm, torch.arange, torch.frombuffer, torch.normal, torch._empty_per_channel_affine_quantized, torch.empty_strided, torch.empty_like, torch.scalar_tensor, torch.tril_indices, torch.bartlett_window, torch.ones, torch.sparse_coo_tensor, torch.randn, torch.kaiser_window, torch.tensor, torch.triu_indices, torch.as_tensor, torch.zeros, torch.randint_like, torch.full, torch.eye, torch._sparse_csr_tensor_unsafe, torch.empty, torch._sparse_coo_tensor_unsafe, torch.blackman_window, torch.zeros_like, torch.range, torch.sparse_csr_tensor, torch.randn_like, torch.from_file, torch._cudnn_init_dropout_state, torch._empty_affine_quantized, torch.linspace, torch.hamming_window, torch.empty_quantized, torch._pin_memory, torch.load, torch.set_default_device, torch.get_device_module, torch.sparse_compressed_tensor, torch.Tensor.new_empty, torch.Tensor.new_empty_strided, torch.Tensor.new_full, torch.Tensor.new_ones, torch.Tensor.new_tensor, torch.Tensor.new_zeros, torch.Tensor.to, torch.Tensor.pin_memory, torch.nn.Module.to, torch.nn.Module.to_empty
    *************************************************************************************************************
    
  warnings.warn(msg, ImportWarning)
/usr/local/python3.11.14/lib/python3.11/site-packages/torch_npu/contrib/transfer_to_npu.py:276: RuntimeWarning: torch.jit.script and torch.jit.script_method will be disabled by transfer_to_npu, which currently does not support them, if you need to enable them, please do not use transfer_to_npu.
  warnings.warn(msg, RuntimeWarning)
/usr/local/python3.11.14/lib/python3.11/site-packages/ray/_private/node.py:1209: ResourceWarning: unclosed file <_io.TextIOWrapper name='/dev/null' mode='w' encoding='UTF-8'>
  process_info = ray._private.services.start_gcs_server(
/usr/local/python3.11.14/lib/python3.11/site-packages/ray/_private/node.py:1273: ResourceWarning: unclosed file <_io.TextIOWrapper name='/dev/null' mode='w' encoding='UTF-8'>
  process_info = ray._private.services.start_raylet(
2026-06-20 10:50:31,376	INFO worker.py:1927 -- Started a local Ray instance.
[36m(pid=2843659)[0m /workspace/cann-recipes-train/llm_rl/qwen3_shrink_aware/megatron/core/optimizer/__init__.py:18: UserWarning: Transformer Engine and Apex are not installed. Falling back to Torch optimizers.
[36m(pid=2843659)[0m   warnings.warn(
[36m(pid=2843659)[0m /workspace/cann-recipes-train/llm_rl/qwen3_shrink_aware/megatron/core/optimizer/optimizer.py:28: UserWarning: Transformer Engine and Apex are not installed. Falling back to local implementations of multi_tensor_applier and multi_tensor_scale
[36m(pid=2843659)[0m   warnings.warn(
[36m(pid=2843659)[0m /workspace/cann-recipes-train/llm_rl/qwen3_shrink_aware/megatron/core/optimizer/clip_grads.py:29: UserWarning: Transformer Engine and Apex are not installed. Falling back to local implementations of multi_tensor_applier, multi_tensor_l2norm, and multi_tensor_scale
[36m(pid=2843659)[0m   warnings.warn(
[36m(pid=2843659)[0m /workspace/cann-recipes-train/llm_rl/qwen3_shrink_aware/megatron/core/transformer/multi_token_prediction.py:60: UserWarning: Apex is not installed. Falling back to Torch Norm
[36m(pid=2843659)[0m   warnings.warn('Apex is not installed. Falling back to Torch Norm')
[36m(pid=2843659)[0m /workspace/cann-recipes-train/llm_rl/qwen3_shrink_aware/megatron/core/models/gpt/gpt_layer_specs.py:65: UserWarning: Apex is not installed. Falling back to Torch Norm
[36m(pid=2843659)[0m   warnings.warn('Apex is not installed. Falling back to Torch Norm')
[36m(pid=2843659)[0m /usr/local/python3.11.14/lib/python3.11/site-packages/torch_npu/contrib/transfer_to_npu.py:347: ImportWarning: 
[36m(pid=2843659)[0m     *************************************************************************************************************
[36m(pid=2843659)[0m     The torch.Tensor.cuda and torch.nn.Module.cuda are replaced with torch.Tensor.npu and torch.nn.Module.npu now..
[36m(pid=2843659)[0m     The torch.cuda.DoubleTensor is replaced with torch.npu.FloatTensor cause the double type is not supported now..
[36m(pid=2843659)[0m     The backend in torch.distributed.init_process_group set to hccl now..
[36m(pid=2843659)[0m     The torch.cuda.* and torch.cuda.amp.* are replaced with torch.npu.* and torch.npu.amp.* now..
[36m(pid=2843659)[0m     The device parameters have been replaced with npu in the function below:
[36m(pid=2843659)[0m     torch.logspace, torch.randint, torch.hann_window, torch.rand, torch.full_like, torch.ones_like, torch.rand_like, torch.randperm, torch.arange, torch.frombuffer, torch.normal, torch._empty_per_channel_affine_quantized, torch.empty_strided, torch.empty_like, torch.scalar_tensor, torch.tril_indices, torch.bartlett_window, torch.ones, torch.sparse_coo_tensor, torch.randn, torch.kaiser_window, torch.tensor, torch.triu_indices, torch.as_tensor, torch.zeros, torch.randint_like, torch.full, torch.eye, torch._sparse_csr_tensor_unsafe, torch.empty, torch._sparse_coo_tensor_unsafe, torch.blackman_window, torch.zeros_like, torch.range, torch.sparse_csr_tensor, torch.randn_like, torch.from_file, torch._cudnn_init_dropout_state, torch._empty_affine_quantized, torch.linspace, torch.hamming_window, torch.empty_quantized, torch._pin_memory, torch.load, torch.set_default_device, torch.get_device_module, torch.sparse_compressed_tensor, torch.Tensor.new_empty, torch.Tensor.new_empty_strided, torch.Tensor.new_full, torch.Tensor.new_ones, torch.Tensor.new_tensor, torch.Tensor.new_zeros, torch.Tensor.to, torch.Tensor.pin_memory, torch.nn.Module.to, torch.nn.Module.to_empty
[36m(pid=2843659)[0m     *************************************************************************************************************
[36m(pid=2843659)[0m     
[36m(pid=2843659)[0m   warnings.warn(msg, ImportWarning)
[36m(pid=2843659)[0m /usr/local/python3.11.14/lib/python3.11/site-packages/torch_npu/contrib/transfer_to_npu.py:276: RuntimeWarning: torch.jit.script and torch.jit.script_method will be disabled by transfer_to_npu, which currently does not support them, if you need to enable them, please do not use transfer_to_npu.
[36m(pid=2843659)[0m   warnings.warn(msg, RuntimeWarning)
[36m(TaskRunner pid=2843659)[0m /workspace/cann-recipes-train/llm_rl/qwen3_shrink_aware/verl/trainer/main_ppo.py:306: UserWarning: Disabled critic as algorithm.adv_estimator != gae. If it is not intended, please set critic.enable=True
[36m(TaskRunner pid=2843659)[0m   use_critic=need_critic(config),
[36m(TaskRunner pid=2843659)[0m /workspace/cann-recipes-train/llm_rl/qwen3_shrink_aware/verl/utils/profiler/config.py:49: UserWarning: Torch profiler tool config is not fully supported now.
[36m(TaskRunner pid=2843659)[0m   warnings.warn("Torch profiler tool config is not fully supported now.", stacklevel=1)
[36m(TaskRunner pid=2843659)[0m Generating train split: 0 examples [00:00, ? examples/s]Generating train split: 160 examples [00:00, 4671.79 examples/s]
[36m(TaskRunner pid=2843659)[0m Setting TOKENIZERS_PARALLELISM=false for forked processes.
[36m(TaskRunner pid=2843659)[0m Filtering prompts longer than 1024 tokens (num_proc=1):   0%|          | 0/160 [00:00<?, ? examples/s]
[36m(TaskRunner pid=2843659)[0m Filtering prompts longer than 1024 tokens (num_proc=1): 100%|██████████| 160/160 [00:00<00:00, 282.77 examples/s]
[36m(TaskRunner pid=2843659)[0m Filtering prompts longer than 1024 tokens (num_proc=1): 100%|██████████| 160/160 [00:00<00:00, 236.75 examples/s]
[36m(TaskRunner pid=2843659)[0m Setting TOKENIZERS_PARALLELISM=false for forked processes.
[36m(TaskRunner pid=2843659)[0m Filtering prompts longer than 1024 tokens (num_proc=1):   0%|          | 0/4032 [00:00<?, ? examples/s]
[36m(TaskRunner pid=2843659)[0m Filtering prompts longer than 1024 tokens (num_proc=1):  25%|██▍       | 1000/4032 [00:00<00:02, 1289.37 examples/s]
[36m(TaskRunner pid=2843659)[0m Filtering prompts longer than 1024 tokens (num_proc=1):  50%|████▉     | 2000/4032 [00:01<00:00, 2184.51 examples/s]
[36m(TaskRunner pid=2843659)[0m Filtering prompts longer than 1024 tokens (num_proc=1):  74%|███████▍  | 3000/4032 [00:01<00:00, 2751.91 examples/s]
[36m(TaskRunner pid=2843659)[0m Filtering prompts longer than 1024 tokens (num_proc=1):  99%|█████████▉| 4000/4032 [00:01<00:00, 3110.02 examples/s]
[36m(TaskRunner pid=2843659)[0m Filtering prompts longer than 1024 tokens (num_proc=1): 100%|██████████| 4032/4032 [00:01<00:00, 2461.10 examples/s]
[36m(TaskRunner pid=2843659)[0m /workspace/cann-recipes-train/llm_rl/qwen3_shrink_aware/verl/trainer/ppo/ray_trainer.py:365: UserWarning: Disabled critic as algorithm.adv_estimator != gae. If it is not intended, please set critic.enable=True
[36m(TaskRunner pid=2843659)[0m   self.use_critic = need_critic(self.config)
[36m(pid=2846338)[0m /usr/local/python3.11.14/lib/python3.11/site-packages/torch_npu/contrib/transfer_to_npu.py:345: ImportWarning: 
[36m(pid=2846338)[0m     *************************************************************************************************************
[36m(pid=2846338)[0m     The torch.Tensor.cuda and torch.nn.Module.cuda are replaced with torch.Tensor.npu and torch.nn.Module.npu now..
[36m(pid=2846338)[0m     The torch.cuda.DoubleTensor is replaced with torch.npu.FloatTensor cause the double type is not supported now..
[36m(pid=2846338)[0m     The backend in torch.distributed.init_process_group set to hccl now..
[36m(pid=2846338)[0m     The torch.cuda.* and torch.cuda.amp.* are replaced with torch.npu.* and torch.npu.amp.* now..
[36m(pid=2846338)[0m     The device parameters have been replaced with npu in the function below:
[36m(pid=2846338)[0m     torch.logspace, torch.randint, torch.hann_window, torch.rand, torch.full_like, torch.ones_like, torch.rand_like, torch.randperm, torch.arange, torch.frombuffer, torch.normal, torch._empty_per_channel_affine_quantized, torch.empty_strided, torch.empty_like, torch.scalar_tensor, torch.tril_indices, torch.bartlett_window, torch.ones, torch.sparse_coo_tensor, torch.randn, torch.kaiser_window, torch.tensor, torch.triu_indices, torch.as_tensor, torch.zeros, torch.randint_like, torch.full, torch.eye, torch._sparse_csr_tensor_unsafe, torch.empty, torch._sparse_coo_tensor_unsafe, torch.blackman_window, torch.zeros_like, torch.range, torch.sparse_csr_tensor, torch.randn_like, torch.from_file, torch._cudnn_init_dropout_state, torch._empty_affine_quantized, torch.linspace, torch.hamming_window, torch.empty_quantized, torch._pin_memory, torch.load, torch.set_default_device, torch.get_device_module, torch.sparse_compressed_tensor, torch.Tensor.new_empty, torch.Tensor.new_empty_strided, torch.Tensor.new_full, torch.Tensor.new_ones, torch.Tensor.new_tensor, torch.Tensor.new_zeros, torch.Tensor.to, torch.Tensor.pin_memory, torch.nn.Module.to, torch.nn.Module.to_empty
[36m(pid=2846338)[0m     *************************************************************************************************************
[36m(pid=2846338)[0m     
[36m(pid=2846338)[0m   warnings.warn(msg, ImportWarning)
[36m(pid=2846338)[0m /usr/local/python3.11.14/lib/python3.11/site-packages/torch_npu/contrib/transfer_to_npu.py:276: RuntimeWarning: torch.jit.script and torch.jit.script_method will be disabled by transfer_to_npu, which currently does not support them, if you need to enable them, please do not use transfer_to_npu.
[36m(pid=2846338)[0m   warnings.warn(msg, RuntimeWarning)
[36m(pid=2846338)[0m /usr/local/python3.11.14/lib/python3.11/site-packages/torch_npu/dynamo/torchair/__init__.py:8: DeprecationWarning: pkg_resources is deprecated as an API. See https://setuptools.pypa.io/en/latest/pkg_resources.html
[36m(pid=2846338)[0m   import pkg_resources
[36m(pid=2846341)[0m /usr/local/python3.11.14/lib/python3.11/site-packages/ray/util/state/util.py:54: DeprecationWarning: Ray state API is no longer experimental. Please import from `ray.util.state`. instead. Importing from `ray.experimental` will be deprecated in future releases. 
[36m(pid=2846341)[0m   warnings.warn(
[36m(pid=2846340)[0m /usr/local/python3.11.14/lib/python3.11/site-packages/ray/util/state/util.py:54: DeprecationWarning: Ray state API is no longer experimental. Please import from `ray.util.state`. instead. Importing from `ray.experimental` will be deprecated in future releases. 
[36m(pid=2846340)[0m   warnings.warn(
[36m(pid=2846344)[0m /usr/local/python3.11.14/lib/python3.11/site-packages/ray/util/state/util.py:54: DeprecationWarning: Ray state API is no longer experimental. Please import from `ray.util.state`. instead. Importing from `ray.experimental` will be deprecated in future releases. 
[36m(pid=2846344)[0m   warnings.warn(
[36m(pid=2846353)[0m /usr/local/python3.11.14/lib/python3.11/site-packages/ray/util/state/util.py:54: DeprecationWarning: Ray state API is no longer experimental. Please import from `ray.util.state`. instead. Importing from `ray.experimental` will be deprecated in future releases. 
[36m(pid=2846353)[0m   warnings.warn(
[36m(pid=2846345)[0m /usr/local/python3.11.14/lib/python3.11/site-packages/ray/util/state/util.py:54: DeprecationWarning: Ray state API is no longer experimental. Please import from `ray.util.state`. instead. Importing from `ray.experimental` will be deprecated in future releases. 
[36m(pid=2846345)[0m   warnings.warn(
[36m(pid=2846343)[0m /usr/local/python3.11.14/lib/python3.11/site-packages/ray/util/state/util.py:54: DeprecationWarning: Ray state API is no longer experimental. Please import from `ray.util.state`. instead. Importing from `ray.experimental` will be deprecated in future releases. 
[36m(pid=2846343)[0m   warnings.warn(
[36m(pid=2846339)[0m /usr/local/python3.11.14/lib/python3.11/site-packages/ray/util/state/util.py:54: DeprecationWarning: Ray state API is no longer experimental. Please import from `ray.util.state`. instead. Importing from `ray.experimental` will be deprecated in future releases. 
[36m(pid=2846339)[0m   warnings.warn(
[36m(pid=2846338)[0m /usr/local/python3.11.14/lib/python3.11/site-packages/ray/util/state/util.py:54: DeprecationWarning: Ray state API is no longer experimental. Please import from `ray.util.state`. instead. Importing from `ray.experimental` will be deprecated in future releases. 
[36m(pid=2846338)[0m   warnings.warn(
[36m(pid=2846348)[0m /usr/local/python3.11.14/lib/python3.11/site-packages/ray/util/state/util.py:54: DeprecationWarning: Ray state API is no longer experimental. Please import from `ray.util.state`. instead. Importing from `ray.experimental` will be deprecated in future releases. 
[36m(pid=2846348)[0m   warnings.warn(
[36m(pid=2846349)[0m /usr/local/python3.11.14/lib/python3.11/site-packages/ray/util/state/util.py:54: DeprecationWarning: Ray state API is no longer experimental. Please import from `ray.util.state`. instead. Importing from `ray.experimental` will be deprecated in future releases. 
[36m(pid=2846349)[0m   warnings.warn(
[36m(pid=2846346)[0m /usr/local/python3.11.14/lib/python3.11/site-packages/ray/util/state/util.py:54: DeprecationWarning: Ray state API is no longer experimental. Please import from `ray.util.state`. instead. Importing from `ray.experimental` will be deprecated in future releases. 
[36m(pid=2846346)[0m   warnings.warn(
[36m(pid=2846350)[0m /usr/local/python3.11.14/lib/python3.11/site-packages/ray/util/state/util.py:54: DeprecationWarning: Ray state API is no longer experimental. Please import from `ray.util.state`. instead. Importing from `ray.experimental` will be deprecated in future releases. 
[36m(pid=2846350)[0m   warnings.warn(
[36m(pid=2846342)[0m /usr/local/python3.11.14/lib/python3.11/site-packages/ray/util/state/util.py:54: DeprecationWarning: Ray state API is no longer experimental. Please import from `ray.util.state`. instead. Importing from `ray.experimental` will be deprecated in future releases. 
[36m(pid=2846342)[0m   warnings.warn(
[36m(pid=2846352)[0m /usr/local/python3.11.14/lib/python3.11/site-packages/ray/util/state/util.py:54: DeprecationWarning: Ray state API is no longer experimental. Please import from `ray.util.state`. instead. Importing from `ray.experimental` will be deprecated in future releases. 
[36m(pid=2846352)[0m   warnings.warn(
[36m(pid=2846347)[0m /usr/local/python3.11.14/lib/python3.11/site-packages/ray/util/state/util.py:54: DeprecationWarning: Ray state API is no longer experimental. Please import from `ray.util.state`. instead. Importing from `ray.experimental` will be deprecated in future releases. 
[36m(pid=2846347)[0m   warnings.warn(
[36m(pid=2846351)[0m /usr/local/python3.11.14/lib/python3.11/site-packages/ray/util/state/util.py:54: DeprecationWarning: Ray state API is no longer experimental. Please import from `ray.util.state`. instead. Importing from `ray.experimental` will be deprecated in future releases. 
[36m(pid=2846351)[0m   warnings.warn(
[36m(WorkerDict pid=2846340)[0m /workspace/cann-recipes-train/llm_rl/qwen3_shrink_aware/verl/models/mcore/config_converter.py:281: UserWarning: The following keys are not supported in the current Megatron version and will be removed: ['use_flash_attn', 'pipeline_num_transformer_layers', 'moe_alltoall_overlap_comm', 'use_fused_rotary_pos_emb', 'use_fused_swiglu', 'seq_length', 'swap_optimizer']
[36m(WorkerDict pid=2846340)[0m   return check_and_construct_configs(args, TransformerConfig)
[36m(WorkerDict pid=2846340)[0m /workspace/cann-recipes-train/llm_rl/qwen3_shrink_aware/megatron/core/transformer/transformer_config.py:1065: UserWarning: Using a large number of experts (e.g. >=32) without fp32 routing. Consider enabling moe_router_dtype for better numerical stability.
[36m(WorkerDict pid=2846340)[0m   warnings.warn(
[36m(WorkerDict pid=2846344)[0m /workspace/cann-recipes-train/llm_rl/qwen3_shrink_aware/verl/models/mcore/config_converter.py:281: UserWarning: The following keys are not supported in the current Megatron version and will be removed: ['use_flash_attn', 'pipeline_num_transformer_layers', 'moe_alltoall_overlap_comm', 'use_fused_rotary_pos_emb', 'use_fused_swiglu', 'seq_length', 'swap_optimizer']
[36m(WorkerDict pid=2846344)[0m   return check_and_construct_configs(args, TransformerConfig)
[36m(WorkerDict pid=2846344)[0m /workspace/cann-recipes-train/llm_rl/qwen3_shrink_aware/megatron/core/transformer/transformer_config.py:1065: UserWarning: Using a large number of experts (e.g. >=32) without fp32 routing. Consider enabling moe_router_dtype for better numerical stability.
[36m(WorkerDict pid=2846344)[0m   warnings.warn(
[36m(WorkerDict pid=2846339)[0m /workspace/cann-recipes-train/llm_rl/qwen3_shrink_aware/verl/models/mcore/config_converter.py:281: UserWarning: The following keys are not supported in the current Megatron version and will be removed: ['use_flash_attn', 'pipeline_num_transformer_layers', 'moe_alltoall_overlap_comm', 'use_fused_rotary_pos_emb', 'use_fused_swiglu', 'seq_length', 'swap_optimizer']
[36m(WorkerDict pid=2846339)[0m   return check_and_construct_configs(args, TransformerConfig)
[36m(WorkerDict pid=2846339)[0m /workspace/cann-recipes-train/llm_rl/qwen3_shrink_aware/megatron/core/transformer/transformer_config.py:1065: UserWarning: Using a large number of experts (e.g. >=32) without fp32 routing. Consider enabling moe_router_dtype for better numerical stability.
[36m(WorkerDict pid=2846339)[0m   warnings.warn(
[36m(WorkerDict pid=2846345)[0m /workspace/cann-recipes-train/llm_rl/qwen3_shrink_aware/verl/models/mcore/config_converter.py:281: UserWarning: The following keys are not supported in the current Megatron version and will be removed: ['use_flash_attn', 'pipeline_num_transformer_layers', 'moe_alltoall_overlap_comm', 'use_fused_rotary_pos_emb', 'use_fused_swiglu', 'seq_length', 'swap_optimizer']
[36m(WorkerDict pid=2846345)[0m   return check_and_construct_configs(args, TransformerConfig)
[36m(WorkerDict pid=2846345)[0m /workspace/cann-recipes-train/llm_rl/qwen3_shrink_aware/megatron/core/transformer/transformer_config.py:1065: UserWarning: Using a large number of experts (e.g. >=32) without fp32 routing. Consider enabling moe_router_dtype for better numerical stability.
[36m(WorkerDict pid=2846345)[0m   warnings.warn(
[36m(WorkerDict pid=2846343)[0m /workspace/cann-recipes-train/llm_rl/qwen3_shrink_aware/verl/models/mcore/config_converter.py:281: UserWarning: The following keys are not supported in the current Megatron version and will be removed: ['use_flash_attn', 'pipeline_num_transformer_layers', 'moe_alltoall_overlap_comm', 'use_fused_rotary_pos_emb', 'use_fused_swiglu', 'seq_length', 'swap_optimizer']
[36m(WorkerDict pid=2846343)[0m   return check_and_construct_configs(args, TransformerConfig)
[36m(WorkerDict pid=2846343)[0m /workspace/cann-recipes-train/llm_rl/qwen3_shrink_aware/megatron/core/transformer/transformer_config.py:1065: UserWarning: Using a large number of experts (e.g. >=32) without fp32 routing. Consider enabling moe_router_dtype for better numerical stability.
[36m(WorkerDict pid=2846343)[0m   warnings.warn(
[36m(WorkerDict pid=2846353)[0m /workspace/cann-recipes-train/llm_rl/qwen3_shrink_aware/verl/models/mcore/config_converter.py:281: UserWarning: The following keys are not supported in the current Megatron version and will be removed: ['use_flash_attn', 'pipeline_num_transformer_layers', 'moe_alltoall_overlap_comm', 'use_fused_rotary_pos_emb', 'use_fused_swiglu', 'seq_length', 'swap_optimizer']
[36m(WorkerDict pid=2846353)[0m   return check_and_construct_configs(args, TransformerConfig)
[36m(WorkerDict pid=2846353)[0m /workspace/cann-recipes-train/llm_rl/qwen3_shrink_aware/megatron/core/transformer/transformer_config.py:1065: UserWarning: Using a large number of experts (e.g. >=32) without fp32 routing. Consider enabling moe_router_dtype for better numerical stability.
[36m(WorkerDict pid=2846353)[0m   warnings.warn(
[36m(WorkerDict pid=2846348)[0m /workspace/cann-recipes-train/llm_rl/qwen3_shrink_aware/verl/models/mcore/config_converter.py:281: UserWarning: The following keys are not supported in the current Megatron version and will be removed: ['use_flash_attn', 'pipeline_num_transformer_layers', 'moe_alltoall_overlap_comm', 'use_fused_rotary_pos_emb', 'use_fused_swiglu', 'seq_length', 'swap_optimizer']
[36m(WorkerDict pid=2846348)[0m   return check_and_construct_configs(args, TransformerConfig)
[36m(WorkerDict pid=2846348)[0m /workspace/cann-recipes-train/llm_rl/qwen3_shrink_aware/megatron/core/transformer/transformer_config.py:1065: UserWarning: Using a large number of experts (e.g. >=32) without fp32 routing. Consider enabling moe_router_dtype for better numerical stability.
[36m(WorkerDict pid=2846348)[0m   warnings.warn(
[36m(WorkerDict pid=2846341)[0m /workspace/cann-recipes-train/llm_rl/qwen3_shrink_aware/verl/models/mcore/config_converter.py:281: UserWarning: The following keys are not supported in the current Megatron version and will be removed: ['use_flash_attn', 'pipeline_num_transformer_layers', 'moe_alltoall_overlap_comm', 'use_fused_rotary_pos_emb', 'use_fused_swiglu', 'seq_length', 'swap_optimizer']
[36m(WorkerDict pid=2846341)[0m   return check_and_construct_configs(args, TransformerConfig)
[36m(WorkerDict pid=2846341)[0m /workspace/cann-recipes-train/llm_rl/qwen3_shrink_aware/megatron/core/transformer/transformer_config.py:1065: UserWarning: Using a large number of experts (e.g. >=32) without fp32 routing. Consider enabling moe_router_dtype for better numerical stability.
[36m(WorkerDict pid=2846341)[0m   warnings.warn(
[36m(WorkerDict pid=2846351)[0m /workspace/cann-recipes-train/llm_rl/qwen3_shrink_aware/verl/models/mcore/config_converter.py:281: UserWarning: The following keys are not supported in the current Megatron version and will be removed: ['use_flash_attn', 'pipeline_num_transformer_layers', 'moe_alltoall_overlap_comm', 'use_fused_rotary_pos_emb', 'use_fused_swiglu', 'seq_length', 'swap_optimizer']
[36m(WorkerDict pid=2846351)[0m   return check_and_construct_configs(args, TransformerConfig)
[36m(WorkerDict pid=2846351)[0m /workspace/cann-recipes-train/llm_rl/qwen3_shrink_aware/megatron/core/transformer/transformer_config.py:1065: UserWarning: Using a large number of experts (e.g. >=32) without fp32 routing. Consider enabling moe_router_dtype for better numerical stability.
[36m(WorkerDict pid=2846351)[0m   warnings.warn(
[36m(WorkerDict pid=2846352)[0m /workspace/cann-recipes-train/llm_rl/qwen3_shrink_aware/verl/models/mcore/config_converter.py:281: UserWarning: The following keys are not supported in the current Megatron version and will be removed: ['use_flash_attn', 'pipeline_num_transformer_layers', 'moe_alltoall_overlap_comm', 'use_fused_rotary_pos_emb', 'use_fused_swiglu', 'seq_length', 'swap_optimizer']
[36m(WorkerDict pid=2846352)[0m   return check_and_construct_configs(args, TransformerConfig)
[36m(WorkerDict pid=2846352)[0m /workspace/cann-recipes-train/llm_rl/qwen3_shrink_aware/megatron/core/transformer/transformer_config.py:1065: UserWarning: Using a large number of experts (e.g. >=32) without fp32 routing. Consider enabling moe_router_dtype for better numerical stability.
[36m(WorkerDict pid=2846352)[0m   warnings.warn(
[36m(WorkerDict pid=2846350)[0m /workspace/cann-recipes-train/llm_rl/qwen3_shrink_aware/verl/models/mcore/config_converter.py:281: UserWarning: The following keys are not supported in the current Megatron version and will be removed: ['use_flash_attn', 'pipeline_num_transformer_layers', 'moe_alltoall_overlap_comm', 'use_fused_rotary_pos_emb', 'use_fused_swiglu', 'seq_length', 'swap_optimizer']
[36m(WorkerDict pid=2846350)[0m   return check_and_construct_configs(args, TransformerConfig)
[36m(WorkerDict pid=2846350)[0m /workspace/cann-recipes-train/llm_rl/qwen3_shrink_aware/megatron/core/transformer/transformer_config.py:1065: UserWarning: Using a large number of experts (e.g. >=32) without fp32 routing. Consider enabling moe_router_dtype for better numerical stability.
[36m(WorkerDict pid=2846350)[0m   warnings.warn(
[36m(WorkerDict pid=2846342)[0m /workspace/cann-recipes-train/llm_rl/qwen3_shrink_aware/verl/models/mcore/config_converter.py:281: UserWarning: The following keys are not supported in the current Megatron version and will be removed: ['use_flash_attn', 'pipeline_num_transformer_layers', 'moe_alltoall_overlap_comm', 'use_fused_rotary_pos_emb', 'use_fused_swiglu', 'seq_length', 'swap_optimizer']
[36m(WorkerDict pid=2846342)[0m   return check_and_construct_configs(args, TransformerConfig)
[36m(WorkerDict pid=2846342)[0m /workspace/cann-recipes-train/llm_rl/qwen3_shrink_aware/megatron/core/transformer/transformer_config.py:1065: UserWarning: Using a large number of experts (e.g. >=32) without fp32 routing. Consider enabling moe_router_dtype for better numerical stability.
[36m(WorkerDict pid=2846342)[0m   warnings.warn(
[36m(WorkerDict pid=2846347)[0m /workspace/cann-recipes-train/llm_rl/qwen3_shrink_aware/verl/models/mcore/config_converter.py:281: UserWarning: The following keys are not supported in the current Megatron version and will be removed: ['use_flash_attn', 'pipeline_num_transformer_layers', 'moe_alltoall_overlap_comm', 'use_fused_rotary_pos_emb', 'use_fused_swiglu', 'seq_length', 'swap_optimizer']
[36m(WorkerDict pid=2846347)[0m   return check_and_construct_configs(args, TransformerConfig)
[36m(WorkerDict pid=2846347)[0m /workspace/cann-recipes-train/llm_rl/qwen3_shrink_aware/megatron/core/transformer/transformer_config.py:1065: UserWarning: Using a large number of experts (e.g. >=32) without fp32 routing. Consider enabling moe_router_dtype for better numerical stability.
[36m(WorkerDict pid=2846347)[0m   warnings.warn(
[36m(WorkerDict pid=2846346)[0m /workspace/cann-recipes-train/llm_rl/qwen3_shrink_aware/verl/models/mcore/config_converter.py:281: UserWarning: The following keys are not supported in the current Megatron version and will be removed: ['use_flash_attn', 'pipeline_num_transformer_layers', 'moe_alltoall_overlap_comm', 'use_fused_rotary_pos_emb', 'use_fused_swiglu', 'seq_length', 'swap_optimizer']
[36m(WorkerDict pid=2846346)[0m   return check_and_construct_configs(args, TransformerConfig)
[36m(WorkerDict pid=2846346)[0m /workspace/cann-recipes-train/llm_rl/qwen3_shrink_aware/megatron/core/transformer/transformer_config.py:1065: UserWarning: Using a large number of experts (e.g. >=32) without fp32 routing. Consider enabling moe_router_dtype for better numerical stability.
[36m(WorkerDict pid=2846346)[0m   warnings.warn(
[36m(WorkerDict pid=2846349)[0m /workspace/cann-recipes-train/llm_rl/qwen3_shrink_aware/verl/models/mcore/config_converter.py:281: UserWarning: The following keys are not supported in the current Megatron version and will be removed: ['use_flash_attn', 'pipeline_num_transformer_layers', 'moe_alltoall_overlap_comm', 'use_fused_rotary_pos_emb', 'use_fused_swiglu', 'seq_length', 'swap_optimizer']
[36m(WorkerDict pid=2846349)[0m   return check_and_construct_configs(args, TransformerConfig)
[36m(WorkerDict pid=2846349)[0m /workspace/cann-recipes-train/llm_rl/qwen3_shrink_aware/megatron/core/transformer/transformer_config.py:1065: UserWarning: Using a large number of experts (e.g. >=32) without fp32 routing. Consider enabling moe_router_dtype for better numerical stability.
[36m(WorkerDict pid=2846349)[0m   warnings.warn(
[36m(WorkerDict pid=2846338)[0m /workspace/cann-recipes-train/llm_rl/qwen3_shrink_aware/verl/models/mcore/config_converter.py:281: UserWarning: The following keys are not supported in the current Megatron version and will be removed: ['use_flash_attn', 'pipeline_num_transformer_layers', 'moe_alltoall_overlap_comm', 'use_fused_rotary_pos_emb', 'use_fused_swiglu', 'seq_length', 'swap_optimizer']
[36m(WorkerDict pid=2846338)[0m   return check_and_construct_configs(args, TransformerConfig)
[36m(WorkerDict pid=2846338)[0m /workspace/cann-recipes-train/llm_rl/qwen3_shrink_aware/megatron/core/transformer/transformer_config.py:1065: UserWarning: Using a large number of experts (e.g. >=32) without fp32 routing. Consider enabling moe_router_dtype for better numerical stability.
[36m(WorkerDict pid=2846338)[0m   warnings.warn(
[36m(WorkerDict pid=2846339)[0m /workspace/cann-recipes-train/llm_rl/qwen3_shrink_aware/megatron/core/dist_checkpointing/strategies/torch.py:892: FutureWarning: `load_state_dict` is deprecated and will be removed in future versions. Please use `load` instead.
[36m(WorkerDict pid=2846339)[0m   checkpoint.load_state_dict(
[36m(WorkerDict pid=2846344)[0m /workspace/cann-recipes-train/llm_rl/qwen3_shrink_aware/megatron/core/dist_checkpointing/strategies/torch.py:892: FutureWarning: `load_state_dict` is deprecated and will be removed in future versions. Please use `load` instead.
[36m(WorkerDict pid=2846344)[0m   checkpoint.load_state_dict(
[36m(WorkerDict pid=2846345)[0m /workspace/cann-recipes-train/llm_rl/qwen3_shrink_aware/megatron/core/dist_checkpointing/strategies/torch.py:892: FutureWarning: `load_state_dict` is deprecated and will be removed in future versions. Please use `load` instead.
[36m(WorkerDict pid=2846345)[0m   checkpoint.load_state_dict(
[36m(WorkerDict pid=2846342)[0m /workspace/cann-recipes-train/llm_rl/qwen3_shrink_aware/megatron/core/dist_checkpointing/strategies/torch.py:892: FutureWarning: `load_state_dict` is deprecated and will be removed in future versions. Please use `load` instead.
[36m(WorkerDict pid=2846342)[0m   checkpoint.load_state_dict(
[36m(WorkerDict pid=2846343)[0m /workspace/cann-recipes-train/llm_rl/qwen3_shrink_aware/megatron/core/dist_checkpointing/strategies/torch.py:892: FutureWarning: `load_state_dict` is deprecated and will be removed in future versions. Please use `load` instead.
[36m(WorkerDict pid=2846343)[0m   checkpoint.load_state_dict(
[36m(WorkerDict pid=2846338)[0m /workspace/cann-recipes-train/llm_rl/qwen3_shrink_aware/megatron/core/dist_checkpointing/strategies/torch.py:892: FutureWarning: `load_state_dict` is deprecated and will be removed in future versions. Please use `load` instead.
[36m(WorkerDict pid=2846338)[0m   checkpoint.load_state_dict(
[36m(WorkerDict pid=2846349)[0m /workspace/cann-recipes-train/llm_rl/qwen3_shrink_aware/megatron/core/dist_checkpointing/strategies/torch.py:892: FutureWarning: `load_state_dict` is deprecated and will be removed in future versions. Please use `load` instead.
[36m(WorkerDict pid=2846349)[0m   checkpoint.load_state_dict(
[36m(WorkerDict pid=2846352)[0m /workspace/cann-recipes-train/llm_rl/qwen3_shrink_aware/megatron/core/dist_checkpointing/strategies/torch.py:892: FutureWarning: `load_state_dict` is deprecated and will be removed in future versions. Please use `load` instead.
[36m(WorkerDict pid=2846352)[0m   checkpoint.load_state_dict(
[36m(WorkerDict pid=2846350)[0m /workspace/cann-recipes-train/llm_rl/qwen3_shrink_aware/megatron/core/dist_checkpointing/strategies/torch.py:892: FutureWarning: `load_state_dict` is deprecated and will be removed in future versions. Please use `load` instead.
[36m(WorkerDict pid=2846350)[0m   checkpoint.load_state_dict(
[36m(WorkerDict pid=2846348)[0m /workspace/cann-recipes-train/llm_rl/qwen3_shrink_aware/megatron/core/dist_checkpointing/strategies/torch.py:892: FutureWarning: `load_state_dict` is deprecated and will be removed in future versions. Please use `load` instead.
[36m(WorkerDict pid=2846348)[0m   checkpoint.load_state_dict(
[36m(WorkerDict pid=2846351)[0m /workspace/cann-recipes-train/llm_rl/qwen3_shrink_aware/megatron/core/dist_checkpointing/strategies/torch.py:892: FutureWarning: `load_state_dict` is deprecated and will be removed in future versions. Please use `load` instead.
[36m(WorkerDict pid=2846351)[0m   checkpoint.load_state_dict(
[36m(WorkerDict pid=2846346)[0m /workspace/cann-recipes-train/llm_rl/qwen3_shrink_aware/megatron/core/dist_checkpointing/strategies/torch.py:892: FutureWarning: `load_state_dict` is deprecated and will be removed in future versions. Please use `load` instead.
[36m(WorkerDict pid=2846346)[0m   checkpoint.load_state_dict(
[36m(WorkerDict pid=2846341)[0m /workspace/cann-recipes-train/llm_rl/qwen3_shrink_aware/megatron/core/dist_checkpointing/strategies/torch.py:892: FutureWarning: `load_state_dict` is deprecated and will be removed in future versions. Please use `load` instead.
[36m(WorkerDict pid=2846341)[0m   checkpoint.load_state_dict(
[36m(WorkerDict pid=2846340)[0m /workspace/cann-recipes-train/llm_rl/qwen3_shrink_aware/megatron/core/dist_checkpointing/strategies/torch.py:892: FutureWarning: `load_state_dict` is deprecated and will be removed in future versions. Please use `load` instead.
[36m(WorkerDict pid=2846340)[0m   checkpoint.load_state_dict(
[36m(WorkerDict pid=2846347)[0m /workspace/cann-recipes-train/llm_rl/qwen3_shrink_aware/megatron/core/dist_checkpointing/strategies/torch.py:892: FutureWarning: `load_state_dict` is deprecated and will be removed in future versions. Please use `load` instead.
[36m(WorkerDict pid=2846347)[0m   checkpoint.load_state_dict(
[36m(WorkerDict pid=2846353)[0m /workspace/cann-recipes-train/llm_rl/qwen3_shrink_aware/megatron/core/dist_checkpointing/strategies/torch.py:892: FutureWarning: `load_state_dict` is deprecated and will be removed in future versions. Please use `load` instead.
[36m(WorkerDict pid=2846353)[0m   checkpoint.load_state_dict(
[36m(WorkerDict pid=2846342)[0m /usr/local/python3.11.14/lib/python3.11/site-packages/torch/distributed/checkpoint/planner_helpers.py:418: FutureWarning: Please use DTensor instead and we are deprecating ShardedTensor.
[36m(WorkerDict pid=2846342)[0m   device = getattr(value, "device", None)
[36m(WorkerDict pid=2846343)[0m /usr/local/python3.11.14/lib/python3.11/site-packages/torch/distributed/checkpoint/planner_helpers.py:418: FutureWarning: Please use DTensor instead and we are deprecating ShardedTensor.
[36m(WorkerDict pid=2846343)[0m   device = getattr(value, "device", None)
[36m(WorkerDict pid=2846343)[0m /usr/local/python3.11.14/lib/python3.11/site-packages/torch/distributed/checkpoint/default_planner.py:479: FutureWarning: Please use DTensor instead and we are deprecating ShardedTensor.
[36m(WorkerDict pid=2846343)[0m   and md.size != obj.size()
[36m(WorkerDict pid=2846342)[0m /usr/local/python3.11.14/lib/python3.11/site-packages/torch/distributed/checkpoint/default_planner.py:479: FutureWarning: Please use DTensor instead and we are deprecating ShardedTensor.
[36m(WorkerDict pid=2846342)[0m   and md.size != obj.size()
[36m(WorkerDict pid=2846339)[0m /usr/local/python3.11.14/lib/python3.11/site-packages/torch/distributed/checkpoint/planner_helpers.py:418: FutureWarning: Please use DTensor instead and we are deprecating ShardedTensor.
[36m(WorkerDict pid=2846339)[0m   device = getattr(value, "device", None)
[36m(WorkerDict pid=2846339)[0m /usr/local/python3.11.14/lib/python3.11/site-packages/torch/distributed/checkpoint/default_planner.py:479: FutureWarning: Please use DTensor instead and we are deprecating ShardedTensor.
[36m(WorkerDict pid=2846339)[0m   and md.size != obj.size()
[36m(WorkerDict pid=2846344)[0m /usr/local/python3.11.14/lib/python3.11/site-packages/torch/distributed/checkpoint/planner_helpers.py:418: FutureWarning: Please use DTensor instead and we are deprecating ShardedTensor.
[36m(WorkerDict pid=2846344)[0m   device = getattr(value, "device", None)
[36m(WorkerDict pid=2846344)[0m /usr/local/python3.11.14/lib/python3.11/site-packages/torch/distributed/checkpoint/default_planner.py:479: FutureWarning: Please use DTensor instead and we are deprecating ShardedTensor.
[36m(WorkerDict pid=2846344)[0m   and md.size != obj.size()
[36m(WorkerDict pid=2846345)[0m /usr/local/python3.11.14/lib/python3.11/site-packages/torch/distributed/checkpoint/planner_helpers.py:418: FutureWarning: Please use DTensor instead and we are deprecating ShardedTensor.
[36m(WorkerDict pid=2846345)[0m   device = getattr(value, "device", None)
[36m(WorkerDict pid=2846345)[0m /usr/local/python3.11.14/lib/python3.11/site-packages/torch/distributed/checkpoint/default_planner.py:479: FutureWarning: Please use DTensor instead and we are deprecating ShardedTensor.
[36m(WorkerDict pid=2846345)[0m   and md.size != obj.size()
[36m(WorkerDict pid=2846338)[0m /usr/local/python3.11.14/lib/python3.11/site-packages/torch/distributed/checkpoint/planner_helpers.py:418: FutureWarning: Please use DTensor instead and we are deprecating ShardedTensor.
[36m(WorkerDict pid=2846338)[0m   device = getattr(value, "device", None)
[36m(WorkerDict pid=2846338)[0m /usr/local/python3.11.14/lib/python3.11/site-packages/torch/distributed/checkpoint/default_planner.py:479: FutureWarning: Please use DTensor instead and we are deprecating ShardedTensor.
[36m(WorkerDict pid=2846338)[0m   and md.size != obj.size()
[36m(WorkerDict pid=2846346)[0m /usr/local/python3.11.14/lib/python3.11/site-packages/torch/distributed/checkpoint/planner_helpers.py:418: FutureWarning: Please use DTensor instead and we are deprecating ShardedTensor.
[36m(WorkerDict pid=2846346)[0m   device = getattr(value, "device", None)
[36m(WorkerDict pid=2846346)[0m /usr/local/python3.11.14/lib/python3.11/site-packages/torch/distributed/checkpoint/default_planner.py:479: FutureWarning: Please use DTensor instead and we are deprecating ShardedTensor.
[36m(WorkerDict pid=2846346)[0m   and md.size != obj.size()
[36m(WorkerDict pid=2846352)[0m /usr/local/python3.11.14/lib/python3.11/site-packages/torch/distributed/checkpoint/planner_helpers.py:418: FutureWarning: Please use DTensor instead and we are deprecating ShardedTensor.
[36m(WorkerDict pid=2846352)[0m   device = getattr(value, "device", None)
[36m(WorkerDict pid=2846352)[0m /usr/local/python3.11.14/lib/python3.11/site-packages/torch/distributed/checkpoint/default_planner.py:479: FutureWarning: Please use DTensor instead and we are deprecating ShardedTensor.
[36m(WorkerDict pid=2846352)[0m   and md.size != obj.size()
[36m(WorkerDict pid=2846350)[0m /usr/local/python3.11.14/lib/python3.11/site-packages/torch/distributed/checkpoint/planner_helpers.py:418: FutureWarning: Please use DTensor instead and we are deprecating ShardedTensor.
[36m(WorkerDict pid=2846350)[0m   device = getattr(value, "device", None)
[36m(WorkerDict pid=2846350)[0m /usr/local/python3.11.14/lib/python3.11/site-packages/torch/distributed/checkpoint/default_planner.py:479: FutureWarning: Please use DTensor instead and we are deprecating ShardedTensor.
[36m(WorkerDict pid=2846350)[0m   and md.size != obj.size()
[36m(WorkerDict pid=2846353)[0m /usr/local/python3.11.14/lib/python3.11/site-packages/torch/distributed/checkpoint/planner_helpers.py:418: FutureWarning: Please use DTensor instead and we are deprecating ShardedTensor.
[36m(WorkerDict pid=2846353)[0m   device = getattr(value, "device", None)
[36m(WorkerDict pid=2846353)[0m /usr/local/python3.11.14/lib/python3.11/site-packages/torch/distributed/checkpoint/default_planner.py:479: FutureWarning: Please use DTensor instead and we are deprecating ShardedTensor.
[36m(WorkerDict pid=2846353)[0m   and md.size != obj.size()
[36m(WorkerDict pid=2846348)[0m /usr/local/python3.11.14/lib/python3.11/site-packages/torch/distributed/checkpoint/planner_helpers.py:418: FutureWarning: Please use DTensor instead and we are deprecating ShardedTensor.
[36m(WorkerDict pid=2846348)[0m   device = getattr(value, "device", None)
[36m(WorkerDict pid=2846348)[0m /usr/local/python3.11.14/lib/python3.11/site-packages/torch/distributed/checkpoint/default_planner.py:479: FutureWarning: Please use DTensor instead and we are deprecating ShardedTensor.
[36m(WorkerDict pid=2846348)[0m   and md.size != obj.size()
[36m(WorkerDict pid=2846351)[0m /usr/local/python3.11.14/lib/python3.11/site-packages/torch/distributed/checkpoint/planner_helpers.py:418: FutureWarning: Please use DTensor instead and we are deprecating ShardedTensor.
[36m(WorkerDict pid=2846351)[0m   device = getattr(value, "device", None)
[36m(WorkerDict pid=2846351)[0m /usr/local/python3.11.14/lib/python3.11/site-packages/torch/distributed/checkpoint/default_planner.py:479: FutureWarning: Please use DTensor instead and we are deprecating ShardedTensor.
[36m(WorkerDict pid=2846351)[0m   and md.size != obj.size()
[36m(WorkerDict pid=2846341)[0m /usr/local/python3.11.14/lib/python3.11/site-packages/torch/distributed/checkpoint/planner_helpers.py:418: FutureWarning: Please use DTensor instead and we are deprecating ShardedTensor.
[36m(WorkerDict pid=2846341)[0m   device = getattr(value, "device", None)
[36m(WorkerDict pid=2846341)[0m /usr/local/python3.11.14/lib/python3.11/site-packages/torch/distributed/checkpoint/default_planner.py:479: FutureWarning: Please use DTensor instead and we are deprecating ShardedTensor.
[36m(WorkerDict pid=2846341)[0m   and md.size != obj.size()
[36m(WorkerDict pid=2846340)[0m /usr/local/python3.11.14/lib/python3.11/site-packages/torch/distributed/checkpoint/planner_helpers.py:418: FutureWarning: Please use DTensor instead and we are deprecating ShardedTensor.
[36m(WorkerDict pid=2846340)[0m   device = getattr(value, "device", None)
[36m(WorkerDict pid=2846340)[0m /usr/local/python3.11.14/lib/python3.11/site-packages/torch/distributed/checkpoint/default_planner.py:479: FutureWarning: Please use DTensor instead and we are deprecating ShardedTensor.
[36m(WorkerDict pid=2846340)[0m   and md.size != obj.size()
[36m(WorkerDict pid=2846347)[0m /usr/local/python3.11.14/lib/python3.11/site-packages/torch/distributed/checkpoint/planner_helpers.py:418: FutureWarning: Please use DTensor instead and we are deprecating ShardedTensor.
[36m(WorkerDict pid=2846347)[0m   device = getattr(value, "device", None)
[36m(WorkerDict pid=2846347)[0m /usr/local/python3.11.14/lib/python3.11/site-packages/torch/distributed/checkpoint/default_planner.py:479: FutureWarning: Please use DTensor instead and we are deprecating ShardedTensor.
[36m(WorkerDict pid=2846347)[0m   and md.size != obj.size()
[36m(WorkerDict pid=2846349)[0m /usr/local/python3.11.14/lib/python3.11/site-packages/torch/distributed/checkpoint/planner_helpers.py:418: FutureWarning: Please use DTensor instead and we are deprecating ShardedTensor.
[36m(WorkerDict pid=2846349)[0m   device = getattr(value, "device", None)
[36m(WorkerDict pid=2846349)[0m /usr/local/python3.11.14/lib/python3.11/site-packages/torch/distributed/checkpoint/default_planner.py:479: FutureWarning: Please use DTensor instead and we are deprecating ShardedTensor.
[36m(WorkerDict pid=2846349)[0m   and md.size != obj.size()
[36m(WorkerDict pid=2846338)[0m /usr/local/python3.11.14/lib/python3.11/site-packages/torch_npu/distributed/distributed_c10d.py:110: UserWarning: HCCL doesn't support gather at the moment. Implemented with allgather instead.
[36m(WorkerDict pid=2846338)[0m   warnings.warn("HCCL doesn't support gather at the moment. Implemented with allgather instead.")
[36m(WorkerDict pid=2846339)[0m [rank1]:[W620 10:51:42.093006363 compiler_depend.ts:338] Warning: Cannot create tensor with interal format while allow_internel_format=False, tensor will be created with base format. (function operator())
[36m(WorkerDict pid=2846344)[0m [rank6]:[W620 10:51:42.093217680 compiler_depend.ts:338] Warning: Cannot create tensor with interal format while allow_internel_format=False, tensor will be created with base format. (function operator())
[36m(WorkerDict pid=2846345)[0m [rank7]:[W620 10:51:42.093246821 compiler_depend.ts:338] Warning: Cannot create tensor with interal format while allow_internel_format=False, tensor will be created with base format. (function operator())
[36m(WorkerDict pid=2846342)[0m [rank5]:[W620 10:51:42.093103516 compiler_depend.ts:338] Warning: Cannot create tensor with interal format while allow_internel_format=False, tensor will be created with base format. (function operator())
[36m(WorkerDict pid=2846341)[0m [rank4]:[W620 10:51:42.093505639 compiler_depend.ts:338] Warning: Cannot create tensor with interal format while allow_internel_format=False, tensor will be created with base format. (function operator())
[36m(WorkerDict pid=2846343)[0m [rank2]:[W620 10:51:42.093114226 compiler_depend.ts:338] Warning: Cannot create tensor with interal format while allow_internel_format=False, tensor will be created with base format. (function operator())
[36m(WorkerDict pid=2846340)[0m [rank3]:[W620 10:51:42.093106816 compiler_depend.ts:338] Warning: Cannot create tensor with interal format while allow_internel_format=False, tensor will be created with base format. (function operator())
[36m(WorkerDict pid=2846349)[0m [rank11]:[W620 10:51:42.093113996 compiler_depend.ts:338] Warning: Cannot create tensor with interal format while allow_internel_format=False, tensor will be created with base format. (function operator())
[36m(WorkerDict pid=2846346)[0m [rank8]:[W620 10:51:42.093215590 compiler_depend.ts:338] Warning: Cannot create tensor with interal format while allow_internel_format=False, tensor will be created with base format. (function operator())
[36m(WorkerDict pid=2846352)[0m [rank14]:[W620 10:51:42.093125077 compiler_depend.ts:338] Warning: Cannot create tensor with interal format while allow_internel_format=False, tensor will be created with base format. (function operator())
[36m(WorkerDict pid=2846347)[0m [rank9]:[W620 10:51:42.093137807 compiler_depend.ts:338] Warning: Cannot create tensor with interal format while allow_internel_format=False, tensor will be created with base format. (function operator())
[36m(WorkerDict pid=2846350)[0m [rank13]:[W620 10:51:42.093247141 compiler_depend.ts:338] Warning: Cannot create tensor with interal format while allow_internel_format=False, tensor will be created with base format. (function operator())
[36m(WorkerDict pid=2846353)[0m [rank15]:[W620 10:51:42.093106446 compiler_depend.ts:338] Warning: Cannot create tensor with interal format while allow_internel_format=False, tensor will be created with base format. (function operator())
[36m(WorkerDict pid=2846348)[0m [rank10]:[W620 10:51:42.093106336 compiler_depend.ts:338] Warning: Cannot create tensor with interal format while allow_internel_format=False, tensor will be created with base format. (function operator())
[36m(WorkerDict pid=2846351)[0m [rank12]:[W620 10:51:42.093124977 compiler_depend.ts:338] Warning: Cannot create tensor with interal format while allow_internel_format=False, tensor will be created with base format. (function operator())
[36m(WorkerDict pid=2846339)[0m /workspace/cann-recipes-train/llm_rl/qwen3_shrink_aware/mindspeed/core/optimizer/swap_optimizer/swap_optimizer.py:128: UserWarning: TypedStorage is deprecated. It will be removed in the future and UntypedStorage will be the only storage class. This should only matter to you if you are using storages directly.  To access UntypedStorage directly, use tensor.untyped_storage() instead of tensor.storage()
[36m(WorkerDict pid=2846339)[0m   if param.storage().size() != 0:
[36m(WorkerDict pid=2846345)[0m /workspace/cann-recipes-train/llm_rl/qwen3_shrink_aware/mindspeed/core/optimizer/swap_optimizer/swap_optimizer.py:128: UserWarning: TypedStorage is deprecated. It will be removed in the future and UntypedStorage will be the only storage class. This should only matter to you if you are using storages directly.  To access UntypedStorage directly, use tensor.untyped_storage() instead of tensor.storage()
[36m(WorkerDict pid=2846345)[0m   if param.storage().size() != 0:
[36m(WorkerDict pid=2846343)[0m /workspace/cann-recipes-train/llm_rl/qwen3_shrink_aware/mindspeed/core/optimizer/swap_optimizer/swap_optimizer.py:128: UserWarning: TypedStorage is deprecated. It will be removed in the future and UntypedStorage will be the only storage class. This should only matter to you if you are using storages directly.  To access UntypedStorage directly, use tensor.untyped_storage() instead of tensor.storage()
[36m(WorkerDict pid=2846343)[0m   if param.storage().size() != 0:
[36m(WorkerDict pid=2846340)[0m /workspace/cann-recipes-train/llm_rl/qwen3_shrink_aware/mindspeed/core/optimizer/swap_optimizer/swap_optimizer.py:128: UserWarning: TypedStorage is deprecated. It will be removed in the future and UntypedStorage will be the only storage class. This should only matter to you if you are using storages directly.  To access UntypedStorage directly, use tensor.untyped_storage() instead of tensor.storage()
[36m(WorkerDict pid=2846340)[0m   if param.storage().size() != 0:
[36m(WorkerDict pid=2846338)[0m /workspace/cann-recipes-train/llm_rl/qwen3_shrink_aware/mindspeed/core/optimizer/swap_optimizer/swap_optimizer.py:128: UserWarning: TypedStorage is deprecated. It will be removed in the future and UntypedStorage will be the only storage class. This should only matter to you if you are using storages directly.  To access UntypedStorage directly, use tensor.untyped_storage() instead of tensor.storage()
[36m(WorkerDict pid=2846338)[0m   if param.storage().size() != 0:
[36m(WorkerDict pid=2846338)[0m /usr/local/python3.11.14/lib/python3.11/site-packages/torch_npu/contrib/transfer_to_npu.py:182: UserWarning: Cannot create tensor with interal format while allow_internel_format=False, tensor will be created with base format. (Triggered internally at build/CMakeFiles/torch_npu.dir/compiler_depend.ts:338.)
[36m(WorkerDict pid=2846338)[0m   return fn(*args, **kwargs)
[36m(WorkerDict pid=2846352)[0m /workspace/cann-recipes-train/llm_rl/qwen3_shrink_aware/mindspeed/core/optimizer/swap_optimizer/swap_optimizer.py:128: UserWarning: TypedStorage is deprecated. It will be removed in the future and UntypedStorage will be the only storage class. This should only matter to you if you are using storages directly.  To access UntypedStorage directly, use tensor.untyped_storage() instead of tensor.storage()
[36m(WorkerDict pid=2846352)[0m   if param.storage().size() != 0:
[36m(WorkerDict pid=2846350)[0m /workspace/cann-recipes-train/llm_rl/qwen3_shrink_aware/mindspeed/core/optimizer/swap_optimizer/swap_optimizer.py:128: UserWarning: TypedStorage is deprecated. It will be removed in the future and UntypedStorage will be the only storage class. This should only matter to you if you are using storages directly.  To access UntypedStorage directly, use tensor.untyped_storage() instead of tensor.storage()
[36m(WorkerDict pid=2846350)[0m   if param.storage().size() != 0:
[36m(WorkerDict pid=2846353)[0m /workspace/cann-recipes-train/llm_rl/qwen3_shrink_aware/mindspeed/core/optimizer/swap_optimizer/swap_optimizer.py:128: UserWarning: TypedStorage is deprecated. It will be removed in the future and UntypedStorage will be the only storage class. This should only matter to you if you are using storages directly.  To access UntypedStorage directly, use tensor.untyped_storage() instead of tensor.storage()
[36m(WorkerDict pid=2846353)[0m   if param.storage().size() != 0:
[36m(WorkerDict pid=2846348)[0m /workspace/cann-recipes-train/llm_rl/qwen3_shrink_aware/mindspeed/core/optimizer/swap_optimizer/swap_optimizer.py:128: UserWarning: TypedStorage is deprecated. It will be removed in the future and UntypedStorage will be the only storage class. This should only matter to you if you are using storages directly.  To access UntypedStorage directly, use tensor.untyped_storage() instead of tensor.storage()
[36m(WorkerDict pid=2846348)[0m   if param.storage().size() != 0:
[36m(WorkerDict pid=2846342)[0m /workspace/cann-recipes-train/llm_rl/qwen3_shrink_aware/mindspeed/core/optimizer/swap_optimizer/swap_optimizer.py:128: UserWarning: TypedStorage is deprecated. It will be removed in the future and UntypedStorage will be the only storage class. This should only matter to you if you are using storages directly.  To access UntypedStorage directly, use tensor.untyped_storage() instead of tensor.storage()
[36m(WorkerDict pid=2846342)[0m   if param.storage().size() != 0:
[36m(WorkerDict pid=2846351)[0m /workspace/cann-recipes-train/llm_rl/qwen3_shrink_aware/mindspeed/core/optimizer/swap_optimizer/swap_optimizer.py:128: UserWarning: TypedStorage is deprecated. It will be removed in the future and UntypedStorage will be the only storage class. This should only matter to you if you are using storages directly.  To access UntypedStorage directly, use tensor.untyped_storage() instead of tensor.storage()
[36m(WorkerDict pid=2846351)[0m   if param.storage().size() != 0:
[36m(WorkerDict pid=2846349)[0m /workspace/cann-recipes-train/llm_rl/qwen3_shrink_aware/mindspeed/core/optimizer/swap_optimizer/swap_optimizer.py:128: UserWarning: TypedStorage is deprecated. It will be removed in the future and UntypedStorage will be the only storage class. This should only matter to you if you are using storages directly.  To access UntypedStorage directly, use tensor.untyped_storage() instead of tensor.storage()
[36m(WorkerDict pid=2846349)[0m   if param.storage().size() != 0:
[36m(WorkerDict pid=2846344)[0m /workspace/cann-recipes-train/llm_rl/qwen3_shrink_aware/mindspeed/core/optimizer/swap_optimizer/swap_optimizer.py:128: UserWarning: TypedStorage is deprecated. It will be removed in the future and UntypedStorage will be the only storage class. This should only matter to you if you are using storages directly.  To access UntypedStorage directly, use tensor.untyped_storage() instead of tensor.storage()
[36m(WorkerDict pid=2846344)[0m   if param.storage().size() != 0:
[36m(WorkerDict pid=2846341)[0m /workspace/cann-recipes-train/llm_rl/qwen3_shrink_aware/mindspeed/core/optimizer/swap_optimizer/swap_optimizer.py:128: UserWarning: TypedStorage is deprecated. It will be removed in the future and UntypedStorage will be the only storage class. This should only matter to you if you are using storages directly.  To access UntypedStorage directly, use tensor.untyped_storage() instead of tensor.storage()
[36m(WorkerDict pid=2846341)[0m   if param.storage().size() != 0:
[36m(WorkerDict pid=2846347)[0m /workspace/cann-recipes-train/llm_rl/qwen3_shrink_aware/mindspeed/core/optimizer/swap_optimizer/swap_optimizer.py:128: UserWarning: TypedStorage is deprecated. It will be removed in the future and UntypedStorage will be the only storage class. This should only matter to you if you are using storages directly.  To access UntypedStorage directly, use tensor.untyped_storage() instead of tensor.storage()
[36m(WorkerDict pid=2846347)[0m   if param.storage().size() != 0:
[36m(WorkerDict pid=2846346)[0m /workspace/cann-recipes-train/llm_rl/qwen3_shrink_aware/mindspeed/core/optimizer/swap_optimizer/swap_optimizer.py:128: UserWarning: TypedStorage is deprecated. It will be removed in the future and UntypedStorage will be the only storage class. This should only matter to you if you are using storages directly.  To access UntypedStorage directly, use tensor.untyped_storage() instead of tensor.storage()
[36m(WorkerDict pid=2846346)[0m   if param.storage().size() != 0:
[36m(WorkerDict pid=2846353)[0m /workspace/cann-recipes-train/llm_rl/qwen3_shrink_aware/verl/utils/profiler/config.py:49: UserWarning: Torch profiler tool config is not fully supported now.
[36m(WorkerDict pid=2846353)[0m   warnings.warn("Torch profiler tool config is not fully supported now.", stacklevel=1)
[36m(WorkerDict pid=2846339)[0m /workspace/cann-recipes-train/llm_rl/qwen3_shrink_aware/verl/utils/profiler/config.py:49: UserWarning: Torch profiler tool config is not fully supported now.
[36m(WorkerDict pid=2846339)[0m   warnings.warn("Torch profiler tool config is not fully supported now.", stacklevel=1)
[36m(WorkerDict pid=2846344)[0m /workspace/cann-recipes-train/llm_rl/qwen3_shrink_aware/verl/utils/profiler/config.py:49: UserWarning: Torch profiler tool config is not fully supported now.
[36m(WorkerDict pid=2846344)[0m   warnings.warn("Torch profiler tool config is not fully supported now.", stacklevel=1)
[36m(WorkerDict pid=2846343)[0m /workspace/cann-recipes-train/llm_rl/qwen3_shrink_aware/verl/utils/profiler/config.py:49: UserWarning: Torch profiler tool config is not fully supported now.
[36m(WorkerDict pid=2846343)[0m   warnings.warn("Torch profiler tool config is not fully supported now.", stacklevel=1)
[36m(WorkerDict pid=2846352)[0m /workspace/cann-recipes-train/llm_rl/qwen3_shrink_aware/verl/utils/profiler/config.py:49: UserWarning: Torch profiler tool config is not fully supported now.
[36m(WorkerDict pid=2846352)[0m   warnings.warn("Torch profiler tool config is not fully supported now.", stacklevel=1)
[36m(WorkerDict pid=2846342)[0m /workspace/cann-recipes-train/llm_rl/qwen3_shrink_aware/verl/utils/profiler/config.py:49: UserWarning: Torch profiler tool config is not fully supported now.
[36m(WorkerDict pid=2846342)[0m   warnings.warn("Torch profiler tool config is not fully supported now.", stacklevel=1)
[36m(WorkerDict pid=2846351)[0m /workspace/cann-recipes-train/llm_rl/qwen3_shrink_aware/verl/utils/profiler/config.py:49: UserWarning: Torch profiler tool config is not fully supported now.
[36m(WorkerDict pid=2846351)[0m   warnings.warn("Torch profiler tool config is not fully supported now.", stacklevel=1)
[36m(WorkerDict pid=2846340)[0m /workspace/cann-recipes-train/llm_rl/qwen3_shrink_aware/verl/utils/profiler/config.py:49: UserWarning: Torch profiler tool config is not fully supported now.
[36m(WorkerDict pid=2846340)[0m   warnings.warn("Torch profiler tool config is not fully supported now.", stacklevel=1)
[36m(WorkerDict pid=2846350)[0m /workspace/cann-recipes-train/llm_rl/qwen3_shrink_aware/verl/utils/profiler/config.py:49: UserWarning: Torch profiler tool config is not fully supported now.
[36m(WorkerDict pid=2846350)[0m   warnings.warn("Torch profiler tool config is not fully supported now.", stacklevel=1)
[36m(WorkerDict pid=2846353)[0m <frozen importlib._bootstrap>:241: DeprecationWarning: builtin type SwigPyPacked has no __module__ attribute
[36m(WorkerDict pid=2846353)[0m <frozen importlib._bootstrap>:241: DeprecationWarning: builtin type SwigPyObject has no __module__ attribute
[36m(WorkerDict pid=2846348)[0m /workspace/cann-recipes-train/llm_rl/qwen3_shrink_aware/verl/utils/profiler/config.py:49: UserWarning: Torch profiler tool config is not fully supported now.
[36m(WorkerDict pid=2846348)[0m   warnings.warn("Torch profiler tool config is not fully supported now.", stacklevel=1)
[36m(WorkerDict pid=2846339)[0m <frozen importlib._bootstrap>:241: DeprecationWarning: builtin type SwigPyPacked has no __module__ attribute
[36m(WorkerDict pid=2846339)[0m <frozen importlib._bootstrap>:241: DeprecationWarning: builtin type SwigPyObject has no __module__ attribute
[36m(WorkerDict pid=2846338)[0m /workspace/cann-recipes-train/llm_rl/qwen3_shrink_aware/verl/utils/profiler/config.py:49: UserWarning: Torch profiler tool config is not fully supported now.
[36m(WorkerDict pid=2846338)[0m   warnings.warn("Torch profiler tool config is not fully supported now.", stacklevel=1)
[36m(WorkerDict pid=2846344)[0m <frozen importlib._bootstrap>:241: DeprecationWarning: builtin type SwigPyPacked has no __module__ attribute
[36m(WorkerDict pid=2846344)[0m <frozen importlib._bootstrap>:241: DeprecationWarning: builtin type SwigPyObject has no __module__ attribute
[36m(WorkerDict pid=2846343)[0m <frozen importlib._bootstrap>:241: DeprecationWarning: builtin type SwigPyPacked has no __module__ attribute
[36m(WorkerDict pid=2846343)[0m <frozen importlib._bootstrap>:241: DeprecationWarning: builtin type SwigPyObject has no __module__ attribute
[36m(WorkerDict pid=2846341)[0m /workspace/cann-recipes-train/llm_rl/qwen3_shrink_aware/verl/utils/profiler/config.py:49: UserWarning: Torch profiler tool config is not fully supported now.
[36m(WorkerDict pid=2846341)[0m   warnings.warn("Torch profiler tool config is not fully supported now.", stacklevel=1)
[36m(WorkerDict pid=2846349)[0m /workspace/cann-recipes-train/llm_rl/qwen3_shrink_aware/verl/utils/profiler/config.py:49: UserWarning: Torch profiler tool config is not fully supported now.
[36m(WorkerDict pid=2846349)[0m   warnings.warn("Torch profiler tool config is not fully supported now.", stacklevel=1)
[36m(WorkerDict pid=2846346)[0m /workspace/cann-recipes-train/llm_rl/qwen3_shrink_aware/verl/utils/profiler/config.py:49: UserWarning: Torch profiler tool config is not fully supported now.
[36m(WorkerDict pid=2846346)[0m   warnings.warn("Torch profiler tool config is not fully supported now.", stacklevel=1)
[36m(WorkerDict pid=2846352)[0m <frozen importlib._bootstrap>:241: DeprecationWarning: builtin type SwigPyPacked has no __module__ attribute
[36m(WorkerDict pid=2846352)[0m <frozen importlib._bootstrap>:241: DeprecationWarning: builtin type SwigPyObject has no __module__ attribute
[36m(WorkerDict pid=2846345)[0m /workspace/cann-recipes-train/llm_rl/qwen3_shrink_aware/verl/utils/profiler/config.py:49: UserWarning: Torch profiler tool config is not fully supported now.
[36m(WorkerDict pid=2846345)[0m   warnings.warn("Torch profiler tool config is not fully supported now.", stacklevel=1)
[36m(WorkerDict pid=2846342)[0m <frozen importlib._bootstrap>:241: DeprecationWarning: builtin type SwigPyPacked has no __module__ attribute
[36m(WorkerDict pid=2846342)[0m <frozen importlib._bootstrap>:241: DeprecationWarning: builtin type SwigPyObject has no __module__ attribute
[36m(WorkerDict pid=2846347)[0m /workspace/cann-recipes-train/llm_rl/qwen3_shrink_aware/verl/utils/profiler/config.py:49: UserWarning: Torch profiler tool config is not fully supported now.
[36m(WorkerDict pid=2846347)[0m   warnings.warn("Torch profiler tool config is not fully supported now.", stacklevel=1)
[36m(WorkerDict pid=2846351)[0m <frozen importlib._bootstrap>:241: DeprecationWarning: builtin type SwigPyPacked has no __module__ attribute
[36m(WorkerDict pid=2846351)[0m <frozen importlib._bootstrap>:241: DeprecationWarning: builtin type SwigPyObject has no __module__ attribute
[36m(WorkerDict pid=2846340)[0m <frozen importlib._bootstrap>:241: DeprecationWarning: builtin type SwigPyPacked has no __module__ attribute
[36m(WorkerDict pid=2846340)[0m <frozen importlib._bootstrap>:241: DeprecationWarning: builtin type SwigPyObject has no __module__ attribute
[36m(WorkerDict pid=2846350)[0m <frozen importlib._bootstrap>:241: DeprecationWarning: builtin type SwigPyPacked has no __module__ attribute
[36m(WorkerDict pid=2846350)[0m <frozen importlib._bootstrap>:241: DeprecationWarning: builtin type SwigPyObject has no __module__ attribute
[36m(WorkerDict pid=2846348)[0m <frozen importlib._bootstrap>:241: DeprecationWarning: builtin type SwigPyPacked has no __module__ attribute
[36m(WorkerDict pid=2846348)[0m <frozen importlib._bootstrap>:241: DeprecationWarning: builtin type SwigPyObject has no __module__ attribute
[36m(WorkerDict pid=2846338)[0m <frozen importlib._bootstrap>:241: DeprecationWarning: builtin type SwigPyPacked has no __module__ attribute
[36m(WorkerDict pid=2846338)[0m <frozen importlib._bootstrap>:241: DeprecationWarning: builtin type SwigPyObject has no __module__ attribute
[36m(WorkerDict pid=2846341)[0m <frozen importlib._bootstrap>:241: DeprecationWarning: builtin type SwigPyPacked has no __module__ attribute
[36m(WorkerDict pid=2846341)[0m <frozen importlib._bootstrap>:241: DeprecationWarning: builtin type SwigPyObject has no __module__ attribute
[36m(WorkerDict pid=2846349)[0m <frozen importlib._bootstrap>:241: DeprecationWarning: builtin type SwigPyPacked has no __module__ attribute
[36m(WorkerDict pid=2846349)[0m <frozen importlib._bootstrap>:241: DeprecationWarning: builtin type SwigPyObject has no __module__ attribute
[36m(WorkerDict pid=2846346)[0m <frozen importlib._bootstrap>:241: DeprecationWarning: builtin type SwigPyPacked has no __module__ attribute
[36m(WorkerDict pid=2846346)[0m <frozen importlib._bootstrap>:241: DeprecationWarning: builtin type SwigPyObject has no __module__ attribute
[36m(WorkerDict pid=2846345)[0m <frozen importlib._bootstrap>:241: DeprecationWarning: builtin type SwigPyPacked has no __module__ attribute
[36m(WorkerDict pid=2846345)[0m <frozen importlib._bootstrap>:241: DeprecationWarning: builtin type SwigPyObject has no __module__ attribute
[36m(WorkerDict pid=2846347)[0m <frozen importlib._bootstrap>:241: DeprecationWarning: builtin type SwigPyPacked has no __module__ attribute
[36m(WorkerDict pid=2846347)[0m <frozen importlib._bootstrap>:241: DeprecationWarning: builtin type SwigPyObject has no __module__ attribute
[36m(WorkerDict pid=2846339)[0m `torch_dtype` is deprecated! Use `dtype` instead!
[36m(WorkerDict pid=2846344)[0m `torch_dtype` is deprecated! Use `dtype` instead!
[36m(WorkerDict pid=2846345)[0m `torch_dtype` is deprecated! Use `dtype` instead!
[36m(WorkerDict pid=2846342)[0m `torch_dtype` is deprecated! Use `dtype` instead!
[36m(WorkerDict pid=2846341)[0m `torch_dtype` is deprecated! Use `dtype` instead!
[36m(WorkerDict pid=2846343)[0m `torch_dtype` is deprecated! Use `dtype` instead!
[36m(WorkerDict pid=2846340)[0m `torch_dtype` is deprecated! Use `dtype` instead!
[36m(WorkerDict pid=2846338)[0m `torch_dtype` is deprecated! Use `dtype` instead!
[36m(WorkerDict pid=2846349)[0m `torch_dtype` is deprecated! Use `dtype` instead!
[36m(WorkerDict pid=2846346)[0m `torch_dtype` is deprecated! Use `dtype` instead!
[36m(WorkerDict pid=2846352)[0m `torch_dtype` is deprecated! Use `dtype` instead!
[36m(WorkerDict pid=2846347)[0m `torch_dtype` is deprecated! Use `dtype` instead!
[36m(WorkerDict pid=2846350)[0m `torch_dtype` is deprecated! Use `dtype` instead!
[36m(WorkerDict pid=2846353)[0m `torch_dtype` is deprecated! Use `dtype` instead!
[36m(WorkerDict pid=2846348)[0m `torch_dtype` is deprecated! Use `dtype` instead!
[36m(WorkerDict pid=2846351)[0m `torch_dtype` is deprecated! Use `dtype` instead!
[36m(WorkerDict pid=2846347)[0m /workspace/cann-recipes-train/llm_rl/qwen3_shrink_aware/megatron/core/transformer/transformer_config.py:1065: UserWarning: Using a large number of experts (e.g. >=32) without fp32 routing. Consider enabling moe_router_dtype for better numerical stability.
[36m(WorkerDict pid=2846347)[0m   warnings.warn(
[36m(WorkerDict pid=2846348)[0m /workspace/cann-recipes-train/llm_rl/qwen3_shrink_aware/megatron/core/transformer/transformer_config.py:1065: UserWarning: Using a large number of experts (e.g. >=32) without fp32 routing. Consider enabling moe_router_dtype for better numerical stability.
[36m(WorkerDict pid=2846348)[0m   warnings.warn(
[36m(WorkerDict pid=2846350)[0m /workspace/cann-recipes-train/llm_rl/qwen3_shrink_aware/megatron/core/transformer/transformer_config.py:1065: UserWarning: Using a large number of experts (e.g. >=32) without fp32 routing. Consider enabling moe_router_dtype for better numerical stability.
[36m(WorkerDict pid=2846350)[0m   warnings.warn(
[36m(WorkerDict pid=2846341)[0m /workspace/cann-recipes-train/llm_rl/qwen3_shrink_aware/megatron/core/transformer/transformer_config.py:1065: UserWarning: Using a large number of experts (e.g. >=32) without fp32 routing. Consider enabling moe_router_dtype for better numerical stability.
[36m(WorkerDict pid=2846341)[0m   warnings.warn(
[36m(WorkerDict pid=2846344)[0m /workspace/cann-recipes-train/llm_rl/qwen3_shrink_aware/megatron/core/transformer/transformer_config.py:1065: UserWarning: Using a large number of experts (e.g. >=32) without fp32 routing. Consider enabling moe_router_dtype for better numerical stability.
[36m(WorkerDict pid=2846344)[0m   warnings.warn(
[36m(WorkerDict pid=2846343)[0m /workspace/cann-recipes-train/llm_rl/qwen3_shrink_aware/megatron/core/transformer/transformer_config.py:1065: UserWarning: Using a large number of experts (e.g. >=32) without fp32 routing. Consider enabling moe_router_dtype for better numerical stability.
[36m(WorkerDict pid=2846343)[0m   warnings.warn(
[36m(WorkerDict pid=2846352)[0m /workspace/cann-recipes-train/llm_rl/qwen3_shrink_aware/megatron/core/transformer/transformer_config.py:1065: UserWarning: Using a large number of experts (e.g. >=32) without fp32 routing. Consider enabling moe_router_dtype for better numerical stability.
[36m(WorkerDict pid=2846352)[0m   warnings.warn(
[36m(WorkerDict pid=2846353)[0m /workspace/cann-recipes-train/llm_rl/qwen3_shrink_aware/megatron/core/transformer/transformer_config.py:1065: UserWarning: Using a large number of experts (e.g. >=32) without fp32 routing. Consider enabling moe_router_dtype for better numerical stability.
[36m(WorkerDict pid=2846353)[0m   warnings.warn(
[36m(WorkerDict pid=2846351)[0m /workspace/cann-recipes-train/llm_rl/qwen3_shrink_aware/megatron/core/transformer/transformer_config.py:1065: UserWarning: Using a large number of experts (e.g. >=32) without fp32 routing. Consider enabling moe_router_dtype for better numerical stability.
[36m(WorkerDict pid=2846351)[0m   warnings.warn(
[36m(WorkerDict pid=2846345)[0m /workspace/cann-recipes-train/llm_rl/qwen3_shrink_aware/megatron/core/transformer/transformer_config.py:1065: UserWarning: Using a large number of experts (e.g. >=32) without fp32 routing. Consider enabling moe_router_dtype for better numerical stability.
[36m(WorkerDict pid=2846345)[0m   warnings.warn(
[36m(WorkerDict pid=2846339)[0m /workspace/cann-recipes-train/llm_rl/qwen3_shrink_aware/megatron/core/transformer/transformer_config.py:1065: UserWarning: Using a large number of experts (e.g. >=32) without fp32 routing. Consider enabling moe_router_dtype for better numerical stability.
[36m(WorkerDict pid=2846339)[0m   warnings.warn(
[36m(WorkerDict pid=2846342)[0m /workspace/cann-recipes-train/llm_rl/qwen3_shrink_aware/megatron/core/transformer/transformer_config.py:1065: UserWarning: Using a large number of experts (e.g. >=32) without fp32 routing. Consider enabling moe_router_dtype for better numerical stability.
[36m(WorkerDict pid=2846342)[0m   warnings.warn(
[36m(WorkerDict pid=2846340)[0m /workspace/cann-recipes-train/llm_rl/qwen3_shrink_aware/megatron/core/transformer/transformer_config.py:1065: UserWarning: Using a large number of experts (e.g. >=32) without fp32 routing. Consider enabling moe_router_dtype for better numerical stability.
[36m(WorkerDict pid=2846340)[0m   warnings.warn(
[36m(WorkerDict pid=2846349)[0m /workspace/cann-recipes-train/llm_rl/qwen3_shrink_aware/megatron/core/transformer/transformer_config.py:1065: UserWarning: Using a large number of experts (e.g. >=32) without fp32 routing. Consider enabling moe_router_dtype for better numerical stability.
[36m(WorkerDict pid=2846349)[0m   warnings.warn(
[36m(WorkerDict pid=2846346)[0m /workspace/cann-recipes-train/llm_rl/qwen3_shrink_aware/megatron/core/transformer/transformer_config.py:1065: UserWarning: Using a large number of experts (e.g. >=32) without fp32 routing. Consider enabling moe_router_dtype for better numerical stability.
[36m(WorkerDict pid=2846346)[0m   warnings.warn(
[36m(WorkerDict pid=2846338)[0m /workspace/cann-recipes-train/llm_rl/qwen3_shrink_aware/megatron/core/transformer/transformer_config.py:1065: UserWarning: Using a large number of experts (e.g. >=32) without fp32 routing. Consider enabling moe_router_dtype for better numerical stability.
[36m(WorkerDict pid=2846338)[0m   warnings.warn(
[36m(TaskRunner pid=2843659)[0m Training Progress:   0%|          | 0/5 [00:00<?, ?it/s]
[36m(WorkerDict pid=2846342)[0m Adding requests:   0%|          | 0/32 [00:00<?, ?it/s]Adding requests: 100%|██████████| 32/32 [00:00<00:00, 9799.78it/s]
[36m(WorkerDict pid=2846342)[0m Processed prompts:   0%|          | 0/32 [00:00<?, ?it/s, est. speed input: 0.00 toks/s, output: 0.00 toks/s]
[36m(WorkerDict pid=2846352)[0m Adding requests:   0%|          | 0/32 [00:00<?, ?it/s]
[36m(WorkerDict pid=2846352)[0m Adding requests: 100%|██████████| 32/32 [00:00<00:00, 8667.04it/s]
[36m(WorkerDict pid=2846352)[0m Processed prompts:   0%|          | 0/32 [00:00<?, ?it/s, est. speed input: 0.00 toks/s, output: 0.00 toks/s]
[36m(WorkerDict pid=2846345)[0m Adding requests:   0%|          | 0/32 [00:00<?, ?it/s]Adding requests: 100%|██████████| 32/32 [00:00<00:00, 9324.56it/s]
[36m(WorkerDict pid=2846345)[0m Processed prompts:   0%|          | 0/32 [00:00<?, ?it/s, est. speed input: 0.00 toks/s, output: 0.00 toks/s]
[36m(WorkerDict pid=2846350)[0m Adding requests:   0%|          | 0/32 [00:00<?, ?it/s]
[36m(WorkerDict pid=2846350)[0m Adding requests: 100%|██████████| 32/32 [00:00<00:00, 8631.37it/s]
[36m(WorkerDict pid=2846350)[0m Processed prompts:   0%|          | 0/32 [00:00<?, ?it/s, est. speed input: 0.00 toks/s, output: 0.00 toks/s]
[36m(WorkerDict pid=2846343)[0m Adding requests:   0%|          | 0/32 [00:00<?, ?it/s]Adding requests: 100%|██████████| 32/32 [00:00<00:00, 9291.00it/s]
[36m(WorkerDict pid=2846343)[0m Processed prompts:   0%|          | 0/32 [00:00<?, ?it/s, est. speed input: 0.00 toks/s, output: 0.00 toks/s]
[36m(WorkerDict pid=2846347)[0m Adding requests:   0%|          | 0/32 [00:00<?, ?it/s]Adding requests: 100%|██████████| 32/32 [00:00<00:00, 9848.67it/s]
[36m(WorkerDict pid=2846347)[0m Processed prompts:   0%|          | 0/32 [00:00<?, ?it/s, est. speed input: 0.00 toks/s, output: 0.00 toks/s]
[36m(WorkerDict pid=2846348)[0m Adding requests:   0%|          | 0/32 [00:00<?, ?it/s]Adding requests: 100%|██████████| 32/32 [00:00<00:00, 9443.31it/s]
[36m(WorkerDict pid=2846348)[0m Processed prompts:   0%|          | 0/32 [00:00<?, ?it/s, est. speed input: 0.00 toks/s, output: 0.00 toks/s]
[36m(WorkerDict pid=2846341)[0m Adding requests:   0%|          | 0/32 [00:00<?, ?it/s]Adding requests: 100%|██████████| 32/32 [00:00<00:00, 9212.56it/s]
[36m(WorkerDict pid=2846341)[0m Processed prompts:   0%|          | 0/32 [00:00<?, ?it/s, est. speed input: 0.00 toks/s, output: 0.00 toks/s]
[36m(WorkerDict pid=2846339)[0m Adding requests:   0%|          | 0/32 [00:00<?, ?it/s]
[36m(WorkerDict pid=2846344)[0m Adding requests:   0%|          | 0/32 [00:00<?, ?it/s]Adding requests: 100%|██████████| 32/32 [00:00<00:00, 10029.72it/s]
[36m(WorkerDict pid=2846344)[0m Processed prompts:   0%|          | 0/32 [00:00<?, ?it/s, est. speed input: 0.00 toks/s, output: 0.00 toks/s]
[36m(WorkerDict pid=2846353)[0m Adding requests:   0%|          | 0/32 [00:00<?, ?it/s]Adding requests: 100%|██████████| 32/32 [00:00<00:00, 9443.97it/s]
[36m(WorkerDict pid=2846353)[0m Processed prompts:   0%|          | 0/32 [00:00<?, ?it/s, est. speed input: 0.00 toks/s, output: 0.00 toks/s]
[36m(WorkerDict pid=2846351)[0m Adding requests:   0%|          | 0/32 [00:00<?, ?it/s]Adding requests: 100%|██████████| 32/32 [00:00<00:00, 9925.88it/s]
[36m(WorkerDict pid=2846351)[0m Processed prompts:   0%|          | 0/32 [00:00<?, ?it/s, est. speed input: 0.00 toks/s, output: 0.00 toks/s]
[36m(WorkerDict pid=2846339)[0m Adding requests: 100%|██████████| 32/32 [00:00<00:00, 9499.45it/s]
[36m(WorkerDict pid=2846339)[0m Processed prompts:   0%|          | 0/32 [00:00<?, ?it/s, est. speed input: 0.00 toks/s, output: 0.00 toks/s]
[36m(WorkerDict pid=2846340)[0m Adding requests:   0%|          | 0/32 [00:00<?, ?it/s]Adding requests: 100%|██████████| 32/32 [00:00<00:00, 9447.96it/s]
[36m(WorkerDict pid=2846340)[0m Processed prompts:   0%|          | 0/32 [00:00<?, ?it/s, est. speed input: 0.00 toks/s, output: 0.00 toks/s]
[36m(WorkerDict pid=2846349)[0m Adding requests:   0%|          | 0/32 [00:00<?, ?it/s]Adding requests: 100%|██████████| 32/32 [00:00<00:00, 9536.57it/s]
[36m(WorkerDict pid=2846349)[0m Processed prompts:   0%|          | 0/32 [00:00<?, ?it/s, est. speed input: 0.00 toks/s, output: 0.00 toks/s]
[36m(WorkerDict pid=2846338)[0m Adding requests:   0%|          | 0/32 [00:00<?, ?it/s]Adding requests: 100%|██████████| 32/32 [00:00<00:00, 9434.68it/s]
[36m(WorkerDict pid=2846338)[0m Processed prompts:   0%|          | 0/32 [00:00<?, ?it/s, est. speed input: 0.00 toks/s, output: 0.00 toks/s]
[36m(WorkerDict pid=2846346)[0m Adding requests:   0%|          | 0/32 [00:00<?, ?it/s]Adding requests: 100%|██████████| 32/32 [00:00<00:00, 8501.79it/s]
[36m(WorkerDict pid=2846346)[0m Processed prompts:   0%|          | 0/32 [00:00<?, ?it/s, est. speed input: 0.00 toks/s, output: 0.00 toks/s]
[36m(WorkerDict pid=2846341)[0m [rank4]:E0620 10:54:01.100000 2846341 site-packages/torch/_dynamo/metrics_context.py:105] [0/0] Unexpected exception logging compilation metrics
[36m(WorkerDict pid=2846341)[0m [rank4]:E0620 10:54:01.100000 2846341 site-packages/torch/_dynamo/metrics_context.py:105] [0/0] Traceback (most recent call last):
[36m(WorkerDict pid=2846341)[0m [rank4]:E0620 10:54:01.100000 2846341 site-packages/torch/_dynamo/metrics_context.py:105] [0/0]   File "/usr/local/python3.11.14/lib/python3.11/site-packages/torch/_dynamo/metrics_context.py", line 101, in __exit__
[36m(WorkerDict pid=2846341)[0m [rank4]:E0620 10:54:01.100000 2846341 site-packages/torch/_dynamo/metrics_context.py:105] [0/0]     self._on_exit(
[36m(WorkerDict pid=2846341)[0m [rank4]:E0620 10:54:01.100000 2846341 site-packages/torch/_dynamo/metrics_context.py:105] [0/0]   File "/usr/local/python3.11.14/lib/python3.11/site-packages/torch/_dynamo/utils.py", line 1632, in record_compilation_metrics
[36m(WorkerDict pid=2846341)[0m [rank4]:E0620 10:54:01.100000 2846341 site-packages/torch/_dynamo/metrics_context.py:105] [0/0]     "triton_version": triton.__version__ if has_triton() else "",
[36m(WorkerDict pid=2846341)[0m [rank4]:E0620 10:54:01.100000 2846341 site-packages/torch/_dynamo/metrics_context.py:105] [0/0]                                             ^^^^^^^^^^^^
[36m(WorkerDict pid=2846341)[0m [rank4]:E0620 10:54:01.100000 2846341 site-packages/torch/_dynamo/metrics_context.py:105] [0/0]   File "/usr/local/python3.11.14/lib/python3.11/site-packages/torch/utils/_triton.py", line 159, in has_triton
[36m(WorkerDict pid=2846341)[0m [rank4]:E0620 10:54:01.100000 2846341 site-packages/torch/_dynamo/metrics_context.py:105] [0/0]     return is_device_compatible_with_triton()
[36m(WorkerDict pid=2846341)[0m [rank4]:E0620 10:54:01.100000 2846341 site-packages/torch/_dynamo/metrics_context.py:105] [0/0]            ^^^^^^^^^^^^^^^^^^^^^^^^^^^^^^^^^^
[36m(WorkerDict pid=2846341)[0m [rank4]:E0620 10:54:01.100000 2846341 site-packages/torch/_dynamo/metrics_context.py:105] [0/0]   File "/usr/local/python3.11.14/lib/python3.11/site-packages/torch/utils/_triton.py", line 155, in is_device_compatible_with_triton
[36m(WorkerDict pid=2846341)[0m [rank4]:E0620 10:54:01.100000 2846341 site-packages/torch/_dynamo/metrics_context.py:105] [0/0]     if device_interface.is_available() and extra_check(device_interface):
[36m(WorkerDict pid=2846341)[0m [rank4]:E0620 10:54:01.100000 2846341 site-packages/torch/_dynamo/metrics_context.py:105] [0/0]                                            ^^^^^^^^^^^^^^^^^^^^^^^^^^^^^
[36m(WorkerDict pid=2846341)[0m [rank4]:E0620 10:54:01.100000 2846341 site-packages/torch/_dynamo/metrics_context.py:105] [0/0]   File "/usr/local/python3.11.14/lib/python3.11/site-packages/torch/utils/_triton.py", line 135, in cuda_extra_check
[36m(WorkerDict pid=2846341)[0m [rank4]:E0620 10:54:01.100000 2846341 site-packages/torch/_dynamo/metrics_context.py:105] [0/0]     return device_interface.Worker.get_device_properties().major >= 7
[36m(WorkerDict pid=2846341)[0m [rank4]:E0620 10:54:01.100000 2846341 site-packages/torch/_dynamo/metrics_context.py:105] [0/0]            ^^^^^^^^^^^^^^^^^^^^^^^^^^^^^^^^^^^^^^^^^^^^^^^^^^^^^^^^^^
[36m(WorkerDict pid=2846341)[0m [rank4]:E0620 10:54:01.100000 2846341 site-packages/torch/_dynamo/metrics_context.py:105] [0/0] TypeError: '>=' not supported between instances of 'NoneType' and 'int'
[36m(WorkerDict pid=2846343)[0m [rank2]:E0620 10:54:01.170000 2846343 site-packages/torch/_dynamo/metrics_context.py:105] [0/0] Unexpected exception logging compilation metrics
[36m(WorkerDict pid=2846343)[0m [rank2]:E0620 10:54:01.170000 2846343 site-packages/torch/_dynamo/metrics_context.py:105] [0/0] Traceback (most recent call last):
[36m(WorkerDict pid=2846343)[0m [rank2]:E0620 10:54:01.170000 2846343 site-packages/torch/_dynamo/metrics_context.py:105] [0/0]   File "/usr/local/python3.11.14/lib/python3.11/site-packages/torch/_dynamo/metrics_context.py", line 101, in __exit__
[36m(WorkerDict pid=2846343)[0m [rank2]:E0620 10:54:01.170000 2846343 site-packages/torch/_dynamo/metrics_context.py:105] [0/0]     self._on_exit(
[36m(WorkerDict pid=2846343)[0m [rank2]:E0620 10:54:01.170000 2846343 site-packages/torch/_dynamo/metrics_context.py:105] [0/0]   File "/usr/local/python3.11.14/lib/python3.11/site-packages/torch/_dynamo/utils.py", line 1632, in record_compilation_metrics
[36m(WorkerDict pid=2846343)[0m [rank2]:E0620 10:54:01.170000 2846343 site-packages/torch/_dynamo/metrics_context.py:105] [0/0]     "triton_version": triton.__version__ if has_triton() else "",
[36m(WorkerDict pid=2846343)[0m [rank2]:E0620 10:54:01.170000 2846343 site-packages/torch/_dynamo/metrics_context.py:105] [0/0]                                             ^^^^^^^^^^^^
[36m(WorkerDict pid=2846343)[0m [rank2]:E0620 10:54:01.170000 2846343 site-packages/torch/_dynamo/metrics_context.py:105] [0/0]   File "/usr/local/python3.11.14/lib/python3.11/site-packages/torch/utils/_triton.py", line 159, in has_triton
[36m(WorkerDict pid=2846343)[0m [rank2]:E0620 10:54:01.170000 2846343 site-packages/torch/_dynamo/metrics_context.py:105] [0/0]     return is_device_compatible_with_triton()
[36m(WorkerDict pid=2846343)[0m [rank2]:E0620 10:54:01.170000 2846343 site-packages/torch/_dynamo/metrics_context.py:105] [0/0]            ^^^^^^^^^^^^^^^^^^^^^^^^^^^^^^^^^^
[36m(WorkerDict pid=2846343)[0m [rank2]:E0620 10:54:01.170000 2846343 site-packages/torch/_dynamo/metrics_context.py:105] [0/0]   File "/usr/local/python3.11.14/lib/python3.11/site-packages/torch/utils/_triton.py", line 155, in is_device_compatible_with_triton
[36m(WorkerDict pid=2846343)[0m [rank2]:E0620 10:54:01.170000 2846343 site-packages/torch/_dynamo/metrics_context.py:105] [0/0]     if device_interface.is_available() and extra_check(device_interface):
[36m(WorkerDict pid=2846343)[0m [rank2]:E0620 10:54:01.170000 2846343 site-packages/torch/_dynamo/metrics_context.py:105] [0/0]                                            ^^^^^^^^^^^^^^^^^^^^^^^^^^^^^
[36m(WorkerDict pid=2846343)[0m [rank2]:E0620 10:54:01.170000 2846343 site-packages/torch/_dynamo/metrics_context.py:105] [0/0]   File "/usr/local/python3.11.14/lib/python3.11/site-packages/torch/utils/_triton.py", line 135, in cuda_extra_check
[36m(WorkerDict pid=2846343)[0m [rank2]:E0620 10:54:01.170000 2846343 site-packages/torch/_dynamo/metrics_context.py:105] [0/0]     return device_interface.Worker.get_device_properties().major >= 7
[36m(WorkerDict pid=2846343)[0m [rank2]:E0620 10:54:01.170000 2846343 site-packages/torch/_dynamo/metrics_context.py:105] [0/0]            ^^^^^^^^^^^^^^^^^^^^^^^^^^^^^^^^^^^^^^^^^^^^^^^^^^^^^^^^^^
[36m(WorkerDict pid=2846343)[0m [rank2]:E0620 10:54:01.170000 2846343 site-packages/torch/_dynamo/metrics_context.py:105] [0/0] TypeError: '>=' not supported between instances of 'NoneType' and 'int'
[36m(WorkerDict pid=2846338)[0m [rank0]:E0620 10:54:01.131000 2846338 site-packages/torch/_dynamo/metrics_context.py:105] [0/0] Unexpected exception logging compilation metrics
[36m(WorkerDict pid=2846338)[0m [rank0]:E0620 10:54:01.131000 2846338 site-packages/torch/_dynamo/metrics_context.py:105] [0/0] Traceback (most recent call last):
[36m(WorkerDict pid=2846338)[0m [rank0]:E0620 10:54:01.131000 2846338 site-packages/torch/_dynamo/metrics_context.py:105] [0/0]   File "/usr/local/python3.11.14/lib/python3.11/site-packages/torch/_dynamo/metrics_context.py", line 101, in __exit__
[36m(WorkerDict pid=2846338)[0m [rank0]:E0620 10:54:01.131000 2846338 site-packages/torch/_dynamo/metrics_context.py:105] [0/0]     self._on_exit(
[36m(WorkerDict pid=2846338)[0m [rank0]:E0620 10:54:01.131000 2846338 site-packages/torch/_dynamo/metrics_context.py:105] [0/0]   File "/usr/local/python3.11.14/lib/python3.11/site-packages/torch/_dynamo/utils.py", line 1632, in record_compilation_metrics
[36m(WorkerDict pid=2846338)[0m [rank0]:E0620 10:54:01.131000 2846338 site-packages/torch/_dynamo/metrics_context.py:105] [0/0]     "triton_version": triton.__version__ if has_triton() else "",
[36m(WorkerDict pid=2846338)[0m [rank0]:E0620 10:54:01.131000 2846338 site-packages/torch/_dynamo/metrics_context.py:105] [0/0]                                             ^^^^^^^^^^^^
[36m(WorkerDict pid=2846338)[0m [rank0]:E0620 10:54:01.131000 2846338 site-packages/torch/_dynamo/metrics_context.py:105] [0/0]   File "/usr/local/python3.11.14/lib/python3.11/site-packages/torch/utils/_triton.py", line 159, in has_triton
[36m(WorkerDict pid=2846338)[0m [rank0]:E0620 10:54:01.131000 2846338 site-packages/torch/_dynamo/metrics_context.py:105] [0/0]     return is_device_compatible_with_triton()
[36m(WorkerDict pid=2846338)[0m [rank0]:E0620 10:54:01.131000 2846338 site-packages/torch/_dynamo/metrics_context.py:105] [0/0]            ^^^^^^^^^^^^^^^^^^^^^^^^^^^^^^^^^^
[36m(WorkerDict pid=2846338)[0m [rank0]:E0620 10:54:01.131000 2846338 site-packages/torch/_dynamo/metrics_context.py:105] [0/0]   File "/usr/local/python3.11.14/lib/python3.11/site-packages/torch/utils/_triton.py", line 155, in is_device_compatible_with_triton
[36m(WorkerDict pid=2846338)[0m [rank0]:E0620 10:54:01.131000 2846338 site-packages/torch/_dynamo/metrics_context.py:105] [0/0]     if device_interface.is_available() and extra_check(device_interface):
[36m(WorkerDict pid=2846338)[0m [rank0]:E0620 10:54:01.131000 2846338 site-packages/torch/_dynamo/metrics_context.py:105] [0/0]                                            ^^^^^^^^^^^^^^^^^^^^^^^^^^^^^
[36m(WorkerDict pid=2846338)[0m [rank0]:E0620 10:54:01.131000 2846338 site-packages/torch/_dynamo/metrics_context.py:105] [0/0]   File "/usr/local/python3.11.14/lib/python3.11/site-packages/torch/utils/_triton.py", line 135, in cuda_extra_check
[36m(WorkerDict pid=2846338)[0m [rank0]:E0620 10:54:01.131000 2846338 site-packages/torch/_dynamo/metrics_context.py:105] [0/0]     return device_interface.Worker.get_device_properties().major >= 7
[36m(WorkerDict pid=2846338)[0m [rank0]:E0620 10:54:01.131000 2846338 site-packages/torch/_dynamo/metrics_context.py:105] [0/0]            ^^^^^^^^^^^^^^^^^^^^^^^^^^^^^^^^^^^^^^^^^^^^^^^^^^^^^^^^^^
[36m(WorkerDict pid=2846338)[0m [rank0]:E0620 10:54:01.131000 2846338 site-packages/torch/_dynamo/metrics_context.py:105] [0/0] TypeError: '>=' not supported between instances of 'NoneType' and 'int'
[36m(WorkerDict pid=2846346)[0m [rank8]:E0620 10:54:01.186000 2846346 site-packages/torch/_dynamo/metrics_context.py:105] [0/0] Unexpected exception logging compilation metrics
[36m(WorkerDict pid=2846346)[0m [rank8]:E0620 10:54:01.186000 2846346 site-packages/torch/_dynamo/metrics_context.py:105] [0/0] Traceback (most recent call last):
[36m(WorkerDict pid=2846346)[0m [rank8]:E0620 10:54:01.186000 2846346 site-packages/torch/_dynamo/metrics_context.py:105] [0/0]   File "/usr/local/python3.11.14/lib/python3.11/site-packages/torch/_dynamo/metrics_context.py", line 101, in __exit__
[36m(WorkerDict pid=2846346)[0m [rank8]:E0620 10:54:01.186000 2846346 site-packages/torch/_dynamo/metrics_context.py:105] [0/0]     self._on_exit(
[36m(WorkerDict pid=2846346)[0m [rank8]:E0620 10:54:01.186000 2846346 site-packages/torch/_dynamo/metrics_context.py:105] [0/0]   File "/usr/local/python3.11.14/lib/python3.11/site-packages/torch/_dynamo/utils.py", line 1632, in record_compilation_metrics
[36m(WorkerDict pid=2846346)[0m [rank8]:E0620 10:54:01.186000 2846346 site-packages/torch/_dynamo/metrics_context.py:105] [0/0]     "triton_version": triton.__version__ if has_triton() else "",
[36m(WorkerDict pid=2846346)[0m [rank8]:E0620 10:54:01.186000 2846346 site-packages/torch/_dynamo/metrics_context.py:105] [0/0]                                             ^^^^^^^^^^^^
[36m(WorkerDict pid=2846346)[0m [rank8]:E0620 10:54:01.186000 2846346 site-packages/torch/_dynamo/metrics_context.py:105] [0/0]   File "/usr/local/python3.11.14/lib/python3.11/site-packages/torch/utils/_triton.py", line 159, in has_triton
[36m(WorkerDict pid=2846346)[0m [rank8]:E0620 10:54:01.186000 2846346 site-packages/torch/_dynamo/metrics_context.py:105] [0/0]     return is_device_compatible_with_triton()
[36m(WorkerDict pid=2846346)[0m [rank8]:E0620 10:54:01.186000 2846346 site-packages/torch/_dynamo/metrics_context.py:105] [0/0]            ^^^^^^^^^^^^^^^^^^^^^^^^^^^^^^^^^^
[36m(WorkerDict pid=2846346)[0m [rank8]:E0620 10:54:01.186000 2846346 site-packages/torch/_dynamo/metrics_context.py:105] [0/0]   File "/usr/local/python3.11.14/lib/python3.11/site-packages/torch/utils/_triton.py", line 155, in is_device_compatible_with_triton
[36m(WorkerDict pid=2846346)[0m [rank8]:E0620 10:54:01.186000 2846346 site-packages/torch/_dynamo/metrics_context.py:105] [0/0]     if device_interface.is_available() and extra_check(device_interface):
[36m(WorkerDict pid=2846346)[0m [rank8]:E0620 10:54:01.186000 2846346 site-packages/torch/_dynamo/metrics_context.py:105] [0/0]                                            ^^^^^^^^^^^^^^^^^^^^^^^^^^^^^
[36m(WorkerDict pid=2846346)[0m [rank8]:E0620 10:54:01.186000 2846346 site-packages/torch/_dynamo/metrics_context.py:105] [0/0]   File "/usr/local/python3.11.14/lib/python3.11/site-packages/torch/utils/_triton.py", line 135, in cuda_extra_check
[36m(WorkerDict pid=2846346)[0m [rank8]:E0620 10:54:01.186000 2846346 site-packages/torch/_dynamo/metrics_context.py:105] [0/0]     return device_interface.Worker.get_device_properties().major >= 7
[36m(WorkerDict pid=2846346)[0m [rank8]:E0620 10:54:01.186000 2846346 site-packages/torch/_dynamo/metrics_context.py:105] [0/0]            ^^^^^^^^^^^^^^^^^^^^^^^^^^^^^^^^^^^^^^^^^^^^^^^^^^^^^^^^^^
[36m(WorkerDict pid=2846346)[0m [rank8]:E0620 10:54:01.186000 2846346 site-packages/torch/_dynamo/metrics_context.py:105] [0/0] TypeError: '>=' not supported between instances of 'NoneType' and 'int'
[36m(WorkerDict pid=2846348)[0m [rank10]:E0620 10:54:01.165000 2846348 site-packages/torch/_dynamo/metrics_context.py:105] [0/0] Unexpected exception logging compilation metrics
[36m(WorkerDict pid=2846348)[0m [rank10]:E0620 10:54:01.165000 2846348 site-packages/torch/_dynamo/metrics_context.py:105] [0/0] Traceback (most recent call last):
[36m(WorkerDict pid=2846348)[0m [rank10]:E0620 10:54:01.165000 2846348 site-packages/torch/_dynamo/metrics_context.py:105] [0/0]   File "/usr/local/python3.11.14/lib/python3.11/site-packages/torch/_dynamo/metrics_context.py", line 101, in __exit__
[36m(WorkerDict pid=2846348)[0m [rank10]:E0620 10:54:01.165000 2846348 site-packages/torch/_dynamo/metrics_context.py:105] [0/0]     self._on_exit(
[36m(WorkerDict pid=2846348)[0m [rank10]:E0620 10:54:01.165000 2846348 site-packages/torch/_dynamo/metrics_context.py:105] [0/0]   File "/usr/local/python3.11.14/lib/python3.11/site-packages/torch/_dynamo/utils.py", line 1632, in record_compilation_metrics
[36m(WorkerDict pid=2846348)[0m [rank10]:E0620 10:54:01.165000 2846348 site-packages/torch/_dynamo/metrics_context.py:105] [0/0]     "triton_version": triton.__version__ if has_triton() else "",
[36m(WorkerDict pid=2846348)[0m [rank10]:E0620 10:54:01.165000 2846348 site-packages/torch/_dynamo/metrics_context.py:105] [0/0]                                             ^^^^^^^^^^^^
[36m(WorkerDict pid=2846348)[0m [rank10]:E0620 10:54:01.165000 2846348 site-packages/torch/_dynamo/metrics_context.py:105] [0/0]   File "/usr/local/python3.11.14/lib/python3.11/site-packages/torch/utils/_triton.py", line 159, in has_triton
[36m(WorkerDict pid=2846348)[0m [rank10]:E0620 10:54:01.165000 2846348 site-packages/torch/_dynamo/metrics_context.py:105] [0/0]     return is_device_compatible_with_triton()
[36m(WorkerDict pid=2846348)[0m [rank10]:E0620 10:54:01.165000 2846348 site-packages/torch/_dynamo/metrics_context.py:105] [0/0]            ^^^^^^^^^^^^^^^^^^^^^^^^^^^^^^^^^^
[36m(WorkerDict pid=2846348)[0m [rank10]:E0620 10:54:01.165000 2846348 site-packages/torch/_dynamo/metrics_context.py:105] [0/0]   File "/usr/local/python3.11.14/lib/python3.11/site-packages/torch/utils/_triton.py", line 155, in is_device_compatible_with_triton
[36m(WorkerDict pid=2846348)[0m [rank10]:E0620 10:54:01.165000 2846348 site-packages/torch/_dynamo/metrics_context.py:105] [0/0]     if device_interface.is_available() and extra_check(device_interface):
[36m(WorkerDict pid=2846348)[0m [rank10]:E0620 10:54:01.165000 2846348 site-packages/torch/_dynamo/metrics_context.py:105] [0/0]                                            ^^^^^^^^^^^^^^^^^^^^^^^^^^^^^
[36m(WorkerDict pid=2846348)[0m [rank10]:E0620 10:54:01.165000 2846348 site-packages/torch/_dynamo/metrics_context.py:105] [0/0]   File "/usr/local/python3.11.14/lib/python3.11/site-packages/torch/utils/_triton.py", line 135, in cuda_extra_check
[36m(WorkerDict pid=2846348)[0m [rank10]:E0620 10:54:01.165000 2846348 site-packages/torch/_dynamo/metrics_context.py:105] [0/0]     return device_interface.Worker.get_device_properties().major >= 7
[36m(WorkerDict pid=2846348)[0m [rank10]:E0620 10:54:01.165000 2846348 site-packages/torch/_dynamo/metrics_context.py:105] [0/0]            ^^^^^^^^^^^^^^^^^^^^^^^^^^^^^^^^^^^^^^^^^^^^^^^^^^^^^^^^^^
[36m(WorkerDict pid=2846348)[0m [rank10]:E0620 10:54:01.165000 2846348 site-packages/torch/_dynamo/metrics_context.py:105] [0/0] TypeError: '>=' not supported between instances of 'NoneType' and 'int'
[36m(WorkerDict pid=2846351)[0m [rank12]:E0620 10:54:01.133000 2846351 site-packages/torch/_dynamo/metrics_context.py:105] [0/0] Unexpected exception logging compilation metrics
[36m(WorkerDict pid=2846351)[0m [rank12]:E0620 10:54:01.133000 2846351 site-packages/torch/_dynamo/metrics_context.py:105] [0/0] Traceback (most recent call last):
[36m(WorkerDict pid=2846351)[0m [rank12]:E0620 10:54:01.133000 2846351 site-packages/torch/_dynamo/metrics_context.py:105] [0/0]   File "/usr/local/python3.11.14/lib/python3.11/site-packages/torch/_dynamo/metrics_context.py", line 101, in __exit__
[36m(WorkerDict pid=2846351)[0m [rank12]:E0620 10:54:01.133000 2846351 site-packages/torch/_dynamo/metrics_context.py:105] [0/0]     self._on_exit(
[36m(WorkerDict pid=2846351)[0m [rank12]:E0620 10:54:01.133000 2846351 site-packages/torch/_dynamo/metrics_context.py:105] [0/0]   File "/usr/local/python3.11.14/lib/python3.11/site-packages/torch/_dynamo/utils.py", line 1632, in record_compilation_metrics
[36m(WorkerDict pid=2846351)[0m [rank12]:E0620 10:54:01.133000 2846351 site-packages/torch/_dynamo/metrics_context.py:105] [0/0]     "triton_version": triton.__version__ if has_triton() else "",
[36m(WorkerDict pid=2846351)[0m [rank12]:E0620 10:54:01.133000 2846351 site-packages/torch/_dynamo/metrics_context.py:105] [0/0]                                             ^^^^^^^^^^^^
[36m(WorkerDict pid=2846351)[0m [rank12]:E0620 10:54:01.133000 2846351 site-packages/torch/_dynamo/metrics_context.py:105] [0/0]   File "/usr/local/python3.11.14/lib/python3.11/site-packages/torch/utils/_triton.py", line 159, in has_triton
[36m(WorkerDict pid=2846351)[0m [rank12]:E0620 10:54:01.133000 2846351 site-packages/torch/_dynamo/metrics_context.py:105] [0/0]     return is_device_compatible_with_triton()
[36m(WorkerDict pid=2846351)[0m [rank12]:E0620 10:54:01.133000 2846351 site-packages/torch/_dynamo/metrics_context.py:105] [0/0]            ^^^^^^^^^^^^^^^^^^^^^^^^^^^^^^^^^^
[36m(WorkerDict pid=2846351)[0m [rank12]:E0620 10:54:01.133000 2846351 site-packages/torch/_dynamo/metrics_context.py:105] [0/0]   File "/usr/local/python3.11.14/lib/python3.11/site-packages/torch/utils/_triton.py", line 155, in is_device_compatible_with_triton
[36m(WorkerDict pid=2846351)[0m [rank12]:E0620 10:54:01.133000 2846351 site-packages/torch/_dynamo/metrics_context.py:105] [0/0]     if device_interface.is_available() and extra_check(device_interface):
[36m(WorkerDict pid=2846351)[0m [rank12]:E0620 10:54:01.133000 2846351 site-packages/torch/_dynamo/metrics_context.py:105] [0/0]                                            ^^^^^^^^^^^^^^^^^^^^^^^^^^^^^
[36m(WorkerDict pid=2846351)[0m [rank12]:E0620 10:54:01.133000 2846351 site-packages/torch/_dynamo/metrics_context.py:105] [0/0]   File "/usr/local/python3.11.14/lib/python3.11/site-packages/torch/utils/_triton.py", line 135, in cuda_extra_check
[36m(WorkerDict pid=2846351)[0m [rank12]:E0620 10:54:01.133000 2846351 site-packages/torch/_dynamo/metrics_context.py:105] [0/0]     return device_interface.Worker.get_device_properties().major >= 7
[36m(WorkerDict pid=2846351)[0m [rank12]:E0620 10:54:01.133000 2846351 site-packages/torch/_dynamo/metrics_context.py:105] [0/0]            ^^^^^^^^^^^^^^^^^^^^^^^^^^^^^^^^^^^^^^^^^^^^^^^^^^^^^^^^^^
[36m(WorkerDict pid=2846351)[0m [rank12]:E0620 10:54:01.133000 2846351 site-packages/torch/_dynamo/metrics_context.py:105] [0/0] TypeError: '>=' not supported between instances of 'NoneType' and 'int'
[36m(WorkerDict pid=2846344)[0m [rank6]:E0620 10:54:01.196000 2846344 site-packages/torch/_dynamo/metrics_context.py:105] [0/0] Unexpected exception logging compilation metrics
[36m(WorkerDict pid=2846344)[0m [rank6]:E0620 10:54:01.196000 2846344 site-packages/torch/_dynamo/metrics_context.py:105] [0/0] Traceback (most recent call last):
[36m(WorkerDict pid=2846344)[0m [rank6]:E0620 10:54:01.196000 2846344 site-packages/torch/_dynamo/metrics_context.py:105] [0/0]   File "/usr/local/python3.11.14/lib/python3.11/site-packages/torch/_dynamo/metrics_context.py", line 101, in __exit__
[36m(WorkerDict pid=2846344)[0m [rank6]:E0620 10:54:01.196000 2846344 site-packages/torch/_dynamo/metrics_context.py:105] [0/0]     self._on_exit(
[36m(WorkerDict pid=2846344)[0m [rank6]:E0620 10:54:01.196000 2846344 site-packages/torch/_dynamo/metrics_context.py:105] [0/0]   File "/usr/local/python3.11.14/lib/python3.11/site-packages/torch/_dynamo/utils.py", line 1632, in record_compilation_metrics
[36m(WorkerDict pid=2846344)[0m [rank6]:E0620 10:54:01.196000 2846344 site-packages/torch/_dynamo/metrics_context.py:105] [0/0]     "triton_version": triton.__version__ if has_triton() else "",
[36m(WorkerDict pid=2846344)[0m [rank6]:E0620 10:54:01.196000 2846344 site-packages/torch/_dynamo/metrics_context.py:105] [0/0]                                             ^^^^^^^^^^^^
[36m(WorkerDict pid=2846344)[0m [rank6]:E0620 10:54:01.196000 2846344 site-packages/torch/_dynamo/metrics_context.py:105] [0/0]   File "/usr/local/python3.11.14/lib/python3.11/site-packages/torch/utils/_triton.py", line 159, in has_triton
[36m(WorkerDict pid=2846344)[0m [rank6]:E0620 10:54:01.196000 2846344 site-packages/torch/_dynamo/metrics_context.py:105] [0/0]     return is_device_compatible_with_triton()
[36m(WorkerDict pid=2846344)[0m [rank6]:E0620 10:54:01.196000 2846344 site-packages/torch/_dynamo/metrics_context.py:105] [0/0]            ^^^^^^^^^^^^^^^^^^^^^^^^^^^^^^^^^^
[36m(WorkerDict pid=2846344)[0m [rank6]:E0620 10:54:01.196000 2846344 site-packages/torch/_dynamo/metrics_context.py:105] [0/0]   File "/usr/local/python3.11.14/lib/python3.11/site-packages/torch/utils/_triton.py", line 155, in is_device_compatible_with_triton
[36m(WorkerDict pid=2846344)[0m [rank6]:E0620 10:54:01.196000 2846344 site-packages/torch/_dynamo/metrics_context.py:105] [0/0]     if device_interface.is_available() and extra_check(device_interface):
[36m(WorkerDict pid=2846344)[0m [rank6]:E0620 10:54:01.196000 2846344 site-packages/torch/_dynamo/metrics_context.py:105] [0/0]                                            ^^^^^^^^^^^^^^^^^^^^^^^^^^^^^
[36m(WorkerDict pid=2846344)[0m [rank6]:E0620 10:54:01.196000 2846344 site-packages/torch/_dynamo/metrics_context.py:105] [0/0]   File "/usr/local/python3.11.14/lib/python3.11/site-packages/torch/utils/_triton.py", line 135, in cuda_extra_check
[36m(WorkerDict pid=2846344)[0m [rank6]:E0620 10:54:01.196000 2846344 site-packages/torch/_dynamo/metrics_context.py:105] [0/0]     return device_interface.Worker.get_device_properties().major >= 7
[36m(WorkerDict pid=2846344)[0m [rank6]:E0620 10:54:01.196000 2846344 site-packages/torch/_dynamo/metrics_context.py:105] [0/0]            ^^^^^^^^^^^^^^^^^^^^^^^^^^^^^^^^^^^^^^^^^^^^^^^^^^^^^^^^^^
[36m(WorkerDict pid=2846344)[0m [rank6]:E0620 10:54:01.196000 2846344 site-packages/torch/_dynamo/metrics_context.py:105] [0/0] TypeError: '>=' not supported between instances of 'NoneType' and 'int'
[36m(WorkerDict pid=2846352)[0m [rank14]:E0620 10:54:01.206000 2846352 site-packages/torch/_dynamo/metrics_context.py:105] [0/0] Unexpected exception logging compilation metrics
[36m(WorkerDict pid=2846352)[0m [rank14]:E0620 10:54:01.206000 2846352 site-packages/torch/_dynamo/metrics_context.py:105] [0/0] Traceback (most recent call last):
[36m(WorkerDict pid=2846352)[0m [rank14]:E0620 10:54:01.206000 2846352 site-packages/torch/_dynamo/metrics_context.py:105] [0/0]   File "/usr/local/python3.11.14/lib/python3.11/site-packages/torch/_dynamo/metrics_context.py", line 101, in __exit__
[36m(WorkerDict pid=2846352)[0m [rank14]:E0620 10:54:01.206000 2846352 site-packages/torch/_dynamo/metrics_context.py:105] [0/0]     self._on_exit(
[36m(WorkerDict pid=2846352)[0m [rank14]:E0620 10:54:01.206000 2846352 site-packages/torch/_dynamo/metrics_context.py:105] [0/0]   File "/usr/local/python3.11.14/lib/python3.11/site-packages/torch/_dynamo/utils.py", line 1632, in record_compilation_metrics
[36m(WorkerDict pid=2846352)[0m [rank14]:E0620 10:54:01.206000 2846352 site-packages/torch/_dynamo/metrics_context.py:105] [0/0]     "triton_version": triton.__version__ if has_triton() else "",
[36m(WorkerDict pid=2846352)[0m [rank14]:E0620 10:54:01.206000 2846352 site-packages/torch/_dynamo/metrics_context.py:105] [0/0]                                             ^^^^^^^^^^^^
[36m(WorkerDict pid=2846352)[0m [rank14]:E0620 10:54:01.206000 2846352 site-packages/torch/_dynamo/metrics_context.py:105] [0/0]   File "/usr/local/python3.11.14/lib/python3.11/site-packages/torch/utils/_triton.py", line 159, in has_triton
[36m(WorkerDict pid=2846352)[0m [rank14]:E0620 10:54:01.206000 2846352 site-packages/torch/_dynamo/metrics_context.py:105] [0/0]     return is_device_compatible_with_triton()
[36m(WorkerDict pid=2846352)[0m [rank14]:E0620 10:54:01.206000 2846352 site-packages/torch/_dynamo/metrics_context.py:105] [0/0]            ^^^^^^^^^^^^^^^^^^^^^^^^^^^^^^^^^^
[36m(WorkerDict pid=2846352)[0m [rank14]:E0620 10:54:01.206000 2846352 site-packages/torch/_dynamo/metrics_context.py:105] [0/0]   File "/usr/local/python3.11.14/lib/python3.11/site-packages/torch/utils/_triton.py", line 155, in is_device_compatible_with_triton
[36m(WorkerDict pid=2846352)[0m [rank14]:E0620 10:54:01.206000 2846352 site-packages/torch/_dynamo/metrics_context.py:105] [0/0]     if device_interface.is_available() and extra_check(device_interface):
[36m(WorkerDict pid=2846352)[0m [rank14]:E0620 10:54:01.206000 2846352 site-packages/torch/_dynamo/metrics_context.py:105] [0/0]                                            ^^^^^^^^^^^^^^^^^^^^^^^^^^^^^
[36m(WorkerDict pid=2846352)[0m [rank14]:E0620 10:54:01.206000 2846352 site-packages/torch/_dynamo/metrics_context.py:105] [0/0]   File "/usr/local/python3.11.14/lib/python3.11/site-packages/torch/utils/_triton.py", line 135, in cuda_extra_check
[36m(WorkerDict pid=2846352)[0m [rank14]:E0620 10:54:01.206000 2846352 site-packages/torch/_dynamo/metrics_context.py:105] [0/0]     return device_interface.Worker.get_device_properties().major >= 7
[36m(WorkerDict pid=2846352)[0m [rank14]:E0620 10:54:01.206000 2846352 site-packages/torch/_dynamo/metrics_context.py:105] [0/0]            ^^^^^^^^^^^^^^^^^^^^^^^^^^^^^^^^^^^^^^^^^^^^^^^^^^^^^^^^^^
[36m(WorkerDict pid=2846352)[0m [rank14]:E0620 10:54:01.206000 2846352 site-packages/torch/_dynamo/metrics_context.py:105] [0/0] TypeError: '>=' not supported between instances of 'NoneType' and 'int'
[36m(WorkerDict pid=2846342)[0m [rank5]:E0620 10:54:01.215000 2846342 site-packages/torch/_dynamo/metrics_context.py:105] [0/0] Unexpected exception logging compilation metrics
[36m(WorkerDict pid=2846342)[0m [rank5]:E0620 10:54:01.215000 2846342 site-packages/torch/_dynamo/metrics_context.py:105] [0/0] Traceback (most recent call last):
[36m(WorkerDict pid=2846342)[0m [rank5]:E0620 10:54:01.215000 2846342 site-packages/torch/_dynamo/metrics_context.py:105] [0/0]   File "/usr/local/python3.11.14/lib/python3.11/site-packages/torch/_dynamo/metrics_context.py", line 101, in __exit__
[36m(WorkerDict pid=2846342)[0m [rank5]:E0620 10:54:01.215000 2846342 site-packages/torch/_dynamo/metrics_context.py:105] [0/0]     self._on_exit(
[36m(WorkerDict pid=2846342)[0m [rank5]:E0620 10:54:01.215000 2846342 site-packages/torch/_dynamo/metrics_context.py:105] [0/0]   File "/usr/local/python3.11.14/lib/python3.11/site-packages/torch/_dynamo/utils.py", line 1632, in record_compilation_metrics
[36m(WorkerDict pid=2846342)[0m [rank5]:E0620 10:54:01.215000 2846342 site-packages/torch/_dynamo/metrics_context.py:105] [0/0]     "triton_version": triton.__version__ if has_triton() else "",
[36m(WorkerDict pid=2846342)[0m [rank5]:E0620 10:54:01.215000 2846342 site-packages/torch/_dynamo/metrics_context.py:105] [0/0]                                             ^^^^^^^^^^^^
[36m(WorkerDict pid=2846342)[0m [rank5]:E0620 10:54:01.215000 2846342 site-packages/torch/_dynamo/metrics_context.py:105] [0/0]   File "/usr/local/python3.11.14/lib/python3.11/site-packages/torch/utils/_triton.py", line 159, in has_triton
[36m(WorkerDict pid=2846342)[0m [rank5]:E0620 10:54:01.215000 2846342 site-packages/torch/_dynamo/metrics_context.py:105] [0/0]     return is_device_compatible_with_triton()
[36m(WorkerDict pid=2846342)[0m [rank5]:E0620 10:54:01.215000 2846342 site-packages/torch/_dynamo/metrics_context.py:105] [0/0]            ^^^^^^^^^^^^^^^^^^^^^^^^^^^^^^^^^^
[36m(WorkerDict pid=2846342)[0m [rank5]:E0620 10:54:01.215000 2846342 site-packages/torch/_dynamo/metrics_context.py:105] [0/0]   File "/usr/local/python3.11.14/lib/python3.11/site-packages/torch/utils/_triton.py", line 155, in is_device_compatible_with_triton
[36m(WorkerDict pid=2846342)[0m [rank5]:E0620 10:54:01.215000 2846342 site-packages/torch/_dynamo/metrics_context.py:105] [0/0]     if device_interface.is_available() and extra_check(device_interface):
[36m(WorkerDict pid=2846342)[0m [rank5]:E0620 10:54:01.215000 2846342 site-packages/torch/_dynamo/metrics_context.py:105] [0/0]                                            ^^^^^^^^^^^^^^^^^^^^^^^^^^^^^
[36m(WorkerDict pid=2846342)[0m [rank5]:E0620 10:54:01.215000 2846342 site-packages/torch/_dynamo/metrics_context.py:105] [0/0]   File "/usr/local/python3.11.14/lib/python3.11/site-packages/torch/utils/_triton.py", line 135, in cuda_extra_check
[36m(WorkerDict pid=2846342)[0m [rank5]:E0620 10:54:01.215000 2846342 site-packages/torch/_dynamo/metrics_context.py:105] [0/0]     return device_interface.Worker.get_device_properties().major >= 7
[36m(WorkerDict pid=2846342)[0m [rank5]:E0620 10:54:01.215000 2846342 site-packages/torch/_dynamo/metrics_context.py:105] [0/0]            ^^^^^^^^^^^^^^^^^^^^^^^^^^^^^^^^^^^^^^^^^^^^^^^^^^^^^^^^^^
[36m(WorkerDict pid=2846342)[0m [rank5]:E0620 10:54:01.215000 2846342 site-packages/torch/_dynamo/metrics_context.py:105] [0/0] TypeError: '>=' not supported between instances of 'NoneType' and 'int'
[36m(WorkerDict pid=2846340)[0m [rank3]:E0620 10:54:01.215000 2846340 site-packages/torch/_dynamo/metrics_context.py:105] [0/0] Unexpected exception logging compilation metrics
[36m(WorkerDict pid=2846340)[0m [rank3]:E0620 10:54:01.215000 2846340 site-packages/torch/_dynamo/metrics_context.py:105] [0/0] Traceback (most recent call last):
[36m(WorkerDict pid=2846340)[0m [rank3]:E0620 10:54:01.215000 2846340 site-packages/torch/_dynamo/metrics_context.py:105] [0/0]   File "/usr/local/python3.11.14/lib/python3.11/site-packages/torch/_dynamo/metrics_context.py", line 101, in __exit__
[36m(WorkerDict pid=2846340)[0m [rank3]:E0620 10:54:01.215000 2846340 site-packages/torch/_dynamo/metrics_context.py:105] [0/0]     self._on_exit(
[36m(WorkerDict pid=2846340)[0m [rank3]:E0620 10:54:01.215000 2846340 site-packages/torch/_dynamo/metrics_context.py:105] [0/0]   File "/usr/local/python3.11.14/lib/python3.11/site-packages/torch/_dynamo/utils.py", line 1632, in record_compilation_metrics
[36m(WorkerDict pid=2846340)[0m [rank3]:E0620 10:54:01.215000 2846340 site-packages/torch/_dynamo/metrics_context.py:105] [0/0]     "triton_version": triton.__version__ if has_triton() else "",
[36m(WorkerDict pid=2846340)[0m [rank3]:E0620 10:54:01.215000 2846340 site-packages/torch/_dynamo/metrics_context.py:105] [0/0]                                             ^^^^^^^^^^^^
[36m(WorkerDict pid=2846340)[0m [rank3]:E0620 10:54:01.215000 2846340 site-packages/torch/_dynamo/metrics_context.py:105] [0/0]   File "/usr/local/python3.11.14/lib/python3.11/site-packages/torch/utils/_triton.py", line 159, in has_triton
[36m(WorkerDict pid=2846340)[0m [rank3]:E0620 10:54:01.215000 2846340 site-packages/torch/_dynamo/metrics_context.py:105] [0/0]     return is_device_compatible_with_triton()
[36m(WorkerDict pid=2846340)[0m [rank3]:E0620 10:54:01.215000 2846340 site-packages/torch/_dynamo/metrics_context.py:105] [0/0]            ^^^^^^^^^^^^^^^^^^^^^^^^^^^^^^^^^^
[36m(WorkerDict pid=2846340)[0m [rank3]:E0620 10:54:01.215000 2846340 site-packages/torch/_dynamo/metrics_context.py:105] [0/0]   File "/usr/local/python3.11.14/lib/python3.11/site-packages/torch/utils/_triton.py", line 155, in is_device_compatible_with_triton
[36m(WorkerDict pid=2846340)[0m [rank3]:E0620 10:54:01.215000 2846340 site-packages/torch/_dynamo/metrics_context.py:105] [0/0]     if device_interface.is_available() and extra_check(device_interface):
[36m(WorkerDict pid=2846340)[0m [rank3]:E0620 10:54:01.215000 2846340 site-packages/torch/_dynamo/metrics_context.py:105] [0/0]                                            ^^^^^^^^^^^^^^^^^^^^^^^^^^^^^
[36m(WorkerDict pid=2846340)[0m [rank3]:E0620 10:54:01.215000 2846340 site-packages/torch/_dynamo/metrics_context.py:105] [0/0]   File "/usr/local/python3.11.14/lib/python3.11/site-packages/torch/utils/_triton.py", line 135, in cuda_extra_check
[36m(WorkerDict pid=2846340)[0m [rank3]:E0620 10:54:01.215000 2846340 site-packages/torch/_dynamo/metrics_context.py:105] [0/0]     return device_interface.Worker.get_device_properties().major >= 7
[36m(WorkerDict pid=2846340)[0m [rank3]:E0620 10:54:01.215000 2846340 site-packages/torch/_dynamo/metrics_context.py:105] [0/0]            ^^^^^^^^^^^^^^^^^^^^^^^^^^^^^^^^^^^^^^^^^^^^^^^^^^^^^^^^^^
[36m(WorkerDict pid=2846340)[0m [rank3]:E0620 10:54:01.215000 2846340 site-packages/torch/_dynamo/metrics_context.py:105] [0/0] TypeError: '>=' not supported between instances of 'NoneType' and 'int'
[36m(WorkerDict pid=2846347)[0m [rank9]:E0620 10:54:01.216000 2846347 site-packages/torch/_dynamo/metrics_context.py:105] [0/0] Unexpected exception logging compilation metrics
[36m(WorkerDict pid=2846347)[0m [rank9]:E0620 10:54:01.216000 2846347 site-packages/torch/_dynamo/metrics_context.py:105] [0/0] Traceback (most recent call last):
[36m(WorkerDict pid=2846347)[0m [rank9]:E0620 10:54:01.216000 2846347 site-packages/torch/_dynamo/metrics_context.py:105] [0/0]   File "/usr/local/python3.11.14/lib/python3.11/site-packages/torch/_dynamo/metrics_context.py", line 101, in __exit__
[36m(WorkerDict pid=2846347)[0m [rank9]:E0620 10:54:01.216000 2846347 site-packages/torch/_dynamo/metrics_context.py:105] [0/0]     self._on_exit(
[36m(WorkerDict pid=2846347)[0m [rank9]:E0620 10:54:01.216000 2846347 site-packages/torch/_dynamo/metrics_context.py:105] [0/0]   File "/usr/local/python3.11.14/lib/python3.11/site-packages/torch/_dynamo/utils.py", line 1632, in record_compilation_metrics
[36m(WorkerDict pid=2846347)[0m [rank9]:E0620 10:54:01.216000 2846347 site-packages/torch/_dynamo/metrics_context.py:105] [0/0]     "triton_version": triton.__version__ if has_triton() else "",
[36m(WorkerDict pid=2846347)[0m [rank9]:E0620 10:54:01.216000 2846347 site-packages/torch/_dynamo/metrics_context.py:105] [0/0]                                             ^^^^^^^^^^^^
[36m(WorkerDict pid=2846347)[0m [rank9]:E0620 10:54:01.216000 2846347 site-packages/torch/_dynamo/metrics_context.py:105] [0/0]   File "/usr/local/python3.11.14/lib/python3.11/site-packages/torch/utils/_triton.py", line 159, in has_triton
[36m(WorkerDict pid=2846347)[0m [rank9]:E0620 10:54:01.216000 2846347 site-packages/torch/_dynamo/metrics_context.py:105] [0/0]     return is_device_compatible_with_triton()
[36m(WorkerDict pid=2846347)[0m [rank9]:E0620 10:54:01.216000 2846347 site-packages/torch/_dynamo/metrics_context.py:105] [0/0]            ^^^^^^^^^^^^^^^^^^^^^^^^^^^^^^^^^^
[36m(WorkerDict pid=2846347)[0m [rank9]:E0620 10:54:01.216000 2846347 site-packages/torch/_dynamo/metrics_context.py:105] [0/0]   File "/usr/local/python3.11.14/lib/python3.11/site-packages/torch/utils/_triton.py", line 155, in is_device_compatible_with_triton
[36m(WorkerDict pid=2846347)[0m [rank9]:E0620 10:54:01.216000 2846347 site-packages/torch/_dynamo/metrics_context.py:105] [0/0]     if device_interface.is_available() and extra_check(device_interface):
[36m(WorkerDict pid=2846347)[0m [rank9]:E0620 10:54:01.216000 2846347 site-packages/torch/_dynamo/metrics_context.py:105] [0/0]                                            ^^^^^^^^^^^^^^^^^^^^^^^^^^^^^
[36m(WorkerDict pid=2846347)[0m [rank9]:E0620 10:54:01.216000 2846347 site-packages/torch/_dynamo/metrics_context.py:105] [0/0]   File "/usr/local/python3.11.14/lib/python3.11/site-packages/torch/utils/_triton.py", line 135, in cuda_extra_check
[36m(WorkerDict pid=2846347)[0m [rank9]:E0620 10:54:01.216000 2846347 site-packages/torch/_dynamo/metrics_context.py:105] [0/0]     return device_interface.Worker.get_device_properties().major >= 7
[36m(WorkerDict pid=2846347)[0m [rank9]:E0620 10:54:01.216000 2846347 site-packages/torch/_dynamo/metrics_context.py:105] [0/0]            ^^^^^^^^^^^^^^^^^^^^^^^^^^^^^^^^^^^^^^^^^^^^^^^^^^^^^^^^^^
[36m(WorkerDict pid=2846347)[0m [rank9]:E0620 10:54:01.216000 2846347 site-packages/torch/_dynamo/metrics_context.py:105] [0/0] TypeError: '>=' not supported between instances of 'NoneType' and 'int'
[36m(WorkerDict pid=2846350)[0m [rank13]:E0620 10:54:01.222000 2846350 site-packages/torch/_dynamo/metrics_context.py:105] [0/0] Unexpected exception logging compilation metrics
[36m(WorkerDict pid=2846350)[0m [rank13]:E0620 10:54:01.222000 2846350 site-packages/torch/_dynamo/metrics_context.py:105] [0/0] Traceback (most recent call last):
[36m(WorkerDict pid=2846350)[0m [rank13]:E0620 10:54:01.222000 2846350 site-packages/torch/_dynamo/metrics_context.py:105] [0/0]   File "/usr/local/python3.11.14/lib/python3.11/site-packages/torch/_dynamo/metrics_context.py", line 101, in __exit__
[36m(WorkerDict pid=2846350)[0m [rank13]:E0620 10:54:01.222000 2846350 site-packages/torch/_dynamo/metrics_context.py:105] [0/0]     self._on_exit(
[36m(WorkerDict pid=2846350)[0m [rank13]:E0620 10:54:01.222000 2846350 site-packages/torch/_dynamo/metrics_context.py:105] [0/0]   File "/usr/local/python3.11.14/lib/python3.11/site-packages/torch/_dynamo/utils.py", line 1632, in record_compilation_metrics
[36m(WorkerDict pid=2846350)[0m [rank13]:E0620 10:54:01.222000 2846350 site-packages/torch/_dynamo/metrics_context.py:105] [0/0]     "triton_version": triton.__version__ if has_triton() else "",
[36m(WorkerDict pid=2846350)[0m [rank13]:E0620 10:54:01.222000 2846350 site-packages/torch/_dynamo/metrics_context.py:105] [0/0]                                             ^^^^^^^^^^^^
[36m(WorkerDict pid=2846350)[0m [rank13]:E0620 10:54:01.222000 2846350 site-packages/torch/_dynamo/metrics_context.py:105] [0/0]   File "/usr/local/python3.11.14/lib/python3.11/site-packages/torch/utils/_triton.py", line 159, in has_triton
[36m(WorkerDict pid=2846350)[0m [rank13]:E0620 10:54:01.222000 2846350 site-packages/torch/_dynamo/metrics_context.py:105] [0/0]     return is_device_compatible_with_triton()
[36m(WorkerDict pid=2846350)[0m [rank13]:E0620 10:54:01.222000 2846350 site-packages/torch/_dynamo/metrics_context.py:105] [0/0]            ^^^^^^^^^^^^^^^^^^^^^^^^^^^^^^^^^^
[36m(WorkerDict pid=2846350)[0m [rank13]:E0620 10:54:01.222000 2846350 site-packages/torch/_dynamo/metrics_context.py:105] [0/0]   File "/usr/local/python3.11.14/lib/python3.11/site-packages/torch/utils/_triton.py", line 155, in is_device_compatible_with_triton
[36m(WorkerDict pid=2846350)[0m [rank13]:E0620 10:54:01.222000 2846350 site-packages/torch/_dynamo/metrics_context.py:105] [0/0]     if device_interface.is_available() and extra_check(device_interface):
[36m(WorkerDict pid=2846350)[0m [rank13]:E0620 10:54:01.222000 2846350 site-packages/torch/_dynamo/metrics_context.py:105] [0/0]                                            ^^^^^^^^^^^^^^^^^^^^^^^^^^^^^
[36m(WorkerDict pid=2846350)[0m [rank13]:E0620 10:54:01.222000 2846350 site-packages/torch/_dynamo/metrics_context.py:105] [0/0]   File "/usr/local/python3.11.14/lib/python3.11/site-packages/torch/utils/_triton.py", line 135, in cuda_extra_check
[36m(WorkerDict pid=2846350)[0m [rank13]:E0620 10:54:01.222000 2846350 site-packages/torch/_dynamo/metrics_context.py:105] [0/0]     return device_interface.Worker.get_device_properties().major >= 7
[36m(WorkerDict pid=2846350)[0m [rank13]:E0620 10:54:01.222000 2846350 site-packages/torch/_dynamo/metrics_context.py:105] [0/0]            ^^^^^^^^^^^^^^^^^^^^^^^^^^^^^^^^^^^^^^^^^^^^^^^^^^^^^^^^^^
[36m(WorkerDict pid=2846350)[0m [rank13]:E0620 10:54:01.222000 2846350 site-packages/torch/_dynamo/metrics_context.py:105] [0/0] TypeError: '>=' not supported between instances of 'NoneType' and 'int'
[36m(WorkerDict pid=2846339)[0m [rank1]:E0620 10:54:01.226000 2846339 site-packages/torch/_dynamo/metrics_context.py:105] [0/0] Unexpected exception logging compilation metrics
[36m(WorkerDict pid=2846339)[0m [rank1]:E0620 10:54:01.226000 2846339 site-packages/torch/_dynamo/metrics_context.py:105] [0/0] Traceback (most recent call last):
[36m(WorkerDict pid=2846339)[0m [rank1]:E0620 10:54:01.226000 2846339 site-packages/torch/_dynamo/metrics_context.py:105] [0/0]   File "/usr/local/python3.11.14/lib/python3.11/site-packages/torch/_dynamo/metrics_context.py", line 101, in __exit__
[36m(WorkerDict pid=2846339)[0m [rank1]:E0620 10:54:01.226000 2846339 site-packages/torch/_dynamo/metrics_context.py:105] [0/0]     self._on_exit(
[36m(WorkerDict pid=2846339)[0m [rank1]:E0620 10:54:01.226000 2846339 site-packages/torch/_dynamo/metrics_context.py:105] [0/0]   File "/usr/local/python3.11.14/lib/python3.11/site-packages/torch/_dynamo/utils.py", line 1632, in record_compilation_metrics
[36m(WorkerDict pid=2846339)[0m [rank1]:E0620 10:54:01.226000 2846339 site-packages/torch/_dynamo/metrics_context.py:105] [0/0]     "triton_version": triton.__version__ if has_triton() else "",
[36m(WorkerDict pid=2846339)[0m [rank1]:E0620 10:54:01.226000 2846339 site-packages/torch/_dynamo/metrics_context.py:105] [0/0]                                             ^^^^^^^^^^^^
[36m(WorkerDict pid=2846339)[0m [rank1]:E0620 10:54:01.226000 2846339 site-packages/torch/_dynamo/metrics_context.py:105] [0/0]   File "/usr/local/python3.11.14/lib/python3.11/site-packages/torch/utils/_triton.py", line 159, in has_triton
[36m(WorkerDict pid=2846339)[0m [rank1]:E0620 10:54:01.226000 2846339 site-packages/torch/_dynamo/metrics_context.py:105] [0/0]     return is_device_compatible_with_triton()
[36m(WorkerDict pid=2846339)[0m [rank1]:E0620 10:54:01.226000 2846339 site-packages/torch/_dynamo/metrics_context.py:105] [0/0]            ^^^^^^^^^^^^^^^^^^^^^^^^^^^^^^^^^^
[36m(WorkerDict pid=2846339)[0m [rank1]:E0620 10:54:01.226000 2846339 site-packages/torch/_dynamo/metrics_context.py:105] [0/0]   File "/usr/local/python3.11.14/lib/python3.11/site-packages/torch/utils/_triton.py", line 155, in is_device_compatible_with_triton
[36m(WorkerDict pid=2846339)[0m [rank1]:E0620 10:54:01.226000 2846339 site-packages/torch/_dynamo/metrics_context.py:105] [0/0]     if device_interface.is_available() and extra_check(device_interface):
[36m(WorkerDict pid=2846339)[0m [rank1]:E0620 10:54:01.226000 2846339 site-packages/torch/_dynamo/metrics_context.py:105] [0/0]                                            ^^^^^^^^^^^^^^^^^^^^^^^^^^^^^
[36m(WorkerDict pid=2846339)[0m [rank1]:E0620 10:54:01.226000 2846339 site-packages/torch/_dynamo/metrics_context.py:105] [0/0]   File "/usr/local/python3.11.14/lib/python3.11/site-packages/torch/utils/_triton.py", line 135, in cuda_extra_check
[36m(WorkerDict pid=2846339)[0m [rank1]:E0620 10:54:01.226000 2846339 site-packages/torch/_dynamo/metrics_context.py:105] [0/0]     return device_interface.Worker.get_device_properties().major >= 7
[36m(WorkerDict pid=2846339)[0m [rank1]:E0620 10:54:01.226000 2846339 site-packages/torch/_dynamo/metrics_context.py:105] [0/0]            ^^^^^^^^^^^^^^^^^^^^^^^^^^^^^^^^^^^^^^^^^^^^^^^^^^^^^^^^^^
[36m(WorkerDict pid=2846339)[0m [rank1]:E0620 10:54:01.226000 2846339 site-packages/torch/_dynamo/metrics_context.py:105] [0/0] TypeError: '>=' not supported between instances of 'NoneType' and 'int'
[36m(WorkerDict pid=2846349)[0m [rank11]:E0620 10:54:01.236000 2846349 site-packages/torch/_dynamo/metrics_context.py:105] [0/0] Unexpected exception logging compilation metrics
[36m(WorkerDict pid=2846349)[0m [rank11]:E0620 10:54:01.236000 2846349 site-packages/torch/_dynamo/metrics_context.py:105] [0/0] Traceback (most recent call last):
[36m(WorkerDict pid=2846349)[0m [rank11]:E0620 10:54:01.236000 2846349 site-packages/torch/_dynamo/metrics_context.py:105] [0/0]   File "/usr/local/python3.11.14/lib/python3.11/site-packages/torch/_dynamo/metrics_context.py", line 101, in __exit__
[36m(WorkerDict pid=2846349)[0m [rank11]:E0620 10:54:01.236000 2846349 site-packages/torch/_dynamo/metrics_context.py:105] [0/0]     self._on_exit(
[36m(WorkerDict pid=2846349)[0m [rank11]:E0620 10:54:01.236000 2846349 site-packages/torch/_dynamo/metrics_context.py:105] [0/0]   File "/usr/local/python3.11.14/lib/python3.11/site-packages/torch/_dynamo/utils.py", line 1632, in record_compilation_metrics
[36m(WorkerDict pid=2846349)[0m [rank11]:E0620 10:54:01.236000 2846349 site-packages/torch/_dynamo/metrics_context.py:105] [0/0]     "triton_version": triton.__version__ if has_triton() else "",
[36m(WorkerDict pid=2846349)[0m [rank11]:E0620 10:54:01.236000 2846349 site-packages/torch/_dynamo/metrics_context.py:105] [0/0]                                             ^^^^^^^^^^^^
[36m(WorkerDict pid=2846349)[0m [rank11]:E0620 10:54:01.236000 2846349 site-packages/torch/_dynamo/metrics_context.py:105] [0/0]   File "/usr/local/python3.11.14/lib/python3.11/site-packages/torch/utils/_triton.py", line 159, in has_triton
[36m(WorkerDict pid=2846349)[0m [rank11]:E0620 10:54:01.236000 2846349 site-packages/torch/_dynamo/metrics_context.py:105] [0/0]     return is_device_compatible_with_triton()
[36m(WorkerDict pid=2846349)[0m [rank11]:E0620 10:54:01.236000 2846349 site-packages/torch/_dynamo/metrics_context.py:105] [0/0]            ^^^^^^^^^^^^^^^^^^^^^^^^^^^^^^^^^^
[36m(WorkerDict pid=2846349)[0m [rank11]:E0620 10:54:01.236000 2846349 site-packages/torch/_dynamo/metrics_context.py:105] [0/0]   File "/usr/local/python3.11.14/lib/python3.11/site-packages/torch/utils/_triton.py", line 155, in is_device_compatible_with_triton
[36m(WorkerDict pid=2846349)[0m [rank11]:E0620 10:54:01.236000 2846349 site-packages/torch/_dynamo/metrics_context.py:105] [0/0]     if device_interface.is_available() and extra_check(device_interface):
[36m(WorkerDict pid=2846349)[0m [rank11]:E0620 10:54:01.236000 2846349 site-packages/torch/_dynamo/metrics_context.py:105] [0/0]                                            ^^^^^^^^^^^^^^^^^^^^^^^^^^^^^
[36m(WorkerDict pid=2846349)[0m [rank11]:E0620 10:54:01.236000 2846349 site-packages/torch/_dynamo/metrics_context.py:105] [0/0]   File "/usr/local/python3.11.14/lib/python3.11/site-packages/torch/utils/_triton.py", line 135, in cuda_extra_check
[36m(WorkerDict pid=2846349)[0m [rank11]:E0620 10:54:01.236000 2846349 site-packages/torch/_dynamo/metrics_context.py:105] [0/0]     return device_interface.Worker.get_device_properties().major >= 7
[36m(WorkerDict pid=2846349)[0m [rank11]:E0620 10:54:01.236000 2846349 site-packages/torch/_dynamo/metrics_context.py:105] [0/0]            ^^^^^^^^^^^^^^^^^^^^^^^^^^^^^^^^^^^^^^^^^^^^^^^^^^^^^^^^^^
[36m(WorkerDict pid=2846349)[0m [rank11]:E0620 10:54:01.236000 2846349 site-packages/torch/_dynamo/metrics_context.py:105] [0/0] TypeError: '>=' not supported between instances of 'NoneType' and 'int'
[36m(WorkerDict pid=2846345)[0m [rank7]:E0620 10:54:01.262000 2846345 site-packages/torch/_dynamo/metrics_context.py:105] [0/0] Unexpected exception logging compilation metrics
[36m(WorkerDict pid=2846345)[0m [rank7]:E0620 10:54:01.262000 2846345 site-packages/torch/_dynamo/metrics_context.py:105] [0/0] Traceback (most recent call last):
[36m(WorkerDict pid=2846345)[0m [rank7]:E0620 10:54:01.262000 2846345 site-packages/torch/_dynamo/metrics_context.py:105] [0/0]   File "/usr/local/python3.11.14/lib/python3.11/site-packages/torch/_dynamo/metrics_context.py", line 101, in __exit__
[36m(WorkerDict pid=2846345)[0m [rank7]:E0620 10:54:01.262000 2846345 site-packages/torch/_dynamo/metrics_context.py:105] [0/0]     self._on_exit(
[36m(WorkerDict pid=2846345)[0m [rank7]:E0620 10:54:01.262000 2846345 site-packages/torch/_dynamo/metrics_context.py:105] [0/0]   File "/usr/local/python3.11.14/lib/python3.11/site-packages/torch/_dynamo/utils.py", line 1632, in record_compilation_metrics
[36m(WorkerDict pid=2846345)[0m [rank7]:E0620 10:54:01.262000 2846345 site-packages/torch/_dynamo/metrics_context.py:105] [0/0]     "triton_version": triton.__version__ if has_triton() else "",
[36m(WorkerDict pid=2846345)[0m [rank7]:E0620 10:54:01.262000 2846345 site-packages/torch/_dynamo/metrics_context.py:105] [0/0]                                             ^^^^^^^^^^^^
[36m(WorkerDict pid=2846345)[0m [rank7]:E0620 10:54:01.262000 2846345 site-packages/torch/_dynamo/metrics_context.py:105] [0/0]   File "/usr/local/python3.11.14/lib/python3.11/site-packages/torch/utils/_triton.py", line 159, in has_triton
[36m(WorkerDict pid=2846345)[0m [rank7]:E0620 10:54:01.262000 2846345 site-packages/torch/_dynamo/metrics_context.py:105] [0/0]     return is_device_compatible_with_triton()
[36m(WorkerDict pid=2846345)[0m [rank7]:E0620 10:54:01.262000 2846345 site-packages/torch/_dynamo/metrics_context.py:105] [0/0]            ^^^^^^^^^^^^^^^^^^^^^^^^^^^^^^^^^^
[36m(WorkerDict pid=2846345)[0m [rank7]:E0620 10:54:01.262000 2846345 site-packages/torch/_dynamo/metrics_context.py:105] [0/0]   File "/usr/local/python3.11.14/lib/python3.11/site-packages/torch/utils/_triton.py", line 155, in is_device_compatible_with_triton
[36m(WorkerDict pid=2846345)[0m [rank7]:E0620 10:54:01.262000 2846345 site-packages/torch/_dynamo/metrics_context.py:105] [0/0]     if device_interface.is_available() and extra_check(device_interface):
[36m(WorkerDict pid=2846345)[0m [rank7]:E0620 10:54:01.262000 2846345 site-packages/torch/_dynamo/metrics_context.py:105] [0/0]                                            ^^^^^^^^^^^^^^^^^^^^^^^^^^^^^
[36m(WorkerDict pid=2846345)[0m [rank7]:E0620 10:54:01.262000 2846345 site-packages/torch/_dynamo/metrics_context.py:105] [0/0]   File "/usr/local/python3.11.14/lib/python3.11/site-packages/torch/utils/_triton.py", line 135, in cuda_extra_check
[36m(WorkerDict pid=2846345)[0m [rank7]:E0620 10:54:01.262000 2846345 site-packages/torch/_dynamo/metrics_context.py:105] [0/0]     return device_interface.Worker.get_device_properties().major >= 7
[36m(WorkerDict pid=2846345)[0m [rank7]:E0620 10:54:01.262000 2846345 site-packages/torch/_dynamo/metrics_context.py:105] [0/0]            ^^^^^^^^^^^^^^^^^^^^^^^^^^^^^^^^^^^^^^^^^^^^^^^^^^^^^^^^^^
[36m(WorkerDict pid=2846345)[0m [rank7]:E0620 10:54:01.262000 2846345 site-packages/torch/_dynamo/metrics_context.py:105] [0/0] TypeError: '>=' not supported between instances of 'NoneType' and 'int'
[36m(WorkerDict pid=2846353)[0m [rank15]:E0620 10:54:01.268000 2846353 site-packages/torch/_dynamo/metrics_context.py:105] [0/0] Unexpected exception logging compilation metrics
[36m(WorkerDict pid=2846353)[0m [rank15]:E0620 10:54:01.268000 2846353 site-packages/torch/_dynamo/metrics_context.py:105] [0/0] Traceback (most recent call last):
[36m(WorkerDict pid=2846353)[0m [rank15]:E0620 10:54:01.268000 2846353 site-packages/torch/_dynamo/metrics_context.py:105] [0/0]   File "/usr/local/python3.11.14/lib/python3.11/site-packages/torch/_dynamo/metrics_context.py", line 101, in __exit__
[36m(WorkerDict pid=2846353)[0m [rank15]:E0620 10:54:01.268000 2846353 site-packages/torch/_dynamo/metrics_context.py:105] [0/0]     self._on_exit(
[36m(WorkerDict pid=2846353)[0m [rank15]:E0620 10:54:01.268000 2846353 site-packages/torch/_dynamo/metrics_context.py:105] [0/0]   File "/usr/local/python3.11.14/lib/python3.11/site-packages/torch/_dynamo/utils.py", line 1632, in record_compilation_metrics
[36m(WorkerDict pid=2846353)[0m [rank15]:E0620 10:54:01.268000 2846353 site-packages/torch/_dynamo/metrics_context.py:105] [0/0]     "triton_version": triton.__version__ if has_triton() else "",
[36m(WorkerDict pid=2846353)[0m [rank15]:E0620 10:54:01.268000 2846353 site-packages/torch/_dynamo/metrics_context.py:105] [0/0]                                             ^^^^^^^^^^^^
[36m(WorkerDict pid=2846353)[0m [rank15]:E0620 10:54:01.268000 2846353 site-packages/torch/_dynamo/metrics_context.py:105] [0/0]   File "/usr/local/python3.11.14/lib/python3.11/site-packages/torch/utils/_triton.py", line 159, in has_triton
[36m(WorkerDict pid=2846353)[0m [rank15]:E0620 10:54:01.268000 2846353 site-packages/torch/_dynamo/metrics_context.py:105] [0/0]     return is_device_compatible_with_triton()
[36m(WorkerDict pid=2846353)[0m [rank15]:E0620 10:54:01.268000 2846353 site-packages/torch/_dynamo/metrics_context.py:105] [0/0]            ^^^^^^^^^^^^^^^^^^^^^^^^^^^^^^^^^^
[36m(WorkerDict pid=2846353)[0m [rank15]:E0620 10:54:01.268000 2846353 site-packages/torch/_dynamo/metrics_context.py:105] [0/0]   File "/usr/local/python3.11.14/lib/python3.11/site-packages/torch/utils/_triton.py", line 155, in is_device_compatible_with_triton
[36m(WorkerDict pid=2846353)[0m [rank15]:E0620 10:54:01.268000 2846353 site-packages/torch/_dynamo/metrics_context.py:105] [0/0]     if device_interface.is_available() and extra_check(device_interface):
[36m(WorkerDict pid=2846353)[0m [rank15]:E0620 10:54:01.268000 2846353 site-packages/torch/_dynamo/metrics_context.py:105] [0/0]                                            ^^^^^^^^^^^^^^^^^^^^^^^^^^^^^
[36m(WorkerDict pid=2846353)[0m [rank15]:E0620 10:54:01.268000 2846353 site-packages/torch/_dynamo/metrics_context.py:105] [0/0]   File "/usr/local/python3.11.14/lib/python3.11/site-packages/torch/utils/_triton.py", line 135, in cuda_extra_check
[36m(WorkerDict pid=2846353)[0m [rank15]:E0620 10:54:01.268000 2846353 site-packages/torch/_dynamo/metrics_context.py:105] [0/0]     return device_interface.Worker.get_device_properties().major >= 7
[36m(WorkerDict pid=2846353)[0m [rank15]:E0620 10:54:01.268000 2846353 site-packages/torch/_dynamo/metrics_context.py:105] [0/0]            ^^^^^^^^^^^^^^^^^^^^^^^^^^^^^^^^^^^^^^^^^^^^^^^^^^^^^^^^^^
[36m(WorkerDict pid=2846353)[0m [rank15]:E0620 10:54:01.268000 2846353 site-packages/torch/_dynamo/metrics_context.py:105] [0/0] TypeError: '>=' not supported between instances of 'NoneType' and 'int'
[36m(WorkerDict pid=2846345)[0m Processed prompts:   3%|▎         | 1/32 [01:26<44:53, 86.88s/it, est. speed input: 0.84 toks/s, output: 10.07 toks/s]
[36m(WorkerDict pid=2846345)[0m Processed prompts:   6%|▋         | 2/32 [01:27<17:59, 36.00s/it, est. speed input: 1.67 toks/s, output: 20.11 toks/s]
[36m(WorkerDict pid=2846345)[0m Processed prompts:   9%|▉         | 3/32 [01:30<10:07, 20.96s/it, est. speed input: 2.42 toks/s, output: 29.62 toks/s]
[36m(WorkerDict pid=2846345)[0m Processed prompts:  12%|█▎        | 4/32 [01:31<06:06, 13.10s/it, est. speed input: 3.20 toks/s, output: 39.48 toks/s]
[36m(WorkerDict pid=2846345)[0m Processed prompts:  16%|█▌        | 5/32 [01:38<04:53, 10.85s/it, est. speed input: 3.72 toks/s, output: 47.07 toks/s]
[36m(WorkerDict pid=2846345)[0m Processed prompts:  19%|█▉        | 6/32 [01:39<03:19,  7.68s/it, est. speed input: 4.39 toks/s, output: 56.74 toks/s]
[36m(WorkerDict pid=2846342)[0m Processed prompts:   3%|▎         | 1/32 [01:40<51:49, 100.30s/it, est. speed input: 0.55 toks/s, output: 10.38 toks/s]
[36m(WorkerDict pid=2846345)[0m Processed prompts:  22%|██▏       | 7/32 [01:43<02:41,  6.45s/it, est. speed input: 4.93 toks/s, output: 65.05 toks/s]
[36m(WorkerDict pid=2846340)[0m Processed prompts:   3%|▎         | 1/32 [01:44<54:10, 104.87s/it, est. speed input: 0.38 toks/s, output: 10.56 toks/s]
[36m(WorkerDict pid=2846345)[0m Processed prompts:  25%|██▌       | 8/32 [01:45<02:02,  5.11s/it, est. speed input: 5.51 toks/s, output: 74.20 toks/s]
[36m(WorkerDict pid=2846345)[0m Processed prompts:  28%|██▊       | 9/32 [01:47<01:34,  4.13s/it, est. speed input: 6.09 toks/s, output: 83.40 toks/s]
[36m(WorkerDict pid=2846340)[0m Processed prompts:   6%|▋         | 2/32 [01:49<22:49, 45.65s/it, est. speed input: 0.73 toks/s, output: 20.79 toks/s] 
[36m(WorkerDict pid=2846345)[0m Processed prompts:  31%|███▏      | 10/32 [01:50<01:18,  3.57s/it, est. speed input: 6.62 toks/s, output: 92.23 toks/s]
[36m(WorkerDict pid=2846342)[0m Processed prompts:   6%|▋         | 2/32 [01:50<23:36, 47.21s/it, est. speed input: 1.00 toks/s, output: 20.01 toks/s] 
[36m(WorkerDict pid=2846345)[0m Processed prompts:  34%|███▍      | 11/32 [01:50<00:56,  2.71s/it, est. speed input: 7.24 toks/s, output: 102.21 toks/s]
[36m(WorkerDict pid=2846345)[0m Processed prompts:  38%|███▊      | 12/32 [01:54<00:56,  2.83s/it, est. speed input: 7.68 toks/s, output: 110.05 toks/s]
[36m(WorkerDict pid=2846345)[0m Processed prompts:  41%|████      | 13/32 [01:55<00:44,  2.32s/it, est. speed input: 8.24 toks/s, output: 119.63 toks/s]
[36m(WorkerDict pid=2846340)[0m Processed prompts:   9%|▉         | 3/32 [01:55<13:20, 27.61s/it, est. speed input: 1.04 toks/s, output: 30.40 toks/s]
[36m(WorkerDict pid=2846345)[0m Processed prompts:  44%|████▍     | 14/32 [01:56<00:34,  1.91s/it, est. speed input: 8.80 toks/s, output: 129.29 toks/s]
[36m(WorkerDict pid=2846340)[0m Processed prompts:  12%|█▎        | 4/32 [01:58<08:21, 17.93s/it, est. speed input: 1.35 toks/s, output: 40.37 toks/s]
[36m(WorkerDict pid=2846345)[0m Processed prompts:  47%|████▋     | 15/32 [01:59<00:38,  2.24s/it, est. speed input: 9.19 toks/s, output: 136.76 toks/s]
[36m(WorkerDict pid=2846340)[0m Processed prompts:  16%|█▌        | 5/32 [01:59<05:24, 12.04s/it, est. speed input: 1.67 toks/s, output: 50.61 toks/s]
[36m(WorkerDict pid=2846342)[0m Processed prompts:   9%|▉         | 3/32 [02:01<14:50, 30.72s/it, est. speed input: 1.36 toks/s, output: 28.90 toks/s]
[36m(WorkerDict pid=2846342)[0m Processed prompts:  12%|█▎        | 4/32 [02:02<08:48, 18.86s/it, est. speed input: 1.80 toks/s, output: 39.47 toks/s]
[36m(WorkerDict pid=2846340)[0m Processed prompts:  19%|█▉        | 6/32 [02:02<03:49,  8.83s/it, est. speed input: 1.96 toks/s, output: 60.33 toks/s]
[36m(WorkerDict pid=2846342)[0m Processed prompts:  16%|█▌        | 5/32 [02:05<05:53, 13.10s/it, est. speed input: 2.20 toks/s, output: 49.32 toks/s]
[36m(WorkerDict pid=2846342)[0m Processed prompts:  19%|█▉        | 6/32 [02:05<03:48,  8.78s/it, est. speed input: 2.63 toks/s, output: 59.93 toks/s]
[36m(WorkerDict pid=2846342)[0m Processed prompts:  22%|██▏       | 7/32 [02:10<03:11,  7.65s/it, est. speed input: 2.95 toks/s, output: 68.32 toks/s]
[36m(WorkerDict pid=2846340)[0m Processed prompts:  22%|██▏       | 7/32 [02:10<03:31,  8.46s/it, est. speed input: 2.15 toks/s, output: 67.66 toks/s]
[36m(WorkerDict pid=2846342)[0m Processed prompts:  25%|██▌       | 8/32 [02:12<02:15,  5.63s/it, est. speed input: 3.33 toks/s, output: 78.49 toks/s]
[36m(WorkerDict pid=2846340)[0m Processed prompts:  25%|██▌       | 8/32 [02:12<02:35,  6.47s/it, est. speed input: 2.42 toks/s, output: 77.46 toks/s]
[36m(WorkerDict pid=2846342)[0m Processed prompts:  28%|██▊       | 9/32 [02:14<01:46,  4.65s/it, est. speed input: 3.68 toks/s, output: 87.92 toks/s]
[36m(WorkerDict pid=2846341)[0m Processed prompts:   3%|▎         | 1/32 [02:15<1:10:08, 135.75s/it, est. speed input: 0.39 toks/s, output: 10.95 toks/s]
[36m(WorkerDict pid=2846341)[0m Processed prompts:   6%|▋         | 2/32 [02:17<28:35, 57.18s/it, est. speed input: 0.77 toks/s, output: 21.75 toks/s]   
[36m(WorkerDict pid=2846342)[0m Processed prompts:  31%|███▏      | 10/32 [02:22<02:05,  5.72s/it, est. speed input: 3.86 toks/s, output: 93.91 toks/s]
[36m(WorkerDict pid=2846342)[0m Processed prompts:  34%|███▍      | 11/32 [02:23<01:31,  4.34s/it, est. speed input: 4.21 toks/s, output: 104.10 toks/s]
[36m(WorkerDict pid=2846345)[0m Processed prompts:  50%|█████     | 16/32 [02:26<02:38,  9.88s/it, est. speed input: 7.96 toks/s, output: 122.07 toks/s]
[36m(WorkerDict pid=2846342)[0m Processed prompts:  38%|███▊      | 12/32 [02:27<01:21,  4.10s/it, est. speed input: 4.48 toks/s, output: 112.63 toks/s]
[36m(WorkerDict pid=2846340)[0m Processed prompts:  28%|██▊       | 9/32 [02:26<03:26,  8.97s/it, est. speed input: 2.45 toks/s, output: 80.91 toks/s]
[36m(WorkerDict pid=2846340)[0m Processed prompts:  31%|███▏      | 10/32 [02:28<02:25,  6.60s/it, est. speed input: 2.70 toks/s, output: 91.29 toks/s]
[36m(WorkerDict pid=2846340)[0m Processed prompts:  34%|███▍      | 11/32 [02:30<01:48,  5.17s/it, est. speed input: 2.93 toks/s, output: 101.23 toks/s]
[36m(WorkerDict pid=2846341)[0m Processed prompts:   9%|▉         | 3/32 [02:30<17:53, 37.01s/it, est. speed input: 1.05 toks/s, output: 30.97 toks/s]
[36m(WorkerDict pid=2846340)[0m Processed prompts:  38%|███▊      | 12/32 [02:31<01:19,  3.95s/it, est. speed input: 3.17 toks/s, output: 111.56 toks/s]
[36m(WorkerDict pid=2846343)[0m Processed prompts:   3%|▎         | 1/32 [02:32<1:18:43, 152.37s/it, est. speed input: 0.22 toks/s, output: 11.10 toks/s]
[36m(WorkerDict pid=2846341)[0m Processed prompts:  12%|█▎        | 4/32 [02:35<11:18, 24.23s/it, est. speed input: 1.36 toks/s, output: 41.19 toks/s]
[36m(WorkerDict pid=2846342)[0m Processed prompts:  41%|████      | 13/32 [02:37<01:52,  5.93s/it, est. speed input: 4.54 toks/s, output: 116.49 toks/s]
[36m(WorkerDict pid=2846341)[0m Processed prompts:  19%|█▉        | 6/32 [02:38<05:13, 12.07s/it, est. speed input: 2.01 toks/s, output: 62.65 toks/s]
[36m(WorkerDict pid=2846342)[0m Processed prompts:  44%|████▍     | 14/32 [02:38<01:22,  4.56s/it, est. speed input: 4.84 toks/s, output: 126.61 toks/s]
[36m(WorkerDict pid=2846341)[0m Processed prompts:  22%|██▏       | 7/32 [02:43<04:12, 10.10s/it, est. speed input: 2.28 toks/s, output: 71.98 toks/s]
[36m(WorkerDict pid=2846341)[0m Processed prompts:  25%|██▌       | 8/32 [02:44<03:04,  7.69s/it, est. speed input: 2.58 toks/s, output: 82.52 toks/s]
[36m(WorkerDict pid=2846341)[0m Processed prompts:  28%|██▊       | 9/32 [02:47<02:23,  6.25s/it, est. speed input: 2.85 toks/s, output: 92.46 toks/s]
[36m(WorkerDict pid=2846344)[0m Processed prompts:   3%|▎         | 1/32 [02:51<1:28:25, 171.16s/it, est. speed input: 0.27 toks/s, output: 11.29 toks/s]
[36m(WorkerDict pid=2846339)[0m Processed prompts:   3%|▎         | 1/32 [02:52<1:29:03, 172.36s/it, est. speed input: 0.13 toks/s, output: 11.30 toks/s]
[36m(WorkerDict pid=2846341)[0m Processed prompts:  31%|███▏      | 10/32 [02:53<02:17,  6.25s/it, est. speed input: 3.05 toks/s, output: 100.42 toks/s]
[36m(WorkerDict pid=2846341)[0m Processed prompts:  34%|███▍      | 11/32 [02:53<01:34,  4.49s/it, est. speed input: 3.35 toks/s, output: 111.59 toks/s]
[36m(WorkerDict pid=2846343)[0m Processed prompts:   6%|▋         | 2/32 [02:54<37:50, 75.68s/it, est. speed input: 0.39 toks/s, output: 20.99 toks/s]   
[36m(WorkerDict pid=2846338)[0m Processed prompts:   3%|▎         | 1/32 [02:53<1:29:32, 173.30s/it, est. speed input: 0.36 toks/s, output: 11.36 toks/s]
[36m(WorkerDict pid=2846344)[0m Processed prompts:   6%|▋         | 2/32 [02:54<36:12, 72.42s/it, est. speed input: 0.53 toks/s, output: 22.38 toks/s]   
[36m(WorkerDict pid=2846342)[0m Processed prompts:  47%|████▋     | 15/32 [02:56<02:22,  8.39s/it, est. speed input: 4.68 toks/s, output: 125.49 toks/s]
[36m(WorkerDict pid=2846341)[0m Processed prompts:  38%|███▊      | 12/32 [02:55<01:15,  3.79s/it, est. speed input: 3.62 toks/s, output: 121.56 toks/s]
[36m(WorkerDict pid=2846341)[0m Processed prompts:  41%|████      | 13/32 [02:56<00:51,  2.73s/it, est. speed input: 3.91 toks/s, output: 132.71 toks/s]
[36m(WorkerDict pid=2846341)[0m Processed prompts:  47%|████▋     | 15/32 [02:58<00:33,  1.95s/it, est. speed input: 4.46 toks/s, output: 153.71 toks/s]
[36m(WorkerDict pid=2846344)[0m Processed prompts:   9%|▉         | 3/32 [02:58<19:50, 41.05s/it, est. speed input: 0.77 toks/s, output: 33.25 toks/s]
[36m(WorkerDict pid=2846340)[0m Processed prompts:  41%|████      | 13/32 [02:58<03:27, 10.94s/it, est. speed input: 2.92 toks/s, output: 106.00 toks/s]
[36m(WorkerDict pid=2846344)[0m Processed prompts:  12%|█▎        | 4/32 [02:58<11:42, 25.07s/it, est. speed input: 1.03 toks/s, output: 44.47 toks/s]
[36m(WorkerDict pid=2846342)[0m Processed prompts:  50%|█████     | 16/32 [03:00<01:53,  7.11s/it, est. speed input: 4.88 toks/s, output: 133.92 toks/s]
[36m(WorkerDict pid=2846338)[0m Processed prompts:   6%|▋         | 2/32 [03:03<38:47, 77.59s/it, est. speed input: 0.67 toks/s, output: 22.13 toks/s]   
[36m(WorkerDict pid=2846344)[0m Processed prompts:  19%|█▉        | 6/32 [03:08<06:11, 14.31s/it, est. speed input: 1.47 toks/s, output: 64.40 toks/s]
[36m(WorkerDict pid=2846339)[0m Processed prompts:   6%|▋         | 2/32 [03:10<40:44, 81.48s/it, est. speed input: 0.37 toks/s, output: 21.67 toks/s]   
[36m(WorkerDict pid=2846338)[0m Processed prompts:   9%|▉         | 3/32 [03:10<21:45, 45.01s/it, est. speed input: 0.98 toks/s, output: 32.88 toks/s]
[36m(WorkerDict pid=2846344)[0m Processed prompts:  22%|██▏       | 7/32 [03:16<05:16, 12.65s/it, est. speed input: 1.64 toks/s, output: 73.15 toks/s]
[36m(WorkerDict pid=2846343)[0m Processed prompts:   9%|▉         | 3/32 [03:17<25:01, 51.79s/it, est. speed input: 0.52 toks/s, output: 29.97 toks/s]
[36m(WorkerDict pid=2846344)[0m Processed prompts:  25%|██▌       | 8/32 [03:18<03:48,  9.53s/it, est. speed input: 1.86 toks/s, output: 84.05 toks/s]
[36m(WorkerDict pid=2846338)[0m Processed prompts:  12%|█▎        | 4/32 [03:20<14:41, 31.48s/it, est. speed input: 1.23 toks/s, output: 42.67 toks/s]
[36m(WorkerDict pid=2846343)[0m Processed prompts:  12%|█▎        | 4/32 [03:23<15:41, 33.63s/it, est. speed input: 0.67 toks/s, output: 40.61 toks/s]
[36m(WorkerDict pid=2846344)[0m Processed prompts:  28%|██▊       | 9/32 [03:23<03:12,  8.37s/it, est. speed input: 2.03 toks/s, output: 93.30 toks/s]
[36m(WorkerDict pid=2846340)[0m Processed prompts:  44%|████▍     | 14/32 [03:23<04:36, 15.34s/it, est. speed input: 2.75 toks/s, output: 104.26 toks/s]
[36m(WorkerDict pid=2846344)[0m Processed prompts:  31%|███▏      | 10/32 [03:24<02:13,  6.06s/it, est. speed input: 2.25 toks/s, output: 104.61 toks/s]
[36m(WorkerDict pid=2846338)[0m Processed prompts:  16%|█▌        | 5/32 [03:25<09:50, 21.88s/it, est. speed input: 1.43 toks/s, output: 53.23 toks/s]
[36m(WorkerDict pid=2846341)[0m Processed prompts:  50%|█████     | 16/32 [03:28<02:23,  8.95s/it, est. speed input: 4.07 toks/s, output: 142.88 toks/s]
[36m(WorkerDict pid=2846343)[0m Processed prompts:  16%|█▌        | 5/32 [03:29<10:36, 23.56s/it, est. speed input: 1.01 toks/s, output: 51.03 toks/s]
[36m(WorkerDict pid=2846344)[0m Processed prompts:  34%|███▍      | 11/32 [03:29<02:03,  5.90s/it, est. speed input: 2.41 toks/s, output: 113.39 toks/s]
[36m(WorkerDict pid=2846339)[0m Processed prompts:   9%|▉         | 3/32 [03:29<25:40, 53.11s/it, est. speed input: 0.44 toks/s, output: 31.22 toks/s]
[36m(WorkerDict pid=2846339)[0m Processed prompts:  12%|█▎        | 4/32 [03:29<15:03, 32.26s/it, est. speed input: 0.55 toks/s, output: 42.72 toks/s]
[36m(WorkerDict pid=2846351)[0m Processed prompts:   3%|▎         | 1/32 [03:30<1:48:53, 210.76s/it, est. speed input: 0.38 toks/s, output: 11.55 toks/s]
[36m(WorkerDict pid=2846351)[0m Processed prompts:   6%|▋         | 2/32 [03:31<43:33, 87.12s/it, est. speed input: 0.76 toks/s, output: 23.08 toks/s]   
[36m(WorkerDict pid=2846339)[0m Processed prompts:  16%|█▌        | 5/32 [03:31<09:33, 21.23s/it, est. speed input: 0.66 toks/s, output: 53.94 toks/s]
[36m(WorkerDict pid=2846338)[0m Processed prompts:  19%|█▉        | 6/32 [03:33<07:26, 17.19s/it, est. speed input: 1.59 toks/s, output: 62.83 toks/s]
[36m(WorkerDict pid=2846343)[0m Processed prompts:  19%|█▉        | 6/32 [03:34<07:34, 17.50s/it, est. speed input: 1.14 toks/s, output: 61.22 toks/s]
[36m(WorkerDict pid=2846349)[0m Processed prompts:   3%|▎         | 1/32 [03:35<1:51:07, 215.10s/it, est. speed input: 0.35 toks/s, output: 11.59 toks/s]
[36m(WorkerDict pid=2846339)[0m Processed prompts:  19%|█▉        | 6/32 [03:35<06:42, 15.49s/it, est. speed input: 0.75 toks/s, output: 64.43 toks/s]
[36m(WorkerDict pid=2846343)[0m Processed prompts:  22%|██▏       | 7/32 [03:37<05:12, 12.50s/it, est. speed input: 1.48 toks/s, output: 72.15 toks/s]
[36m(WorkerDict pid=2846339)[0m Processed prompts:  22%|██▏       | 7/32 [03:39<04:49, 11.59s/it, est. speed input: 0.84 toks/s, output: 74.97 toks/s]
[36m(WorkerDict pid=2846344)[0m Processed prompts:  38%|███▊      | 12/32 [03:43<02:46,  8.30s/it, est. speed input: 2.47 toks/s, output: 117.88 toks/s]
[36m(WorkerDict pid=2846338)[0m Processed prompts:  22%|██▏       | 7/32 [03:45<06:21, 15.26s/it, est. speed input: 1.79 toks/s, output: 71.34 toks/s]
[36m(WorkerDict pid=2846338)[0m Processed prompts:  25%|██▌       | 8/32 [03:47<04:27, 11.13s/it, est. speed input: 2.04 toks/s, output: 82.29 toks/s]
[36m(WorkerDict pid=2846338)[0m Processed prompts:  28%|██▊       | 9/32 [03:47<02:57,  7.70s/it, est. speed input: 2.31 toks/s, output: 93.91 toks/s]
[36m(WorkerDict pid=2846338)[0m Processed prompts:  31%|███▏      | 10/32 [03:48<02:05,  5.70s/it, est. speed input: 2.57 toks/s, output: 105.07 toks/s]
[36m(WorkerDict pid=2846338)[0m Processed prompts:  34%|███▍      | 11/32 [03:49<01:25,  4.06s/it, est. speed input: 2.84 toks/s, output: 116.59 toks/s]
[36m(WorkerDict pid=2846343)[0m Processed prompts:  25%|██▌       | 8/32 [03:50<05:05, 12.71s/it, est. speed input: 1.55 toks/s, output: 79.65 toks/s]
[36m(WorkerDict pid=2846343)[0m Processed prompts:  28%|██▊       | 9/32 [03:50<03:23,  8.84s/it, est. speed input: 1.87 toks/s, output: 91.16 toks/s]
[36m(WorkerDict pid=2846343)[0m Processed prompts:  31%|███▏      | 10/32 [03:51<02:17,  6.27s/it, est. speed input: 2.02 toks/s, output: 102.58 toks/s]
[36m(WorkerDict pid=2846343)[0m Processed prompts:  34%|███▍      | 11/32 [03:51<01:34,  4.48s/it, est. speed input: 2.16 toks/s, output: 114.01 toks/s]
[36m(WorkerDict pid=2846343)[0m Processed prompts:  38%|███▊      | 12/32 [03:52<01:06,  3.33s/it, est. speed input: 2.30 toks/s, output: 125.30 toks/s]
[36m(WorkerDict pid=2846338)[0m Processed prompts:  38%|███▊      | 12/32 [03:53<01:25,  4.28s/it, est. speed input: 2.98 toks/s, output: 125.89 toks/s]
[36m(WorkerDict pid=2846344)[0m Processed prompts:  41%|████      | 13/32 [03:56<03:02,  9.62s/it, est. speed input: 2.53 toks/s, output: 123.19 toks/s]
[36m(WorkerDict pid=2846351)[0m Processed prompts:   9%|▉         | 3/32 [03:56<28:29, 58.95s/it, est. speed input: 1.01 toks/s, output: 32.26 toks/s]
[36m(WorkerDict pid=2846339)[0m Processed prompts:  25%|██▌       | 8/32 [03:56<05:22, 13.45s/it, est. speed input: 0.88 toks/s, output: 81.11 toks/s]
[36m(WorkerDict pid=2846343)[0m Processed prompts:  41%|████      | 13/32 [03:57<01:14,  3.94s/it, est. speed input: 2.57 toks/s, output: 134.12 toks/s]
[36m(WorkerDict pid=2846338)[0m Processed prompts:  41%|████      | 13/32 [03:56<01:14,  3.90s/it, est. speed input: 3.20 toks/s, output: 135.99 toks/s]
[36m(WorkerDict pid=2846343)[0m Processed prompts:  44%|████▍     | 14/32 [03:58<00:53,  3.00s/it, est. speed input: 2.70 toks/s, output: 145.31 toks/s]
[36m(WorkerDict pid=2846339)[0m Processed prompts:  28%|██▊       | 9/32 [03:58<03:46,  9.84s/it, est. speed input: 1.07 toks/s, output: 92.13 toks/s]
[36m(WorkerDict pid=2846351)[0m Processed prompts:  12%|█▎        | 4/32 [03:59<17:09, 36.78s/it, est. speed input: 1.34 toks/s, output: 43.54 toks/s]
[36m(WorkerDict pid=2846338)[0m Processed prompts:  44%|████▍     | 14/32 [03:58<01:00,  3.34s/it, est. speed input: 3.43 toks/s, output: 146.53 toks/s]
[36m(WorkerDict pid=2846344)[0m Processed prompts:  44%|████▍     | 14/32 [04:05<02:49,  9.43s/it, est. speed input: 2.63 toks/s, output: 130.35 toks/s]
[36m(WorkerDict pid=2846339)[0m Processed prompts:  31%|███▏      | 10/32 [04:05<03:16,  8.94s/it, est. speed input: 1.23 toks/s, output: 101.22 toks/s]
[36m(WorkerDict pid=2846340)[0m Processed prompts:  47%|████▋     | 15/32 [04:06<06:42, 23.66s/it, est. speed input: 2.43 toks/s, output: 97.79 toks/s] 
[36m(WorkerDict pid=2846338)[0m Processed prompts:  47%|████▋     | 15/32 [04:07<01:24,  4.98s/it, est. speed input: 3.50 toks/s, output: 153.05 toks/s]
[36m(WorkerDict pid=2846344)[0m Processed prompts:  47%|████▋     | 15/32 [04:09<02:11,  7.75s/it, est. speed input: 2.82 toks/s, output: 140.04 toks/s]
[36m(WorkerDict pid=2846343)[0m Processed prompts:  47%|████▋     | 15/32 [04:09<01:33,  5.48s/it, est. speed input: 2.88 toks/s, output: 150.45 toks/s]
[36m(WorkerDict pid=2846343)[0m Processed prompts:  50%|█████     | 16/32 [04:10<01:05,  4.10s/it, est. speed input: 3.18 toks/s, output: 161.59 toks/s]
[36m(WorkerDict pid=2846338)[0m Processed prompts:  50%|█████     | 16/32 [04:11<01:12,  4.55s/it, est. speed input: 3.69 toks/s, output: 162.62 toks/s]
[36m(WorkerDict pid=2846339)[0m Processed prompts:  34%|███▍      | 11/32 [04:12<02:51,  8.18s/it, est. speed input: 1.38 toks/s, output: 110.32 toks/s]
[36m(WorkerDict pid=2846339)[0m Processed prompts:  38%|███▊      | 12/32 [04:13<01:59,  5.96s/it, est. speed input: 1.47 toks/s, output: 121.63 toks/s]
[36m(WorkerDict pid=2846344)[0m Processed prompts:  50%|█████     | 16/32 [04:13<01:48,  6.77s/it, est. speed input: 3.00 toks/s, output: 149.27 toks/s]
[36m(WorkerDict pid=2846338)[0m Processed prompts:  53%|█████▎    | 17/32 [04:12<00:54,  3.63s/it, est. speed input: 3.92 toks/s, output: 173.40 toks/s]
[36m(WorkerDict pid=2846340)[0m Processed prompts:  50%|█████     | 16/32 [04:13<04:57, 18.61s/it, est. speed input: 2.52 toks/s, output: 106.84 toks/s]
[36m(WorkerDict pid=2846343)[0m Processed prompts:  53%|█████▎    | 17/32 [04:14<01:01,  4.07s/it, est. speed input: 3.26 toks/s, output: 170.73 toks/s]
[36m(WorkerDict pid=2846339)[0m Processed prompts:  41%|████      | 13/32 [04:14<01:29,  4.72s/it, est. speed input: 1.55 toks/s, output: 132.44 toks/s]
[36m(WorkerDict pid=2846344)[0m Processed prompts:  53%|█████▎    | 17/32 [04:15<01:19,  5.27s/it, est. speed input: 3.16 toks/s, output: 159.95 toks/s]
[36m(WorkerDict pid=2846344)[0m Processed prompts:  56%|█████▋    | 18/32 [04:17<00:59,  4.27s/it, est. speed input: 3.37 toks/s, output: 170.44 toks/s]
[36m(WorkerDict pid=2846344)[0m Processed prompts:  59%|█████▉    | 19/32 [04:17<00:39,  3.06s/it, est. speed input: 3.55 toks/s, output: 181.98 toks/s]
[36m(WorkerDict pid=2846343)[0m Processed prompts:  56%|█████▋    | 18/32 [04:22<01:14,  5.33s/it, est. speed input: 3.29 toks/s, output: 177.07 toks/s]
[36m(WorkerDict pid=2846338)[0m Processed prompts:  56%|█████▋    | 18/32 [04:21<01:13,  5.27s/it, est. speed input: 3.96 toks/s, output: 179.12 toks/s]
[36m(WorkerDict pid=2846343)[0m Processed prompts:  59%|█████▉    | 19/32 [04:23<00:52,  4.07s/it, est. speed input: 3.40 toks/s, output: 188.01 toks/s]
[36m(WorkerDict pid=2846338)[0m Processed prompts:  59%|█████▉    | 19/32 [04:25<01:02,  4.80s/it, est. speed input: 4.07 toks/s, output: 188.39 toks/s]
[36m(WorkerDict pid=2846338)[0m Processed prompts:  62%|██████▎   | 20/32 [04:26<00:42,  3.53s/it, est. speed input: 4.30 toks/s, output: 199.74 toks/s]
[36m(WorkerDict pid=2846343)[0m Processed prompts:  62%|██████▎   | 20/32 [04:27<00:46,  3.92s/it, est. speed input: 3.64 toks/s, output: 197.22 toks/s]
[36m(WorkerDict pid=2846351)[0m Processed prompts:  16%|█▌        | 5/32 [04:29<15:22, 34.16s/it, est. speed input: 1.49 toks/s, output: 50.49 toks/s]
[36m(WorkerDict pid=2846339)[0m Processed prompts:  44%|████▍     | 14/32 [04:29<02:18,  7.68s/it, est. speed input: 1.55 toks/s, output: 137.04 toks/s]
[36m(WorkerDict pid=2846338)[0m Processed prompts:  66%|██████▌   | 21/32 [04:28<00:36,  3.31s/it, est. speed input: 4.43 toks/s, output: 209.43 toks/s]
[36m(WorkerDict pid=2846339)[0m Processed prompts:  47%|████▋     | 15/32 [04:32<01:45,  6.22s/it, est. speed input: 1.62 toks/s, output: 147.34 toks/s]
[36m(WorkerDict pid=2846338)[0m Processed prompts:  69%|██████▉   | 22/32 [04:34<00:38,  3.87s/it, est. speed input: 4.57 toks/s, output: 217.25 toks/s]
[36m(WorkerDict pid=2846338)[0m Processed prompts:  72%|███████▏  | 23/32 [04:35<00:27,  3.01s/it, est. speed input: 4.72 toks/s, output: 228.23 toks/s]
[36m(WorkerDict pid=2846339)[0m Processed prompts:  50%|█████     | 16/32 [04:37<01:33,  5.87s/it, est. speed input: 1.67 toks/s, output: 156.40 toks/s]
[36m(WorkerDict pid=2846339)[0m Processed prompts:  53%|█████▎    | 17/32 [04:40<01:16,  5.11s/it, est. speed input: 1.74 toks/s, output: 166.30 toks/s]
[36m(WorkerDict pid=2846351)[0m Processed prompts:  19%|█▉        | 6/32 [04:40<11:30, 26.58s/it, est. speed input: 1.71 toks/s, output: 60.11 toks/s]
[36m(WorkerDict pid=2846338)[0m Processed prompts:  75%|███████▌  | 24/32 [04:40<00:30,  3.82s/it, est. speed input: 4.79 toks/s, output: 235.37 toks/s]
[36m(WorkerDict pid=2846338)[0m Processed prompts:  78%|███████▊  | 25/32 [04:41<00:20,  2.90s/it, est. speed input: 4.94 toks/s, output: 246.52 toks/s]
[36m(WorkerDict pid=2846351)[0m Processed prompts:  22%|██▏       | 7/32 [04:43<07:48, 18.73s/it, est. speed input: 1.98 toks/s, output: 71.32 toks/s]
[36m(WorkerDict pid=2846348)[0m Processed prompts:   3%|▎         | 1/32 [04:44<2:27:13, 284.95s/it, est. speed input: 0.20 toks/s, output: 11.75 toks/s]
[36m(WorkerDict pid=2846349)[0m Processed prompts:   6%|▋         | 2/32 [04:45<1:04:53, 129.78s/it, est. speed input: 0.53 toks/s, output: 20.51 toks/s]
[36m(WorkerDict pid=2846338)[0m Processed prompts:  81%|████████▏ | 26/32 [04:44<00:17,  2.98s/it, est. speed input: 5.04 toks/s, output: 255.56 toks/s]
[36m(WorkerDict pid=2846342)[0m Processed prompts:  53%|█████▎    | 17/32 [04:46<09:13, 36.89s/it, est. speed input: 3.39 toks/s, output: 96.04 toks/s] 
[36m(WorkerDict pid=2846340)[0m Processed prompts:  53%|█████▎    | 17/32 [04:47<05:49, 23.30s/it, est. speed input: 2.34 toks/s, output: 105.91 toks/s]
[36m(WorkerDict pid=2846348)[0m Processed prompts:   6%|▋         | 2/32 [04:48<59:46, 119.55s/it, est. speed input: 0.39 toks/s, output: 23.35 toks/s]  
[36m(WorkerDict pid=2846343)[0m Processed prompts:  66%|██████▌   | 21/32 [04:51<01:48,  9.88s/it, est. speed input: 3.60 toks/s, output: 192.89 toks/s]
[36m(WorkerDict pid=2846339)[0m Processed prompts:  56%|█████▋    | 18/32 [04:51<01:35,  6.82s/it, est. speed input: 1.75 toks/s, output: 171.91 toks/s]
[36m(WorkerDict pid=2846344)[0m Processed prompts:  62%|██████▎   | 20/32 [04:53<02:35, 12.98s/it, est. speed input: 3.31 toks/s, output: 171.36 toks/s]
[36m(WorkerDict pid=2846339)[0m Processed prompts:  59%|█████▉    | 19/32 [04:53<01:10,  5.43s/it, est. speed input: 1.90 toks/s, output: 182.42 toks/s]
[36m(WorkerDict pid=2846339)[0m Processed prompts:  62%|██████▎   | 20/32 [04:56<00:54,  4.55s/it, est. speed input: 2.04 toks/s, output: 192.68 toks/s]
[36m(WorkerDict pid=2846344)[0m Processed prompts:  66%|██████▌   | 21/32 [04:58<01:54, 10.45s/it, est. speed input: 3.46 toks/s, output: 180.54 toks/s]
[36m(WorkerDict pid=2846351)[0m Processed prompts:  25%|██▌       | 8/32 [05:03<07:36, 19.02s/it, est. speed input: 2.11 toks/s, output: 78.51 toks/s]
[36m(WorkerDict pid=2846339)[0m Processed prompts:  66%|██████▌   | 21/32 [05:03<01:00,  5.48s/it, est. speed input: 2.06 toks/s, output: 199.64 toks/s]
[36m(WorkerDict pid=2846351)[0m Processed prompts:  28%|██▊       | 9/32 [05:04<05:08, 13.40s/it, est. speed input: 2.37 toks/s, output: 90.05 toks/s]
[36m(WorkerDict pid=2846349)[0m Processed prompts:   9%|▉         | 3/32 [05:04<38:24, 79.48s/it, est. speed input: 0.74 toks/s, output: 31.02 toks/s]   
[36m(WorkerDict pid=2846339)[0m Processed prompts:  69%|██████▉   | 22/32 [05:06<00:45,  4.60s/it, est. speed input: 2.20 toks/s, output: 209.81 toks/s]
[36m(WorkerDict pid=2846344)[0m Processed prompts:  69%|██████▉   | 22/32 [05:07<01:39,  9.98s/it, est. speed input: 3.55 toks/s, output: 187.14 toks/s]
[36m(WorkerDict pid=2846343)[0m Processed prompts:  69%|██████▉   | 22/32 [05:08<02:01, 12.12s/it, est. speed input: 3.51 toks/s, output: 193.86 toks/s]
[36m(WorkerDict pid=2846344)[0m Processed prompts:  72%|███████▏  | 23/32 [05:08<01:06,  7.44s/it, est. speed input: 3.72 toks/s, output: 198.07 toks/s]
[36m(WorkerDict pid=2846340)[0m Processed prompts:  56%|█████▋    | 18/32 [05:08<05:15, 22.57s/it, est. speed input: 2.29 toks/s, output: 110.59 toks/s]
[36m(WorkerDict pid=2846341)[0m Processed prompts:  53%|█████▎    | 17/32 [05:10<08:16, 33.11s/it, est. speed input: 2.94 toks/s, output: 107.90 toks/s]
[36m(WorkerDict pid=2846343)[0m Processed prompts:  72%|███████▏  | 23/32 [05:11<01:23,  9.30s/it, est. speed input: 3.73 toks/s, output: 203.99 toks/s]
[36m(WorkerDict pid=2846338)[0m Processed prompts:  84%|████████▍ | 27/32 [05:14<00:55, 11.16s/it, est. speed input: 4.71 toks/s, output: 242.91 toks/s]
[36m(WorkerDict pid=2846344)[0m Processed prompts:  75%|███████▌  | 24/32 [05:18<01:04,  8.04s/it, est. speed input: 3.80 toks/s, output: 204.04 toks/s]
[36m(WorkerDict pid=2846340)[0m Processed prompts:  59%|█████▉    | 19/32 [05:17<04:01, 18.55s/it, est. speed input: 2.33 toks/s, output: 119.25 toks/s]
[36m(WorkerDict pid=2846339)[0m Processed prompts:  72%|███████▏  | 23/32 [05:18<01:00,  6.75s/it, est. speed input: 2.19 toks/s, output: 213.90 toks/s]
[36m(WorkerDict pid=2846342)[0m Processed prompts:  56%|█████▋    | 18/32 [05:21<08:27, 36.26s/it, est. speed input: 3.31 toks/s, output: 97.47 toks/s]
[36m(WorkerDict pid=2846339)[0m Processed prompts:  75%|███████▌  | 24/32 [05:21<00:45,  5.72s/it, est. speed input: 2.31 toks/s, output: 223.56 toks/s]
[36m(WorkerDict pid=2846341)[0m Processed prompts:  56%|█████▋    | 18/32 [05:22<06:25, 27.56s/it, est. speed input: 3.03 toks/s, output: 115.53 toks/s]
[36m(WorkerDict pid=2846343)[0m Processed prompts:  75%|███████▌  | 24/32 [05:25<01:24, 10.62s/it, est. speed input: 3.67 toks/s, output: 207.25 toks/s]
[36m(WorkerDict pid=2846338)[0m Processed prompts:  88%|████████▊ | 28/32 [05:24<00:42, 10.53s/it, est. speed input: 4.72 toks/s, output: 248.02 toks/s]
[36m(WorkerDict pid=2846341)[0m Processed prompts:  59%|█████▉    | 19/32 [05:25<04:28, 20.65s/it, est. speed input: 3.20 toks/s, output: 126.39 toks/s]
[36m(WorkerDict pid=2846341)[0m Processed prompts:  62%|██████▎   | 20/32 [05:26<03:01, 15.16s/it, est. speed input: 3.39 toks/s, output: 137.72 toks/s]
[36m(WorkerDict pid=2846339)[0m Processed prompts:  78%|███████▊  | 25/32 [05:27<00:39,  5.70s/it, est. speed input: 2.42 toks/s, output: 231.58 toks/s]
[36m(WorkerDict pid=2846338)[0m Processed prompts:  91%|█████████ | 29/32 [05:26<00:24,  8.10s/it, est. speed input: 4.82 toks/s, output: 258.08 toks/s]
[36m(WorkerDict pid=2846339)[0m Processed prompts:  81%|████████▏ | 26/32 [05:28<00:25,  4.30s/it, est. speed input: 2.55 toks/s, output: 242.75 toks/s]
[36m(WorkerDict pid=2846348)[0m Processed prompts:   9%|▉         | 3/32 [05:28<40:14, 83.25s/it, est. speed input: 0.51 toks/s, output: 32.39 toks/s] 
[36m(WorkerDict pid=2846339)[0m Processed prompts:  84%|████████▍ | 27/32 [05:29<00:17,  3.42s/it, est. speed input: 2.69 toks/s, output: 253.62 toks/s]
[36m(WorkerDict pid=2846342)[0m Processed prompts:  59%|█████▉    | 19/32 [05:31<06:10, 28.52s/it, est. speed input: 3.48 toks/s, output: 106.27 toks/s]
[36m(WorkerDict pid=2846342)[0m Processed prompts:  62%|██████▎   | 20/32 [05:31<04:00, 20.01s/it, est. speed input: 3.76 toks/s, output: 118.09 toks/s]
[36m(WorkerDict pid=2846343)[0m Processed prompts:  78%|███████▊  | 25/32 [05:31<01:05,  9.40s/it, est. speed input: 3.83 toks/s, output: 215.04 toks/s]
[36m(WorkerDict pid=2846338)[0m Processed prompts:  94%|█████████▍| 30/32 [05:31<00:14,  7.14s/it, est. speed input: 4.94 toks/s, output: 266.19 toks/s]
[36m(WorkerDict pid=2846343)[0m Processed prompts:  81%|████████▏ | 26/32 [05:35<00:47,  7.86s/it, est. speed input: 4.01 toks/s, output: 224.20 toks/s]
[36m(WorkerDict pid=2846339)[0m Processed prompts:  88%|████████▊ | 28/32 [05:36<00:17,  4.42s/it, est. speed input: 2.77 toks/s, output: 260.43 toks/s]
[36m(WorkerDict pid=2846343)[0m Processed prompts:  84%|████████▍ | 27/32 [05:36<00:28,  5.80s/it, est. speed input: 4.22 toks/s, output: 235.44 toks/s]
[36m(WorkerDict pid=2846343)[0m Processed prompts:  88%|████████▊ | 28/32 [05:40<00:20,  5.08s/it, est. speed input: 4.28 toks/s, output: 244.97 toks/s]
[36m(WorkerDict pid=2846349)[0m Processed prompts:  12%|█▎        | 4/32 [05:39<28:54, 61.94s/it, est. speed input: 0.88 toks/s, output: 39.73 toks/s]
[36m(WorkerDict pid=2846344)[0m Processed prompts:  78%|███████▊  | 25/32 [05:40<01:26, 12.37s/it, est. speed input: 3.72 toks/s, output: 202.47 toks/s]
[36m(WorkerDict pid=2846344)[0m Processed prompts:  81%|████████▏ | 26/32 [05:41<00:53,  8.84s/it, est. speed input: 3.89 toks/s, output: 214.04 toks/s]
[36m(WorkerDict pid=2846340)[0m Processed prompts:  62%|██████▎   | 20/32 [05:41<03:59, 19.96s/it, est. speed input: 2.27 toks/s, output: 123.05 toks/s]
[36m(WorkerDict pid=2846341)[0m Processed prompts:  66%|██████▌   | 21/32 [05:42<02:48, 15.28s/it, est. speed input: 3.42 toks/s, output: 143.37 toks/s]
[36m(WorkerDict pid=2846341)[0m Processed prompts:  69%|██████▉   | 22/32 [05:43<01:51, 11.18s/it, est. speed input: 3.60 toks/s, output: 154.75 toks/s]
[36m(WorkerDict pid=2846351)[0m Processed prompts:  31%|███▏      | 10/32 [05:44<07:56, 21.65s/it, est. speed input: 2.32 toks/s, output: 91.48 toks/s]
[36m(WorkerDict pid=2846341)[0m Processed prompts:  72%|███████▏  | 23/32 [05:44<01:14,  8.23s/it, est. speed input: 3.78 toks/s, output: 166.14 toks/s]
[36m(WorkerDict pid=2846341)[0m Processed prompts:  75%|███████▌  | 24/32 [05:47<00:51,  6.48s/it, est. speed input: 3.94 toks/s, output: 176.94 toks/s]
[36m(WorkerDict pid=2846348)[0m Processed prompts:  12%|█▎        | 4/32 [05:47<26:57, 57.76s/it, est. speed input: 0.64 toks/s, output: 42.57 toks/s]
[36m(WorkerDict pid=2846339)[0m Processed prompts:  91%|█████████ | 29/32 [05:48<00:20,  6.70s/it, est. speed input: 2.81 toks/s, output: 263.37 toks/s]
[36m(WorkerDict pid=2846344)[0m Processed prompts:  84%|████████▍ | 27/32 [05:50<00:45,  9.00s/it, est. speed input: 3.95 toks/s, output: 220.23 toks/s]
[36m(WorkerDict pid=2846351)[0m Processed prompts:  34%|███▍      | 11/32 [05:51<06:00, 17.18s/it, est. speed input: 2.50 toks/s, output: 101.57 toks/s]
[36m(WorkerDict pid=2846345)[0m Processed prompts:  53%|█████▎    | 17/32 [05:53<17:14, 68.97s/it, est. speed input: 3.41 toks/s, output: 62.65 toks/s] 
[36m(WorkerDict pid=2846343)[0m Processed prompts:  91%|█████████ | 29/32 [05:55<00:24,  8.12s/it, est. speed input: 4.31 toks/s, output: 246.42 toks/s]
[36m(WorkerDict pid=2846342)[0m Processed prompts:  66%|██████▌   | 21/32 [05:57<03:57, 21.56s/it, est. speed input: 3.75 toks/s, output: 121.69 toks/s]
[36m(WorkerDict pid=2846344)[0m Processed prompts:  88%|████████▊ | 28/32 [05:56<00:32,  8.20s/it, est. speed input: 4.05 toks/s, output: 228.26 toks/s]
[36m(WorkerDict pid=2846347)[0m Processed prompts:   3%|▎         | 1/32 [05:56<3:04:26, 356.99s/it, est. speed input: 0.29 toks/s, output: 11.94 toks/s]
[36m(WorkerDict pid=2846342)[0m Processed prompts:  69%|██████▉   | 22/32 [05:57<02:32, 15.24s/it, est. speed input: 4.00 toks/s, output: 133.44 toks/s]
[36m(WorkerDict pid=2846343)[0m Processed prompts:  94%|█████████▍| 30/32 [05:57<00:12,  6.42s/it, est. speed input: 4.49 toks/s, output: 256.66 toks/s]
[36m(WorkerDict pid=2846349)[0m Processed prompts:  16%|█▌        | 5/32 [05:57<20:45, 46.12s/it, est. speed input: 1.05 toks/s, output: 49.68 toks/s]
[36m(WorkerDict pid=2846349)[0m Processed prompts:  19%|█▉        | 6/32 [05:59<13:28, 31.09s/it, est. speed input: 1.25 toks/s, output: 61.37 toks/s]
[36m(WorkerDict pid=2846340)[0m Processed prompts:  66%|██████▌   | 21/32 [06:00<03:36, 19.69s/it, est. speed input: 2.25 toks/s, output: 128.49 toks/s]
[36m(WorkerDict pid=2846340)[0m Processed prompts:  69%|██████▉   | 22/32 [06:04<02:31, 15.15s/it, est. speed input: 2.31 toks/s, output: 138.79 toks/s]
[36m(WorkerDict pid=2846343)[0m Processed prompts:  97%|█████████▋| 31/32 [06:05<00:06,  6.74s/it, est. speed input: 4.61 toks/s, output: 263.31 toks/s]
[36m(WorkerDict pid=2846343)[0m [rank2]:E0620 10:59:51.150000 2846343 site-packages/torch/_dynamo/metrics_context.py:105] [0/1] Unexpected exception logging compilation metrics
[36m(WorkerDict pid=2846343)[0m [rank2]:E0620 10:59:51.150000 2846343 site-packages/torch/_dynamo/metrics_context.py:105] [0/1] Traceback (most recent call last):
[36m(WorkerDict pid=2846343)[0m [rank2]:E0620 10:59:51.150000 2846343 site-packages/torch/_dynamo/metrics_context.py:105] [0/1]   File "/usr/local/python3.11.14/lib/python3.11/site-packages/torch/_dynamo/metrics_context.py", line 101, in __exit__
[36m(WorkerDict pid=2846343)[0m [rank2]:E0620 10:59:51.150000 2846343 site-packages/torch/_dynamo/metrics_context.py:105] [0/1]     self._on_exit(
[36m(WorkerDict pid=2846343)[0m [rank2]:E0620 10:59:51.150000 2846343 site-packages/torch/_dynamo/metrics_context.py:105] [0/1]   File "/usr/local/python3.11.14/lib/python3.11/site-packages/torch/_dynamo/utils.py", line 1632, in record_compilation_metrics
[36m(WorkerDict pid=2846343)[0m [rank2]:E0620 10:59:51.150000 2846343 site-packages/torch/_dynamo/metrics_context.py:105] [0/1]     "triton_version": triton.__version__ if has_triton() else "",
[36m(WorkerDict pid=2846343)[0m [rank2]:E0620 10:59:51.150000 2846343 site-packages/torch/_dynamo/metrics_context.py:105] [0/1]                                             ^^^^^^^^^^^^
[36m(WorkerDict pid=2846343)[0m [rank2]:E0620 10:59:51.150000 2846343 site-packages/torch/_dynamo/metrics_context.py:105] [0/1]   File "/usr/local/python3.11.14/lib/python3.11/site-packages/torch/utils/_triton.py", line 159, in has_triton
[36m(WorkerDict pid=2846343)[0m [rank2]:E0620 10:59:51.150000 2846343 site-packages/torch/_dynamo/metrics_context.py:105] [0/1]     return is_device_compatible_with_triton()
[36m(WorkerDict pid=2846343)[0m [rank2]:E0620 10:59:51.150000 2846343 site-packages/torch/_dynamo/metrics_context.py:105] [0/1]            ^^^^^^^^^^^^^^^^^^^^^^^^^^^^^^^^^^
[36m(WorkerDict pid=2846343)[0m [rank2]:E0620 10:59:51.150000 2846343 site-packages/torch/_dynamo/metrics_context.py:105] [0/1]   File "/usr/local/python3.11.14/lib/python3.11/site-packages/torch/utils/_triton.py", line 155, in is_device_compatible_with_triton
[36m(WorkerDict pid=2846343)[0m [rank2]:E0620 10:59:51.150000 2846343 site-packages/torch/_dynamo/metrics_context.py:105] [0/1]     if device_interface.is_available() and extra_check(device_interface):
[36m(WorkerDict pid=2846343)[0m [rank2]:E0620 10:59:51.150000 2846343 site-packages/torch/_dynamo/metrics_context.py:105] [0/1]                                            ^^^^^^^^^^^^^^^^^^^^^^^^^^^^^
[36m(WorkerDict pid=2846343)[0m [rank2]:E0620 10:59:51.150000 2846343 site-packages/torch/_dynamo/metrics_context.py:105] [0/1]   File "/usr/local/python3.11.14/lib/python3.11/site-packages/torch/utils/_triton.py", line 135, in cuda_extra_check
[36m(WorkerDict pid=2846343)[0m [rank2]:E0620 10:59:51.150000 2846343 site-packages/torch/_dynamo/metrics_context.py:105] [0/1]     return device_interface.Worker.get_device_properties().major >= 7
[36m(WorkerDict pid=2846343)[0m [rank2]:E0620 10:59:51.150000 2846343 site-packages/torch/_dynamo/metrics_context.py:105] [0/1]            ^^^^^^^^^^^^^^^^^^^^^^^^^^^^^^^^^^^^^^^^^^^^^^^^^^^^^^^^^^
[36m(WorkerDict pid=2846343)[0m [rank2]:E0620 10:59:51.150000 2846343 site-packages/torch/_dynamo/metrics_context.py:105] [0/1] TypeError: '>=' not supported between instances of 'NoneType' and 'int'
[36m(WorkerDict pid=2846340)[0m Processed prompts:  72%|███████▏  | 23/32 [06:05<01:38, 10.94s/it, est. speed input: 2.40 toks/s, output: 150.28 toks/s]
[36m(WorkerDict pid=2846338)[0m Processed prompts:  97%|█████████▋| 31/32 [06:08<00:16, 16.16s/it, est. speed input: 4.56 toks/s, output: 251.26 toks/s]
[36m(WorkerDict pid=2846338)[0m [rank0]:E0620 10:59:55.321000 2846338 site-packages/torch/_dynamo/metrics_context.py:105] [0/1] Unexpected exception logging compilation metrics
[36m(WorkerDict pid=2846338)[0m [rank0]:E0620 10:59:55.321000 2846338 site-packages/torch/_dynamo/metrics_context.py:105] [0/1] Traceback (most recent call last):
[36m(WorkerDict pid=2846338)[0m [rank0]:E0620 10:59:55.321000 2846338 site-packages/torch/_dynamo/metrics_context.py:105] [0/1]   File "/usr/local/python3.11.14/lib/python3.11/site-packages/torch/_dynamo/metrics_context.py", line 101, in __exit__
[36m(WorkerDict pid=2846338)[0m [rank0]:E0620 10:59:55.321000 2846338 site-packages/torch/_dynamo/metrics_context.py:105] [0/1]     self._on_exit(
[36m(WorkerDict pid=2846338)[0m [rank0]:E0620 10:59:55.321000 2846338 site-packages/torch/_dynamo/metrics_context.py:105] [0/1]   File "/usr/local/python3.11.14/lib/python3.11/site-packages/torch/_dynamo/utils.py", line 1632, in record_compilation_metrics
[36m(WorkerDict pid=2846338)[0m [rank0]:E0620 10:59:55.321000 2846338 site-packages/torch/_dynamo/metrics_context.py:105] [0/1]     "triton_version": triton.__version__ if has_triton() else "",
[36m(WorkerDict pid=2846338)[0m [rank0]:E0620 10:59:55.321000 2846338 site-packages/torch/_dynamo/metrics_context.py:105] [0/1]                                             ^^^^^^^^^^^^
[36m(WorkerDict pid=2846338)[0m [rank0]:E0620 10:59:55.321000 2846338 site-packages/torch/_dynamo/metrics_context.py:105] [0/1]   File "/usr/local/python3.11.14/lib/python3.11/site-packages/torch/utils/_triton.py", line 159, in has_triton
[36m(WorkerDict pid=2846338)[0m [rank0]:E0620 10:59:55.321000 2846338 site-packages/torch/_dynamo/metrics_context.py:105] [0/1]     return is_device_compatible_with_triton()
[36m(WorkerDict pid=2846338)[0m [rank0]:E0620 10:59:55.321000 2846338 site-packages/torch/_dynamo/metrics_context.py:105] [0/1]            ^^^^^^^^^^^^^^^^^^^^^^^^^^^^^^^^^^
[36m(WorkerDict pid=2846338)[0m [rank0]:E0620 10:59:55.321000 2846338 site-packages/torch/_dynamo/metrics_context.py:105] [0/1]   File "/usr/local/python3.11.14/lib/python3.11/site-packages/torch/utils/_triton.py", line 155, in is_device_compatible_with_triton
[36m(WorkerDict pid=2846338)[0m [rank0]:E0620 10:59:55.321000 2846338 site-packages/torch/_dynamo/metrics_context.py:105] [0/1]     if device_interface.is_available() and extra_check(device_interface):
[36m(WorkerDict pid=2846338)[0m [rank0]:E0620 10:59:55.321000 2846338 site-packages/torch/_dynamo/metrics_context.py:105] [0/1]                                            ^^^^^^^^^^^^^^^^^^^^^^^^^^^^^
[36m(WorkerDict pid=2846338)[0m [rank0]:E0620 10:59:55.321000 2846338 site-packages/torch/_dynamo/metrics_context.py:105] [0/1]   File "/usr/local/python3.11.14/lib/python3.11/site-packages/torch/utils/_triton.py", line 135, in cuda_extra_check
[36m(WorkerDict pid=2846338)[0m [rank0]:E0620 10:59:55.321000 2846338 site-packages/torch/_dynamo/metrics_context.py:105] [0/1]     return device_interface.Worker.get_device_properties().major >= 7
[36m(WorkerDict pid=2846338)[0m [rank0]:E0620 10:59:55.321000 2846338 site-packages/torch/_dynamo/metrics_context.py:105] [0/1]            ^^^^^^^^^^^^^^^^^^^^^^^^^^^^^^^^^^^^^^^^^^^^^^^^^^^^^^^^^^
[36m(WorkerDict pid=2846338)[0m [rank0]:E0620 10:59:55.321000 2846338 site-packages/torch/_dynamo/metrics_context.py:105] [0/1] TypeError: '>=' not supported between instances of 'NoneType' and 'int'
[36m(WorkerDict pid=2846351)[0m Processed prompts:  38%|███▊      | 12/32 [06:09<05:51, 17.58s/it, est. speed input: 2.60 toks/s, output: 108.40 toks/s]
[36m(WorkerDict pid=2846344)[0m Processed prompts:  91%|█████████ | 29/32 [06:10<00:29,  9.71s/it, est. speed input: 4.06 toks/s, output: 232.01 toks/s]
[36m(WorkerDict pid=2846348)[0m Processed prompts:  16%|█▌        | 5/32 [06:10<20:22, 45.29s/it, est. speed input: 0.76 toks/s, output: 51.81 toks/s]
[36m(WorkerDict pid=2846346)[0m Processed prompts:   3%|▎         | 1/32 [06:09<3:11:04, 369.83s/it, est. speed input: 1.03 toks/s, output: 11.94 toks/s]
[36m(WorkerDict pid=2846351)[0m Processed prompts:  41%|████      | 13/32 [06:10<03:59, 12.59s/it, est. speed input: 2.80 toks/s, output: 119.99 toks/s]
[36m(WorkerDict pid=2846341)[0m Processed prompts:  78%|███████▊  | 25/32 [06:11<01:23, 11.88s/it, est. speed input: 3.85 toks/s, output: 177.13 toks/s]
[36m(WorkerDict pid=2846339)[0m Processed prompts:  94%|█████████▍| 30/32 [06:12<00:23, 11.91s/it, est. speed input: 2.76 toks/s, output: 258.27 toks/s]
[36m(WorkerDict pid=2846340)[0m Processed prompts:  75%|███████▌  | 24/32 [06:12<01:18,  9.80s/it, est. speed input: 2.45 toks/s, output: 159.33 toks/s]
[36m(WorkerDict pid=2846348)[0m Processed prompts:  19%|█▉        | 6/32 [06:13<13:20, 30.80s/it, est. speed input: 0.90 toks/s, output: 63.35 toks/s]
[36m(WorkerDict pid=2846340)[0m Processed prompts:  78%|███████▊  | 25/32 [06:14<00:51,  7.43s/it, est. speed input: 2.52 toks/s, output: 170.43 toks/s]
[36m(WorkerDict pid=2846341)[0m Processed prompts:  81%|████████▏ | 26/32 [06:16<00:57,  9.63s/it, est. speed input: 3.98 toks/s, output: 187.00 toks/s]
[36m(WorkerDict pid=2846344)[0m Processed prompts:  94%|█████████▍| 30/32 [06:17<00:17,  8.92s/it, est. speed input: 4.14 toks/s, output: 239.55 toks/s]
[36m(WorkerDict pid=2846347)[0m Processed prompts:   6%|▋         | 2/32 [06:18<1:19:40, 159.36s/it, est. speed input: 0.37 toks/s, output: 23.16 toks/s]
[36m(WorkerDict pid=2846342)[0m Processed prompts:  72%|███████▏  | 23/32 [06:19<02:33, 17.10s/it, est. speed input: 4.02 toks/s, output: 137.77 toks/s]
[36m(WorkerDict pid=2846338)[0m Processed prompts: 100%|██████████| 32/32 [06:18<00:00, 14.24s/it, est. speed input: 4.57 toks/s, output: 256.68 toks/s]Processed prompts: 100%|██████████| 32/32 [06:18<00:00, 14.24s/it, est. speed input: 4.57 toks/s, output: 256.68 toks/s]
[36m(WorkerDict pid=2846347)[0m Processed prompts:   9%|▉         | 3/32 [06:23<43:01, 89.03s/it, est. speed input: 0.63 toks/s, output: 34.72 toks/s]   
[36m(WorkerDict pid=2846342)[0m Processed prompts:  75%|███████▌  | 24/32 [06:24<01:49, 13.65s/it, est. speed input: 4.20 toks/s, output: 147.64 toks/s]
[36m(WorkerDict pid=2846341)[0m Processed prompts:  84%|████████▍ | 27/32 [06:24<00:45,  9.18s/it, est. speed input: 4.07 toks/s, output: 194.93 toks/s]
[36m(WorkerDict pid=2846340)[0m Processed prompts:  81%|████████▏ | 26/32 [06:24<00:48,  8.07s/it, est. speed input: 2.55 toks/s, output: 178.08 toks/s]
[36m(WorkerDict pid=2846351)[0m Processed prompts:  44%|████▍     | 14/32 [06:24<03:54, 13.01s/it, est. speed input: 2.91 toks/s, output: 127.53 toks/s]
[36m(WorkerDict pid=2846347)[0m Processed prompts:  12%|█▎        | 4/32 [06:27<25:52, 55.44s/it, est. speed input: 0.71 toks/s, output: 46.25 toks/s]
[36m(WorkerDict pid=2846340)[0m Processed prompts:  84%|████████▍ | 27/32 [06:27<00:32,  6.43s/it, est. speed input: 2.62 toks/s, output: 188.78 toks/s]
[36m(WorkerDict pid=2846341)[0m Processed prompts:  88%|████████▊ | 28/32 [06:28<00:31,  7.80s/it, est. speed input: 4.19 toks/s, output: 204.54 toks/s]
[36m(WorkerDict pid=2846347)[0m Processed prompts:  16%|█▌        | 5/32 [06:33<16:53, 37.53s/it, est. speed input: 0.96 toks/s, output: 57.47 toks/s]
[36m(WorkerDict pid=2846344)[0m Processed prompts:  97%|█████████▋| 31/32 [06:33<00:11, 11.17s/it, est. speed input: 4.12 toks/s, output: 241.45 toks/s]
[36m(WorkerDict pid=2846344)[0m [rank6]:E0620 11:00:19.503000 2846344 site-packages/torch/_dynamo/metrics_context.py:105] [0/1] Unexpected exception logging compilation metrics
[36m(WorkerDict pid=2846344)[0m [rank6]:E0620 11:00:19.503000 2846344 site-packages/torch/_dynamo/metrics_context.py:105] [0/1] Traceback (most recent call last):
[36m(WorkerDict pid=2846344)[0m [rank6]:E0620 11:00:19.503000 2846344 site-packages/torch/_dynamo/metrics_context.py:105] [0/1]   File "/usr/local/python3.11.14/lib/python3.11/site-packages/torch/_dynamo/metrics_context.py", line 101, in __exit__
[36m(WorkerDict pid=2846344)[0m [rank6]:E0620 11:00:19.503000 2846344 site-packages/torch/_dynamo/metrics_context.py:105] [0/1]     self._on_exit(
[36m(WorkerDict pid=2846344)[0m [rank6]:E0620 11:00:19.503000 2846344 site-packages/torch/_dynamo/metrics_context.py:105] [0/1]   File "/usr/local/python3.11.14/lib/python3.11/site-packages/torch/_dynamo/utils.py", line 1632, in record_compilation_metrics
[36m(WorkerDict pid=2846344)[0m [rank6]:E0620 11:00:19.503000 2846344 site-packages/torch/_dynamo/metrics_context.py:105] [0/1]     "triton_version": triton.__version__ if has_triton() else "",
[36m(WorkerDict pid=2846344)[0m [rank6]:E0620 11:00:19.503000 2846344 site-packages/torch/_dynamo/metrics_context.py:105] [0/1]                                             ^^^^^^^^^^^^
[36m(WorkerDict pid=2846344)[0m [rank6]:E0620 11:00:19.503000 2846344 site-packages/torch/_dynamo/metrics_context.py:105] [0/1]   File "/usr/local/python3.11.14/lib/python3.11/site-packages/torch/utils/_triton.py", line 159, in has_triton
[36m(WorkerDict pid=2846344)[0m [rank6]:E0620 11:00:19.503000 2846344 site-packages/torch/_dynamo/metrics_context.py:105] [0/1]     return is_device_compatible_with_triton()
[36m(WorkerDict pid=2846344)[0m [rank6]:E0620 11:00:19.503000 2846344 site-packages/torch/_dynamo/metrics_context.py:105] [0/1]            ^^^^^^^^^^^^^^^^^^^^^^^^^^^^^^^^^^
[36m(WorkerDict pid=2846344)[0m [rank6]:E0620 11:00:19.503000 2846344 site-packages/torch/_dynamo/metrics_context.py:105] [0/1]   File "/usr/local/python3.11.14/lib/python3.11/site-packages/torch/utils/_triton.py", line 155, in is_device_compatible_with_triton
[36m(WorkerDict pid=2846344)[0m [rank6]:E0620 11:00:19.503000 2846344 site-packages/torch/_dynamo/metrics_context.py:105] [0/1]     if device_interface.is_available() and extra_check(device_interface):
[36m(WorkerDict pid=2846344)[0m [rank6]:E0620 11:00:19.503000 2846344 site-packages/torch/_dynamo/metrics_context.py:105] [0/1]                                            ^^^^^^^^^^^^^^^^^^^^^^^^^^^^^
[36m(WorkerDict pid=2846344)[0m [rank6]:E0620 11:00:19.503000 2846344 site-packages/torch/_dynamo/metrics_context.py:105] [0/1]   File "/usr/local/python3.11.14/lib/python3.11/site-packages/torch/utils/_triton.py", line 135, in cuda_extra_check
[36m(WorkerDict pid=2846344)[0m [rank6]:E0620 11:00:19.503000 2846344 site-packages/torch/_dynamo/metrics_context.py:105] [0/1]     return device_interface.Worker.get_device_properties().major >= 7
[36m(WorkerDict pid=2846344)[0m [rank6]:E0620 11:00:19.503000 2846344 site-packages/torch/_dynamo/metrics_context.py:105] [0/1]            ^^^^^^^^^^^^^^^^^^^^^^^^^^^^^^^^^^^^^^^^^^^^^^^^^^^^^^^^^^
[36m(WorkerDict pid=2846344)[0m [rank6]:E0620 11:00:19.503000 2846344 site-packages/torch/_dynamo/metrics_context.py:105] [0/1] TypeError: '>=' not supported between instances of 'NoneType' and 'int'
[36m(WorkerDict pid=2846340)[0m Processed prompts:  88%|████████▊ | 28/32 [06:33<00:25,  6.49s/it, est. speed input: 2.66 toks/s, output: 197.50 toks/s]
[36m(WorkerDict pid=2846349)[0m Processed prompts:  22%|██▏       | 7/32 [06:33<13:19, 31.99s/it, est. speed input: 1.33 toks/s, output: 68.01 toks/s]
[36m(WorkerDict pid=2846340)[0m Processed prompts:  91%|█████████ | 29/32 [06:33<00:13,  4.64s/it, est. speed input: 2.75 toks/s, output: 209.25 toks/s]
[36m(WorkerDict pid=2846345)[0m Processed prompts:  56%|█████▋    | 18/32 [06:37<14:19, 61.43s/it, est. speed input: 3.13 toks/s, output: 67.63 toks/s]
[36m(WorkerDict pid=2846348)[0m Processed prompts:  22%|██▏       | 7/32 [06:38<12:03, 28.94s/it, est. speed input: 0.98 toks/s, output: 71.27 toks/s]
[36m(WorkerDict pid=2846346)[0m Processed prompts:   6%|▋         | 2/32 [06:37<1:24:20, 168.69s/it, est. speed input: 1.07 toks/s, output: 23.05 toks/s]
[36m(WorkerDict pid=2846342)[0m Processed prompts:  78%|███████▊  | 25/32 [06:41<01:43, 14.73s/it, est. speed input: 4.25 toks/s, output: 153.19 toks/s]
[36m(WorkerDict pid=2846342)[0m Processed prompts:  81%|████████▏ | 26/32 [06:45<01:07, 11.28s/it, est. speed input: 4.44 toks/s, output: 163.86 toks/s]
[36m(WorkerDict pid=2846341)[0m Processed prompts:  91%|█████████ | 29/32 [06:46<00:31, 10.60s/it, est. speed input: 4.17 toks/s, output: 207.81 toks/s]
[36m(WorkerDict pid=2846349)[0m Processed prompts:  25%|██▌       | 8/32 [06:47<10:28, 26.20s/it, est. speed input: 1.47 toks/s, output: 77.63 toks/s]
[36m(WorkerDict pid=2846348)[0m Processed prompts:  25%|██▌       | 8/32 [06:53<09:47, 24.47s/it, est. speed input: 1.09 toks/s, output: 80.62 toks/s]
[36m(WorkerDict pid=2846339)[0m Processed prompts:  97%|█████████▋| 31/32 [06:55<00:21, 21.31s/it, est. speed input: 2.58 toks/s, output: 243.33 toks/s]
[36m(WorkerDict pid=2846339)[0m [rank1]:E0620 11:00:41.604000 2846339 site-packages/torch/_dynamo/metrics_context.py:105] [0/1] Unexpected exception logging compilation metrics
[36m(WorkerDict pid=2846339)[0m [rank1]:E0620 11:00:41.604000 2846339 site-packages/torch/_dynamo/metrics_context.py:105] [0/1] Traceback (most recent call last):
[36m(WorkerDict pid=2846339)[0m [rank1]:E0620 11:00:41.604000 2846339 site-packages/torch/_dynamo/metrics_context.py:105] [0/1]   File "/usr/local/python3.11.14/lib/python3.11/site-packages/torch/_dynamo/metrics_context.py", line 101, in __exit__
[36m(WorkerDict pid=2846339)[0m [rank1]:E0620 11:00:41.604000 2846339 site-packages/torch/_dynamo/metrics_context.py:105] [0/1]     self._on_exit(
[36m(WorkerDict pid=2846339)[0m [rank1]:E0620 11:00:41.604000 2846339 site-packages/torch/_dynamo/metrics_context.py:105] [0/1]   File "/usr/local/python3.11.14/lib/python3.11/site-packages/torch/_dynamo/utils.py", line 1632, in record_compilation_metrics
[36m(WorkerDict pid=2846339)[0m [rank1]:E0620 11:00:41.604000 2846339 site-packages/torch/_dynamo/metrics_context.py:105] [0/1]     "triton_version": triton.__version__ if has_triton() else "",
[36m(WorkerDict pid=2846339)[0m [rank1]:E0620 11:00:41.604000 2846339 site-packages/torch/_dynamo/metrics_context.py:105] [0/1]                                             ^^^^^^^^^^^^
[36m(WorkerDict pid=2846339)[0m [rank1]:E0620 11:00:41.604000 2846339 site-packages/torch/_dynamo/metrics_context.py:105] [0/1]   File "/usr/local/python3.11.14/lib/python3.11/site-packages/torch/utils/_triton.py", line 159, in has_triton
[36m(WorkerDict pid=2846339)[0m [rank1]:E0620 11:00:41.604000 2846339 site-packages/torch/_dynamo/metrics_context.py:105] [0/1]     return is_device_compatible_with_triton()
[36m(WorkerDict pid=2846339)[0m [rank1]:E0620 11:00:41.604000 2846339 site-packages/torch/_dynamo/metrics_context.py:105] [0/1]            ^^^^^^^^^^^^^^^^^^^^^^^^^^^^^^^^^^
[36m(WorkerDict pid=2846339)[0m [rank1]:E0620 11:00:41.604000 2846339 site-packages/torch/_dynamo/metrics_context.py:105] [0/1]   File "/usr/local/python3.11.14/lib/python3.11/site-packages/torch/utils/_triton.py", line 155, in is_device_compatible_with_triton
[36m(WorkerDict pid=2846339)[0m [rank1]:E0620 11:00:41.604000 2846339 site-packages/torch/_dynamo/metrics_context.py:105] [0/1]     if device_interface.is_available() and extra_check(device_interface):
[36m(WorkerDict pid=2846339)[0m [rank1]:E0620 11:00:41.604000 2846339 site-packages/torch/_dynamo/metrics_context.py:105] [0/1]                                            ^^^^^^^^^^^^^^^^^^^^^^^^^^^^^
[36m(WorkerDict pid=2846339)[0m [rank1]:E0620 11:00:41.604000 2846339 site-packages/torch/_dynamo/metrics_context.py:105] [0/1]   File "/usr/local/python3.11.14/lib/python3.11/site-packages/torch/utils/_triton.py", line 135, in cuda_extra_check
[36m(WorkerDict pid=2846339)[0m [rank1]:E0620 11:00:41.604000 2846339 site-packages/torch/_dynamo/metrics_context.py:105] [0/1]     return device_interface.Worker.get_device_properties().major >= 7
[36m(WorkerDict pid=2846339)[0m [rank1]:E0620 11:00:41.604000 2846339 site-packages/torch/_dynamo/metrics_context.py:105] [0/1]            ^^^^^^^^^^^^^^^^^^^^^^^^^^^^^^^^^^^^^^^^^^^^^^^^^^^^^^^^^^
[36m(WorkerDict pid=2846339)[0m [rank1]:E0620 11:00:41.604000 2846339 site-packages/torch/_dynamo/metrics_context.py:105] [0/1] TypeError: '>=' not supported between instances of 'NoneType' and 'int'
[36m(WorkerDict pid=2846349)[0m Processed prompts:  28%|██▊       | 9/32 [06:56<07:55, 20.69s/it, est. speed input: 1.62 toks/s, output: 87.97 toks/s]
[36m(WorkerDict pid=2846348)[0m Processed prompts:  28%|██▊       | 9/32 [06:56<06:50, 17.86s/it, est. speed input: 1.21 toks/s, output: 91.90 toks/s]
[36m(WorkerDict pid=2846341)[0m Processed prompts:  94%|█████████▍| 30/32 [06:57<00:21, 10.71s/it, est. speed input: 4.21 toks/s, output: 214.28 toks/s]
[36m(WorkerDict pid=2846347)[0m Processed prompts:  19%|█▉        | 6/32 [06:57<14:21, 33.12s/it, est. speed input: 1.15 toks/s, output: 66.01 toks/s]
[36m(WorkerDict pid=2846346)[0m Processed prompts:   9%|▉         | 3/32 [06:57<48:34, 100.50s/it, est. speed input: 1.13 toks/s, output: 33.94 toks/s]  
[36m(WorkerDict pid=2846340)[0m Processed prompts:  94%|█████████▍| 30/32 [07:01<00:23, 11.55s/it, est. speed input: 2.65 toks/s, output: 207.46 toks/s]
[36m(WorkerDict pid=2846342)[0m Processed prompts:  84%|████████▍ | 27/32 [07:02<01:05, 13.14s/it, est. speed input: 4.48 toks/s, output: 169.01 toks/s]
[36m(WorkerDict pid=2846349)[0m Processed prompts:  31%|███▏      | 10/32 [07:01<05:53, 16.06s/it, est. speed input: 1.78 toks/s, output: 98.72 toks/s]
[36m(WorkerDict pid=2846344)[0m Processed prompts: 100%|██████████| 32/32 [07:05<00:00, 17.33s/it, est. speed input: 3.95 toks/s, output: 235.39 toks/s]Processed prompts: 100%|██████████| 32/32 [07:05<00:00, 17.33s/it, est. speed input: 3.95 toks/s, output: 235.39 toks/s]
[36m(WorkerDict pid=2846342)[0m Processed prompts:  88%|████████▊ | 28/32 [07:08<00:43, 10.92s/it, est. speed input: 4.63 toks/s, output: 178.68 toks/s]
[36m(WorkerDict pid=2846340)[0m Processed prompts:  97%|█████████▋| 31/32 [07:08<00:10, 10.17s/it, est. speed input: 2.68 toks/s, output: 216.04 toks/s]
[36m(WorkerDict pid=2846340)[0m [rank3]:E0620 11:00:54.728000 2846340 site-packages/torch/_dynamo/metrics_context.py:105] [0/1] Unexpected exception logging compilation metrics
[36m(WorkerDict pid=2846340)[0m [rank3]:E0620 11:00:54.728000 2846340 site-packages/torch/_dynamo/metrics_context.py:105] [0/1] Traceback (most recent call last):
[36m(WorkerDict pid=2846340)[0m [rank3]:E0620 11:00:54.728000 2846340 site-packages/torch/_dynamo/metrics_context.py:105] [0/1]   File "/usr/local/python3.11.14/lib/python3.11/site-packages/torch/_dynamo/metrics_context.py", line 101, in __exit__
[36m(WorkerDict pid=2846340)[0m [rank3]:E0620 11:00:54.728000 2846340 site-packages/torch/_dynamo/metrics_context.py:105] [0/1]     self._on_exit(
[36m(WorkerDict pid=2846340)[0m [rank3]:E0620 11:00:54.728000 2846340 site-packages/torch/_dynamo/metrics_context.py:105] [0/1]   File "/usr/local/python3.11.14/lib/python3.11/site-packages/torch/_dynamo/utils.py", line 1632, in record_compilation_metrics
[36m(WorkerDict pid=2846340)[0m [rank3]:E0620 11:00:54.728000 2846340 site-packages/torch/_dynamo/metrics_context.py:105] [0/1]     "triton_version": triton.__version__ if has_triton() else "",
[36m(WorkerDict pid=2846340)[0m [rank3]:E0620 11:00:54.728000 2846340 site-packages/torch/_dynamo/metrics_context.py:105] [0/1]                                             ^^^^^^^^^^^^
[36m(WorkerDict pid=2846340)[0m [rank3]:E0620 11:00:54.728000 2846340 site-packages/torch/_dynamo/metrics_context.py:105] [0/1]   File "/usr/local/python3.11.14/lib/python3.11/site-packages/torch/utils/_triton.py", line 159, in has_triton
[36m(WorkerDict pid=2846340)[0m [rank3]:E0620 11:00:54.728000 2846340 site-packages/torch/_dynamo/metrics_context.py:105] [0/1]     return is_device_compatible_with_triton()
[36m(WorkerDict pid=2846340)[0m [rank3]:E0620 11:00:54.728000 2846340 site-packages/torch/_dynamo/metrics_context.py:105] [0/1]            ^^^^^^^^^^^^^^^^^^^^^^^^^^^^^^^^^^
[36m(WorkerDict pid=2846340)[0m [rank3]:E0620 11:00:54.728000 2846340 site-packages/torch/_dynamo/metrics_context.py:105] [0/1]   File "/usr/local/python3.11.14/lib/python3.11/site-packages/torch/utils/_triton.py", line 155, in is_device_compatible_with_triton
[36m(WorkerDict pid=2846340)[0m [rank3]:E0620 11:00:54.728000 2846340 site-packages/torch/_dynamo/metrics_context.py:105] [0/1]     if device_interface.is_available() and extra_check(device_interface):
[36m(WorkerDict pid=2846340)[0m [rank3]:E0620 11:00:54.728000 2846340 site-packages/torch/_dynamo/metrics_context.py:105] [0/1]                                            ^^^^^^^^^^^^^^^^^^^^^^^^^^^^^
[36m(WorkerDict pid=2846340)[0m [rank3]:E0620 11:00:54.728000 2846340 site-packages/torch/_dynamo/metrics_context.py:105] [0/1]   File "/usr/local/python3.11.14/lib/python3.11/site-packages/torch/utils/_triton.py", line 135, in cuda_extra_check
[36m(WorkerDict pid=2846340)[0m [rank3]:E0620 11:00:54.728000 2846340 site-packages/torch/_dynamo/metrics_context.py:105] [0/1]     return device_interface.Worker.get_device_properties().major >= 7
[36m(WorkerDict pid=2846340)[0m [rank3]:E0620 11:00:54.728000 2846340 site-packages/torch/_dynamo/metrics_context.py:105] [0/1]            ^^^^^^^^^^^^^^^^^^^^^^^^^^^^^^^^^^^^^^^^^^^^^^^^^^^^^^^^^^
[36m(WorkerDict pid=2846340)[0m [rank3]:E0620 11:00:54.728000 2846340 site-packages/torch/_dynamo/metrics_context.py:105] [0/1] TypeError: '>=' not supported between instances of 'NoneType' and 'int'
[36m(WorkerDict pid=2846345)[0m Processed prompts:  59%|█████▉    | 19/32 [07:09<11:25, 52.74s/it, est. speed input: 2.98 toks/s, output: 74.44 toks/s]
[36m(WorkerDict pid=2846351)[0m Processed prompts:  47%|████▋     | 15/32 [07:11<06:33, 23.14s/it, est. speed input: 2.78 toks/s, output: 125.71 toks/s]
[36m(WorkerDict pid=2846348)[0m Processed prompts:  31%|███▏      | 10/32 [07:12<06:19, 17.26s/it, est. speed input: 1.30 toks/s, output: 100.46 toks/s]
[36m(WorkerDict pid=2846340)[0m Processed prompts: 100%|██████████| 32/32 [07:13<00:00,  8.49s/it, est. speed input: 2.73 toks/s, output: 225.72 toks/s]Processed prompts: 100%|██████████| 32/32 [07:13<00:00,  8.49s/it, est. speed input: 2.73 toks/s, output: 225.72 toks/s]
[36m(WorkerDict pid=2846347)[0m Processed prompts:  22%|██▏       | 7/32 [07:13<11:29, 27.57s/it, est. speed input: 1.35 toks/s, output: 75.50 toks/s]
[36m(WorkerDict pid=2846342)[0m Processed prompts:  91%|█████████ | 29/32 [07:14<00:28,  9.48s/it, est. speed input: 4.78 toks/s, output: 188.10 toks/s]
[36m(WorkerDict pid=2846346)[0m Processed prompts:  12%|█▎        | 4/32 [07:14<31:36, 67.73s/it, est. speed input: 1.96 toks/s, output: 44.55 toks/s] 
[36m(WorkerDict pid=2846346)[0m Processed prompts:  16%|█▌        | 5/32 [07:14<19:32, 43.42s/it, est. speed input: 2.06 toks/s, output: 56.51 toks/s]
[36m(WorkerDict pid=2846349)[0m Processed prompts:  34%|███▍      | 11/32 [07:16<05:26, 15.53s/it, est. speed input: 1.89 toks/s, output: 107.46 toks/s]
[36m(WorkerDict pid=2846347)[0m Processed prompts:  25%|██▌       | 8/32 [07:18<08:04, 20.21s/it, est. speed input: 1.41 toks/s, output: 86.70 toks/s]
[36m(WorkerDict pid=2846347)[0m Processed prompts:  28%|██▊       | 9/32 [07:18<05:22, 14.04s/it, est. speed input: 1.65 toks/s, output: 98.56 toks/s]
[36m(WorkerDict pid=2846346)[0m Processed prompts:  19%|█▉        | 6/32 [07:19<13:06, 30.25s/it, est. speed input: 2.14 toks/s, output: 67.90 toks/s]
[36m(WorkerDict pid=2846347)[0m Processed prompts:  31%|███▏      | 10/32 [07:22<03:58, 10.82s/it, est. speed input: 1.87 toks/s, output: 109.73 toks/s]
[36m(WorkerDict pid=2846348)[0m Processed prompts:  34%|███▍      | 11/32 [07:26<05:41, 16.28s/it, est. speed input: 1.38 toks/s, output: 109.28 toks/s]
[36m(WorkerDict pid=2846347)[0m Processed prompts:  34%|███▍      | 11/32 [07:27<03:12,  9.19s/it, est. speed input: 1.92 toks/s, output: 120.38 toks/s]
[36m(WorkerDict pid=2846349)[0m Processed prompts:  38%|███▊      | 12/32 [07:28<04:54, 14.70s/it, est. speed input: 2.00 toks/s, output: 116.40 toks/s]
[36m(WorkerDict pid=2846342)[0m Processed prompts:  94%|█████████▍| 30/32 [07:30<00:22, 11.45s/it, est. speed input: 4.81 toks/s, output: 193.39 toks/s]
[36m(WorkerDict pid=2846346)[0m Processed prompts:  22%|██▏       | 7/32 [07:29<09:46, 23.45s/it, est. speed input: 2.19 toks/s, output: 78.50 toks/s]
[36m(WorkerDict pid=2846349)[0m Processed prompts:  41%|████      | 13/32 [07:30<03:25, 10.80s/it, est. speed input: 2.16 toks/s, output: 127.95 toks/s]
[36m(WorkerDict pid=2846341)[0m Processed prompts:  97%|█████████▋| 31/32 [07:32<00:17, 17.98s/it, est. speed input: 4.03 toks/s, output: 209.70 toks/s]
[36m(WorkerDict pid=2846341)[0m [rank4]:E0620 11:01:17.962000 2846341 site-packages/torch/_dynamo/metrics_context.py:105] [0/1] Unexpected exception logging compilation metrics
[36m(WorkerDict pid=2846341)[0m [rank4]:E0620 11:01:17.962000 2846341 site-packages/torch/_dynamo/metrics_context.py:105] [0/1] Traceback (most recent call last):
[36m(WorkerDict pid=2846341)[0m [rank4]:E0620 11:01:17.962000 2846341 site-packages/torch/_dynamo/metrics_context.py:105] [0/1]   File "/usr/local/python3.11.14/lib/python3.11/site-packages/torch/_dynamo/metrics_context.py", line 101, in __exit__
[36m(WorkerDict pid=2846341)[0m [rank4]:E0620 11:01:17.962000 2846341 site-packages/torch/_dynamo/metrics_context.py:105] [0/1]     self._on_exit(
[36m(WorkerDict pid=2846341)[0m [rank4]:E0620 11:01:17.962000 2846341 site-packages/torch/_dynamo/metrics_context.py:105] [0/1]   File "/usr/local/python3.11.14/lib/python3.11/site-packages/torch/_dynamo/utils.py", line 1632, in record_compilation_metrics
[36m(WorkerDict pid=2846341)[0m [rank4]:E0620 11:01:17.962000 2846341 site-packages/torch/_dynamo/metrics_context.py:105] [0/1]     "triton_version": triton.__version__ if has_triton() else "",
[36m(WorkerDict pid=2846341)[0m [rank4]:E0620 11:01:17.962000 2846341 site-packages/torch/_dynamo/metrics_context.py:105] [0/1]                                             ^^^^^^^^^^^^
[36m(WorkerDict pid=2846341)[0m [rank4]:E0620 11:01:17.962000 2846341 site-packages/torch/_dynamo/metrics_context.py:105] [0/1]   File "/usr/local/python3.11.14/lib/python3.11/site-packages/torch/utils/_triton.py", line 159, in has_triton
[36m(WorkerDict pid=2846341)[0m [rank4]:E0620 11:01:17.962000 2846341 site-packages/torch/_dynamo/metrics_context.py:105] [0/1]     return is_device_compatible_with_triton()
[36m(WorkerDict pid=2846341)[0m [rank4]:E0620 11:01:17.962000 2846341 site-packages/torch/_dynamo/metrics_context.py:105] [0/1]            ^^^^^^^^^^^^^^^^^^^^^^^^^^^^^^^^^^
[36m(WorkerDict pid=2846341)[0m [rank4]:E0620 11:01:17.962000 2846341 site-packages/torch/_dynamo/metrics_context.py:105] [0/1]   File "/usr/local/python3.11.14/lib/python3.11/site-packages/torch/utils/_triton.py", line 155, in is_device_compatible_with_triton
[36m(WorkerDict pid=2846341)[0m [rank4]:E0620 11:01:17.962000 2846341 site-packages/torch/_dynamo/metrics_context.py:105] [0/1]     if device_interface.is_available() and extra_check(device_interface):
[36m(WorkerDict pid=2846341)[0m [rank4]:E0620 11:01:17.962000 2846341 site-packages/torch/_dynamo/metrics_context.py:105] [0/1]                                            ^^^^^^^^^^^^^^^^^^^^^^^^^^^^^
[36m(WorkerDict pid=2846341)[0m [rank4]:E0620 11:01:17.962000 2846341 site-packages/torch/_dynamo/metrics_context.py:105] [0/1]   File "/usr/local/python3.11.14/lib/python3.11/site-packages/torch/utils/_triton.py", line 135, in cuda_extra_check
[36m(WorkerDict pid=2846341)[0m [rank4]:E0620 11:01:17.962000 2846341 site-packages/torch/_dynamo/metrics_context.py:105] [0/1]     return device_interface.Worker.get_device_properties().major >= 7
[36m(WorkerDict pid=2846341)[0m [rank4]:E0620 11:01:17.962000 2846341 site-packages/torch/_dynamo/metrics_context.py:105] [0/1]            ^^^^^^^^^^^^^^^^^^^^^^^^^^^^^^^^^^^^^^^^^^^^^^^^^^^^^^^^^^
[36m(WorkerDict pid=2846341)[0m [rank4]:E0620 11:01:17.962000 2846341 site-packages/torch/_dynamo/metrics_context.py:105] [0/1] TypeError: '>=' not supported between instances of 'NoneType' and 'int'
[36m(WorkerDict pid=2846348)[0m Processed prompts:  38%|███▊      | 12/32 [07:34<04:33, 13.66s/it, est. speed input: 1.48 toks/s, output: 119.45 toks/s]
[36m(WorkerDict pid=2846347)[0m Processed prompts:  38%|███▊      | 12/32 [07:34<02:51,  8.58s/it, est. speed input: 2.12 toks/s, output: 130.50 toks/s]
[36m(WorkerDict pid=2846343)[0m Processed prompts: 100%|██████████| 32/32 [07:35<00:00, 31.79s/it, est. speed input: 3.86 toks/s, output: 223.18 toks/s]Processed prompts: 100%|██████████| 32/32 [07:35<00:00, 31.79s/it, est. speed input: 3.86 toks/s, output: 223.18 toks/s]
[36m(WorkerDict pid=2846349)[0m Processed prompts:  44%|████▍     | 14/32 [07:36<02:46,  9.24s/it, est. speed input: 2.30 toks/s, output: 138.40 toks/s]
[36m(WorkerDict pid=2846346)[0m Processed prompts:  25%|██▌       | 8/32 [07:37<07:28, 18.71s/it, est. speed input: 2.25 toks/s, output: 89.08 toks/s]
[36m(WorkerDict pid=2846346)[0m Processed prompts:  28%|██▊       | 9/32 [07:40<05:15, 13.72s/it, est. speed input: 3.06 toks/s, output: 100.61 toks/s]
[36m(WorkerDict pid=2846348)[0m Processed prompts:  41%|████      | 13/32 [07:43<03:56, 12.45s/it, est. speed input: 1.57 toks/s, output: 129.01 toks/s]
[36m(WorkerDict pid=2846341)[0m Processed prompts: 100%|██████████| 32/32 [07:44<00:00, 16.37s/it, est. speed input: 4.06 toks/s, output: 216.07 toks/s]Processed prompts: 100%|██████████| 32/32 [07:44<00:00, 16.37s/it, est. speed input: 4.06 toks/s, output: 216.07 toks/s]
[36m(WorkerDict pid=2846347)[0m Processed prompts:  41%|████      | 13/32 [07:45<02:52,  9.10s/it, est. speed input: 2.15 toks/s, output: 139.66 toks/s]
[36m(WorkerDict pid=2846348)[0m Processed prompts:  44%|████▍     | 14/32 [07:45<02:47,  9.30s/it, est. speed input: 1.69 toks/s, output: 140.51 toks/s]
[36m(WorkerDict pid=2846347)[0m Processed prompts:  44%|████▍     | 14/32 [07:46<02:00,  6.67s/it, est. speed input: 2.36 toks/s, output: 151.41 toks/s]
[36m(WorkerDict pid=2846346)[0m Processed prompts:  31%|███▏      | 10/32 [07:45<04:03, 11.06s/it, est. speed input: 3.13 toks/s, output: 111.60 toks/s]
[36m(WorkerDict pid=2846345)[0m Processed prompts:  62%|██████▎   | 20/32 [07:46<09:37, 48.13s/it, est. speed input: 2.83 toks/s, output: 80.54 toks/s]
[36m(WorkerDict pid=2846345)[0m Processed prompts:  66%|██████▌   | 21/32 [07:48<06:16, 34.25s/it, est. speed input: 2.90 toks/s, output: 92.28 toks/s]
[36m(WorkerDict pid=2846347)[0m Processed prompts:  47%|████▋     | 15/32 [07:49<01:33,  5.52s/it, est. speed input: 2.57 toks/s, output: 162.55 toks/s]
[36m(WorkerDict pid=2846342)[0m Processed prompts:  97%|█████████▋| 31/32 [07:50<00:14, 14.00s/it, est. speed input: 4.80 toks/s, output: 197.24 toks/s]
[36m(WorkerDict pid=2846342)[0m [rank5]:E0620 11:01:35.879000 2846342 site-packages/torch/_dynamo/metrics_context.py:105] [0/1] Unexpected exception logging compilation metrics
[36m(WorkerDict pid=2846342)[0m [rank5]:E0620 11:01:35.879000 2846342 site-packages/torch/_dynamo/metrics_context.py:105] [0/1] Traceback (most recent call last):
[36m(WorkerDict pid=2846342)[0m [rank5]:E0620 11:01:35.879000 2846342 site-packages/torch/_dynamo/metrics_context.py:105] [0/1]   File "/usr/local/python3.11.14/lib/python3.11/site-packages/torch/_dynamo/metrics_context.py", line 101, in __exit__
[36m(WorkerDict pid=2846342)[0m [rank5]:E0620 11:01:35.879000 2846342 site-packages/torch/_dynamo/metrics_context.py:105] [0/1]     self._on_exit(
[36m(WorkerDict pid=2846342)[0m [rank5]:E0620 11:01:35.879000 2846342 site-packages/torch/_dynamo/metrics_context.py:105] [0/1]   File "/usr/local/python3.11.14/lib/python3.11/site-packages/torch/_dynamo/utils.py", line 1632, in record_compilation_metrics
[36m(WorkerDict pid=2846342)[0m [rank5]:E0620 11:01:35.879000 2846342 site-packages/torch/_dynamo/metrics_context.py:105] [0/1]     "triton_version": triton.__version__ if has_triton() else "",
[36m(WorkerDict pid=2846342)[0m [rank5]:E0620 11:01:35.879000 2846342 site-packages/torch/_dynamo/metrics_context.py:105] [0/1]                                             ^^^^^^^^^^^^
[36m(WorkerDict pid=2846342)[0m [rank5]:E0620 11:01:35.879000 2846342 site-packages/torch/_dynamo/metrics_context.py:105] [0/1]   File "/usr/local/python3.11.14/lib/python3.11/site-packages/torch/utils/_triton.py", line 159, in has_triton
[36m(WorkerDict pid=2846342)[0m [rank5]:E0620 11:01:35.879000 2846342 site-packages/torch/_dynamo/metrics_context.py:105] [0/1]     return is_device_compatible_with_triton()
[36m(WorkerDict pid=2846342)[0m [rank5]:E0620 11:01:35.879000 2846342 site-packages/torch/_dynamo/metrics_context.py:105] [0/1]            ^^^^^^^^^^^^^^^^^^^^^^^^^^^^^^^^^^
[36m(WorkerDict pid=2846342)[0m [rank5]:E0620 11:01:35.879000 2846342 site-packages/torch/_dynamo/metrics_context.py:105] [0/1]   File "/usr/local/python3.11.14/lib/python3.11/site-packages/torch/utils/_triton.py", line 155, in is_device_compatible_with_triton
[36m(WorkerDict pid=2846342)[0m [rank5]:E0620 11:01:35.879000 2846342 site-packages/torch/_dynamo/metrics_context.py:105] [0/1]     if device_interface.is_available() and extra_check(device_interface):
[36m(WorkerDict pid=2846342)[0m [rank5]:E0620 11:01:35.879000 2846342 site-packages/torch/_dynamo/metrics_context.py:105] [0/1]                                            ^^^^^^^^^^^^^^^^^^^^^^^^^^^^^
[36m(WorkerDict pid=2846342)[0m [rank5]:E0620 11:01:35.879000 2846342 site-packages/torch/_dynamo/metrics_context.py:105] [0/1]   File "/usr/local/python3.11.14/lib/python3.11/site-packages/torch/utils/_triton.py", line 135, in cuda_extra_check
[36m(WorkerDict pid=2846342)[0m [rank5]:E0620 11:01:35.879000 2846342 site-packages/torch/_dynamo/metrics_context.py:105] [0/1]     return device_interface.Worker.get_device_properties().major >= 7
[36m(WorkerDict pid=2846342)[0m [rank5]:E0620 11:01:35.879000 2846342 site-packages/torch/_dynamo/metrics_context.py:105] [0/1]            ^^^^^^^^^^^^^^^^^^^^^^^^^^^^^^^^^^^^^^^^^^^^^^^^^^^^^^^^^^
[36m(WorkerDict pid=2846342)[0m [rank5]:E0620 11:01:35.879000 2846342 site-packages/torch/_dynamo/metrics_context.py:105] [0/1] TypeError: '>=' not supported between instances of 'NoneType' and 'int'
[36m(WorkerDict pid=2846346)[0m Processed prompts:  34%|███▍      | 11/32 [07:49<03:09,  9.03s/it, est. speed input: 3.19 toks/s, output: 122.65 toks/s]
[36m(WorkerDict pid=2846345)[0m Processed prompts:  69%|██████▉   | 22/32 [07:52<04:09, 24.95s/it, est. speed input: 2.96 toks/s, output: 103.71 toks/s]
[36m(WorkerDict pid=2846345)[0m Processed prompts:  72%|███████▏  | 23/32 [07:52<02:38, 17.66s/it, est. speed input: 3.03 toks/s, output: 115.63 toks/s]
[36m(WorkerDict pid=2846345)[0m Processed prompts:  75%|███████▌  | 24/32 [07:54<01:43, 12.90s/it, est. speed input: 3.10 toks/s, output: 127.26 toks/s]
[36m(WorkerDict pid=2846345)[0m Processed prompts:  78%|███████▊  | 25/32 [07:54<01:03,  9.10s/it, est. speed input: 3.18 toks/s, output: 139.28 toks/s]
[36m(WorkerDict pid=2846347)[0m Processed prompts:  50%|█████     | 16/32 [07:55<01:32,  5.76s/it, est. speed input: 2.61 toks/s, output: 172.48 toks/s]
[36m(WorkerDict pid=2846347)[0m Processed prompts:  53%|█████▎    | 17/32 [07:56<01:06,  4.41s/it, est. speed input: 2.82 toks/s, output: 184.10 toks/s]
[36m(WorkerDict pid=2846348)[0m Processed prompts:  47%|████▋     | 15/32 [07:58<02:56, 10.36s/it, est. speed input: 1.76 toks/s, output: 148.84 toks/s]
[36m(WorkerDict pid=2846347)[0m Processed prompts:  56%|█████▋    | 18/32 [08:00<00:56,  4.06s/it, est. speed input: 3.01 toks/s, output: 194.95 toks/s]
[36m(WorkerDict pid=2846348)[0m Processed prompts:  50%|█████     | 16/32 [08:04<02:21,  8.85s/it, est. speed input: 1.86 toks/s, output: 159.30 toks/s]
[36m(WorkerDict pid=2846345)[0m Processed prompts:  81%|████████▏ | 26/32 [08:05<00:57,  9.59s/it, est. speed input: 3.19 toks/s, output: 148.30 toks/s]
[36m(WorkerDict pid=2846348)[0m Processed prompts:  53%|█████▎    | 17/32 [08:05<01:40,  6.67s/it, est. speed input: 1.97 toks/s, output: 170.88 toks/s]
[36m(WorkerDict pid=2846346)[0m Processed prompts:  38%|███▊      | 12/32 [08:06<03:44, 11.23s/it, est. speed input: 3.87 toks/s, output: 130.69 toks/s]
[36m(WorkerDict pid=2846348)[0m Processed prompts:  56%|█████▋    | 18/32 [08:07<01:13,  5.25s/it, est. speed input: 2.07 toks/s, output: 182.33 toks/s]
[36m(WorkerDict pid=2846346)[0m Processed prompts:  41%|████      | 13/32 [08:06<02:32,  8.01s/it, est. speed input: 3.96 toks/s, output: 142.68 toks/s]
[36m(WorkerDict pid=2846352)[0m Processed prompts:   3%|▎         | 1/32 [08:08<4:12:38, 488.99s/it, est. speed input: 0.18 toks/s, output: 12.12 toks/s]
[36m(WorkerDict pid=2846346)[0m Processed prompts:  44%|████▍     | 14/32 [08:13<02:16,  7.61s/it, est. speed input: 4.67 toks/s, output: 152.92 toks/s]
[36m(WorkerDict pid=2846348)[0m Processed prompts:  59%|█████▉    | 19/32 [08:15<01:18,  6.01s/it, est. speed input: 2.16 toks/s, output: 191.61 toks/s]
[36m(WorkerDict pid=2846347)[0m Processed prompts:  59%|█████▉    | 19/32 [08:16<01:40,  7.72s/it, est. speed input: 2.98 toks/s, output: 200.72 toks/s]
[36m(WorkerDict pid=2846346)[0m Processed prompts:  47%|████▋     | 15/32 [08:15<01:42,  6.06s/it, est. speed input: 4.74 toks/s, output: 164.33 toks/s]
[36m(WorkerDict pid=2846346)[0m Processed prompts:  50%|█████     | 16/32 [08:16<01:13,  4.57s/it, est. speed input: 4.82 toks/s, output: 176.14 toks/s]
[36m(WorkerDict pid=2846351)[0m Processed prompts:  50%|█████     | 16/32 [08:20<09:53, 37.07s/it, est. speed input: 2.56 toks/s, output: 120.44 toks/s]
[36m(WorkerDict pid=2846346)[0m Processed prompts:  53%|█████▎    | 17/32 [08:24<01:22,  5.48s/it, est. speed input: 4.84 toks/s, output: 185.70 toks/s]
[36m(WorkerDict pid=2846347)[0m Processed prompts:  62%|██████▎   | 20/32 [08:26<01:42,  8.51s/it, est. speed input: 3.13 toks/s, output: 208.80 toks/s]
[36m(WorkerDict pid=2846349)[0m Processed prompts:  47%|████▋     | 15/32 [08:26<06:07, 21.63s/it, est. speed input: 2.22 toks/s, output: 136.85 toks/s]
[36m(WorkerDict pid=2846348)[0m Processed prompts:  62%|██████▎   | 20/32 [08:27<01:34,  7.84s/it, est. speed input: 2.22 toks/s, output: 199.22 toks/s]
[36m(WorkerDict pid=2846345)[0m Processed prompts:  84%|████████▍ | 27/32 [08:31<01:11, 14.36s/it, est. speed input: 3.10 toks/s, output: 153.09 toks/s]
[36m(WorkerDict pid=2846346)[0m Processed prompts:  56%|█████▋    | 18/32 [08:30<01:19,  5.70s/it, est. speed input: 5.52 toks/s, output: 195.67 toks/s]
[36m(WorkerDict pid=2846347)[0m Processed prompts:  66%|██████▌   | 21/32 [08:32<01:24,  7.73s/it, est. speed input: 3.16 toks/s, output: 218.60 toks/s]
[36m(WorkerDict pid=2846346)[0m Processed prompts:  59%|█████▉    | 19/32 [08:32<00:57,  4.46s/it, est. speed input: 6.25 toks/s, output: 207.30 toks/s]
[36m(WorkerDict pid=2846348)[0m Processed prompts:  66%|██████▌   | 21/32 [08:33<01:20,  7.34s/it, est. speed input: 2.30 toks/s, output: 209.04 toks/s]
[36m(WorkerDict pid=2846348)[0m Processed prompts:  69%|██████▉   | 22/32 [08:35<00:57,  5.70s/it, est. speed input: 2.40 toks/s, output: 220.48 toks/s]
[36m(WorkerDict pid=2846348)[0m Processed prompts:  72%|███████▏  | 23/32 [08:35<00:36,  4.04s/it, est. speed input: 2.51 toks/s, output: 232.61 toks/s]
[36m(WorkerDict pid=2846339)[0m Processed prompts: 100%|██████████| 32/32 [08:35<00:00, 44.95s/it, est. speed input: 2.17 toks/s, output: 208.30 toks/s]Processed prompts: 100%|██████████| 32/32 [08:35<00:00, 44.95s/it, est. speed input: 2.17 toks/s, output: 208.30 toks/s]
[36m(WorkerDict pid=2846352)[0m Processed prompts:   6%|▋         | 2/32 [08:39<1:49:31, 219.05s/it, est. speed input: 0.33 toks/s, output: 23.62 toks/s]
[36m(WorkerDict pid=2846346)[0m Processed prompts:  62%|██████▎   | 20/32 [08:40<01:06,  5.58s/it, est. speed input: 6.23 toks/s, output: 216.29 toks/s]
[36m(WorkerDict pid=2846352)[0m Processed prompts:   9%|▉         | 3/32 [08:43<58:36, 121.25s/it, est. speed input: 0.49 toks/s, output: 35.63 toks/s]  
[36m(WorkerDict pid=2846349)[0m Processed prompts:  50%|█████     | 16/32 [08:43<05:23, 20.19s/it, est. speed input: 2.29 toks/s, output: 144.68 toks/s]
[36m(WorkerDict pid=2846345)[0m Processed prompts:  88%|████████▊ | 28/32 [08:44<00:56, 14.24s/it, est. speed input: 3.09 toks/s, output: 161.25 toks/s]
[36m(WorkerDict pid=2846346)[0m Processed prompts:  66%|██████▌   | 21/32 [08:44<00:55,  5.08s/it, est. speed input: 6.91 toks/s, output: 226.93 toks/s]
[36m(WorkerDict pid=2846345)[0m Processed prompts:  91%|█████████ | 29/32 [08:47<00:32, 10.68s/it, est. speed input: 3.15 toks/s, output: 172.75 toks/s]
[36m(WorkerDict pid=2846345)[0m Processed prompts:  94%|█████████▍| 30/32 [08:48<00:15,  7.95s/it, est. speed input: 3.21 toks/s, output: 184.47 toks/s]
[36m(WorkerDict pid=2846352)[0m Processed prompts:  12%|█▎        | 4/32 [08:58<36:51, 79.00s/it, est. speed input: 0.64 toks/s, output: 46.94 toks/s] 
[36m(WorkerDict pid=2846346)[0m Processed prompts:  69%|██████▉   | 22/32 [08:58<01:19,  7.91s/it, est. speed input: 7.43 toks/s, output: 233.12 toks/s]
[36m(WorkerDict pid=2846347)[0m Processed prompts:  69%|██████▉   | 22/32 [09:01<02:22, 14.22s/it, est. speed input: 3.18 toks/s, output: 219.02 toks/s]
[36m(WorkerDict pid=2846346)[0m Processed prompts:  72%|███████▏  | 23/32 [09:05<01:06,  7.37s/it, est. speed input: 8.04 toks/s, output: 242.82 toks/s]
[36m(WorkerDict pid=2846346)[0m Processed prompts:  75%|███████▌  | 24/32 [09:05<00:42,  5.29s/it, est. speed input: 8.73 toks/s, output: 254.92 toks/s]
[36m(WorkerDict pid=2846342)[0m Processed prompts: 100%|██████████| 32/32 [09:13<00:00, 34.69s/it, est. speed input: 4.25 toks/s, output: 179.96 toks/s]Processed prompts: 100%|██████████| 32/32 [09:13<00:00, 34.69s/it, est. speed input: 4.25 toks/s, output: 179.96 toks/s]
[36m(WorkerDict pid=2846348)[0m Processed prompts:  75%|███████▌  | 24/32 [09:14<01:56, 14.57s/it, est. speed input: 2.44 toks/s, output: 228.51 toks/s]
[36m(WorkerDict pid=2846349)[0m Processed prompts:  53%|█████▎    | 17/32 [09:16<06:01, 24.12s/it, est. speed input: 2.29 toks/s, output: 148.36 toks/s]
[36m(WorkerDict pid=2846347)[0m Processed prompts:  72%|███████▏  | 23/32 [09:18<02:13, 14.86s/it, est. speed input: 3.27 toks/s, output: 224.92 toks/s]
[36m(WorkerDict pid=2846347)[0m Processed prompts:  75%|███████▌  | 24/32 [09:18<01:24, 10.51s/it, est. speed input: 3.33 toks/s, output: 237.08 toks/s]
[36m(WorkerDict pid=2846352)[0m Processed prompts:  16%|█▌        | 5/32 [09:19<26:07, 58.04s/it, est. speed input: 0.77 toks/s, output: 57.49 toks/s]
[36m(WorkerDict pid=2846349)[0m Processed prompts:  56%|█████▋    | 18/32 [09:18<04:04, 17.44s/it, est. speed input: 2.41 toks/s, output: 160.19 toks/s]
[36m(WorkerDict pid=2846348)[0m Processed prompts:  78%|███████▊  | 25/32 [09:19<01:21, 11.58s/it, est. speed input: 2.52 toks/s, output: 238.94 toks/s]
[36m(WorkerDict pid=2846348)[0m Processed prompts:  81%|████████▏ | 26/32 [09:20<00:49,  8.29s/it, est. speed input: 2.62 toks/s, output: 250.99 toks/s]
[36m(WorkerDict pid=2846349)[0m Processed prompts:  59%|█████▉    | 19/32 [09:23<02:57, 13.65s/it, est. speed input: 2.52 toks/s, output: 171.16 toks/s]
[36m(WorkerDict pid=2846350)[0m Processed prompts:   3%|▎         | 1/32 [09:26<4:52:32, 566.22s/it, est. speed input: 0.22 toks/s, output: 12.34 toks/s]
[36m(WorkerDict pid=2846347)[0m Processed prompts:  78%|███████▊  | 25/32 [09:26<01:08,  9.84s/it, est. speed input: 3.34 toks/s, output: 245.97 toks/s]
[36m(WorkerDict pid=2846352)[0m Processed prompts:  19%|█▉        | 6/32 [09:28<17:57, 41.44s/it, est. speed input: 0.91 toks/s, output: 68.90 toks/s]
[36m(WorkerDict pid=2846347)[0m Processed prompts:  81%|████████▏ | 26/32 [09:30<00:47,  7.93s/it, est. speed input: 3.38 toks/s, output: 256.83 toks/s]
[36m(WorkerDict pid=2846349)[0m Processed prompts:  62%|██████▎   | 20/32 [09:30<02:19, 11.64s/it, est. speed input: 2.62 toks/s, output: 181.44 toks/s]
[36m(WorkerDict pid=2846347)[0m Processed prompts:  84%|████████▍ | 27/32 [09:31<00:29,  5.96s/it, est. speed input: 3.44 toks/s, output: 268.59 toks/s]
[36m(WorkerDict pid=2846346)[0m Processed prompts:  78%|███████▊  | 25/32 [09:32<01:23, 11.90s/it, est. speed input: 8.98 toks/s, output: 255.18 toks/s]
[36m(WorkerDict pid=2846352)[0m Processed prompts:  22%|██▏       | 7/32 [09:34<12:26, 29.85s/it, est. speed input: 1.05 toks/s, output: 80.56 toks/s]
[36m(WorkerDict pid=2846352)[0m Processed prompts:  25%|██▌       | 8/32 [09:35<08:16, 20.69s/it, est. speed input: 1.20 toks/s, output: 92.79 toks/s]
[36m(WorkerDict pid=2846346)[0m Processed prompts:  81%|████████▏ | 26/32 [09:35<00:55,  9.27s/it, est. speed input: 9.59 toks/s, output: 266.20 toks/s]
[36m(WorkerDict pid=2846347)[0m Processed prompts:  88%|████████▊ | 28/32 [09:37<00:23,  5.85s/it, est. speed input: 3.46 toks/s, output: 278.37 toks/s]
[36m(WorkerDict pid=2846347)[0m Processed prompts:  91%|█████████ | 29/32 [09:39<00:14,  4.90s/it, est. speed input: 3.51 toks/s, output: 289.50 toks/s]
[36m(WorkerDict pid=2846347)[0m Processed prompts:  94%|█████████▍| 30/32 [09:42<00:08,  4.18s/it, est. speed input: 3.55 toks/s, output: 300.68 toks/s]
[36m(WorkerDict pid=2846349)[0m Processed prompts:  66%|██████▌   | 21/32 [09:42<02:08, 11.72s/it, est. speed input: 2.69 toks/s, output: 190.17 toks/s]
[36m(WorkerDict pid=2846346)[0m Processed prompts:  84%|████████▍ | 27/32 [09:42<00:41,  8.30s/it, est. speed input: 9.57 toks/s, output: 275.89 toks/s]
[36m(WorkerDict pid=2846347)[0m Processed prompts:  97%|█████████▋| 31/32 [09:50<00:05,  5.29s/it, est. speed input: 3.68 toks/s, output: 309.13 toks/s]
[36m(WorkerDict pid=2846347)[0m [rank9]:E0620 11:03:36.122000 2846347 site-packages/torch/_dynamo/metrics_context.py:105] [0/1] Unexpected exception logging compilation metrics
[36m(WorkerDict pid=2846347)[0m [rank9]:E0620 11:03:36.122000 2846347 site-packages/torch/_dynamo/metrics_context.py:105] [0/1] Traceback (most recent call last):
[36m(WorkerDict pid=2846347)[0m [rank9]:E0620 11:03:36.122000 2846347 site-packages/torch/_dynamo/metrics_context.py:105] [0/1]   File "/usr/local/python3.11.14/lib/python3.11/site-packages/torch/_dynamo/metrics_context.py", line 101, in __exit__
[36m(WorkerDict pid=2846347)[0m [rank9]:E0620 11:03:36.122000 2846347 site-packages/torch/_dynamo/metrics_context.py:105] [0/1]     self._on_exit(
[36m(WorkerDict pid=2846347)[0m [rank9]:E0620 11:03:36.122000 2846347 site-packages/torch/_dynamo/metrics_context.py:105] [0/1]   File "/usr/local/python3.11.14/lib/python3.11/site-packages/torch/_dynamo/utils.py", line 1632, in record_compilation_metrics
[36m(WorkerDict pid=2846347)[0m [rank9]:E0620 11:03:36.122000 2846347 site-packages/torch/_dynamo/metrics_context.py:105] [0/1]     "triton_version": triton.__version__ if has_triton() else "",
[36m(WorkerDict pid=2846347)[0m [rank9]:E0620 11:03:36.122000 2846347 site-packages/torch/_dynamo/metrics_context.py:105] [0/1]                                             ^^^^^^^^^^^^
[36m(WorkerDict pid=2846347)[0m [rank9]:E0620 11:03:36.122000 2846347 site-packages/torch/_dynamo/metrics_context.py:105] [0/1]   File "/usr/local/python3.11.14/lib/python3.11/site-packages/torch/utils/_triton.py", line 159, in has_triton
[36m(WorkerDict pid=2846347)[0m [rank9]:E0620 11:03:36.122000 2846347 site-packages/torch/_dynamo/metrics_context.py:105] [0/1]     return is_device_compatible_with_triton()
[36m(WorkerDict pid=2846347)[0m [rank9]:E0620 11:03:36.122000 2846347 site-packages/torch/_dynamo/metrics_context.py:105] [0/1]            ^^^^^^^^^^^^^^^^^^^^^^^^^^^^^^^^^^
[36m(WorkerDict pid=2846347)[0m [rank9]:E0620 11:03:36.122000 2846347 site-packages/torch/_dynamo/metrics_context.py:105] [0/1]   File "/usr/local/python3.11.14/lib/python3.11/site-packages/torch/utils/_triton.py", line 155, in is_device_compatible_with_triton
[36m(WorkerDict pid=2846347)[0m [rank9]:E0620 11:03:36.122000 2846347 site-packages/torch/_dynamo/metrics_context.py:105] [0/1]     if device_interface.is_available() and extra_check(device_interface):
[36m(WorkerDict pid=2846347)[0m [rank9]:E0620 11:03:36.122000 2846347 site-packages/torch/_dynamo/metrics_context.py:105] [0/1]                                            ^^^^^^^^^^^^^^^^^^^^^^^^^^^^^
[36m(WorkerDict pid=2846347)[0m [rank9]:E0620 11:03:36.122000 2846347 site-packages/torch/_dynamo/metrics_context.py:105] [0/1]   File "/usr/local/python3.11.14/lib/python3.11/site-packages/torch/utils/_triton.py", line 135, in cuda_extra_check
[36m(WorkerDict pid=2846347)[0m [rank9]:E0620 11:03:36.122000 2846347 site-packages/torch/_dynamo/metrics_context.py:105] [0/1]     return device_interface.Worker.get_device_properties().major >= 7
[36m(WorkerDict pid=2846347)[0m [rank9]:E0620 11:03:36.122000 2846347 site-packages/torch/_dynamo/metrics_context.py:105] [0/1]            ^^^^^^^^^^^^^^^^^^^^^^^^^^^^^^^^^^^^^^^^^^^^^^^^^^^^^^^^^^
[36m(WorkerDict pid=2846347)[0m [rank9]:E0620 11:03:36.122000 2846347 site-packages/torch/_dynamo/metrics_context.py:105] [0/1] TypeError: '>=' not supported between instances of 'NoneType' and 'int'
[36m(WorkerDict pid=2846346)[0m Processed prompts:  88%|████████▊ | 28/32 [09:50<00:33,  8.26s/it, est. speed input: 9.51 toks/s, output: 284.55 toks/s]
[36m(WorkerDict pid=2846346)[0m Processed prompts:  91%|█████████ | 29/32 [09:54<00:21,  7.01s/it, est. speed input: 10.09 toks/s, output: 295.10 toks/s]
[36m(WorkerDict pid=2846352)[0m Processed prompts:  28%|██▊       | 9/32 [09:56<07:56, 20.71s/it, est. speed input: 1.30 toks/s, output: 102.03 toks/s]
[36m(WorkerDict pid=2846349)[0m Processed prompts:  69%|██████▉   | 22/32 [09:58<02:10, 13.09s/it, est. speed input: 2.75 toks/s, output: 197.50 toks/s]
[36m(WorkerDict pid=2846349)[0m Processed prompts:  72%|███████▏  | 23/32 [10:03<01:36, 10.77s/it, est. speed input: 2.84 toks/s, output: 208.27 toks/s]
[36m(WorkerDict pid=2846347)[0m Processed prompts: 100%|██████████| 32/32 [10:07<00:00,  8.74s/it, est. speed input: 3.64 toks/s, output: 313.10 toks/s]Processed prompts: 100%|██████████| 32/32 [10:07<00:00,  8.74s/it, est. speed input: 3.64 toks/s, output: 313.10 toks/s]
[36m(WorkerDict pid=2846353)[0m Processed prompts:   3%|▎         | 1/32 [10:14<5:17:17, 614.11s/it, est. speed input: 0.10 toks/s, output: 12.55 toks/s]
[36m(WorkerDict pid=2846352)[0m Processed prompts:  31%|███▏      | 10/32 [10:20<07:59, 21.80s/it, est. speed input: 1.39 toks/s, output: 110.61 toks/s]
[36m(WorkerDict pid=2846346)[0m Processed prompts:  94%|█████████▍| 30/32 [10:19<00:25, 12.51s/it, est. speed input: 9.75 toks/s, output: 295.62 toks/s] 
[36m(WorkerDict pid=2846349)[0m Processed prompts:  75%|███████▌  | 24/32 [10:20<01:41, 12.64s/it, est. speed input: 2.89 toks/s, output: 215.15 toks/s]
[36m(WorkerDict pid=2846345)[0m Processed prompts:  97%|█████████▋| 31/32 [10:21<00:33, 33.45s/it, est. speed input: 2.79 toks/s, output: 169.48 toks/s]
[36m(WorkerDict pid=2846345)[0m [rank7]:E0620 11:04:07.430000 2846345 site-packages/torch/_dynamo/metrics_context.py:105] [0/1] Unexpected exception logging compilation metrics
[36m(WorkerDict pid=2846345)[0m [rank7]:E0620 11:04:07.430000 2846345 site-packages/torch/_dynamo/metrics_context.py:105] [0/1] Traceback (most recent call last):
[36m(WorkerDict pid=2846345)[0m [rank7]:E0620 11:04:07.430000 2846345 site-packages/torch/_dynamo/metrics_context.py:105] [0/1]   File "/usr/local/python3.11.14/lib/python3.11/site-packages/torch/_dynamo/metrics_context.py", line 101, in __exit__
[36m(WorkerDict pid=2846345)[0m [rank7]:E0620 11:04:07.430000 2846345 site-packages/torch/_dynamo/metrics_context.py:105] [0/1]     self._on_exit(
[36m(WorkerDict pid=2846345)[0m [rank7]:E0620 11:04:07.430000 2846345 site-packages/torch/_dynamo/metrics_context.py:105] [0/1]   File "/usr/local/python3.11.14/lib/python3.11/site-packages/torch/_dynamo/utils.py", line 1632, in record_compilation_metrics
[36m(WorkerDict pid=2846345)[0m [rank7]:E0620 11:04:07.430000 2846345 site-packages/torch/_dynamo/metrics_context.py:105] [0/1]     "triton_version": triton.__version__ if has_triton() else "",
[36m(WorkerDict pid=2846345)[0m [rank7]:E0620 11:04:07.430000 2846345 site-packages/torch/_dynamo/metrics_context.py:105] [0/1]                                             ^^^^^^^^^^^^
[36m(WorkerDict pid=2846345)[0m [rank7]:E0620 11:04:07.430000 2846345 site-packages/torch/_dynamo/metrics_context.py:105] [0/1]   File "/usr/local/python3.11.14/lib/python3.11/site-packages/torch/utils/_triton.py", line 159, in has_triton
[36m(WorkerDict pid=2846345)[0m [rank7]:E0620 11:04:07.430000 2846345 site-packages/torch/_dynamo/metrics_context.py:105] [0/1]     return is_device_compatible_with_triton()
[36m(WorkerDict pid=2846345)[0m [rank7]:E0620 11:04:07.430000 2846345 site-packages/torch/_dynamo/metrics_context.py:105] [0/1]            ^^^^^^^^^^^^^^^^^^^^^^^^^^^^^^^^^^
[36m(WorkerDict pid=2846345)[0m [rank7]:E0620 11:04:07.430000 2846345 site-packages/torch/_dynamo/metrics_context.py:105] [0/1]   File "/usr/local/python3.11.14/lib/python3.11/site-packages/torch/utils/_triton.py", line 155, in is_device_compatible_with_triton
[36m(WorkerDict pid=2846345)[0m [rank7]:E0620 11:04:07.430000 2846345 site-packages/torch/_dynamo/metrics_context.py:105] [0/1]     if device_interface.is_available() and extra_check(device_interface):
[36m(WorkerDict pid=2846345)[0m [rank7]:E0620 11:04:07.430000 2846345 site-packages/torch/_dynamo/metrics_context.py:105] [0/1]                                            ^^^^^^^^^^^^^^^^^^^^^^^^^^^^^
[36m(WorkerDict pid=2846345)[0m [rank7]:E0620 11:04:07.430000 2846345 site-packages/torch/_dynamo/metrics_context.py:105] [0/1]   File "/usr/local/python3.11.14/lib/python3.11/site-packages/torch/utils/_triton.py", line 135, in cuda_extra_check
[36m(WorkerDict pid=2846345)[0m [rank7]:E0620 11:04:07.430000 2846345 site-packages/torch/_dynamo/metrics_context.py:105] [0/1]     return device_interface.Worker.get_device_properties().major >= 7
[36m(WorkerDict pid=2846345)[0m [rank7]:E0620 11:04:07.430000 2846345 site-packages/torch/_dynamo/metrics_context.py:105] [0/1]            ^^^^^^^^^^^^^^^^^^^^^^^^^^^^^^^^^^^^^^^^^^^^^^^^^^^^^^^^^^
[36m(WorkerDict pid=2846345)[0m [rank7]:E0620 11:04:07.430000 2846345 site-packages/torch/_dynamo/metrics_context.py:105] [0/1] TypeError: '>=' not supported between instances of 'NoneType' and 'int'
[36m(WorkerDict pid=2846345)[0m Processed prompts: 100%|██████████| 32/32 [10:24<00:00, 24.22s/it, est. speed input: 2.84 toks/s, output: 181.33 toks/s]Processed prompts: 100%|██████████| 32/32 [10:24<00:00, 24.22s/it, est. speed input: 2.84 toks/s, output: 181.33 toks/s]
[36m(WorkerDict pid=2846339)[0m Processed prompts: 100%|██████████| 32/32 [10:35<00:00, 19.86s/it, est. speed input: 2.17 toks/s, output: 208.30 toks/s]
[36m(WorkerDict pid=2846344)[0m Processed prompts: 100%|██████████| 32/32 [10:35<00:00, 19.86s/it, est. speed input: 3.95 toks/s, output: 235.39 toks/s]
[36m(WorkerDict pid=2846345)[0m Processed prompts: 100%|██████████| 32/32 [10:35<00:00, 19.87s/it, est. speed input: 2.84 toks/s, output: 181.33 toks/s]
[36m(WorkerDict pid=2846342)[0m Processed prompts: 100%|██████████| 32/32 [10:36<00:00, 19.88s/it, est. speed input: 4.25 toks/s, output: 179.96 toks/s]
[36m(WorkerDict pid=2846341)[0m Processed prompts: 100%|██████████| 32/32 [10:35<00:00, 19.86s/it, est. speed input: 4.06 toks/s, output: 216.07 toks/s]
[36m(WorkerDict pid=2846343)[0m Processed prompts: 100%|██████████| 32/32 [10:35<00:00, 19.87s/it, est. speed input: 3.86 toks/s, output: 223.18 toks/s]
[36m(WorkerDict pid=2846340)[0m Processed prompts: 100%|██████████| 32/32 [10:35<00:00, 19.86s/it, est. speed input: 2.73 toks/s, output: 225.72 toks/s]
[36m(WorkerDict pid=2846338)[0m Processed prompts: 100%|██████████| 32/32 [10:34<00:00, 19.84s/it, est. speed input: 4.57 toks/s, output: 256.68 toks/s]
[36m(WorkerDict pid=2846349)[0m Processed prompts:  78%|███████▊  | 25/32 [10:42<01:47, 15.30s/it, est. speed input: 2.90 toks/s, output: 220.31 toks/s]
[36m(WorkerDict pid=2846352)[0m Processed prompts:  34%|███▍      | 11/32 [10:53<08:50, 25.25s/it, est. speed input: 1.45 toks/s, output: 117.34 toks/s]
[36m(WorkerDict pid=2846346)[0m Processed prompts:  97%|█████████▋| 31/32 [10:52<00:18, 18.60s/it, est. speed input: 9.84 toks/s, output: 293.12 toks/s]
[36m(WorkerDict pid=2846346)[0m [rank8]:E0620 11:04:39.351000 2846346 site-packages/torch/_dynamo/metrics_context.py:105] [0/1] Unexpected exception logging compilation metrics
[36m(WorkerDict pid=2846346)[0m [rank8]:E0620 11:04:39.351000 2846346 site-packages/torch/_dynamo/metrics_context.py:105] [0/1] Traceback (most recent call last):
[36m(WorkerDict pid=2846346)[0m [rank8]:E0620 11:04:39.351000 2846346 site-packages/torch/_dynamo/metrics_context.py:105] [0/1]   File "/usr/local/python3.11.14/lib/python3.11/site-packages/torch/_dynamo/metrics_context.py", line 101, in __exit__
[36m(WorkerDict pid=2846346)[0m [rank8]:E0620 11:04:39.351000 2846346 site-packages/torch/_dynamo/metrics_context.py:105] [0/1]     self._on_exit(
[36m(WorkerDict pid=2846346)[0m [rank8]:E0620 11:04:39.351000 2846346 site-packages/torch/_dynamo/metrics_context.py:105] [0/1]   File "/usr/local/python3.11.14/lib/python3.11/site-packages/torch/_dynamo/utils.py", line 1632, in record_compilation_metrics
[36m(WorkerDict pid=2846346)[0m [rank8]:E0620 11:04:39.351000 2846346 site-packages/torch/_dynamo/metrics_context.py:105] [0/1]     "triton_version": triton.__version__ if has_triton() else "",
[36m(WorkerDict pid=2846346)[0m [rank8]:E0620 11:04:39.351000 2846346 site-packages/torch/_dynamo/metrics_context.py:105] [0/1]                                             ^^^^^^^^^^^^
[36m(WorkerDict pid=2846346)[0m [rank8]:E0620 11:04:39.351000 2846346 site-packages/torch/_dynamo/metrics_context.py:105] [0/1]   File "/usr/local/python3.11.14/lib/python3.11/site-packages/torch/utils/_triton.py", line 159, in has_triton
[36m(WorkerDict pid=2846346)[0m [rank8]:E0620 11:04:39.351000 2846346 site-packages/torch/_dynamo/metrics_context.py:105] [0/1]     return is_device_compatible_with_triton()
[36m(WorkerDict pid=2846346)[0m [rank8]:E0620 11:04:39.351000 2846346 site-packages/torch/_dynamo/metrics_context.py:105] [0/1]            ^^^^^^^^^^^^^^^^^^^^^^^^^^^^^^^^^^
[36m(WorkerDict pid=2846346)[0m [rank8]:E0620 11:04:39.351000 2846346 site-packages/torch/_dynamo/metrics_context.py:105] [0/1]   File "/usr/local/python3.11.14/lib/python3.11/site-packages/torch/utils/_triton.py", line 155, in is_device_compatible_with_triton
[36m(WorkerDict pid=2846346)[0m [rank8]:E0620 11:04:39.351000 2846346 site-packages/torch/_dynamo/metrics_context.py:105] [0/1]     if device_interface.is_available() and extra_check(device_interface):
[36m(WorkerDict pid=2846346)[0m [rank8]:E0620 11:04:39.351000 2846346 site-packages/torch/_dynamo/metrics_context.py:105] [0/1]                                            ^^^^^^^^^^^^^^^^^^^^^^^^^^^^^
[36m(WorkerDict pid=2846346)[0m [rank8]:E0620 11:04:39.351000 2846346 site-packages/torch/_dynamo/metrics_context.py:105] [0/1]   File "/usr/local/python3.11.14/lib/python3.11/site-packages/torch/utils/_triton.py", line 135, in cuda_extra_check
[36m(WorkerDict pid=2846346)[0m [rank8]:E0620 11:04:39.351000 2846346 site-packages/torch/_dynamo/metrics_context.py:105] [0/1]     return device_interface.Worker.get_device_properties().major >= 7
[36m(WorkerDict pid=2846346)[0m [rank8]:E0620 11:04:39.351000 2846346 site-packages/torch/_dynamo/metrics_context.py:105] [0/1]            ^^^^^^^^^^^^^^^^^^^^^^^^^^^^^^^^^^^^^^^^^^^^^^^^^^^^^^^^^^
[36m(WorkerDict pid=2846346)[0m [rank8]:E0620 11:04:39.351000 2846346 site-packages/torch/_dynamo/metrics_context.py:105] [0/1] TypeError: '>=' not supported between instances of 'NoneType' and 'int'
[36m(WorkerDict pid=2846348)[0m Processed prompts:  84%|████████▍ | 27/32 [11:17<03:24, 40.99s/it, est. speed input: 2.25 toks/s, output: 219.86 toks/s]
[36m(WorkerDict pid=2846352)[0m Processed prompts:  38%|███▊      | 12/32 [11:18<08:21, 25.05s/it, est. speed input: 1.52 toks/s, output: 125.40 toks/s]
[36m(WorkerDict pid=2846349)[0m Processed prompts:  81%|████████▏ | 26/32 [11:18<02:09, 21.60s/it, est. speed input: 2.86 toks/s, output: 220.86 toks/s]
[36m(WorkerDict pid=2846350)[0m Processed prompts:   6%|▋         | 2/32 [11:20<2:30:12, 300.42s/it, est. speed input: 0.36 toks/s, output: 22.58 toks/s]
[36m(WorkerDict pid=2846348)[0m Processed prompts:  88%|████████▊ | 28/32 [11:22<02:00, 30.13s/it, est. speed input: 2.32 toks/s, output: 230.63 toks/s]
[36m(WorkerDict pid=2846348)[0m Processed prompts:  91%|█████████ | 29/32 [11:25<01:06, 22.10s/it, est. speed input: 2.39 toks/s, output: 241.81 toks/s]
[36m(WorkerDict pid=2846352)[0m Processed prompts:  41%|████      | 13/32 [11:35<07:14, 22.85s/it, est. speed input: 1.61 toks/s, output: 134.51 toks/s]
[36m(WorkerDict pid=2846348)[0m Processed prompts:  94%|█████████▍| 30/32 [11:41<00:40, 20.29s/it, est. speed input: 2.41 toks/s, output: 248.60 toks/s]
[36m(WorkerDict pid=2846350)[0m Processed prompts:   9%|▉         | 3/32 [11:45<1:24:23, 174.59s/it, est. speed input: 0.52 toks/s, output: 34.09 toks/s]
[36m(WorkerDict pid=2846349)[0m Processed prompts:  84%|████████▍ | 27/32 [11:48<01:59, 23.89s/it, est. speed input: 2.84 toks/s, output: 224.06 toks/s]
[36m(WorkerDict pid=2846350)[0m Processed prompts:  12%|█▎        | 4/32 [11:51<50:20, 107.88s/it, est. speed input: 0.60 toks/s, output: 46.13 toks/s]  
[36m(WorkerDict pid=2846353)[0m Processed prompts:   6%|▋         | 2/32 [11:50<2:34:54, 309.82s/it, est. speed input: 0.17 toks/s, output: 23.15 toks/s]
[36m(WorkerDict pid=2846350)[0m Processed prompts:  16%|█▌        | 5/32 [11:54<31:34, 70.17s/it, est. speed input: 0.77 toks/s, output: 58.22 toks/s] 
[36m(WorkerDict pid=2846350)[0m Processed prompts:  19%|█▉        | 6/32 [11:54<20:06, 46.42s/it, est. speed input: 0.95 toks/s, output: 70.50 toks/s]
[36m(WorkerDict pid=2846350)[0m Processed prompts:  22%|██▏       | 7/32 [11:57<13:27, 32.29s/it, est. speed input: 1.11 toks/s, output: 82.50 toks/s]
[36m(WorkerDict pid=2846352)[0m Processed prompts:  44%|████▍     | 14/32 [12:01<07:08, 23.82s/it, est. speed input: 1.67 toks/s, output: 141.95 toks/s]
[36m(WorkerDict pid=2846350)[0m Processed prompts:  25%|██▌       | 8/32 [12:05<09:44, 24.33s/it, est. speed input: 1.27 toks/s, output: 93.97 toks/s]
[36m(WorkerDict pid=2846353)[0m Processed prompts:   9%|▉         | 3/32 [12:07<1:24:58, 175.80s/it, est. speed input: 0.26 toks/s, output: 34.95 toks/s]
[36m(WorkerDict pid=2846349)[0m Processed prompts:  88%|████████▊ | 28/32 [12:14<01:39, 24.76s/it, est. speed input: 2.84 toks/s, output: 228.21 toks/s]
[36m(WorkerDict pid=2846352)[0m Processed prompts:  47%|████▋     | 15/32 [12:16<05:56, 20.98s/it, est. speed input: 1.75 toks/s, output: 151.48 toks/s]
[36m(WorkerDict pid=2846350)[0m Processed prompts:  28%|██▊       | 9/32 [12:29<09:22, 24.44s/it, est. speed input: 1.31 toks/s, output: 103.17 toks/s]
[36m(WorkerDict pid=2846353)[0m Processed prompts:  12%|█▎        | 4/32 [12:29<53:48, 115.30s/it, est. speed input: 0.34 toks/s, output: 46.20 toks/s]  
[36m(WorkerDict pid=2846353)[0m Processed prompts:  16%|█▌        | 5/32 [12:40<34:50, 77.42s/it, est. speed input: 0.42 toks/s, output: 57.88 toks/s] 
[36m(WorkerDict pid=2846353)[0m Processed prompts:  19%|█▉        | 6/32 [13:00<25:13, 58.20s/it, est. speed input: 0.48 toks/s, output: 68.64 toks/s]
[36m(WorkerDict pid=2846353)[0m Processed prompts:  22%|██▏       | 7/32 [13:02<16:35, 39.80s/it, est. speed input: 0.56 toks/s, output: 80.78 toks/s]
[36m(WorkerDict pid=2846349)[0m Processed prompts:  91%|█████████ | 29/32 [13:08<01:40, 33.44s/it, est. speed input: 2.74 toks/s, output: 224.99 toks/s]
[36m(WorkerDict pid=2846346)[0m Processed prompts: 100%|██████████| 32/32 [13:09<00:00, 54.26s/it, est. speed input: 8.61 toks/s, output: 254.44 toks/s]Processed prompts: 100%|██████████| 32/32 [13:09<00:00, 54.26s/it, est. speed input: 8.61 toks/s, output: 254.44 toks/s]
[36m(WorkerDict pid=2846353)[0m Processed prompts:  25%|██▌       | 8/32 [13:14<12:17, 30.72s/it, est. speed input: 0.64 toks/s, output: 91.95 toks/s]
[36m(WorkerDict pid=2846350)[0m Processed prompts:  31%|███▏      | 10/32 [13:23<12:13, 33.36s/it, est. speed input: 1.38 toks/s, output: 108.64 toks/s]
[36m(WorkerDict pid=2846353)[0m Processed prompts:  28%|██▊       | 9/32 [13:24<09:20, 24.38s/it, est. speed input: 0.70 toks/s, output: 103.08 toks/s]
[36m(WorkerDict pid=2846353)[0m Processed prompts:  31%|███▏      | 10/32 [13:24<06:12, 16.92s/it, est. speed input: 0.77 toks/s, output: 115.37 toks/s]
[36m(WorkerDict pid=2846350)[0m Processed prompts:  34%|███▍      | 11/32 [13:26<08:27, 24.17s/it, est. speed input: 1.45 toks/s, output: 120.51 toks/s]
[36m(WorkerDict pid=2846353)[0m Processed prompts:  34%|███▍      | 11/32 [13:30<04:42, 13.47s/it, est. speed input: 0.86 toks/s, output: 126.89 toks/s]
[36m(WorkerDict pid=2846348)[0m Processed prompts:  97%|█████████▋| 31/32 [13:33<00:47, 47.79s/it, est. speed input: 2.15 toks/s, output: 226.71 toks/s]
[36m(WorkerDict pid=2846348)[0m [rank10]:E0620 11:07:19.367000 2846348 site-packages/torch/_dynamo/metrics_context.py:105] [0/1] Unexpected exception logging compilation metrics
[36m(WorkerDict pid=2846348)[0m [rank10]:E0620 11:07:19.367000 2846348 site-packages/torch/_dynamo/metrics_context.py:105] [0/1] Traceback (most recent call last):
[36m(WorkerDict pid=2846348)[0m [rank10]:E0620 11:07:19.367000 2846348 site-packages/torch/_dynamo/metrics_context.py:105] [0/1]   File "/usr/local/python3.11.14/lib/python3.11/site-packages/torch/_dynamo/metrics_context.py", line 101, in __exit__
[36m(WorkerDict pid=2846348)[0m [rank10]:E0620 11:07:19.367000 2846348 site-packages/torch/_dynamo/metrics_context.py:105] [0/1]     self._on_exit(
[36m(WorkerDict pid=2846348)[0m [rank10]:E0620 11:07:19.367000 2846348 site-packages/torch/_dynamo/metrics_context.py:105] [0/1]   File "/usr/local/python3.11.14/lib/python3.11/site-packages/torch/_dynamo/utils.py", line 1632, in record_compilation_metrics
[36m(WorkerDict pid=2846348)[0m [rank10]:E0620 11:07:19.367000 2846348 site-packages/torch/_dynamo/metrics_context.py:105] [0/1]     "triton_version": triton.__version__ if has_triton() else "",
[36m(WorkerDict pid=2846348)[0m [rank10]:E0620 11:07:19.367000 2846348 site-packages/torch/_dynamo/metrics_context.py:105] [0/1]                                             ^^^^^^^^^^^^
[36m(WorkerDict pid=2846348)[0m [rank10]:E0620 11:07:19.367000 2846348 site-packages/torch/_dynamo/metrics_context.py:105] [0/1]   File "/usr/local/python3.11.14/lib/python3.11/site-packages/torch/utils/_triton.py", line 159, in has_triton
[36m(WorkerDict pid=2846348)[0m [rank10]:E0620 11:07:19.367000 2846348 site-packages/torch/_dynamo/metrics_context.py:105] [0/1]     return is_device_compatible_with_triton()
[36m(WorkerDict pid=2846348)[0m [rank10]:E0620 11:07:19.367000 2846348 site-packages/torch/_dynamo/metrics_context.py:105] [0/1]            ^^^^^^^^^^^^^^^^^^^^^^^^^^^^^^^^^^
[36m(WorkerDict pid=2846348)[0m [rank10]:E0620 11:07:19.367000 2846348 site-packages/torch/_dynamo/metrics_context.py:105] [0/1]   File "/usr/local/python3.11.14/lib/python3.11/site-packages/torch/utils/_triton.py", line 155, in is_device_compatible_with_triton
[36m(WorkerDict pid=2846348)[0m [rank10]:E0620 11:07:19.367000 2846348 site-packages/torch/_dynamo/metrics_context.py:105] [0/1]     if device_interface.is_available() and extra_check(device_interface):
[36m(WorkerDict pid=2846348)[0m [rank10]:E0620 11:07:19.367000 2846348 site-packages/torch/_dynamo/metrics_context.py:105] [0/1]                                            ^^^^^^^^^^^^^^^^^^^^^^^^^^^^^
[36m(WorkerDict pid=2846348)[0m [rank10]:E0620 11:07:19.367000 2846348 site-packages/torch/_dynamo/metrics_context.py:105] [0/1]   File "/usr/local/python3.11.14/lib/python3.11/site-packages/torch/utils/_triton.py", line 135, in cuda_extra_check
[36m(WorkerDict pid=2846348)[0m [rank10]:E0620 11:07:19.367000 2846348 site-packages/torch/_dynamo/metrics_context.py:105] [0/1]     return device_interface.Worker.get_device_properties().major >= 7
[36m(WorkerDict pid=2846348)[0m [rank10]:E0620 11:07:19.367000 2846348 site-packages/torch/_dynamo/metrics_context.py:105] [0/1]            ^^^^^^^^^^^^^^^^^^^^^^^^^^^^^^^^^^^^^^^^^^^^^^^^^^^^^^^^^^
[36m(WorkerDict pid=2846348)[0m [rank10]:E0620 11:07:19.367000 2846348 site-packages/torch/_dynamo/metrics_context.py:105] [0/1] TypeError: '>=' not supported between instances of 'NoneType' and 'int'
[36m(WorkerDict pid=2846353)[0m Processed prompts:  38%|███▊      | 12/32 [13:38<03:54, 11.74s/it, est. speed input: 0.93 toks/s, output: 138.01 toks/s]
[36m(WorkerDict pid=2846350)[0m Processed prompts:  38%|███▊      | 12/32 [13:44<07:28, 22.41s/it, est. speed input: 1.49 toks/s, output: 130.15 toks/s]
[36m(WorkerDict pid=2846350)[0m Processed prompts:  41%|████      | 13/32 [13:56<06:03, 19.14s/it, est. speed input: 1.62 toks/s, output: 140.68 toks/s]
[36m(WorkerDict pid=2846348)[0m Processed prompts: 100%|██████████| 32/32 [14:05<00:00, 42.88s/it, est. speed input: 2.14 toks/s, output: 230.63 toks/s]Processed prompts: 100%|██████████| 32/32 [14:05<00:00, 42.88s/it, est. speed input: 2.14 toks/s, output: 230.63 toks/s]
[36m(WorkerDict pid=2846353)[0m Processed prompts:  41%|████      | 13/32 [14:06<05:20, 16.87s/it, est. speed input: 0.98 toks/s, output: 145.70 toks/s]
[36m(WorkerDict pid=2846350)[0m Processed prompts:  44%|████▍     | 14/32 [14:07<05:02, 16.83s/it, est. speed input: 1.67 toks/s, output: 151.12 toks/s]
[36m(WorkerDict pid=2846353)[0m Processed prompts:  44%|████▍     | 14/32 [14:09<03:47, 12.65s/it, est. speed input: 1.05 toks/s, output: 157.55 toks/s]
[36m(WorkerDict pid=2846353)[0m Processed prompts:  47%|████▋     | 15/32 [14:10<02:35,  9.12s/it, est. speed input: 1.13 toks/s, output: 169.74 toks/s]
[36m(WorkerDict pid=2846350)[0m Processed prompts:  47%|████▋     | 15/32 [14:12<03:45, 13.25s/it, est. speed input: 1.80 toks/s, output: 162.60 toks/s]
[36m(WorkerDict pid=2846350)[0m Processed prompts:  50%|█████     | 16/32 [14:13<02:30,  9.42s/it, est. speed input: 1.94 toks/s, output: 174.85 toks/s]
[36m(WorkerDict pid=2846350)[0m Processed prompts:  53%|█████▎    | 17/32 [14:18<01:59,  7.98s/it, est. speed input: 2.00 toks/s, output: 186.26 toks/s]
[36m(WorkerDict pid=2846353)[0m Processed prompts:  50%|█████     | 16/32 [14:21<02:32,  9.54s/it, est. speed input: 1.19 toks/s, output: 180.02 toks/s]
[36m(WorkerDict pid=2846353)[0m Processed prompts:  53%|█████▎    | 17/32 [14:27<02:08,  8.55s/it, est. speed input: 1.24 toks/s, output: 191.09 toks/s]
[36m(WorkerDict pid=2846349)[0m Processed prompts:  94%|█████████▍| 30/32 [14:41<01:42, 51.41s/it, est. speed input: 2.54 toks/s, output: 213.55 toks/s]
[36m(WorkerDict pid=2846350)[0m Processed prompts:  56%|█████▋    | 18/32 [14:48<03:27, 14.85s/it, est. speed input: 2.07 toks/s, output: 192.17 toks/s]
[36m(WorkerDict pid=2846350)[0m Processed prompts:  59%|█████▉    | 19/32 [14:50<02:20, 10.83s/it, est. speed input: 2.14 toks/s, output: 204.23 toks/s]
[36m(WorkerDict pid=2846350)[0m Processed prompts:  62%|██████▎   | 20/32 [14:57<01:56,  9.70s/it, est. speed input: 2.19 toks/s, output: 215.00 toks/s]
[36m(WorkerDict pid=2846350)[0m Processed prompts:  66%|██████▌   | 21/32 [15:01<01:27,  7.97s/it, est. speed input: 2.32 toks/s, output: 226.45 toks/s]
[36m(WorkerDict pid=2846353)[0m Processed prompts:  56%|█████▋    | 18/32 [15:02<03:49, 16.42s/it, est. speed input: 1.27 toks/s, output: 196.12 toks/s]
[36m(WorkerDict pid=2846353)[0m Processed prompts:  59%|█████▉    | 19/32 [15:05<02:43, 12.58s/it, est. speed input: 1.35 toks/s, output: 207.73 toks/s]
[36m(WorkerDict pid=2846350)[0m Processed prompts:  69%|██████▉   | 22/32 [15:13<01:32,  9.25s/it, est. speed input: 2.35 toks/s, output: 235.81 toks/s]
[36m(WorkerDict pid=2846349)[0m Processed prompts:  97%|█████████▋| 31/32 [15:15<00:46, 46.15s/it, est. speed input: 2.52 toks/s, output: 218.06 toks/s]
[36m(WorkerDict pid=2846349)[0m [rank11]:E0620 11:09:01.982000 2846349 site-packages/torch/_dynamo/metrics_context.py:105] [0/1] Unexpected exception logging compilation metrics
[36m(WorkerDict pid=2846349)[0m [rank11]:E0620 11:09:01.982000 2846349 site-packages/torch/_dynamo/metrics_context.py:105] [0/1] Traceback (most recent call last):
[36m(WorkerDict pid=2846349)[0m [rank11]:E0620 11:09:01.982000 2846349 site-packages/torch/_dynamo/metrics_context.py:105] [0/1]   File "/usr/local/python3.11.14/lib/python3.11/site-packages/torch/_dynamo/metrics_context.py", line 101, in __exit__
[36m(WorkerDict pid=2846349)[0m [rank11]:E0620 11:09:01.982000 2846349 site-packages/torch/_dynamo/metrics_context.py:105] [0/1]     self._on_exit(
[36m(WorkerDict pid=2846349)[0m [rank11]:E0620 11:09:01.982000 2846349 site-packages/torch/_dynamo/metrics_context.py:105] [0/1]   File "/usr/local/python3.11.14/lib/python3.11/site-packages/torch/_dynamo/utils.py", line 1632, in record_compilation_metrics
[36m(WorkerDict pid=2846349)[0m [rank11]:E0620 11:09:01.982000 2846349 site-packages/torch/_dynamo/metrics_context.py:105] [0/1]     "triton_version": triton.__version__ if has_triton() else "",
[36m(WorkerDict pid=2846349)[0m [rank11]:E0620 11:09:01.982000 2846349 site-packages/torch/_dynamo/metrics_context.py:105] [0/1]                                             ^^^^^^^^^^^^
[36m(WorkerDict pid=2846349)[0m [rank11]:E0620 11:09:01.982000 2846349 site-packages/torch/_dynamo/metrics_context.py:105] [0/1]   File "/usr/local/python3.11.14/lib/python3.11/site-packages/torch/utils/_triton.py", line 159, in has_triton
[36m(WorkerDict pid=2846349)[0m [rank11]:E0620 11:09:01.982000 2846349 site-packages/torch/_dynamo/metrics_context.py:105] [0/1]     return is_device_compatible_with_triton()
[36m(WorkerDict pid=2846349)[0m [rank11]:E0620 11:09:01.982000 2846349 site-packages/torch/_dynamo/metrics_context.py:105] [0/1]            ^^^^^^^^^^^^^^^^^^^^^^^^^^^^^^^^^^
[36m(WorkerDict pid=2846349)[0m [rank11]:E0620 11:09:01.982000 2846349 site-packages/torch/_dynamo/metrics_context.py:105] [0/1]   File "/usr/local/python3.11.14/lib/python3.11/site-packages/torch/utils/_triton.py", line 155, in is_device_compatible_with_triton
[36m(WorkerDict pid=2846349)[0m [rank11]:E0620 11:09:01.982000 2846349 site-packages/torch/_dynamo/metrics_context.py:105] [0/1]     if device_interface.is_available() and extra_check(device_interface):
[36m(WorkerDict pid=2846349)[0m [rank11]:E0620 11:09:01.982000 2846349 site-packages/torch/_dynamo/metrics_context.py:105] [0/1]                                            ^^^^^^^^^^^^^^^^^^^^^^^^^^^^^
[36m(WorkerDict pid=2846349)[0m [rank11]:E0620 11:09:01.982000 2846349 site-packages/torch/_dynamo/metrics_context.py:105] [0/1]   File "/usr/local/python3.11.14/lib/python3.11/site-packages/torch/utils/_triton.py", line 135, in cuda_extra_check
[36m(WorkerDict pid=2846349)[0m [rank11]:E0620 11:09:01.982000 2846349 site-packages/torch/_dynamo/metrics_context.py:105] [0/1]     return device_interface.Worker.get_device_properties().major >= 7
[36m(WorkerDict pid=2846349)[0m [rank11]:E0620 11:09:01.982000 2846349 site-packages/torch/_dynamo/metrics_context.py:105] [0/1]            ^^^^^^^^^^^^^^^^^^^^^^^^^^^^^^^^^^^^^^^^^^^^^^^^^^^^^^^^^^
[36m(WorkerDict pid=2846349)[0m [rank11]:E0620 11:09:01.982000 2846349 site-packages/torch/_dynamo/metrics_context.py:105] [0/1] TypeError: '>=' not supported between instances of 'NoneType' and 'int'
[36m(WorkerDict pid=2846349)[0m Processed prompts: 100%|██████████| 32/32 [15:19<00:00, 33.47s/it, est. speed input: 2.59 toks/s, output: 229.54 toks/s]Processed prompts: 100%|██████████| 32/32 [15:19<00:00, 33.47s/it, est. speed input: 2.59 toks/s, output: 229.54 toks/s]
[36m(WorkerDict pid=2846350)[0m Processed prompts:  72%|███████▏  | 23/32 [15:21<01:19,  8.85s/it, est. speed input: 2.46 toks/s, output: 246.18 toks/s]
[36m(WorkerDict pid=2846350)[0m Processed prompts:  75%|███████▌  | 24/32 [15:37<01:28, 11.11s/it, est. speed input: 2.55 toks/s, output: 254.27 toks/s]
[36m(WorkerDict pid=2846353)[0m Processed prompts:  62%|██████▎   | 20/32 [15:40<03:49, 19.13s/it, est. speed input: 1.36 toks/s, output: 212.53 toks/s]
[36m(WorkerDict pid=2846350)[0m Processed prompts:  78%|███████▊  | 25/32 [15:48<01:17, 11.04s/it, est. speed input: 2.59 toks/s, output: 263.77 toks/s]
[36m(WorkerDict pid=2846350)[0m Processed prompts:  81%|████████▏ | 26/32 [16:08<01:22, 13.67s/it, est. speed input: 2.66 toks/s, output: 270.79 toks/s]
[36m(WorkerDict pid=2846353)[0m Processed prompts:  66%|██████▌   | 21/32 [16:18<04:34, 24.99s/it, est. speed input: 1.37 toks/s, output: 216.57 toks/s]
[36m(WorkerDict pid=2846353)[0m Processed prompts:  69%|██████▉   | 22/32 [16:24<03:11, 19.11s/it, est. speed input: 1.43 toks/s, output: 227.82 toks/s]
[36m(WorkerDict pid=2846353)[0m Processed prompts:  72%|███████▏  | 23/32 [16:27<02:08, 14.25s/it, est. speed input: 1.50 toks/s, output: 239.57 toks/s]
[36m(WorkerDict pid=2846353)[0m Processed prompts:  75%|███████▌  | 24/32 [16:29<01:26, 10.80s/it, est. speed input: 1.56 toks/s, output: 251.34 toks/s]
[36m(WorkerDict pid=2846350)[0m Processed prompts:  84%|████████▍ | 27/32 [16:41<01:37, 19.50s/it, est. speed input: 2.63 toks/s, output: 274.28 toks/s]
[36m(WorkerDict pid=2846353)[0m Processed prompts:  78%|███████▊  | 25/32 [16:46<01:27, 12.52s/it, est. speed input: 1.61 toks/s, output: 259.65 toks/s]
[36m(WorkerDict pid=2846353)[0m Processed prompts:  81%|████████▏ | 26/32 [17:12<01:38, 16.42s/it, est. speed input: 1.62 toks/s, output: 265.68 toks/s]
[36m(WorkerDict pid=2846350)[0m Processed prompts:  88%|████████▊ | 28/32 [17:19<01:39, 25.00s/it, est. speed input: 2.60 toks/s, output: 276.74 toks/s]
[36m(WorkerDict pid=2846350)[0m Processed prompts:  91%|█████████ | 29/32 [17:23<00:56, 18.73s/it, est. speed input: 2.65 toks/s, output: 288.09 toks/s]
[36m(WorkerDict pid=2846351)[0m Processed prompts:  53%|█████▎    | 17/32 [17:34<48:06, 192.42s/it, est. speed input: 1.30 toks/s, output: 69.66 toks/s]
[36m(WorkerDict pid=2846353)[0m Processed prompts:  84%|████████▍ | 27/32 [17:36<01:33, 18.72s/it, est. speed input: 1.65 toks/s, output: 272.07 toks/s]
[36m(WorkerDict pid=2846353)[0m Processed prompts:  88%|████████▊ | 28/32 [17:49<01:08, 17.25s/it, est. speed input: 1.70 toks/s, output: 281.02 toks/s]
[36m(WorkerDict pid=2846351)[0m Processed prompts:  56%|█████▋    | 18/32 [17:53<32:43, 140.23s/it, est. speed input: 1.37 toks/s, output: 80.91 toks/s]
[36m(WorkerDict pid=2846353)[0m Processed prompts:  91%|█████████ | 29/32 [17:54<00:40, 13.51s/it, est. speed input: 1.75 toks/s, output: 292.23 toks/s]
[36m(WorkerDict pid=2846353)[0m Processed prompts:  94%|█████████▍| 30/32 [17:57<00:20, 10.43s/it, est. speed input: 1.80 toks/s, output: 303.81 toks/s]
[36m(WorkerDict pid=2846350)[0m Processed prompts:  94%|█████████▍| 30/32 [18:03<00:50, 25.14s/it, est. speed input: 2.60 toks/s, output: 289.90 toks/s]
[36m(WorkerDict pid=2846353)[0m Processed prompts:  97%|█████████▋| 31/32 [18:12<00:11, 11.69s/it, est. speed input: 1.84 toks/s, output: 312.20 toks/s]
[36m(WorkerDict pid=2846353)[0m [rank15]:E0620 11:11:58.548000 2846353 site-packages/torch/_dynamo/metrics_context.py:105] [0/1] Unexpected exception logging compilation metrics
[36m(WorkerDict pid=2846353)[0m [rank15]:E0620 11:11:58.548000 2846353 site-packages/torch/_dynamo/metrics_context.py:105] [0/1] Traceback (most recent call last):
[36m(WorkerDict pid=2846353)[0m [rank15]:E0620 11:11:58.548000 2846353 site-packages/torch/_dynamo/metrics_context.py:105] [0/1]   File "/usr/local/python3.11.14/lib/python3.11/site-packages/torch/_dynamo/metrics_context.py", line 101, in __exit__
[36m(WorkerDict pid=2846353)[0m [rank15]:E0620 11:11:58.548000 2846353 site-packages/torch/_dynamo/metrics_context.py:105] [0/1]     self._on_exit(
[36m(WorkerDict pid=2846353)[0m [rank15]:E0620 11:11:58.548000 2846353 site-packages/torch/_dynamo/metrics_context.py:105] [0/1]   File "/usr/local/python3.11.14/lib/python3.11/site-packages/torch/_dynamo/utils.py", line 1632, in record_compilation_metrics
[36m(WorkerDict pid=2846353)[0m [rank15]:E0620 11:11:58.548000 2846353 site-packages/torch/_dynamo/metrics_context.py:105] [0/1]     "triton_version": triton.__version__ if has_triton() else "",
[36m(WorkerDict pid=2846353)[0m [rank15]:E0620 11:11:58.548000 2846353 site-packages/torch/_dynamo/metrics_context.py:105] [0/1]                                             ^^^^^^^^^^^^
[36m(WorkerDict pid=2846353)[0m [rank15]:E0620 11:11:58.548000 2846353 site-packages/torch/_dynamo/metrics_context.py:105] [0/1]   File "/usr/local/python3.11.14/lib/python3.11/site-packages/torch/utils/_triton.py", line 159, in has_triton
[36m(WorkerDict pid=2846353)[0m [rank15]:E0620 11:11:58.548000 2846353 site-packages/torch/_dynamo/metrics_context.py:105] [0/1]     return is_device_compatible_with_triton()
[36m(WorkerDict pid=2846353)[0m [rank15]:E0620 11:11:58.548000 2846353 site-packages/torch/_dynamo/metrics_context.py:105] [0/1]            ^^^^^^^^^^^^^^^^^^^^^^^^^^^^^^^^^^
[36m(WorkerDict pid=2846353)[0m [rank15]:E0620 11:11:58.548000 2846353 site-packages/torch/_dynamo/metrics_context.py:105] [0/1]   File "/usr/local/python3.11.14/lib/python3.11/site-packages/torch/utils/_triton.py", line 155, in is_device_compatible_with_triton
[36m(WorkerDict pid=2846353)[0m [rank15]:E0620 11:11:58.548000 2846353 site-packages/torch/_dynamo/metrics_context.py:105] [0/1]     if device_interface.is_available() and extra_check(device_interface):
[36m(WorkerDict pid=2846353)[0m [rank15]:E0620 11:11:58.548000 2846353 site-packages/torch/_dynamo/metrics_context.py:105] [0/1]                                            ^^^^^^^^^^^^^^^^^^^^^^^^^^^^^
[36m(WorkerDict pid=2846353)[0m [rank15]:E0620 11:11:58.548000 2846353 site-packages/torch/_dynamo/metrics_context.py:105] [0/1]   File "/usr/local/python3.11.14/lib/python3.11/site-packages/torch/utils/_triton.py", line 135, in cuda_extra_check
[36m(WorkerDict pid=2846353)[0m [rank15]:E0620 11:11:58.548000 2846353 site-packages/torch/_dynamo/metrics_context.py:105] [0/1]     return device_interface.Worker.get_device_properties().major >= 7
[36m(WorkerDict pid=2846353)[0m [rank15]:E0620 11:11:58.548000 2846353 site-packages/torch/_dynamo/metrics_context.py:105] [0/1]            ^^^^^^^^^^^^^^^^^^^^^^^^^^^^^^^^^^^^^^^^^^^^^^^^^^^^^^^^^^
[36m(WorkerDict pid=2846353)[0m [rank15]:E0620 11:11:58.548000 2846353 site-packages/torch/_dynamo/metrics_context.py:105] [0/1] TypeError: '>=' not supported between instances of 'NoneType' and 'int'
[36m(WorkerDict pid=2846351)[0m Processed prompts:  59%|█████▉    | 19/32 [18:35<24:00, 110.78s/it, est. speed input: 1.40 toks/s, output: 90.32 toks/s]
[36m(WorkerDict pid=2846353)[0m Processed prompts: 100%|██████████| 32/32 [18:52<00:00, 20.13s/it, est. speed input: 1.82 toks/s, output: 313.69 toks/s]Processed prompts: 100%|██████████| 32/32 [18:52<00:00, 20.13s/it, est. speed input: 1.82 toks/s, output: 313.69 toks/s]
[36m(WorkerDict pid=2846351)[0m Processed prompts:  62%|██████▎   | 20/32 [19:23<18:21, 91.81s/it, est. speed input: 1.42 toks/s, output: 99.10 toks/s] 
[36m(WorkerDict pid=2846351)[0m Processed prompts:  66%|██████▌   | 21/32 [19:31<12:13, 66.71s/it, est. speed input: 1.49 toks/s, output: 110.89 toks/s]
[36m(WorkerDict pid=2846351)[0m Processed prompts:  69%|██████▉   | 22/32 [20:35<11:00, 66.04s/it, est. speed input: 1.49 toks/s, output: 117.59 toks/s]
[36m(WorkerDict pid=2846350)[0m Processed prompts:  97%|█████████▋| 31/32 [20:39<01:04, 64.43s/it, est. speed input: 2.33 toks/s, output: 265.88 toks/s]
[36m(WorkerDict pid=2846350)[0m [rank13]:E0620 11:14:25.446000 2846350 site-packages/torch/_dynamo/metrics_context.py:105] [0/1] Unexpected exception logging compilation metrics
[36m(WorkerDict pid=2846350)[0m [rank13]:E0620 11:14:25.446000 2846350 site-packages/torch/_dynamo/metrics_context.py:105] [0/1] Traceback (most recent call last):
[36m(WorkerDict pid=2846350)[0m [rank13]:E0620 11:14:25.446000 2846350 site-packages/torch/_dynamo/metrics_context.py:105] [0/1]   File "/usr/local/python3.11.14/lib/python3.11/site-packages/torch/_dynamo/metrics_context.py", line 101, in __exit__
[36m(WorkerDict pid=2846350)[0m [rank13]:E0620 11:14:25.446000 2846350 site-packages/torch/_dynamo/metrics_context.py:105] [0/1]     self._on_exit(
[36m(WorkerDict pid=2846350)[0m [rank13]:E0620 11:14:25.446000 2846350 site-packages/torch/_dynamo/metrics_context.py:105] [0/1]   File "/usr/local/python3.11.14/lib/python3.11/site-packages/torch/_dynamo/utils.py", line 1632, in record_compilation_metrics
[36m(WorkerDict pid=2846350)[0m [rank13]:E0620 11:14:25.446000 2846350 site-packages/torch/_dynamo/metrics_context.py:105] [0/1]     "triton_version": triton.__version__ if has_triton() else "",
[36m(WorkerDict pid=2846350)[0m [rank13]:E0620 11:14:25.446000 2846350 site-packages/torch/_dynamo/metrics_context.py:105] [0/1]                                             ^^^^^^^^^^^^
[36m(WorkerDict pid=2846350)[0m [rank13]:E0620 11:14:25.446000 2846350 site-packages/torch/_dynamo/metrics_context.py:105] [0/1]   File "/usr/local/python3.11.14/lib/python3.11/site-packages/torch/utils/_triton.py", line 159, in has_triton
[36m(WorkerDict pid=2846350)[0m [rank13]:E0620 11:14:25.446000 2846350 site-packages/torch/_dynamo/metrics_context.py:105] [0/1]     return is_device_compatible_with_triton()
[36m(WorkerDict pid=2846350)[0m [rank13]:E0620 11:14:25.446000 2846350 site-packages/torch/_dynamo/metrics_context.py:105] [0/1]            ^^^^^^^^^^^^^^^^^^^^^^^^^^^^^^^^^^
[36m(WorkerDict pid=2846350)[0m [rank13]:E0620 11:14:25.446000 2846350 site-packages/torch/_dynamo/metrics_context.py:105] [0/1]   File "/usr/local/python3.11.14/lib/python3.11/site-packages/torch/utils/_triton.py", line 155, in is_device_compatible_with_triton
[36m(WorkerDict pid=2846350)[0m [rank13]:E0620 11:14:25.446000 2846350 site-packages/torch/_dynamo/metrics_context.py:105] [0/1]     if device_interface.is_available() and extra_check(device_interface):
[36m(WorkerDict pid=2846350)[0m [rank13]:E0620 11:14:25.446000 2846350 site-packages/torch/_dynamo/metrics_context.py:105] [0/1]                                            ^^^^^^^^^^^^^^^^^^^^^^^^^^^^^
[36m(WorkerDict pid=2846350)[0m [rank13]:E0620 11:14:25.446000 2846350 site-packages/torch/_dynamo/metrics_context.py:105] [0/1]   File "/usr/local/python3.11.14/lib/python3.11/site-packages/torch/utils/_triton.py", line 135, in cuda_extra_check
[36m(WorkerDict pid=2846350)[0m [rank13]:E0620 11:14:25.446000 2846350 site-packages/torch/_dynamo/metrics_context.py:105] [0/1]     return device_interface.Worker.get_device_properties().major >= 7
[36m(WorkerDict pid=2846350)[0m [rank13]:E0620 11:14:25.446000 2846350 site-packages/torch/_dynamo/metrics_context.py:105] [0/1]            ^^^^^^^^^^^^^^^^^^^^^^^^^^^^^^^^^^^^^^^^^^^^^^^^^^^^^^^^^^
[36m(WorkerDict pid=2846350)[0m [rank13]:E0620 11:14:25.446000 2846350 site-packages/torch/_dynamo/metrics_context.py:105] [0/1] TypeError: '>=' not supported between instances of 'NoneType' and 'int'
[36m(WorkerDict pid=2846351)[0m Processed prompts:  72%|███████▏  | 23/32 [21:05<08:15, 55.10s/it, est. speed input: 1.53 toks/s, output: 127.32 toks/s]
[36m(WorkerDict pid=2846351)[0m Processed prompts:  75%|███████▌  | 24/32 [21:20<05:44, 43.08s/it, est. speed input: 1.59 toks/s, output: 138.32 toks/s]
[36m(WorkerDict pid=2846351)[0m Processed prompts:  78%|███████▊  | 25/32 [21:48<04:29, 38.51s/it, est. speed input: 1.63 toks/s, output: 147.85 toks/s]
[36m(WorkerDict pid=2846349)[0m Processed prompts: 100%|██████████| 32/32 [21:52<00:00, 41.02s/it, est. speed input: 2.59 toks/s, output: 229.54 toks/s]
[36m(WorkerDict pid=2846346)[0m Processed prompts: 100%|██████████| 32/32 [21:52<00:00, 41.00s/it, est. speed input: 8.61 toks/s, output: 254.44 toks/s]
[36m(WorkerDict pid=2846352)[0m Processed prompts:  53%|█████▎    | 17/32 [21:53<36:12, 144.82s/it, est. speed input: 1.39 toks/s, output: 104.28 toks/s]Processed prompts: 100%|██████████| 32/32 [21:53<00:00, 144.82s/it, est. speed input: 6.50 toks/s, output: 291.38 toks/s]Processed prompts: 100%|██████████| 32/32 [21:53<00:00, 41.05s/it, est. speed input: 6.50 toks/s, output: 291.38 toks/s] 
[36m(WorkerDict pid=2846347)[0m Processed prompts: 100%|██████████| 32/32 [21:53<00:00, 41.04s/it, est. speed input: 3.64 toks/s, output: 313.10 toks/s]
[36m(WorkerDict pid=2846350)[0m Processed prompts: 100%|██████████| 32/32 [21:53<00:00, 67.14s/it, est. speed input: 2.24 toks/s, output: 263.48 toks/s]Processed prompts: 100%|██████████| 32/32 [21:53<00:00, 67.14s/it, est. speed input: 2.24 toks/s, output: 263.48 toks/s]Processed prompts: 100%|██████████| 32/32 [21:53<00:00, 41.04s/it, est. speed input: 2.24 toks/s, output: 263.48 toks/s]
[36m(WorkerDict pid=2846353)[0m Processed prompts: 100%|██████████| 32/32 [21:52<00:00, 41.03s/it, est. speed input: 1.82 toks/s, output: 313.69 toks/s]
[36m(WorkerDict pid=2846348)[0m Processed prompts: 100%|██████████| 32/32 [21:53<00:00, 41.04s/it, est. speed input: 2.14 toks/s, output: 230.63 toks/s]
[36m(WorkerDict pid=2846351)[0m Processed prompts:  81%|████████▏ | 26/32 [21:52<02:50, 28.34s/it, est. speed input: 1.69 toks/s, output: 159.81 toks/s]Processed prompts: 100%|██████████| 32/32 [21:52<00:00, 28.34s/it, est. speed input: 2.12 toks/s, output: 234.68 toks/s]Processed prompts: 100%|██████████| 32/32 [21:52<00:00, 41.03s/it, est. speed input: 2.12 toks/s, output: 234.68 toks/s]
[36m(WorkerDict pid=2846338)[0m [rank0]:[W620 11:17:25.776686605 compiler_depend.ts:67] Warning: c10d::broadcast_: an autograd kernel was not registered to the Autograd key(s) but we are trying to backprop through it. This may lead to silently incorrect behavior. This behavior is deprecated and will be removed in a future version of PyTorch. If your operator is differentiable, please ensure you have registered an autograd kernel to the correct Autograd key (e.g. DispatchKey::Autograd, DispatchKey::CompositeImplicitAutograd). If your operator is not differentiable, or to squash this warning and use the previous behavior, please register torch::CppFunction::makeFallthrough() to DispatchKey::Autograd. (function operator())
[36m(TaskRunner pid=2843659)[0m Training Progress:  20%|██        | 1/5 [25:32<1:42:08, 1532.06s/it]
[36m(WorkerDict pid=2846344)[0m Adding requests:   0%|          | 0/32 [00:00<?, ?it/s]Adding requests: 100%|██████████| 32/32 [00:00<00:00, 12509.81it/s]
[36m(WorkerDict pid=2846344)[0m Processed prompts:   0%|          | 0/32 [00:00<?, ?it/s, est. speed input: 0.00 toks/s, output: 0.00 toks/s]
[36m(WorkerDict pid=2846343)[0m Adding requests:   0%|          | 0/32 [00:00<?, ?it/s]Adding requests: 100%|██████████| 32/32 [00:00<00:00, 12078.63it/s]
[36m(WorkerDict pid=2846343)[0m Processed prompts:   0%|          | 0/32 [00:00<?, ?it/s, est. speed input: 0.00 toks/s, output: 0.00 toks/s]
[36m(WorkerDict pid=2846345)[0m Adding requests:   0%|          | 0/32 [00:00<?, ?it/s]Adding requests: 100%|██████████| 32/32 [00:00<00:00, 12505.15it/s]
[36m(WorkerDict pid=2846345)[0m Processed prompts:   0%|          | 0/32 [00:00<?, ?it/s, est. speed input: 0.00 toks/s, output: 0.00 toks/s]
[36m(WorkerDict pid=2846341)[0m Adding requests:   0%|          | 0/32 [00:00<?, ?it/s]Adding requests: 100%|██████████| 32/32 [00:00<00:00, 12098.23it/s]
[36m(WorkerDict pid=2846341)[0m Processed prompts:   0%|          | 0/32 [00:00<?, ?it/s, est. speed input: 0.00 toks/s, output: 0.00 toks/s]
[36m(WorkerDict pid=2846338)[0m Adding requests:   0%|          | 0/32 [00:00<?, ?it/s]Adding requests: 100%|██████████| 32/32 [00:00<00:00, 12102.59it/s]
[36m(WorkerDict pid=2846338)[0m Processed prompts:   0%|          | 0/32 [00:00<?, ?it/s, est. speed input: 0.00 toks/s, output: 0.00 toks/s]
[36m(WorkerDict pid=2846339)[0m Adding requests:   0%|          | 0/32 [00:00<?, ?it/s]Adding requests: 100%|██████████| 32/32 [00:00<00:00, 12626.31it/s]
[36m(WorkerDict pid=2846339)[0m Processed prompts:   0%|          | 0/32 [00:00<?, ?it/s, est. speed input: 0.00 toks/s, output: 0.00 toks/s]
[36m(WorkerDict pid=2846342)[0m Adding requests:   0%|          | 0/32 [00:00<?, ?it/s]Adding requests: 100%|██████████| 32/32 [00:00<00:00, 12274.14it/s]
[36m(WorkerDict pid=2846342)[0m Processed prompts:   0%|          | 0/32 [00:00<?, ?it/s, est. speed input: 0.00 toks/s, output: 0.00 toks/s]
[36m(WorkerDict pid=2846349)[0m Adding requests:   0%|          | 0/32 [00:00<?, ?it/s]Adding requests: 100%|██████████| 32/32 [00:00<00:00, 12143.10it/s]
[36m(WorkerDict pid=2846349)[0m Processed prompts:   0%|          | 0/32 [00:00<?, ?it/s, est. speed input: 0.00 toks/s, output: 0.00 toks/s]
[36m(WorkerDict pid=2846347)[0m Adding requests:   0%|          | 0/32 [00:00<?, ?it/s]Adding requests: 100%|██████████| 32/32 [00:00<00:00, 12129.93it/s]
[36m(WorkerDict pid=2846347)[0m Processed prompts:   0%|          | 0/32 [00:00<?, ?it/s, est. speed input: 0.00 toks/s, output: 0.00 toks/s]
[36m(WorkerDict pid=2846350)[0m Adding requests:   0%|          | 0/32 [00:00<?, ?it/s]Adding requests: 100%|██████████| 32/32 [00:00<00:00, 12638.20it/s]
[36m(WorkerDict pid=2846350)[0m Processed prompts:   0%|          | 0/32 [00:00<?, ?it/s, est. speed input: 0.00 toks/s, output: 0.00 toks/s]
[36m(WorkerDict pid=2846352)[0m Adding requests:   0%|          | 0/32 [00:00<?, ?it/s]Adding requests: 100%|██████████| 32/32 [00:00<00:00, 11897.68it/s]
[36m(WorkerDict pid=2846352)[0m Processed prompts:   0%|          | 0/32 [00:00<?, ?it/s, est. speed input: 0.00 toks/s, output: 0.00 toks/s]
[36m(WorkerDict pid=2846348)[0m Adding requests:   0%|          | 0/32 [00:00<?, ?it/s]Adding requests: 100%|██████████| 32/32 [00:00<00:00, 12300.01it/s]
[36m(WorkerDict pid=2846348)[0m Processed prompts:   0%|          | 0/32 [00:00<?, ?it/s, est. speed input: 0.00 toks/s, output: 0.00 toks/s]
[36m(WorkerDict pid=2846351)[0m Adding requests:   0%|          | 0/32 [00:00<?, ?it/s]Adding requests: 100%|██████████| 32/32 [00:00<00:00, 12016.99it/s]
[36m(WorkerDict pid=2846351)[0m Processed prompts:   0%|          | 0/32 [00:00<?, ?it/s, est. speed input: 0.00 toks/s, output: 0.00 toks/s]
[36m(WorkerDict pid=2846353)[0m Adding requests:   0%|          | 0/32 [00:00<?, ?it/s]Adding requests: 100%|██████████| 32/32 [00:00<00:00, 11843.09it/s]
[36m(WorkerDict pid=2846353)[0m Processed prompts:   0%|          | 0/32 [00:00<?, ?it/s, est. speed input: 0.00 toks/s, output: 0.00 toks/s]
[36m(WorkerDict pid=2846340)[0m Adding requests:   0%|          | 0/32 [00:00<?, ?it/s]Adding requests: 100%|██████████| 32/32 [00:00<00:00, 11279.75it/s]
[36m(WorkerDict pid=2846340)[0m Processed prompts:   0%|          | 0/32 [00:00<?, ?it/s, est. speed input: 0.00 toks/s, output: 0.00 toks/s]
[36m(WorkerDict pid=2846346)[0m Adding requests:   0%|          | 0/32 [00:00<?, ?it/s]Adding requests: 100%|██████████| 32/32 [00:00<00:00, 11453.98it/s]
[36m(WorkerDict pid=2846346)[0m Processed prompts:   0%|          | 0/32 [00:00<?, ?it/s, est. speed input: 0.00 toks/s, output: 0.00 toks/s]
[36m(WorkerDict pid=2846345)[0m Processed prompts:   3%|▎         | 1/32 [01:19<41:17, 79.93s/it, est. speed input: 1.31 toks/s, output: 11.62 toks/s]
[36m(WorkerDict pid=2846345)[0m Processed prompts:   6%|▋         | 2/32 [01:22<17:05, 34.20s/it, est. speed input: 2.56 toks/s, output: 22.95 toks/s]
[36m(WorkerDict pid=2846345)[0m Processed prompts:   9%|▉         | 3/32 [01:26<09:58, 20.64s/it, est. speed input: 3.64 toks/s, output: 33.44 toks/s]
[36m(WorkerDict pid=2846345)[0m Processed prompts:  12%|█▎        | 4/32 [01:26<05:51, 12.55s/it, est. speed input: 4.84 toks/s, output: 45.05 toks/s]
[36m(WorkerDict pid=2846345)[0m Processed prompts:  16%|█▌        | 5/32 [01:28<03:54,  8.67s/it, est. speed input: 5.93 toks/s, output: 55.83 toks/s]
[36m(WorkerDict pid=2846345)[0m Processed prompts:  19%|█▉        | 6/32 [01:36<03:40,  8.47s/it, est. speed input: 6.52 toks/s, output: 62.98 toks/s]
[36m(WorkerDict pid=2846345)[0m Processed prompts:  22%|██▏       | 7/32 [01:37<02:26,  5.87s/it, est. speed input: 7.57 toks/s, output: 74.48 toks/s]
[36m(WorkerDict pid=2846344)[0m Processed prompts:   3%|▎         | 1/32 [01:38<50:55, 98.57s/it, est. speed input: 0.92 toks/s, output: 11.80 toks/s]
[36m(WorkerDict pid=2846345)[0m Processed prompts:  25%|██▌       | 8/32 [01:40<01:58,  4.95s/it, est. speed input: 8.39 toks/s, output: 84.15 toks/s]
[36m(WorkerDict pid=2846344)[0m Processed prompts:   6%|▋         | 2/32 [01:40<21:00, 42.01s/it, est. speed input: 1.80 toks/s, output: 23.40 toks/s]
[36m(WorkerDict pid=2846345)[0m Processed prompts:  28%|██▊       | 9/32 [01:42<01:34,  4.11s/it, est. speed input: 9.23 toks/s, output: 94.27 toks/s]
[36m(WorkerDict pid=2846344)[0m Processed prompts:   9%|▉         | 3/32 [01:44<11:47, 24.41s/it, est. speed input: 2.61 toks/s, output: 34.57 toks/s]
[36m(WorkerDict pid=2846345)[0m Processed prompts:  31%|███▏      | 10/32 [01:46<01:27,  3.97s/it, est. speed input: 9.90 toks/s, output: 103.01 toks/s]
[36m(WorkerDict pid=2846345)[0m Processed prompts:  34%|███▍      | 11/32 [01:47<01:05,  3.11s/it, est. speed input: 10.77 toks/s, output: 113.90 toks/s]
[36m(WorkerDict pid=2846345)[0m Processed prompts:  38%|███▊      | 12/32 [01:47<00:47,  2.36s/it, est. speed input: 11.68 toks/s, output: 125.22 toks/s]
[36m(WorkerDict pid=2846345)[0m Processed prompts:  41%|████      | 13/32 [01:49<00:38,  2.01s/it, est. speed input: 12.51 toks/s, output: 135.81 toks/s]
[36m(WorkerDict pid=2846345)[0m Processed prompts:  44%|████▍     | 14/32 [01:49<00:26,  1.48s/it, est. speed input: 13.45 toks/s, output: 147.51 toks/s]
[36m(WorkerDict pid=2846341)[0m Processed prompts:   3%|▎         | 1/32 [01:49<56:46, 109.88s/it, est. speed input: 0.18 toks/s, output: 12.01 toks/s]
[36m(WorkerDict pid=2846344)[0m Processed prompts:  12%|█▎        | 4/32 [01:52<08:25, 18.04s/it, est. speed input: 3.23 toks/s, output: 44.02 toks/s]
[36m(WorkerDict pid=2846344)[0m Processed prompts:  16%|█▌        | 5/32 [01:55<05:41, 12.66s/it, est. speed input: 3.93 toks/s, output: 54.85 toks/s]
[36m(WorkerDict pid=2846341)[0m Processed prompts:   6%|▋         | 2/32 [02:01<26:01, 52.04s/it, est. speed input: 0.33 toks/s, output: 22.94 toks/s] 
[36m(WorkerDict pid=2846341)[0m Processed prompts:   9%|▉         | 3/32 [02:01<13:44, 28.42s/it, est. speed input: 0.49 toks/s, output: 34.96 toks/s]
[36m(WorkerDict pid=2846345)[0m Processed prompts:  47%|████▋     | 15/32 [02:02<01:26,  5.06s/it, est. speed input: 12.84 toks/s, output: 143.50 toks/s]
[36m(WorkerDict pid=2846341)[0m Processed prompts:  12%|█▎        | 4/32 [02:02<08:12, 17.58s/it, est. speed input: 0.65 toks/s, output: 46.76 toks/s]
[36m(WorkerDict pid=2846341)[0m Processed prompts:  16%|█▌        | 5/32 [02:03<05:06, 11.35s/it, est. speed input: 0.81 toks/s, output: 58.73 toks/s]
[36m(WorkerDict pid=2846344)[0m Processed prompts:  19%|█▉        | 6/32 [02:03<04:48, 11.08s/it, est. speed input: 4.41 toks/s, output: 63.34 toks/s]
[36m(WorkerDict pid=2846345)[0m Processed prompts:  50%|█████     | 16/32 [02:04<01:03,  3.99s/it, est. speed input: 13.53 toks/s, output: 153.85 toks/s]
[36m(WorkerDict pid=2846341)[0m Processed prompts:  19%|█▉        | 6/32 [02:08<04:00,  9.23s/it, est. speed input: 0.94 toks/s, output: 68.49 toks/s]
[36m(WorkerDict pid=2846341)[0m Processed prompts:  22%|██▏       | 7/32 [02:08<02:38,  6.33s/it, est. speed input: 1.09 toks/s, output: 80.40 toks/s]
[36m(WorkerDict pid=2846341)[0m Processed prompts:  25%|██▌       | 8/32 [02:09<01:53,  4.74s/it, est. speed input: 1.23 toks/s, output: 91.69 toks/s]
[36m(WorkerDict pid=2846342)[0m Processed prompts:   3%|▎         | 1/32 [02:12<1:08:28, 132.52s/it, est. speed input: 0.22 toks/s, output: 12.13 toks/s]
[36m(WorkerDict pid=2846342)[0m Processed prompts:   6%|▋         | 2/32 [02:13<27:31, 55.05s/it, est. speed input: 0.43 toks/s, output: 24.21 toks/s]   
[36m(WorkerDict pid=2846342)[0m Processed prompts:   9%|▉         | 3/32 [02:16<15:09, 31.37s/it, est. speed input: 0.64 toks/s, output: 35.80 toks/s]
[36m(WorkerDict pid=2846344)[0m Processed prompts:  22%|██▏       | 7/32 [02:18<05:07, 12.28s/it, est. speed input: 4.60 toks/s, output: 68.71 toks/s]
[36m(WorkerDict pid=2846342)[0m Processed prompts:  12%|█▎        | 4/32 [02:18<09:10, 19.66s/it, est. speed input: 0.84 toks/s, output: 47.51 toks/s]
[36m(WorkerDict pid=2846342)[0m Processed prompts:  16%|█▌        | 5/32 [02:18<05:41, 12.64s/it, est. speed input: 1.05 toks/s, output: 59.61 toks/s]
[36m(WorkerDict pid=2846342)[0m Processed prompts:  19%|█▉        | 6/32 [02:20<03:52,  8.94s/it, est. speed input: 1.24 toks/s, output: 71.06 toks/s]
[36m(WorkerDict pid=2846343)[0m Processed prompts:   3%|▎         | 1/32 [02:20<1:12:43, 140.76s/it, est. speed input: 0.40 toks/s, output: 12.15 toks/s]
[36m(WorkerDict pid=2846341)[0m Processed prompts:  28%|██▊       | 9/32 [02:21<02:41,  7.03s/it, est. speed input: 1.27 toks/s, output: 96.08 toks/s]
[36m(WorkerDict pid=2846344)[0m Processed prompts:  25%|██▌       | 8/32 [02:24<04:07, 10.31s/it, est. speed input: 5.03 toks/s, output: 77.96 toks/s]
[36m(WorkerDict pid=2846343)[0m Processed prompts:   6%|▋         | 2/32 [02:25<30:19, 60.64s/it, est. speed input: 0.78 toks/s, output: 23.93 toks/s]   
[36m(WorkerDict pid=2846342)[0m Processed prompts:  22%|██▏       | 7/32 [02:27<03:26,  8.25s/it, est. speed input: 1.38 toks/s, output: 79.97 toks/s]
[36m(WorkerDict pid=2846342)[0m Processed prompts:  25%|██▌       | 8/32 [02:28<02:22,  5.95s/it, est. speed input: 1.57 toks/s, output: 91.61 toks/s]
[36m(WorkerDict pid=2846343)[0m Processed prompts:   9%|▉         | 3/32 [02:33<17:41, 36.61s/it, est. speed input: 1.12 toks/s, output: 34.85 toks/s]
[36m(WorkerDict pid=2846343)[0m Processed prompts:  12%|█▎        | 4/32 [02:33<10:23, 22.28s/it, est. speed input: 1.48 toks/s, output: 46.94 toks/s]
[36m(WorkerDict pid=2846344)[0m Processed prompts:  28%|██▊       | 9/32 [02:34<03:51, 10.07s/it, est. speed input: 5.31 toks/s, output: 85.31 toks/s]
[36m(WorkerDict pid=2846341)[0m Processed prompts:  31%|███▏      | 10/32 [02:33<03:07,  8.53s/it, est. speed input: 1.30 toks/s, output: 100.84 toks/s]
[36m(WorkerDict pid=2846341)[0m Processed prompts:  34%|███▍      | 11/32 [02:34<02:06,  6.02s/it, est. speed input: 1.43 toks/s, output: 112.81 toks/s]
[36m(WorkerDict pid=2846343)[0m Processed prompts:  16%|█▌        | 5/32 [02:35<06:47, 15.09s/it, est. speed input: 1.83 toks/s, output: 58.43 toks/s]
[36m(WorkerDict pid=2846343)[0m Processed prompts:  19%|█▉        | 6/32 [02:37<04:34, 10.57s/it, est. speed input: 2.17 toks/s, output: 69.95 toks/s]
[36m(WorkerDict pid=2846342)[0m Processed prompts:  28%|██▊       | 9/32 [02:37<02:41,  7.03s/it, est. speed input: 1.66 toks/s, output: 98.37 toks/s]
[36m(WorkerDict pid=2846343)[0m Processed prompts:  22%|██▏       | 7/32 [02:38<02:59,  7.19s/it, est. speed input: 2.52 toks/s, output: 82.03 toks/s]
[36m(WorkerDict pid=2846344)[0m Processed prompts:  31%|███▏      | 10/32 [02:38<03:04,  8.41s/it, est. speed input: 5.73 toks/s, output: 94.97 toks/s]
[36m(WorkerDict pid=2846341)[0m Processed prompts:  38%|███▊      | 12/32 [02:39<01:53,  5.69s/it, est. speed input: 1.51 toks/s, output: 121.53 toks/s]
[36m(WorkerDict pid=2846341)[0m Processed prompts:  41%|████      | 13/32 [02:40<01:22,  4.35s/it, est. speed input: 1.62 toks/s, output: 132.78 toks/s]
[36m(WorkerDict pid=2846341)[0m Processed prompts:  44%|████▍     | 14/32 [02:42<01:05,  3.64s/it, est. speed input: 1.73 toks/s, output: 143.35 toks/s]
[36m(WorkerDict pid=2846344)[0m Processed prompts:  34%|███▍      | 11/32 [02:43<02:29,  7.11s/it, est. speed input: 6.14 toks/s, output: 104.74 toks/s]
[36m(WorkerDict pid=2846344)[0m Processed prompts:  38%|███▊      | 12/32 [02:45<01:52,  5.61s/it, est. speed input: 6.61 toks/s, output: 115.56 toks/s]
[36m(WorkerDict pid=2846341)[0m Processed prompts:  47%|████▋     | 15/32 [02:45<00:58,  3.42s/it, est. speed input: 1.82 toks/s, output: 153.06 toks/s]
[36m(WorkerDict pid=2846343)[0m Processed prompts:  25%|██▌       | 8/32 [02:45<02:55,  7.31s/it, est. speed input: 2.75 toks/s, output: 90.50 toks/s]
[36m(WorkerDict pid=2846338)[0m Processed prompts:   3%|▎         | 1/32 [02:47<1:26:45, 167.93s/it, est. speed input: 0.29 toks/s, output: 12.24 toks/s]
[36m(WorkerDict pid=2846343)[0m Processed prompts:  28%|██▊       | 9/32 [02:50<02:27,  6.43s/it, est. speed input: 3.02 toks/s, output: 100.34 toks/s]
[36m(WorkerDict pid=2846343)[0m Processed prompts:  31%|███▏      | 10/32 [02:56<02:18,  6.30s/it, est. speed input: 3.24 toks/s, output: 109.15 toks/s]
[36m(WorkerDict pid=2846338)[0m Processed prompts:   6%|▋         | 2/32 [02:56<37:04, 74.14s/it, est. speed input: 0.58 toks/s, output: 23.92 toks/s]   
[36m(WorkerDict pid=2846342)[0m Processed prompts:  31%|███▏      | 10/32 [02:56<03:57, 10.82s/it, est. speed input: 1.64 toks/s, output: 99.92 toks/s]
[36m(WorkerDict pid=2846340)[0m Processed prompts:   3%|▎         | 1/32 [02:58<1:32:27, 178.95s/it, est. speed input: 0.38 toks/s, output: 12.34 toks/s]
[36m(WorkerDict pid=2846342)[0m Processed prompts:  34%|███▍      | 11/32 [02:59<02:58,  8.50s/it, est. speed input: 1.77 toks/s, output: 110.41 toks/s]
[36m(WorkerDict pid=2846339)[0m Processed prompts:   3%|▎         | 1/32 [03:00<1:33:30, 180.99s/it, est. speed input: 0.40 toks/s, output: 12.28 toks/s]
[36m(WorkerDict pid=2846338)[0m Processed prompts:   9%|▉         | 3/32 [03:01<20:36, 42.62s/it, est. speed input: 0.84 toks/s, output: 35.52 toks/s]
[36m(WorkerDict pid=2846343)[0m Processed prompts:  34%|███▍      | 11/32 [03:02<02:15,  6.43s/it, est. speed input: 3.43 toks/s, output: 117.39 toks/s]
[36m(WorkerDict pid=2846339)[0m Processed prompts:   9%|▉         | 3/32 [03:02<23:01, 47.64s/it, est. speed input: 1.20 toks/s, output: 36.59 toks/s]   
[36m(WorkerDict pid=2846342)[0m Processed prompts:  38%|███▊      | 12/32 [03:04<02:28,  7.40s/it, est. speed input: 1.88 toks/s, output: 119.77 toks/s]
[36m(WorkerDict pid=2846340)[0m Processed prompts:   6%|▋         | 2/32 [03:08<39:39, 79.33s/it, est. speed input: 0.56 toks/s, output: 24.06 toks/s]   
[36m(WorkerDict pid=2846339)[0m Processed prompts:  12%|█▎        | 4/32 [03:09<15:39, 33.57s/it, est. speed input: 1.54 toks/s, output: 47.55 toks/s]
[36m(WorkerDict pid=2846343)[0m Processed prompts:  38%|███▊      | 12/32 [03:10<02:19,  6.95s/it, est. speed input: 3.58 toks/s, output: 124.65 toks/s]
[36m(WorkerDict pid=2846338)[0m Processed prompts:  12%|█▎        | 4/32 [03:12<13:58, 29.94s/it, est. speed input: 1.05 toks/s, output: 45.87 toks/s]
[36m(WorkerDict pid=2846342)[0m Processed prompts:  41%|████      | 13/32 [03:12<02:20,  7.42s/it, est. speed input: 1.96 toks/s, output: 127.44 toks/s]
[36m(WorkerDict pid=2846343)[0m Processed prompts:  41%|████      | 13/32 [03:13<01:45,  5.56s/it, est. speed input: 3.83 toks/s, output: 135.41 toks/s]
[36m(WorkerDict pid=2846340)[0m Processed prompts:   9%|▉         | 3/32 [03:12<21:37, 44.74s/it, est. speed input: 0.90 toks/s, output: 35.97 toks/s]
[36m(WorkerDict pid=2846340)[0m Processed prompts:  12%|█▎        | 4/32 [03:14<13:09, 28.19s/it, est. speed input: 1.08 toks/s, output: 47.81 toks/s]
[36m(WorkerDict pid=2846340)[0m Processed prompts:  16%|█▌        | 5/32 [03:15<08:10, 18.17s/it, est. speed input: 1.26 toks/s, output: 60.07 toks/s]
[36m(WorkerDict pid=2846340)[0m Processed prompts:  19%|█▉        | 6/32 [03:16<05:25, 12.51s/it, est. speed input: 1.44 toks/s, output: 71.96 toks/s]
[36m(WorkerDict pid=2846340)[0m Processed prompts:  22%|██▏       | 7/32 [03:20<03:59,  9.59s/it, est. speed input: 1.60 toks/s, output: 83.04 toks/s]
[36m(WorkerDict pid=2846339)[0m Processed prompts:  16%|█▌        | 5/32 [03:21<11:53, 26.42s/it, est. speed input: 1.81 toks/s, output: 57.05 toks/s]
[36m(WorkerDict pid=2846340)[0m Processed prompts:  25%|██▌       | 8/32 [03:20<02:41,  6.71s/it, est. speed input: 1.78 toks/s, output: 95.17 toks/s]
[36m(WorkerDict pid=2846340)[0m Processed prompts:  28%|██▊       | 9/32 [03:22<01:57,  5.11s/it, est. speed input: 1.95 toks/s, output: 106.78 toks/s]
[36m(WorkerDict pid=2846340)[0m Processed prompts:  31%|███▏      | 10/32 [03:24<01:30,  4.14s/it, est. speed input: 2.11 toks/s, output: 118.13 toks/s]
[36m(WorkerDict pid=2846340)[0m Processed prompts:  34%|███▍      | 11/32 [03:25<01:08,  3.26s/it, est. speed input: 2.43 toks/s, output: 129.78 toks/s]
[36m(WorkerDict pid=2846340)[0m Processed prompts:  38%|███▊      | 12/32 [03:27<00:53,  2.66s/it, est. speed input: 2.59 toks/s, output: 141.33 toks/s]
[36m(WorkerDict pid=2846340)[0m Processed prompts:  44%|████▍     | 14/32 [03:28<00:30,  1.67s/it, est. speed input: 2.94 toks/s, output: 165.29 toks/s]
[36m(WorkerDict pid=2846338)[0m Processed prompts:  16%|█▌        | 5/32 [03:29<11:24, 25.35s/it, est. speed input: 1.19 toks/s, output: 54.41 toks/s]
[36m(WorkerDict pid=2846340)[0m Processed prompts:  47%|████▋     | 15/32 [03:28<00:22,  1.32s/it, est. speed input: 3.11 toks/s, output: 177.46 toks/s]
[36m(WorkerDict pid=2846338)[0m Processed prompts:  19%|█▉        | 6/32 [03:29<07:16, 16.79s/it, est. speed input: 1.45 toks/s, output: 66.69 toks/s]
[36m(WorkerDict pid=2846340)[0m Processed prompts:  50%|█████     | 16/32 [03:31<00:28,  1.77s/it, est. speed input: 3.24 toks/s, output: 187.29 toks/s]
[36m(WorkerDict pid=2846338)[0m Processed prompts:  25%|██▌       | 8/32 [03:32<03:41,  9.24s/it, est. speed input: 1.89 toks/s, output: 90.23 toks/s]
[36m(WorkerDict pid=2846338)[0m Processed prompts:  28%|██▊       | 9/32 [03:36<03:00,  7.83s/it, est. speed input: 2.09 toks/s, output: 100.96 toks/s]
[36m(WorkerDict pid=2846342)[0m Processed prompts:  44%|████▍     | 14/32 [03:37<03:50, 12.81s/it, est. speed input: 2.18 toks/s, output: 124.98 toks/s]
[36m(WorkerDict pid=2846343)[0m Processed prompts:  44%|████▍     | 14/32 [03:42<03:47, 12.63s/it, est. speed input: 3.59 toks/s, output: 130.09 toks/s]
[36m(WorkerDict pid=2846340)[0m Processed prompts:  53%|█████▎    | 17/32 [03:41<01:01,  4.07s/it, est. speed input: 3.26 toks/s, output: 191.06 toks/s]
[36m(WorkerDict pid=2846342)[0m Processed prompts:  47%|████▋     | 15/32 [03:42<02:59, 10.55s/it, est. speed input: 2.26 toks/s, output: 134.36 toks/s]
[36m(WorkerDict pid=2846338)[0m Processed prompts:  31%|███▏      | 10/32 [03:45<03:01,  8.24s/it, est. speed input: 2.22 toks/s, output: 109.14 toks/s]
[36m(WorkerDict pid=2846343)[0m Processed prompts:  47%|████▋     | 15/32 [03:46<02:50, 10.01s/it, est. speed input: 3.78 toks/s, output: 140.18 toks/s]
[36m(WorkerDict pid=2846343)[0m Processed prompts:  50%|█████     | 16/32 [03:48<02:03,  7.69s/it, est. speed input: 3.99 toks/s, output: 151.10 toks/s]
[36m(WorkerDict pid=2846339)[0m Processed prompts:  19%|█▉        | 6/32 [03:52<12:06, 27.93s/it, est. speed input: 1.75 toks/s, output: 61.79 toks/s]
[36m(WorkerDict pid=2846342)[0m Processed prompts:  50%|█████     | 16/32 [03:53<02:47, 10.47s/it, est. speed input: 2.57 toks/s, output: 140.81 toks/s]
[36m(WorkerDict pid=2846342)[0m Processed prompts:  53%|█████▎    | 17/32 [03:55<02:00,  8.02s/it, est. speed input: 2.96 toks/s, output: 151.79 toks/s]
[36m(WorkerDict pid=2846343)[0m Processed prompts:  53%|█████▎    | 17/32 [03:56<01:55,  7.69s/it, est. speed input: 4.16 toks/s, output: 158.53 toks/s]
[36m(WorkerDict pid=2846340)[0m Processed prompts:  56%|█████▋    | 18/32 [03:55<01:33,  6.67s/it, est. speed input: 3.23 toks/s, output: 192.60 toks/s]
[36m(WorkerDict pid=2846338)[0m Processed prompts:  34%|███▍      | 11/32 [03:56<03:06,  8.89s/it, est. speed input: 2.35 toks/s, output: 116.61 toks/s]
[36m(WorkerDict pid=2846344)[0m Processed prompts:  41%|████      | 13/32 [03:57<08:09, 25.75s/it, est. speed input: 4.98 toks/s, output: 92.80 toks/s] 
[36m(WorkerDict pid=2846340)[0m Processed prompts:  59%|█████▉    | 19/32 [03:57<01:09,  5.36s/it, est. speed input: 3.49 toks/s, output: 203.31 toks/s]
[36m(WorkerDict pid=2846340)[0m Processed prompts:  62%|██████▎   | 20/32 [03:57<00:46,  3.90s/it, est. speed input: 3.64 toks/s, output: 215.44 toks/s]
[36m(WorkerDict pid=2846338)[0m Processed prompts:  38%|███▊      | 12/32 [04:01<02:38,  7.93s/it, est. speed input: 2.50 toks/s, output: 126.31 toks/s]
[36m(WorkerDict pid=2846344)[0m Processed prompts:  44%|████▍     | 14/32 [04:02<05:49, 19.40s/it, est. speed input: 5.26 toks/s, output: 103.33 toks/s]
[36m(WorkerDict pid=2846338)[0m Processed prompts:  41%|████      | 13/32 [04:04<02:01,  6.39s/it, est. speed input: 2.69 toks/s, output: 137.34 toks/s]
[36m(WorkerDict pid=2846338)[0m Processed prompts:  44%|████▍     | 14/32 [04:04<01:22,  4.61s/it, est. speed input: 2.91 toks/s, output: 149.55 toks/s]
[36m(WorkerDict pid=2846339)[0m Processed prompts:  22%|██▏       | 7/32 [04:04<09:30, 22.81s/it, est. speed input: 1.97 toks/s, output: 71.24 toks/s]
[36m(WorkerDict pid=2846342)[0m Processed prompts:  56%|█████▋    | 18/32 [04:05<02:00,  8.63s/it, est. speed input: 2.96 toks/s, output: 157.96 toks/s]
[36m(WorkerDict pid=2846338)[0m Processed prompts:  47%|████▋     | 15/32 [04:05<01:01,  3.63s/it, est. speed input: 3.11 toks/s, output: 161.14 toks/s]
[36m(WorkerDict pid=2846342)[0m Processed prompts:  59%|█████▉    | 19/32 [04:07<01:25,  6.54s/it, est. speed input: 3.05 toks/s, output: 169.29 toks/s]
[36m(WorkerDict pid=2846338)[0m Processed prompts:  50%|█████     | 16/32 [04:07<00:48,  3.05s/it, est. speed input: 3.29 toks/s, output: 172.43 toks/s]
[36m(WorkerDict pid=2846340)[0m Processed prompts:  66%|██████▌   | 21/32 [04:07<01:03,  5.77s/it, est. speed input: 3.76 toks/s, output: 218.93 toks/s]
[36m(WorkerDict pid=2846340)[0m Processed prompts:  69%|██████▉   | 22/32 [04:09<00:46,  4.65s/it, est. speed input: 4.01 toks/s, output: 229.64 toks/s]
[36m(WorkerDict pid=2846340)[0m Processed prompts:  72%|███████▏  | 23/32 [04:10<00:31,  3.53s/it, est. speed input: 4.26 toks/s, output: 241.30 toks/s]
[36m(WorkerDict pid=2846339)[0m Processed prompts:  25%|██▌       | 8/32 [04:12<07:16, 18.20s/it, est. speed input: 2.19 toks/s, output: 81.42 toks/s]
[36m(WorkerDict pid=2846339)[0m Processed prompts:  28%|██▊       | 9/32 [04:13<04:54, 12.79s/it, est. speed input: 2.48 toks/s, output: 93.65 toks/s]
[36m(WorkerDict pid=2846344)[0m Processed prompts:  47%|████▋     | 15/32 [04:16<05:02, 17.82s/it, est. speed input: 5.09 toks/s, output: 110.01 toks/s]
[36m(WorkerDict pid=2846339)[0m Processed prompts:  34%|███▍      | 11/32 [04:16<02:38,  7.57s/it, est. speed input: 3.02 toks/s, output: 117.14 toks/s]
[36m(WorkerDict pid=2846339)[0m Processed prompts:  38%|███▊      | 12/32 [04:17<01:57,  5.90s/it, est. speed input: 3.17 toks/s, output: 129.16 toks/s]
[36m(WorkerDict pid=2846347)[0m Processed prompts:   3%|▎         | 1/32 [04:17<2:12:57, 257.34s/it, est. speed input: 0.26 toks/s, output: 12.42 toks/s]
[36m(WorkerDict pid=2846343)[0m Processed prompts:  56%|█████▋    | 18/32 [04:18<02:50, 12.15s/it, est. speed input: 4.07 toks/s, output: 157.11 toks/s]
[36m(WorkerDict pid=2846338)[0m Processed prompts:  53%|█████▎    | 17/32 [04:22<01:39,  6.65s/it, est. speed input: 3.31 toks/s, output: 174.91 toks/s]
[36m(WorkerDict pid=2846339)[0m Processed prompts:  41%|████      | 13/32 [04:22<01:51,  5.85s/it, est. speed input: 3.27 toks/s, output: 138.78 toks/s]
[36m(WorkerDict pid=2846338)[0m Processed prompts:  56%|█████▋    | 18/32 [04:23<01:10,  5.04s/it, est. speed input: 3.48 toks/s, output: 186.50 toks/s]
[36m(WorkerDict pid=2846339)[0m Processed prompts:  44%|████▍     | 14/32 [04:25<01:28,  4.93s/it, est. speed input: 3.51 toks/s, output: 149.92 toks/s]
[36m(WorkerDict pid=2846343)[0m Processed prompts:  59%|█████▉    | 19/32 [04:26<02:20, 10.82s/it, est. speed input: 4.21 toks/s, output: 164.98 toks/s]
[36m(WorkerDict pid=2846338)[0m Processed prompts:  59%|█████▉    | 19/32 [04:27<01:00,  4.68s/it, est. speed input: 3.63 toks/s, output: 196.25 toks/s]
[36m(WorkerDict pid=2846342)[0m Processed prompts:  62%|██████▎   | 20/32 [04:29<02:16, 11.35s/it, est. speed input: 3.16 toks/s, output: 167.59 toks/s]
[36m(WorkerDict pid=2846340)[0m Processed prompts:  75%|███████▌  | 24/32 [04:29<01:05,  8.20s/it, est. speed input: 4.21 toks/s, output: 236.58 toks/s]
[36m(WorkerDict pid=2846340)[0m Processed prompts:  78%|███████▊  | 25/32 [04:32<00:45,  6.43s/it, est. speed input: 4.43 toks/s, output: 247.09 toks/s]
[36m(WorkerDict pid=2846338)[0m Processed prompts:  62%|██████▎   | 20/32 [04:39<01:22,  6.86s/it, est. speed input: 3.66 toks/s, output: 200.30 toks/s]
[36m(WorkerDict pid=2846344)[0m Processed prompts:  50%|█████     | 16/32 [04:40<05:14, 19.65s/it, est. speed input: 4.98 toks/s, output: 113.05 toks/s]
[36m(WorkerDict pid=2846339)[0m Processed prompts:  47%|████▋     | 15/32 [04:40<02:11,  7.71s/it, est. speed input: 3.48 toks/s, output: 154.43 toks/s]
[36m(WorkerDict pid=2846339)[0m Processed prompts:  50%|█████     | 16/32 [04:40<01:31,  5.69s/it, est. speed input: 3.62 toks/s, output: 166.52 toks/s]
[36m(WorkerDict pid=2846340)[0m Processed prompts:  81%|████████▏ | 26/32 [04:40<00:41,  6.93s/it, est. speed input: 4.54 toks/s, output: 252.43 toks/s]
[36m(WorkerDict pid=2846339)[0m Processed prompts:  53%|█████▎    | 17/32 [04:41<01:03,  4.24s/it, est. speed input: 3.77 toks/s, output: 178.56 toks/s]
[36m(WorkerDict pid=2846340)[0m Processed prompts:  84%|████████▍ | 27/32 [04:41<00:26,  5.20s/it, est. speed input: 4.76 toks/s, output: 263.87 toks/s]
[36m(WorkerDict pid=2846341)[0m Processed prompts:  50%|█████     | 16/32 [04:42<10:02, 37.66s/it, est. speed input: 1.13 toks/s, output: 102.00 toks/s]
[36m(WorkerDict pid=2846342)[0m Processed prompts:  66%|██████▌   | 21/32 [04:42<02:09, 11.75s/it, est. speed input: 3.36 toks/s, output: 172.52 toks/s]
[36m(WorkerDict pid=2846338)[0m Processed prompts:  66%|██████▌   | 21/32 [04:42<01:03,  5.73s/it, est. speed input: 3.82 toks/s, output: 210.55 toks/s]
[36m(WorkerDict pid=2846338)[0m Processed prompts:  69%|██████▉   | 22/32 [04:44<00:44,  4.48s/it, est. speed input: 3.98 toks/s, output: 221.85 toks/s]
[36m(WorkerDict pid=2846342)[0m Processed prompts:  69%|██████▉   | 22/32 [04:46<01:32,  9.30s/it, est. speed input: 3.66 toks/s, output: 182.81 toks/s]
[36m(WorkerDict pid=2846339)[0m Processed prompts:  56%|█████▋    | 18/32 [04:46<01:03,  4.56s/it, est. speed input: 3.95 toks/s, output: 187.69 toks/s]
[36m(WorkerDict pid=2846338)[0m Processed prompts:  72%|███████▏  | 23/32 [04:47<00:36,  4.04s/it, est. speed input: 4.11 toks/s, output: 231.98 toks/s]
[36m(WorkerDict pid=2846339)[0m Processed prompts:  59%|█████▉    | 19/32 [04:48<00:48,  3.74s/it, est. speed input: 4.18 toks/s, output: 198.98 toks/s]
[36m(WorkerDict pid=2846344)[0m Processed prompts:  53%|█████▎    | 17/32 [04:49<04:08, 16.57s/it, est. speed input: 5.13 toks/s, output: 121.82 toks/s]
[36m(WorkerDict pid=2846338)[0m Processed prompts:  75%|███████▌  | 24/32 [04:49<00:28,  3.62s/it, est. speed input: 4.26 toks/s, output: 242.31 toks/s]
[36m(WorkerDict pid=2846338)[0m Processed prompts:  78%|███████▊  | 25/32 [04:50<00:18,  2.60s/it, est. speed input: 4.45 toks/s, output: 254.60 toks/s]
[36m(WorkerDict pid=2846343)[0m Processed prompts:  62%|██████▎   | 20/32 [04:53<03:07, 15.62s/it, est. speed input: 4.06 toks/s, output: 162.36 toks/s]
[36m(WorkerDict pid=2846341)[0m Processed prompts:  53%|█████▎    | 17/32 [04:53<07:27, 29.81s/it, est. speed input: 1.26 toks/s, output: 110.45 toks/s]
[36m(WorkerDict pid=2846343)[0m Processed prompts:  66%|██████▌   | 21/32 [04:55<02:06, 11.47s/it, est. speed input: 4.28 toks/s, output: 173.82 toks/s]
[36m(WorkerDict pid=2846338)[0m Processed prompts:  81%|████████▏ | 26/32 [04:54<00:19,  3.22s/it, est. speed input: 4.56 toks/s, output: 263.04 toks/s]
[36m(WorkerDict pid=2846339)[0m Processed prompts:  62%|██████▎   | 20/32 [04:56<00:59,  4.95s/it, est. speed input: 4.21 toks/s, output: 206.21 toks/s]
[36m(WorkerDict pid=2846339)[0m Processed prompts:  66%|██████▌   | 21/32 [04:57<00:42,  3.82s/it, est. speed input: 4.34 toks/s, output: 217.89 toks/s]
[36m(WorkerDict pid=2846339)[0m Processed prompts:  69%|██████▉   | 22/32 [05:00<00:33,  3.36s/it, est. speed input: 4.45 toks/s, output: 228.71 toks/s]
[36m(WorkerDict pid=2846339)[0m Processed prompts:  72%|███████▏  | 23/32 [05:00<00:22,  2.52s/it, est. speed input: 4.59 toks/s, output: 240.77 toks/s]
[36m(WorkerDict pid=2846346)[0m Processed prompts:   3%|▎         | 1/32 [05:00<2:35:26, 300.84s/it, est. speed input: 0.35 toks/s, output: 12.52 toks/s]
[36m(WorkerDict pid=2846339)[0m Processed prompts:  75%|███████▌  | 24/32 [05:03<00:20,  2.55s/it, est. speed input: 4.79 toks/s, output: 251.19 toks/s]
[36m(WorkerDict pid=2846338)[0m Processed prompts:  84%|████████▍ | 27/32 [05:03<00:23,  4.78s/it, est. speed input: 4.61 toks/s, output: 268.20 toks/s]
[36m(WorkerDict pid=2846338)[0m Processed prompts:  88%|████████▊ | 28/32 [05:05<00:16,  4.02s/it, est. speed input: 4.74 toks/s, output: 278.71 toks/s]
[36m(WorkerDict pid=2846338)[0m Processed prompts:  91%|█████████ | 29/32 [05:10<00:12,  4.25s/it, est. speed input: 4.84 toks/s, output: 286.90 toks/s]
[36m(WorkerDict pid=2846339)[0m Processed prompts:  78%|███████▊  | 25/32 [05:10<00:27,  3.93s/it, est. speed input: 4.82 toks/s, output: 257.88 toks/s]
[36m(WorkerDict pid=2846340)[0m Processed prompts:  88%|████████▊ | 28/32 [05:09<00:48, 12.14s/it, est. speed input: 4.55 toks/s, output: 252.21 toks/s]
[36m(WorkerDict pid=2846339)[0m Processed prompts:  81%|████████▏ | 26/32 [05:12<00:20,  3.49s/it, est. speed input: 4.92 toks/s, output: 268.34 toks/s]
[36m(WorkerDict pid=2846338)[0m Processed prompts:  94%|█████████▍| 30/32 [05:13<00:07,  3.88s/it, est. speed input: 4.95 toks/s, output: 296.62 toks/s]
[36m(WorkerDict pid=2846343)[0m Processed prompts:  69%|██████▉   | 22/32 [05:13<02:16, 13.69s/it, est. speed input: 4.24 toks/s, output: 175.85 toks/s]
[36m(WorkerDict pid=2846339)[0m Processed prompts:  84%|████████▍ | 27/32 [05:13<00:13,  2.68s/it, est. speed input: 5.04 toks/s, output: 280.14 toks/s]
[36m(WorkerDict pid=2846339)[0m Processed prompts:  88%|████████▊ | 28/32 [05:15<00:09,  2.36s/it, est. speed input: 5.15 toks/s, output: 291.22 toks/s]
[36m(WorkerDict pid=2846342)[0m Processed prompts:  72%|███████▏  | 23/32 [05:16<02:20, 15.60s/it, est. speed input: 3.61 toks/s, output: 177.81 toks/s]
[36m(WorkerDict pid=2846343)[0m Processed prompts:  72%|███████▏  | 23/32 [05:19<01:40, 11.20s/it, est. speed input: 4.39 toks/s, output: 185.35 toks/s]
[36m(WorkerDict pid=2846338)[0m Processed prompts:  97%|█████████▋| 31/32 [05:19<00:04,  4.43s/it, est. speed input: 5.01 toks/s, output: 303.79 toks/s]
[36m(WorkerDict pid=2846342)[0m Processed prompts:  75%|███████▌  | 24/32 [05:21<01:40, 12.56s/it, est. speed input: 3.85 toks/s, output: 187.29 toks/s]
[36m(WorkerDict pid=2846342)[0m Processed prompts:  78%|███████▊  | 25/32 [05:24<01:06,  9.56s/it, est. speed input: 4.12 toks/s, output: 198.29 toks/s]
[36m(WorkerDict pid=2846343)[0m Processed prompts:  78%|███████▊  | 25/32 [05:25<00:52,  7.54s/it, est. speed input: 4.73 toks/s, output: 206.34 toks/s]
[36m(WorkerDict pid=2846340)[0m Processed prompts:  91%|█████████ | 29/32 [05:25<00:40, 13.36s/it, est. speed input: 4.53 toks/s, output: 252.19 toks/s]
[36m(WorkerDict pid=2846342)[0m Processed prompts:  81%|████████▏ | 26/32 [05:26<00:44,  7.37s/it, est. speed input: 4.39 toks/s, output: 209.42 toks/s]
[36m(WorkerDict pid=2846344)[0m Processed prompts:  56%|█████▋    | 18/32 [05:37<06:03, 26.00s/it, est. speed input: 4.49 toks/s, output: 116.98 toks/s]
[36m(WorkerDict pid=2846345)[0m Processed prompts:  53%|█████▎    | 17/32 [05:39<16:50, 67.39s/it, est. speed input: 5.14 toks/s, output: 68.85 toks/s]  
[36m(WorkerDict pid=2846339)[0m Processed prompts:  94%|█████████▍| 30/32 [05:43<00:15,  7.81s/it, est. speed input: 5.06 toks/s, output: 291.14 toks/s]
[36m(WorkerDict pid=2846347)[0m Processed prompts:   6%|▋         | 2/32 [05:43<1:18:20, 156.68s/it, est. speed input: 0.39 toks/s, output: 21.80 toks/s]
[36m(WorkerDict pid=2846340)[0m Processed prompts:  94%|█████████▍| 30/32 [05:43<00:29, 14.73s/it, est. speed input: 4.49 toks/s, output: 251.57 toks/s]
[36m(WorkerDict pid=2846344)[0m Processed prompts:  59%|█████▉    | 19/32 [05:45<04:27, 20.58s/it, est. speed input: 4.47 toks/s, output: 126.77 toks/s]
[36m(WorkerDict pid=2846340)[0m Processed prompts:  97%|█████████▋| 31/32 [05:45<00:10, 10.77s/it, est. speed input: 4.67 toks/s, output: 262.97 toks/s]
[36m(WorkerDict pid=2846348)[0m Processed prompts:   3%|▎         | 1/32 [05:47<2:59:46, 347.95s/it, est. speed input: 0.16 toks/s, output: 12.51 toks/s]
[36m(WorkerDict pid=2846338)[0m Processed prompts: 100%|██████████| 32/32 [05:50<00:00, 12.46s/it, est. speed input: 4.71 toks/s, output: 289.22 toks/s]Processed prompts: 100%|██████████| 32/32 [05:50<00:00, 12.46s/it, est. speed input: 4.71 toks/s, output: 289.22 toks/s]
[36m(WorkerDict pid=2846343)[0m Processed prompts:  81%|████████▏ | 26/32 [05:50<01:10, 11.80s/it, est. speed input: 4.60 toks/s, output: 204.27 toks/s]
[36m(WorkerDict pid=2846339)[0m Processed prompts:  97%|█████████▋| 31/32 [05:50<00:07,  7.69s/it, est. speed input: 5.08 toks/s, output: 297.56 toks/s]
[36m(WorkerDict pid=2846348)[0m Processed prompts:   6%|▋         | 2/32 [05:50<1:12:22, 144.74s/it, est. speed input: 0.33 toks/s, output: 24.93 toks/s]
[36m(WorkerDict pid=2846343)[0m Processed prompts:  84%|████████▍ | 27/32 [05:52<00:46,  9.27s/it, est. speed input: 4.77 toks/s, output: 215.54 toks/s]
[36m(WorkerDict pid=2846347)[0m Processed prompts:   9%|▉         | 3/32 [05:52<43:11, 89.36s/it, est. speed input: 0.57 toks/s, output: 33.74 toks/s]   
[36m(WorkerDict pid=2846344)[0m Processed prompts:  62%|██████▎   | 20/32 [05:53<03:23, 16.93s/it, est. speed input: 4.44 toks/s, output: 136.24 toks/s]
[36m(WorkerDict pid=2846344)[0m Processed prompts:  66%|██████▌   | 21/32 [05:59<02:27, 13.41s/it, est. speed input: 4.46 toks/s, output: 146.68 toks/s]
[36m(WorkerDict pid=2846341)[0m Processed prompts:  56%|█████▋    | 18/32 [06:00<09:30, 40.77s/it, est. speed input: 1.17 toks/s, output: 102.54 toks/s]
[36m(WorkerDict pid=2846349)[0m Processed prompts:   3%|▎         | 1/32 [06:02<3:07:17, 362.49s/it, est. speed input: 0.25 toks/s, output: 12.43 toks/s]
[36m(WorkerDict pid=2846348)[0m Processed prompts:   9%|▉         | 3/32 [06:06<41:29, 85.83s/it, est. speed input: 0.47 toks/s, output: 36.30 toks/s]   
[36m(WorkerDict pid=2846348)[0m Processed prompts:  12%|█▎        | 4/32 [06:08<24:38, 52.81s/it, est. speed input: 0.62 toks/s, output: 48.52 toks/s]
[36m(WorkerDict pid=2846341)[0m Processed prompts:  59%|█████▉    | 19/32 [06:10<06:52, 31.70s/it, est. speed input: 1.27 toks/s, output: 112.04 toks/s]
[36m(WorkerDict pid=2846345)[0m Processed prompts:  56%|█████▋    | 18/32 [06:11<13:14, 56.75s/it, est. speed input: 4.86 toks/s, output: 75.33 toks/s]
[36m(WorkerDict pid=2846341)[0m Processed prompts:  62%|██████▎   | 20/32 [06:11<04:27, 22.31s/it, est. speed input: 1.40 toks/s, output: 124.34 toks/s]
[36m(WorkerDict pid=2846342)[0m Processed prompts:  84%|████████▍ | 27/32 [06:12<01:34, 18.80s/it, est. speed input: 4.11 toks/s, output: 196.26 toks/s]
[36m(WorkerDict pid=2846344)[0m Processed prompts:  69%|██████▉   | 22/32 [06:14<02:20, 14.04s/it, est. speed input: 4.35 toks/s, output: 153.01 toks/s]
[36m(WorkerDict pid=2846351)[0m Processed prompts:   3%|▎         | 1/32 [06:14<3:13:35, 374.70s/it, est. speed input: 0.34 toks/s, output: 12.44 toks/s]
[36m(WorkerDict pid=2846343)[0m Processed prompts:  88%|████████▊ | 28/32 [06:18<00:54, 13.73s/it, est. speed input: 4.63 toks/s, output: 213.33 toks/s]
[36m(WorkerDict pid=2846348)[0m Processed prompts:  16%|█▌        | 5/32 [06:18<16:46, 37.27s/it, est. speed input: 0.75 toks/s, output: 59.72 toks/s]
[36m(WorkerDict pid=2846346)[0m Processed prompts:   6%|▋         | 2/32 [06:17<1:24:31, 169.05s/it, est. speed input: 0.44 toks/s, output: 22.43 toks/s]
[36m(WorkerDict pid=2846341)[0m Processed prompts:  66%|██████▌   | 21/32 [06:19<03:17, 17.97s/it, est. speed input: 1.50 toks/s, output: 134.19 toks/s]
[36m(WorkerDict pid=2846349)[0m Processed prompts:   6%|▋         | 2/32 [06:19<1:19:30, 159.03s/it, est. speed input: 0.47 toks/s, output: 24.31 toks/s]
[36m(WorkerDict pid=2846346)[0m Processed prompts:   9%|▉         | 3/32 [06:19<44:45, 92.60s/it, est. speed input: 0.72 toks/s, output: 34.80 toks/s]   
[36m(WorkerDict pid=2846343)[0m Processed prompts:  91%|█████████ | 29/32 [06:21<00:32, 10.74s/it, est. speed input: 4.78 toks/s, output: 224.04 toks/s]
[36m(WorkerDict pid=2846345)[0m Processed prompts:  59%|█████▉    | 19/32 [06:22<09:21, 43.17s/it, est. speed input: 4.88 toks/s, output: 85.49 toks/s]
[36m(WorkerDict pid=2846344)[0m Processed prompts:  72%|███████▏  | 23/32 [06:23<01:52, 12.53s/it, est. speed input: 4.32 toks/s, output: 161.83 toks/s]
[36m(WorkerDict pid=2846344)[0m Processed prompts:  75%|███████▌  | 24/32 [06:23<01:11,  8.89s/it, est. speed input: 4.40 toks/s, output: 174.08 toks/s]
[36m(WorkerDict pid=2846340)[0m Processed prompts: 100%|██████████| 32/32 [06:23<00:00, 18.88s/it, est. speed input: 4.38 toks/s, output: 249.49 toks/s]Processed prompts: 100%|██████████| 32/32 [06:23<00:00, 18.88s/it, est. speed input: 4.38 toks/s, output: 249.49 toks/s]
[36m(WorkerDict pid=2846345)[0m Processed prompts:  62%|██████▎   | 20/32 [06:24<06:10, 30.86s/it, est. speed input: 5.01 toks/s, output: 97.43 toks/s]
[36m(WorkerDict pid=2846342)[0m Processed prompts:  88%|████████▊ | 28/32 [06:25<01:08, 17.04s/it, est. speed input: 4.23 toks/s, output: 202.10 toks/s]
[36m(WorkerDict pid=2846345)[0m Processed prompts:  66%|██████▌   | 21/32 [06:27<04:06, 22.36s/it, est. speed input: 5.14 toks/s, output: 109.22 toks/s]
[36m(WorkerDict pid=2846344)[0m Processed prompts:  78%|███████▊  | 25/32 [06:28<00:51,  7.42s/it, est. speed input: 4.43 toks/s, output: 184.70 toks/s]
[36m(WorkerDict pid=2846341)[0m Processed prompts:  69%|██████▉   | 22/32 [06:29<02:38, 15.84s/it, est. speed input: 1.59 toks/s, output: 142.89 toks/s]
[36m(WorkerDict pid=2846343)[0m Processed prompts:  94%|█████████▍| 30/32 [06:31<00:21, 10.59s/it, est. speed input: 4.83 toks/s, output: 230.62 toks/s]
[36m(WorkerDict pid=2846347)[0m Processed prompts:  12%|█▎        | 4/32 [06:32<32:30, 69.65s/it, est. speed input: 0.71 toks/s, output: 42.78 toks/s]
[36m(WorkerDict pid=2846342)[0m Processed prompts:  91%|█████████ | 29/32 [06:32<00:42, 14.24s/it, est. speed input: 4.39 toks/s, output: 210.59 toks/s]
[36m(WorkerDict pid=2846344)[0m Processed prompts:  81%|████████▏ | 26/32 [06:33<00:41,  7.00s/it, est. speed input: 4.43 toks/s, output: 194.31 toks/s]
[36m(WorkerDict pid=2846349)[0m Processed prompts:   9%|▉         | 3/32 [06:35<45:23, 93.93s/it, est. speed input: 0.68 toks/s, output: 35.74 toks/s]   
[36m(WorkerDict pid=2846345)[0m Processed prompts:  69%|██████▉   | 22/32 [06:36<03:03, 18.33s/it, est. speed input: 5.18 toks/s, output: 119.20 toks/s]
[36m(WorkerDict pid=2846349)[0m Processed prompts:  12%|█▎        | 4/32 [06:40<27:23, 58.70s/it, est. speed input: 0.90 toks/s, output: 47.77 toks/s]
[36m(WorkerDict pid=2846341)[0m Processed prompts:  72%|███████▏  | 23/32 [06:40<02:09, 14.39s/it, est. speed input: 1.67 toks/s, output: 151.40 toks/s]
[36m(WorkerDict pid=2846341)[0m Processed prompts:  75%|███████▌  | 24/32 [06:41<01:21, 10.17s/it, est. speed input: 1.79 toks/s, output: 163.72 toks/s]
[36m(WorkerDict pid=2846349)[0m Processed prompts:  16%|█▌        | 5/32 [06:41<17:02, 37.88s/it, est. speed input: 1.12 toks/s, output: 60.10 toks/s]
[36m(WorkerDict pid=2846342)[0m Processed prompts:  94%|█████████▍| 30/32 [06:43<00:26, 13.28s/it, est. speed input: 4.51 toks/s, output: 217.28 toks/s]
[36m(WorkerDict pid=2846344)[0m Processed prompts:  84%|████████▍ | 27/32 [06:44<00:40,  8.10s/it, est. speed input: 4.39 toks/s, output: 201.62 toks/s]
[36m(WorkerDict pid=2846341)[0m Processed prompts:  78%|███████▊  | 25/32 [06:45<00:59,  8.53s/it, est. speed input: 1.90 toks/s, output: 174.26 toks/s]
[36m(WorkerDict pid=2846342)[0m Processed prompts:  97%|█████████▋| 31/32 [06:49<00:10, 10.92s/it, est. speed input: 4.69 toks/s, output: 226.84 toks/s]
[36m(WorkerDict pid=2846348)[0m Processed prompts:  19%|█▉        | 6/32 [06:49<15:13, 35.15s/it, est. speed input: 0.84 toks/s, output: 67.65 toks/s]
[36m(WorkerDict pid=2846347)[0m Processed prompts:  16%|█▌        | 5/32 [06:50<22:58, 51.04s/it, est. speed input: 0.86 toks/s, output: 53.35 toks/s]
[36m(WorkerDict pid=2846345)[0m Processed prompts:  72%|███████▏  | 23/32 [06:51<02:37, 17.46s/it, est. speed input: 5.14 toks/s, output: 127.16 toks/s]
[36m(WorkerDict pid=2846347)[0m Processed prompts:  19%|█▉        | 6/32 [06:52<14:52, 34.33s/it, est. speed input: 1.02 toks/s, output: 65.56 toks/s]
[36m(WorkerDict pid=2846344)[0m Processed prompts:  88%|████████▊ | 28/32 [06:54<00:34,  8.55s/it, est. speed input: 4.35 toks/s, output: 209.38 toks/s]
[36m(WorkerDict pid=2846349)[0m Processed prompts:  19%|█▉        | 6/32 [06:53<12:40, 29.26s/it, est. speed input: 1.31 toks/s, output: 70.73 toks/s]
[36m(WorkerDict pid=2846344)[0m Processed prompts:  91%|█████████ | 29/32 [06:55<00:18,  6.25s/it, est. speed input: 4.42 toks/s, output: 221.38 toks/s]
[36m(WorkerDict pid=2846348)[0m Processed prompts:  22%|██▏       | 7/32 [06:56<10:48, 25.93s/it, est. speed input: 0.96 toks/s, output: 78.99 toks/s]
[36m(WorkerDict pid=2846349)[0m Processed prompts:  22%|██▏       | 7/32 [06:57<08:45, 21.02s/it, est. speed input: 1.51 toks/s, output: 82.51 toks/s]
[36m(WorkerDict pid=2846347)[0m Processed prompts:  22%|██▏       | 7/32 [06:59<10:33, 25.35s/it, est. speed input: 1.18 toks/s, output: 76.95 toks/s]
[36m(WorkerDict pid=2846345)[0m Processed prompts:  75%|███████▌  | 24/32 [07:00<01:58, 14.81s/it, est. speed input: 5.18 toks/s, output: 137.01 toks/s]
[36m(WorkerDict pid=2846346)[0m Processed prompts:  12%|█▎        | 4/32 [06:59<33:36, 72.01s/it, est. speed input: 0.79 toks/s, output: 43.94 toks/s]
[36m(WorkerDict pid=2846346)[0m Processed prompts:  16%|█▌        | 5/32 [07:00<20:49, 46.27s/it, est. speed input: 1.04 toks/s, output: 56.37 toks/s]
[36m(WorkerDict pid=2846348)[0m Processed prompts:  25%|██▌       | 8/32 [07:01<07:42, 19.28s/it, est. speed input: 1.08 toks/s, output: 90.52 toks/s]
[36m(WorkerDict pid=2846345)[0m Processed prompts:  78%|███████▊  | 25/32 [07:01<01:16, 10.86s/it, est. speed input: 5.30 toks/s, output: 148.94 toks/s]
[36m(WorkerDict pid=2846346)[0m Processed prompts:  19%|█▉        | 6/32 [07:00<13:18, 30.70s/it, est. speed input: 1.29 toks/s, output: 68.80 toks/s]
[36m(WorkerDict pid=2846346)[0m Processed prompts:  22%|██▏       | 7/32 [07:01<08:39, 20.78s/it, est. speed input: 1.43 toks/s, output: 81.24 toks/s]
[36m(WorkerDict pid=2846349)[0m Processed prompts:  25%|██▌       | 8/32 [07:02<06:22, 15.94s/it, est. speed input: 1.70 toks/s, output: 93.99 toks/s]
[36m(WorkerDict pid=2846345)[0m Processed prompts:  81%|████████▏ | 26/32 [07:05<00:52,  8.79s/it, est. speed input: 5.40 toks/s, output: 160.02 toks/s]
[36m(WorkerDict pid=2846348)[0m Processed prompts:  28%|██▊       | 9/32 [07:09<06:05, 15.89s/it, est. speed input: 1.19 toks/s, output: 101.23 toks/s]
[36m(WorkerDict pid=2846339)[0m Processed prompts: 100%|██████████| 32/32 [07:11<00:00, 26.64s/it, est. speed input: 4.31 toks/s, output: 254.70 toks/s]Processed prompts: 100%|██████████| 32/32 [07:11<00:00, 26.64s/it, est. speed input: 4.31 toks/s, output: 254.70 toks/s]
[36m(WorkerDict pid=2846347)[0m Processed prompts:  25%|██▌       | 8/32 [07:11<08:28, 21.18s/it, est. speed input: 1.31 toks/s, output: 87.24 toks/s]
[36m(WorkerDict pid=2846341)[0m Processed prompts:  81%|████████▏ | 26/32 [07:11<01:22, 13.75s/it, est. speed input: 1.90 toks/s, output: 176.27 toks/s]
[36m(WorkerDict pid=2846348)[0m Processed prompts:  31%|███▏      | 10/32 [07:13<04:31, 12.35s/it, est. speed input: 1.31 toks/s, output: 112.68 toks/s]
[36m(WorkerDict pid=2846342)[0m Processed prompts: 100%|██████████| 32/32 [07:16<00:00, 15.96s/it, est. speed input: 4.61 toks/s, output: 224.93 toks/s]Processed prompts: 100%|██████████| 32/32 [07:16<00:00, 15.96s/it, est. speed input: 4.61 toks/s, output: 224.93 toks/s]
[36m(WorkerDict pid=2846345)[0m Processed prompts:  84%|████████▍ | 27/32 [07:17<00:48,  9.61s/it, est. speed input: 5.40 toks/s, output: 168.28 toks/s]
[36m(WorkerDict pid=2846347)[0m Processed prompts:  28%|██▊       | 9/32 [07:17<06:17, 16.41s/it, est. speed input: 1.46 toks/s, output: 98.54 toks/s]
[36m(WorkerDict pid=2846341)[0m Processed prompts:  84%|████████▍ | 27/32 [07:19<00:59, 11.89s/it, est. speed input: 1.98 toks/s, output: 185.73 toks/s]
[36m(WorkerDict pid=2846347)[0m Processed prompts:  31%|███▏      | 10/32 [07:20<04:30, 12.31s/it, est. speed input: 1.62 toks/s, output: 110.33 toks/s]
[36m(WorkerDict pid=2846346)[0m Processed prompts:  25%|██▌       | 8/32 [07:20<08:05, 20.23s/it, est. speed input: 1.61 toks/s, output: 90.24 toks/s]
[36m(WorkerDict pid=2846351)[0m Processed prompts:   6%|▋         | 2/32 [07:21<1:36:44, 193.48s/it, est. speed input: 0.58 toks/s, output: 23.07 toks/s]
[36m(WorkerDict pid=2846343)[0m Processed prompts:  97%|█████████▋| 31/32 [07:22<00:22, 22.32s/it, est. speed input: 4.43 toks/s, output: 216.50 toks/s]
[36m(WorkerDict pid=2846346)[0m Processed prompts:  28%|██▊       | 9/32 [07:22<05:36, 14.61s/it, est. speed input: 1.74 toks/s, output: 102.30 toks/s]
[36m(WorkerDict pid=2846344)[0m Processed prompts:  94%|█████████▍| 30/32 [07:24<00:26, 13.05s/it, est. speed input: 4.19 toks/s, output: 219.44 toks/s]
[36m(WorkerDict pid=2846341)[0m Processed prompts:  88%|████████▊ | 28/32 [07:25<00:40, 10.13s/it, est. speed input: 2.07 toks/s, output: 195.71 toks/s]
[36m(WorkerDict pid=2846348)[0m Processed prompts:  34%|███▍      | 11/32 [07:26<04:18, 12.30s/it, est. speed input: 1.41 toks/s, output: 122.11 toks/s]
[36m(WorkerDict pid=2846346)[0m Processed prompts:  31%|███▏      | 10/32 [07:25<04:05, 11.16s/it, est. speed input: 1.86 toks/s, output: 114.04 toks/s]
[36m(WorkerDict pid=2846345)[0m Processed prompts:  88%|████████▊ | 28/32 [07:28<00:40, 10.12s/it, est. speed input: 5.40 toks/s, output: 176.54 toks/s]
[36m(WorkerDict pid=2846346)[0m Processed prompts:  34%|███▍      | 11/32 [07:28<03:01,  8.66s/it, est. speed input: 2.08 toks/s, output: 125.82 toks/s]
[36m(WorkerDict pid=2846348)[0m Processed prompts:  38%|███▊      | 12/32 [07:31<03:24, 10.22s/it, est. speed input: 1.51 toks/s, output: 133.17 toks/s]
[36m(WorkerDict pid=2846341)[0m Processed prompts:  91%|█████████ | 29/32 [07:32<00:28,  9.34s/it, est. speed input: 2.14 toks/s, output: 204.99 toks/s]
[36m(WorkerDict pid=2846344)[0m Processed prompts:  97%|█████████▋| 31/32 [07:34<00:12, 12.13s/it, est. speed input: 4.16 toks/s, output: 227.12 toks/s]
[36m(WorkerDict pid=2846346)[0m Processed prompts:  38%|███▊      | 12/32 [07:33<02:31,  7.55s/it, est. speed input: 2.19 toks/s, output: 136.99 toks/s]
[36m(WorkerDict pid=2846347)[0m Processed prompts:  34%|███▍      | 11/32 [07:38<04:54, 14.01s/it, est. speed input: 1.71 toks/s, output: 118.58 toks/s]
[36m(WorkerDict pid=2846349)[0m Processed prompts:  28%|██▊       | 9/32 [07:38<08:28, 22.13s/it, est. speed input: 1.77 toks/s, output: 99.22 toks/s]
[36m(WorkerDict pid=2846348)[0m Processed prompts:  41%|████      | 13/32 [07:40<03:06,  9.81s/it, est. speed input: 1.71 toks/s, output: 143.18 toks/s]
[36m(WorkerDict pid=2846345)[0m Processed prompts:  91%|█████████ | 29/32 [07:45<00:36, 12.12s/it, est. speed input: 5.34 toks/s, output: 182.74 toks/s]
[36m(WorkerDict pid=2846351)[0m Processed prompts:   9%|▉         | 3/32 [07:45<56:12, 116.28s/it, est. speed input: 0.83 toks/s, output: 34.44 toks/s]  
[36m(WorkerDict pid=2846346)[0m Processed prompts:  41%|████      | 13/32 [07:45<02:48,  8.88s/it, est. speed input: 2.27 toks/s, output: 146.08 toks/s]
[36m(WorkerDict pid=2846345)[0m Processed prompts:  94%|█████████▍| 30/32 [07:48<00:18,  9.41s/it, est. speed input: 5.44 toks/s, output: 194.12 toks/s]
[36m(WorkerDict pid=2846347)[0m Processed prompts:  38%|███▊      | 12/32 [07:48<04:18, 12.94s/it, est. speed input: 1.81 toks/s, output: 128.52 toks/s]
[36m(WorkerDict pid=2846341)[0m Processed prompts:  94%|█████████▍| 30/32 [07:51<00:24, 12.07s/it, est. speed input: 2.16 toks/s, output: 209.56 toks/s]
[36m(WorkerDict pid=2846349)[0m Processed prompts:  31%|███▏      | 10/32 [07:51<07:04, 19.30s/it, est. speed input: 1.91 toks/s, output: 109.07 toks/s]
[36m(WorkerDict pid=2846346)[0m Processed prompts:  44%|████▍     | 14/32 [07:50<02:19,  7.72s/it, est. speed input: 2.47 toks/s, output: 157.13 toks/s]
[36m(WorkerDict pid=2846346)[0m Processed prompts:  47%|████▋     | 15/32 [07:57<02:06,  7.46s/it, est. speed input: 2.56 toks/s, output: 167.51 toks/s]
[36m(WorkerDict pid=2846347)[0m Processed prompts:  41%|████      | 13/32 [07:58<03:49, 12.06s/it, est. speed input: 1.93 toks/s, output: 138.43 toks/s]
[36m(WorkerDict pid=2846349)[0m Processed prompts:  34%|███▍      | 11/32 [07:59<05:30, 15.74s/it, est. speed input: 2.00 toks/s, output: 119.94 toks/s]
[36m(WorkerDict pid=2846347)[0m Processed prompts:  44%|████▍     | 14/32 [08:00<02:40,  8.94s/it, est. speed input: 2.06 toks/s, output: 150.55 toks/s]
[36m(WorkerDict pid=2846345)[0m Processed prompts:  97%|█████████▋| 31/32 [08:01<00:10, 10.35s/it, est. speed input: 5.43 toks/s, output: 201.67 toks/s]
[36m(WorkerDict pid=2846347)[0m Processed prompts:  47%|████▋     | 15/32 [08:02<01:56,  6.87s/it, est. speed input: 2.21 toks/s, output: 162.54 toks/s]
[36m(WorkerDict pid=2846347)[0m Processed prompts:  50%|█████     | 16/32 [08:02<01:18,  4.93s/it, est. speed input: 2.37 toks/s, output: 175.03 toks/s]
[36m(WorkerDict pid=2846345)[0m Processed prompts: 100%|██████████| 32/32 [08:05<00:00,  8.62s/it, est. speed input: 5.50 toks/s, output: 212.40 toks/s]Processed prompts: 100%|██████████| 32/32 [08:05<00:00,  8.62s/it, est. speed input: 5.50 toks/s, output: 212.40 toks/s]
[36m(WorkerDict pid=2846351)[0m Processed prompts:  12%|█▎        | 4/32 [08:05<36:30, 78.25s/it, est. speed input: 1.06 toks/s, output: 45.68 toks/s] 
[36m(WorkerDict pid=2846341)[0m Processed prompts:  97%|█████████▋| 31/32 [08:06<00:13, 13.07s/it, est. speed input: 2.20 toks/s, output: 215.57 toks/s]
[36m(WorkerDict pid=2846347)[0m Processed prompts:  53%|█████▎    | 17/32 [08:07<01:10,  4.68s/it, est. speed input: 2.50 toks/s, output: 186.20 toks/s]
[36m(WorkerDict pid=2846346)[0m Processed prompts:  50%|█████     | 16/32 [08:08<02:15,  8.47s/it, est. speed input: 2.72 toks/s, output: 176.48 toks/s]
[36m(WorkerDict pid=2846348)[0m Processed prompts:  44%|████▍     | 14/32 [08:09<04:41, 15.63s/it, est. speed input: 1.73 toks/s, output: 147.33 toks/s]
[36m(WorkerDict pid=2846348)[0m Processed prompts:  47%|████▋     | 15/32 [08:12<03:19, 11.76s/it, est. speed input: 1.93 toks/s, output: 159.17 toks/s]
[36m(WorkerDict pid=2846352)[0m Processed prompts:   3%|▎         | 1/32 [08:13<4:14:46, 493.11s/it, est. speed input: 0.24 toks/s, output: 12.67 toks/s]
[36m(WorkerDict pid=2846341)[0m Processed prompts: 100%|██████████| 32/32 [08:13<00:00, 11.24s/it, est. speed input: 2.27 toks/s, output: 225.19 toks/s]Processed prompts: 100%|██████████| 32/32 [08:13<00:00, 11.24s/it, est. speed input: 2.27 toks/s, output: 225.19 toks/s]
[36m(WorkerDict pid=2846349)[0m Processed prompts:  38%|███▊      | 12/32 [08:16<05:21, 16.08s/it, est. speed input: 2.11 toks/s, output: 128.55 toks/s]
[36m(WorkerDict pid=2846349)[0m Processed prompts:  41%|████      | 13/32 [08:16<03:35, 11.33s/it, est. speed input: 2.29 toks/s, output: 141.13 toks/s]
[36m(WorkerDict pid=2846347)[0m Processed prompts:  56%|█████▋    | 18/32 [08:18<01:32,  6.59s/it, est. speed input: 2.60 toks/s, output: 194.77 toks/s]
[36m(WorkerDict pid=2846353)[0m Processed prompts:   3%|▎         | 1/32 [08:19<4:17:53, 499.15s/it, est. speed input: 0.38 toks/s, output: 12.72 toks/s]
[36m(WorkerDict pid=2846346)[0m Processed prompts:  53%|█████▎    | 17/32 [08:21<02:25,  9.68s/it, est. speed input: 2.77 toks/s, output: 184.81 toks/s]
[36m(WorkerDict pid=2846346)[0m Processed prompts:  56%|█████▋    | 18/32 [08:22<01:41,  7.27s/it, est. speed input: 2.88 toks/s, output: 196.95 toks/s]
[36m(WorkerDict pid=2846351)[0m Processed prompts:  16%|█▌        | 5/32 [08:24<25:33, 56.81s/it, est. speed input: 1.28 toks/s, output: 56.72 toks/s]
[36m(WorkerDict pid=2846348)[0m Processed prompts:  50%|█████     | 16/32 [08:24<03:10, 11.91s/it, est. speed input: 2.09 toks/s, output: 168.04 toks/s]
[36m(WorkerDict pid=2846347)[0m Processed prompts:  59%|█████▉    | 19/32 [08:25<01:27,  6.74s/it, est. speed input: 2.70 toks/s, output: 204.76 toks/s]
[36m(WorkerDict pid=2846348)[0m Processed prompts:  53%|█████▎    | 17/32 [08:25<02:10,  8.69s/it, est. speed input: 2.30 toks/s, output: 180.38 toks/s]
[36m(WorkerDict pid=2846346)[0m Processed prompts:  59%|█████▉    | 19/32 [08:27<01:24,  6.54s/it, est. speed input: 3.06 toks/s, output: 207.84 toks/s]
[36m(WorkerDict pid=2846348)[0m Processed prompts:  56%|█████▋    | 18/32 [08:29<01:38,  7.06s/it, est. speed input: 2.49 toks/s, output: 191.97 toks/s]
[36m(WorkerDict pid=2846347)[0m Processed prompts:  62%|██████▎   | 20/32 [08:31<01:19,  6.62s/it, est. speed input: 2.81 toks/s, output: 214.97 toks/s]
[36m(WorkerDict pid=2846350)[0m Processed prompts:   3%|▎         | 1/32 [08:33<4:25:19, 513.53s/it, est. speed input: 0.14 toks/s, output: 12.76 toks/s]
[36m(WorkerDict pid=2846347)[0m Processed prompts:  66%|██████▌   | 21/32 [08:36<01:06,  6.00s/it, est. speed input: 2.92 toks/s, output: 225.85 toks/s]
[36m(WorkerDict pid=2846349)[0m Processed prompts:  44%|████▍     | 14/32 [08:38<04:21, 14.53s/it, est. speed input: 2.37 toks/s, output: 147.94 toks/s]
[36m(WorkerDict pid=2846351)[0m Processed prompts:  19%|█▉        | 6/32 [08:41<18:48, 43.40s/it, est. speed input: 1.48 toks/s, output: 67.64 toks/s]
[36m(WorkerDict pid=2846347)[0m Processed prompts:  69%|██████▉   | 22/32 [08:43<01:03,  6.39s/it, est. speed input: 3.01 toks/s, output: 235.51 toks/s]
[36m(WorkerDict pid=2846343)[0m Processed prompts: 100%|██████████| 32/32 [08:44<00:00, 39.63s/it, est. speed input: 3.88 toks/s, output: 195.65 toks/s]Processed prompts: 100%|██████████| 32/32 [08:44<00:00, 39.63s/it, est. speed input: 3.88 toks/s, output: 195.65 toks/s]
[36m(WorkerDict pid=2846346)[0m Processed prompts:  62%|██████▎   | 20/32 [08:44<01:55,  9.59s/it, est. speed input: 3.17 toks/s, output: 214.05 toks/s]
[36m(WorkerDict pid=2846349)[0m Processed prompts:  47%|████▋     | 15/32 [08:47<03:39, 12.90s/it, est. speed input: 2.50 toks/s, output: 158.20 toks/s]
[36m(WorkerDict pid=2846346)[0m Processed prompts:  66%|██████▌   | 21/32 [08:46<01:21,  7.40s/it, est. speed input: 3.35 toks/s, output: 225.96 toks/s]
[36m(WorkerDict pid=2846350)[0m Processed prompts:   6%|▋         | 2/32 [08:48<1:50:09, 220.31s/it, est. speed input: 0.28 toks/s, output: 25.22 toks/s]
[36m(WorkerDict pid=2846347)[0m Processed prompts:  72%|███████▏  | 23/32 [08:51<01:01,  6.84s/it, est. speed input: 3.09 toks/s, output: 244.85 toks/s]
[36m(WorkerDict pid=2846348)[0m Processed prompts:  59%|█████▉    | 19/32 [08:52<02:37, 12.11s/it, est. speed input: 2.57 toks/s, output: 196.22 toks/s]
[36m(WorkerDict pid=2846347)[0m Processed prompts:  75%|███████▌  | 24/32 [08:54<00:47,  5.89s/it, est. speed input: 3.19 toks/s, output: 256.03 toks/s]
[36m(WorkerDict pid=2846347)[0m Processed prompts:  78%|███████▊  | 25/32 [08:55<00:30,  4.29s/it, est. speed input: 3.31 toks/s, output: 268.62 toks/s]
[36m(WorkerDict pid=2846350)[0m Processed prompts:   9%|▉         | 3/32 [08:58<1:00:04, 124.29s/it, est. speed input: 0.41 toks/s, output: 37.62 toks/s]
[36m(WorkerDict pid=2846353)[0m Processed prompts:   6%|▋         | 2/32 [08:59<1:54:34, 229.16s/it, est. speed input: 0.71 toks/s, output: 24.67 toks/s]
[36m(WorkerDict pid=2846348)[0m Processed prompts:  62%|██████▎   | 20/32 [09:04<02:21, 11.80s/it, est. speed input: 2.71 toks/s, output: 205.14 toks/s]
[36m(WorkerDict pid=2846347)[0m Processed prompts:  81%|████████▏ | 26/32 [09:06<00:37,  6.17s/it, est. speed input: 3.39 toks/s, output: 276.34 toks/s]
[36m(WorkerDict pid=2846352)[0m Processed prompts:   6%|▋         | 2/32 [09:08<1:57:47, 235.57s/it, est. speed input: 0.44 toks/s, output: 24.32 toks/s]
[36m(WorkerDict pid=2846352)[0m Processed prompts:   9%|▉         | 3/32 [09:09<1:02:04, 128.44s/it, est. speed input: 0.66 toks/s, output: 37.21 toks/s]
[36m(WorkerDict pid=2846351)[0m Processed prompts:  22%|██▏       | 7/32 [09:13<16:30, 39.63s/it, est. speed input: 1.63 toks/s, output: 76.70 toks/s]
[36m(WorkerDict pid=2846344)[0m Processed prompts: 100%|██████████| 32/32 [09:16<00:00, 39.12s/it, est. speed input: 3.45 toks/s, output: 198.38 toks/s]Processed prompts: 100%|██████████| 32/32 [09:16<00:00, 39.12s/it, est. speed input: 3.45 toks/s, output: 198.38 toks/s]
[36m(WorkerDict pid=2846339)[0m Processed prompts: 100%|██████████| 32/32 [09:26<00:00, 17.69s/it, est. speed input: 4.31 toks/s, output: 254.70 toks/s]
[36m(WorkerDict pid=2846344)[0m Processed prompts: 100%|██████████| 32/32 [09:26<00:00, 17.71s/it, est. speed input: 3.45 toks/s, output: 198.38 toks/s]
[36m(WorkerDict pid=2846345)[0m Processed prompts: 100%|██████████| 32/32 [09:26<00:00, 17.70s/it, est. speed input: 5.50 toks/s, output: 212.40 toks/s]
[36m(WorkerDict pid=2846342)[0m Processed prompts: 100%|██████████| 32/32 [09:25<00:00, 17.69s/it, est. speed input: 4.61 toks/s, output: 224.93 toks/s]
[36m(WorkerDict pid=2846341)[0m Processed prompts: 100%|██████████| 32/32 [09:26<00:00, 17.69s/it, est. speed input: 2.27 toks/s, output: 225.19 toks/s]
[36m(WorkerDict pid=2846343)[0m Processed prompts: 100%|██████████| 32/32 [09:26<00:00, 17.70s/it, est. speed input: 3.88 toks/s, output: 195.65 toks/s]
[36m(WorkerDict pid=2846340)[0m Processed prompts: 100%|██████████| 32/32 [09:25<00:00, 17.66s/it, est. speed input: 4.38 toks/s, output: 249.49 toks/s]
[36m(WorkerDict pid=2846338)[0m Processed prompts: 100%|██████████| 32/32 [09:26<00:00, 17.69s/it, est. speed input: 4.71 toks/s, output: 289.22 toks/s]
[36m(WorkerDict pid=2846348)[0m Processed prompts:  66%|██████▌   | 21/32 [09:26<02:46, 15.10s/it, est. speed input: 2.79 toks/s, output: 209.59 toks/s]
[36m(WorkerDict pid=2846350)[0m Processed prompts:  12%|█▎        | 4/32 [09:28<40:36, 87.02s/it, est. speed input: 0.52 toks/s, output: 48.33 toks/s]   
[36m(WorkerDict pid=2846347)[0m Processed prompts:  84%|████████▍ | 27/32 [09:29<00:55, 11.20s/it, est. speed input: 3.38 toks/s, output: 277.89 toks/s]
[36m(WorkerDict pid=2846346)[0m Processed prompts:  69%|██████▉   | 22/32 [09:29<02:59, 17.96s/it, est. speed input: 3.29 toks/s, output: 221.76 toks/s]
[36m(WorkerDict pid=2846347)[0m Processed prompts:  88%|████████▊ | 28/32 [09:30<00:33,  8.43s/it, est. speed input: 3.49 toks/s, output: 289.63 toks/s]
[36m(WorkerDict pid=2846347)[0m Processed prompts:  91%|█████████ | 29/32 [09:31<00:18,  6.15s/it, est. speed input: 3.62 toks/s, output: 301.90 toks/s]
[36m(WorkerDict pid=2846352)[0m Processed prompts:  12%|█▎        | 4/32 [09:32<40:28, 86.73s/it, est. speed input: 0.84 toks/s, output: 48.42 toks/s]   
[36m(WorkerDict pid=2846353)[0m Processed prompts:   9%|▉         | 3/32 [09:33<1:07:40, 140.03s/it, est. speed input: 1.00 toks/s, output: 35.91 toks/s]
[36m(WorkerDict pid=2846347)[0m Processed prompts:  94%|█████████▍| 30/32 [09:34<00:10,  5.03s/it, est. speed input: 3.74 toks/s, output: 313.31 toks/s]
[36m(WorkerDict pid=2846346)[0m Processed prompts:  72%|███████▏  | 23/32 [09:39<02:19, 15.54s/it, est. speed input: 3.42 toks/s, output: 230.68 toks/s]
[36m(WorkerDict pid=2846352)[0m Processed prompts:  16%|█▌        | 5/32 [09:40<26:22, 58.61s/it, est. speed input: 1.03 toks/s, output: 60.38 toks/s]
[36m(WorkerDict pid=2846353)[0m Processed prompts:  12%|█▎        | 4/32 [09:44<41:41, 89.36s/it, est. speed input: 1.31 toks/s, output: 47.89 toks/s]   
[36m(WorkerDict pid=2846353)[0m Processed prompts:  16%|█▌        | 5/32 [09:48<26:16, 58.37s/it, est. speed input: 1.62 toks/s, output: 60.30 toks/s]
[36m(WorkerDict pid=2846346)[0m Processed prompts:  75%|███████▌  | 24/32 [09:55<02:06, 15.76s/it, est. speed input: 3.50 toks/s, output: 237.05 toks/s]
[36m(WorkerDict pid=2846346)[0m Processed prompts:  78%|███████▊  | 25/32 [09:58<01:22, 11.86s/it, est. speed input: 3.58 toks/s, output: 248.65 toks/s]
[36m(WorkerDict pid=2846348)[0m Processed prompts:  69%|██████▉   | 22/32 [10:02<03:32, 21.28s/it, est. speed input: 2.72 toks/s, output: 209.85 toks/s]
[36m(WorkerDict pid=2846347)[0m Processed prompts:  97%|█████████▋| 31/32 [10:03<00:12, 12.44s/it, est. speed input: 3.66 toks/s, output: 310.55 toks/s]
[36m(WorkerDict pid=2846351)[0m Processed prompts:  25%|██▌       | 8/32 [10:06<17:30, 43.77s/it, est. speed input: 1.70 toks/s, output: 82.71 toks/s]
[36m(WorkerDict pid=2846353)[0m Processed prompts:  19%|█▉        | 6/32 [10:08<19:41, 45.43s/it, est. speed input: 1.88 toks/s, output: 70.95 toks/s]
[36m(WorkerDict pid=2846352)[0m Processed prompts:  19%|█▉        | 6/32 [10:10<21:06, 48.69s/it, est. speed input: 1.18 toks/s, output: 70.13 toks/s]
[36m(WorkerDict pid=2846348)[0m Processed prompts:  75%|███████▌  | 24/32 [10:11<01:48, 13.53s/it, est. speed input: 2.94 toks/s, output: 231.91 toks/s]
[36m(WorkerDict pid=2846346)[0m Processed prompts:  81%|████████▏ | 26/32 [10:12<01:16, 12.75s/it, est. speed input: 3.60 toks/s, output: 255.31 toks/s]
[36m(WorkerDict pid=2846352)[0m Processed prompts:  22%|██▏       | 7/32 [10:16<14:31, 34.87s/it, est. speed input: 1.40 toks/s, output: 82.06 toks/s]
[36m(WorkerDict pid=2846348)[0m Processed prompts:  78%|███████▊  | 25/32 [10:19<01:24, 12.11s/it, est. speed input: 3.08 toks/s, output: 241.65 toks/s]
[36m(WorkerDict pid=2846348)[0m Processed prompts:  81%|████████▏ | 26/32 [10:23<01:00, 10.16s/it, est. speed input: 3.22 toks/s, output: 252.50 toks/s]
[36m(WorkerDict pid=2846348)[0m Processed prompts:  84%|████████▍ | 27/32 [10:36<00:53, 10.68s/it, est. speed input: 3.25 toks/s, output: 260.37 toks/s]
[36m(WorkerDict pid=2846346)[0m Processed prompts:  84%|████████▍ | 27/32 [10:35<01:18, 15.78s/it, est. speed input: 3.56 toks/s, output: 258.80 toks/s]
[36m(WorkerDict pid=2846349)[0m Processed prompts:  50%|█████     | 16/32 [10:38<11:16, 42.31s/it, est. speed input: 2.21 toks/s, output: 143.43 toks/s]
[36m(WorkerDict pid=2846349)[0m Processed prompts:  53%|█████▎    | 17/32 [10:40<07:32, 30.16s/it, est. speed input: 2.29 toks/s, output: 155.64 toks/s]
[36m(WorkerDict pid=2846350)[0m Processed prompts:  16%|█▌        | 5/32 [10:40<36:43, 81.60s/it, est. speed input: 0.58 toks/s, output: 55.54 toks/s]
[36m(WorkerDict pid=2846353)[0m Processed prompts:  22%|██▏       | 7/32 [10:39<17:00, 40.81s/it, est. speed input: 2.09 toks/s, output: 80.14 toks/s]
[36m(WorkerDict pid=2846351)[0m Processed prompts:  28%|██▊       | 9/32 [10:40<15:38, 40.82s/it, est. speed input: 1.81 toks/s, output: 90.93 toks/s]
[36m(WorkerDict pid=2846353)[0m Processed prompts:  25%|██▌       | 8/32 [10:41<11:15, 28.15s/it, est. speed input: 2.38 toks/s, output: 92.66 toks/s]
[36m(WorkerDict pid=2846348)[0m Processed prompts:  88%|████████▊ | 28/32 [10:42<00:37,  9.50s/it, est. speed input: 3.38 toks/s, output: 270.39 toks/s]
[36m(WorkerDict pid=2846352)[0m Processed prompts:  25%|██▌       | 8/32 [10:44<12:59, 32.50s/it, est. speed input: 1.53 toks/s, output: 91.21 toks/s]
[36m(WorkerDict pid=2846351)[0m Processed prompts:  31%|███▏      | 10/32 [10:44<10:47, 29.42s/it, est. speed input: 2.00 toks/s, output: 103.02 toks/s]
[36m(WorkerDict pid=2846349)[0m Processed prompts:  56%|█████▋    | 18/32 [10:47<05:25, 23.26s/it, est. speed input: 2.36 toks/s, output: 166.55 toks/s]
[36m(WorkerDict pid=2846348)[0m Processed prompts:  91%|█████████ | 29/32 [10:51<00:27,  9.24s/it, est. speed input: 3.50 toks/s, output: 279.46 toks/s]
[36m(WorkerDict pid=2846346)[0m Processed prompts:  88%|████████▊ | 28/32 [10:50<01:01, 15.49s/it, est. speed input: 3.64 toks/s, output: 265.56 toks/s]
[36m(WorkerDict pid=2846349)[0m Processed prompts:  59%|█████▉    | 19/32 [10:54<03:58, 18.33s/it, est. speed input: 2.42 toks/s, output: 177.44 toks/s]
[36m(WorkerDict pid=2846350)[0m Processed prompts:  19%|█▉        | 6/32 [10:55<25:35, 59.04s/it, est. speed input: 0.68 toks/s, output: 66.89 toks/s]
[36m(WorkerDict pid=2846349)[0m Processed prompts:  62%|██████▎   | 20/32 [10:57<02:45, 13.81s/it, est. speed input: 2.50 toks/s, output: 189.19 toks/s]
[36m(WorkerDict pid=2846351)[0m Processed prompts:  34%|███▍      | 11/32 [11:00<08:52, 25.34s/it, est. speed input: 2.15 toks/s, output: 113.15 toks/s]
[36m(WorkerDict pid=2846348)[0m Processed prompts:  94%|█████████▍| 30/32 [11:03<00:20, 10.07s/it, est. speed input: 3.59 toks/s, output: 287.00 toks/s]
[36m(WorkerDict pid=2846346)[0m Processed prompts:  91%|█████████ | 29/32 [11:03<00:44, 14.78s/it, est. speed input: 3.73 toks/s, output: 272.96 toks/s]
[36m(WorkerDict pid=2846351)[0m Processed prompts:  38%|███▊      | 12/32 [11:09<06:44, 20.25s/it, est. speed input: 2.31 toks/s, output: 124.34 toks/s]
[36m(WorkerDict pid=2846346)[0m Processed prompts:  94%|█████████▍| 30/32 [11:11<00:25, 12.77s/it, est. speed input: 3.78 toks/s, output: 282.33 toks/s]
[36m(WorkerDict pid=2846350)[0m Processed prompts:  22%|██▏       | 7/32 [11:12<18:53, 45.32s/it, est. speed input: 0.77 toks/s, output: 77.82 toks/s]
[36m(WorkerDict pid=2846350)[0m Processed prompts:  25%|██▌       | 8/32 [11:18<13:05, 32.73s/it, est. speed input: 0.87 toks/s, output: 89.79 toks/s]
[36m(WorkerDict pid=2846349)[0m Processed prompts:  66%|██████▌   | 21/32 [11:21<03:04, 16.76s/it, est. speed input: 2.50 toks/s, output: 195.25 toks/s]
[36m(WorkerDict pid=2846349)[0m Processed prompts:  69%|██████▉   | 22/32 [11:21<01:58, 11.83s/it, est. speed input: 2.59 toks/s, output: 207.79 toks/s]
[36m(WorkerDict pid=2846351)[0m Processed prompts:  41%|████      | 13/32 [11:25<06:01, 19.01s/it, est. speed input: 2.45 toks/s, output: 134.04 toks/s]
[36m(WorkerDict pid=2846349)[0m Processed prompts:  72%|███████▏  | 23/32 [11:28<01:32, 10.29s/it, est. speed input: 2.65 toks/s, output: 218.40 toks/s]
[36m(WorkerDict pid=2846351)[0m Processed prompts:  44%|████▍     | 14/32 [11:27<04:10, 13.93s/it, est. speed input: 2.63 toks/s, output: 146.26 toks/s]
[36m(WorkerDict pid=2846353)[0m Processed prompts:  28%|██▊       | 9/32 [11:27<13:00, 33.95s/it, est. speed input: 2.50 toks/s, output: 99.01 toks/s]
[36m(WorkerDict pid=2846349)[0m Processed prompts:  75%|███████▌  | 24/32 [11:28<00:59,  7.38s/it, est. speed input: 2.78 toks/s, output: 230.84 toks/s]
[36m(WorkerDict pid=2846348)[0m Processed prompts:  97%|█████████▋| 31/32 [11:31<00:15, 15.40s/it, est. speed input: 3.60 toks/s, output: 287.91 toks/s]
[36m(WorkerDict pid=2846353)[0m Processed prompts:  31%|███▏      | 10/32 [11:36<09:37, 26.26s/it, est. speed input: 2.74 toks/s, output: 110.37 toks/s]
[36m(WorkerDict pid=2846352)[0m Processed prompts:  28%|██▊       | 9/32 [11:39<15:11, 39.64s/it, est. speed input: 1.58 toks/s, output: 96.63 toks/s]
[36m(WorkerDict pid=2846352)[0m Processed prompts:  31%|███▏      | 10/32 [11:43<10:27, 28.52s/it, est. speed input: 1.74 toks/s, output: 108.78 toks/s]
[36m(WorkerDict pid=2846352)[0m Processed prompts:  34%|███▍      | 11/32 [11:46<07:18, 20.90s/it, est. speed input: 1.90 toks/s, output: 120.86 toks/s]
[36m(WorkerDict pid=2846346)[0m Processed prompts:  97%|█████████▋| 31/32 [11:46<00:19, 19.44s/it, est. speed input: 3.67 toks/s, output: 281.01 toks/s]
[36m(WorkerDict pid=2846350)[0m Processed prompts:  28%|██▊       | 9/32 [11:57<13:20, 34.80s/it, est. speed input: 0.93 toks/s, output: 97.51 toks/s]
[36m(WorkerDict pid=2846350)[0m Processed prompts:  31%|███▏      | 10/32 [12:00<09:08, 24.95s/it, est. speed input: 1.03 toks/s, output: 109.76 toks/s]
[36m(WorkerDict pid=2846352)[0m Processed prompts:  38%|███▊      | 12/32 [12:05<06:46, 20.30s/it, est. speed input: 2.02 toks/s, output: 130.36 toks/s]
[36m(WorkerDict pid=2846349)[0m Processed prompts:  78%|███████▊  | 25/32 [12:07<01:56, 16.70s/it, est. speed input: 2.71 toks/s, output: 231.28 toks/s]
[36m(WorkerDict pid=2846353)[0m Processed prompts:  34%|███▍      | 11/32 [12:07<09:36, 27.47s/it, est. speed input: 2.89 toks/s, output: 118.44 toks/s]
[36m(WorkerDict pid=2846349)[0m Processed prompts:  81%|████████▏ | 26/32 [12:11<01:18, 13.12s/it, est. speed input: 2.77 toks/s, output: 242.42 toks/s]
[36m(WorkerDict pid=2846352)[0m Processed prompts:  41%|████      | 13/32 [12:15<05:23, 17.04s/it, est. speed input: 2.19 toks/s, output: 141.32 toks/s]
[36m(WorkerDict pid=2846349)[0m Processed prompts:  84%|████████▍ | 27/32 [12:16<00:53, 10.66s/it, est. speed input: 2.84 toks/s, output: 253.45 toks/s]
[36m(WorkerDict pid=2846353)[0m Processed prompts:  38%|███▊      | 12/32 [12:16<07:22, 22.12s/it, est. speed input: 3.11 toks/s, output: 129.51 toks/s]
[36m(WorkerDict pid=2846350)[0m Processed prompts:  34%|███▍      | 11/32 [12:17<07:53, 22.55s/it, est. speed input: 1.12 toks/s, output: 119.86 toks/s]
[36m(WorkerDict pid=2846350)[0m Processed prompts:  38%|███▊      | 12/32 [12:18<05:17, 15.86s/it, est. speed input: 1.21 toks/s, output: 132.42 toks/s]
[36m(WorkerDict pid=2846349)[0m Processed prompts:  88%|████████▊ | 28/32 [12:20<00:34,  8.52s/it, est. speed input: 2.90 toks/s, output: 264.88 toks/s]
[36m(WorkerDict pid=2846352)[0m Processed prompts:  44%|████▍     | 14/32 [12:30<04:56, 16.47s/it, est. speed input: 2.34 toks/s, output: 151.12 toks/s]
[36m(WorkerDict pid=2846353)[0m Processed prompts:  41%|████      | 13/32 [12:30<06:11, 19.57s/it, est. speed input: 3.31 toks/s, output: 139.81 toks/s]
[36m(WorkerDict pid=2846350)[0m Processed prompts:  41%|████      | 13/32 [12:31<04:44, 14.97s/it, est. speed input: 1.29 toks/s, output: 142.79 toks/s]
[36m(WorkerDict pid=2846350)[0m Processed prompts:  44%|████▍     | 14/32 [12:38<03:45, 12.50s/it, est. speed input: 1.39 toks/s, output: 154.16 toks/s]
[36m(WorkerDict pid=2846351)[0m Processed prompts:  47%|████▋     | 15/32 [12:39<08:52, 31.30s/it, est. speed input: 2.55 toks/s, output: 145.13 toks/s]
[36m(WorkerDict pid=2846352)[0m Processed prompts:  47%|████▋     | 15/32 [12:55<05:25, 19.16s/it, est. speed input: 2.45 toks/s, output: 158.83 toks/s]
[36m(WorkerDict pid=2846350)[0m Processed prompts:  47%|████▋     | 15/32 [13:01<04:28, 15.82s/it, est. speed input: 1.44 toks/s, output: 162.18 toks/s]
[36m(WorkerDict pid=2846349)[0m Processed prompts:  91%|█████████ | 29/32 [13:03<00:56, 18.84s/it, est. speed input: 2.82 toks/s, output: 263.02 toks/s]
[36m(WorkerDict pid=2846352)[0m Processed prompts:  50%|█████     | 16/32 [13:03<04:12, 15.81s/it, est. speed input: 2.58 toks/s, output: 169.86 toks/s]
[36m(WorkerDict pid=2846347)[0m Processed prompts: 100%|██████████| 32/32 [13:07<00:00, 63.80s/it, est. speed input: 2.91 toks/s, output: 250.79 toks/s]Processed prompts: 100%|██████████| 32/32 [13:07<00:00, 63.80s/it, est. speed input: 2.91 toks/s, output: 250.79 toks/s]
[36m(WorkerDict pid=2846350)[0m Processed prompts:  50%|█████     | 16/32 [13:09<03:35, 13.45s/it, est. speed input: 1.52 toks/s, output: 173.21 toks/s]
[36m(WorkerDict pid=2846350)[0m Processed prompts:  53%|█████▎    | 17/32 [13:16<02:53, 11.57s/it, est. speed input: 1.61 toks/s, output: 184.30 toks/s]
[36m(WorkerDict pid=2846350)[0m Processed prompts:  56%|█████▋    | 18/32 [13:23<02:19,  9.99s/it, est. speed input: 1.69 toks/s, output: 195.51 toks/s]
[36m(WorkerDict pid=2846346)[0m Processed prompts: 100%|██████████| 32/32 [13:26<00:00, 43.41s/it, est. speed input: 3.29 toks/s, output: 259.05 toks/s]Processed prompts: 100%|██████████| 32/32 [13:26<00:00, 43.41s/it, est. speed input: 3.29 toks/s, output: 259.05 toks/s]
[36m(WorkerDict pid=2846352)[0m Processed prompts:  53%|█████▎    | 17/32 [13:28<04:35, 18.39s/it, est. speed input: 2.68 toks/s, output: 177.40 toks/s]
[36m(WorkerDict pid=2846349)[0m Processed prompts:  94%|█████████▍| 30/32 [13:29<00:42, 21.18s/it, est. speed input: 2.80 toks/s, output: 267.04 toks/s]
[36m(WorkerDict pid=2846352)[0m Processed prompts:  56%|█████▋    | 18/32 [13:34<03:25, 14.66s/it, est. speed input: 2.84 toks/s, output: 188.77 toks/s]
[36m(WorkerDict pid=2846350)[0m Processed prompts:  59%|█████▉    | 19/32 [13:41<02:41, 12.43s/it, est. speed input: 1.74 toks/s, output: 203.86 toks/s]
[36m(WorkerDict pid=2846353)[0m Processed prompts:  44%|████▍     | 14/32 [13:44<10:47, 35.98s/it, est. speed input: 3.24 toks/s, output: 139.96 toks/s]
[36m(WorkerDict pid=2846352)[0m Processed prompts:  59%|█████▉    | 19/32 [13:50<03:19, 15.31s/it, est. speed input: 2.95 toks/s, output: 197.62 toks/s]
[36m(WorkerDict pid=2846349)[0m Processed prompts:  97%|█████████▋| 31/32 [13:55<00:22, 22.59s/it, est. speed input: 2.78 toks/s, output: 271.44 toks/s]
[36m(WorkerDict pid=2846348)[0m Processed prompts: 100%|██████████| 32/32 [14:10<00:00, 57.63s/it, est. speed input: 3.05 toks/s, output: 246.88 toks/s]Processed prompts: 100%|██████████| 32/32 [14:10<00:00, 57.63s/it, est. speed input: 3.05 toks/s, output: 246.88 toks/s]
[36m(WorkerDict pid=2846351)[0m Processed prompts:  50%|█████     | 16/32 [14:11<13:13, 49.58s/it, est. speed input: 2.35 toks/s, output: 142.12 toks/s]
[36m(WorkerDict pid=2846351)[0m Processed prompts:  53%|█████▎    | 17/32 [14:20<09:22, 37.47s/it, est. speed input: 2.39 toks/s, output: 153.28 toks/s]
[36m(WorkerDict pid=2846352)[0m Processed prompts:  62%|██████▎   | 20/32 [14:27<04:20, 21.69s/it, est. speed input: 3.00 toks/s, output: 201.99 toks/s]
[36m(WorkerDict pid=2846353)[0m Processed prompts:  47%|████▋     | 15/32 [14:41<11:58, 42.28s/it, est. speed input: 3.25 toks/s, output: 143.63 toks/s]
[36m(WorkerDict pid=2846351)[0m Processed prompts:  56%|█████▋    | 18/32 [14:48<08:03, 34.52s/it, est. speed input: 2.39 toks/s, output: 161.21 toks/s]
[36m(WorkerDict pid=2846352)[0m Processed prompts:  66%|██████▌   | 21/32 [15:04<04:49, 26.31s/it, est. speed input: 3.03 toks/s, output: 206.42 toks/s]
[36m(WorkerDict pid=2846351)[0m Processed prompts:  59%|█████▉    | 19/32 [15:05<06:19, 29.21s/it, est. speed input: 2.41 toks/s, output: 170.92 toks/s]
[36m(WorkerDict pid=2846350)[0m Processed prompts:  62%|██████▎   | 20/32 [15:22<07:49, 39.10s/it, est. speed input: 1.64 toks/s, output: 194.21 toks/s]
[36m(WorkerDict pid=2846351)[0m Processed prompts:  62%|██████▎   | 20/32 [15:33<05:48, 29.03s/it, est. speed input: 2.40 toks/s, output: 178.41 toks/s]
[36m(WorkerDict pid=2846351)[0m Processed prompts:  66%|██████▌   | 21/32 [15:46<04:25, 24.17s/it, est. speed input: 2.44 toks/s, output: 188.72 toks/s]
[36m(WorkerDict pid=2846350)[0m Processed prompts:  66%|██████▌   | 21/32 [15:54<06:45, 36.83s/it, est. speed input: 1.68 toks/s, output: 200.51 toks/s]
[36m(WorkerDict pid=2846351)[0m Processed prompts:  69%|██████▉   | 22/32 [15:59<03:29, 20.95s/it, est. speed input: 2.47 toks/s, output: 198.81 toks/s]
[36m(WorkerDict pid=2846352)[0m Processed prompts:  69%|██████▉   | 22/32 [16:00<05:51, 35.13s/it, est. speed input: 3.01 toks/s, output: 207.18 toks/s]
[36m(WorkerDict pid=2846351)[0m Processed prompts:  72%|███████▏  | 23/32 [16:04<02:24, 16.02s/it, est. speed input: 2.52 toks/s, output: 210.61 toks/s]
[36m(WorkerDict pid=2846351)[0m Processed prompts:  75%|███████▌  | 24/32 [16:08<01:39, 12.43s/it, est. speed input: 2.64 toks/s, output: 222.46 toks/s]
[36m(WorkerDict pid=2846350)[0m Processed prompts:  69%|██████▉   | 22/32 [16:09<05:03, 30.39s/it, est. speed input: 1.74 toks/s, output: 210.06 toks/s]
[36m(WorkerDict pid=2846350)[0m Processed prompts:  72%|███████▏  | 23/32 [16:19<03:38, 24.23s/it, est. speed input: 1.80 toks/s, output: 220.68 toks/s]
[36m(WorkerDict pid=2846352)[0m Processed prompts:  72%|███████▏  | 23/32 [16:34<05:12, 34.70s/it, est. speed input: 3.05 toks/s, output: 212.89 toks/s]
[36m(WorkerDict pid=2846351)[0m Processed prompts:  78%|███████▊  | 25/32 [16:48<02:25, 20.78s/it, est. speed input: 2.60 toks/s, output: 226.32 toks/s]
[36m(WorkerDict pid=2846351)[0m Processed prompts:  81%|████████▏ | 26/32 [16:53<01:36, 16.01s/it, est. speed input: 2.65 toks/s, output: 237.97 toks/s]
[36m(WorkerDict pid=2846352)[0m Processed prompts:  75%|███████▌  | 24/32 [16:56<04:07, 30.89s/it, est. speed input: 3.13 toks/s, output: 221.02 toks/s]
[36m(WorkerDict pid=2846352)[0m Processed prompts:  78%|███████▊  | 25/32 [16:56<02:33, 21.91s/it, est. speed input: 3.27 toks/s, output: 233.54 toks/s]
[36m(WorkerDict pid=2846353)[0m Processed prompts:  50%|█████     | 16/32 [16:57<18:47, 70.49s/it, est. speed input: 3.00 toks/s, output: 137.17 toks/s]
[36m(WorkerDict pid=2846351)[0m Processed prompts:  84%|████████▍ | 27/32 [17:00<01:06, 13.38s/it, est. speed input: 2.69 toks/s, output: 249.02 toks/s]
[36m(WorkerDict pid=2846352)[0m Processed prompts:  81%|████████▏ | 26/32 [17:01<01:39, 16.61s/it, est. speed input: 3.37 toks/s, output: 245.32 toks/s]
[36m(WorkerDict pid=2846351)[0m Processed prompts:  88%|████████▊ | 28/32 [17:09<00:48, 12.10s/it, est. speed input: 2.73 toks/s, output: 259.56 toks/s]
[36m(WorkerDict pid=2846352)[0m Processed prompts:  84%|████████▍ | 27/32 [17:12<01:15, 15.03s/it, est. speed input: 3.48 toks/s, output: 255.36 toks/s]
[36m(WorkerDict pid=2846350)[0m Processed prompts:  75%|███████▌  | 24/32 [17:15<04:29, 33.68s/it, est. speed input: 1.79 toks/s, output: 221.54 toks/s]
[36m(WorkerDict pid=2846350)[0m Processed prompts:  78%|███████▊  | 25/32 [17:23<03:02, 26.01s/it, est. speed input: 1.85 toks/s, output: 232.55 toks/s]
[36m(WorkerDict pid=2846352)[0m Processed prompts:  88%|████████▊ | 28/32 [17:26<00:58, 14.72s/it, est. speed input: 3.54 toks/s, output: 264.69 toks/s]
[36m(WorkerDict pid=2846351)[0m Processed prompts:  91%|█████████ | 29/32 [17:32<00:46, 15.35s/it, est. speed input: 2.73 toks/s, output: 266.66 toks/s]
[36m(WorkerDict pid=2846352)[0m Processed prompts:  91%|█████████ | 29/32 [17:38<00:41, 13.81s/it, est. speed input: 3.62 toks/s, output: 274.53 toks/s]
[36m(WorkerDict pid=2846351)[0m Processed prompts:  94%|█████████▍| 30/32 [17:48<00:30, 15.30s/it, est. speed input: 2.75 toks/s, output: 275.62 toks/s]
[36m(WorkerDict pid=2846352)[0m Processed prompts:  94%|█████████▍| 30/32 [18:27<00:49, 24.50s/it, est. speed input: 3.57 toks/s, output: 275.03 toks/s]
[36m(WorkerDict pid=2846350)[0m Processed prompts:  81%|████████▏ | 26/32 [18:35<03:59, 39.91s/it, est. speed input: 1.81 toks/s, output: 230.24 toks/s]
[36m(WorkerDict pid=2846352)[0m Processed prompts:  97%|█████████▋| 31/32 [18:55<00:25, 25.61s/it, est. speed input: 3.61 toks/s, output: 280.97 toks/s]
[36m(WorkerDict pid=2846352)[0m [rank14]:E0620 11:38:08.112000 2846352 site-packages/torch/_dynamo/metrics_context.py:105] [0/1] Unexpected exception logging compilation metrics
[36m(WorkerDict pid=2846352)[0m [rank14]:E0620 11:38:08.112000 2846352 site-packages/torch/_dynamo/metrics_context.py:105] [0/1] Traceback (most recent call last):
[36m(WorkerDict pid=2846352)[0m [rank14]:E0620 11:38:08.112000 2846352 site-packages/torch/_dynamo/metrics_context.py:105] [0/1]   File "/usr/local/python3.11.14/lib/python3.11/site-packages/torch/_dynamo/metrics_context.py", line 101, in __exit__
[36m(WorkerDict pid=2846352)[0m [rank14]:E0620 11:38:08.112000 2846352 site-packages/torch/_dynamo/metrics_context.py:105] [0/1]     self._on_exit(
[36m(WorkerDict pid=2846352)[0m [rank14]:E0620 11:38:08.112000 2846352 site-packages/torch/_dynamo/metrics_context.py:105] [0/1]   File "/usr/local/python3.11.14/lib/python3.11/site-packages/torch/_dynamo/utils.py", line 1632, in record_compilation_metrics
[36m(WorkerDict pid=2846352)[0m [rank14]:E0620 11:38:08.112000 2846352 site-packages/torch/_dynamo/metrics_context.py:105] [0/1]     "triton_version": triton.__version__ if has_triton() else "",
[36m(WorkerDict pid=2846352)[0m [rank14]:E0620 11:38:08.112000 2846352 site-packages/torch/_dynamo/metrics_context.py:105] [0/1]                                             ^^^^^^^^^^^^
[36m(WorkerDict pid=2846352)[0m [rank14]:E0620 11:38:08.112000 2846352 site-packages/torch/_dynamo/metrics_context.py:105] [0/1]   File "/usr/local/python3.11.14/lib/python3.11/site-packages/torch/utils/_triton.py", line 159, in has_triton
[36m(WorkerDict pid=2846352)[0m [rank14]:E0620 11:38:08.112000 2846352 site-packages/torch/_dynamo/metrics_context.py:105] [0/1]     return is_device_compatible_with_triton()
[36m(WorkerDict pid=2846352)[0m [rank14]:E0620 11:38:08.112000 2846352 site-packages/torch/_dynamo/metrics_context.py:105] [0/1]            ^^^^^^^^^^^^^^^^^^^^^^^^^^^^^^^^^^
[36m(WorkerDict pid=2846352)[0m [rank14]:E0620 11:38:08.112000 2846352 site-packages/torch/_dynamo/metrics_context.py:105] [0/1]   File "/usr/local/python3.11.14/lib/python3.11/site-packages/torch/utils/_triton.py", line 155, in is_device_compatible_with_triton
[36m(WorkerDict pid=2846352)[0m [rank14]:E0620 11:38:08.112000 2846352 site-packages/torch/_dynamo/metrics_context.py:105] [0/1]     if device_interface.is_available() and extra_check(device_interface):
[36m(WorkerDict pid=2846352)[0m [rank14]:E0620 11:38:08.112000 2846352 site-packages/torch/_dynamo/metrics_context.py:105] [0/1]                                            ^^^^^^^^^^^^^^^^^^^^^^^^^^^^^
[36m(WorkerDict pid=2846352)[0m [rank14]:E0620 11:38:08.112000 2846352 site-packages/torch/_dynamo/metrics_context.py:105] [0/1]   File "/usr/local/python3.11.14/lib/python3.11/site-packages/torch/utils/_triton.py", line 135, in cuda_extra_check
[36m(WorkerDict pid=2846352)[0m [rank14]:E0620 11:38:08.112000 2846352 site-packages/torch/_dynamo/metrics_context.py:105] [0/1]     return device_interface.Worker.get_device_properties().major >= 7
[36m(WorkerDict pid=2846352)[0m [rank14]:E0620 11:38:08.112000 2846352 site-packages/torch/_dynamo/metrics_context.py:105] [0/1]            ^^^^^^^^^^^^^^^^^^^^^^^^^^^^^^^^^^^^^^^^^^^^^^^^^^^^^^^^^^
[36m(WorkerDict pid=2846352)[0m [rank14]:E0620 11:38:08.112000 2846352 site-packages/torch/_dynamo/metrics_context.py:105] [0/1] TypeError: '>=' not supported between instances of 'NoneType' and 'int'
[36m(WorkerDict pid=2846349)[0m Processed prompts: 100%|██████████| 32/32 [20:55<00:00, 141.71s/it, est. speed input: 1.90 toks/s, output: 193.47 toks/s]Processed prompts: 100%|██████████| 32/32 [20:55<00:00, 141.71s/it, est. speed input: 1.90 toks/s, output: 193.47 toks/s]
[36m(WorkerDict pid=2846351)[0m Processed prompts:  97%|█████████▋| 31/32 [21:13<01:12, 72.39s/it, est. speed input: 2.35 toks/s, output: 243.90 toks/s]
[36m(WorkerDict pid=2846351)[0m [rank12]:E0620 11:40:26.015000 2846351 site-packages/torch/_dynamo/metrics_context.py:105] [0/1] Unexpected exception logging compilation metrics
[36m(WorkerDict pid=2846351)[0m [rank12]:E0620 11:40:26.015000 2846351 site-packages/torch/_dynamo/metrics_context.py:105] [0/1] Traceback (most recent call last):
[36m(WorkerDict pid=2846351)[0m [rank12]:E0620 11:40:26.015000 2846351 site-packages/torch/_dynamo/metrics_context.py:105] [0/1]   File "/usr/local/python3.11.14/lib/python3.11/site-packages/torch/_dynamo/metrics_context.py", line 101, in __exit__
[36m(WorkerDict pid=2846351)[0m [rank12]:E0620 11:40:26.015000 2846351 site-packages/torch/_dynamo/metrics_context.py:105] [0/1]     self._on_exit(
[36m(WorkerDict pid=2846351)[0m [rank12]:E0620 11:40:26.015000 2846351 site-packages/torch/_dynamo/metrics_context.py:105] [0/1]   File "/usr/local/python3.11.14/lib/python3.11/site-packages/torch/_dynamo/utils.py", line 1632, in record_compilation_metrics
[36m(WorkerDict pid=2846351)[0m [rank12]:E0620 11:40:26.015000 2846351 site-packages/torch/_dynamo/metrics_context.py:105] [0/1]     "triton_version": triton.__version__ if has_triton() else "",
[36m(WorkerDict pid=2846351)[0m [rank12]:E0620 11:40:26.015000 2846351 site-packages/torch/_dynamo/metrics_context.py:105] [0/1]                                             ^^^^^^^^^^^^
[36m(WorkerDict pid=2846351)[0m [rank12]:E0620 11:40:26.015000 2846351 site-packages/torch/_dynamo/metrics_context.py:105] [0/1]   File "/usr/local/python3.11.14/lib/python3.11/site-packages/torch/utils/_triton.py", line 159, in has_triton
[36m(WorkerDict pid=2846351)[0m [rank12]:E0620 11:40:26.015000 2846351 site-packages/torch/_dynamo/metrics_context.py:105] [0/1]     return is_device_compatible_with_triton()
[36m(WorkerDict pid=2846351)[0m [rank12]:E0620 11:40:26.015000 2846351 site-packages/torch/_dynamo/metrics_context.py:105] [0/1]            ^^^^^^^^^^^^^^^^^^^^^^^^^^^^^^^^^^
[36m(WorkerDict pid=2846351)[0m [rank12]:E0620 11:40:26.015000 2846351 site-packages/torch/_dynamo/metrics_context.py:105] [0/1]   File "/usr/local/python3.11.14/lib/python3.11/site-packages/torch/utils/_triton.py", line 155, in is_device_compatible_with_triton
[36m(WorkerDict pid=2846351)[0m [rank12]:E0620 11:40:26.015000 2846351 site-packages/torch/_dynamo/metrics_context.py:105] [0/1]     if device_interface.is_available() and extra_check(device_interface):
[36m(WorkerDict pid=2846351)[0m [rank12]:E0620 11:40:26.015000 2846351 site-packages/torch/_dynamo/metrics_context.py:105] [0/1]                                            ^^^^^^^^^^^^^^^^^^^^^^^^^^^^^
[36m(WorkerDict pid=2846351)[0m [rank12]:E0620 11:40:26.015000 2846351 site-packages/torch/_dynamo/metrics_context.py:105] [0/1]   File "/usr/local/python3.11.14/lib/python3.11/site-packages/torch/utils/_triton.py", line 135, in cuda_extra_check
[36m(WorkerDict pid=2846351)[0m [rank12]:E0620 11:40:26.015000 2846351 site-packages/torch/_dynamo/metrics_context.py:105] [0/1]     return device_interface.Worker.get_device_properties().major >= 7
[36m(WorkerDict pid=2846351)[0m [rank12]:E0620 11:40:26.015000 2846351 site-packages/torch/_dynamo/metrics_context.py:105] [0/1]            ^^^^^^^^^^^^^^^^^^^^^^^^^^^^^^^^^^^^^^^^^^^^^^^^^^^^^^^^^^
[36m(WorkerDict pid=2846351)[0m [rank12]:E0620 11:40:26.015000 2846351 site-packages/torch/_dynamo/metrics_context.py:105] [0/1] TypeError: '>=' not supported between instances of 'NoneType' and 'int'
[36m(WorkerDict pid=2846349)[0m Processed prompts: 100%|██████████| 32/32 [21:23<00:00, 40.12s/it, est. speed input: 1.90 toks/s, output: 193.47 toks/s] 
[36m(WorkerDict pid=2846346)[0m Processed prompts: 100%|██████████| 32/32 [21:23<00:00, 40.09s/it, est. speed input: 3.29 toks/s, output: 259.05 toks/s]
[36m(WorkerDict pid=2846352)[0m Processed prompts: 100%|██████████| 32/32 [21:23<00:00, 62.26s/it, est. speed input: 3.30 toks/s, output: 261.39 toks/s]Processed prompts: 100%|██████████| 32/32 [21:23<00:00, 62.26s/it, est. speed input: 3.30 toks/s, output: 261.39 toks/s]Processed prompts: 100%|██████████| 32/32 [21:23<00:00, 40.12s/it, est. speed input: 3.30 toks/s, output: 261.39 toks/s]
[36m(WorkerDict pid=2846347)[0m Processed prompts: 100%|██████████| 32/32 [21:23<00:00, 40.12s/it, est. speed input: 2.91 toks/s, output: 250.79 toks/s]
[36m(WorkerDict pid=2846350)[0m Processed prompts:  84%|████████▍ | 27/32 [21:23<06:32, 78.49s/it, est. speed input: 1.63 toks/s, output: 212.78 toks/s]Processed prompts: 100%|██████████| 32/32 [21:23<00:00, 78.49s/it, est. speed input: 1.96 toks/s, output: 276.58 toks/s]Processed prompts: 100%|██████████| 32/32 [21:23<00:00, 40.12s/it, est. speed input: 1.96 toks/s, output: 276.58 toks/s]
[36m(WorkerDict pid=2846353)[0m Processed prompts:  53%|█████▎    | 17/32 [21:23<32:19, 129.27s/it, est. speed input: 2.48 toks/s, output: 121.51 toks/s]Processed prompts: 100%|██████████| 32/32 [21:23<00:00, 129.27s/it, est. speed input: 4.04 toks/s, output: 313.01 toks/s]Processed prompts: 100%|██████████| 32/32 [21:23<00:00, 40.10s/it, est. speed input: 4.04 toks/s, output: 313.01 toks/s] 
[36m(WorkerDict pid=2846348)[0m Processed prompts: 100%|██████████| 32/32 [21:23<00:00, 40.11s/it, est. speed input: 3.05 toks/s, output: 246.88 toks/s]
[36m(WorkerDict pid=2846351)[0m Processed prompts: 100%|██████████| 32/32 [21:23<00:00, 53.64s/it, est. speed input: 2.38 toks/s, output: 254.79 toks/s]Processed prompts: 100%|██████████| 32/32 [21:23<00:00, 53.64s/it, est. speed input: 2.38 toks/s, output: 254.79 toks/s]Processed prompts: 100%|██████████| 32/32 [21:23<00:00, 40.11s/it, est. speed input: 2.38 toks/s, output: 254.79 toks/s]
[36m(TaskRunner pid=2843659)[0m Training Progress:  40%|████      | 2/5 [50:28<1:15:32, 1510.93s/it]
[36m(WorkerDict pid=2846344)[0m Adding requests:   0%|          | 0/32 [00:00<?, ?it/s]Adding requests: 100%|██████████| 32/32 [00:00<00:00, 12437.93it/s]
[36m(WorkerDict pid=2846344)[0m Processed prompts:   0%|          | 0/32 [00:00<?, ?it/s, est. speed input: 0.00 toks/s, output: 0.00 toks/s]
[36m(WorkerDict pid=2846342)[0m Adding requests:   0%|          | 0/32 [00:00<?, ?it/s]Adding requests: 100%|██████████| 32/32 [00:00<00:00, 12725.68it/s]
[36m(WorkerDict pid=2846342)[0m Processed prompts:   0%|          | 0/32 [00:00<?, ?it/s, est. speed input: 0.00 toks/s, output: 0.00 toks/s]
[36m(WorkerDict pid=2846340)[0m Adding requests:   0%|          | 0/32 [00:00<?, ?it/s]Adding requests: 100%|██████████| 32/32 [00:00<00:00, 12218.27it/s]
[36m(WorkerDict pid=2846340)[0m Processed prompts:   0%|          | 0/32 [00:00<?, ?it/s, est. speed input: 0.00 toks/s, output: 0.00 toks/s]
[36m(WorkerDict pid=2846338)[0m Adding requests:   0%|          | 0/32 [00:00<?, ?it/s]Adding requests: 100%|██████████| 32/32 [00:00<00:00, 11989.08it/s]
[36m(WorkerDict pid=2846338)[0m Processed prompts:   0%|          | 0/32 [00:00<?, ?it/s, est. speed input: 0.00 toks/s, output: 0.00 toks/s]
[36m(WorkerDict pid=2846339)[0m Adding requests:   0%|          | 0/32 [00:00<?, ?it/s]Adding requests: 100%|██████████| 32/32 [00:00<00:00, 12155.20it/s]
[36m(WorkerDict pid=2846339)[0m Processed prompts:   0%|          | 0/32 [00:00<?, ?it/s, est. speed input: 0.00 toks/s, output: 0.00 toks/s]
[36m(WorkerDict pid=2846343)[0m Adding requests:   0%|          | 0/32 [00:00<?, ?it/s]Adding requests: 100%|██████████| 32/32 [00:00<00:00, 12118.98it/s]
[36m(WorkerDict pid=2846343)[0m Processed prompts:   0%|          | 0/32 [00:00<?, ?it/s, est. speed input: 0.00 toks/s, output: 0.00 toks/s]
[36m(WorkerDict pid=2846345)[0m Adding requests:   0%|          | 0/32 [00:00<?, ?it/s]Adding requests: 100%|██████████| 32/32 [00:00<00:00, 12197.18it/s]
[36m(WorkerDict pid=2846345)[0m Processed prompts:   0%|          | 0/32 [00:00<?, ?it/s, est. speed input: 0.00 toks/s, output: 0.00 toks/s]
[36m(WorkerDict pid=2846341)[0m Adding requests:   0%|          | 0/32 [00:00<?, ?it/s]Adding requests: 100%|██████████| 32/32 [00:00<00:00, 12352.08it/s]
[36m(WorkerDict pid=2846341)[0m Processed prompts:   0%|          | 0/32 [00:00<?, ?it/s, est. speed input: 0.00 toks/s, output: 0.00 toks/s]
[36m(WorkerDict pid=2846352)[0m Adding requests:   0%|          | 0/32 [00:00<?, ?it/s]Adding requests: 100%|██████████| 32/32 [00:00<00:00, 11768.32it/s]
[36m(WorkerDict pid=2846352)[0m Processed prompts:   0%|          | 0/32 [00:00<?, ?it/s, est. speed input: 0.00 toks/s, output: 0.00 toks/s]
[36m(WorkerDict pid=2846347)[0m Adding requests:   0%|          | 0/32 [00:00<?, ?it/s]Adding requests: 100%|██████████| 32/32 [00:00<00:00, 12634.64it/s]
[36m(WorkerDict pid=2846347)[0m Processed prompts:   0%|          | 0/32 [00:00<?, ?it/s, est. speed input: 0.00 toks/s, output: 0.00 toks/s]
[36m(WorkerDict pid=2846350)[0m Adding requests:   0%|          | 0/32 [00:00<?, ?it/s]Adding requests: 100%|██████████| 32/32 [00:00<00:00, 12301.14it/s]
[36m(WorkerDict pid=2846350)[0m Processed prompts:   0%|          | 0/32 [00:00<?, ?it/s, est. speed input: 0.00 toks/s, output: 0.00 toks/s]
[36m(WorkerDict pid=2846349)[0m Adding requests:   0%|          | 0/32 [00:00<?, ?it/s]Adding requests: 100%|██████████| 32/32 [00:00<00:00, 12328.26it/s]
[36m(WorkerDict pid=2846349)[0m Processed prompts:   0%|          | 0/32 [00:00<?, ?it/s, est. speed input: 0.00 toks/s, output: 0.00 toks/s]
[36m(WorkerDict pid=2846353)[0m Adding requests:   0%|          | 0/32 [00:00<?, ?it/s]Adding requests: 100%|██████████| 32/32 [00:00<00:00, 11883.99it/s]
[36m(WorkerDict pid=2846353)[0m Processed prompts:   0%|          | 0/32 [00:00<?, ?it/s, est. speed input: 0.00 toks/s, output: 0.00 toks/s]
[36m(WorkerDict pid=2846351)[0m Adding requests:   0%|          | 0/32 [00:00<?, ?it/s]Adding requests: 100%|██████████| 32/32 [00:00<00:00, 12185.00it/s]
[36m(WorkerDict pid=2846351)[0m Processed prompts:   0%|          | 0/32 [00:00<?, ?it/s, est. speed input: 0.00 toks/s, output: 0.00 toks/s]
[36m(WorkerDict pid=2846348)[0m Adding requests:   0%|          | 0/32 [00:00<?, ?it/s]Adding requests: 100%|██████████| 32/32 [00:00<00:00, 12178.36it/s]
[36m(WorkerDict pid=2846348)[0m Processed prompts:   0%|          | 0/32 [00:00<?, ?it/s, est. speed input: 0.00 toks/s, output: 0.00 toks/s]
[36m(WorkerDict pid=2846346)[0m Adding requests:   0%|          | 0/32 [00:00<?, ?it/s]Adding requests: 100%|██████████| 32/32 [00:00<00:00, 11302.55it/s]
[36m(WorkerDict pid=2846346)[0m Processed prompts:   0%|          | 0/32 [00:00<?, ?it/s, est. speed input: 0.00 toks/s, output: 0.00 toks/s]
[36m(WorkerDict pid=2846345)[0m Processed prompts:   3%|▎         | 1/32 [01:21<42:21, 81.97s/it, est. speed input: 0.54 toks/s, output: 11.50 toks/s]
[36m(WorkerDict pid=2846344)[0m Processed prompts:   3%|▎         | 1/32 [01:27<45:04, 87.24s/it, est. speed input: 0.69 toks/s, output: 11.49 toks/s]
[36m(WorkerDict pid=2846345)[0m Processed prompts:   6%|▋         | 2/32 [01:34<20:28, 40.96s/it, est. speed input: 0.93 toks/s, output: 21.65 toks/s]
[36m(WorkerDict pid=2846345)[0m Processed prompts:   9%|▉         | 3/32 [01:34<10:55, 22.59s/it, est. speed input: 1.39 toks/s, output: 33.13 toks/s]
[36m(WorkerDict pid=2846345)[0m Processed prompts:  12%|█▎        | 4/32 [01:37<06:47, 14.56s/it, est. speed input: 1.81 toks/s, output: 44.04 toks/s]
[36m(WorkerDict pid=2846345)[0m Processed prompts:  16%|█▌        | 5/32 [01:42<04:58, 11.05s/it, est. speed input: 2.16 toks/s, output: 53.67 toks/s]
[36m(WorkerDict pid=2846344)[0m Processed prompts:   6%|▋         | 2/32 [01:43<22:39, 45.31s/it, est. speed input: 1.16 toks/s, output: 21.37 toks/s]
[36m(WorkerDict pid=2846344)[0m Processed prompts:   9%|▉         | 3/32 [01:46<12:36, 26.10s/it, est. speed input: 1.69 toks/s, output: 32.41 toks/s]
[36m(WorkerDict pid=2846345)[0m Processed prompts:  19%|█▉        | 6/32 [01:45<03:43,  8.61s/it, est. speed input: 2.49 toks/s, output: 63.46 toks/s]
[36m(WorkerDict pid=2846345)[0m Processed prompts:  22%|██▏       | 7/32 [01:46<02:28,  5.93s/it, est. speed input: 2.90 toks/s, output: 74.97 toks/s]
[36m(WorkerDict pid=2846344)[0m Processed prompts:  12%|█▎        | 4/32 [01:49<07:58, 17.10s/it, est. speed input: 2.19 toks/s, output: 43.15 toks/s]
[36m(WorkerDict pid=2846344)[0m Processed prompts:  16%|█▌        | 5/32 [01:50<05:06, 11.35s/it, est. speed input: 2.71 toks/s, output: 54.42 toks/s]
[36m(WorkerDict pid=2846345)[0m Processed prompts:  25%|██▌       | 8/32 [01:50<02:08,  5.34s/it, est. speed input: 3.19 toks/s, output: 84.00 toks/s]
[36m(WorkerDict pid=2846344)[0m Processed prompts:  19%|█▉        | 6/32 [01:51<03:17,  7.58s/it, est. speed input: 3.24 toks/s, output: 66.02 toks/s]
[36m(WorkerDict pid=2846344)[0m Processed prompts:  22%|██▏       | 7/32 [01:52<02:21,  5.68s/it, est. speed input: 3.72 toks/s, output: 76.72 toks/s]
[36m(WorkerDict pid=2846345)[0m Processed prompts:  28%|██▊       | 9/32 [01:53<01:48,  4.70s/it, est. speed input: 3.48 toks/s, output: 93.36 toks/s]
[36m(WorkerDict pid=2846344)[0m Processed prompts:  25%|██▌       | 8/32 [01:54<01:45,  4.40s/it, est. speed input: 4.19 toks/s, output: 87.34 toks/s]
[36m(WorkerDict pid=2846345)[0m Processed prompts:  31%|███▏      | 10/32 [01:54<01:15,  3.42s/it, est. speed input: 3.85 toks/s, output: 104.73 toks/s]
[36m(WorkerDict pid=2846344)[0m Processed prompts:  28%|██▊       | 9/32 [01:55<01:15,  3.28s/it, est. speed input: 4.68 toks/s, output: 98.49 toks/s]
[36m(WorkerDict pid=2846344)[0m Processed prompts:  31%|███▏      | 10/32 [01:55<00:51,  2.34s/it, est. speed input: 5.19 toks/s, output: 110.03 toks/s]
[36m(WorkerDict pid=2846345)[0m Processed prompts:  34%|███▍      | 11/32 [01:55<01:00,  2.87s/it, est. speed input: 4.18 toks/s, output: 115.08 toks/s]
[36m(WorkerDict pid=2846344)[0m Processed prompts:  34%|███▍      | 11/32 [01:57<00:49,  2.34s/it, est. speed input: 5.59 toks/s, output: 119.63 toks/s]
[36m(WorkerDict pid=2846344)[0m Processed prompts:  38%|███▊      | 12/32 [02:02<01:01,  3.06s/it, est. speed input: 5.87 toks/s, output: 126.84 toks/s]
[36m(WorkerDict pid=2846344)[0m Processed prompts:  41%|████      | 13/32 [02:03<00:43,  2.27s/it, est. speed input: 6.33 toks/s, output: 138.16 toks/s]
[36m(WorkerDict pid=2846339)[0m Processed prompts:   3%|▎         | 1/32 [02:03<1:03:35, 123.07s/it, est. speed input: 0.56 toks/s, output: 11.84 toks/s]
[36m(WorkerDict pid=2846341)[0m Processed prompts:   3%|▎         | 1/32 [02:08<1:06:14, 128.22s/it, est. speed input: 0.69 toks/s, output: 11.93 toks/s]
[36m(WorkerDict pid=2846344)[0m Processed prompts:  44%|████▍     | 14/32 [02:10<01:10,  3.92s/it, est. speed input: 6.42 toks/s, output: 141.88 toks/s]
[36m(WorkerDict pid=2846341)[0m Processed prompts:   6%|▋         | 2/32 [02:11<27:20, 54.67s/it, est. speed input: 1.35 toks/s, output: 23.61 toks/s]   
[36m(WorkerDict pid=2846340)[0m Processed prompts:   3%|▎         | 1/32 [02:13<1:09:08, 133.81s/it, est. speed input: 0.46 toks/s, output: 11.93 toks/s]
[36m(WorkerDict pid=2846344)[0m Processed prompts:  47%|████▋     | 15/32 [02:15<01:10,  4.14s/it, est. speed input: 6.64 toks/s, output: 148.94 toks/s]
[36m(WorkerDict pid=2846340)[0m Processed prompts:   6%|▋         | 2/32 [02:16<28:20, 56.68s/it, est. speed input: 0.89 toks/s, output: 23.66 toks/s]   
[36m(WorkerDict pid=2846345)[0m Processed prompts:  38%|███▊      | 12/32 [02:18<02:55,  8.76s/it, est. speed input: 3.82 toks/s, output: 108.56 toks/s]
[36m(WorkerDict pid=2846341)[0m Processed prompts:   9%|▉         | 3/32 [02:18<15:59, 33.08s/it, est. speed input: 1.92 toks/s, output: 34.37 toks/s]
[36m(WorkerDict pid=2846341)[0m Processed prompts:  12%|█▎        | 4/32 [02:20<09:41, 20.75s/it, est. speed input: 2.53 toks/s, output: 45.94 toks/s]
[36m(WorkerDict pid=2846338)[0m Processed prompts:   3%|▎         | 1/32 [02:22<1:13:46, 142.80s/it, est. speed input: 0.34 toks/s, output: 11.98 toks/s]
[36m(WorkerDict pid=2846339)[0m Processed prompts:   6%|▋         | 2/32 [02:23<31:25, 62.85s/it, est. speed input: 0.96 toks/s, output: 22.13 toks/s]   
[36m(WorkerDict pid=2846345)[0m Processed prompts:  41%|████      | 13/32 [02:23<02:27,  7.75s/it, est. speed input: 3.99 toks/s, output: 116.47 toks/s]
[36m(WorkerDict pid=2846345)[0m Processed prompts:  44%|████▍     | 14/32 [02:27<01:57,  6.52s/it, est. speed input: 4.19 toks/s, output: 125.63 toks/s]
[36m(WorkerDict pid=2846338)[0m Processed prompts:   6%|▋         | 2/32 [02:28<31:04, 62.13s/it, est. speed input: 0.65 toks/s, output: 23.53 toks/s]   
[36m(WorkerDict pid=2846341)[0m Processed prompts:  16%|█▌        | 5/32 [02:29<07:22, 16.38s/it, est. speed input: 2.98 toks/s, output: 55.35 toks/s]
[36m(WorkerDict pid=2846341)[0m Processed prompts:  19%|█▉        | 6/32 [02:30<04:47, 11.07s/it, est. speed input: 3.56 toks/s, output: 67.13 toks/s]
[36m(WorkerDict pid=2846340)[0m Processed prompts:   9%|▉         | 3/32 [02:36<19:12, 39.74s/it, est. speed input: 1.17 toks/s, output: 32.74 toks/s]
[36m(WorkerDict pid=2846340)[0m Processed prompts:  12%|█▎        | 4/32 [02:36<11:14, 24.10s/it, est. speed input: 1.56 toks/s, output: 44.77 toks/s]
[36m(WorkerDict pid=2846343)[0m Processed prompts:   3%|▎         | 1/32 [02:37<1:21:22, 157.49s/it, est. speed input: 0.41 toks/s, output: 12.10 toks/s]
[36m(WorkerDict pid=2846340)[0m Processed prompts:  16%|█▌        | 5/32 [02:38<07:23, 16.41s/it, est. speed input: 1.92 toks/s, output: 56.06 toks/s]
[36m(WorkerDict pid=2846342)[0m Processed prompts:   3%|▎         | 1/32 [02:40<1:23:02, 160.72s/it, est. speed input: 0.53 toks/s, output: 12.06 toks/s]
[36m(WorkerDict pid=2846343)[0m Processed prompts:   6%|▋         | 2/32 [02:40<33:25, 66.84s/it, est. speed input: 0.80 toks/s, output: 23.95 toks/s]   
[36m(WorkerDict pid=2846342)[0m Processed prompts:   6%|▋         | 2/32 [02:42<33:42, 67.41s/it, est. speed input: 1.04 toks/s, output: 24.00 toks/s]   
[36m(WorkerDict pid=2846340)[0m Processed prompts:  19%|█▉        | 6/32 [02:43<05:20, 12.33s/it, est. speed input: 2.24 toks/s, output: 66.64 toks/s]
[36m(WorkerDict pid=2846344)[0m Processed prompts:  50%|█████     | 16/32 [02:44<03:04, 11.54s/it, est. speed input: 5.85 toks/s, output: 135.00 toks/s]
[36m(WorkerDict pid=2846341)[0m Processed prompts:  22%|██▏       | 7/32 [02:44<05:03, 12.15s/it, est. speed input: 3.79 toks/s, output: 73.41 toks/s]
[36m(WorkerDict pid=2846338)[0m Processed prompts:   9%|▉         | 3/32 [02:45<20:06, 41.60s/it, est. speed input: 0.87 toks/s, output: 33.20 toks/s]
[36m(WorkerDict pid=2846342)[0m Processed prompts:   9%|▉         | 3/32 [02:45<18:23, 38.07s/it, est. speed input: 1.54 toks/s, output: 35.65 toks/s]
[36m(WorkerDict pid=2846342)[0m Processed prompts:  12%|█▎        | 4/32 [02:46<10:53, 23.35s/it, est. speed input: 2.04 toks/s, output: 47.58 toks/s]
[36m(WorkerDict pid=2846342)[0m Processed prompts:  16%|█▌        | 5/32 [02:47<06:51, 15.25s/it, est. speed input: 2.54 toks/s, output: 59.44 toks/s]
[36m(WorkerDict pid=2846343)[0m Processed prompts:   9%|▉         | 3/32 [02:47<19:01, 39.35s/it, est. speed input: 1.15 toks/s, output: 35.14 toks/s]
[36m(WorkerDict pid=2846345)[0m Processed prompts:  47%|████▋     | 15/32 [02:47<03:03, 10.82s/it, est. speed input: 3.93 toks/s, output: 122.23 toks/s]
[36m(WorkerDict pid=2846341)[0m Processed prompts:  25%|██▌       | 8/32 [02:49<03:54,  9.76s/it, est. speed input: 4.21 toks/s, output: 83.57 toks/s]
[36m(WorkerDict pid=2846342)[0m Processed prompts:  19%|█▉        | 6/32 [02:49<04:40, 10.80s/it, est. speed input: 3.00 toks/s, output: 70.82 toks/s]
[36m(WorkerDict pid=2846339)[0m Processed prompts:   9%|▉         | 3/32 [02:50<22:18, 46.16s/it, est. speed input: 1.22 toks/s, output: 30.86 toks/s]
[36m(WorkerDict pid=2846340)[0m Processed prompts:  22%|██▏       | 7/32 [02:51<04:34, 10.97s/it, est. speed input: 2.49 toks/s, output: 75.61 toks/s]
[36m(WorkerDict pid=2846340)[0m Processed prompts:  25%|██▌       | 8/32 [02:53<03:13,  8.08s/it, est. speed input: 2.81 toks/s, output: 86.95 toks/s]
[36m(WorkerDict pid=2846342)[0m Processed prompts:  22%|██▏       | 7/32 [02:54<03:36,  8.67s/it, est. speed input: 3.42 toks/s, output: 81.23 toks/s]
[36m(WorkerDict pid=2846342)[0m Processed prompts:  25%|██▌       | 8/32 [02:58<02:53,  7.23s/it, est. speed input: 3.82 toks/s, output: 91.50 toks/s]
[36m(WorkerDict pid=2846338)[0m Processed prompts:  12%|█▎        | 4/32 [02:58<14:06, 30.23s/it, est. speed input: 1.08 toks/s, output: 42.98 toks/s]
[36m(WorkerDict pid=2846340)[0m Processed prompts:  28%|██▊       | 9/32 [02:59<02:51,  7.44s/it, est. speed input: 3.06 toks/s, output: 96.19 toks/s]
[36m(WorkerDict pid=2846341)[0m Processed prompts:  28%|██▊       | 9/32 [02:59<03:47,  9.90s/it, est. speed input: 4.47 toks/s, output: 91.01 toks/s]
[36m(WorkerDict pid=2846342)[0m Processed prompts:  28%|██▊       | 9/32 [03:01<02:14,  5.86s/it, est. speed input: 4.22 toks/s, output: 102.22 toks/s]
[36m(WorkerDict pid=2846343)[0m Processed prompts:  12%|█▎        | 4/32 [03:00<13:32, 29.04s/it, est. speed input: 1.33 toks/s, output: 44.76 toks/s]
[36m(WorkerDict pid=2846339)[0m Processed prompts:  12%|█▎        | 4/32 [03:01<15:13, 32.64s/it, est. speed input: 1.45 toks/s, output: 41.02 toks/s]
[36m(WorkerDict pid=2846342)[0m Processed prompts:  31%|███▏      | 10/32 [03:03<01:45,  4.79s/it, est. speed input: 4.63 toks/s, output: 113.04 toks/s]
[36m(WorkerDict pid=2846341)[0m Processed prompts:  31%|███▏      | 10/32 [03:04<03:03,  8.35s/it, est. speed input: 4.83 toks/s, output: 100.80 toks/s]
[36m(WorkerDict pid=2846345)[0m Processed prompts:  50%|█████     | 16/32 [03:04<03:19, 12.48s/it, est. speed input: 3.82 toks/s, output: 123.60 toks/s]
[36m(WorkerDict pid=2846338)[0m Processed prompts:  16%|█▌        | 5/32 [03:04<09:44, 21.63s/it, est. speed input: 1.55 toks/s, output: 53.66 toks/s]
[36m(WorkerDict pid=2846342)[0m Processed prompts:  34%|███▍      | 11/32 [03:07<01:33,  4.47s/it, est. speed input: 4.99 toks/s, output: 122.95 toks/s]
[36m(WorkerDict pid=2846340)[0m Processed prompts:  31%|███▏      | 10/32 [03:08<02:51,  7.78s/it, est. speed input: 3.24 toks/s, output: 104.00 toks/s]
[36m(WorkerDict pid=2846339)[0m Processed prompts:  16%|█▌        | 5/32 [03:08<10:22, 23.05s/it, est. speed input: 1.71 toks/s, output: 51.89 toks/s]
[36m(WorkerDict pid=2846338)[0m Processed prompts:  19%|█▉        | 6/32 [03:08<06:47, 15.68s/it, est. speed input: 1.77 toks/s, output: 64.68 toks/s]
[36m(WorkerDict pid=2846342)[0m Processed prompts:  38%|███▊      | 12/32 [03:09<01:13,  3.66s/it, est. speed input: 5.40 toks/s, output: 133.96 toks/s]
[36m(WorkerDict pid=2846340)[0m Processed prompts:  34%|███▍      | 11/32 [03:09<02:05,  5.98s/it, est. speed input: 3.53 toks/s, output: 115.14 toks/s]
[36m(WorkerDict pid=2846340)[0m Processed prompts:  38%|███▊      | 12/32 [03:10<01:27,  4.36s/it, est. speed input: 3.84 toks/s, output: 126.93 toks/s]
[36m(WorkerDict pid=2846342)[0m Processed prompts:  41%|████      | 13/32 [03:10<00:58,  3.06s/it, est. speed input: 5.79 toks/s, output: 144.96 toks/s]
[36m(WorkerDict pid=2846338)[0m Processed prompts:  22%|██▏       | 7/32 [03:11<04:44, 11.38s/it, est. speed input: 2.00 toks/s, output: 76.01 toks/s]
[36m(WorkerDict pid=2846339)[0m Processed prompts:  19%|█▉        | 6/32 [03:11<07:05, 16.38s/it, est. speed input: 1.97 toks/s, output: 63.17 toks/s]
[36m(WorkerDict pid=2846341)[0m Processed prompts:  34%|███▍      | 11/32 [03:11<02:48,  8.01s/it, est. speed input: 5.12 toks/s, output: 109.22 toks/s]
[36m(WorkerDict pid=2846348)[0m Processed prompts:   3%|▎         | 1/32 [03:11<1:38:46, 191.17s/it, est. speed input: 0.19 toks/s, output: 12.26 toks/s]
[36m(WorkerDict pid=2846343)[0m Processed prompts:  16%|█▌        | 5/32 [03:12<10:15, 22.79s/it, est. speed input: 1.58 toks/s, output: 54.25 toks/s]
[36m(WorkerDict pid=2846348)[0m Processed prompts:   6%|▋         | 2/32 [03:12<39:48, 79.62s/it, est. speed input: 0.37 toks/s, output: 24.43 toks/s]   
[36m(WorkerDict pid=2846342)[0m Processed prompts:  44%|████▍     | 14/32 [03:14<00:56,  3.15s/it, est. speed input: 6.13 toks/s, output: 154.65 toks/s]
[36m(WorkerDict pid=2846341)[0m Processed prompts:  38%|███▊      | 12/32 [03:14<02:12,  6.61s/it, est. speed input: 5.48 toks/s, output: 119.54 toks/s]
[36m(WorkerDict pid=2846341)[0m Processed prompts:  41%|████      | 13/32 [03:19<01:52,  5.92s/it, est. speed input: 5.81 toks/s, output: 129.18 toks/s]
[36m(WorkerDict pid=2846339)[0m Processed prompts:  22%|██▏       | 7/32 [03:19<05:44, 13.77s/it, est. speed input: 2.18 toks/s, output: 72.73 toks/s]
[36m(WorkerDict pid=2846341)[0m Processed prompts:  44%|████▍     | 14/32 [03:20<01:20,  4.45s/it, est. speed input: 6.22 toks/s, output: 140.76 toks/s]
[36m(WorkerDict pid=2846343)[0m Processed prompts:  19%|█▉        | 6/32 [03:21<07:46, 17.95s/it, est. speed input: 1.83 toks/s, output: 64.18 toks/s]
[36m(WorkerDict pid=2846348)[0m Processed prompts:   9%|▉         | 3/32 [03:20<22:40, 46.91s/it, est. speed input: 0.54 toks/s, output: 35.74 toks/s]
[36m(WorkerDict pid=2846343)[0m Processed prompts:  22%|██▏       | 7/32 [03:23<05:22, 12.89s/it, est. speed input: 2.12 toks/s, output: 75.64 toks/s]
[36m(WorkerDict pid=2846340)[0m Processed prompts:  41%|████      | 13/32 [03:24<02:16,  7.18s/it, est. speed input: 3.88 toks/s, output: 130.66 toks/s]
[36m(WorkerDict pid=2846339)[0m Processed prompts:  25%|██▌       | 8/32 [03:28<04:49, 12.06s/it, est. speed input: 2.36 toks/s, output: 82.03 toks/s]
[36m(WorkerDict pid=2846339)[0m Processed prompts:  28%|██▊       | 9/32 [03:28<03:12,  8.38s/it, est. speed input: 2.69 toks/s, output: 94.16 toks/s]
[36m(WorkerDict pid=2846338)[0m Processed prompts:  25%|██▌       | 8/32 [03:28<05:17, 13.25s/it, est. speed input: 2.07 toks/s, output: 81.96 toks/s]
[36m(WorkerDict pid=2846348)[0m Processed prompts:  12%|█▎        | 4/32 [03:30<14:59, 32.13s/it, est. speed input: 0.69 toks/s, output: 46.43 toks/s]
[36m(WorkerDict pid=2846339)[0m Processed prompts:  31%|███▏      | 10/32 [03:32<02:34,  7.01s/it, est. speed input: 2.91 toks/s, output: 104.66 toks/s]
[36m(WorkerDict pid=2846348)[0m Processed prompts:  16%|█▌        | 5/32 [03:31<09:32, 21.19s/it, est. speed input: 0.85 toks/s, output: 58.35 toks/s]
[36m(WorkerDict pid=2846344)[0m Processed prompts:  53%|█████▎    | 17/32 [03:33<05:43, 22.87s/it, est. speed input: 4.76 toks/s, output: 116.11 toks/s]
[36m(WorkerDict pid=2846348)[0m Processed prompts:  19%|█▉        | 6/32 [03:32<06:06, 14.09s/it, est. speed input: 1.02 toks/s, output: 70.58 toks/s]
[36m(WorkerDict pid=2846343)[0m Processed prompts:  25%|██▌       | 8/32 [03:33<04:48, 12.04s/it, est. speed input: 2.25 toks/s, output: 84.30 toks/s]
[36m(WorkerDict pid=2846340)[0m Processed prompts:  44%|████▍     | 14/32 [03:35<02:31,  8.44s/it, est. speed input: 3.96 toks/s, output: 136.04 toks/s]
[36m(WorkerDict pid=2846343)[0m Processed prompts:  28%|██▊       | 9/32 [03:37<03:37,  9.45s/it, est. speed input: 2.50 toks/s, output: 95.15 toks/s]
[36m(WorkerDict pid=2846338)[0m Processed prompts:  28%|██▊       | 9/32 [03:37<04:35, 11.99s/it, est. speed input: 2.20 toks/s, output: 90.77 toks/s]
[36m(WorkerDict pid=2846338)[0m Processed prompts:  31%|███▏      | 10/32 [03:39<03:12,  8.76s/it, est. speed input: 2.40 toks/s, output: 102.42 toks/s]
[36m(WorkerDict pid=2846339)[0m Processed prompts:  34%|███▍      | 11/32 [03:40<02:31,  7.20s/it, est. speed input: 3.07 toks/s, output: 113.33 toks/s]
[36m(WorkerDict pid=2846339)[0m Processed prompts:  38%|███▊      | 12/32 [03:40<01:41,  5.10s/it, est. speed input: 3.32 toks/s, output: 125.48 toks/s]
[36m(WorkerDict pid=2846338)[0m Processed prompts:  34%|███▍      | 11/32 [03:40<02:14,  6.42s/it, est. speed input: 2.61 toks/s, output: 114.19 toks/s]
[36m(WorkerDict pid=2846348)[0m Processed prompts:  22%|██▏       | 7/32 [03:40<05:02, 12.11s/it, est. speed input: 1.14 toks/s, output: 80.36 toks/s]
[36m(WorkerDict pid=2846339)[0m Processed prompts:  41%|████      | 13/32 [03:41<01:13,  3.85s/it, est. speed input: 3.56 toks/s, output: 137.21 toks/s]
[36m(WorkerDict pid=2846339)[0m Processed prompts:  44%|████▍     | 14/32 [03:41<00:51,  2.86s/it, est. speed input: 3.81 toks/s, output: 149.16 toks/s]
[36m(WorkerDict pid=2846340)[0m Processed prompts:  47%|████▋     | 15/32 [03:42<02:17,  8.07s/it, est. speed input: 4.11 toks/s, output: 143.93 toks/s]
[36m(WorkerDict pid=2846342)[0m Processed prompts:  47%|████▋     | 15/32 [03:45<03:18, 11.70s/it, est. speed input: 5.65 toks/s, output: 145.32 toks/s]
[36m(WorkerDict pid=2846338)[0m Processed prompts:  38%|███▊      | 12/32 [03:45<02:00,  6.01s/it, est. speed input: 2.76 toks/s, output: 123.91 toks/s]
[36m(WorkerDict pid=2846343)[0m Processed prompts:  31%|███▏      | 10/32 [03:45<03:20,  9.12s/it, est. speed input: 2.69 toks/s, output: 103.93 toks/s]
[36m(WorkerDict pid=2846340)[0m Processed prompts:  50%|█████     | 16/32 [03:47<01:54,  7.14s/it, est. speed input: 4.28 toks/s, output: 153.08 toks/s]
[36m(WorkerDict pid=2846339)[0m Processed prompts:  47%|████▋     | 15/32 [03:47<01:03,  3.76s/it, est. speed input: 4.02 toks/s, output: 157.63 toks/s]
[36m(WorkerDict pid=2846348)[0m Processed prompts:  25%|██▌       | 8/32 [03:47<04:10, 10.43s/it, est. speed input: 1.27 toks/s, output: 90.29 toks/s]
[36m(WorkerDict pid=2846348)[0m Processed prompts:  28%|██▊       | 9/32 [03:47<02:46,  7.25s/it, est. speed input: 1.43 toks/s, output: 102.55 toks/s]
[36m(WorkerDict pid=2846339)[0m Processed prompts:  50%|█████     | 16/32 [03:49<00:48,  3.03s/it, est. speed input: 4.24 toks/s, output: 169.01 toks/s]
[36m(WorkerDict pid=2846341)[0m Processed prompts:  47%|████▋     | 15/32 [03:49<03:21, 11.82s/it, est. speed input: 5.83 toks/s, output: 135.30 toks/s]
[36m(WorkerDict pid=2846338)[0m Processed prompts:  41%|████      | 13/32 [03:50<01:49,  5.75s/it, est. speed input: 2.91 toks/s, output: 133.43 toks/s]
[36m(WorkerDict pid=2846338)[0m Processed prompts:  44%|████▍     | 14/32 [03:53<01:25,  4.75s/it, est. speed input: 3.08 toks/s, output: 144.33 toks/s]
[36m(WorkerDict pid=2846338)[0m Processed prompts:  47%|████▋     | 15/32 [03:54<01:01,  3.61s/it, est. speed input: 3.48 toks/s, output: 156.02 toks/s]
[36m(WorkerDict pid=2846339)[0m Processed prompts:  53%|█████▎    | 17/32 [03:55<01:00,  4.06s/it, est. speed input: 4.42 toks/s, output: 176.69 toks/s]
[36m(WorkerDict pid=2846348)[0m Processed prompts:  31%|███▏      | 10/32 [03:54<02:40,  7.28s/it, est. speed input: 1.53 toks/s, output: 111.68 toks/s]
[36m(WorkerDict pid=2846339)[0m Processed prompts:  56%|█████▋    | 18/32 [03:56<00:42,  3.01s/it, est. speed input: 4.65 toks/s, output: 188.57 toks/s]
[36m(WorkerDict pid=2846339)[0m Processed prompts:  59%|█████▉    | 19/32 [03:57<00:33,  2.56s/it, est. speed input: 4.86 toks/s, output: 199.67 toks/s]
[36m(WorkerDict pid=2846343)[0m Processed prompts:  34%|███▍      | 11/32 [03:57<03:29,  9.97s/it, est. speed input: 2.83 toks/s, output: 111.05 toks/s]
[36m(WorkerDict pid=2846339)[0m Processed prompts:  62%|██████▎   | 20/32 [03:58<00:22,  1.90s/it, est. speed input: 5.14 toks/s, output: 211.68 toks/s]
[36m(WorkerDict pid=2846340)[0m Processed prompts:  53%|█████▎    | 17/32 [03:58<02:02,  8.13s/it, est. speed input: 4.39 toks/s, output: 158.67 toks/s]
[36m(WorkerDict pid=2846339)[0m Processed prompts:  66%|██████▌   | 21/32 [04:01<00:25,  2.36s/it, est. speed input: 5.31 toks/s, output: 220.99 toks/s]
[36m(WorkerDict pid=2846338)[0m Processed prompts:  50%|█████     | 16/32 [04:02<01:22,  5.15s/it, est. speed input: 3.55 toks/s, output: 162.73 toks/s]
[36m(WorkerDict pid=2846341)[0m Processed prompts:  50%|█████     | 16/32 [04:04<03:25, 12.85s/it, est. speed input: 5.83 toks/s, output: 139.21 toks/s]
[36m(WorkerDict pid=2846344)[0m Processed prompts:  56%|█████▋    | 18/32 [04:05<06:00, 25.77s/it, est. speed input: 4.36 toks/s, output: 113.07 toks/s]
[36m(WorkerDict pid=2846343)[0m Processed prompts:  41%|████      | 13/32 [04:07<02:22,  7.52s/it, est. speed input: 3.24 toks/s, output: 130.99 toks/s]
[36m(WorkerDict pid=2846348)[0m Processed prompts:  34%|███▍      | 11/32 [04:06<03:02,  8.69s/it, est. speed input: 1.61 toks/s, output: 118.66 toks/s]
[36m(WorkerDict pid=2846348)[0m Processed prompts:  38%|███▊      | 12/32 [04:07<02:03,  6.17s/it, est. speed input: 1.75 toks/s, output: 130.84 toks/s]
[36m(WorkerDict pid=2846348)[0m Processed prompts:  41%|████      | 13/32 [04:07<01:24,  4.44s/it, est. speed input: 1.89 toks/s, output: 142.97 toks/s]
[36m(WorkerDict pid=2846339)[0m Processed prompts:  69%|██████▉   | 22/32 [04:08<00:37,  3.76s/it, est. speed input: 5.43 toks/s, output: 227.06 toks/s]
[36m(WorkerDict pid=2846343)[0m Processed prompts:  44%|████▍     | 14/32 [04:09<01:52,  6.26s/it, est. speed input: 3.46 toks/s, output: 142.04 toks/s]
[36m(WorkerDict pid=2846342)[0m Processed prompts:  50%|█████     | 16/32 [04:10<04:11, 15.72s/it, est. speed input: 5.29 toks/s, output: 143.12 toks/s]
[36m(WorkerDict pid=2846338)[0m Processed prompts:  53%|█████▎    | 17/32 [04:10<01:29,  5.98s/it, est. speed input: 3.82 toks/s, output: 169.90 toks/s]
[36m(WorkerDict pid=2846348)[0m Processed prompts:  44%|████▍     | 14/32 [04:10<01:09,  3.88s/it, est. speed input: 2.02 toks/s, output: 153.86 toks/s]
[36m(WorkerDict pid=2846338)[0m Processed prompts:  56%|█████▋    | 18/32 [04:12<01:04,  4.59s/it, est. speed input: 3.99 toks/s, output: 181.32 toks/s]
[36m(WorkerDict pid=2846344)[0m Processed prompts:  59%|█████▉    | 19/32 [04:13<04:23, 20.25s/it, est. speed input: 4.45 toks/s, output: 122.09 toks/s]
[36m(WorkerDict pid=2846338)[0m Processed prompts:  59%|█████▉    | 19/32 [04:13<00:48,  3.71s/it, est. speed input: 4.15 toks/s, output: 192.45 toks/s]
[36m(WorkerDict pid=2846342)[0m Processed prompts:  53%|█████▎    | 17/32 [04:15<03:08, 12.58s/it, est. speed input: 5.51 toks/s, output: 152.49 toks/s]
[36m(WorkerDict pid=2846348)[0m Processed prompts:  47%|████▋     | 15/32 [04:17<01:22,  4.85s/it, est. speed input: 2.10 toks/s, output: 161.98 toks/s]
[36m(WorkerDict pid=2846344)[0m Processed prompts:  62%|██████▎   | 20/32 [04:25<03:34, 17.84s/it, est. speed input: 4.46 toks/s, output: 128.79 toks/s]
[36m(WorkerDict pid=2846343)[0m Processed prompts:  47%|████▋     | 15/32 [04:26<02:34,  9.09s/it, est. speed input: 3.48 toks/s, output: 145.32 toks/s]
[36m(WorkerDict pid=2846345)[0m Processed prompts:  53%|█████▎    | 17/32 [04:26<08:23, 33.57s/it, est. speed input: 2.74 toks/s, output: 97.70 toks/s] 
[36m(WorkerDict pid=2846344)[0m Processed prompts:  66%|██████▌   | 21/32 [04:28<02:27, 13.45s/it, est. speed input: 4.61 toks/s, output: 139.58 toks/s]
[36m(WorkerDict pid=2846348)[0m Processed prompts:  50%|█████     | 16/32 [04:27<01:44,  6.53s/it, est. speed input: 2.15 toks/s, output: 168.05 toks/s]
[36m(WorkerDict pid=2846343)[0m Processed prompts:  50%|█████     | 16/32 [04:30<02:02,  7.65s/it, est. speed input: 3.61 toks/s, output: 155.62 toks/s]
[36m(WorkerDict pid=2846343)[0m Processed prompts:  53%|█████▎    | 17/32 [04:30<01:23,  5.60s/it, est. speed input: 3.84 toks/s, output: 167.78 toks/s]
[36m(WorkerDict pid=2846338)[0m Processed prompts:  62%|██████▎   | 20/32 [04:31<01:34,  7.84s/it, est. speed input: 4.23 toks/s, output: 192.40 toks/s]
[36m(WorkerDict pid=2846340)[0m Processed prompts:  56%|█████▋    | 18/32 [04:32<03:45, 16.09s/it, est. speed input: 4.10 toks/s, output: 150.88 toks/s]
[36m(WorkerDict pid=2846343)[0m Processed prompts:  56%|█████▋    | 18/32 [04:34<01:09,  4.93s/it, est. speed input: 3.97 toks/s, output: 178.12 toks/s]
[36m(WorkerDict pid=2846344)[0m Processed prompts:  69%|██████▉   | 22/32 [04:34<01:52, 11.25s/it, est. speed input: 4.71 toks/s, output: 148.81 toks/s]
[36m(WorkerDict pid=2846339)[0m Processed prompts:  72%|███████▏  | 23/32 [04:34<01:35, 10.56s/it, est. speed input: 5.16 toks/s, output: 217.58 toks/s]
[36m(WorkerDict pid=2846343)[0m Processed prompts:  59%|█████▉    | 19/32 [04:36<00:54,  4.16s/it, est. speed input: 4.11 toks/s, output: 189.01 toks/s]
[36m(WorkerDict pid=2846341)[0m Processed prompts:  53%|█████▎    | 17/32 [04:36<04:39, 18.64s/it, est. speed input: 5.42 toks/s, output: 135.40 toks/s]
[36m(WorkerDict pid=2846343)[0m Processed prompts:  62%|██████▎   | 20/32 [04:37<00:38,  3.25s/it, est. speed input: 4.27 toks/s, output: 200.63 toks/s]
[36m(WorkerDict pid=2846338)[0m Processed prompts:  66%|██████▌   | 21/32 [04:39<01:28,  8.04s/it, est. speed input: 4.44 toks/s, output: 198.88 toks/s]
[36m(WorkerDict pid=2846343)[0m Processed prompts:  66%|██████▌   | 21/32 [04:41<00:37,  3.44s/it, est. speed input: 4.38 toks/s, output: 210.20 toks/s]
[36m(WorkerDict pid=2846343)[0m Processed prompts:  69%|██████▉   | 22/32 [04:45<00:36,  3.61s/it, est. speed input: 4.49 toks/s, output: 219.60 toks/s]
[36m(WorkerDict pid=2846343)[0m Processed prompts:  72%|███████▏  | 23/32 [04:49<00:33,  3.75s/it, est. speed input: 4.59 toks/s, output: 228.85 toks/s]
[36m(WorkerDict pid=2846338)[0m Processed prompts:  69%|██████▉   | 22/32 [04:52<01:35,  9.52s/it, est. speed input: 4.57 toks/s, output: 202.40 toks/s]
[36m(WorkerDict pid=2846344)[0m Processed prompts:  72%|███████▏  | 23/32 [04:53<02:00, 13.36s/it, est. speed input: 4.61 toks/s, output: 151.86 toks/s]
[36m(WorkerDict pid=2846339)[0m Processed prompts:  75%|███████▌  | 24/32 [04:53<01:42, 12.83s/it, est. speed input: 5.08 toks/s, output: 216.47 toks/s]
[36m(WorkerDict pid=2846345)[0m Processed prompts:  56%|█████▋    | 18/32 [04:55<07:30, 32.17s/it, est. speed input: 2.57 toks/s, output: 100.51 toks/s]
[36m(WorkerDict pid=2846339)[0m Processed prompts:  78%|███████▊  | 25/32 [04:56<01:10, 10.07s/it, est. speed input: 5.21 toks/s, output: 226.16 toks/s]
[36m(WorkerDict pid=2846340)[0m Processed prompts:  59%|█████▉    | 19/32 [04:59<04:10, 19.25s/it, est. speed input: 3.97 toks/s, output: 149.81 toks/s]
[36m(WorkerDict pid=2846339)[0m Processed prompts:  81%|████████▏ | 26/32 [05:00<00:48,  8.14s/it, est. speed input: 5.38 toks/s, output: 235.78 toks/s]
[36m(WorkerDict pid=2846343)[0m Processed prompts:  75%|███████▌  | 24/32 [05:04<00:56,  7.03s/it, est. speed input: 4.58 toks/s, output: 230.13 toks/s]
[36m(WorkerDict pid=2846343)[0m Processed prompts:  78%|███████▊  | 25/32 [05:05<00:36,  5.25s/it, est. speed input: 4.72 toks/s, output: 241.69 toks/s]
[36m(WorkerDict pid=2846344)[0m Processed prompts:  75%|███████▌  | 24/32 [05:09<01:53, 14.15s/it, est. speed input: 4.55 toks/s, output: 156.35 toks/s]
[36m(WorkerDict pid=2846341)[0m Processed prompts:  56%|█████▋    | 18/32 [05:08<05:17, 22.69s/it, est. speed input: 5.09 toks/s, output: 133.69 toks/s]
[36m(WorkerDict pid=2846343)[0m Processed prompts:  81%|████████▏ | 26/32 [05:08<00:28,  4.75s/it, est. speed input: 4.82 toks/s, output: 251.26 toks/s]
[36m(WorkerDict pid=2846343)[0m Processed prompts:  84%|████████▍ | 27/32 [05:10<00:19,  3.89s/it, est. speed input: 4.94 toks/s, output: 262.11 toks/s]
[36m(WorkerDict pid=2846343)[0m Processed prompts:  88%|████████▊ | 28/32 [05:12<00:12,  3.16s/it, est. speed input: 5.07 toks/s, output: 273.27 toks/s]
[36m(WorkerDict pid=2846344)[0m Processed prompts:  78%|███████▊  | 25/32 [05:15<01:23, 11.87s/it, est. speed input: 4.64 toks/s, output: 165.48 toks/s]
[36m(WorkerDict pid=2846338)[0m Processed prompts:  72%|███████▏  | 23/32 [05:16<02:03, 13.75s/it, est. speed input: 4.53 toks/s, output: 199.67 toks/s]
[36m(WorkerDict pid=2846342)[0m Processed prompts:  56%|█████▋    | 18/32 [05:19<06:31, 28.00s/it, est. speed input: 4.57 toks/s, output: 134.39 toks/s]
[36m(WorkerDict pid=2846339)[0m Processed prompts:  84%|████████▍ | 27/32 [05:21<00:59, 11.93s/it, est. speed input: 5.24 toks/s, output: 232.90 toks/s]
[36m(WorkerDict pid=2846344)[0m Processed prompts:  81%|████████▏ | 26/32 [05:24<01:05, 10.95s/it, est. speed input: 4.68 toks/s, output: 173.36 toks/s]
[36m(WorkerDict pid=2846340)[0m Processed prompts:  62%|██████▎   | 20/32 [05:25<04:14, 21.21s/it, est. speed input: 3.87 toks/s, output: 150.32 toks/s]
[36m(WorkerDict pid=2846344)[0m Processed prompts:  84%|████████▍ | 27/32 [05:25<00:39,  8.00s/it, est. speed input: 4.84 toks/s, output: 185.15 toks/s]
[36m(WorkerDict pid=2846341)[0m Processed prompts:  59%|█████▉    | 19/32 [05:25<04:32, 20.97s/it, est. speed input: 5.05 toks/s, output: 139.13 toks/s]
[36m(WorkerDict pid=2846339)[0m Processed prompts:  88%|████████▊ | 28/32 [05:26<00:39,  9.95s/it, est. speed input: 5.37 toks/s, output: 241.49 toks/s]
[36m(WorkerDict pid=2846339)[0m Processed prompts:  91%|█████████ | 29/32 [05:29<00:23,  7.99s/it, est. speed input: 5.49 toks/s, output: 251.38 toks/s]
[36m(WorkerDict pid=2846349)[0m Processed prompts:   3%|▎         | 1/32 [05:29<2:50:26, 329.88s/it, est. speed input: 0.20 toks/s, output: 12.42 toks/s]
[36m(WorkerDict pid=2846338)[0m Processed prompts:  75%|███████▌  | 24/32 [05:30<01:52, 14.00s/it, est. speed input: 4.62 toks/s, output: 203.25 toks/s]
[36m(WorkerDict pid=2846340)[0m Processed prompts:  66%|██████▌   | 21/32 [05:32<03:06, 16.94s/it, est. speed input: 4.01 toks/s, output: 159.55 toks/s]
[36m(WorkerDict pid=2846338)[0m Processed prompts:  78%|███████▊  | 25/32 [05:32<01:11, 10.23s/it, est. speed input: 4.88 toks/s, output: 214.76 toks/s]
[36m(WorkerDict pid=2846340)[0m Processed prompts:  69%|██████▉   | 22/32 [05:36<02:09, 12.99s/it, est. speed input: 4.17 toks/s, output: 170.14 toks/s]
[36m(WorkerDict pid=2846338)[0m Processed prompts:  81%|████████▏ | 26/32 [05:37<00:51,  8.65s/it, est. speed input: 5.09 toks/s, output: 223.98 toks/s]
[36m(WorkerDict pid=2846341)[0m Processed prompts:  62%|██████▎   | 20/32 [05:37<03:38, 18.22s/it, est. speed input: 5.09 toks/s, output: 146.66 toks/s]
[36m(WorkerDict pid=2846341)[0m Processed prompts:  66%|██████▌   | 21/32 [05:38<02:23, 13.01s/it, est. speed input: 5.29 toks/s, output: 158.69 toks/s]
[36m(WorkerDict pid=2846351)[0m Processed prompts:   3%|▎         | 1/32 [05:39<2:55:29, 339.67s/it, est. speed input: 0.30 toks/s, output: 12.42 toks/s]
[36m(WorkerDict pid=2846340)[0m Processed prompts:  72%|███████▏  | 23/32 [05:41<01:36, 10.69s/it, est. speed input: 4.32 toks/s, output: 179.88 toks/s]
[36m(WorkerDict pid=2846338)[0m Processed prompts:  84%|████████▍ | 27/32 [05:42<00:37,  7.45s/it, est. speed input: 5.30 toks/s, output: 233.33 toks/s]
[36m(WorkerDict pid=2846338)[0m Processed prompts:  88%|████████▊ | 28/32 [05:42<00:21,  5.49s/it, est. speed input: 5.56 toks/s, output: 245.09 toks/s]
[36m(WorkerDict pid=2846343)[0m Processed prompts:  91%|█████████ | 29/32 [05:43<00:35, 11.74s/it, est. speed input: 4.75 toks/s, output: 260.42 toks/s]
[36m(WorkerDict pid=2846349)[0m Processed prompts:   6%|▋         | 2/32 [05:43<1:11:57, 143.92s/it, est. speed input: 0.38 toks/s, output: 24.34 toks/s]
[36m(WorkerDict pid=2846341)[0m Processed prompts:  69%|██████▉   | 22/32 [05:44<01:48, 10.87s/it, est. speed input: 5.41 toks/s, output: 168.39 toks/s]
[36m(WorkerDict pid=2846340)[0m Processed prompts:  75%|███████▌  | 24/32 [05:46<01:11,  8.90s/it, est. speed input: 4.46 toks/s, output: 189.81 toks/s]
[36m(WorkerDict pid=2846345)[0m Processed prompts:  59%|█████▉    | 19/32 [05:46<08:10, 37.71s/it, est. speed input: 2.27 toks/s, output: 98.24 toks/s] 
[36m(WorkerDict pid=2846340)[0m Processed prompts:  78%|███████▊  | 25/32 [05:48<00:48,  6.87s/it, est. speed input: 4.64 toks/s, output: 201.04 toks/s]
[36m(WorkerDict pid=2846340)[0m Processed prompts:  81%|████████▏ | 26/32 [05:50<00:32,  5.43s/it, est. speed input: 4.81 toks/s, output: 212.24 toks/s]
[36m(WorkerDict pid=2846338)[0m Processed prompts:  94%|█████████▍| 30/32 [05:50<00:09,  4.68s/it, est. speed input: 5.99 toks/s, output: 264.41 toks/s]
[36m(WorkerDict pid=2846340)[0m Processed prompts:  84%|████████▍ | 27/32 [05:50<00:19,  3.96s/it, est. speed input: 5.01 toks/s, output: 224.33 toks/s]
[36m(WorkerDict pid=2846341)[0m Processed prompts:  72%|███████▏  | 23/32 [06:00<01:52, 12.45s/it, est. speed input: 5.37 toks/s, output: 173.21 toks/s]
[36m(WorkerDict pid=2846341)[0m Processed prompts:  75%|███████▌  | 24/32 [06:01<01:12,  9.02s/it, est. speed input: 5.56 toks/s, output: 185.08 toks/s]
[36m(WorkerDict pid=2846343)[0m Processed prompts:  94%|█████████▍| 30/32 [06:04<00:28, 14.46s/it, est. speed input: 4.65 toks/s, output: 257.90 toks/s]
[36m(WorkerDict pid=2846339)[0m Processed prompts:  94%|█████████▍| 30/32 [06:05<00:32, 16.23s/it, est. speed input: 5.14 toks/s, output: 239.31 toks/s]
[36m(WorkerDict pid=2846351)[0m Processed prompts:   6%|▋         | 2/32 [06:05<1:17:33, 155.13s/it, est. speed input: 0.55 toks/s, output: 23.90 toks/s]
[36m(WorkerDict pid=2846344)[0m Processed prompts:  88%|████████▊ | 28/32 [06:08<01:13, 18.41s/it, est. speed input: 4.43 toks/s, output: 176.02 toks/s]
[36m(WorkerDict pid=2846349)[0m Processed prompts:   9%|▉         | 3/32 [06:07<43:08, 89.25s/it, est. speed input: 0.53 toks/s, output: 35.10 toks/s]   
[36m(WorkerDict pid=2846353)[0m Processed prompts:   3%|▎         | 1/32 [06:08<3:10:22, 368.47s/it, est. speed input: 0.31 toks/s, output: 12.36 toks/s]
[36m(WorkerDict pid=2846342)[0m Processed prompts:  59%|█████▉    | 19/32 [06:10<07:31, 34.73s/it, est. speed input: 4.08 toks/s, output: 128.42 toks/s]
[36m(WorkerDict pid=2846349)[0m Processed prompts:  12%|█▎        | 4/32 [06:11<25:48, 55.30s/it, est. speed input: 0.70 toks/s, output: 47.14 toks/s]
[36m(WorkerDict pid=2846344)[0m Processed prompts:  91%|█████████ | 29/32 [06:13<00:43, 14.42s/it, est. speed input: 4.52 toks/s, output: 185.93 toks/s]
[36m(WorkerDict pid=2846349)[0m Processed prompts:  16%|█▌        | 5/32 [06:13<16:18, 36.25s/it, est. speed input: 0.87 toks/s, output: 59.18 toks/s]
[36m(WorkerDict pid=2846351)[0m Processed prompts:   9%|▉         | 3/32 [06:14<42:39, 88.24s/it, est. speed input: 0.81 toks/s, output: 35.71 toks/s]   
[36m(WorkerDict pid=2846341)[0m Processed prompts:  78%|███████▊  | 25/32 [06:17<01:17, 11.12s/it, est. speed input: 5.52 toks/s, output: 189.57 toks/s]
[36m(WorkerDict pid=2846341)[0m Processed prompts:  81%|████████▏ | 26/32 [06:17<00:47,  7.96s/it, est. speed input: 5.70 toks/s, output: 201.63 toks/s]
[36m(WorkerDict pid=2846338)[0m Processed prompts:  97%|█████████▋| 31/32 [06:18<00:10, 10.51s/it, est. speed input: 5.79 toks/s, output: 257.04 toks/s]
[36m(WorkerDict pid=2846345)[0m Processed prompts:  62%|██████▎   | 20/32 [06:18<07:11, 35.99s/it, est. speed input: 2.16 toks/s, output: 102.29 toks/s]
[36m(WorkerDict pid=2846340)[0m Processed prompts:  88%|████████▊ | 28/32 [06:19<00:45, 11.37s/it, est. speed input: 4.82 toks/s, output: 219.72 toks/s]
[36m(WorkerDict pid=2846342)[0m Processed prompts:  62%|██████▎   | 20/32 [06:19<05:25, 27.12s/it, est. speed input: 4.11 toks/s, output: 137.57 toks/s]
[36m(WorkerDict pid=2846348)[0m Processed prompts:  53%|█████▎    | 17/32 [06:22<09:44, 39.00s/it, est. speed input: 1.66 toks/s, output: 130.06 toks/s]
[36m(WorkerDict pid=2846348)[0m Processed prompts:  56%|█████▋    | 18/32 [06:22<06:25, 27.54s/it, est. speed input: 1.82 toks/s, output: 142.14 toks/s]
[36m(WorkerDict pid=2846345)[0m Processed prompts:  66%|██████▌   | 21/32 [06:23<04:55, 26.82s/it, est. speed input: 2.20 toks/s, output: 113.19 toks/s]
[36m(WorkerDict pid=2846347)[0m Processed prompts:   3%|▎         | 1/32 [06:24<3:18:30, 384.21s/it, est. speed input: 0.11 toks/s, output: 12.36 toks/s]
[36m(WorkerDict pid=2846343)[0m Processed prompts:  97%|█████████▋| 31/32 [06:25<00:16, 16.42s/it, est. speed input: 4.52 toks/s, output: 256.22 toks/s]
[36m(WorkerDict pid=2846344)[0m Processed prompts:  94%|█████████▍| 30/32 [06:26<00:28, 14.10s/it, est. speed input: 4.51 toks/s, output: 191.84 toks/s]
[36m(WorkerDict pid=2846349)[0m Processed prompts:  19%|█▉        | 6/32 [06:26<12:19, 28.44s/it, est. speed input: 1.01 toks/s, output: 69.52 toks/s]
[36m(WorkerDict pid=2846351)[0m Processed prompts:  12%|█▎        | 4/32 [06:26<27:14, 58.38s/it, est. speed input: 1.04 toks/s, output: 46.92 toks/s]
[36m(WorkerDict pid=2846342)[0m Processed prompts:  66%|██████▌   | 21/32 [06:28<03:56, 21.52s/it, est. speed input: 4.15 toks/s, output: 146.91 toks/s]
[36m(WorkerDict pid=2846338)[0m Processed prompts: 100%|██████████| 32/32 [06:31<00:00, 11.20s/it, est. speed input: 5.84 toks/s, output: 260.75 toks/s]Processed prompts: 100%|██████████| 32/32 [06:31<00:00, 11.20s/it, est. speed input: 5.84 toks/s, output: 260.75 toks/s]
[36m(WorkerDict pid=2846340)[0m Processed prompts:  91%|█████████ | 29/32 [06:31<00:35, 11.72s/it, est. speed input: 4.84 toks/s, output: 225.04 toks/s]
[36m(WorkerDict pid=2846342)[0m Processed prompts:  69%|██████▉   | 22/32 [06:33<02:45, 16.55s/it, est. speed input: 4.22 toks/s, output: 157.41 toks/s]
[36m(WorkerDict pid=2846345)[0m Processed prompts:  69%|██████▉   | 22/32 [06:35<03:43, 22.37s/it, est. speed input: 2.20 toks/s, output: 122.13 toks/s]
[36m(WorkerDict pid=2846341)[0m Processed prompts:  84%|████████▍ | 27/32 [06:37<00:56, 11.34s/it, est. speed input: 5.61 toks/s, output: 204.23 toks/s]
[36m(WorkerDict pid=2846342)[0m Processed prompts:  72%|███████▏  | 23/32 [06:39<02:01, 13.54s/it, est. speed input: 4.28 toks/s, output: 167.19 toks/s]
[36m(WorkerDict pid=2846341)[0m Processed prompts:  88%|████████▊ | 28/32 [06:40<00:35,  8.97s/it, est. speed input: 5.74 toks/s, output: 214.84 toks/s]
[36m(WorkerDict pid=2846342)[0m Processed prompts:  75%|███████▌  | 24/32 [06:41<01:21, 10.16s/it, est. speed input: 4.38 toks/s, output: 178.59 toks/s]
[36m(WorkerDict pid=2846349)[0m Processed prompts:  22%|██▏       | 7/32 [06:42<10:07, 24.29s/it, est. speed input: 1.13 toks/s, output: 79.17 toks/s]
[36m(WorkerDict pid=2846353)[0m Processed prompts:   6%|▋         | 2/32 [06:42<1:25:56, 171.87s/it, est. speed input: 0.58 toks/s, output: 23.69 toks/s]
[36m(WorkerDict pid=2846345)[0m Processed prompts:  72%|███████▏  | 23/32 [06:43<02:41, 17.99s/it, est. speed input: 2.23 toks/s, output: 132.14 toks/s]
[36m(WorkerDict pid=2846344)[0m Processed prompts:  97%|█████████▋| 31/32 [06:44<00:15, 15.21s/it, est. speed input: 4.45 toks/s, output: 195.75 toks/s]
[36m(WorkerDict pid=2846339)[0m Processed prompts:  97%|█████████▋| 31/32 [06:45<00:23, 23.49s/it, est. speed input: 4.80 toks/s, output: 227.81 toks/s]
[36m(WorkerDict pid=2846342)[0m Processed prompts:  78%|███████▊  | 25/32 [06:47<01:02,  8.94s/it, est. speed input: 4.44 toks/s, output: 188.27 toks/s]
[36m(WorkerDict pid=2846343)[0m Processed prompts: 100%|██████████| 32/32 [06:48<00:00, 18.19s/it, est. speed input: 4.39 toks/s, output: 254.56 toks/s]Processed prompts: 100%|██████████| 32/32 [06:48<00:00, 18.19s/it, est. speed input: 4.39 toks/s, output: 254.56 toks/s]
[36m(WorkerDict pid=2846341)[0m Processed prompts:  91%|█████████ | 29/32 [06:48<00:25,  8.66s/it, est. speed input: 5.81 toks/s, output: 223.03 toks/s]
[36m(WorkerDict pid=2846342)[0m Processed prompts:  81%|████████▏ | 26/32 [06:49<00:40,  6.71s/it, est. speed input: 4.54 toks/s, output: 199.93 toks/s]
[36m(WorkerDict pid=2846342)[0m Processed prompts:  84%|████████▍ | 27/32 [06:49<00:23,  4.75s/it, est. speed input: 4.66 toks/s, output: 212.21 toks/s]
[36m(WorkerDict pid=2846349)[0m Processed prompts:  25%|██▌       | 8/32 [06:51<07:45, 19.39s/it, est. speed input: 1.26 toks/s, output: 89.84 toks/s]
[36m(WorkerDict pid=2846349)[0m Processed prompts:  28%|██▊       | 9/32 [06:51<05:08, 13.43s/it, est. speed input: 1.42 toks/s, output: 102.15 toks/s]
[36m(WorkerDict pid=2846340)[0m Processed prompts:  94%|█████████▍| 30/32 [06:56<00:31, 15.66s/it, est. speed input: 4.73 toks/s, output: 223.98 toks/s]
[36m(WorkerDict pid=2846345)[0m Processed prompts:  75%|███████▌  | 24/32 [06:58<02:15, 16.90s/it, est. speed input: 2.22 toks/s, output: 139.98 toks/s]
[36m(WorkerDict pid=2846344)[0m Processed prompts: 100%|██████████| 32/32 [07:01<00:00, 15.71s/it, est. speed input: 4.40 toks/s, output: 200.28 toks/s]Processed prompts: 100%|██████████| 32/32 [07:01<00:00, 15.71s/it, est. speed input: 4.40 toks/s, output: 200.28 toks/s]
[36m(WorkerDict pid=2846348)[0m Processed prompts:  59%|█████▉    | 19/32 [07:00<06:37, 30.55s/it, est. speed input: 1.80 toks/s, output: 141.85 toks/s]
[36m(WorkerDict pid=2846351)[0m Processed prompts:  16%|█▌        | 5/32 [07:01<22:25, 49.83s/it, est. speed input: 1.20 toks/s, output: 55.47 toks/s]
[36m(WorkerDict pid=2846339)[0m Processed prompts: 100%|██████████| 32/32 [07:03<00:00, 21.67s/it, est. speed input: 4.76 toks/s, output: 230.83 toks/s]Processed prompts: 100%|██████████| 32/32 [07:03<00:00, 21.67s/it, est. speed input: 4.76 toks/s, output: 230.83 toks/s]
[36m(WorkerDict pid=2846353)[0m Processed prompts:   9%|▉         | 3/32 [07:04<49:54, 103.25s/it, est. speed input: 0.82 toks/s, output: 34.90 toks/s]  
[36m(WorkerDict pid=2846345)[0m Processed prompts:  78%|███████▊  | 25/32 [07:07<01:43, 14.73s/it, est. speed input: 2.24 toks/s, output: 149.23 toks/s]
[36m(WorkerDict pid=2846340)[0m Processed prompts:  97%|█████████▋| 31/32 [07:10<00:14, 14.97s/it, est. speed input: 4.74 toks/s, output: 229.42 toks/s]
[36m(WorkerDict pid=2846347)[0m Processed prompts:   6%|▋         | 2/32 [07:10<1:32:41, 185.40s/it, est. speed input: 0.20 toks/s, output: 23.44 toks/s]
[36m(WorkerDict pid=2846340)[0m Processed prompts: 100%|██████████| 32/32 [07:13<00:00, 11.36s/it, est. speed input: 4.88 toks/s, output: 240.27 toks/s]Processed prompts: 100%|██████████| 32/32 [07:13<00:00, 11.36s/it, est. speed input: 4.88 toks/s, output: 240.27 toks/s]
[36m(WorkerDict pid=2846349)[0m Processed prompts:  31%|███▏      | 10/32 [07:14<05:55, 16.18s/it, est. speed input: 1.50 toks/s, output: 109.32 toks/s]
[36m(WorkerDict pid=2846341)[0m Processed prompts:  94%|█████████▍| 30/32 [07:16<00:28, 14.40s/it, est. speed input: 5.61 toks/s, output: 221.25 toks/s]
[36m(WorkerDict pid=2846342)[0m Processed prompts:  88%|████████▊ | 28/32 [07:19<00:49, 12.35s/it, est. speed input: 4.46 toks/s, output: 210.09 toks/s]
[36m(WorkerDict pid=2846351)[0m Processed prompts:  19%|█▉        | 6/32 [07:21<17:12, 39.72s/it, est. speed input: 1.37 toks/s, output: 65.39 toks/s]
[36m(WorkerDict pid=2846349)[0m Processed prompts:  34%|███▍      | 11/32 [07:21<04:45, 13.61s/it, est. speed input: 1.62 toks/s, output: 119.83 toks/s]
[36m(WorkerDict pid=2846353)[0m Processed prompts:  12%|█▎        | 4/32 [07:23<32:37, 69.90s/it, est. speed input: 1.05 toks/s, output: 45.87 toks/s] 
[36m(WorkerDict pid=2846351)[0m Processed prompts:  22%|██▏       | 7/32 [07:23<11:23, 27.33s/it, est. speed input: 1.59 toks/s, output: 77.57 toks/s]
[36m(WorkerDict pid=2846346)[0m Processed prompts:   3%|▎         | 1/32 [07:24<3:49:40, 444.54s/it, est. speed input: 0.11 toks/s, output: 12.47 toks/s]
[36m(WorkerDict pid=2846341)[0m Processed prompts:  97%|█████████▋| 31/32 [07:26<00:13, 13.21s/it, est. speed input: 5.64 toks/s, output: 228.52 toks/s]
[36m(WorkerDict pid=2846341)[0m Processed prompts: 100%|██████████| 32/32 [07:27<00:00,  9.48s/it, est. speed input: 5.79 toks/s, output: 240.58 toks/s]Processed prompts: 100%|██████████| 32/32 [07:27<00:00,  9.48s/it, est. speed input: 5.79 toks/s, output: 240.58 toks/s]
[36m(WorkerDict pid=2846342)[0m Processed prompts:  91%|█████████ | 29/32 [07:29<00:34, 11.60s/it, est. speed input: 4.47 toks/s, output: 217.92 toks/s]
[36m(WorkerDict pid=2846346)[0m Processed prompts:   6%|▋         | 2/32 [07:30<1:33:16, 186.55s/it, est. speed input: 0.41 toks/s, output: 24.79 toks/s]
[36m(WorkerDict pid=2846347)[0m Processed prompts:   9%|▉         | 3/32 [07:31<53:22, 110.42s/it, est. speed input: 0.29 toks/s, output: 34.80 toks/s]  
[36m(WorkerDict pid=2846353)[0m Processed prompts:  16%|█▌        | 5/32 [07:32<21:38, 48.11s/it, est. speed input: 1.28 toks/s, output: 57.38 toks/s]
[36m(WorkerDict pid=2846345)[0m Processed prompts:  81%|████████▏ | 26/32 [07:33<01:48, 18.05s/it, est. speed input: 2.17 toks/s, output: 153.20 toks/s]
[36m(WorkerDict pid=2846350)[0m Processed prompts:   3%|▎         | 1/32 [07:33<3:54:27, 453.78s/it, est. speed input: 0.19 toks/s, output: 12.46 toks/s]
[36m(WorkerDict pid=2846347)[0m Processed prompts:  12%|█▎        | 4/32 [07:35<31:59, 68.54s/it, est. speed input: 0.38 toks/s, output: 46.94 toks/s] 
[36m(WorkerDict pid=2846342)[0m Processed prompts:  94%|█████████▍| 30/32 [07:36<00:20, 10.32s/it, est. speed input: 4.51 toks/s, output: 226.89 toks/s]
[36m(WorkerDict pid=2846347)[0m Processed prompts:  16%|█▌        | 5/32 [07:36<19:48, 44.01s/it, est. speed input: 0.47 toks/s, output: 59.36 toks/s]
[36m(WorkerDict pid=2846345)[0m Processed prompts:  84%|████████▍ | 27/32 [07:36<01:08, 13.61s/it, est. speed input: 2.22 toks/s, output: 164.58 toks/s]
[36m(WorkerDict pid=2846346)[0m Processed prompts:   9%|▉         | 3/32 [07:36<50:17, 104.06s/it, est. speed input: 0.70 toks/s, output: 36.99 toks/s]  
[36m(WorkerDict pid=2846349)[0m Processed prompts:  38%|███▊      | 12/32 [07:38<04:51, 14.59s/it, est. speed input: 1.70 toks/s, output: 127.93 toks/s]
[36m(WorkerDict pid=2846347)[0m Processed prompts:  19%|█▉        | 6/32 [07:38<12:57, 29.90s/it, est. speed input: 0.56 toks/s, output: 71.52 toks/s]
[36m(WorkerDict pid=2846353)[0m Processed prompts:  19%|█▉        | 6/32 [07:39<14:42, 33.94s/it, est. speed input: 1.52 toks/s, output: 69.07 toks/s]
[36m(WorkerDict pid=2846342)[0m Processed prompts:  97%|█████████▋| 31/32 [07:41<00:08,  8.59s/it, est. speed input: 4.57 toks/s, output: 237.12 toks/s]
[36m(WorkerDict pid=2846347)[0m Processed prompts:  22%|██▏       | 7/32 [07:41<08:41, 20.85s/it, est. speed input: 0.65 toks/s, output: 83.67 toks/s]
[36m(WorkerDict pid=2846346)[0m Processed prompts:  12%|█▎        | 4/32 [07:40<30:10, 64.65s/it, est. speed input: 0.80 toks/s, output: 49.17 toks/s] 
[36m(WorkerDict pid=2846352)[0m Processed prompts:   3%|▎         | 1/32 [07:45<4:00:21, 465.21s/it, est. speed input: 0.13 toks/s, output: 12.51 toks/s]
[36m(WorkerDict pid=2846345)[0m Processed prompts:  88%|████████▊ | 28/32 [07:45<00:48, 12.17s/it, est. speed input: 2.23 toks/s, output: 173.98 toks/s]
[36m(WorkerDict pid=2846348)[0m Processed prompts:  62%|██████▎   | 20/32 [07:44<06:56, 34.70s/it, est. speed input: 1.76 toks/s, output: 140.83 toks/s]
[36m(WorkerDict pid=2846346)[0m Processed prompts:  16%|█▌        | 5/32 [07:45<19:23, 43.09s/it, est. speed input: 1.08 toks/s, output: 61.19 toks/s]
[36m(WorkerDict pid=2846353)[0m Processed prompts:  22%|██▏       | 7/32 [07:48<10:45, 25.83s/it, est. speed input: 1.73 toks/s, output: 80.25 toks/s]
[36m(WorkerDict pid=2846350)[0m Processed prompts:   6%|▋         | 2/32 [07:53<1:39:05, 198.18s/it, est. speed input: 0.36 toks/s, output: 24.48 toks/s]
[36m(WorkerDict pid=2846347)[0m Processed prompts:  25%|██▌       | 8/32 [07:53<07:13, 18.07s/it, est. speed input: 0.69 toks/s, output: 94.05 toks/s]
[36m(WorkerDict pid=2846350)[0m Processed prompts:   9%|▉         | 3/32 [07:54<52:21, 108.34s/it, est. speed input: 0.54 toks/s, output: 36.93 toks/s]  
[36m(WorkerDict pid=2846350)[0m Processed prompts:  12%|█▎        | 4/32 [07:57<31:09, 66.77s/it, est. speed input: 0.72 toks/s, output: 49.25 toks/s] 
[36m(WorkerDict pid=2846347)[0m Processed prompts:  28%|██▊       | 9/32 [07:58<05:23, 14.08s/it, est. speed input: 0.73 toks/s, output: 105.56 toks/s]
[36m(WorkerDict pid=2846353)[0m Processed prompts:  25%|██▌       | 8/32 [07:58<08:20, 20.86s/it, est. speed input: 1.94 toks/s, output: 91.10 toks/s]
[36m(WorkerDict pid=2846350)[0m Processed prompts:  16%|█▌        | 5/32 [07:58<19:25, 43.18s/it, est. speed input: 0.90 toks/s, output: 61.66 toks/s]
[36m(WorkerDict pid=2846350)[0m Processed prompts:  19%|█▉        | 6/32 [08:02<12:50, 29.64s/it, est. speed input: 1.07 toks/s, output: 73.79 toks/s]
[36m(WorkerDict pid=2846346)[0m Processed prompts:  19%|█▉        | 6/32 [08:01<14:39, 33.84s/it, est. speed input: 1.15 toks/s, output: 71.76 toks/s]
[36m(WorkerDict pid=2846350)[0m Processed prompts:  22%|██▏       | 7/32 [08:04<08:39, 20.77s/it, est. speed input: 1.24 toks/s, output: 85.98 toks/s]
[36m(WorkerDict pid=2846345)[0m Processed prompts:  91%|█████████ | 29/32 [08:05<00:43, 14.40s/it, est. speed input: 2.20 toks/s, output: 179.51 toks/s]
[36m(WorkerDict pid=2846349)[0m Processed prompts:  41%|████      | 13/32 [08:05<05:45, 18.16s/it, est. speed input: 1.74 toks/s, output: 133.55 toks/s]
[36m(WorkerDict pid=2846351)[0m Processed prompts:  25%|██▌       | 8/32 [08:05<12:47, 31.98s/it, est. speed input: 1.66 toks/s, output: 83.45 toks/s]
[36m(WorkerDict pid=2846345)[0m Processed prompts:  94%|█████████▍| 30/32 [08:10<00:23, 11.64s/it, est. speed input: 2.24 toks/s, output: 190.19 toks/s]
[36m(WorkerDict pid=2846350)[0m Processed prompts:  25%|██▌       | 8/32 [08:11<06:30, 16.28s/it, est. speed input: 1.40 toks/s, output: 97.40 toks/s]
[36m(WorkerDict pid=2846347)[0m Processed prompts:  31%|███▏      | 10/32 [08:12<05:09, 14.08s/it, est. speed input: 0.76 toks/s, output: 115.13 toks/s]
[36m(WorkerDict pid=2846342)[0m Processed prompts: 100%|██████████| 32/32 [08:13<00:00, 15.69s/it, est. speed input: 4.38 toks/s, output: 234.21 toks/s]Processed prompts: 100%|██████████| 32/32 [08:13<00:00, 15.69s/it, est. speed input: 4.38 toks/s, output: 234.21 toks/s]
[36m(WorkerDict pid=2846348)[0m Processed prompts:  66%|██████▌   | 21/32 [08:13<06:01, 32.84s/it, est. speed input: 1.78 toks/s, output: 145.30 toks/s]
[36m(WorkerDict pid=2846347)[0m Processed prompts:  34%|███▍      | 11/32 [08:15<03:40, 10.51s/it, est. speed input: 0.84 toks/s, output: 127.16 toks/s]
[36m(WorkerDict pid=2846346)[0m Processed prompts:  22%|██▏       | 7/32 [08:14<11:17, 27.10s/it, est. speed input: 1.39 toks/s, output: 82.47 toks/s]
[36m(WorkerDict pid=2846345)[0m Processed prompts:  97%|█████████▋| 31/32 [08:16<00:10, 10.14s/it, est. speed input: 2.26 toks/s, output: 200.25 toks/s]
[36m(WorkerDict pid=2846351)[0m Processed prompts:  28%|██▊       | 9/32 [08:17<09:50, 25.66s/it, est. speed input: 1.83 toks/s, output: 94.09 toks/s]
[36m(WorkerDict pid=2846345)[0m Processed prompts: 100%|██████████| 32/32 [08:19<00:00,  7.80s/it, est. speed input: 2.31 toks/s, output: 211.92 toks/s]Processed prompts: 100%|██████████| 32/32 [08:19<00:00,  7.80s/it, est. speed input: 2.31 toks/s, output: 211.92 toks/s]
[36m(WorkerDict pid=2846339)[0m Processed prompts: 100%|██████████| 32/32 [08:30<00:00, 15.97s/it, est. speed input: 4.76 toks/s, output: 230.83 toks/s]
[36m(WorkerDict pid=2846344)[0m Processed prompts: 100%|██████████| 32/32 [08:31<00:00, 15.98s/it, est. speed input: 4.40 toks/s, output: 200.28 toks/s]
[36m(WorkerDict pid=2846345)[0m Processed prompts: 100%|██████████| 32/32 [08:30<00:00, 15.96s/it, est. speed input: 2.31 toks/s, output: 211.92 toks/s]
[36m(WorkerDict pid=2846342)[0m Processed prompts: 100%|██████████| 32/32 [08:31<00:00, 15.98s/it, est. speed input: 4.38 toks/s, output: 234.21 toks/s]
[36m(WorkerDict pid=2846341)[0m Processed prompts: 100%|██████████| 32/32 [08:30<00:00, 15.96s/it, est. speed input: 5.79 toks/s, output: 240.58 toks/s]
[36m(WorkerDict pid=2846343)[0m Processed prompts: 100%|██████████| 32/32 [08:30<00:00, 15.96s/it, est. speed input: 4.39 toks/s, output: 254.56 toks/s]
[36m(WorkerDict pid=2846340)[0m Processed prompts: 100%|██████████| 32/32 [08:31<00:00, 15.97s/it, est. speed input: 4.88 toks/s, output: 240.27 toks/s]
[36m(WorkerDict pid=2846338)[0m Processed prompts: 100%|██████████| 32/32 [08:31<00:00, 15.97s/it, est. speed input: 5.84 toks/s, output: 260.75 toks/s]
[36m(WorkerDict pid=2846347)[0m Processed prompts:  38%|███▊      | 12/32 [08:34<04:25, 13.29s/it, est. speed input: 0.85 toks/s, output: 134.61 toks/s]
[36m(WorkerDict pid=2846347)[0m Processed prompts:  41%|████      | 13/32 [08:35<03:02,  9.62s/it, est. speed input: 0.94 toks/s, output: 146.61 toks/s]
[36m(WorkerDict pid=2846353)[0m Processed prompts:  28%|██▊       | 9/32 [08:40<10:34, 27.60s/it, est. speed input: 2.00 toks/s, output: 95.99 toks/s]
[36m(WorkerDict pid=2846347)[0m Processed prompts:  44%|████▍     | 14/32 [08:41<02:32,  8.45s/it, est. speed input: 1.01 toks/s, output: 157.31 toks/s]
[36m(WorkerDict pid=2846351)[0m Processed prompts:  31%|███▏      | 10/32 [08:44<09:38, 26.30s/it, est. speed input: 1.92 toks/s, output: 101.43 toks/s]
[36m(WorkerDict pid=2846349)[0m Processed prompts:  44%|████▍     | 14/32 [08:45<07:27, 24.87s/it, est. speed input: 1.73 toks/s, output: 135.60 toks/s]
[36m(WorkerDict pid=2846349)[0m Processed prompts:  47%|████▋     | 15/32 [08:45<04:56, 17.44s/it, est. speed input: 1.85 toks/s, output: 147.85 toks/s]
[36m(WorkerDict pid=2846346)[0m Processed prompts:  25%|██▌       | 8/32 [08:45<11:19, 28.33s/it, est. speed input: 1.56 toks/s, output: 89.94 toks/s]
[36m(WorkerDict pid=2846347)[0m Processed prompts:  47%|████▋     | 15/32 [08:50<02:25,  8.57s/it, est. speed input: 1.04 toks/s, output: 166.99 toks/s]
[36m(WorkerDict pid=2846346)[0m Processed prompts:  28%|██▊       | 9/32 [08:52<08:19, 21.70s/it, est. speed input: 1.64 toks/s, output: 101.07 toks/s]
[36m(WorkerDict pid=2846353)[0m Processed prompts:  31%|███▏      | 10/32 [08:56<08:49, 24.09s/it, est. speed input: 2.16 toks/s, output: 105.42 toks/s]
[36m(WorkerDict pid=2846346)[0m Processed prompts:  31%|███▏      | 10/32 [08:56<05:55, 16.17s/it, est. speed input: 1.88 toks/s, output: 112.70 toks/s]
[36m(WorkerDict pid=2846346)[0m Processed prompts:  34%|███▍      | 11/32 [08:57<03:59, 11.40s/it, est. speed input: 1.96 toks/s, output: 124.92 toks/s]
[36m(WorkerDict pid=2846353)[0m Processed prompts:  34%|███▍      | 11/32 [08:57<05:56, 16.97s/it, est. speed input: 2.37 toks/s, output: 117.58 toks/s]
[36m(WorkerDict pid=2846346)[0m Processed prompts:  38%|███▊      | 12/32 [08:58<02:45,  8.28s/it, est. speed input: 2.05 toks/s, output: 136.99 toks/s]
[36m(WorkerDict pid=2846350)[0m Processed prompts:  28%|██▊       | 9/32 [09:00<10:11, 26.57s/it, est. speed input: 1.43 toks/s, output: 100.85 toks/s]
[36m(WorkerDict pid=2846347)[0m Processed prompts:  50%|█████     | 16/32 [09:02<02:34,  9.65s/it, est. speed input: 1.09 toks/s, output: 175.56 toks/s]
[36m(WorkerDict pid=2846353)[0m Processed prompts:  38%|███▊      | 12/32 [09:03<04:31, 13.55s/it, est. speed input: 2.56 toks/s, output: 128.66 toks/s]
[36m(WorkerDict pid=2846346)[0m Processed prompts:  41%|████      | 13/32 [09:03<02:19,  7.34s/it, est. speed input: 2.12 toks/s, output: 148.01 toks/s]
[36m(WorkerDict pid=2846353)[0m Processed prompts:  41%|████      | 13/32 [09:06<03:17, 10.38s/it, est. speed input: 2.76 toks/s, output: 140.25 toks/s]
[36m(WorkerDict pid=2846346)[0m Processed prompts:  44%|████▍     | 14/32 [09:12<02:23,  7.98s/it, est. speed input: 2.33 toks/s, output: 157.82 toks/s]
[36m(WorkerDict pid=2846347)[0m Processed prompts:  53%|█████▎    | 17/32 [09:14<02:33, 10.21s/it, est. speed input: 1.15 toks/s, output: 184.23 toks/s]
[36m(WorkerDict pid=2846346)[0m Processed prompts:  47%|████▋     | 15/32 [09:16<01:51,  6.54s/it, est. speed input: 2.40 toks/s, output: 169.25 toks/s]
[36m(WorkerDict pid=2846347)[0m Processed prompts:  56%|█████▋    | 18/32 [09:22<02:13,  9.54s/it, est. speed input: 1.21 toks/s, output: 193.92 toks/s]
[36m(WorkerDict pid=2846346)[0m Processed prompts:  50%|█████     | 16/32 [09:21<01:37,  6.11s/it, est. speed input: 2.62 toks/s, output: 180.04 toks/s]
[36m(WorkerDict pid=2846350)[0m Processed prompts:  31%|███▏      | 10/32 [09:23<09:21, 25.52s/it, est. speed input: 1.53 toks/s, output: 109.01 toks/s]
[36m(WorkerDict pid=2846347)[0m Processed prompts:  59%|█████▉    | 19/32 [09:26<01:42,  7.87s/it, est. speed input: 1.28 toks/s, output: 204.86 toks/s]
[36m(WorkerDict pid=2846346)[0m Processed prompts:  53%|█████▎    | 17/32 [09:27<01:34,  6.29s/it, est. speed input: 2.83 toks/s, output: 190.25 toks/s]
[36m(WorkerDict pid=2846353)[0m Processed prompts:  44%|████▍     | 14/32 [09:29<04:16, 14.25s/it, est. speed input: 2.85 toks/s, output: 146.86 toks/s]
[36m(WorkerDict pid=2846347)[0m Processed prompts:  62%|██████▎   | 20/32 [09:31<01:23,  6.98s/it, est. speed input: 1.31 toks/s, output: 215.41 toks/s]
[36m(WorkerDict pid=2846346)[0m Processed prompts:  56%|█████▋    | 18/32 [09:32<01:22,  5.86s/it, est. speed input: 3.04 toks/s, output: 200.96 toks/s]
[36m(WorkerDict pid=2846347)[0m Processed prompts:  66%|██████▌   | 21/32 [09:35<01:06,  6.06s/it, est. speed input: 1.34 toks/s, output: 226.25 toks/s]
[36m(WorkerDict pid=2846346)[0m Processed prompts:  59%|█████▉    | 19/32 [09:36<01:06,  5.09s/it, est. speed input: 3.11 toks/s, output: 212.14 toks/s]
[36m(WorkerDict pid=2846347)[0m Processed prompts:  69%|██████▉   | 22/32 [09:38<00:51,  5.18s/it, est. speed input: 1.37 toks/s, output: 237.32 toks/s]
[36m(WorkerDict pid=2846351)[0m Processed prompts:  34%|███▍      | 11/32 [09:38<12:05, 34.57s/it, est. speed input: 1.92 toks/s, output: 104.39 toks/s]
[36m(WorkerDict pid=2846347)[0m Processed prompts:  72%|███████▏  | 23/32 [09:39<00:37,  4.16s/it, est. speed input: 1.41 toks/s, output: 248.90 toks/s]
[36m(WorkerDict pid=2846351)[0m Processed prompts:  38%|███▊      | 12/32 [09:44<08:36, 25.84s/it, est. speed input: 2.07 toks/s, output: 115.65 toks/s]
[36m(WorkerDict pid=2846347)[0m Processed prompts:  75%|███████▌  | 24/32 [09:44<00:34,  4.32s/it, est. speed input: 1.44 toks/s, output: 259.20 toks/s]
[36m(WorkerDict pid=2846346)[0m Processed prompts:  62%|██████▎   | 20/32 [09:43<01:10,  5.90s/it, est. speed input: 3.30 toks/s, output: 221.63 toks/s]
[36m(WorkerDict pid=2846350)[0m Processed prompts:  34%|███▍      | 11/32 [09:46<08:36, 24.62s/it, est. speed input: 1.61 toks/s, output: 117.12 toks/s]
[36m(WorkerDict pid=2846349)[0m Processed prompts:  50%|█████     | 16/32 [09:47<08:12, 30.78s/it, est. speed input: 1.77 toks/s, output: 144.62 toks/s]
[36m(WorkerDict pid=2846346)[0m Processed prompts:  66%|██████▌   | 21/32 [09:48<01:02,  5.68s/it, est. speed input: 3.35 toks/s, output: 232.02 toks/s]
[36m(WorkerDict pid=2846350)[0m Processed prompts:  38%|███▊      | 12/32 [09:53<06:27, 19.40s/it, est. speed input: 1.74 toks/s, output: 127.95 toks/s]
[36m(WorkerDict pid=2846348)[0m Processed prompts:  69%|██████▉   | 22/32 [09:59<09:07, 54.73s/it, est. speed input: 1.56 toks/s, output: 131.97 toks/s]
[36m(WorkerDict pid=2846349)[0m Processed prompts:  53%|█████▎    | 17/32 [10:00<06:22, 25.47s/it, est. speed input: 1.84 toks/s, output: 153.76 toks/s]
[36m(WorkerDict pid=2846346)[0m Processed prompts:  69%|██████▉   | 22/32 [10:01<01:18,  7.86s/it, est. speed input: 3.51 toks/s, output: 239.35 toks/s]
[36m(WorkerDict pid=2846353)[0m Processed prompts:  47%|████▋     | 15/32 [10:02<05:38, 19.88s/it, est. speed input: 2.89 toks/s, output: 151.14 toks/s]
[36m(WorkerDict pid=2846348)[0m Processed prompts:  72%|███████▏  | 23/32 [10:04<05:59, 39.95s/it, est. speed input: 1.65 toks/s, output: 143.08 toks/s]
[36m(WorkerDict pid=2846350)[0m Processed prompts:  41%|████      | 13/32 [10:10<05:50, 18.46s/it, est. speed input: 1.83 toks/s, output: 136.83 toks/s]
[36m(WorkerDict pid=2846348)[0m Processed prompts:  75%|███████▌  | 24/32 [10:13<04:04, 30.54s/it, est. speed input: 1.72 toks/s, output: 153.39 toks/s]
[36m(WorkerDict pid=2846351)[0m Processed prompts:  41%|████      | 13/32 [10:18<08:57, 28.31s/it, est. speed input: 2.12 toks/s, output: 121.59 toks/s]
[36m(WorkerDict pid=2846350)[0m Processed prompts:  44%|████▍     | 14/32 [10:18<04:40, 15.57s/it, est. speed input: 1.95 toks/s, output: 147.16 toks/s]
[36m(WorkerDict pid=2846347)[0m Processed prompts:  78%|███████▊  | 25/32 [10:19<01:34, 13.50s/it, est. speed input: 1.43 toks/s, output: 256.88 toks/s]
[36m(WorkerDict pid=2846346)[0m Processed prompts:  72%|███████▏  | 23/32 [10:24<01:50, 12.32s/it, est. speed input: 3.46 toks/s, output: 242.95 toks/s]
[36m(WorkerDict pid=2846349)[0m Processed prompts:  56%|█████▋    | 18/32 [10:27<06:01, 25.82s/it, est. speed input: 1.87 toks/s, output: 159.53 toks/s]
[36m(WorkerDict pid=2846348)[0m Processed prompts:  78%|███████▊  | 25/32 [10:27<03:00, 25.72s/it, est. speed input: 1.78 toks/s, output: 162.15 toks/s]
[36m(WorkerDict pid=2846349)[0m Processed prompts:  59%|█████▉    | 19/32 [10:31<04:11, 19.34s/it, est. speed input: 1.96 toks/s, output: 170.74 toks/s]
[36m(WorkerDict pid=2846352)[0m Processed prompts:   6%|▋         | 2/32 [10:33<2:25:17, 290.59s/it, est. speed input: 0.20 toks/s, output: 21.47 toks/s]
[36m(WorkerDict pid=2846346)[0m Processed prompts:  75%|███████▌  | 24/32 [10:32<01:28, 11.06s/it, est. speed input: 3.49 toks/s, output: 252.14 toks/s]
[36m(WorkerDict pid=2846346)[0m Processed prompts:  78%|███████▊  | 25/32 [10:37<01:04,  9.18s/it, est. speed input: 3.54 toks/s, output: 262.55 toks/s]
[36m(WorkerDict pid=2846352)[0m Processed prompts:   9%|▉         | 3/32 [10:38<1:17:29, 160.34s/it, est. speed input: 0.29 toks/s, output: 33.57 toks/s]
[36m(WorkerDict pid=2846347)[0m Processed prompts:  81%|████████▏ | 26/32 [10:40<01:35, 15.84s/it, est. speed input: 1.42 toks/s, output: 260.62 toks/s]
[36m(WorkerDict pid=2846352)[0m Processed prompts:  12%|█▎        | 4/32 [10:42<45:52, 98.29s/it, est. speed input: 0.39 toks/s, output: 45.68 toks/s]   
[36m(WorkerDict pid=2846347)[0m Processed prompts:  84%|████████▍ | 27/32 [10:45<01:02, 12.43s/it, est. speed input: 1.45 toks/s, output: 271.09 toks/s]
[36m(WorkerDict pid=2846352)[0m Processed prompts:  16%|█▌        | 5/32 [10:47<29:05, 64.66s/it, est. speed input: 0.67 toks/s, output: 57.61 toks/s]
[36m(WorkerDict pid=2846346)[0m Processed prompts:  81%|████████▏ | 26/32 [10:49<01:00, 10.06s/it, est. speed input: 3.55 toks/s, output: 269.95 toks/s]
[36m(WorkerDict pid=2846349)[0m Processed prompts:  62%|██████▎   | 20/32 [10:52<03:58, 19.91s/it, est. speed input: 2.00 toks/s, output: 177.47 toks/s]
[36m(WorkerDict pid=2846350)[0m Processed prompts:  47%|████▋     | 15/32 [10:58<06:26, 22.71s/it, est. speed input: 1.96 toks/s, output: 150.66 toks/s]
[36m(WorkerDict pid=2846352)[0m Processed prompts:  19%|█▉        | 6/32 [11:00<20:30, 47.34s/it, est. speed input: 0.75 toks/s, output: 68.69 toks/s]
[36m(WorkerDict pid=2846346)[0m Processed prompts:  84%|████████▍ | 27/32 [11:02<00:54, 10.86s/it, est. speed input: 3.69 toks/s, output: 277.07 toks/s]
[36m(WorkerDict pid=2846352)[0m Processed prompts:  22%|██▏       | 7/32 [11:07<14:08, 33.94s/it, est. speed input: 1.03 toks/s, output: 80.32 toks/s]
[36m(WorkerDict pid=2846347)[0m Processed prompts:  88%|████████▊ | 28/32 [11:07<01:01, 15.28s/it, est. speed input: 1.43 toks/s, output: 274.47 toks/s]
[36m(WorkerDict pid=2846349)[0m Processed prompts:  66%|██████▌   | 21/32 [11:07<03:23, 18.51s/it, est. speed input: 2.05 toks/s, output: 185.70 toks/s]
[36m(WorkerDict pid=2846352)[0m Processed prompts:  25%|██▌       | 8/32 [11:12<09:54, 24.79s/it, est. speed input: 1.11 toks/s, output: 91.97 toks/s]
[36m(WorkerDict pid=2846346)[0m Processed prompts:  88%|████████▊ | 28/32 [11:11<00:41, 10.37s/it, est. speed input: 3.84 toks/s, output: 285.56 toks/s]
[36m(WorkerDict pid=2846347)[0m Processed prompts:  91%|█████████ | 29/32 [11:13<00:38, 12.67s/it, est. speed input: 1.46 toks/s, output: 284.06 toks/s]
[36m(WorkerDict pid=2846351)[0m Processed prompts:  44%|████▍     | 14/32 [11:14<11:01, 36.76s/it, est. speed input: 2.10 toks/s, output: 123.73 toks/s]
[36m(WorkerDict pid=2846347)[0m Processed prompts:  94%|█████████▍| 30/32 [11:16<00:19,  9.56s/it, est. speed input: 1.49 toks/s, output: 295.38 toks/s]
[36m(WorkerDict pid=2846352)[0m Processed prompts:  28%|██▊       | 9/32 [11:17<07:10, 18.73s/it, est. speed input: 1.19 toks/s, output: 103.52 toks/s]
[36m(WorkerDict pid=2846348)[0m Processed prompts:  81%|████████▏ | 26/32 [11:19<03:20, 33.40s/it, est. speed input: 1.73 toks/s, output: 162.18 toks/s]
[36m(WorkerDict pid=2846349)[0m Processed prompts:  69%|██████▉   | 22/32 [11:20<02:47, 16.79s/it, est. speed input: 2.11 toks/s, output: 194.50 toks/s]
[36m(WorkerDict pid=2846346)[0m Processed prompts:  91%|█████████ | 29/32 [11:21<00:30, 10.29s/it, est. speed input: 3.98 toks/s, output: 293.62 toks/s]
[36m(WorkerDict pid=2846346)[0m Processed prompts:  94%|█████████▍| 30/32 [11:24<00:16,  8.06s/it, est. speed input: 4.16 toks/s, output: 304.71 toks/s]
[36m(WorkerDict pid=2846352)[0m Processed prompts:  31%|███▏      | 10/32 [11:27<05:48, 15.82s/it, est. speed input: 1.27 toks/s, output: 114.41 toks/s]
[36m(WorkerDict pid=2846352)[0m Processed prompts:  34%|███▍      | 11/32 [11:27<03:51, 11.03s/it, est. speed input: 1.36 toks/s, output: 126.67 toks/s]
[36m(WorkerDict pid=2846351)[0m Processed prompts:  47%|████▋     | 15/32 [11:30<08:38, 30.51s/it, est. speed input: 2.22 toks/s, output: 133.16 toks/s]
[36m(WorkerDict pid=2846349)[0m Processed prompts:  72%|███████▏  | 23/32 [11:31<02:13, 14.87s/it, est. speed input: 2.17 toks/s, output: 203.87 toks/s]
[36m(WorkerDict pid=2846352)[0m Processed prompts:  38%|███▊      | 12/32 [11:31<03:01,  9.07s/it, est. speed input: 1.44 toks/s, output: 138.13 toks/s]
[36m(WorkerDict pid=2846347)[0m Processed prompts:  97%|█████████▋| 31/32 [11:33<00:11, 11.95s/it, est. speed input: 1.51 toks/s, output: 300.21 toks/s]
[36m(WorkerDict pid=2846349)[0m Processed prompts:  75%|███████▌  | 24/32 [11:35<01:32, 11.60s/it, est. speed input: 2.26 toks/s, output: 215.01 toks/s]
[36m(WorkerDict pid=2846347)[0m Processed prompts: 100%|██████████| 32/32 [11:39<00:00, 10.11s/it, est. speed input: 1.53 toks/s, output: 310.02 toks/s]Processed prompts: 100%|██████████| 32/32 [11:39<00:00, 10.11s/it, est. speed input: 1.53 toks/s, output: 310.02 toks/s]
[36m(WorkerDict pid=2846352)[0m Processed prompts:  41%|████      | 13/32 [11:44<03:10, 10.04s/it, est. speed input: 1.68 toks/s, output: 148.03 toks/s]
[36m(WorkerDict pid=2846353)[0m Processed prompts:  50%|█████     | 16/32 [11:44<11:50, 44.38s/it, est. speed input: 2.64 toks/s, output: 141.71 toks/s]
[36m(WorkerDict pid=2846348)[0m Processed prompts:  84%|████████▍ | 27/32 [11:43<02:34, 30.85s/it, est. speed input: 1.76 toks/s, output: 168.76 toks/s]
[36m(WorkerDict pid=2846352)[0m Processed prompts:  44%|████▍     | 14/32 [11:45<02:13,  7.44s/it, est. speed input: 1.94 toks/s, output: 160.03 toks/s]
[36m(WorkerDict pid=2846351)[0m Processed prompts:  50%|█████     | 16/32 [11:49<07:10, 26.94s/it, est. speed input: 2.31 toks/s, output: 141.97 toks/s]
[36m(WorkerDict pid=2846351)[0m Processed prompts:  53%|█████▎    | 17/32 [11:50<04:51, 19.40s/it, est. speed input: 2.47 toks/s, output: 153.91 toks/s]
[36m(WorkerDict pid=2846348)[0m Processed prompts:  88%|████████▊ | 28/32 [11:51<01:35, 23.77s/it, est. speed input: 1.82 toks/s, output: 179.36 toks/s]
[36m(WorkerDict pid=2846346)[0m Processed prompts:  97%|█████████▋| 31/32 [11:53<00:14, 14.32s/it, est. speed input: 4.06 toks/s, output: 304.69 toks/s]
[36m(WorkerDict pid=2846352)[0m Processed prompts:  47%|████▋     | 15/32 [12:01<02:52, 10.15s/it, est. speed input: 1.98 toks/s, output: 168.70 toks/s]
[36m(WorkerDict pid=2846350)[0m Processed prompts:  50%|█████     | 16/32 [12:05<09:37, 36.10s/it, est. speed input: 1.90 toks/s, output: 149.03 toks/s]
[36m(WorkerDict pid=2846348)[0m Processed prompts:  91%|█████████ | 29/32 [12:12<01:08, 22.97s/it, est. speed input: 1.85 toks/s, output: 186.52 toks/s]
[36m(WorkerDict pid=2846346)[0m Processed prompts: 100%|██████████| 32/32 [12:12<00:00, 15.60s/it, est. speed input: 4.02 toks/s, output: 309.29 toks/s]Processed prompts: 100%|██████████| 32/32 [12:12<00:00, 15.60s/it, est. speed input: 4.02 toks/s, output: 309.29 toks/s]
[36m(WorkerDict pid=2846348)[0m Processed prompts:  94%|█████████▍| 30/32 [12:13<00:32, 16.31s/it, est. speed input: 1.93 toks/s, output: 198.66 toks/s]
[36m(WorkerDict pid=2846349)[0m Processed prompts:  78%|███████▊  | 25/32 [12:20<02:31, 21.59s/it, est. speed input: 2.21 toks/s, output: 214.30 toks/s]
[36m(WorkerDict pid=2846351)[0m Processed prompts:  56%|█████▋    | 18/32 [12:21<05:18, 22.75s/it, est. speed input: 2.53 toks/s, output: 159.91 toks/s]
[36m(WorkerDict pid=2846348)[0m Processed prompts:  97%|█████████▋| 31/32 [12:25<00:15, 15.13s/it, est. speed input: 1.98 toks/s, output: 207.71 toks/s]
[36m(WorkerDict pid=2846349)[0m Processed prompts:  81%|████████▏ | 26/32 [12:26<01:42, 17.15s/it, est. speed input: 2.28 toks/s, output: 224.69 toks/s]
[36m(WorkerDict pid=2846352)[0m Processed prompts:  50%|█████     | 16/32 [12:27<03:55, 14.73s/it, est. speed input: 2.00 toks/s, output: 175.32 toks/s]
[36m(WorkerDict pid=2846351)[0m Processed prompts:  59%|█████▉    | 19/32 [12:39<04:37, 21.34s/it, est. speed input: 2.63 toks/s, output: 168.47 toks/s]
[36m(WorkerDict pid=2846349)[0m Processed prompts:  84%|████████▍ | 27/32 [13:05<01:58, 23.63s/it, est. speed input: 2.25 toks/s, output: 225.99 toks/s]
[36m(WorkerDict pid=2846352)[0m Processed prompts:  53%|█████▎    | 17/32 [13:05<05:28, 21.92s/it, est. speed input: 2.14 toks/s, output: 179.07 toks/s]
[36m(WorkerDict pid=2846352)[0m Processed prompts:  56%|█████▋    | 18/32 [13:08<03:47, 16.22s/it, est. speed input: 2.21 toks/s, output: 190.79 toks/s]
[36m(WorkerDict pid=2846352)[0m Processed prompts:  59%|█████▉    | 19/32 [13:13<02:46, 12.83s/it, est. speed input: 2.27 toks/s, output: 201.99 toks/s]
[36m(WorkerDict pid=2846352)[0m Processed prompts:  62%|██████▎   | 20/32 [13:18<02:05, 10.50s/it, est. speed input: 2.49 toks/s, output: 213.10 toks/s]
[36m(WorkerDict pid=2846348)[0m Processed prompts: 100%|██████████| 32/32 [13:21<00:00, 27.44s/it, est. speed input: 1.92 toks/s, output: 205.56 toks/s]Processed prompts: 100%|██████████| 32/32 [13:21<00:00, 27.44s/it, est. speed input: 1.92 toks/s, output: 205.56 toks/s]
[36m(WorkerDict pid=2846350)[0m Processed prompts:  53%|█████▎    | 17/32 [13:29<12:36, 50.45s/it, est. speed input: 1.76 toks/s, output: 146.00 toks/s]
[36m(WorkerDict pid=2846350)[0m Processed prompts:  56%|█████▋    | 18/32 [13:34<08:35, 36.79s/it, est. speed input: 1.81 toks/s, output: 157.53 toks/s]
[36m(WorkerDict pid=2846350)[0m Processed prompts:  59%|█████▉    | 19/32 [13:40<05:58, 27.55s/it, est. speed input: 1.86 toks/s, output: 168.79 toks/s]
[36m(WorkerDict pid=2846352)[0m Processed prompts:  66%|██████▌   | 21/32 [13:44<02:45, 15.03s/it, est. speed input: 2.64 toks/s, output: 218.91 toks/s]
[36m(WorkerDict pid=2846350)[0m Processed prompts:  62%|██████▎   | 20/32 [13:51<04:32, 22.69s/it, est. speed input: 1.90 toks/s, output: 178.93 toks/s]
[36m(WorkerDict pid=2846351)[0m Processed prompts:  62%|██████▎   | 20/32 [13:52<07:21, 36.80s/it, est. speed input: 2.54 toks/s, output: 166.18 toks/s]
[36m(WorkerDict pid=2846350)[0m Processed prompts:  66%|██████▌   | 21/32 [13:52<02:58, 16.26s/it, est. speed input: 1.95 toks/s, output: 191.10 toks/s]
[36m(WorkerDict pid=2846352)[0m Processed prompts:  69%|██████▉   | 22/32 [13:57<02:24, 14.50s/it, est. speed input: 2.82 toks/s, output: 227.90 toks/s]
[36m(WorkerDict pid=2846351)[0m Processed prompts:  66%|██████▌   | 21/32 [14:17<06:06, 33.32s/it, est. speed input: 2.61 toks/s, output: 173.78 toks/s]
[36m(WorkerDict pid=2846350)[0m Processed prompts:  69%|██████▉   | 22/32 [14:19<03:14, 19.48s/it, est. speed input: 1.95 toks/s, output: 197.58 toks/s]
[36m(WorkerDict pid=2846352)[0m Processed prompts:  72%|███████▏  | 23/32 [14:25<02:46, 18.48s/it, est. speed input: 2.95 toks/s, output: 233.07 toks/s]
[36m(WorkerDict pid=2846350)[0m Processed prompts:  72%|███████▏  | 23/32 [14:27<02:23, 15.98s/it, est. speed input: 1.99 toks/s, output: 208.28 toks/s]
[36m(WorkerDict pid=2846349)[0m Processed prompts:  91%|█████████ | 29/32 [14:28<01:35, 31.96s/it, est. speed input: 2.18 toks/s, output: 228.00 toks/s]
[36m(WorkerDict pid=2846350)[0m Processed prompts:  75%|███████▌  | 24/32 [14:32<01:40, 12.56s/it, est. speed input: 2.04 toks/s, output: 219.69 toks/s]
[36m(WorkerDict pid=2846351)[0m Processed prompts:  69%|██████▉   | 22/32 [14:32<04:38, 27.90s/it, est. speed input: 2.68 toks/s, output: 183.24 toks/s]
[36m(WorkerDict pid=2846350)[0m Processed prompts:  78%|███████▊  | 25/32 [14:38<01:15, 10.77s/it, est. speed input: 2.08 toks/s, output: 230.54 toks/s]
[36m(WorkerDict pid=2846352)[0m Processed prompts:  75%|███████▌  | 24/32 [14:44<02:29, 18.71s/it, est. speed input: 3.09 toks/s, output: 240.51 toks/s]
[36m(WorkerDict pid=2846349)[0m Processed prompts:  94%|█████████▍| 30/32 [14:49<00:58, 29.16s/it, est. speed input: 2.21 toks/s, output: 235.22 toks/s]
[36m(WorkerDict pid=2846350)[0m Processed prompts:  81%|████████▏ | 26/32 [14:51<01:07, 11.33s/it, est. speed input: 2.10 toks/s, output: 239.79 toks/s]
[36m(WorkerDict pid=2846351)[0m Processed prompts:  72%|███████▏  | 23/32 [14:58<04:04, 27.17s/it, est. speed input: 2.73 toks/s, output: 190.58 toks/s]
[36m(WorkerDict pid=2846351)[0m Processed prompts:  75%|███████▌  | 24/32 [14:58<02:33, 19.19s/it, est. speed input: 2.87 toks/s, output: 202.99 toks/s]
[36m(WorkerDict pid=2846350)[0m Processed prompts:  84%|████████▍ | 27/32 [15:08<01:04, 12.91s/it, est. speed input: 2.12 toks/s, output: 247.95 toks/s]
[36m(WorkerDict pid=2846352)[0m Processed prompts:  78%|███████▊  | 25/32 [15:13<02:31, 21.61s/it, est. speed input: 3.20 toks/s, output: 245.59 toks/s]
[36m(WorkerDict pid=2846352)[0m Processed prompts:  81%|████████▏ | 26/32 [15:22<01:48, 18.06s/it, est. speed input: 3.37 toks/s, output: 255.54 toks/s]
[36m(WorkerDict pid=2846349)[0m Processed prompts:  97%|█████████▋| 31/32 [15:27<00:31, 31.47s/it, est. speed input: 2.19 toks/s, output: 238.15 toks/s]
[36m(WorkerDict pid=2846352)[0m Processed prompts:  84%|████████▍ | 27/32 [15:35<01:22, 16.41s/it, est. speed input: 3.53 toks/s, output: 264.68 toks/s]
[36m(WorkerDict pid=2846350)[0m Processed prompts:  88%|████████▊ | 28/32 [15:36<01:09, 17.46s/it, est. speed input: 2.11 toks/s, output: 253.09 toks/s]
[36m(WorkerDict pid=2846352)[0m Processed prompts:  88%|████████▊ | 28/32 [16:07<01:24, 21.14s/it, est. speed input: 3.47 toks/s, output: 268.49 toks/s]
[36m(WorkerDict pid=2846351)[0m Processed prompts:  78%|███████▊  | 25/32 [16:15<04:15, 36.54s/it, est. speed input: 2.76 toks/s, output: 199.59 toks/s]
[36m(WorkerDict pid=2846351)[0m Processed prompts:  81%|████████▏ | 26/32 [16:20<02:41, 26.86s/it, est. speed input: 2.87 toks/s, output: 211.34 toks/s]
[36m(WorkerDict pid=2846352)[0m Processed prompts:  91%|█████████ | 29/32 [16:25<01:00, 20.18s/it, est. speed input: 3.60 toks/s, output: 276.22 toks/s]
[36m(WorkerDict pid=2846351)[0m Processed prompts:  84%|████████▍ | 27/32 [16:42<02:07, 25.41s/it, est. speed input: 2.93 toks/s, output: 219.34 toks/s]
[36m(WorkerDict pid=2846352)[0m Processed prompts:  94%|█████████▍| 30/32 [16:50<00:43, 21.61s/it, est. speed input: 3.70 toks/s, output: 282.04 toks/s]
[36m(WorkerDict pid=2846350)[0m Processed prompts:  91%|█████████ | 29/32 [17:00<01:52, 37.42s/it, est. speed input: 1.99 toks/s, output: 244.90 toks/s]
[36m(WorkerDict pid=2846350)[0m Processed prompts:  94%|█████████▍| 30/32 [17:14<01:01, 30.56s/it, est. speed input: 2.01 toks/s, output: 254.11 toks/s]
[36m(WorkerDict pid=2846351)[0m Processed prompts:  88%|████████▊ | 28/32 [17:21<01:57, 29.44s/it, est. speed input: 2.94 toks/s, output: 223.82 toks/s]
[36m(WorkerDict pid=2846351)[0m Processed prompts:  91%|█████████ | 29/32 [17:36<01:15, 25.18s/it, est. speed input: 3.01 toks/s, output: 233.27 toks/s]
[36m(WorkerDict pid=2846351)[0m Processed prompts:  94%|█████████▍| 30/32 [17:50<00:43, 21.93s/it, est. speed input: 3.08 toks/s, output: 242.82 toks/s]
[36m(WorkerDict pid=2846350)[0m Processed prompts:  97%|█████████▋| 31/32 [17:56<00:33, 33.90s/it, est. speed input: 1.98 toks/s, output: 256.95 toks/s]
[36m(WorkerDict pid=2846351)[0m Processed prompts:  97%|█████████▋| 31/32 [18:04<00:19, 19.56s/it, est. speed input: 3.15 toks/s, output: 252.36 toks/s]
[36m(WorkerDict pid=2846352)[0m Processed prompts:  97%|█████████▋| 31/32 [18:26<00:44, 44.03s/it, est. speed input: 3.43 toks/s, output: 270.18 toks/s]
[36m(WorkerDict pid=2846350)[0m Processed prompts: 100%|██████████| 32/32 [18:46<00:00, 38.76s/it, est. speed input: 1.93 toks/s, output: 258.20 toks/s]Processed prompts: 100%|██████████| 32/32 [18:46<00:00, 38.76s/it, est. speed input: 1.93 toks/s, output: 258.20 toks/s]
[36m(WorkerDict pid=2846351)[0m Processed prompts: 100%|██████████| 32/32 [19:26<00:00, 38.29s/it, est. speed input: 3.03 toks/s, output: 247.32 toks/s]Processed prompts: 100%|██████████| 32/32 [19:26<00:00, 38.29s/it, est. speed input: 3.03 toks/s, output: 247.32 toks/s]
[36m(WorkerDict pid=2846352)[0m Processed prompts: 100%|██████████| 32/32 [20:04<00:00, 60.00s/it, est. speed input: 3.31 toks/s, output: 261.05 toks/s]Processed prompts: 100%|██████████| 32/32 [20:04<00:00, 60.00s/it, est. speed input: 3.31 toks/s, output: 261.05 toks/s]
[36m(WorkerDict pid=2846353)[0m Processed prompts:  53%|█████▎    | 17/32 [20:51<48:53, 195.56s/it, est. speed input: 1.62 toks/s, output: 92.44 toks/s]
[36m(WorkerDict pid=2846349)[0m Processed prompts: 100%|██████████| 32/32 [21:30<00:00, 121.70s/it, est. speed input: 1.62 toks/s, output: 183.84 toks/s]Processed prompts: 100%|██████████| 32/32 [21:30<00:00, 121.70s/it, est. speed input: 1.62 toks/s, output: 183.84 toks/s]Processed prompts: 100%|██████████| 32/32 [21:30<00:00, 40.34s/it, est. speed input: 1.62 toks/s, output: 183.84 toks/s] 
[36m(WorkerDict pid=2846346)[0m Processed prompts: 100%|██████████| 32/32 [21:29<00:00, 40.31s/it, est. speed input: 4.02 toks/s, output: 309.29 toks/s]
[36m(WorkerDict pid=2846352)[0m Processed prompts: 100%|██████████| 32/32 [21:30<00:00, 40.34s/it, est. speed input: 3.31 toks/s, output: 261.05 toks/s]
[36m(WorkerDict pid=2846347)[0m Processed prompts: 100%|██████████| 32/32 [21:30<00:00, 40.34s/it, est. speed input: 1.53 toks/s, output: 310.02 toks/s]
[36m(WorkerDict pid=2846350)[0m Processed prompts: 100%|██████████| 32/32 [21:30<00:00, 40.34s/it, est. speed input: 1.93 toks/s, output: 258.20 toks/s]
[36m(WorkerDict pid=2846353)[0m Processed prompts:  56%|█████▋    | 18/32 [21:30<34:40, 148.63s/it, est. speed input: 1.71 toks/s, output: 102.31 toks/s]Processed prompts: 100%|██████████| 32/32 [21:30<00:00, 148.63s/it, est. speed input: 3.62 toks/s, output: 280.05 toks/s]Processed prompts: 100%|██████████| 32/32 [21:30<00:00, 40.33s/it, est. speed input: 3.62 toks/s, output: 280.05 toks/s] 
[36m(WorkerDict pid=2846348)[0m Processed prompts: 100%|██████████| 32/32 [21:30<00:00, 40.32s/it, est. speed input: 1.92 toks/s, output: 205.56 toks/s]
[36m(WorkerDict pid=2846351)[0m Processed prompts: 100%|██████████| 32/32 [21:30<00:00, 40.33s/it, est. speed input: 3.03 toks/s, output: 247.32 toks/s]
[36m(TaskRunner pid=2843659)[0m Training Progress:  60%|██████    | 3/5 [1:15:20<50:05, 1502.52s/it]
[36m(WorkerDict pid=2846344)[0m Adding requests:   0%|          | 0/32 [00:00<?, ?it/s]Adding requests: 100%|██████████| 32/32 [00:00<00:00, 12998.04it/s]
[36m(WorkerDict pid=2846344)[0m Processed prompts:   0%|          | 0/32 [00:00<?, ?it/s, est. speed input: 0.00 toks/s, output: 0.00 toks/s]
[36m(WorkerDict pid=2846342)[0m Adding requests:   0%|          | 0/32 [00:00<?, ?it/s]Adding requests: 100%|██████████| 32/32 [00:00<00:00, 12689.58it/s]
[36m(WorkerDict pid=2846342)[0m Processed prompts:   0%|          | 0/32 [00:00<?, ?it/s, est. speed input: 0.00 toks/s, output: 0.00 toks/s]
[36m(WorkerDict pid=2846340)[0m Adding requests:   0%|          | 0/32 [00:00<?, ?it/s]Adding requests: 100%|██████████| 32/32 [00:00<00:00, 12454.09it/s]
[36m(WorkerDict pid=2846340)[0m Processed prompts:   0%|          | 0/32 [00:00<?, ?it/s, est. speed input: 0.00 toks/s, output: 0.00 toks/s]
[36m(WorkerDict pid=2846345)[0m Adding requests:   0%|          | 0/32 [00:00<?, ?it/s]Adding requests: 100%|██████████| 32/32 [00:00<00:00, 11407.25it/s]
[36m(WorkerDict pid=2846345)[0m Processed prompts:   0%|          | 0/32 [00:00<?, ?it/s, est. speed input: 0.00 toks/s, output: 0.00 toks/s]
[36m(WorkerDict pid=2846343)[0m Adding requests:   0%|          | 0/32 [00:00<?, ?it/s]Adding requests: 100%|██████████| 32/32 [00:00<00:00, 12599.05it/s]
[36m(WorkerDict pid=2846343)[0m Processed prompts:   0%|          | 0/32 [00:00<?, ?it/s, est. speed input: 0.00 toks/s, output: 0.00 toks/s]
[36m(WorkerDict pid=2846338)[0m Adding requests:   0%|          | 0/32 [00:00<?, ?it/s]Adding requests: 100%|██████████| 32/32 [00:00<00:00, 11456.91it/s]
[36m(WorkerDict pid=2846338)[0m Processed prompts:   0%|          | 0/32 [00:00<?, ?it/s, est. speed input: 0.00 toks/s, output: 0.00 toks/s]
[36m(WorkerDict pid=2846348)[0m Adding requests:   0%|          | 0/32 [00:00<?, ?it/s]Adding requests: 100%|██████████| 32/32 [00:00<00:00, 12458.71it/s]
[36m(WorkerDict pid=2846348)[0m Processed prompts:   0%|          | 0/32 [00:00<?, ?it/s, est. speed input: 0.00 toks/s, output: 0.00 toks/s]
[36m(WorkerDict pid=2846347)[0m Adding requests:   0%|          | 0/32 [00:00<?, ?it/s]Adding requests: 100%|██████████| 32/32 [00:00<00:00, 12176.15it/s]
[36m(WorkerDict pid=2846347)[0m Processed prompts:   0%|          | 0/32 [00:00<?, ?it/s, est. speed input: 0.00 toks/s, output: 0.00 toks/s]
[36m(WorkerDict pid=2846350)[0m Adding requests:   0%|          | 0/32 [00:00<?, ?it/s]Adding requests: 100%|██████████| 32/32 [00:00<00:00, 11954.91it/s]
[36m(WorkerDict pid=2846350)[0m Processed prompts:   0%|          | 0/32 [00:00<?, ?it/s, est. speed input: 0.00 toks/s, output: 0.00 toks/s]
[36m(WorkerDict pid=2846339)[0m Adding requests:   0%|          | 0/32 [00:00<?, ?it/s]Adding requests: 100%|██████████| 32/32 [00:00<00:00, 12448.31it/s]
[36m(WorkerDict pid=2846339)[0m Processed prompts:   0%|          | 0/32 [00:00<?, ?it/s, est. speed input: 0.00 toks/s, output: 0.00 toks/s]
[36m(WorkerDict pid=2846353)[0m Adding requests:   0%|          | 0/32 [00:00<?, ?it/s]Adding requests: 100%|██████████| 32/32 [00:00<00:00, 12145.30it/s]
[36m(WorkerDict pid=2846353)[0m Processed prompts:   0%|          | 0/32 [00:00<?, ?it/s, est. speed input: 0.00 toks/s, output: 0.00 toks/s]
[36m(WorkerDict pid=2846351)[0m Adding requests:   0%|          | 0/32 [00:00<?, ?it/s]Adding requests: 100%|██████████| 32/32 [00:00<00:00, 12380.57it/s]
[36m(WorkerDict pid=2846351)[0m Processed prompts:   0%|          | 0/32 [00:00<?, ?it/s, est. speed input: 0.00 toks/s, output: 0.00 toks/s]
[36m(WorkerDict pid=2846341)[0m Adding requests:   0%|          | 0/32 [00:00<?, ?it/s]Adding requests: 100%|██████████| 32/32 [00:00<00:00, 11313.98it/s]
[36m(WorkerDict pid=2846341)[0m Processed prompts:   0%|          | 0/32 [00:00<?, ?it/s, est. speed input: 0.00 toks/s, output: 0.00 toks/s]
[36m(WorkerDict pid=2846349)[0m Adding requests:   0%|          | 0/32 [00:00<?, ?it/s]Adding requests: 100%|██████████| 32/32 [00:00<00:00, 12361.18it/s]
[36m(WorkerDict pid=2846349)[0m Processed prompts:   0%|          | 0/32 [00:00<?, ?it/s, est. speed input: 0.00 toks/s, output: 0.00 toks/s]
[36m(WorkerDict pid=2846352)[0m Adding requests:   0%|          | 0/32 [00:00<?, ?it/s]Adding requests: 100%|██████████| 32/32 [00:00<00:00, 11501.09it/s]
[36m(WorkerDict pid=2846352)[0m Processed prompts:   0%|          | 0/32 [00:00<?, ?it/s, est. speed input: 0.00 toks/s, output: 0.00 toks/s]
[36m(WorkerDict pid=2846346)[0m Adding requests:   0%|          | 0/32 [00:00<?, ?it/s]Adding requests: 100%|██████████| 32/32 [00:00<00:00, 10748.60it/s]
[36m(WorkerDict pid=2846346)[0m Processed prompts:   0%|          | 0/32 [00:00<?, ?it/s, est. speed input: 0.00 toks/s, output: 0.00 toks/s]
[36m(WorkerDict pid=2846345)[0m Processed prompts:   3%|▎         | 1/32 [01:40<51:48, 100.27s/it, est. speed input: 0.50 toks/s, output: 11.77 toks/s]
[36m(WorkerDict pid=2846345)[0m Processed prompts:   6%|▋         | 2/32 [01:40<20:41, 41.39s/it, est. speed input: 1.00 toks/s, output: 23.52 toks/s] 
[36m(WorkerDict pid=2846345)[0m Processed prompts:   9%|▉         | 3/32 [01:41<11:07, 23.01s/it, est. speed input: 1.48 toks/s, output: 35.02 toks/s]
[36m(WorkerDict pid=2846340)[0m Processed prompts:   3%|▎         | 1/32 [01:50<57:13, 110.76s/it, est. speed input: 0.42 toks/s, output: 11.81 toks/s]
[36m(WorkerDict pid=2846345)[0m Processed prompts:  12%|█▎        | 4/32 [01:51<08:18, 17.80s/it, est. speed input: 1.80 toks/s, output: 43.78 toks/s]
[36m(WorkerDict pid=2846345)[0m Processed prompts:  16%|█▌        | 5/32 [01:53<05:32, 12.30s/it, est. speed input: 2.19 toks/s, output: 54.64 toks/s]
[36m(WorkerDict pid=2846345)[0m Processed prompts:  19%|█▉        | 6/32 [01:56<03:57,  9.12s/it, est. speed input: 2.57 toks/s, output: 65.11 toks/s]
[36m(WorkerDict pid=2846345)[0m Processed prompts:  22%|██▏       | 7/32 [01:58<02:49,  6.80s/it, est. speed input: 2.94 toks/s, output: 75.88 toks/s]
[36m(WorkerDict pid=2846345)[0m Processed prompts:  25%|██▌       | 8/32 [01:59<01:54,  4.78s/it, est. speed input: 3.35 toks/s, output: 87.45 toks/s]
[36m(WorkerDict pid=2846345)[0m Processed prompts:  28%|██▊       | 9/32 [02:00<01:27,  3.78s/it, est. speed input: 3.72 toks/s, output: 98.18 toks/s]
[36m(WorkerDict pid=2846344)[0m Processed prompts:   3%|▎         | 1/32 [02:06<1:05:09, 126.10s/it, est. speed input: 0.49 toks/s, output: 11.86 toks/s]
[36m(WorkerDict pid=2846344)[0m Processed prompts:   6%|▋         | 2/32 [02:06<26:05, 52.19s/it, est. speed input: 0.98 toks/s, output: 23.69 toks/s]   
[36m(WorkerDict pid=2846344)[0m Processed prompts:   9%|▉         | 3/32 [02:08<14:04, 29.13s/it, est. speed input: 1.45 toks/s, output: 35.26 toks/s]
[36m(WorkerDict pid=2846345)[0m Processed prompts:  31%|███▏      | 10/32 [02:09<01:53,  5.16s/it, est. speed input: 3.87 toks/s, output: 103.83 toks/s]
[36m(WorkerDict pid=2846340)[0m Processed prompts:   6%|▋         | 2/32 [02:12<29:11, 58.39s/it, est. speed input: 0.69 toks/s, output: 21.77 toks/s] 
[36m(WorkerDict pid=2846340)[0m Processed prompts:   9%|▉         | 3/32 [02:12<15:25, 31.91s/it, est. speed input: 1.04 toks/s, output: 33.60 toks/s]
[36m(WorkerDict pid=2846344)[0m Processed prompts:  12%|█▎        | 4/32 [02:13<09:12, 19.74s/it, est. speed input: 1.86 toks/s, output: 45.75 toks/s]
[36m(WorkerDict pid=2846339)[0m Processed prompts:   3%|▎         | 1/32 [02:13<1:08:44, 133.05s/it, est. speed input: 0.63 toks/s, output: 11.97 toks/s]
[36m(WorkerDict pid=2846345)[0m Processed prompts:  34%|███▍      | 11/32 [02:15<01:53,  5.41s/it, est. speed input: 4.07 toks/s, output: 111.18 toks/s]
[36m(WorkerDict pid=2846339)[0m Processed prompts:   6%|▋         | 2/32 [02:15<27:58, 55.96s/it, est. speed input: 1.24 toks/s, output: 23.78 toks/s]   
[36m(WorkerDict pid=2846344)[0m Processed prompts:  16%|█▌        | 5/32 [02:18<06:29, 14.42s/it, est. speed input: 2.24 toks/s, output: 56.04 toks/s]
[36m(WorkerDict pid=2846344)[0m Processed prompts:  19%|█▉        | 6/32 [02:19<04:17,  9.90s/it, est. speed input: 2.66 toks/s, output: 67.55 toks/s]
[36m(WorkerDict pid=2846345)[0m Processed prompts:  38%|███▊      | 12/32 [02:21<01:54,  5.75s/it, est. speed input: 4.23 toks/s, output: 118.04 toks/s]
[36m(WorkerDict pid=2846339)[0m Processed prompts:   9%|▉         | 3/32 [02:21<16:05, 33.31s/it, est. speed input: 1.78 toks/s, output: 34.73 toks/s]
[36m(WorkerDict pid=2846345)[0m Processed prompts:  44%|████▍     | 14/32 [02:21<00:56,  3.13s/it, est. speed input: 4.93 toks/s, output: 141.79 toks/s]
[36m(WorkerDict pid=2846344)[0m Processed prompts:  22%|██▏       | 7/32 [02:24<03:26,  8.25s/it, est. speed input: 3.00 toks/s, output: 77.25 toks/s]
[36m(WorkerDict pid=2846340)[0m Processed prompts:  12%|█▎        | 4/32 [02:25<11:15, 24.13s/it, est. speed input: 1.27 toks/s, output: 42.75 toks/s]
[36m(WorkerDict pid=2846343)[0m Processed prompts:   3%|▎         | 1/32 [02:25<1:15:14, 145.62s/it, est. speed input: 0.39 toks/s, output: 12.00 toks/s]
[36m(WorkerDict pid=2846345)[0m Processed prompts:  47%|████▋     | 15/32 [02:26<00:57,  3.37s/it, est. speed input: 5.14 toks/s, output: 149.82 toks/s]
[36m(WorkerDict pid=2846339)[0m Processed prompts:  12%|█▎        | 4/32 [02:28<10:44, 23.01s/it, est. speed input: 2.26 toks/s, output: 45.09 toks/s]
[36m(WorkerDict pid=2846344)[0m Processed prompts:  25%|██▌       | 8/32 [02:30<02:58,  7.43s/it, est. speed input: 3.30 toks/s, output: 86.35 toks/s]
[36m(WorkerDict pid=2846345)[0m Processed prompts:  50%|█████     | 16/32 [02:32<01:08,  4.30s/it, est. speed input: 5.23 toks/s, output: 155.08 toks/s]
[36m(WorkerDict pid=2846344)[0m Processed prompts:  28%|██▊       | 9/32 [02:33<02:20,  6.10s/it, est. speed input: 3.64 toks/s, output: 96.60 toks/s]
[36m(WorkerDict pid=2846339)[0m Processed prompts:  16%|█▌        | 5/32 [02:34<07:34, 16.82s/it, est. speed input: 2.72 toks/s, output: 55.48 toks/s]
[36m(WorkerDict pid=2846340)[0m Processed prompts:  16%|█▌        | 5/32 [02:35<08:40, 19.26s/it, est. speed input: 1.48 toks/s, output: 51.87 toks/s]
[36m(WorkerDict pid=2846340)[0m Processed prompts:  19%|█▉        | 6/32 [02:35<05:32, 12.80s/it, est. speed input: 1.77 toks/s, output: 63.83 toks/s]
[36m(WorkerDict pid=2846339)[0m Processed prompts:  19%|█▉        | 6/32 [02:37<05:16, 12.18s/it, est. speed input: 3.20 toks/s, output: 66.46 toks/s]
[36m(WorkerDict pid=2846344)[0m Processed prompts:  31%|███▏      | 10/32 [02:38<02:07,  5.79s/it, est. speed input: 3.91 toks/s, output: 105.53 toks/s]
[36m(WorkerDict pid=2846339)[0m Processed prompts:  25%|██▌       | 8/32 [02:38<02:30,  6.28s/it, est. speed input: 4.25 toks/s, output: 90.44 toks/s]
[36m(WorkerDict pid=2846344)[0m Processed prompts:  34%|███▍      | 11/32 [02:40<01:38,  4.71s/it, est. speed input: 4.24 toks/s, output: 116.09 toks/s]
[36m(WorkerDict pid=2846340)[0m Processed prompts:  22%|██▏       | 7/32 [02:41<04:17, 10.30s/it, est. speed input: 2.00 toks/s, output: 73.83 toks/s]
[36m(WorkerDict pid=2846341)[0m Processed prompts:   3%|▎         | 1/32 [02:40<1:22:52, 160.39s/it, est. speed input: 0.40 toks/s, output: 12.13 toks/s]
[36m(WorkerDict pid=2846342)[0m Processed prompts:   3%|▎         | 1/32 [02:41<1:23:41, 161.98s/it, est. speed input: 0.24 toks/s, output: 12.04 toks/s]
[36m(WorkerDict pid=2846341)[0m Processed prompts:   6%|▋         | 2/32 [02:41<33:23, 66.77s/it, est. speed input: 0.79 toks/s, output: 24.17 toks/s]   
[36m(WorkerDict pid=2846339)[0m Processed prompts:  28%|██▊       | 9/32 [02:43<02:21,  6.13s/it, est. speed input: 4.62 toks/s, output: 99.40 toks/s]
[36m(WorkerDict pid=2846340)[0m Processed prompts:  25%|██▌       | 8/32 [02:45<03:19,  8.31s/it, est. speed input: 2.23 toks/s, output: 84.09 toks/s]
[36m(WorkerDict pid=2846343)[0m Processed prompts:   6%|▋         | 2/32 [02:45<35:51, 71.71s/it, est. speed input: 0.69 toks/s, output: 22.63 toks/s]   
[36m(WorkerDict pid=2846339)[0m Processed prompts:  31%|███▏      | 10/32 [02:45<01:48,  4.92s/it, est. speed input: 5.08 toks/s, output: 110.53 toks/s]
[36m(WorkerDict pid=2846343)[0m Processed prompts:   9%|▉         | 3/32 [02:46<19:08, 39.60s/it, est. speed input: 1.02 toks/s, output: 34.53 toks/s]
[36m(WorkerDict pid=2846344)[0m Processed prompts:  38%|███▊      | 12/32 [02:47<01:46,  5.35s/it, est. speed input: 4.44 toks/s, output: 123.46 toks/s]
[36m(WorkerDict pid=2846339)[0m Processed prompts:  34%|███▍      | 11/32 [02:47<01:24,  4.02s/it, est. speed input: 5.53 toks/s, output: 121.52 toks/s]
[36m(WorkerDict pid=2846344)[0m Processed prompts:  41%|████      | 13/32 [02:47<01:13,  3.86s/it, est. speed input: 4.80 toks/s, output: 135.21 toks/s]
[36m(WorkerDict pid=2846340)[0m Processed prompts:  28%|██▊       | 9/32 [02:48<02:32,  6.63s/it, est. speed input: 2.46 toks/s, output: 94.68 toks/s]
[36m(WorkerDict pid=2846339)[0m Processed prompts:  38%|███▊      | 12/32 [02:47<00:59,  3.00s/it, est. speed input: 6.02 toks/s, output: 133.33 toks/s]
[36m(WorkerDict pid=2846341)[0m Processed prompts:   9%|▉         | 3/32 [02:49<19:12, 39.73s/it, est. speed input: 1.13 toks/s, output: 35.23 toks/s]
[36m(WorkerDict pid=2846340)[0m Processed prompts:  31%|███▏      | 10/32 [02:51<02:04,  5.64s/it, est. speed input: 2.68 toks/s, output: 104.87 toks/s]
[36m(WorkerDict pid=2846342)[0m Processed prompts:   6%|▋         | 2/32 [02:53<36:38, 73.27s/it, est. speed input: 0.45 toks/s, output: 23.34 toks/s]   
[36m(WorkerDict pid=2846341)[0m Processed prompts:  12%|█▎        | 4/32 [02:52<11:51, 25.41s/it, est. speed input: 1.48 toks/s, output: 46.68 toks/s]
[36m(WorkerDict pid=2846343)[0m Processed prompts:  12%|█▎        | 4/32 [02:53<12:28, 26.73s/it, est. speed input: 1.31 toks/s, output: 45.24 toks/s]
[36m(WorkerDict pid=2846343)[0m Processed prompts:  16%|█▌        | 5/32 [02:54<07:49, 17.38s/it, est. speed input: 1.63 toks/s, output: 57.12 toks/s]
[36m(WorkerDict pid=2846342)[0m Processed prompts:   9%|▉         | 3/32 [02:55<19:47, 40.93s/it, est. speed input: 0.67 toks/s, output: 35.10 toks/s]
[36m(WorkerDict pid=2846342)[0m Processed prompts:  12%|█▎        | 4/32 [02:56<11:45, 25.21s/it, est. speed input: 0.88 toks/s, output: 46.96 toks/s]
[36m(WorkerDict pid=2846342)[0m Processed prompts:  16%|█▌        | 5/32 [02:56<07:17, 16.21s/it, est. speed input: 1.10 toks/s, output: 58.97 toks/s]
[36m(WorkerDict pid=2846344)[0m Processed prompts:  44%|████▍     | 14/32 [02:57<01:39,  5.54s/it, est. speed input: 4.89 toks/s, output: 140.12 toks/s]
[36m(WorkerDict pid=2846340)[0m Processed prompts:  34%|███▍      | 11/32 [02:57<02:01,  5.80s/it, est. speed input: 2.85 toks/s, output: 113.31 toks/s]
[36m(WorkerDict pid=2846342)[0m Processed prompts:  19%|█▉        | 6/32 [02:58<04:50, 11.18s/it, est. speed input: 1.31 toks/s, output: 70.58 toks/s]
[36m(WorkerDict pid=2846339)[0m Processed prompts:  41%|████      | 13/32 [02:58<01:39,  5.21s/it, est. speed input: 6.13 toks/s, output: 137.49 toks/s]
[36m(WorkerDict pid=2846340)[0m Processed prompts:  38%|███▊      | 12/32 [02:59<01:30,  4.53s/it, est. speed input: 3.08 toks/s, output: 124.37 toks/s]
[36m(WorkerDict pid=2846344)[0m Processed prompts:  47%|████▋     | 15/32 [03:00<01:20,  4.76s/it, est. speed input: 5.16 toks/s, output: 149.91 toks/s]
[36m(WorkerDict pid=2846339)[0m Processed prompts:  44%|████▍     | 14/32 [03:00<01:15,  4.22s/it, est. speed input: 6.53 toks/s, output: 148.25 toks/s]
[36m(WorkerDict pid=2846342)[0m Processed prompts:  22%|██▏       | 7/32 [03:02<03:40,  8.81s/it, est. speed input: 1.50 toks/s, output: 81.16 toks/s]
[36m(WorkerDict pid=2846342)[0m Processed prompts:  25%|██▌       | 8/32 [03:02<02:25,  6.08s/it, est. speed input: 1.71 toks/s, output: 93.16 toks/s]
[36m(WorkerDict pid=2846341)[0m Processed prompts:  16%|█▌        | 5/32 [03:01<08:45, 19.45s/it, est. speed input: 1.76 toks/s, output: 56.57 toks/s]
[36m(WorkerDict pid=2846342)[0m Processed prompts:  28%|██▊       | 9/32 [03:03<01:41,  4.40s/it, est. speed input: 1.92 toks/s, output: 104.90 toks/s]
[36m(WorkerDict pid=2846342)[0m Processed prompts:  31%|███▏      | 10/32 [03:05<01:25,  3.87s/it, est. speed input: 2.10 toks/s, output: 115.49 toks/s]
[36m(WorkerDict pid=2846344)[0m Processed prompts:  50%|█████     | 16/32 [03:06<01:21,  5.07s/it, est. speed input: 5.33 toks/s, output: 157.36 toks/s]
[36m(WorkerDict pid=2846338)[0m Processed prompts:   3%|▎         | 1/32 [03:07<1:36:51, 187.47s/it, est. speed input: 0.21 toks/s, output: 12.12 toks/s]
[36m(WorkerDict pid=2846339)[0m Processed prompts:  47%|████▋     | 15/32 [03:09<01:35,  5.62s/it, est. speed input: 6.67 toks/s, output: 153.35 toks/s]
[36m(WorkerDict pid=2846341)[0m Processed prompts:  19%|█▉        | 6/32 [03:08<06:39, 15.35s/it, est. speed input: 2.03 toks/s, output: 66.53 toks/s]
[36m(WorkerDict pid=2846341)[0m Processed prompts:  22%|██▏       | 7/32 [03:09<04:24, 10.58s/it, est. speed input: 2.36 toks/s, output: 78.44 toks/s]
[36m(WorkerDict pid=2846341)[0m Processed prompts:  25%|██▌       | 8/32 [03:10<02:56,  7.37s/it, est. speed input: 2.69 toks/s, output: 90.39 toks/s]
[36m(WorkerDict pid=2846340)[0m Processed prompts:  41%|████      | 13/32 [03:11<02:08,  6.74s/it, est. speed input: 3.13 toks/s, output: 128.77 toks/s]
[36m(WorkerDict pid=2846341)[0m Processed prompts:  28%|██▊       | 9/32 [03:10<01:57,  5.12s/it, est. speed input: 3.03 toks/s, output: 102.48 toks/s]
[36m(WorkerDict pid=2846343)[0m Processed prompts:  19%|█▉        | 6/32 [03:13<07:43, 17.81s/it, est. speed input: 1.63 toks/s, output: 63.73 toks/s]
[36m(WorkerDict pid=2846343)[0m Processed prompts:  22%|██▏       | 7/32 [03:14<05:04, 12.19s/it, est. speed input: 1.92 toks/s, output: 75.65 toks/s]
[36m(WorkerDict pid=2846342)[0m Processed prompts:  34%|███▍      | 11/32 [03:15<01:56,  5.53s/it, est. speed input: 2.20 toks/s, output: 122.09 toks/s]
[36m(WorkerDict pid=2846343)[0m Processed prompts:  25%|██▌       | 8/32 [03:15<03:29,  8.74s/it, est. speed input: 2.20 toks/s, output: 87.24 toks/s]
[36m(WorkerDict pid=2846342)[0m Processed prompts:  38%|███▊      | 12/32 [03:16<01:24,  4.24s/it, est. speed input: 2.38 toks/s, output: 133.40 toks/s]
[36m(WorkerDict pid=2846343)[0m Processed prompts:  28%|██▊       | 9/32 [03:18<02:41,  7.03s/it, est. speed input: 2.45 toks/s, output: 97.92 toks/s]
[36m(WorkerDict pid=2846342)[0m Processed prompts:  41%|████      | 13/32 [03:20<01:20,  4.23s/it, est. speed input: 2.53 toks/s, output: 142.70 toks/s]
[36m(WorkerDict pid=2846338)[0m Processed prompts:   6%|▋         | 2/32 [03:23<43:18, 86.63s/it, est. speed input: 0.39 toks/s, output: 23.30 toks/s]   
[36m(WorkerDict pid=2846341)[0m Processed prompts:  31%|███▏      | 10/32 [03:22<02:43,  7.41s/it, est. speed input: 3.11 toks/s, output: 108.32 toks/s]
[36m(WorkerDict pid=2846340)[0m Processed prompts:  44%|████▍     | 14/32 [03:24<02:38,  8.78s/it, est. speed input: 3.15 toks/s, output: 132.39 toks/s]
[36m(WorkerDict pid=2846340)[0m Processed prompts:  47%|████▋     | 15/32 [03:27<01:57,  6.93s/it, est. speed input: 3.33 toks/s, output: 142.81 toks/s]
[36m(WorkerDict pid=2846338)[0m Processed prompts:   9%|▉         | 3/32 [03:28<23:52, 49.39s/it, est. speed input: 0.58 toks/s, output: 34.87 toks/s]
[36m(WorkerDict pid=2846338)[0m Processed prompts:  12%|█▎        | 4/32 [03:28<14:00, 30.02s/it, est. speed input: 0.87 toks/s, output: 46.95 toks/s]
[36m(WorkerDict pid=2846342)[0m Processed prompts:  44%|████▍     | 14/32 [03:31<01:50,  6.13s/it, est. speed input: 2.58 toks/s, output: 147.72 toks/s]
[36m(WorkerDict pid=2846338)[0m Processed prompts:  16%|█▌        | 5/32 [03:31<09:03, 20.14s/it, est. speed input: 1.15 toks/s, output: 58.50 toks/s]
[36m(WorkerDict pid=2846342)[0m Processed prompts:  47%|████▋     | 15/32 [03:31<01:16,  4.48s/it, est. speed input: 2.76 toks/s, output: 159.39 toks/s]
[36m(WorkerDict pid=2846339)[0m Processed prompts:  50%|█████     | 16/32 [03:31<02:50, 10.66s/it, est. speed input: 6.35 toks/s, output: 149.12 toks/s]
[36m(WorkerDict pid=2846338)[0m Processed prompts:  19%|█▉        | 6/32 [03:34<06:12, 14.33s/it, est. speed input: 1.32 toks/s, output: 69.81 toks/s]
[36m(WorkerDict pid=2846338)[0m Processed prompts:  22%|██▏       | 7/32 [03:35<04:05,  9.80s/it, est. speed input: 1.51 toks/s, output: 81.80 toks/s]
[36m(WorkerDict pid=2846343)[0m Processed prompts:  31%|███▏      | 10/32 [03:35<03:42, 10.12s/it, est. speed input: 2.40 toks/s, output: 102.33 toks/s]
[36m(WorkerDict pid=2846340)[0m Processed prompts:  50%|█████     | 16/32 [03:37<02:04,  7.77s/it, est. speed input: 3.39 toks/s, output: 148.54 toks/s]
[36m(WorkerDict pid=2846338)[0m Processed prompts:  25%|██▌       | 8/32 [03:37<02:58,  7.43s/it, est. speed input: 1.78 toks/s, output: 93.05 toks/s]
[36m(WorkerDict pid=2846338)[0m Processed prompts:  28%|██▊       | 9/32 [03:37<01:58,  5.16s/it, est. speed input: 2.06 toks/s, output: 105.12 toks/s]
[36m(WorkerDict pid=2846338)[0m Processed prompts:  31%|███▏      | 10/32 [03:37<01:21,  3.69s/it, est. speed input: 2.34 toks/s, output: 117.06 toks/s]
[36m(WorkerDict pid=2846341)[0m Processed prompts:  34%|███▍      | 11/32 [03:38<03:26,  9.83s/it, est. speed input: 3.14 toks/s, output: 112.91 toks/s]
[36m(WorkerDict pid=2846343)[0m Processed prompts:  34%|███▍      | 11/32 [03:41<03:02,  8.68s/it, est. speed input: 2.60 toks/s, output: 111.97 toks/s]
[36m(WorkerDict pid=2846341)[0m Processed prompts:  38%|███▊      | 12/32 [03:41<02:36,  7.83s/it, est. speed input: 3.35 toks/s, output: 123.46 toks/s]
[36m(WorkerDict pid=2846340)[0m Processed prompts:  53%|█████▎    | 17/32 [03:44<01:55,  7.68s/it, est. speed input: 3.54 toks/s, output: 155.75 toks/s]
[36m(WorkerDict pid=2846341)[0m Processed prompts:  41%|████      | 13/32 [03:43<01:55,  6.10s/it, est. speed input: 3.60 toks/s, output: 134.50 toks/s]
[36m(WorkerDict pid=2846342)[0m Processed prompts:  50%|█████     | 16/32 [03:46<02:00,  7.56s/it, est. speed input: 2.72 toks/s, output: 161.19 toks/s]
[36m(WorkerDict pid=2846343)[0m Processed prompts:  38%|███▊      | 12/32 [03:49<02:52,  8.60s/it, est. speed input: 2.75 toks/s, output: 120.03 toks/s]
[36m(WorkerDict pid=2846341)[0m Processed prompts:  44%|████▍     | 14/32 [03:48<01:45,  5.88s/it, est. speed input: 3.80 toks/s, output: 143.55 toks/s]
[36m(WorkerDict pid=2846343)[0m Processed prompts:  41%|████      | 13/32 [03:50<01:57,  6.18s/it, est. speed input: 2.99 toks/s, output: 131.87 toks/s]
[36m(WorkerDict pid=2846341)[0m Processed prompts:  47%|████▋     | 15/32 [03:49<01:14,  4.36s/it, est. speed input: 4.02 toks/s, output: 155.23 toks/s]
[36m(WorkerDict pid=2846343)[0m Processed prompts:  44%|████▍     | 14/32 [03:51<01:24,  4.69s/it, est. speed input: 3.22 toks/s, output: 143.33 toks/s]
[36m(WorkerDict pid=2846343)[0m Processed prompts:  47%|████▋     | 15/32 [03:53<01:05,  3.86s/it, est. speed input: 3.44 toks/s, output: 154.29 toks/s]
[36m(WorkerDict pid=2846338)[0m Processed prompts:  34%|███▍      | 11/32 [03:53<02:32,  7.25s/it, est. speed input: 2.36 toks/s, output: 121.55 toks/s]
[36m(WorkerDict pid=2846338)[0m Processed prompts:  38%|███▊      | 12/32 [03:55<01:52,  5.64s/it, est. speed input: 2.60 toks/s, output: 132.70 toks/s]
[36m(WorkerDict pid=2846341)[0m Processed prompts:  50%|█████     | 16/32 [03:56<01:19,  4.96s/it, est. speed input: 4.18 toks/s, output: 163.28 toks/s]
[36m(WorkerDict pid=2846338)[0m Processed prompts:  41%|████      | 13/32 [04:00<01:44,  5.51s/it, est. speed input: 2.80 toks/s, output: 142.00 toks/s]
[36m(WorkerDict pid=2846338)[0m Processed prompts:  44%|████▍     | 14/32 [04:01<01:13,  4.10s/it, est. speed input: 2.96 toks/s, output: 153.67 toks/s]
[36m(WorkerDict pid=2846341)[0m Processed prompts:  53%|█████▎    | 17/32 [04:02<01:19,  5.31s/it, est. speed input: 4.31 toks/s, output: 171.35 toks/s]
[36m(WorkerDict pid=2846341)[0m Processed prompts:  56%|█████▋    | 18/32 [04:02<00:54,  3.91s/it, est. speed input: 4.52 toks/s, output: 183.12 toks/s]
[36m(WorkerDict pid=2846341)[0m Processed prompts:  59%|█████▉    | 19/32 [04:05<00:44,  3.42s/it, est. speed input: 4.74 toks/s, output: 193.62 toks/s]
[36m(WorkerDict pid=2846341)[0m Processed prompts:  62%|██████▎   | 20/32 [04:06<00:33,  2.77s/it, est. speed input: 4.94 toks/s, output: 204.86 toks/s]
[36m(WorkerDict pid=2846338)[0m Processed prompts:  47%|████▋     | 15/32 [04:07<01:21,  4.77s/it, est. speed input: 3.04 toks/s, output: 161.94 toks/s]
[36m(WorkerDict pid=2846342)[0m Processed prompts:  53%|█████▎    | 17/32 [04:10<03:07, 12.47s/it, est. speed input: 2.58 toks/s, output: 157.98 toks/s]
[36m(WorkerDict pid=2846341)[0m Processed prompts:  66%|██████▌   | 21/32 [04:09<00:31,  2.87s/it, est. speed input: 5.10 toks/s, output: 214.53 toks/s]
[36m(WorkerDict pid=2846341)[0m Processed prompts:  69%|██████▉   | 22/32 [04:09<00:20,  2.10s/it, est. speed input: 5.35 toks/s, output: 226.51 toks/s]
[36m(WorkerDict pid=2846342)[0m Processed prompts:  56%|█████▋    | 18/32 [04:11<02:08,  9.16s/it, est. speed input: 2.72 toks/s, output: 169.25 toks/s]
[36m(WorkerDict pid=2846338)[0m Processed prompts:  50%|█████     | 16/32 [04:11<01:12,  4.55s/it, est. speed input: 3.15 toks/s, output: 171.54 toks/s]
[36m(WorkerDict pid=2846341)[0m Processed prompts:  72%|███████▏  | 23/32 [04:12<00:20,  2.31s/it, est. speed input: 5.51 toks/s, output: 236.22 toks/s]
[36m(WorkerDict pid=2846338)[0m Processed prompts:  53%|█████▎    | 17/32 [04:14<01:01,  4.09s/it, est. speed input: 3.36 toks/s, output: 181.70 toks/s]
[36m(WorkerDict pid=2846338)[0m Processed prompts:  56%|█████▋    | 18/32 [04:16<00:47,  3.37s/it, est. speed input: 3.58 toks/s, output: 192.69 toks/s]
[36m(WorkerDict pid=2846341)[0m Processed prompts:  75%|███████▌  | 24/32 [04:15<00:20,  2.61s/it, est. speed input: 5.68 toks/s, output: 245.41 toks/s]
[36m(WorkerDict pid=2846338)[0m Processed prompts:  59%|█████▉    | 19/32 [04:17<00:33,  2.59s/it, est. speed input: 3.81 toks/s, output: 204.31 toks/s]
[36m(WorkerDict pid=2846341)[0m Processed prompts:  78%|███████▊  | 25/32 [04:16<00:13,  1.99s/it, est. speed input: 5.89 toks/s, output: 257.11 toks/s]
[36m(WorkerDict pid=2846338)[0m Processed prompts:  62%|██████▎   | 20/32 [04:18<00:25,  2.13s/it, est. speed input: 4.04 toks/s, output: 215.67 toks/s]
[36m(WorkerDict pid=2846340)[0m Processed prompts:  56%|█████▋    | 18/32 [04:20<03:48, 16.32s/it, est. speed input: 3.27 toks/s, output: 146.19 toks/s]
[36m(WorkerDict pid=2846342)[0m Processed prompts:  59%|█████▉    | 19/32 [04:23<02:09,  9.97s/it, est. speed input: 2.72 toks/s, output: 173.83 toks/s]
[36m(WorkerDict pid=2846339)[0m Processed prompts:  53%|█████▎    | 17/32 [04:23<05:45, 23.06s/it, est. speed input: 5.29 toks/s, output: 131.78 toks/s]
[36m(WorkerDict pid=2846338)[0m Processed prompts:  66%|██████▌   | 21/32 [04:27<00:45,  4.16s/it, est. speed input: 4.13 toks/s, output: 220.71 toks/s]
[36m(WorkerDict pid=2846341)[0m Processed prompts:  81%|████████▏ | 26/32 [04:27<00:27,  4.57s/it, est. speed input: 5.86 toks/s, output: 259.17 toks/s]
[36m(WorkerDict pid=2846341)[0m Processed prompts:  84%|████████▍ | 27/32 [04:27<00:16,  3.28s/it, est. speed input: 6.06 toks/s, output: 271.17 toks/s]
[36m(WorkerDict pid=2846338)[0m Processed prompts:  69%|██████▉   | 22/32 [04:33<00:48,  4.88s/it, est. speed input: 4.26 toks/s, output: 227.63 toks/s]
[36m(WorkerDict pid=2846339)[0m Processed prompts:  56%|█████▋    | 18/32 [04:35<04:36, 19.75s/it, est. speed input: 5.25 toks/s, output: 138.31 toks/s]
[36m(WorkerDict pid=2846338)[0m Processed prompts:  72%|███████▏  | 23/32 [04:37<00:42,  4.68s/it, est. speed input: 4.34 toks/s, output: 236.41 toks/s]
[36m(WorkerDict pid=2846338)[0m Processed prompts:  75%|███████▌  | 24/32 [04:38<00:27,  3.49s/it, est. speed input: 4.47 toks/s, output: 248.01 toks/s]
[36m(WorkerDict pid=2846338)[0m Processed prompts:  78%|███████▊  | 25/32 [04:39<00:18,  2.67s/it, est. speed input: 4.68 toks/s, output: 259.55 toks/s]
[36m(WorkerDict pid=2846338)[0m Processed prompts:  81%|████████▏ | 26/32 [04:41<00:14,  2.37s/it, est. speed input: 4.88 toks/s, output: 270.24 toks/s]
[36m(WorkerDict pid=2846342)[0m Processed prompts:  62%|██████▎   | 20/32 [04:43<02:33, 12.81s/it, est. speed input: 2.64 toks/s, output: 174.12 toks/s]
[36m(WorkerDict pid=2846339)[0m Processed prompts:  59%|█████▉    | 19/32 [04:42<03:26, 15.91s/it, est. speed input: 5.31 toks/s, output: 147.17 toks/s]
[36m(WorkerDict pid=2846339)[0m Processed prompts:  62%|██████▎   | 20/32 [04:44<02:19, 11.67s/it, est. speed input: 5.47 toks/s, output: 158.52 toks/s]
[36m(WorkerDict pid=2846338)[0m Processed prompts:  84%|████████▍ | 27/32 [04:45<00:15,  3.02s/it, est. speed input: 5.01 toks/s, output: 278.15 toks/s]
[36m(WorkerDict pid=2846343)[0m Processed prompts:  50%|█████     | 16/32 [04:46<04:57, 18.61s/it, est. speed input: 2.91 toks/s, output: 138.01 toks/s]
[36m(WorkerDict pid=2846338)[0m Processed prompts:  88%|████████▊ | 28/32 [04:46<00:09,  2.31s/it, est. speed input: 5.14 toks/s, output: 289.73 toks/s]
[36m(WorkerDict pid=2846342)[0m Processed prompts:  66%|██████▌   | 21/32 [04:48<01:57, 10.66s/it, est. speed input: 2.70 toks/s, output: 182.94 toks/s]
[36m(WorkerDict pid=2846343)[0m Processed prompts:  53%|█████▎    | 17/32 [04:49<03:28, 13.89s/it, est. speed input: 2.99 toks/s, output: 148.85 toks/s]
[36m(WorkerDict pid=2846343)[0m Processed prompts:  56%|█████▋    | 18/32 [04:49<02:17,  9.84s/it, est. speed input: 3.18 toks/s, output: 160.88 toks/s]
[36m(WorkerDict pid=2846341)[0m Processed prompts:  88%|████████▊ | 28/32 [04:50<00:37,  9.27s/it, est. speed input: 5.76 toks/s, output: 261.73 toks/s]
[36m(WorkerDict pid=2846340)[0m Processed prompts:  59%|█████▉    | 19/32 [04:53<04:36, 21.25s/it, est. speed input: 3.11 toks/s, output: 142.12 toks/s]
[36m(WorkerDict pid=2846339)[0m Processed prompts:  66%|██████▌   | 21/32 [04:53<01:58, 10.75s/it, est. speed input: 5.49 toks/s, output: 166.11 toks/s]
[36m(WorkerDict pid=2846343)[0m Processed prompts:  59%|█████▉    | 19/32 [04:53<01:46,  8.18s/it, est. speed input: 3.33 toks/s, output: 170.74 toks/s]
[36m(WorkerDict pid=2846339)[0m Processed prompts:  69%|██████▉   | 22/32 [04:55<01:22,  8.22s/it, est. speed input: 5.62 toks/s, output: 177.07 toks/s]
[36m(WorkerDict pid=2846338)[0m Processed prompts:  91%|█████████ | 29/32 [04:56<00:14,  4.73s/it, est. speed input: 5.10 toks/s, output: 291.85 toks/s]
[36m(WorkerDict pid=2846343)[0m Processed prompts:  62%|██████▎   | 20/32 [04:56<01:19,  6.64s/it, est. speed input: 3.40 toks/s, output: 181.22 toks/s]
[36m(WorkerDict pid=2846338)[0m Processed prompts:  94%|█████████▍| 30/32 [04:57<00:06,  3.46s/it, est. speed input: 5.22 toks/s, output: 303.60 toks/s]
[36m(WorkerDict pid=2846343)[0m Processed prompts:  66%|██████▌   | 21/32 [04:59<00:59,  5.43s/it, est. speed input: 3.48 toks/s, output: 191.87 toks/s]
[36m(WorkerDict pid=2846343)[0m Processed prompts:  69%|██████▉   | 22/32 [05:01<00:43,  4.40s/it, est. speed input: 3.56 toks/s, output: 202.83 toks/s]
[36m(WorkerDict pid=2846342)[0m Processed prompts:  69%|██████▉   | 22/32 [05:04<02:00, 12.02s/it, est. speed input: 2.66 toks/s, output: 186.01 toks/s]
[36m(WorkerDict pid=2846342)[0m Processed prompts:  72%|███████▏  | 23/32 [05:06<01:21,  9.07s/it, est. speed input: 2.75 toks/s, output: 196.91 toks/s]
[36m(WorkerDict pid=2846343)[0m Processed prompts:  72%|███████▏  | 23/32 [05:06<00:40,  4.47s/it, est. speed input: 3.60 toks/s, output: 212.00 toks/s]
[36m(WorkerDict pid=2846339)[0m Processed prompts:  72%|███████▏  | 23/32 [05:06<01:20,  8.99s/it, est. speed input: 5.60 toks/s, output: 183.09 toks/s]
[36m(WorkerDict pid=2846339)[0m Processed prompts:  75%|███████▌  | 24/32 [05:08<00:54,  6.85s/it, est. speed input: 5.74 toks/s, output: 194.25 toks/s]
[36m(WorkerDict pid=2846341)[0m Processed prompts:  91%|█████████ | 29/32 [05:10<00:37, 12.43s/it, est. speed input: 5.57 toks/s, output: 257.31 toks/s]
[36m(WorkerDict pid=2846339)[0m Processed prompts:  78%|███████▊  | 25/32 [05:14<00:46,  6.68s/it, est. speed input: 5.79 toks/s, output: 202.62 toks/s]
[36m(WorkerDict pid=2846338)[0m Processed prompts:  97%|█████████▋| 31/32 [05:14<00:07,  7.74s/it, est. speed input: 5.06 toks/s, output: 298.72 toks/s]
[36m(WorkerDict pid=2846343)[0m Processed prompts:  75%|███████▌  | 24/32 [05:16<00:49,  6.21s/it, est. speed input: 3.58 toks/s, output: 217.35 toks/s]
[36m(WorkerDict pid=2846340)[0m Processed prompts:  62%|██████▎   | 20/32 [05:20<04:33, 22.81s/it, est. speed input: 3.04 toks/s, output: 142.60 toks/s]
[36m(WorkerDict pid=2846342)[0m Processed prompts:  75%|███████▌  | 24/32 [05:22<01:28, 11.08s/it, est. speed input: 2.71 toks/s, output: 199.50 toks/s]
[36m(WorkerDict pid=2846344)[0m Processed prompts:  53%|█████▎    | 17/32 [05:23<11:10, 44.71s/it, est. speed input: 3.14 toks/s, output: 102.91 toks/s]
[36m(WorkerDict pid=2846340)[0m Processed prompts:  66%|██████▌   | 21/32 [05:24<03:08, 17.15s/it, est. speed input: 3.18 toks/s, output: 153.10 toks/s]
[36m(WorkerDict pid=2846339)[0m Processed prompts:  81%|████████▏ | 26/32 [05:23<00:45,  7.53s/it, est. speed input: 5.79 toks/s, output: 208.92 toks/s]
[36m(WorkerDict pid=2846338)[0m Processed prompts: 100%|██████████| 32/32 [05:26<00:00,  9.02s/it, est. speed input: 4.99 toks/s, output: 300.01 toks/s]Processed prompts: 100%|██████████| 32/32 [05:26<00:00,  9.02s/it, est. speed input: 4.99 toks/s, output: 300.01 toks/s]
[36m(WorkerDict pid=2846339)[0m Processed prompts:  84%|████████▍ | 27/32 [05:31<00:37,  7.51s/it, est. speed input: 5.81 toks/s, output: 216.46 toks/s]
[36m(WorkerDict pid=2846340)[0m Processed prompts:  69%|██████▉   | 22/32 [05:33<02:27, 14.79s/it, est. speed input: 3.27 toks/s, output: 161.07 toks/s]
[36m(WorkerDict pid=2846339)[0m Processed prompts:  88%|████████▊ | 28/32 [05:32<00:22,  5.67s/it, est. speed input: 5.95 toks/s, output: 227.82 toks/s]
[36m(WorkerDict pid=2846340)[0m Processed prompts:  72%|███████▏  | 23/32 [05:35<01:39, 11.06s/it, est. speed input: 3.42 toks/s, output: 172.16 toks/s]
[36m(WorkerDict pid=2846340)[0m Processed prompts:  75%|███████▌  | 24/32 [05:35<01:02,  7.81s/it, est. speed input: 3.60 toks/s, output: 184.28 toks/s]
[36m(WorkerDict pid=2846339)[0m Processed prompts:  91%|█████████ | 29/32 [05:35<00:14,  4.75s/it, est. speed input: 6.06 toks/s, output: 238.32 toks/s]
[36m(WorkerDict pid=2846340)[0m Processed prompts:  78%|███████▊  | 25/32 [05:40<00:47,  6.79s/it, est. speed input: 3.72 toks/s, output: 194.12 toks/s]
[36m(WorkerDict pid=2846340)[0m Processed prompts:  84%|████████▍ | 27/32 [05:41<00:19,  4.00s/it, est. speed input: 4.05 toks/s, output: 217.70 toks/s]
[36m(WorkerDict pid=2846343)[0m Processed prompts:  78%|███████▊  | 25/32 [05:42<01:26, 12.29s/it, est. speed input: 3.40 toks/s, output: 212.81 toks/s]
[36m(WorkerDict pid=2846342)[0m Processed prompts:  78%|███████▊  | 25/32 [05:44<01:40, 14.40s/it, est. speed input: 2.62 toks/s, output: 198.90 toks/s]
[36m(WorkerDict pid=2846340)[0m Processed prompts:  88%|████████▊ | 28/32 [05:49<00:19,  4.89s/it, est. speed input: 4.13 toks/s, output: 225.20 toks/s]
[36m(WorkerDict pid=2846343)[0m Processed prompts:  81%|████████▏ | 26/32 [05:49<01:03, 10.53s/it, est. speed input: 3.42 toks/s, output: 221.15 toks/s]
[36m(WorkerDict pid=2846342)[0m Processed prompts:  81%|████████▏ | 26/32 [05:53<01:16, 12.73s/it, est. speed input: 2.65 toks/s, output: 206.16 toks/s]
[36m(WorkerDict pid=2846340)[0m Processed prompts:  91%|█████████ | 29/32 [05:53<00:14,  4.75s/it, est. speed input: 4.25 toks/s, output: 234.69 toks/s]
[36m(WorkerDict pid=2846340)[0m Processed prompts:  94%|█████████▍| 30/32 [05:56<00:08,  4.16s/it, est. speed input: 4.38 toks/s, output: 245.22 toks/s]
[36m(WorkerDict pid=2846352)[0m Processed prompts:   3%|▎         | 1/32 [05:56<3:04:00, 356.15s/it, est. speed input: 0.19 toks/s, output: 12.29 toks/s]
[36m(WorkerDict pid=2846339)[0m Processed prompts:  94%|█████████▍| 30/32 [05:56<00:19,  9.76s/it, est. speed input: 5.85 toks/s, output: 236.26 toks/s]
[36m(WorkerDict pid=2846342)[0m Processed prompts:  84%|████████▍ | 27/32 [05:57<00:51, 10.31s/it, est. speed input: 2.70 toks/s, output: 215.72 toks/s]
[36m(WorkerDict pid=2846343)[0m Processed prompts:  84%|████████▍ | 27/32 [05:59<00:51, 10.36s/it, est. speed input: 3.49 toks/s, output: 227.27 toks/s]
[36m(WorkerDict pid=2846347)[0m Processed prompts:   3%|▎         | 1/32 [06:05<3:08:51, 365.52s/it, est. speed input: 0.36 toks/s, output: 12.22 toks/s]
[36m(WorkerDict pid=2846341)[0m Processed prompts:  94%|█████████▍| 30/32 [06:06<00:51, 25.51s/it, est. speed input: 4.90 toks/s, output: 230.21 toks/s]
[36m(WorkerDict pid=2846343)[0m Processed prompts:  88%|████████▊ | 28/32 [06:12<00:44, 11.11s/it, est. speed input: 3.45 toks/s, output: 231.64 toks/s]
[36m(WorkerDict pid=2846342)[0m Processed prompts:  88%|████████▊ | 28/32 [06:16<00:51, 12.86s/it, est. speed input: 2.65 toks/s, output: 217.16 toks/s]
[36m(WorkerDict pid=2846340)[0m Processed prompts:  97%|█████████▋| 31/32 [06:17<00:09,  9.04s/it, est. speed input: 4.29 toks/s, output: 243.43 toks/s]
[36m(WorkerDict pid=2846349)[0m Processed prompts:   3%|▎         | 1/32 [06:16<3:14:41, 376.84s/it, est. speed input: 0.14 toks/s, output: 12.25 toks/s]
[36m(WorkerDict pid=2846352)[0m Processed prompts:   6%|▋         | 2/32 [06:18<1:19:45, 159.53s/it, est. speed input: 0.37 toks/s, output: 23.83 toks/s]
[36m(WorkerDict pid=2846343)[0m Processed prompts:  91%|█████████ | 29/32 [06:21<00:31, 10.47s/it, est. speed input: 3.45 toks/s, output: 238.41 toks/s]
[36m(WorkerDict pid=2846339)[0m Processed prompts:  97%|█████████▋| 31/32 [06:20<00:14, 14.04s/it, est. speed input: 5.62 toks/s, output: 233.61 toks/s]
[36m(WorkerDict pid=2846343)[0m Processed prompts:  94%|█████████▍| 30/32 [06:21<00:14,  7.49s/it, est. speed input: 3.53 toks/s, output: 250.30 toks/s]
[36m(WorkerDict pid=2846342)[0m Processed prompts:  91%|█████████ | 29/32 [06:24<00:34, 11.47s/it, est. speed input: 2.67 toks/s, output: 224.73 toks/s]
[36m(WorkerDict pid=2846340)[0m Processed prompts: 100%|██████████| 32/32 [06:25<00:00,  8.62s/it, est. speed input: 4.36 toks/s, output: 250.87 toks/s]Processed prompts: 100%|██████████| 32/32 [06:25<00:00,  8.62s/it, est. speed input: 4.36 toks/s, output: 250.87 toks/s]
[36m(WorkerDict pid=2846352)[0m Processed prompts:   9%|▉         | 3/32 [06:28<44:17, 91.63s/it, est. speed input: 0.53 toks/s, output: 35.45 toks/s]   
[36m(WorkerDict pid=2846344)[0m Processed prompts:  56%|█████▋    | 18/32 [06:31<12:06, 51.89s/it, est. speed input: 2.65 toks/s, output: 97.13 toks/s] 
[36m(WorkerDict pid=2846341)[0m Processed prompts:  97%|█████████▋| 31/32 [06:30<00:25, 25.10s/it, est. speed input: 4.73 toks/s, output: 228.26 toks/s]
[36m(WorkerDict pid=2846344)[0m Processed prompts:  59%|█████▉    | 19/32 [06:33<07:59, 36.86s/it, est. speed input: 2.70 toks/s, output: 108.92 toks/s]
[36m(WorkerDict pid=2846349)[0m Processed prompts:   6%|▋         | 2/32 [06:32<1:22:13, 164.45s/it, est. speed input: 0.44 toks/s, output: 24.05 toks/s]
[36m(WorkerDict pid=2846347)[0m Processed prompts:   6%|▋         | 2/32 [06:37<1:24:33, 169.13s/it, est. speed input: 0.67 toks/s, output: 23.53 toks/s]
[36m(WorkerDict pid=2846344)[0m Processed prompts:  62%|██████▎   | 20/32 [06:38<05:27, 27.27s/it, est. speed input: 2.72 toks/s, output: 119.84 toks/s]
[36m(WorkerDict pid=2846343)[0m Processed prompts:  97%|█████████▋| 31/32 [06:42<00:11, 11.47s/it, est. speed input: 3.42 toks/s, output: 249.66 toks/s]
[36m(WorkerDict pid=2846349)[0m Processed prompts:   9%|▉         | 3/32 [06:43<45:37, 94.38s/it, est. speed input: 0.55 toks/s, output: 35.69 toks/s]   
[36m(WorkerDict pid=2846344)[0m Processed prompts:  66%|██████▌   | 21/32 [06:46<03:57, 21.56s/it, est. speed input: 2.72 toks/s, output: 129.68 toks/s]
[36m(WorkerDict pid=2846352)[0m Processed prompts:  12%|█▎        | 4/32 [06:47<29:19, 62.85s/it, est. speed input: 0.68 toks/s, output: 46.13 toks/s]
[36m(WorkerDict pid=2846342)[0m Processed prompts:  94%|█████████▍| 30/32 [06:49<00:30, 15.37s/it, est. speed input: 2.59 toks/s, output: 223.57 toks/s]
[36m(WorkerDict pid=2846346)[0m Processed prompts:   3%|▎         | 1/32 [06:49<3:31:19, 409.03s/it, est. speed input: 0.30 toks/s, output: 12.32 toks/s]
[36m(WorkerDict pid=2846345)[0m Processed prompts:  53%|█████▎    | 17/32 [06:52<18:28, 73.87s/it, est. speed input: 2.06 toks/s, output: 69.82 toks/s] 
[36m(WorkerDict pid=2846352)[0m Processed prompts:  16%|█▌        | 5/32 [06:52<18:52, 41.96s/it, est. speed input: 0.84 toks/s, output: 57.89 toks/s]
[36m(WorkerDict pid=2846344)[0m Processed prompts:  69%|██████▉   | 22/32 [06:54<02:54, 17.41s/it, est. speed input: 2.73 toks/s, output: 139.54 toks/s]
[36m(WorkerDict pid=2846352)[0m Processed prompts:  19%|█▉        | 6/32 [06:58<12:51, 29.66s/it, est. speed input: 0.99 toks/s, output: 69.41 toks/s]
[36m(WorkerDict pid=2846341)[0m Processed prompts: 100%|██████████| 32/32 [06:58<00:00, 26.03s/it, est. speed input: 4.55 toks/s, output: 225.21 toks/s]Processed prompts: 100%|██████████| 32/32 [06:58<00:00, 26.03s/it, est. speed input: 4.55 toks/s, output: 225.21 toks/s]
[36m(WorkerDict pid=2846344)[0m Processed prompts:  72%|███████▏  | 23/32 [07:00<02:06, 14.03s/it, est. speed input: 2.74 toks/s, output: 149.79 toks/s]
[36m(WorkerDict pid=2846344)[0m Processed prompts:  75%|███████▌  | 24/32 [07:03<01:26, 10.76s/it, est. speed input: 2.78 toks/s, output: 160.98 toks/s]
[36m(WorkerDict pid=2846346)[0m Processed prompts:   6%|▋         | 2/32 [07:03<1:28:20, 176.68s/it, est. speed input: 0.58 toks/s, output: 24.26 toks/s]
[36m(WorkerDict pid=2846349)[0m Processed prompts:  12%|█▎        | 4/32 [07:04<30:32, 65.46s/it, est. speed input: 0.65 toks/s, output: 46.25 toks/s]
[36m(WorkerDict pid=2846344)[0m Processed prompts:  78%|███████▊  | 25/32 [07:06<00:58,  8.38s/it, est. speed input: 2.81 toks/s, output: 172.21 toks/s]
[36m(WorkerDict pid=2846345)[0m Processed prompts:  56%|█████▋    | 18/32 [07:06<13:19, 57.12s/it, est. speed input: 2.11 toks/s, output: 79.81 toks/s]
[36m(WorkerDict pid=2846349)[0m Processed prompts:  16%|█▌        | 5/32 [07:08<19:29, 43.32s/it, est. speed input: 0.77 toks/s, output: 58.16 toks/s]
[36m(WorkerDict pid=2846343)[0m Processed prompts: 100%|██████████| 32/32 [07:10<00:00, 16.44s/it, est. speed input: 3.27 toks/s, output: 245.73 toks/s]Processed prompts: 100%|██████████| 32/32 [07:10<00:00, 16.44s/it, est. speed input: 3.27 toks/s, output: 245.73 toks/s]
[36m(WorkerDict pid=2846349)[0m Processed prompts:  19%|█▉        | 6/32 [07:10<12:36, 29.11s/it, est. speed input: 0.89 toks/s, output: 70.31 toks/s]
[36m(WorkerDict pid=2846339)[0m Processed prompts: 100%|██████████| 32/32 [07:11<00:00, 25.07s/it, est. speed input: 5.08 toks/s, output: 218.44 toks/s]Processed prompts: 100%|██████████| 32/32 [07:11<00:00, 25.07s/it, est. speed input: 5.08 toks/s, output: 218.44 toks/s]
[36m(WorkerDict pid=2846345)[0m Processed prompts:  59%|█████▉    | 19/32 [07:16<09:27, 43.63s/it, est. speed input: 2.18 toks/s, output: 90.32 toks/s]
[36m(WorkerDict pid=2846352)[0m Processed prompts:  22%|██▏       | 7/32 [07:16<10:46, 25.84s/it, est. speed input: 1.11 toks/s, output: 78.92 toks/s]
[36m(WorkerDict pid=2846347)[0m Processed prompts:   9%|▉         | 3/32 [07:17<53:22, 110.42s/it, est. speed input: 0.91 toks/s, output: 33.69 toks/s]  
[36m(WorkerDict pid=2846347)[0m Processed prompts:  12%|█▎        | 4/32 [07:17<31:12, 66.89s/it, est. speed input: 1.21 toks/s, output: 46.02 toks/s] 
[36m(WorkerDict pid=2846348)[0m Processed prompts:   3%|▎         | 1/32 [07:18<3:46:34, 438.52s/it, est. speed input: 0.12 toks/s, output: 12.34 toks/s]
[36m(WorkerDict pid=2846342)[0m Processed prompts:  97%|█████████▋| 31/32 [07:21<00:20, 20.58s/it, est. speed input: 2.46 toks/s, output: 219.36 toks/s]
[36m(WorkerDict pid=2846351)[0m Processed prompts:   3%|▎         | 1/32 [07:21<3:47:51, 441.02s/it, est. speed input: 0.26 toks/s, output: 12.37 toks/s]
[36m(WorkerDict pid=2846352)[0m Processed prompts:  25%|██▌       | 8/32 [07:24<08:07, 20.30s/it, est. speed input: 1.24 toks/s, output: 89.82 toks/s]
[36m(WorkerDict pid=2846347)[0m Processed prompts:  16%|█▌        | 5/32 [07:25<20:28, 45.48s/it, est. speed input: 1.49 toks/s, output: 57.62 toks/s]
[36m(WorkerDict pid=2846346)[0m Processed prompts:   9%|▉         | 3/32 [07:25<51:24, 106.35s/it, est. speed input: 0.83 toks/s, output: 35.45 toks/s]  
[36m(WorkerDict pid=2846349)[0m Processed prompts:  22%|██▏       | 7/32 [07:26<10:22, 24.88s/it, est. speed input: 0.98 toks/s, output: 80.17 toks/s]
[36m(WorkerDict pid=2846348)[0m Processed prompts:   6%|▋         | 2/32 [07:28<1:33:19, 186.65s/it, est. speed input: 0.23 toks/s, output: 24.46 toks/s]
[36m(WorkerDict pid=2846348)[0m Processed prompts:   9%|▉         | 3/32 [07:29<49:10, 101.75s/it, est. speed input: 0.34 toks/s, output: 36.82 toks/s]  
[36m(WorkerDict pid=2846344)[0m Processed prompts:  81%|████████▏ | 26/32 [07:30<01:17, 12.93s/it, est. speed input: 2.72 toks/s, output: 175.60 toks/s]
[36m(WorkerDict pid=2846344)[0m Processed prompts:  84%|████████▍ | 27/32 [07:30<00:46,  9.28s/it, est. speed input: 2.76 toks/s, output: 187.70 toks/s]
[36m(WorkerDict pid=2846352)[0m Processed prompts:  28%|██▊       | 9/32 [07:32<06:18, 16.46s/it, est. speed input: 1.37 toks/s, output: 100.67 toks/s]
[36m(WorkerDict pid=2846347)[0m Processed prompts:  19%|█▉        | 6/32 [07:34<14:18, 33.02s/it, est. speed input: 1.76 toks/s, output: 68.93 toks/s]
[36m(WorkerDict pid=2846347)[0m Processed prompts:  22%|██▏       | 7/32 [07:35<09:24, 22.59s/it, est. speed input: 2.04 toks/s, output: 81.19 toks/s]
[36m(WorkerDict pid=2846349)[0m Processed prompts:  25%|██▌       | 8/32 [07:35<07:54, 19.79s/it, est. speed input: 1.07 toks/s, output: 91.06 toks/s]
[36m(WorkerDict pid=2846347)[0m Processed prompts:  25%|██▌       | 8/32 [07:36<06:16, 15.67s/it, est. speed input: 2.33 toks/s, output: 93.47 toks/s]
[36m(WorkerDict pid=2846344)[0m Processed prompts:  88%|████████▊ | 28/32 [07:39<00:36,  9.19s/it, est. speed input: 2.76 toks/s, output: 196.47 toks/s]
[36m(WorkerDict pid=2846347)[0m Processed prompts:  28%|██▊       | 9/32 [07:40<04:37, 12.06s/it, est. speed input: 2.60 toks/s, output: 105.09 toks/s]
[36m(WorkerDict pid=2846349)[0m Processed prompts:  28%|██▊       | 9/32 [07:39<05:45, 15.03s/it, est. speed input: 1.18 toks/s, output: 102.62 toks/s]
[36m(WorkerDict pid=2846352)[0m Processed prompts:  31%|███▏      | 10/32 [07:40<05:03, 13.80s/it, est. speed input: 1.50 toks/s, output: 111.42 toks/s]
[36m(WorkerDict pid=2846346)[0m Processed prompts:  12%|█▎        | 4/32 [07:44<33:29, 71.77s/it, est. speed input: 0.93 toks/s, output: 46.50 toks/s] 
[36m(WorkerDict pid=2846347)[0m Processed prompts:  31%|███▏      | 10/32 [07:47<03:51, 10.54s/it, est. speed input: 2.85 toks/s, output: 115.94 toks/s]
[36m(WorkerDict pid=2846345)[0m Processed prompts:  62%|██████▎   | 20/32 [07:48<08:03, 40.26s/it, est. speed input: 2.14 toks/s, output: 96.60 toks/s]
[36m(WorkerDict pid=2846351)[0m Processed prompts:   6%|▋         | 2/32 [07:48<1:38:47, 197.59s/it, est. speed input: 0.49 toks/s, output: 24.12 toks/s]
[36m(WorkerDict pid=2846346)[0m Processed prompts:  16%|█▌        | 5/32 [07:50<21:35, 47.99s/it, est. speed input: 1.18 toks/s, output: 58.42 toks/s]
[36m(WorkerDict pid=2846349)[0m Processed prompts:  31%|███▏      | 10/32 [07:51<05:04, 13.83s/it, est. speed input: 1.26 toks/s, output: 112.69 toks/s]
[36m(WorkerDict pid=2846346)[0m Processed prompts:  22%|██▏       | 7/32 [07:50<09:54, 23.79s/it, est. speed input: 1.46 toks/s, output: 83.33 toks/s]
[36m(WorkerDict pid=2846352)[0m Processed prompts:  34%|███▍      | 11/32 [07:52<04:36, 13.16s/it, est. speed input: 1.61 toks/s, output: 121.15 toks/s]
[36m(WorkerDict pid=2846346)[0m Processed prompts:  25%|██▌       | 8/32 [07:53<07:15, 18.13s/it, est. speed input: 1.71 toks/s, output: 95.40 toks/s]
[36m(WorkerDict pid=2846344)[0m Processed prompts:  91%|█████████ | 29/32 [07:56<00:33, 11.32s/it, est. speed input: 2.71 toks/s, output: 202.22 toks/s]
[36m(WorkerDict pid=2846346)[0m Processed prompts:  28%|██▊       | 9/32 [07:56<05:18, 13.85s/it, est. speed input: 1.84 toks/s, output: 107.40 toks/s]
[36m(WorkerDict pid=2846347)[0m Processed prompts:  34%|███▍      | 11/32 [07:57<03:37, 10.35s/it, est. speed input: 3.06 toks/s, output: 126.02 toks/s]
[36m(WorkerDict pid=2846348)[0m Processed prompts:  12%|█▎        | 4/32 [07:58<34:01, 72.91s/it, est. speed input: 0.51 toks/s, output: 47.11 toks/s] 
[36m(WorkerDict pid=2846344)[0m Processed prompts:  94%|█████████▍| 30/32 [08:02<00:19,  9.79s/it, est. speed input: 2.72 toks/s, output: 212.11 toks/s]
[36m(WorkerDict pid=2846345)[0m Processed prompts:  66%|██████▌   | 21/32 [08:02<05:58, 32.60s/it, est. speed input: 2.18 toks/s, output: 106.27 toks/s]
[36m(WorkerDict pid=2846348)[0m Processed prompts:  16%|█▌        | 5/32 [08:02<21:40, 48.17s/it, est. speed input: 0.61 toks/s, output: 59.19 toks/s]
[36m(WorkerDict pid=2846351)[0m Processed prompts:   9%|▉         | 3/32 [08:02<55:04, 113.94s/it, est. speed input: 0.71 toks/s, output: 35.92 toks/s]  
[36m(WorkerDict pid=2846345)[0m Processed prompts:  69%|██████▉   | 22/32 [08:03<03:53, 23.35s/it, est. speed input: 2.27 toks/s, output: 118.50 toks/s]
[36m(WorkerDict pid=2846347)[0m Processed prompts:  38%|███▊      | 12/32 [08:04<03:06,  9.32s/it, est. speed input: 3.30 toks/s, output: 136.73 toks/s]
[36m(WorkerDict pid=2846352)[0m Processed prompts:  38%|███▊      | 12/32 [08:04<04:15, 12.77s/it, est. speed input: 1.71 toks/s, output: 130.72 toks/s]
[36m(WorkerDict pid=2846349)[0m Processed prompts:  34%|███▍      | 11/32 [08:05<04:51, 13.88s/it, est. speed input: 1.34 toks/s, output: 121.98 toks/s]
[36m(WorkerDict pid=2846342)[0m Processed prompts: 100%|██████████| 32/32 [08:06<00:00, 27.87s/it, est. speed input: 2.30 toks/s, output: 211.65 toks/s]Processed prompts: 100%|██████████| 32/32 [08:06<00:00, 27.87s/it, est. speed input: 2.30 toks/s, output: 211.65 toks/s]
[36m(WorkerDict pid=2846353)[0m Processed prompts:   3%|▎         | 1/32 [08:06<4:11:13, 486.25s/it, est. speed input: 0.13 toks/s, output: 12.54 toks/s]
[36m(WorkerDict pid=2846348)[0m Processed prompts:  19%|█▉        | 6/32 [08:11<15:09, 34.96s/it, est. speed input: 0.78 toks/s, output: 70.62 toks/s]
[36m(WorkerDict pid=2846351)[0m Processed prompts:  12%|█▎        | 4/32 [08:12<33:58, 72.80s/it, est. speed input: 0.93 toks/s, output: 47.77 toks/s] 
[36m(WorkerDict pid=2846349)[0m Processed prompts:  38%|███▊      | 12/32 [08:12<04:00, 12.02s/it, est. speed input: 1.55 toks/s, output: 132.64 toks/s]
[36m(WorkerDict pid=2846346)[0m Processed prompts:  31%|███▏      | 10/32 [08:13<05:26, 14.84s/it, est. speed input: 1.91 toks/s, output: 116.21 toks/s]
[36m(WorkerDict pid=2846347)[0m Processed prompts:  41%|████      | 13/32 [08:16<03:13, 10.16s/it, est. speed input: 3.48 toks/s, output: 145.98 toks/s]
[36m(WorkerDict pid=2846349)[0m Processed prompts:  41%|████      | 13/32 [08:16<02:59,  9.47s/it, est. speed input: 1.78 toks/s, output: 144.27 toks/s]
[36m(WorkerDict pid=2846347)[0m Processed prompts:  44%|████▍     | 14/32 [08:19<02:24,  8.01s/it, est. speed input: 3.73 toks/s, output: 157.68 toks/s]
[36m(WorkerDict pid=2846352)[0m Processed prompts:  41%|████      | 13/32 [08:19<04:17, 13.57s/it, est. speed input: 1.80 toks/s, output: 139.30 toks/s]
[36m(WorkerDict pid=2846345)[0m Processed prompts:  72%|███████▏  | 23/32 [08:20<03:13, 21.52s/it, est. speed input: 2.30 toks/s, output: 127.03 toks/s]
[36m(WorkerDict pid=2846345)[0m Processed prompts:  75%|███████▌  | 24/32 [08:22<02:04, 15.52s/it, est. speed input: 2.39 toks/s, output: 139.28 toks/s]
[36m(WorkerDict pid=2846346)[0m Processed prompts:  34%|███▍      | 11/32 [08:21<04:31, 12.92s/it, est. speed input: 2.12 toks/s, output: 126.96 toks/s]
[36m(WorkerDict pid=2846344)[0m Processed prompts:  97%|█████████▋| 31/32 [08:25<00:13, 13.80s/it, est. speed input: 2.65 toks/s, output: 214.99 toks/s]
[36m(WorkerDict pid=2846346)[0m Processed prompts:  38%|███▊      | 12/32 [08:26<03:32, 10.63s/it, est. speed input: 2.34 toks/s, output: 138.35 toks/s]
[36m(WorkerDict pid=2846348)[0m Processed prompts:  22%|██▏       | 7/32 [08:28<12:03, 28.94s/it, est. speed input: 0.86 toks/s, output: 80.95 toks/s]
[36m(WorkerDict pid=2846351)[0m Processed prompts:  16%|█▌        | 5/32 [08:29<23:42, 52.70s/it, est. speed input: 1.12 toks/s, output: 58.81 toks/s]
[36m(WorkerDict pid=2846345)[0m Processed prompts:  78%|███████▊  | 25/32 [08:30<01:32, 13.28s/it, est. speed input: 2.45 toks/s, output: 149.72 toks/s]
[36m(WorkerDict pid=2846345)[0m Processed prompts:  81%|████████▏ | 26/32 [08:31<00:58,  9.81s/it, est. speed input: 2.54 toks/s, output: 161.86 toks/s]
[36m(WorkerDict pid=2846351)[0m Processed prompts:  19%|█▉        | 6/32 [08:31<15:24, 35.54s/it, est. speed input: 1.34 toks/s, output: 71.19 toks/s]
[36m(WorkerDict pid=2846348)[0m Processed prompts:  25%|██▌       | 8/32 [08:33<08:34, 21.45s/it, est. speed input: 1.03 toks/s, output: 92.73 toks/s]
[36m(WorkerDict pid=2846344)[0m Processed prompts: 100%|██████████| 32/32 [08:37<00:00, 13.26s/it, est. speed input: 2.63 toks/s, output: 222.64 toks/s]Processed prompts: 100%|██████████| 32/32 [08:37<00:00, 13.26s/it, est. speed input: 2.63 toks/s, output: 222.64 toks/s]
[36m(WorkerDict pid=2846345)[0m Processed prompts:  84%|████████▍ | 27/32 [08:37<00:43,  8.62s/it, est. speed input: 2.61 toks/s, output: 172.69 toks/s]
[36m(WorkerDict pid=2846349)[0m Processed prompts:  44%|████▍     | 14/32 [08:37<03:52, 12.89s/it, est. speed input: 1.94 toks/s, output: 151.15 toks/s]
[36m(WorkerDict pid=2846348)[0m Processed prompts:  28%|██▊       | 9/32 [08:39<06:20, 16.54s/it, est. speed input: 1.11 toks/s, output: 104.37 toks/s]
[36m(WorkerDict pid=2846345)[0m Processed prompts:  88%|████████▊ | 28/32 [08:40<00:27,  6.77s/it, est. speed input: 2.69 toks/s, output: 184.55 toks/s]
[36m(WorkerDict pid=2846351)[0m Processed prompts:  22%|██▏       | 7/32 [08:41<11:15, 27.03s/it, est. speed input: 1.53 toks/s, output: 82.59 toks/s]
[36m(WorkerDict pid=2846349)[0m Processed prompts:  47%|████▋     | 15/32 [08:41<02:57, 10.42s/it, est. speed input: 2.02 toks/s, output: 162.49 toks/s]
[36m(WorkerDict pid=2846348)[0m Processed prompts:  31%|███▏      | 10/32 [08:43<04:37, 12.61s/it, est. speed input: 1.20 toks/s, output: 116.30 toks/s]
[36m(WorkerDict pid=2846348)[0m Processed prompts:  34%|███▍      | 11/32 [08:45<03:16,  9.37s/it, est. speed input: 1.30 toks/s, output: 128.55 toks/s]
[36m(WorkerDict pid=2846346)[0m Processed prompts:  41%|████      | 13/32 [08:46<04:13, 13.34s/it, est. speed input: 2.38 toks/s, output: 145.86 toks/s]
[36m(WorkerDict pid=2846349)[0m Processed prompts:  50%|█████     | 16/32 [08:49<02:32,  9.53s/it, est. speed input: 2.22 toks/s, output: 172.94 toks/s]
[36m(WorkerDict pid=2846348)[0m Processed prompts:  38%|███▊      | 12/32 [08:50<02:42,  8.14s/it, est. speed input: 1.45 toks/s, output: 139.99 toks/s]
[36m(WorkerDict pid=2846348)[0m Processed prompts:  41%|████      | 13/32 [08:51<01:53,  5.98s/it, est. speed input: 1.62 toks/s, output: 152.45 toks/s]
[36m(WorkerDict pid=2846351)[0m Processed prompts:  25%|██▌       | 8/32 [08:52<08:45, 21.91s/it, est. speed input: 1.71 toks/s, output: 93.63 toks/s]
[36m(WorkerDict pid=2846347)[0m Processed prompts:  47%|████▋     | 15/32 [08:54<04:32, 16.05s/it, est. speed input: 3.57 toks/s, output: 160.18 toks/s]
[36m(WorkerDict pid=2846346)[0m Processed prompts:  44%|████▍     | 14/32 [08:53<03:26, 11.45s/it, est. speed input: 2.47 toks/s, output: 156.74 toks/s]
[36m(WorkerDict pid=2846350)[0m Processed prompts:   3%|▎         | 1/32 [08:56<4:37:24, 536.91s/it, est. speed input: 0.17 toks/s, output: 12.75 toks/s]
[36m(WorkerDict pid=2846345)[0m Processed prompts:  91%|█████████ | 29/32 [08:58<00:30, 10.14s/it, est. speed input: 2.69 toks/s, output: 191.12 toks/s]
[36m(WorkerDict pid=2846348)[0m Processed prompts:  44%|████▍     | 14/32 [08:59<01:54,  6.38s/it, est. speed input: 1.70 toks/s, output: 163.14 toks/s]
[36m(WorkerDict pid=2846351)[0m Processed prompts:  28%|██▊       | 9/32 [08:58<06:33, 17.10s/it, est. speed input: 1.90 toks/s, output: 105.26 toks/s]
[36m(WorkerDict pid=2846347)[0m Processed prompts:  50%|█████     | 16/32 [08:59<03:24, 12.76s/it, est. speed input: 3.62 toks/s, output: 171.42 toks/s]
[36m(WorkerDict pid=2846346)[0m Processed prompts:  47%|████▋     | 15/32 [08:59<02:48,  9.89s/it, est. speed input: 2.67 toks/s, output: 167.72 toks/s]
[36m(WorkerDict pid=2846347)[0m Processed prompts:  53%|█████▎    | 17/32 [09:01<02:21,  9.44s/it, est. speed input: 3.70 toks/s, output: 183.63 toks/s]
[36m(WorkerDict pid=2846351)[0m Processed prompts:  31%|███▏      | 10/32 [09:01<04:36, 12.58s/it, est. speed input: 2.11 toks/s, output: 117.55 toks/s]
[36m(WorkerDict pid=2846352)[0m Processed prompts:  44%|████▍     | 14/32 [09:03<06:49, 22.75s/it, est. speed input: 1.78 toks/s, output: 140.82 toks/s]
[36m(WorkerDict pid=2846346)[0m Processed prompts:  50%|█████     | 16/32 [09:04<02:16,  8.54s/it, est. speed input: 2.76 toks/s, output: 178.87 toks/s]
[36m(WorkerDict pid=2846347)[0m Processed prompts:  56%|█████▋    | 18/32 [09:06<01:55,  8.27s/it, est. speed input: 3.90 toks/s, output: 194.55 toks/s]
[36m(WorkerDict pid=2846346)[0m Processed prompts:  53%|█████▎    | 17/32 [09:06<01:35,  6.38s/it, est. speed input: 2.98 toks/s, output: 191.25 toks/s]
[36m(WorkerDict pid=2846345)[0m Processed prompts:  94%|█████████▍| 30/32 [09:08<00:20, 10.31s/it, est. speed input: 2.73 toks/s, output: 200.16 toks/s]
[36m(WorkerDict pid=2846349)[0m Processed prompts:  53%|█████▎    | 17/32 [09:08<03:06, 12.42s/it, est. speed input: 2.24 toks/s, output: 179.72 toks/s]
[36m(WorkerDict pid=2846351)[0m Processed prompts:  34%|███▍      | 11/32 [09:10<04:05, 11.71s/it, est. speed input: 2.28 toks/s, output: 128.28 toks/s]
[36m(WorkerDict pid=2846346)[0m Processed prompts:  56%|█████▋    | 18/32 [09:10<01:21,  5.79s/it, est. speed input: 3.18 toks/s, output: 202.55 toks/s]
[36m(WorkerDict pid=2846347)[0m Processed prompts:  59%|█████▉    | 19/32 [09:12<01:37,  7.48s/it, est. speed input: 3.95 toks/s, output: 205.36 toks/s]
[36m(WorkerDict pid=2846346)[0m Processed prompts:  59%|█████▉    | 19/32 [09:11<00:56,  4.35s/it, est. speed input: 3.29 toks/s, output: 215.02 toks/s]
[36m(WorkerDict pid=2846347)[0m Processed prompts:  62%|██████▎   | 20/32 [09:12<01:04,  5.39s/it, est. speed input: 4.03 toks/s, output: 217.98 toks/s]
[36m(WorkerDict pid=2846346)[0m Processed prompts:  62%|██████▎   | 20/32 [09:14<00:48,  4.03s/it, est. speed input: 3.39 toks/s, output: 226.59 toks/s]
[36m(WorkerDict pid=2846349)[0m Processed prompts:  56%|█████▋    | 18/32 [09:15<02:31, 10.81s/it, est. speed input: 2.42 toks/s, output: 190.26 toks/s]
[36m(WorkerDict pid=2846348)[0m Processed prompts:  47%|████▋     | 15/32 [09:19<02:58, 10.53s/it, est. speed input: 1.80 toks/s, output: 170.08 toks/s]
[36m(WorkerDict pid=2846347)[0m Processed prompts:  66%|██████▌   | 21/32 [09:21<01:10,  6.43s/it, est. speed input: 4.04 toks/s, output: 227.37 toks/s]
[36m(WorkerDict pid=2846346)[0m Processed prompts:  66%|██████▌   | 21/32 [09:21<00:51,  4.66s/it, est. speed input: 3.47 toks/s, output: 236.97 toks/s]
[36m(WorkerDict pid=2846346)[0m Processed prompts:  69%|██████▉   | 22/32 [09:21<00:33,  3.40s/it, est. speed input: 3.58 toks/s, output: 249.65 toks/s]
[36m(WorkerDict pid=2846346)[0m Processed prompts:  72%|███████▏  | 23/32 [09:25<00:32,  3.63s/it, est. speed input: 3.67 toks/s, output: 260.67 toks/s]
[36m(WorkerDict pid=2846351)[0m Processed prompts:  38%|███▊      | 12/32 [09:27<04:22, 13.13s/it, est. speed input: 2.41 toks/s, output: 137.42 toks/s]
[36m(WorkerDict pid=2846347)[0m Processed prompts:  69%|██████▉   | 22/32 [09:28<01:04,  6.44s/it, est. speed input: 4.08 toks/s, output: 237.62 toks/s]
[36m(WorkerDict pid=2846352)[0m Processed prompts:  47%|████▋     | 15/32 [09:30<06:46, 23.90s/it, est. speed input: 1.82 toks/s, output: 147.12 toks/s]
[36m(WorkerDict pid=2846347)[0m Processed prompts:  72%|███████▏  | 23/32 [09:31<00:49,  5.48s/it, est. speed input: 4.14 toks/s, output: 249.13 toks/s]
[36m(WorkerDict pid=2846347)[0m Processed prompts:  75%|███████▌  | 24/32 [09:33<00:36,  4.54s/it, est. speed input: 4.20 toks/s, output: 260.97 toks/s]
[36m(WorkerDict pid=2846351)[0m Processed prompts:  41%|████      | 13/32 [09:33<03:32, 11.20s/it, est. speed input: 2.47 toks/s, output: 148.67 toks/s]
[36m(WorkerDict pid=2846351)[0m Processed prompts:  44%|████▍     | 14/32 [09:34<02:24,  8.02s/it, est. speed input: 2.66 toks/s, output: 161.38 toks/s]
[36m(WorkerDict pid=2846347)[0m Processed prompts:  78%|███████▊  | 25/32 [09:35<00:25,  3.61s/it, est. speed input: 4.27 toks/s, output: 273.19 toks/s]
[36m(WorkerDict pid=2846353)[0m Processed prompts:   6%|▋         | 2/32 [09:38<2:07:13, 254.45s/it, est. speed input: 0.21 toks/s, output: 23.43 toks/s]
[36m(WorkerDict pid=2846349)[0m Processed prompts:  59%|█████▉    | 19/32 [09:40<03:16, 15.12s/it, est. speed input: 2.41 toks/s, output: 194.93 toks/s]
[36m(WorkerDict pid=2846349)[0m Processed prompts:  62%|██████▎   | 20/32 [09:41<02:08, 10.75s/it, est. speed input: 2.61 toks/s, output: 207.65 toks/s]
[36m(WorkerDict pid=2846346)[0m Processed prompts:  75%|███████▌  | 24/32 [09:42<01:01,  7.65s/it, est. speed input: 3.67 toks/s, output: 265.97 toks/s]
[36m(WorkerDict pid=2846347)[0m Processed prompts:  81%|████████▏ | 26/32 [09:48<00:39,  6.51s/it, est. speed input: 4.40 toks/s, output: 279.93 toks/s]
[36m(WorkerDict pid=2846346)[0m Processed prompts:  78%|███████▊  | 25/32 [09:48<00:50,  7.21s/it, est. speed input: 3.84 toks/s, output: 276.12 toks/s]
[36m(WorkerDict pid=2846345)[0m Processed prompts:  97%|█████████▋| 31/32 [09:51<00:19, 19.88s/it, est. speed input: 2.62 toks/s, output: 198.78 toks/s]
[36m(WorkerDict pid=2846347)[0m Processed prompts:  84%|████████▍ | 27/32 [09:55<00:33,  6.80s/it, est. speed input: 4.42 toks/s, output: 289.36 toks/s]
[36m(WorkerDict pid=2846350)[0m Processed prompts:   6%|▋         | 2/32 [09:56<2:07:56, 255.87s/it, est. speed input: 0.31 toks/s, output: 24.42 toks/s]
[36m(WorkerDict pid=2846348)[0m Processed prompts:  50%|█████     | 16/32 [09:59<05:09, 19.37s/it, est. speed input: 1.76 toks/s, output: 171.71 toks/s]
[36m(WorkerDict pid=2846349)[0m Processed prompts:  66%|██████▌   | 21/32 [10:01<02:30, 13.71s/it, est. speed input: 2.60 toks/s, output: 213.51 toks/s]
[36m(WorkerDict pid=2846353)[0m Processed prompts:   9%|▉         | 3/32 [10:07<1:13:08, 151.32s/it, est. speed input: 0.30 toks/s, output: 35.31 toks/s]
[36m(WorkerDict pid=2846346)[0m Processed prompts:  81%|████████▏ | 26/32 [10:08<01:06, 11.06s/it, est. speed input: 3.92 toks/s, output: 280.03 toks/s]
[36m(WorkerDict pid=2846347)[0m Processed prompts:  88%|████████▊ | 28/32 [10:10<00:37,  9.27s/it, est. speed input: 4.39 toks/s, output: 295.22 toks/s]
[36m(WorkerDict pid=2846348)[0m Processed prompts:  53%|█████▎    | 17/32 [10:15<04:36, 18.43s/it, est. speed input: 1.86 toks/s, output: 180.17 toks/s]
[36m(WorkerDict pid=2846349)[0m Processed prompts:  69%|██████▉   | 22/32 [10:21<02:35, 15.52s/it, est. speed input: 2.61 toks/s, output: 219.77 toks/s]
[36m(WorkerDict pid=2846351)[0m Processed prompts:  47%|████▋     | 15/32 [10:27<06:05, 21.48s/it, est. speed input: 2.51 toks/s, output: 160.87 toks/s]
[36m(WorkerDict pid=2846348)[0m Processed prompts:  56%|█████▋    | 18/32 [10:29<03:58, 17.02s/it, est. speed input: 1.97 toks/s, output: 189.27 toks/s]
[36m(WorkerDict pid=2846346)[0m Processed prompts:  84%|████████▍ | 27/32 [10:28<01:07, 13.59s/it, est. speed input: 3.99 toks/s, output: 284.41 toks/s]
[36m(WorkerDict pid=2846349)[0m Processed prompts:  72%|███████▏  | 23/32 [10:30<02:02, 13.60s/it, est. speed input: 2.76 toks/s, output: 229.65 toks/s]
[36m(WorkerDict pid=2846351)[0m Processed prompts:  50%|█████     | 16/32 [10:32<04:24, 16.52s/it, est. speed input: 2.57 toks/s, output: 172.65 toks/s]
[36m(WorkerDict pid=2846345)[0m Processed prompts: 100%|██████████| 32/32 [10:36<00:00, 27.57s/it, est. speed input: 2.51 toks/s, output: 197.63 toks/s]Processed prompts: 100%|██████████| 32/32 [10:36<00:00, 27.57s/it, est. speed input: 2.51 toks/s, output: 197.63 toks/s]
[36m(WorkerDict pid=2846339)[0m Processed prompts: 100%|██████████| 32/32 [10:47<00:00, 20.22s/it, est. speed input: 5.08 toks/s, output: 218.44 toks/s]
[36m(WorkerDict pid=2846344)[0m Processed prompts: 100%|██████████| 32/32 [10:47<00:00, 20.24s/it, est. speed input: 2.63 toks/s, output: 222.64 toks/s]
[36m(WorkerDict pid=2846345)[0m Processed prompts: 100%|██████████| 32/32 [10:47<00:00, 20.24s/it, est. speed input: 2.51 toks/s, output: 197.63 toks/s]
[36m(WorkerDict pid=2846342)[0m Processed prompts: 100%|██████████| 32/32 [10:47<00:00, 20.24s/it, est. speed input: 2.30 toks/s, output: 211.65 toks/s]
[36m(WorkerDict pid=2846341)[0m Processed prompts: 100%|██████████| 32/32 [10:46<00:00, 20.21s/it, est. speed input: 4.55 toks/s, output: 225.21 toks/s]
[36m(WorkerDict pid=2846343)[0m Processed prompts: 100%|██████████| 32/32 [10:47<00:00, 20.24s/it, est. speed input: 3.27 toks/s, output: 245.73 toks/s]
[36m(WorkerDict pid=2846340)[0m Processed prompts: 100%|██████████| 32/32 [10:47<00:00, 20.24s/it, est. speed input: 4.36 toks/s, output: 250.87 toks/s]
[36m(WorkerDict pid=2846338)[0m Processed prompts: 100%|██████████| 32/32 [10:47<00:00, 20.23s/it, est. speed input: 4.99 toks/s, output: 300.01 toks/s]
[36m(WorkerDict pid=2846351)[0m Processed prompts:  53%|█████▎    | 17/32 [10:49<04:13, 16.87s/it, est. speed input: 2.67 toks/s, output: 180.79 toks/s]
[36m(WorkerDict pid=2846346)[0m Processed prompts:  88%|████████▊ | 28/32 [10:50<01:04, 16.17s/it, est. speed input: 3.96 toks/s, output: 287.56 toks/s]
[36m(WorkerDict pid=2846349)[0m Processed prompts:  75%|███████▌  | 24/32 [10:53<02:09, 16.21s/it, est. speed input: 2.74 toks/s, output: 234.64 toks/s]
[36m(WorkerDict pid=2846349)[0m Processed prompts:  78%|███████▊  | 25/32 [10:54<01:22, 11.82s/it, est. speed input: 2.92 toks/s, output: 246.90 toks/s]
[36m(WorkerDict pid=2846350)[0m Processed prompts:   9%|▉         | 3/32 [10:57<1:20:41, 166.95s/it, est. speed input: 0.42 toks/s, output: 34.96 toks/s]
[36m(WorkerDict pid=2846347)[0m Processed prompts:  91%|█████████ | 29/32 [10:58<01:01, 20.66s/it, est. speed input: 4.14 toks/s, output: 286.84 toks/s]
[36m(WorkerDict pid=2846349)[0m Processed prompts:  81%|████████▏ | 26/32 [10:59<00:57,  9.61s/it, est. speed input: 3.08 toks/s, output: 258.05 toks/s]
[36m(WorkerDict pid=2846348)[0m Processed prompts:  59%|█████▉    | 19/32 [11:02<04:45, 21.95s/it, est. speed input: 2.01 toks/s, output: 192.52 toks/s]
[36m(WorkerDict pid=2846351)[0m Processed prompts:  56%|█████▋    | 18/32 [11:03<03:43, 15.94s/it, est. speed input: 2.69 toks/s, output: 189.84 toks/s]
[36m(WorkerDict pid=2846347)[0m Processed prompts:  94%|█████████▍| 30/32 [11:06<00:34, 17.11s/it, est. speed input: 4.16 toks/s, output: 295.84 toks/s]
[36m(WorkerDict pid=2846350)[0m Processed prompts:  12%|█▎        | 4/32 [11:07<49:00, 105.03s/it, est. speed input: 0.55 toks/s, output: 47.22 toks/s]  
[36m(WorkerDict pid=2846348)[0m Processed prompts:  62%|██████▎   | 20/32 [11:07<03:23, 16.97s/it, est. speed input: 2.13 toks/s, output: 203.77 toks/s]
[36m(WorkerDict pid=2846351)[0m Processed prompts:  59%|█████▉    | 19/32 [11:11<02:54, 13.43s/it, est. speed input: 2.83 toks/s, output: 200.50 toks/s]
[36m(WorkerDict pid=2846348)[0m Processed prompts:  66%|██████▌   | 21/32 [11:14<02:33, 13.97s/it, est. speed input: 2.24 toks/s, output: 214.44 toks/s]
[36m(WorkerDict pid=2846351)[0m Processed prompts:  62%|██████▎   | 20/32 [11:15<02:06, 10.52s/it, est. speed input: 2.88 toks/s, output: 212.17 toks/s]
[36m(WorkerDict pid=2846348)[0m Processed prompts:  69%|██████▉   | 22/32 [11:24<02:06, 12.68s/it, est. speed input: 2.34 toks/s, output: 224.18 toks/s]
[36m(WorkerDict pid=2846351)[0m Processed prompts:  66%|██████▌   | 21/32 [11:28<02:06, 11.51s/it, est. speed input: 2.89 toks/s, output: 220.69 toks/s]
[36m(WorkerDict pid=2846353)[0m Processed prompts:  12%|█▎        | 4/32 [11:33<58:37, 125.61s/it, est. speed input: 0.35 toks/s, output: 43.64 toks/s]  
[36m(WorkerDict pid=2846351)[0m Processed prompts:  69%|██████▉   | 22/32 [11:37<01:47, 10.77s/it, est. speed input: 2.92 toks/s, output: 230.54 toks/s]
[36m(WorkerDict pid=2846350)[0m Processed prompts:  16%|█▌        | 5/32 [11:38<35:19, 78.49s/it, est. speed input: 0.66 toks/s, output: 57.81 toks/s] 
[36m(WorkerDict pid=2846351)[0m Processed prompts:  72%|███████▏  | 23/32 [11:38<01:09,  7.74s/it, est. speed input: 2.99 toks/s, output: 243.04 toks/s]
[36m(WorkerDict pid=2846348)[0m Processed prompts:  72%|███████▏  | 23/32 [11:47<02:21, 15.75s/it, est. speed input: 2.34 toks/s, output: 229.62 toks/s]
[36m(WorkerDict pid=2846348)[0m Processed prompts:  75%|███████▌  | 24/32 [11:48<01:30, 11.27s/it, est. speed input: 2.46 toks/s, output: 242.05 toks/s]
[36m(WorkerDict pid=2846353)[0m Processed prompts:  16%|█▌        | 5/32 [11:49<38:48, 86.24s/it, est. speed input: 0.43 toks/s, output: 55.34 toks/s] 
[36m(WorkerDict pid=2846346)[0m Processed prompts:  91%|█████████ | 29/32 [11:49<01:27, 29.01s/it, est. speed input: 3.80 toks/s, output: 276.37 toks/s]
[36m(WorkerDict pid=2846351)[0m Processed prompts:  75%|███████▌  | 24/32 [11:51<01:14,  9.33s/it, est. speed input: 3.09 toks/s, output: 251.29 toks/s]
[36m(WorkerDict pid=2846346)[0m Processed prompts:  94%|█████████▍| 30/32 [11:51<00:41, 20.89s/it, est. speed input: 3.88 toks/s, output: 288.34 toks/s]
[36m(WorkerDict pid=2846350)[0m Processed prompts:  19%|█▉        | 6/32 [11:54<24:47, 57.22s/it, est. speed input: 0.77 toks/s, output: 69.22 toks/s]
[36m(WorkerDict pid=2846349)[0m Processed prompts:  84%|████████▍ | 27/32 [11:54<01:57, 23.44s/it, est. speed input: 3.00 toks/s, output: 250.66 toks/s]
[36m(WorkerDict pid=2846351)[0m Processed prompts:  78%|███████▊  | 25/32 [11:57<00:57,  8.25s/it, est. speed input: 3.13 toks/s, output: 261.99 toks/s]
[36m(WorkerDict pid=2846350)[0m Processed prompts:  22%|██▏       | 7/32 [12:03<17:13, 41.35s/it, est. speed input: 0.89 toks/s, output: 81.09 toks/s]
[36m(WorkerDict pid=2846349)[0m Processed prompts:  88%|████████▊ | 28/32 [12:04<01:17, 19.44s/it, est. speed input: 3.12 toks/s, output: 259.87 toks/s]
[36m(WorkerDict pid=2846351)[0m Processed prompts:  81%|████████▏ | 26/32 [12:06<00:50,  8.44s/it, est. speed input: 3.16 toks/s, output: 271.49 toks/s]
[36m(WorkerDict pid=2846351)[0m Processed prompts:  84%|████████▍ | 27/32 [12:08<00:32,  6.44s/it, est. speed input: 3.22 toks/s, output: 283.52 toks/s]
[36m(WorkerDict pid=2846353)[0m Processed prompts:  19%|█▉        | 6/32 [12:11<27:51, 64.31s/it, est. speed input: 0.50 toks/s, output: 66.39 toks/s]
[36m(WorkerDict pid=2846346)[0m Processed prompts:  97%|█████████▋| 31/32 [12:11<00:20, 20.56s/it, est. speed input: 3.95 toks/s, output: 293.25 toks/s]
[36m(WorkerDict pid=2846350)[0m Processed prompts:  25%|██▌       | 8/32 [12:13<12:31, 31.32s/it, est. speed input: 1.00 toks/s, output: 92.69 toks/s]
[36m(WorkerDict pid=2846350)[0m Processed prompts:  28%|██▊       | 9/32 [12:18<08:53, 23.20s/it, est. speed input: 1.12 toks/s, output: 104.70 toks/s]
[36m(WorkerDict pid=2846348)[0m Processed prompts:  78%|███████▊  | 25/32 [12:19<02:00, 17.16s/it, est. speed input: 2.48 toks/s, output: 244.62 toks/s]
[36m(WorkerDict pid=2846353)[0m Processed prompts:  22%|██▏       | 7/32 [12:26<20:06, 48.26s/it, est. speed input: 0.57 toks/s, output: 77.72 toks/s]
[36m(WorkerDict pid=2846350)[0m Processed prompts:  31%|███▏      | 10/32 [12:28<06:59, 19.08s/it, est. speed input: 1.23 toks/s, output: 116.01 toks/s]
[36m(WorkerDict pid=2846347)[0m Processed prompts:  97%|█████████▋| 31/32 [12:31<00:37, 37.26s/it, est. speed input: 3.75 toks/s, output: 275.33 toks/s]
[36m(WorkerDict pid=2846349)[0m Processed prompts:  91%|█████████ | 29/32 [12:34<01:07, 22.42s/it, est. speed input: 3.16 toks/s, output: 262.44 toks/s]
[36m(WorkerDict pid=2846346)[0m Processed prompts: 100%|██████████| 32/32 [12:39<00:00, 22.78s/it, est. speed input: 3.96 toks/s, output: 295.15 toks/s]Processed prompts: 100%|██████████| 32/32 [12:39<00:00, 22.78s/it, est. speed input: 3.96 toks/s, output: 295.15 toks/s]
[36m(WorkerDict pid=2846350)[0m Processed prompts:  34%|███▍      | 11/32 [12:42<06:09, 17.61s/it, est. speed input: 1.33 toks/s, output: 126.51 toks/s]
[36m(WorkerDict pid=2846348)[0m Processed prompts:  81%|████████▏ | 26/32 [12:44<01:57, 19.59s/it, est. speed input: 2.47 toks/s, output: 249.22 toks/s]
[36m(WorkerDict pid=2846351)[0m Processed prompts:  88%|████████▊ | 28/32 [12:52<01:10, 17.72s/it, est. speed input: 3.09 toks/s, output: 280.04 toks/s]
[36m(WorkerDict pid=2846350)[0m Processed prompts:  38%|███▊      | 12/32 [12:54<05:19, 15.95s/it, est. speed input: 1.42 toks/s, output: 137.20 toks/s]
[36m(WorkerDict pid=2846353)[0m Processed prompts:  25%|██▌       | 8/32 [12:57<17:05, 42.72s/it, est. speed input: 0.63 toks/s, output: 87.32 toks/s]
[36m(WorkerDict pid=2846353)[0m Processed prompts:  28%|██▊       | 9/32 [12:59<11:31, 30.07s/it, est. speed input: 0.70 toks/s, output: 99.74 toks/s]
[36m(WorkerDict pid=2846353)[0m Processed prompts:  31%|███▏      | 10/32 [13:11<08:54, 24.29s/it, est. speed input: 0.77 toks/s, output: 110.99 toks/s]
[36m(WorkerDict pid=2846353)[0m Processed prompts:  34%|███▍      | 11/32 [13:12<06:03, 17.33s/it, est. speed input: 0.85 toks/s, output: 123.45 toks/s]
[36m(WorkerDict pid=2846347)[0m Processed prompts: 100%|██████████| 32/32 [13:16<00:00, 39.73s/it, est. speed input: 3.59 toks/s, output: 272.29 toks/s]Processed prompts: 100%|██████████| 32/32 [13:16<00:00, 39.73s/it, est. speed input: 3.59 toks/s, output: 272.29 toks/s]
[36m(WorkerDict pid=2846349)[0m Processed prompts:  94%|█████████▍| 30/32 [13:17<00:57, 28.57s/it, est. speed input: 3.14 toks/s, output: 261.00 toks/s]
[36m(WorkerDict pid=2846353)[0m Processed prompts:  38%|███▊      | 12/32 [13:20<04:46, 14.31s/it, est. speed input: 0.91 toks/s, output: 134.99 toks/s]
[36m(WorkerDict pid=2846352)[0m Processed prompts:  50%|█████     | 16/32 [13:25<23:22, 87.64s/it, est. speed input: 1.37 toks/s, output: 116.78 toks/s]
[36m(WorkerDict pid=2846353)[0m Processed prompts:  41%|████      | 13/32 [13:26<03:46, 11.90s/it, est. speed input: 0.98 toks/s, output: 146.61 toks/s]
[36m(WorkerDict pid=2846350)[0m Processed prompts:  41%|████      | 13/32 [13:27<06:38, 21.00s/it, est. speed input: 1.48 toks/s, output: 144.34 toks/s]
[36m(WorkerDict pid=2846348)[0m Processed prompts:  84%|████████▍ | 27/32 [13:36<02:26, 29.22s/it, est. speed input: 2.42 toks/s, output: 246.11 toks/s]
[36m(WorkerDict pid=2846349)[0m Processed prompts:  97%|█████████▋| 31/32 [13:35<00:25, 25.51s/it, est. speed input: 3.21 toks/s, output: 267.81 toks/s]
[36m(WorkerDict pid=2846351)[0m Processed prompts:  91%|█████████ | 29/32 [13:36<01:17, 25.77s/it, est. speed input: 2.98 toks/s, output: 277.45 toks/s]
[36m(WorkerDict pid=2846349)[0m Processed prompts: 100%|██████████| 32/32 [13:36<00:00, 18.22s/it, est. speed input: 3.35 toks/s, output: 280.11 toks/s]Processed prompts: 100%|██████████| 32/32 [13:36<00:00, 18.22s/it, est. speed input: 3.35 toks/s, output: 280.11 toks/s]
[36m(WorkerDict pid=2846350)[0m Processed prompts:  44%|████▍     | 14/32 [13:40<05:33, 18.55s/it, est. speed input: 1.57 toks/s, output: 154.75 toks/s]
[36m(WorkerDict pid=2846353)[0m Processed prompts:  44%|████▍     | 14/32 [13:43<04:03, 13.52s/it, est. speed input: 1.04 toks/s, output: 156.22 toks/s]
[36m(WorkerDict pid=2846353)[0m Processed prompts:  47%|████▋     | 15/32 [13:45<02:48,  9.93s/it, est. speed input: 1.11 toks/s, output: 168.61 toks/s]
[36m(WorkerDict pid=2846350)[0m Processed prompts:  47%|████▋     | 15/32 [13:50<04:30, 15.89s/it, est. speed input: 1.68 toks/s, output: 165.62 toks/s]
[36m(WorkerDict pid=2846350)[0m Processed prompts:  50%|█████     | 16/32 [13:56<03:30, 13.14s/it, est. speed input: 1.78 toks/s, output: 176.96 toks/s]
[36m(WorkerDict pid=2846350)[0m Processed prompts:  53%|█████▎    | 17/32 [14:24<04:24, 17.61s/it, est. speed input: 1.84 toks/s, output: 183.93 toks/s]
[36m(WorkerDict pid=2846348)[0m Processed prompts:  88%|████████▊ | 28/32 [14:26<02:22, 35.53s/it, est. speed input: 2.34 toks/s, output: 244.53 toks/s]
[36m(WorkerDict pid=2846351)[0m Processed prompts:  94%|█████████▍| 30/32 [14:32<01:09, 34.89s/it, est. speed input: 2.84 toks/s, output: 272.29 toks/s]
[36m(WorkerDict pid=2846348)[0m Processed prompts:  91%|█████████ | 29/32 [14:34<01:21, 27.23s/it, est. speed input: 2.42 toks/s, output: 255.02 toks/s]
[36m(WorkerDict pid=2846348)[0m Processed prompts:  94%|█████████▍| 30/32 [15:00<00:53, 26.86s/it, est. speed input: 2.41 toks/s, output: 260.35 toks/s]
[36m(WorkerDict pid=2846351)[0m Processed prompts:  97%|█████████▋| 31/32 [15:11<00:36, 36.01s/it, est. speed input: 2.77 toks/s, output: 273.45 toks/s]
[36m(WorkerDict pid=2846348)[0m Processed prompts:  97%|█████████▋| 31/32 [15:19<00:24, 24.67s/it, est. speed input: 2.41 toks/s, output: 267.50 toks/s]
[36m(WorkerDict pid=2846351)[0m Processed prompts: 100%|██████████| 32/32 [15:21<00:00, 28.31s/it, est. speed input: 2.79 toks/s, output: 283.09 toks/s]Processed prompts: 100%|██████████| 32/32 [15:21<00:00, 28.31s/it, est. speed input: 2.79 toks/s, output: 283.09 toks/s]
[36m(WorkerDict pid=2846350)[0m Processed prompts:  56%|█████▋    | 18/32 [15:33<07:42, 33.04s/it, est. speed input: 1.82 toks/s, output: 183.04 toks/s]
[36m(WorkerDict pid=2846350)[0m Processed prompts:  59%|█████▉    | 19/32 [15:37<05:13, 24.12s/it, est. speed input: 1.93 toks/s, output: 195.08 toks/s]
[36m(WorkerDict pid=2846350)[0m Processed prompts:  62%|██████▎   | 20/32 [16:25<06:16, 31.35s/it, est. speed input: 1.94 toks/s, output: 198.24 toks/s]
[36m(WorkerDict pid=2846348)[0m Processed prompts: 100%|██████████| 32/32 [16:26<00:00, 37.21s/it, est. speed input: 2.30 toks/s, output: 262.17 toks/s]Processed prompts: 100%|██████████| 32/32 [16:26<00:00, 37.21s/it, est. speed input: 2.30 toks/s, output: 262.17 toks/s]
[36m(WorkerDict pid=2846350)[0m Processed prompts:  66%|██████▌   | 21/32 [16:30<04:19, 23.56s/it, est. speed input: 2.02 toks/s, output: 209.85 toks/s]
[36m(WorkerDict pid=2846350)[0m Processed prompts:  69%|██████▉   | 22/32 [16:43<03:22, 20.25s/it, est. speed input: 2.10 toks/s, output: 219.92 toks/s]
[36m(WorkerDict pid=2846353)[0m Processed prompts:  50%|█████     | 16/32 [16:48<16:33, 62.10s/it, est. speed input: 1.02 toks/s, output: 150.67 toks/s]
[36m(WorkerDict pid=2846353)[0m Processed prompts:  53%|█████▎    | 17/32 [17:08<12:23, 49.54s/it, est. speed input: 1.11 toks/s, output: 160.39 toks/s]
[36m(WorkerDict pid=2846350)[0m Processed prompts:  72%|███████▏  | 23/32 [17:09<03:19, 22.16s/it, est. speed input: 2.15 toks/s, output: 226.94 toks/s]
[36m(WorkerDict pid=2846353)[0m Processed prompts:  56%|█████▋    | 18/32 [17:22<09:02, 38.78s/it, est. speed input: 1.20 toks/s, output: 170.98 toks/s]
[36m(WorkerDict pid=2846350)[0m Processed prompts:  75%|███████▌  | 24/32 [17:44<03:28, 26.03s/it, est. speed input: 2.18 toks/s, output: 232.16 toks/s]
[36m(WorkerDict pid=2846353)[0m Processed prompts:  59%|█████▉    | 19/32 [17:45<07:21, 33.94s/it, est. speed input: 1.28 toks/s, output: 180.04 toks/s]
[36m(WorkerDict pid=2846350)[0m Processed prompts:  78%|███████▊  | 25/32 [17:49<02:17, 19.66s/it, est. speed input: 2.27 toks/s, output: 243.82 toks/s]
[36m(WorkerDict pid=2846350)[0m Processed prompts:  81%|████████▏ | 26/32 [18:12<02:03, 20.59s/it, est. speed input: 2.32 toks/s, output: 251.43 toks/s]
[36m(WorkerDict pid=2846353)[0m Processed prompts:  62%|██████▎   | 20/32 [18:21<06:55, 34.59s/it, est. speed input: 1.34 toks/s, output: 186.84 toks/s]
[36m(WorkerDict pid=2846353)[0m Processed prompts:  66%|██████▌   | 21/32 [18:44<05:41, 31.06s/it, est. speed input: 1.42 toks/s, output: 195.73 toks/s]
[36m(WorkerDict pid=2846350)[0m Processed prompts:  84%|████████▍ | 27/32 [18:49<02:08, 25.63s/it, est. speed input: 2.33 toks/s, output: 255.80 toks/s]
[36m(WorkerDict pid=2846353)[0m Processed prompts:  69%|██████▉   | 22/32 [19:05<04:41, 28.15s/it, est. speed input: 1.49 toks/s, output: 204.78 toks/s]
[36m(WorkerDict pid=2846353)[0m Processed prompts:  72%|███████▏  | 23/32 [19:08<03:05, 20.65s/it, est. speed input: 1.58 toks/s, output: 216.90 toks/s]
[36m(WorkerDict pid=2846350)[0m Processed prompts:  88%|████████▊ | 28/32 [19:11<01:37, 24.38s/it, est. speed input: 2.38 toks/s, output: 263.72 toks/s]
[36m(WorkerDict pid=2846353)[0m Processed prompts:  75%|███████▌  | 24/32 [19:15<02:12, 16.51s/it, est. speed input: 1.67 toks/s, output: 228.30 toks/s]
[36m(WorkerDict pid=2846352)[0m Processed prompts:  53%|█████▎    | 17/32 [19:16<41:39, 166.65s/it, est. speed input: 1.01 toks/s, output: 94.08 toks/s]
[36m(WorkerDict pid=2846352)[0m Processed prompts:  56%|█████▋    | 18/32 [19:19<27:26, 117.62s/it, est. speed input: 1.06 toks/s, output: 106.49 toks/s]
[36m(WorkerDict pid=2846353)[0m Processed prompts:  78%|███████▊  | 25/32 [19:26<01:42, 14.69s/it, est. speed input: 1.71 toks/s, output: 238.95 toks/s]
[36m(WorkerDict pid=2846353)[0m Processed prompts:  81%|████████▏ | 26/32 [19:29<01:08, 11.47s/it, est. speed input: 1.80 toks/s, output: 250.83 toks/s]
[36m(WorkerDict pid=2846352)[0m Processed prompts:  59%|█████▉    | 19/32 [19:40<19:10, 88.48s/it, est. speed input: 1.09 toks/s, output: 117.33 toks/s] 
[36m(WorkerDict pid=2846350)[0m Processed prompts:  91%|█████████ | 29/32 [19:48<01:24, 28.31s/it, est. speed input: 2.40 toks/s, output: 268.10 toks/s]
[36m(WorkerDict pid=2846353)[0m Processed prompts:  84%|████████▍ | 27/32 [19:53<01:15, 15.04s/it, est. speed input: 1.86 toks/s, output: 258.61 toks/s]
[36m(WorkerDict pid=2846353)[0m Processed prompts:  88%|████████▊ | 28/32 [20:50<01:50, 27.71s/it, est. speed input: 1.86 toks/s, output: 259.47 toks/s]
[36m(WorkerDict pid=2846349)[0m Processed prompts: 100%|██████████| 32/32 [21:28<00:00, 40.26s/it, est. speed input: 3.35 toks/s, output: 280.11 toks/s]
[36m(WorkerDict pid=2846346)[0m Processed prompts: 100%|██████████| 32/32 [21:27<00:00, 40.24s/it, est. speed input: 3.96 toks/s, output: 295.15 toks/s]
[36m(WorkerDict pid=2846352)[0m Processed prompts:  62%|██████▎   | 20/32 [21:28<18:51, 94.31s/it, est. speed input: 1.05 toks/s, output: 120.22 toks/s]Processed prompts: 100%|██████████| 32/32 [21:28<00:00, 94.31s/it, est. speed input: 1.61 toks/s, output: 272.85 toks/s]Processed prompts: 100%|██████████| 32/32 [21:28<00:00, 40.25s/it, est. speed input: 1.61 toks/s, output: 272.85 toks/s]
[36m(WorkerDict pid=2846347)[0m Processed prompts: 100%|██████████| 32/32 [21:28<00:00, 40.28s/it, est. speed input: 3.59 toks/s, output: 272.29 toks/s]
[36m(WorkerDict pid=2846350)[0m Processed prompts:  94%|█████████▍| 30/32 [21:28<01:39, 49.85s/it, est. speed input: 2.29 toks/s, output: 259.98 toks/s]Processed prompts: 100%|██████████| 32/32 [21:28<00:00, 49.85s/it, est. speed input: 2.46 toks/s, output: 285.41 toks/s]Processed prompts: 100%|██████████| 32/32 [21:28<00:00, 40.28s/it, est. speed input: 2.46 toks/s, output: 285.41 toks/s]
[36m(WorkerDict pid=2846353)[0m Processed prompts:  91%|█████████ | 29/32 [21:28<01:32, 30.78s/it, est. speed input: 1.90 toks/s, output: 264.55 toks/s]Processed prompts: 100%|██████████| 32/32 [21:28<00:00, 30.78s/it, est. speed input: 2.16 toks/s, output: 302.70 toks/s]Processed prompts: 100%|██████████| 32/32 [21:28<00:00, 40.27s/it, est. speed input: 2.16 toks/s, output: 302.70 toks/s]
[36m(WorkerDict pid=2846348)[0m Processed prompts: 100%|██████████| 32/32 [21:28<00:00, 40.28s/it, est. speed input: 2.30 toks/s, output: 262.17 toks/s]
[36m(WorkerDict pid=2846351)[0m Processed prompts: 100%|██████████| 32/32 [21:28<00:00, 40.27s/it, est. speed input: 2.79 toks/s, output: 283.09 toks/s]
[36m(TaskRunner pid=2843659)[0m Training Progress:  80%|████████  | 4/5 [1:40:24<25:03, 1503.03s/it]
[36m(WorkerDict pid=2846344)[0m Adding requests:   0%|          | 0/32 [00:00<?, ?it/s]Adding requests: 100%|██████████| 32/32 [00:00<00:00, 12926.68it/s]
[36m(WorkerDict pid=2846344)[0m Processed prompts:   0%|          | 0/32 [00:00<?, ?it/s, est. speed input: 0.00 toks/s, output: 0.00 toks/s]
[36m(WorkerDict pid=2846338)[0m Adding requests:   0%|          | 0/32 [00:00<?, ?it/s]Adding requests: 100%|██████████| 32/32 [00:00<00:00, 11935.77it/s]
[36m(WorkerDict pid=2846338)[0m Processed prompts:   0%|          | 0/32 [00:00<?, ?it/s, est. speed input: 0.00 toks/s, output: 0.00 toks/s]
[36m(WorkerDict pid=2846343)[0m Adding requests:   0%|          | 0/32 [00:00<?, ?it/s]Adding requests: 100%|██████████| 32/32 [00:00<00:00, 12073.20it/s]
[36m(WorkerDict pid=2846343)[0m Processed prompts:   0%|          | 0/32 [00:00<?, ?it/s, est. speed input: 0.00 toks/s, output: 0.00 toks/s]
[36m(WorkerDict pid=2846342)[0m Adding requests:   0%|          | 0/32 [00:00<?, ?it/s]Adding requests: 100%|██████████| 32/32 [00:00<00:00, 12875.84it/s]
[36m(WorkerDict pid=2846342)[0m Processed prompts:   0%|          | 0/32 [00:00<?, ?it/s, est. speed input: 0.00 toks/s, output: 0.00 toks/s]
[36m(WorkerDict pid=2846345)[0m Adding requests:   0%|          | 0/32 [00:00<?, ?it/s]Adding requests: 100%|██████████| 32/32 [00:00<00:00, 12497.00it/s]
[36m(WorkerDict pid=2846345)[0m Processed prompts:   0%|          | 0/32 [00:00<?, ?it/s, est. speed input: 0.00 toks/s, output: 0.00 toks/s]
[36m(WorkerDict pid=2846339)[0m Adding requests:   0%|          | 0/32 [00:00<?, ?it/s]Adding requests: 100%|██████████| 32/32 [00:00<00:00, 12637.01it/s]
[36m(WorkerDict pid=2846339)[0m Processed prompts:   0%|          | 0/32 [00:00<?, ?it/s, est. speed input: 0.00 toks/s, output: 0.00 toks/s]
[36m(WorkerDict pid=2846340)[0m Adding requests:   0%|          | 0/32 [00:00<?, ?it/s]Adding requests: 100%|██████████| 32/32 [00:00<00:00, 12222.72it/s]
[36m(WorkerDict pid=2846340)[0m Processed prompts:   0%|          | 0/32 [00:00<?, ?it/s, est. speed input: 0.00 toks/s, output: 0.00 toks/s]
[36m(WorkerDict pid=2846346)[0m Adding requests:   0%|          | 0/32 [00:00<?, ?it/s]Adding requests: 100%|██████████| 32/32 [00:00<00:00, 12170.63it/s]
[36m(WorkerDict pid=2846346)[0m Processed prompts:   0%|          | 0/32 [00:00<?, ?it/s, est. speed input: 0.00 toks/s, output: 0.00 toks/s]
[36m(WorkerDict pid=2846350)[0m Adding requests:   0%|          | 0/32 [00:00<?, ?it/s]Adding requests: 100%|██████████| 32/32 [00:00<00:00, 12543.71it/s]
[36m(WorkerDict pid=2846350)[0m Processed prompts:   0%|          | 0/32 [00:00<?, ?it/s, est. speed input: 0.00 toks/s, output: 0.00 toks/s]
[36m(WorkerDict pid=2846353)[0m Adding requests:   0%|          | 0/32 [00:00<?, ?it/s]Adding requests: 100%|██████████| 32/32 [00:00<00:00, 12813.15it/s]
[36m(WorkerDict pid=2846353)[0m Processed prompts:   0%|          | 0/32 [00:00<?, ?it/s, est. speed input: 0.00 toks/s, output: 0.00 toks/s]
[36m(WorkerDict pid=2846349)[0m Adding requests:   0%|          | 0/32 [00:00<?, ?it/s]Adding requests: 100%|██████████| 32/32 [00:00<00:00, 11631.66it/s]
[36m(WorkerDict pid=2846349)[0m Processed prompts:   0%|          | 0/32 [00:00<?, ?it/s, est. speed input: 0.00 toks/s, output: 0.00 toks/s]
[36m(WorkerDict pid=2846341)[0m Adding requests:   0%|          | 0/32 [00:00<?, ?it/s]Adding requests: 100%|██████████| 32/32 [00:00<00:00, 11286.39it/s]
[36m(WorkerDict pid=2846341)[0m Processed prompts:   0%|          | 0/32 [00:00<?, ?it/s, est. speed input: 0.00 toks/s, output: 0.00 toks/s]
[36m(WorkerDict pid=2846347)[0m Adding requests:   0%|          | 0/32 [00:00<?, ?it/s]Adding requests: 100%|██████████| 32/32 [00:00<00:00, 12517.98it/s]
[36m(WorkerDict pid=2846347)[0m Processed prompts:   0%|          | 0/32 [00:00<?, ?it/s, est. speed input: 0.00 toks/s, output: 0.00 toks/s]
[36m(WorkerDict pid=2846348)[0m Adding requests:   0%|          | 0/32 [00:00<?, ?it/s]Adding requests: 100%|██████████| 32/32 [00:00<00:00, 12040.70it/s]
[36m(WorkerDict pid=2846348)[0m Processed prompts:   0%|          | 0/32 [00:00<?, ?it/s, est. speed input: 0.00 toks/s, output: 0.00 toks/s]
[36m(WorkerDict pid=2846351)[0m Adding requests:   0%|          | 0/32 [00:00<?, ?it/s]Adding requests: 100%|██████████| 32/32 [00:00<00:00, 12446.01it/s]
[36m(WorkerDict pid=2846351)[0m Processed prompts:   0%|          | 0/32 [00:00<?, ?it/s, est. speed input: 0.00 toks/s, output: 0.00 toks/s]
[36m(WorkerDict pid=2846352)[0m Adding requests:   0%|          | 0/32 [00:00<?, ?it/s]Adding requests: 100%|██████████| 32/32 [00:00<00:00, 9236.01it/s]
[36m(WorkerDict pid=2846352)[0m Processed prompts:   0%|          | 0/32 [00:00<?, ?it/s, est. speed input: 0.00 toks/s, output: 0.00 toks/s]
[36m(WorkerDict pid=2846345)[0m Processed prompts:   3%|▎         | 1/32 [01:50<57:08, 110.59s/it, est. speed input: 0.57 toks/s, output: 12.07 toks/s]
[36m(WorkerDict pid=2846344)[0m Processed prompts:   3%|▎         | 1/32 [02:02<1:03:09, 122.25s/it, est. speed input: 0.29 toks/s, output: 12.09 toks/s]
[36m(WorkerDict pid=2846345)[0m Processed prompts:   6%|▋         | 2/32 [02:02<26:23, 52.78s/it, est. speed input: 1.03 toks/s, output: 23.01 toks/s] 
[36m(WorkerDict pid=2846345)[0m Processed prompts:   9%|▉         | 3/32 [02:06<14:44, 30.51s/it, est. speed input: 1.49 toks/s, output: 34.47 toks/s]
[36m(WorkerDict pid=2846345)[0m Processed prompts:  12%|█▎        | 4/32 [02:07<08:48, 18.86s/it, est. speed input: 1.97 toks/s, output: 46.38 toks/s]
[36m(WorkerDict pid=2846344)[0m Processed prompts:   6%|▋         | 2/32 [02:10<27:31, 55.06s/it, est. speed input: 0.54 toks/s, output: 23.49 toks/s]   
[36m(WorkerDict pid=2846345)[0m Processed prompts:  16%|█▌        | 5/32 [02:11<05:56, 13.20s/it, est. speed input: 2.40 toks/s, output: 57.47 toks/s]
[36m(WorkerDict pid=2846345)[0m Processed prompts:  19%|█▉        | 6/32 [02:13<04:05,  9.46s/it, est. speed input: 2.84 toks/s, output: 68.75 toks/s]
[36m(WorkerDict pid=2846344)[0m Processed prompts:  12%|█▎        | 4/32 [02:14<10:15, 21.98s/it, est. speed input: 1.04 toks/s, output: 46.62 toks/s]
[36m(WorkerDict pid=2846345)[0m Processed prompts:  22%|██▏       | 7/32 [02:15<02:59,  7.17s/it, est. speed input: 3.25 toks/s, output: 79.76 toks/s]
[36m(WorkerDict pid=2846345)[0m Processed prompts:  25%|██▌       | 8/32 [02:16<01:59,  4.99s/it, est. speed input: 3.70 toks/s, output: 91.81 toks/s]
[36m(WorkerDict pid=2846345)[0m Processed prompts:  28%|██▊       | 9/32 [02:16<01:24,  3.65s/it, est. speed input: 4.15 toks/s, output: 103.58 toks/s]
[36m(WorkerDict pid=2846342)[0m Processed prompts:   3%|▎         | 1/32 [02:18<1:11:45, 138.88s/it, est. speed input: 0.35 toks/s, output: 12.25 toks/s]
[36m(WorkerDict pid=2846345)[0m Processed prompts:  31%|███▏      | 10/32 [02:18<01:10,  3.21s/it, est. speed input: 4.53 toks/s, output: 114.19 toks/s]
[36m(WorkerDict pid=2846342)[0m Processed prompts:   6%|▋         | 2/32 [02:19<28:42, 57.41s/it, est. speed input: 0.70 toks/s, output: 24.47 toks/s]   
[36m(WorkerDict pid=2846345)[0m Processed prompts:  34%|███▍      | 11/32 [02:20<00:53,  2.57s/it, est. speed input: 4.95 toks/s, output: 125.53 toks/s]
[36m(WorkerDict pid=2846345)[0m Processed prompts:  38%|███▊      | 12/32 [02:20<00:39,  1.97s/it, est. speed input: 5.37 toks/s, output: 137.27 toks/s]
[36m(WorkerDict pid=2846344)[0m Processed prompts:  16%|█▌        | 5/32 [02:22<07:49, 17.39s/it, est. speed input: 1.23 toks/s, output: 56.51 toks/s]
[36m(WorkerDict pid=2846344)[0m Processed prompts:  19%|█▉        | 6/32 [02:22<05:18, 12.23s/it, est. speed input: 1.47 toks/s, output: 68.53 toks/s]
[36m(WorkerDict pid=2846345)[0m Processed prompts:  41%|████      | 13/32 [02:22<00:33,  1.79s/it, est. speed input: 5.77 toks/s, output: 148.24 toks/s]
[36m(WorkerDict pid=2846344)[0m Processed prompts:  22%|██▏       | 7/32 [02:23<03:36,  8.67s/it, est. speed input: 1.71 toks/s, output: 80.51 toks/s]
[36m(WorkerDict pid=2846344)[0m Processed prompts:  25%|██▌       | 8/32 [02:25<02:41,  6.72s/it, est. speed input: 1.93 toks/s, output: 91.54 toks/s]
[36m(WorkerDict pid=2846344)[0m Processed prompts:  28%|██▊       | 9/32 [02:26<01:56,  5.05s/it, est. speed input: 2.15 toks/s, output: 103.04 toks/s]
[36m(WorkerDict pid=2846342)[0m Processed prompts:  12%|█▎        | 4/32 [02:27<11:10, 23.96s/it, est. speed input: 1.33 toks/s, output: 47.00 toks/s]
[36m(WorkerDict pid=2846345)[0m Processed prompts:  44%|████▍     | 14/32 [02:28<00:55,  3.09s/it, est. speed input: 5.95 toks/s, output: 154.46 toks/s]
[36m(WorkerDict pid=2846342)[0m Processed prompts:  16%|█▌        | 5/32 [02:29<07:40, 17.06s/it, est. speed input: 1.64 toks/s, output: 58.80 toks/s]
[36m(WorkerDict pid=2846342)[0m Processed prompts:  19%|█▉        | 6/32 [02:32<05:33, 12.82s/it, est. speed input: 1.93 toks/s, output: 69.87 toks/s]
[36m(WorkerDict pid=2846345)[0m Processed prompts:  47%|████▋     | 15/32 [02:34<01:07,  3.96s/it, est. speed input: 6.13 toks/s, output: 160.81 toks/s]
[36m(WorkerDict pid=2846344)[0m Processed prompts:  31%|███▏      | 10/32 [02:34<02:12,  6.04s/it, est. speed input: 2.26 toks/s, output: 109.80 toks/s]
[36m(WorkerDict pid=2846344)[0m Processed prompts:  34%|███▍      | 11/32 [02:35<01:31,  4.36s/it, est. speed input: 2.48 toks/s, output: 121.78 toks/s]
[36m(WorkerDict pid=2846344)[0m Processed prompts:  38%|███▊      | 12/32 [02:36<01:07,  3.39s/it, est. speed input: 2.68 toks/s, output: 133.21 toks/s]
[36m(WorkerDict pid=2846344)[0m Processed prompts:  41%|████      | 13/32 [02:36<00:46,  2.45s/it, est. speed input: 2.90 toks/s, output: 145.29 toks/s]
[36m(WorkerDict pid=2846344)[0m Processed prompts:  44%|████▍     | 14/32 [02:38<00:40,  2.25s/it, est. speed input: 3.09 toks/s, output: 155.96 toks/s]
[36m(WorkerDict pid=2846341)[0m Processed prompts:   3%|▎         | 1/32 [02:38<1:21:42, 158.13s/it, est. speed input: 0.25 toks/s, output: 12.39 toks/s]
[36m(WorkerDict pid=2846340)[0m Processed prompts:   3%|▎         | 1/32 [02:39<1:22:21, 159.42s/it, est. speed input: 0.43 toks/s, output: 12.36 toks/s]
[36m(WorkerDict pid=2846342)[0m Processed prompts:  22%|██▏       | 7/32 [02:39<04:41, 11.25s/it, est. speed input: 2.14 toks/s, output: 78.87 toks/s]
[36m(WorkerDict pid=2846340)[0m Processed prompts:   6%|▋         | 2/32 [02:40<33:10, 66.35s/it, est. speed input: 0.85 toks/s, output: 24.64 toks/s]   
[36m(WorkerDict pid=2846343)[0m Processed prompts:   3%|▎         | 1/32 [02:41<1:23:13, 161.08s/it, est. speed input: 0.43 toks/s, output: 12.34 toks/s]
[36m(WorkerDict pid=2846344)[0m Processed prompts:  47%|████▋     | 15/32 [02:42<00:46,  2.72s/it, est. speed input: 3.23 toks/s, output: 164.63 toks/s]
[36m(WorkerDict pid=2846342)[0m Processed prompts:  25%|██▌       | 8/32 [02:43<03:34,  8.93s/it, est. speed input: 2.40 toks/s, output: 89.51 toks/s]
[36m(WorkerDict pid=2846341)[0m Processed prompts:   6%|▋         | 2/32 [02:43<34:08, 68.29s/it, est. speed input: 0.48 toks/s, output: 24.39 toks/s]   
[36m(WorkerDict pid=2846341)[0m Processed prompts:   9%|▉         | 3/32 [02:44<18:12, 37.69s/it, est. speed input: 0.71 toks/s, output: 36.63 toks/s]
[36m(WorkerDict pid=2846339)[0m Processed prompts:   3%|▎         | 1/32 [02:47<1:26:24, 167.26s/it, est. speed input: 0.33 toks/s, output: 12.39 toks/s]
[36m(WorkerDict pid=2846342)[0m Processed prompts:  28%|██▊       | 9/32 [02:48<03:00,  7.84s/it, est. speed input: 2.61 toks/s, output: 99.07 toks/s]
[36m(WorkerDict pid=2846342)[0m Processed prompts:  31%|███▏      | 10/32 [02:49<02:04,  5.65s/it, est. speed input: 2.89 toks/s, output: 111.10 toks/s]
[36m(WorkerDict pid=2846343)[0m Processed prompts:   6%|▋         | 2/32 [02:51<36:09, 72.33s/it, est. speed input: 0.82 toks/s, output: 23.99 toks/s]   
[36m(WorkerDict pid=2846343)[0m Processed prompts:   9%|▉         | 3/32 [02:53<19:30, 40.36s/it, est. speed input: 1.21 toks/s, output: 36.06 toks/s]
[36m(WorkerDict pid=2846343)[0m Processed prompts:  12%|█▎        | 4/32 [02:54<11:35, 24.85s/it, est. speed input: 1.60 toks/s, output: 48.23 toks/s]
[36m(WorkerDict pid=2846345)[0m Processed prompts:  50%|█████     | 16/32 [02:57<02:36,  9.80s/it, est. speed input: 5.68 toks/s, output: 152.05 toks/s]
[36m(WorkerDict pid=2846343)[0m Processed prompts:  16%|█▌        | 5/32 [02:58<07:43, 17.17s/it, est. speed input: 1.96 toks/s, output: 59.67 toks/s]
[36m(WorkerDict pid=2846338)[0m Processed prompts:   3%|▎         | 1/32 [02:58<1:32:15, 178.57s/it, est. speed input: 0.29 toks/s, output: 12.40 toks/s]
[36m(WorkerDict pid=2846342)[0m Processed prompts:  34%|███▍      | 11/32 [02:59<02:29,  7.11s/it, est. speed input: 3.00 toks/s, output: 117.05 toks/s]
[36m(WorkerDict pid=2846341)[0m Processed prompts:  12%|█▎        | 4/32 [02:59<13:22, 28.66s/it, est. speed input: 0.87 toks/s, output: 46.07 toks/s]
[36m(WorkerDict pid=2846343)[0m Processed prompts:  19%|█▉        | 6/32 [03:01<05:25, 12.50s/it, est. speed input: 2.31 toks/s, output: 70.96 toks/s]
[36m(WorkerDict pid=2846338)[0m Processed prompts:   6%|▋         | 2/32 [03:05<38:44, 77.47s/it, est. speed input: 0.56 toks/s, output: 24.36 toks/s]   
[36m(WorkerDict pid=2846339)[0m Processed prompts:   6%|▋         | 2/32 [03:06<40:09, 80.31s/it, est. speed input: 0.59 toks/s, output: 23.55 toks/s]   
[36m(WorkerDict pid=2846342)[0m Processed prompts:  38%|███▊      | 12/32 [03:07<02:22,  7.15s/it, est. speed input: 3.14 toks/s, output: 124.95 toks/s]
[36m(WorkerDict pid=2846338)[0m Processed prompts:   9%|▉         | 3/32 [03:07<20:49, 43.07s/it, est. speed input: 0.81 toks/s, output: 36.49 toks/s]
[36m(WorkerDict pid=2846343)[0m Processed prompts:  22%|██▏       | 7/32 [03:07<04:19, 10.40s/it, est. speed input: 2.61 toks/s, output: 81.08 toks/s]
[36m(WorkerDict pid=2846340)[0m Processed prompts:   9%|▉         | 3/32 [03:07<23:24, 48.44s/it, est. speed input: 1.09 toks/s, output: 33.52 toks/s]
[36m(WorkerDict pid=2846340)[0m Processed prompts:  12%|█▎        | 4/32 [03:08<13:44, 29.43s/it, est. speed input: 1.45 toks/s, output: 45.91 toks/s]
[36m(WorkerDict pid=2846343)[0m Processed prompts:  25%|██▌       | 8/32 [03:08<02:57,  7.41s/it, est. speed input: 2.97 toks/s, output: 93.06 toks/s]
[36m(WorkerDict pid=2846339)[0m Processed prompts:   9%|▉         | 3/32 [03:08<21:31, 44.53s/it, est. speed input: 0.87 toks/s, output: 35.75 toks/s]
[36m(WorkerDict pid=2846341)[0m Processed prompts:  16%|█▌        | 5/32 [03:08<09:39, 21.46s/it, est. speed input: 1.04 toks/s, output: 56.40 toks/s]
[36m(WorkerDict pid=2846339)[0m Processed prompts:  12%|█▎        | 4/32 [03:09<12:46, 27.38s/it, est. speed input: 1.16 toks/s, output: 47.99 toks/s]
[36m(WorkerDict pid=2846341)[0m Processed prompts:  19%|█▉        | 6/32 [03:10<06:23, 14.74s/it, est. speed input: 1.23 toks/s, output: 68.38 toks/s]
[36m(WorkerDict pid=2846342)[0m Processed prompts:  41%|████      | 13/32 [03:11<02:01,  6.41s/it, est. speed input: 3.32 toks/s, output: 134.35 toks/s]
[36m(WorkerDict pid=2846339)[0m Processed prompts:  16%|█▌        | 5/32 [03:12<08:15, 18.36s/it, est. speed input: 1.43 toks/s, output: 59.88 toks/s]
[36m(WorkerDict pid=2846342)[0m Processed prompts:  44%|████▍     | 14/32 [03:12<01:25,  4.77s/it, est. speed input: 3.56 toks/s, output: 146.15 toks/s]
[36m(WorkerDict pid=2846344)[0m Processed prompts:  50%|█████     | 16/32 [03:13<02:59, 11.21s/it, est. speed input: 2.90 toks/s, output: 150.66 toks/s]
[36m(WorkerDict pid=2846340)[0m Processed prompts:  16%|█▌        | 5/32 [03:13<09:23, 20.88s/it, est. speed input: 1.75 toks/s, output: 57.03 toks/s]
[36m(WorkerDict pid=2846341)[0m Processed prompts:  22%|██▏       | 7/32 [03:14<04:40, 11.23s/it, est. speed input: 1.41 toks/s, output: 79.47 toks/s]
[36m(WorkerDict pid=2846339)[0m Processed prompts:  19%|█▉        | 6/32 [03:14<05:38, 13.03s/it, est. speed input: 1.73 toks/s, output: 71.53 toks/s]
[36m(WorkerDict pid=2846339)[0m Processed prompts:  22%|██▏       | 7/32 [03:15<03:48,  9.15s/it, est. speed input: 2.00 toks/s, output: 83.59 toks/s]
[36m(WorkerDict pid=2846338)[0m Processed prompts:  12%|█▎        | 4/32 [03:17<13:56, 29.88s/it, est. speed input: 1.01 toks/s, output: 47.17 toks/s]
[36m(WorkerDict pid=2846340)[0m Processed prompts:  19%|█▉        | 6/32 [03:17<06:31, 15.07s/it, est. speed input: 2.07 toks/s, output: 68.43 toks/s]
[36m(WorkerDict pid=2846338)[0m Processed prompts:  16%|█▌        | 5/32 [03:18<08:50, 19.65s/it, est. speed input: 1.27 toks/s, output: 59.28 toks/s]
[36m(WorkerDict pid=2846341)[0m Processed prompts:  25%|██▌       | 8/32 [03:19<03:44,  9.36s/it, est. speed input: 1.56 toks/s, output: 89.86 toks/s]
[36m(WorkerDict pid=2846343)[0m Processed prompts:  28%|██▊       | 9/32 [03:23<03:44,  9.76s/it, est. speed input: 3.09 toks/s, output: 98.73 toks/s]
[36m(WorkerDict pid=2846341)[0m Processed prompts:  28%|██▊       | 9/32 [03:23<02:54,  7.61s/it, est. speed input: 1.73 toks/s, output: 100.73 toks/s]
[36m(WorkerDict pid=2846339)[0m Processed prompts:  25%|██▌       | 8/32 [03:24<03:36,  9.01s/it, est. speed input: 2.18 toks/s, output: 92.55 toks/s]
[36m(WorkerDict pid=2846340)[0m Processed prompts:  22%|██▏       | 7/32 [03:25<05:18, 12.74s/it, est. speed input: 2.32 toks/s, output: 78.31 toks/s]
[36m(WorkerDict pid=2846340)[0m Processed prompts:  31%|███▏      | 10/32 [03:27<02:04,  5.65s/it, est. speed input: 3.28 toks/s, output: 114.98 toks/s]
[36m(WorkerDict pid=2846339)[0m Processed prompts:  28%|██▊       | 9/32 [03:27<02:43,  7.10s/it, est. speed input: 2.42 toks/s, output: 103.78 toks/s]
[36m(WorkerDict pid=2846340)[0m Processed prompts:  34%|███▍      | 11/32 [03:27<01:35,  4.53s/it, est. speed input: 3.60 toks/s, output: 127.23 toks/s]
[36m(WorkerDict pid=2846338)[0m Processed prompts:  19%|█▉        | 6/32 [03:28<07:05, 16.35s/it, est. speed input: 1.46 toks/s, output: 68.94 toks/s]
[36m(WorkerDict pid=2846339)[0m Processed prompts:  34%|███▍      | 11/32 [03:30<01:33,  4.43s/it, est. speed input: 2.91 toks/s, output: 127.24 toks/s]
[36m(WorkerDict pid=2846340)[0m Processed prompts:  38%|███▊      | 12/32 [03:31<01:25,  4.29s/it, est. speed input: 3.86 toks/s, output: 137.65 toks/s]
[36m(WorkerDict pid=2846343)[0m Processed prompts:  31%|███▏      | 10/32 [03:31<03:24,  9.31s/it, est. speed input: 3.30 toks/s, output: 107.39 toks/s]
[36m(WorkerDict pid=2846341)[0m Processed prompts:  31%|███▏      | 10/32 [03:31<02:52,  7.86s/it, est. speed input: 1.84 toks/s, output: 109.29 toks/s]
[36m(WorkerDict pid=2846339)[0m Processed prompts:  38%|███▊      | 12/32 [03:32<01:19,  3.95s/it, est. speed input: 3.16 toks/s, output: 138.28 toks/s]
[36m(WorkerDict pid=2846338)[0m Processed prompts:  22%|██▏       | 7/32 [03:33<05:18, 12.76s/it, est. speed input: 1.66 toks/s, output: 79.73 toks/s]
[36m(WorkerDict pid=2846342)[0m Processed prompts:  47%|████▋     | 15/32 [03:35<02:50, 10.05s/it, est. speed input: 3.42 toks/s, output: 143.49 toks/s]
[36m(WorkerDict pid=2846338)[0m Processed prompts:  25%|██▌       | 8/32 [03:35<03:41,  9.23s/it, est. speed input: 1.89 toks/s, output: 91.63 toks/s]
[36m(WorkerDict pid=2846339)[0m Processed prompts:  41%|████      | 13/32 [03:35<01:06,  3.48s/it, est. speed input: 3.39 toks/s, output: 149.43 toks/s]
[36m(WorkerDict pid=2846343)[0m Processed prompts:  34%|███▍      | 11/32 [03:35<02:41,  7.67s/it, est. speed input: 3.57 toks/s, output: 117.94 toks/s]
[36m(WorkerDict pid=2846338)[0m Processed prompts:  28%|██▊       | 9/32 [03:36<02:29,  6.49s/it, est. speed input: 2.13 toks/s, output: 103.95 toks/s]
[36m(WorkerDict pid=2846340)[0m Processed prompts:  41%|████      | 13/32 [03:36<01:24,  4.47s/it, est. speed input: 4.09 toks/s, output: 147.01 toks/s]
[36m(WorkerDict pid=2846343)[0m Processed prompts:  38%|███▊      | 12/32 [03:37<01:53,  5.68s/it, est. speed input: 3.87 toks/s, output: 129.86 toks/s]
[36m(WorkerDict pid=2846341)[0m Processed prompts:  34%|███▍      | 11/32 [03:36<02:25,  6.94s/it, est. speed input: 1.98 toks/s, output: 119.40 toks/s]
[36m(WorkerDict pid=2846341)[0m Processed prompts:  38%|███▊      | 12/32 [03:37<01:40,  5.02s/it, est. speed input: 2.16 toks/s, output: 131.63 toks/s]
[36m(WorkerDict pid=2846338)[0m Processed prompts:  31%|███▏      | 10/32 [03:39<02:04,  5.68s/it, est. speed input: 2.33 toks/s, output: 114.66 toks/s]
[36m(WorkerDict pid=2846338)[0m Processed prompts:  34%|███▍      | 11/32 [03:40<01:24,  4.01s/it, est. speed input: 2.56 toks/s, output: 127.07 toks/s]
[36m(WorkerDict pid=2846343)[0m Processed prompts:  41%|████      | 13/32 [03:41<01:39,  5.21s/it, est. speed input: 4.11 toks/s, output: 139.97 toks/s]
[36m(WorkerDict pid=2846343)[0m Processed prompts:  44%|████▍     | 14/32 [03:42<01:12,  4.02s/it, est. speed input: 4.41 toks/s, output: 151.71 toks/s]
[36m(WorkerDict pid=2846343)[0m Processed prompts:  47%|████▋     | 15/32 [03:45<01:01,  3.63s/it, est. speed input: 4.74 toks/s, output: 162.43 toks/s]
[36m(WorkerDict pid=2846340)[0m Processed prompts:  44%|████▍     | 14/32 [03:44<01:39,  5.55s/it, est. speed input: 4.23 toks/s, output: 153.99 toks/s]
[36m(WorkerDict pid=2846338)[0m Processed prompts:  38%|███▊      | 12/32 [03:46<01:34,  4.71s/it, est. speed input: 2.70 toks/s, output: 136.08 toks/s]
[36m(WorkerDict pid=2846339)[0m Processed prompts:  44%|████▍     | 14/32 [03:47<01:45,  5.87s/it, est. speed input: 3.45 toks/s, output: 153.98 toks/s]
[36m(WorkerDict pid=2846341)[0m Processed prompts:  41%|████      | 13/32 [03:48<02:12,  6.97s/it, est. speed input: 2.22 toks/s, output: 137.61 toks/s]
[36m(WorkerDict pid=2846340)[0m Processed prompts:  47%|████▋     | 15/32 [03:49<01:31,  5.37s/it, est. speed input: 4.44 toks/s, output: 163.28 toks/s]
[36m(WorkerDict pid=2846339)[0m Processed prompts:  47%|████▋     | 15/32 [03:50<01:28,  5.23s/it, est. speed input: 3.63 toks/s, output: 164.17 toks/s]
[36m(WorkerDict pid=2846341)[0m Processed prompts:  44%|████▍     | 14/32 [03:55<02:07,  7.06s/it, est. speed input: 2.32 toks/s, output: 145.97 toks/s]
[36m(WorkerDict pid=2846343)[0m Processed prompts:  50%|█████     | 16/32 [03:56<01:35,  5.94s/it, est. speed input: 4.81 toks/s, output: 167.23 toks/s]
[36m(WorkerDict pid=2846338)[0m Processed prompts:  41%|████      | 13/32 [03:57<02:04,  6.56s/it, est. speed input: 2.78 toks/s, output: 142.44 toks/s]
[36m(WorkerDict pid=2846338)[0m Processed prompts:  44%|████▍     | 14/32 [04:03<01:56,  6.47s/it, est. speed input: 2.92 toks/s, output: 151.33 toks/s]
[36m(WorkerDict pid=2846343)[0m Processed prompts:  53%|█████▎    | 17/32 [04:05<01:42,  6.83s/it, est. speed input: 4.92 toks/s, output: 173.73 toks/s]
[36m(WorkerDict pid=2846338)[0m Processed prompts:  47%|████▋     | 15/32 [04:12<02:02,  7.19s/it, est. speed input: 3.01 toks/s, output: 158.58 toks/s]
[36m(WorkerDict pid=2846341)[0m Processed prompts:  47%|████▋     | 15/32 [04:13<02:52, 10.14s/it, est. speed input: 2.31 toks/s, output: 148.60 toks/s]
[36m(WorkerDict pid=2846338)[0m Processed prompts:  50%|█████     | 16/32 [04:14<01:28,  5.53s/it, est. speed input: 3.20 toks/s, output: 170.10 toks/s]
[36m(WorkerDict pid=2846343)[0m Processed prompts:  56%|█████▋    | 18/32 [04:21<02:15,  9.67s/it, est. speed input: 4.95 toks/s, output: 175.50 toks/s]
[36m(WorkerDict pid=2846339)[0m Processed prompts:  50%|█████     | 16/32 [04:21<03:20, 12.51s/it, est. speed input: 3.45 toks/s, output: 157.56 toks/s]
[36m(WorkerDict pid=2846338)[0m Processed prompts:  53%|█████▎    | 17/32 [04:25<01:47,  7.19s/it, est. speed input: 3.26 toks/s, output: 175.59 toks/s]
[36m(WorkerDict pid=2846340)[0m Processed prompts:  50%|█████     | 16/32 [04:24<03:40, 13.80s/it, est. speed input: 4.11 toks/s, output: 154.16 toks/s]
[36m(WorkerDict pid=2846339)[0m Processed prompts:  53%|█████▎    | 17/32 [04:25<02:30, 10.03s/it, est. speed input: 3.60 toks/s, output: 167.83 toks/s]
[36m(WorkerDict pid=2846338)[0m Processed prompts:  56%|█████▋    | 18/32 [04:26<01:18,  5.59s/it, est. speed input: 3.42 toks/s, output: 186.96 toks/s]
[36m(WorkerDict pid=2846338)[0m Processed prompts:  59%|█████▉    | 19/32 [04:28<00:54,  4.23s/it, est. speed input: 3.58 toks/s, output: 198.83 toks/s]
[36m(WorkerDict pid=2846343)[0m Processed prompts:  59%|█████▉    | 19/32 [04:29<02:00,  9.24s/it, est. speed input: 5.13 toks/s, output: 182.76 toks/s]
[36m(WorkerDict pid=2846343)[0m Processed prompts:  62%|██████▎   | 20/32 [04:31<01:24,  7.03s/it, est. speed input: 5.42 toks/s, output: 194.11 toks/s]
[36m(WorkerDict pid=2846339)[0m Processed prompts:  56%|█████▋    | 18/32 [04:34<02:16,  9.74s/it, est. speed input: 3.71 toks/s, output: 174.93 toks/s]
[36m(WorkerDict pid=2846339)[0m Processed prompts:  59%|█████▉    | 19/32 [04:36<01:37,  7.54s/it, est. speed input: 3.88 toks/s, output: 186.12 toks/s]
[36m(WorkerDict pid=2846341)[0m Processed prompts:  50%|█████     | 16/32 [04:36<03:48, 14.27s/it, est. speed input: 2.32 toks/s, output: 148.45 toks/s]
[36m(WorkerDict pid=2846338)[0m Processed prompts:  62%|██████▎   | 20/32 [04:38<01:14,  6.20s/it, est. speed input: 3.62 toks/s, output: 203.76 toks/s]
[36m(WorkerDict pid=2846342)[0m Processed prompts:  50%|█████     | 16/32 [04:39<07:01, 26.35s/it, est. speed input: 2.80 toks/s, output: 123.09 toks/s]
[36m(WorkerDict pid=2846338)[0m Processed prompts:  66%|██████▌   | 21/32 [04:41<00:56,  5.16s/it, est. speed input: 3.75 toks/s, output: 214.39 toks/s]
[36m(WorkerDict pid=2846343)[0m Processed prompts:  66%|██████▌   | 21/32 [04:41<01:26,  7.85s/it, est. speed input: 5.54 toks/s, output: 200.01 toks/s]
[36m(WorkerDict pid=2846338)[0m Processed prompts:  69%|██████▉   | 22/32 [04:42<00:38,  3.83s/it, est. speed input: 3.91 toks/s, output: 226.45 toks/s]
[36m(WorkerDict pid=2846339)[0m Processed prompts:  62%|██████▎   | 20/32 [04:43<01:29,  7.42s/it, est. speed input: 4.00 toks/s, output: 194.08 toks/s]
[36m(WorkerDict pid=2846338)[0m Processed prompts:  72%|███████▏  | 23/32 [04:44<00:30,  3.36s/it, est. speed input: 4.05 toks/s, output: 237.29 toks/s]
[36m(WorkerDict pid=2846339)[0m Processed prompts:  66%|██████▌   | 21/32 [04:44<01:00,  5.47s/it, est. speed input: 4.18 toks/s, output: 206.14 toks/s]
[36m(WorkerDict pid=2846342)[0m Processed prompts:  53%|█████▎    | 17/32 [04:46<05:06, 20.45s/it, est. speed input: 3.04 toks/s, output: 132.85 toks/s]
[36m(WorkerDict pid=2846338)[0m Processed prompts:  75%|███████▌  | 24/32 [04:49<00:30,  3.86s/it, est. speed input: 4.14 toks/s, output: 245.79 toks/s]
[36m(WorkerDict pid=2846343)[0m Processed prompts:  69%|██████▉   | 22/32 [04:54<01:35,  9.50s/it, est. speed input: 5.59 toks/s, output: 203.57 toks/s]
[36m(WorkerDict pid=2846343)[0m Processed prompts:  72%|███████▏  | 23/32 [04:56<01:05,  7.24s/it, est. speed input: 5.85 toks/s, output: 214.87 toks/s]
[36m(WorkerDict pid=2846340)[0m Processed prompts:  53%|█████▎    | 17/32 [04:57<04:46, 19.07s/it, est. speed input: 4.02 toks/s, output: 150.14 toks/s]
[36m(WorkerDict pid=2846340)[0m Processed prompts:  56%|█████▋    | 18/32 [04:57<03:12, 13.73s/it, est. speed input: 4.36 toks/s, output: 162.42 toks/s]
[36m(WorkerDict pid=2846339)[0m Processed prompts:  69%|██████▉   | 22/32 [04:57<01:17,  7.76s/it, est. speed input: 4.20 toks/s, output: 209.70 toks/s]
[36m(WorkerDict pid=2846341)[0m Processed prompts:  53%|█████▎    | 17/32 [04:58<04:06, 16.40s/it, est. speed input: 2.35 toks/s, output: 150.48 toks/s]
[36m(WorkerDict pid=2846338)[0m Processed prompts:  78%|███████▊  | 25/32 [05:00<00:42,  6.11s/it, est. speed input: 4.16 toks/s, output: 249.15 toks/s]
[36m(WorkerDict pid=2846338)[0m Processed prompts:  81%|████████▏ | 26/32 [05:01<00:26,  4.49s/it, est. speed input: 4.32 toks/s, output: 261.18 toks/s]
[36m(WorkerDict pid=2846339)[0m Processed prompts:  72%|███████▏  | 23/32 [05:01<00:57,  6.41s/it, est. speed input: 4.36 toks/s, output: 220.08 toks/s]
[36m(WorkerDict pid=2846341)[0m Processed prompts:  56%|█████▋    | 18/32 [05:02<02:59, 12.83s/it, est. speed input: 2.44 toks/s, output: 160.90 toks/s]
[36m(WorkerDict pid=2846341)[0m Processed prompts:  59%|█████▉    | 19/32 [05:07<02:16, 10.49s/it, est. speed input: 2.59 toks/s, output: 170.93 toks/s]
[36m(WorkerDict pid=2846343)[0m Processed prompts:  75%|███████▌  | 24/32 [05:12<01:18,  9.83s/it, est. speed input: 5.83 toks/s, output: 216.59 toks/s]
[36m(WorkerDict pid=2846340)[0m Processed prompts:  59%|█████▉    | 19/32 [05:16<03:18, 15.29s/it, est. speed input: 4.43 toks/s, output: 165.31 toks/s]
[36m(WorkerDict pid=2846340)[0m Processed prompts:  62%|██████▎   | 20/32 [05:18<02:14, 11.25s/it, est. speed input: 4.73 toks/s, output: 177.15 toks/s]
[36m(WorkerDict pid=2846338)[0m Processed prompts:  84%|████████▍ | 27/32 [05:21<00:45,  9.03s/it, est. speed input: 4.22 toks/s, output: 257.89 toks/s]
[36m(WorkerDict pid=2846340)[0m Processed prompts:  69%|██████▉   | 22/32 [05:21<01:08,  6.87s/it, est. speed input: 5.34 toks/s, output: 200.49 toks/s]
[36m(WorkerDict pid=2846343)[0m Processed prompts:  78%|███████▊  | 25/32 [05:24<01:12, 10.39s/it, est. speed input: 5.89 toks/s, output: 221.43 toks/s]
[36m(WorkerDict pid=2846338)[0m Processed prompts:  88%|████████▊ | 28/32 [05:26<00:31,  7.93s/it, est. speed input: 4.30 toks/s, output: 266.29 toks/s]
[36m(WorkerDict pid=2846344)[0m Processed prompts:  53%|█████▎    | 17/32 [05:27<12:01, 48.08s/it, est. speed input: 1.81 toks/s, output: 101.61 toks/s]
[36m(WorkerDict pid=2846341)[0m Processed prompts:  62%|██████▎   | 20/32 [05:26<02:35, 12.94s/it, est. speed input: 2.62 toks/s, output: 173.83 toks/s]
[36m(WorkerDict pid=2846343)[0m Processed prompts:  81%|████████▏ | 26/32 [05:27<00:49,  8.32s/it, est. speed input: 6.10 toks/s, output: 231.72 toks/s]
[36m(WorkerDict pid=2846339)[0m Processed prompts:  75%|███████▌  | 24/32 [05:27<01:39, 12.44s/it, est. speed input: 4.20 toks/s, output: 214.91 toks/s]
[36m(WorkerDict pid=2846341)[0m Processed prompts:  66%|██████▌   | 21/32 [05:29<01:48,  9.82s/it, est. speed input: 2.78 toks/s, output: 185.16 toks/s]
[36m(WorkerDict pid=2846338)[0m Processed prompts:  91%|█████████ | 29/32 [05:29<00:19,  6.49s/it, est. speed input: 4.40 toks/s, output: 276.41 toks/s]
[36m(WorkerDict pid=2846340)[0m Processed prompts:  72%|███████▏  | 23/32 [05:31<01:07,  7.50s/it, est. speed input: 5.50 toks/s, output: 207.45 toks/s]
[36m(WorkerDict pid=2846339)[0m Processed prompts:  78%|███████▊  | 25/32 [05:32<01:11, 10.19s/it, est. speed input: 4.32 toks/s, output: 224.41 toks/s]
[36m(WorkerDict pid=2846347)[0m Processed prompts:   3%|▎         | 1/32 [05:32<2:51:42, 332.34s/it, est. speed input: 0.11 toks/s, output: 12.69 toks/s]
[36m(WorkerDict pid=2846341)[0m Processed prompts:  69%|██████▉   | 22/32 [05:37<01:33,  9.39s/it, est. speed input: 2.88 toks/s, output: 193.25 toks/s]
[36m(WorkerDict pid=2846342)[0m Processed prompts:  56%|█████▋    | 18/32 [05:40<07:07, 30.56s/it, est. speed input: 2.81 toks/s, output: 124.39 toks/s]
[36m(WorkerDict pid=2846339)[0m Processed prompts:  81%|████████▏ | 26/32 [05:43<01:02, 10.43s/it, est. speed input: 4.36 toks/s, output: 229.91 toks/s]
[36m(WorkerDict pid=2846340)[0m Processed prompts:  75%|███████▌  | 24/32 [05:44<01:12,  9.01s/it, est. speed input: 5.59 toks/s, output: 212.11 toks/s]
[36m(WorkerDict pid=2846338)[0m Processed prompts:  94%|█████████▍| 30/32 [05:45<00:18,  9.35s/it, est. speed input: 4.34 toks/s, output: 276.28 toks/s]
[36m(WorkerDict pid=2846345)[0m Processed prompts:  53%|█████▎    | 17/32 [05:45<14:22, 57.47s/it, est. speed input: 3.03 toks/s, output: 90.72 toks/s] 
[36m(WorkerDict pid=2846342)[0m Processed prompts:  59%|█████▉    | 19/32 [05:46<05:02, 23.31s/it, est. speed input: 3.01 toks/s, output: 134.78 toks/s]
[36m(WorkerDict pid=2846339)[0m Processed prompts:  84%|████████▍ | 27/32 [05:49<00:45,  9.04s/it, est. speed input: 4.47 toks/s, output: 238.79 toks/s]
[36m(WorkerDict pid=2846340)[0m Processed prompts:  78%|███████▊  | 25/32 [05:49<00:55,  7.90s/it, est. speed input: 5.82 toks/s, output: 221.82 toks/s]
[36m(WorkerDict pid=2846344)[0m Processed prompts:  56%|█████▋    | 18/32 [05:54<09:46, 41.89s/it, est. speed input: 1.76 toks/s, output: 106.35 toks/s]
[36m(WorkerDict pid=2846344)[0m Processed prompts:  59%|█████▉    | 19/32 [05:59<06:41, 30.85s/it, est. speed input: 1.83 toks/s, output: 117.45 toks/s]
[36m(WorkerDict pid=2846343)[0m Processed prompts:  84%|████████▍ | 27/32 [06:00<01:18, 15.62s/it, est. speed input: 5.79 toks/s, output: 223.35 toks/s]
[36m(WorkerDict pid=2846340)[0m Processed prompts:  81%|████████▏ | 26/32 [06:03<00:57,  9.52s/it, est. speed input: 5.89 toks/s, output: 226.09 toks/s]
[36m(WorkerDict pid=2846348)[0m Processed prompts:   3%|▎         | 1/32 [06:04<3:08:21, 364.57s/it, est. speed input: 0.31 toks/s, output: 12.64 toks/s]
[36m(WorkerDict pid=2846341)[0m Processed prompts:  72%|███████▏  | 23/32 [06:04<02:13, 14.83s/it, est. speed input: 2.82 toks/s, output: 191.33 toks/s]
[36m(WorkerDict pid=2846342)[0m Processed prompts:  62%|██████▎   | 20/32 [06:06<04:25, 22.12s/it, est. speed input: 3.09 toks/s, output: 140.28 toks/s]
[36m(WorkerDict pid=2846339)[0m Processed prompts:  88%|████████▊ | 28/32 [06:07<00:46, 11.59s/it, est. speed input: 4.42 toks/s, output: 240.01 toks/s]
[36m(WorkerDict pid=2846344)[0m Processed prompts:  62%|██████▎   | 20/32 [06:07<04:47, 23.99s/it, est. speed input: 1.88 toks/s, output: 127.51 toks/s]
[36m(WorkerDict pid=2846344)[0m Processed prompts:  66%|██████▌   | 21/32 [06:08<03:05, 16.86s/it, est. speed input: 1.97 toks/s, output: 140.04 toks/s]
[36m(WorkerDict pid=2846344)[0m Processed prompts:  69%|██████▉   | 22/32 [06:09<02:00, 12.06s/it, est. speed input: 2.05 toks/s, output: 152.32 toks/s]
[36m(WorkerDict pid=2846345)[0m Processed prompts:  56%|█████▋    | 18/32 [06:10<11:04, 47.47s/it, est. speed input: 2.93 toks/s, output: 97.42 toks/s]
[36m(WorkerDict pid=2846344)[0m Processed prompts:  72%|███████▏  | 23/32 [06:10<01:20,  9.00s/it, est. speed input: 2.13 toks/s, output: 164.17 toks/s]
[36m(WorkerDict pid=2846341)[0m Processed prompts:  75%|███████▌  | 24/32 [06:10<01:35, 11.98s/it, est. speed input: 2.94 toks/s, output: 201.21 toks/s]
[36m(WorkerDict pid=2846341)[0m Processed prompts:  78%|███████▊  | 25/32 [06:11<01:02,  8.87s/it, est. speed input: 3.08 toks/s, output: 212.99 toks/s]
[36m(WorkerDict pid=2846343)[0m Processed prompts:  88%|████████▊ | 28/32 [06:13<00:58, 14.74s/it, est. speed input: 5.83 toks/s, output: 228.38 toks/s]
[36m(WorkerDict pid=2846339)[0m Processed prompts:  91%|█████████ | 29/32 [06:13<00:30, 10.07s/it, est. speed input: 4.51 toks/s, output: 248.45 toks/s]
[36m(WorkerDict pid=2846348)[0m Processed prompts:   6%|▋         | 2/32 [06:14<1:17:58, 155.95s/it, est. speed input: 0.60 toks/s, output: 24.96 toks/s]
[36m(WorkerDict pid=2846342)[0m Processed prompts:  66%|██████▌   | 21/32 [06:16<03:26, 18.74s/it, est. speed input: 3.23 toks/s, output: 148.87 toks/s]
[36m(WorkerDict pid=2846341)[0m Processed prompts:  81%|████████▏ | 26/32 [06:16<00:45,  7.57s/it, est. speed input: 3.20 toks/s, output: 223.07 toks/s]
[36m(WorkerDict pid=2846342)[0m Processed prompts:  69%|██████▉   | 22/32 [06:20<02:20, 14.09s/it, est. speed input: 3.44 toks/s, output: 160.24 toks/s]
[36m(WorkerDict pid=2846343)[0m Processed prompts:  91%|█████████ | 29/32 [06:20<00:37, 12.50s/it, est. speed input: 5.95 toks/s, output: 236.64 toks/s]
[36m(WorkerDict pid=2846343)[0m Processed prompts:  94%|█████████▍| 30/32 [06:21<00:18,  9.18s/it, est. speed input: 6.16 toks/s, output: 248.39 toks/s]
[36m(WorkerDict pid=2846342)[0m Processed prompts:  72%|███████▏  | 23/32 [06:23<01:37, 10.87s/it, est. speed input: 3.63 toks/s, output: 171.48 toks/s]
[36m(WorkerDict pid=2846346)[0m Processed prompts:   3%|▎         | 1/32 [06:24<3:18:25, 384.04s/it, est. speed input: 0.18 toks/s, output: 12.64 toks/s]
[36m(WorkerDict pid=2846338)[0m Processed prompts:  97%|█████████▋| 31/32 [06:25<00:18, 18.44s/it, est. speed input: 4.02 toks/s, output: 260.48 toks/s]
[36m(WorkerDict pid=2846353)[0m Processed prompts:   3%|▎         | 1/32 [06:26<3:19:43, 386.57s/it, est. speed input: 0.21 toks/s, output: 12.65 toks/s]
[36m(WorkerDict pid=2846346)[0m Processed prompts:   6%|▋         | 2/32 [06:27<1:19:56, 159.88s/it, est. speed input: 0.36 toks/s, output: 25.19 toks/s]
[36m(WorkerDict pid=2846343)[0m Processed prompts:  97%|█████████▋| 31/32 [06:27<00:08,  8.13s/it, est. speed input: 6.29 toks/s, output: 257.39 toks/s]
[36m(WorkerDict pid=2846353)[0m Processed prompts:   6%|▋         | 2/32 [06:31<1:21:04, 162.14s/it, est. speed input: 0.42 toks/s, output: 25.14 toks/s]
[36m(WorkerDict pid=2846345)[0m Processed prompts:  59%|█████▉    | 19/32 [06:31<08:37, 39.79s/it, est. speed input: 2.87 toks/s, output: 104.62 toks/s]
[36m(WorkerDict pid=2846344)[0m Processed prompts:  75%|███████▌  | 24/32 [06:33<01:44, 13.00s/it, est. speed input: 2.10 toks/s, output: 167.48 toks/s]
[36m(WorkerDict pid=2846345)[0m Processed prompts:  62%|██████▎   | 20/32 [06:34<05:41, 28.47s/it, est. speed input: 2.95 toks/s, output: 116.72 toks/s]
[36m(WorkerDict pid=2846346)[0m Processed prompts:   9%|▉         | 3/32 [06:36<44:05, 91.24s/it, est. speed input: 0.53 toks/s, output: 37.24 toks/s]   
[36m(WorkerDict pid=2846349)[0m Processed prompts:   3%|▎         | 1/32 [06:38<3:25:56, 398.61s/it, est. speed input: 0.39 toks/s, output: 12.66 toks/s]
[36m(WorkerDict pid=2846339)[0m Processed prompts:  94%|█████████▍| 30/32 [06:42<00:31, 15.65s/it, est. speed input: 4.35 toks/s, output: 243.40 toks/s]
[36m(WorkerDict pid=2846346)[0m Processed prompts:  12%|█▎        | 4/32 [06:43<27:06, 58.08s/it, est. speed input: 0.69 toks/s, output: 49.23 toks/s]
[36m(WorkerDict pid=2846341)[0m Processed prompts:  84%|████████▍ | 27/32 [06:45<01:10, 14.08s/it, est. speed input: 3.11 toks/s, output: 219.63 toks/s]
[36m(WorkerDict pid=2846345)[0m Processed prompts:  66%|██████▌   | 21/32 [06:47<04:22, 23.84s/it, est. speed input: 2.96 toks/s, output: 125.63 toks/s]
[36m(WorkerDict pid=2846348)[0m Processed prompts:   9%|▉         | 3/32 [06:48<48:34, 100.50s/it, est. speed input: 0.82 toks/s, output: 35.53 toks/s]  
[36m(WorkerDict pid=2846348)[0m Processed prompts:  12%|█▎        | 4/32 [06:50<28:43, 61.54s/it, est. speed input: 1.09 toks/s, output: 48.05 toks/s] 
[36m(WorkerDict pid=2846347)[0m Processed prompts:   6%|▋         | 2/32 [06:51<1:31:34, 183.14s/it, est. speed input: 0.42 toks/s, output: 22.93 toks/s]
[36m(WorkerDict pid=2846340)[0m Processed prompts:  84%|████████▍ | 27/32 [06:51<01:43, 20.71s/it, est. speed input: 5.44 toks/s, output: 211.99 toks/s]
[36m(WorkerDict pid=2846345)[0m Processed prompts:  69%|██████▉   | 22/32 [06:55<03:11, 19.12s/it, est. speed input: 2.99 toks/s, output: 135.84 toks/s]
[36m(WorkerDict pid=2846340)[0m Processed prompts:  88%|████████▊ | 28/32 [06:55<01:03, 15.76s/it, est. speed input: 5.65 toks/s, output: 222.80 toks/s]
[36m(WorkerDict pid=2846344)[0m Processed prompts:  81%|████████▏ | 26/32 [06:59<01:18, 13.16s/it, est. speed input: 2.12 toks/s, output: 181.30 toks/s]
[36m(WorkerDict pid=2846342)[0m Processed prompts:  75%|███████▌  | 24/32 [07:01<02:32, 19.10s/it, est. speed input: 3.51 toks/s, output: 168.57 toks/s]
[36m(WorkerDict pid=2846341)[0m Processed prompts:  88%|████████▊ | 28/32 [07:01<00:58, 14.52s/it, est. speed input: 3.13 toks/s, output: 224.21 toks/s]
[36m(WorkerDict pid=2846353)[0m Processed prompts:   9%|▉         | 3/32 [07:03<49:43, 102.89s/it, est. speed input: 0.58 toks/s, output: 35.89 toks/s]  
[36m(WorkerDict pid=2846341)[0m Processed prompts:  91%|█████████ | 29/32 [07:03<00:32, 10.94s/it, est. speed input: 3.25 toks/s, output: 235.53 toks/s]
[36m(WorkerDict pid=2846349)[0m Processed prompts:   6%|▋         | 2/32 [07:04<1:29:41, 179.38s/it, est. speed input: 0.73 toks/s, output: 24.56 toks/s]
[36m(WorkerDict pid=2846345)[0m Processed prompts:  72%|███████▏  | 23/32 [07:05<02:27, 16.42s/it, est. speed input: 3.01 toks/s, output: 145.28 toks/s]
[36m(WorkerDict pid=2846340)[0m Processed prompts:  91%|█████████ | 29/32 [07:05<00:42, 14.01s/it, est. speed input: 5.77 toks/s, output: 230.37 toks/s]
[36m(WorkerDict pid=2846346)[0m Processed prompts:  16%|█▌        | 5/32 [07:06<20:22, 45.27s/it, est. speed input: 0.82 toks/s, output: 59.30 toks/s]
[36m(WorkerDict pid=2846347)[0m Processed prompts:   9%|▉         | 3/32 [07:08<51:55, 107.43s/it, est. speed input: 0.49 toks/s, output: 34.70 toks/s]  
[36m(WorkerDict pid=2846347)[0m Processed prompts:  12%|█▎        | 4/32 [07:09<30:31, 65.42s/it, est. speed input: 0.58 toks/s, output: 47.31 toks/s] 
[36m(WorkerDict pid=2846347)[0m Processed prompts:  16%|█▌        | 5/32 [07:11<19:05, 42.41s/it, est. speed input: 0.66 toks/s, output: 59.83 toks/s]
[36m(WorkerDict pid=2846339)[0m Processed prompts:  97%|█████████▋| 31/32 [07:12<00:20, 20.09s/it, est. speed input: 4.18 toks/s, output: 238.96 toks/s]
[36m(WorkerDict pid=2846353)[0m Processed prompts:  12%|█▎        | 4/32 [07:14<30:54, 66.23s/it, est. speed input: 0.76 toks/s, output: 47.75 toks/s] 
[36m(WorkerDict pid=2846344)[0m Processed prompts:  84%|████████▍ | 27/32 [07:14<01:08, 13.60s/it, est. speed input: 2.12 toks/s, output: 187.75 toks/s]
[36m(WorkerDict pid=2846343)[0m Processed prompts: 100%|██████████| 32/32 [07:14<00:00, 19.77s/it, est. speed input: 5.82 toks/s, output: 242.26 toks/s]Processed prompts: 100%|██████████| 32/32 [07:14<00:00, 19.77s/it, est. speed input: 5.82 toks/s, output: 242.26 toks/s]
[36m(WorkerDict pid=2846347)[0m Processed prompts:  19%|█▉        | 6/32 [07:16<13:00, 30.01s/it, est. speed input: 0.73 toks/s, output: 71.72 toks/s]
[36m(WorkerDict pid=2846341)[0m Processed prompts:  94%|█████████▍| 30/32 [07:18<00:24, 12.06s/it, est. speed input: 3.27 toks/s, output: 240.34 toks/s]
[36m(WorkerDict pid=2846345)[0m Processed prompts:  75%|███████▌  | 24/32 [07:21<02:11, 16.49s/it, est. speed input: 2.99 toks/s, output: 152.49 toks/s]
[36m(WorkerDict pid=2846346)[0m Processed prompts:  19%|█▉        | 6/32 [07:22<15:17, 35.30s/it, est. speed input: 0.95 toks/s, output: 69.85 toks/s]
[36m(WorkerDict pid=2846342)[0m Processed prompts:  78%|███████▊  | 25/32 [07:23<02:19, 19.94s/it, est. speed input: 3.53 toks/s, output: 172.94 toks/s]
[36m(WorkerDict pid=2846346)[0m Processed prompts:  22%|██▏       | 7/32 [07:23<10:04, 24.20s/it, est. speed input: 1.10 toks/s, output: 82.33 toks/s]
[36m(WorkerDict pid=2846342)[0m Processed prompts:  81%|████████▏ | 26/32 [07:24<01:24, 14.10s/it, est. speed input: 3.72 toks/s, output: 185.43 toks/s]
[36m(WorkerDict pid=2846345)[0m Processed prompts:  78%|███████▊  | 25/32 [07:25<01:27, 12.52s/it, est. speed input: 3.05 toks/s, output: 164.06 toks/s]
[36m(WorkerDict pid=2846346)[0m Processed prompts:  25%|██▌       | 8/32 [07:25<06:52, 17.17s/it, est. speed input: 1.26 toks/s, output: 94.63 toks/s]
[36m(WorkerDict pid=2846338)[0m Processed prompts: 100%|██████████| 32/32 [07:26<00:00, 31.21s/it, est. speed input: 3.58 toks/s, output: 237.56 toks/s]Processed prompts: 100%|██████████| 32/32 [07:26<00:00, 31.21s/it, est. speed input: 3.58 toks/s, output: 237.56 toks/s]
[36m(WorkerDict pid=2846340)[0m Processed prompts:  94%|█████████▍| 30/32 [07:27<00:32, 16.30s/it, est. speed input: 5.72 toks/s, output: 231.83 toks/s]
[36m(WorkerDict pid=2846353)[0m Processed prompts:  16%|█▌        | 5/32 [07:27<21:19, 47.38s/it, est. speed input: 0.92 toks/s, output: 58.96 toks/s]
[36m(WorkerDict pid=2846344)[0m Processed prompts:  88%|████████▊ | 28/32 [07:29<00:55, 13.92s/it, est. speed input: 2.13 toks/s, output: 194.24 toks/s]
[36m(WorkerDict pid=2846342)[0m Processed prompts:  84%|████████▍ | 27/32 [07:31<01:00, 12.14s/it, est. speed input: 3.85 toks/s, output: 195.04 toks/s]
[36m(WorkerDict pid=2846349)[0m Processed prompts:   9%|▉         | 3/32 [07:32<53:22, 110.42s/it, est. speed input: 1.03 toks/s, output: 35.74 toks/s]  
[36m(WorkerDict pid=2846347)[0m Processed prompts:  22%|██▏       | 7/32 [07:32<10:34, 25.38s/it, est. speed input: 0.79 toks/s, output: 81.93 toks/s]
[36m(WorkerDict pid=2846353)[0m Processed prompts:  19%|█▉        | 6/32 [07:33<14:20, 33.08s/it, est. speed input: 1.09 toks/s, output: 70.97 toks/s]
[36m(WorkerDict pid=2846349)[0m Processed prompts:  12%|█▎        | 4/32 [07:34<31:24, 67.30s/it, est. speed input: 1.37 toks/s, output: 48.36 toks/s] 
[36m(WorkerDict pid=2846344)[0m Processed prompts:  91%|█████████ | 29/32 [07:43<00:41, 13.84s/it, est. speed input: 2.13 toks/s, output: 201.24 toks/s]
[36m(WorkerDict pid=2846346)[0m Processed prompts:  28%|██▊       | 9/32 [07:43<06:38, 17.33s/it, est. speed input: 1.36 toks/s, output: 103.75 toks/s]
[36m(WorkerDict pid=2846351)[0m Processed prompts:   3%|▎         | 1/32 [07:45<4:00:34, 465.63s/it, est. speed input: 0.33 toks/s, output: 12.75 toks/s]
[36m(WorkerDict pid=2846339)[0m Processed prompts: 100%|██████████| 32/32 [07:47<00:00, 24.40s/it, est. speed input: 4.01 toks/s, output: 234.06 toks/s]Processed prompts: 100%|██████████| 32/32 [07:47<00:00, 24.40s/it, est. speed input: 4.01 toks/s, output: 234.06 toks/s]
[36m(WorkerDict pid=2846353)[0m Processed prompts:  22%|██▏       | 7/32 [07:48<11:20, 27.23s/it, est. speed input: 1.23 toks/s, output: 81.42 toks/s]
[36m(WorkerDict pid=2846347)[0m Processed prompts:  25%|██▌       | 8/32 [07:48<08:53, 22.22s/it, est. speed input: 1.05 toks/s, output: 91.98 toks/s]
[36m(WorkerDict pid=2846341)[0m Processed prompts:  97%|█████████▋| 31/32 [07:50<00:18, 18.00s/it, est. speed input: 3.18 toks/s, output: 236.83 toks/s]
[36m(WorkerDict pid=2846349)[0m Processed prompts:  16%|█▌        | 5/32 [07:50<22:02, 48.99s/it, est. speed input: 1.65 toks/s, output: 59.42 toks/s]
[36m(WorkerDict pid=2846351)[0m Processed prompts:   6%|▋         | 2/32 [07:51<1:37:35, 195.17s/it, est. speed input: 0.66 toks/s, output: 25.37 toks/s]
[36m(WorkerDict pid=2846344)[0m Processed prompts:  94%|█████████▍| 30/32 [07:56<00:27, 13.57s/it, est. speed input: 2.15 toks/s, output: 208.54 toks/s]
[36m(WorkerDict pid=2846346)[0m Processed prompts:  31%|███▏      | 10/32 [07:56<05:52, 16.00s/it, est. speed input: 1.41 toks/s, output: 113.68 toks/s]
[36m(WorkerDict pid=2846349)[0m Processed prompts:  19%|█▉        | 6/32 [07:56<14:52, 34.33s/it, est. speed input: 1.95 toks/s, output: 71.46 toks/s]
[36m(WorkerDict pid=2846349)[0m Processed prompts:  22%|██▏       | 7/32 [08:03<10:31, 25.25s/it, est. speed input: 2.25 toks/s, output: 83.27 toks/s]
[36m(WorkerDict pid=2846345)[0m Processed prompts:  81%|████████▏ | 26/32 [08:03<02:02, 20.34s/it, est. speed input: 2.89 toks/s, output: 163.76 toks/s]
[36m(WorkerDict pid=2846350)[0m Processed prompts:   3%|▎         | 1/32 [08:04<4:10:25, 484.68s/it, est. speed input: 0.05 toks/s, output: 12.78 toks/s]
[36m(WorkerDict pid=2846345)[0m Processed prompts:  84%|████████▍ | 27/32 [08:07<01:17, 15.41s/it, est. speed input: 2.95 toks/s, output: 175.23 toks/s]
[36m(WorkerDict pid=2846349)[0m Processed prompts:  25%|██▌       | 8/32 [08:09<07:45, 19.39s/it, est. speed input: 2.53 toks/s, output: 94.91 toks/s]
[36m(WorkerDict pid=2846348)[0m Processed prompts:  16%|█▌        | 5/32 [08:10<30:40, 68.16s/it, est. speed input: 1.14 toks/s, output: 53.04 toks/s]
[36m(WorkerDict pid=2846344)[0m Processed prompts:  97%|█████████▋| 31/32 [08:12<00:14, 14.33s/it, est. speed input: 2.14 toks/s, output: 214.46 toks/s]
[36m(WorkerDict pid=2846353)[0m Processed prompts:  25%|██▌       | 8/32 [08:13<10:35, 26.49s/it, est. speed input: 1.33 toks/s, output: 90.12 toks/s]
[36m(WorkerDict pid=2846346)[0m Processed prompts:  34%|███▍      | 11/32 [08:15<05:56, 17.00s/it, est. speed input: 1.49 toks/s, output: 122.07 toks/s]
[36m(WorkerDict pid=2846346)[0m Processed prompts:  38%|███▊      | 12/32 [08:16<04:02, 12.15s/it, est. speed input: 1.63 toks/s, output: 134.63 toks/s]
[36m(WorkerDict pid=2846353)[0m Processed prompts:  28%|██▊       | 9/32 [08:17<07:25, 19.35s/it, est. speed input: 1.48 toks/s, output: 102.27 toks/s]
[36m(WorkerDict pid=2846346)[0m Processed prompts:  41%|████      | 13/32 [08:17<02:47,  8.81s/it, est. speed input: 1.77 toks/s, output: 147.14 toks/s]
[36m(WorkerDict pid=2846342)[0m Processed prompts:  88%|████████▊ | 28/32 [08:18<01:30, 22.57s/it, est. speed input: 3.67 toks/s, output: 189.50 toks/s]
[36m(WorkerDict pid=2846348)[0m Processed prompts:  19%|█▉        | 6/32 [08:20<21:00, 48.47s/it, est. speed input: 1.34 toks/s, output: 64.79 toks/s]
[36m(WorkerDict pid=2846353)[0m Processed prompts:  31%|███▏      | 10/32 [08:22<05:28, 14.92s/it, est. speed input: 1.63 toks/s, output: 114.08 toks/s]
[36m(WorkerDict pid=2846349)[0m Processed prompts:  28%|██▊       | 9/32 [08:22<06:39, 17.39s/it, est. speed input: 2.77 toks/s, output: 105.30 toks/s]
[36m(WorkerDict pid=2846345)[0m Processed prompts:  88%|████████▊ | 28/32 [08:23<01:02, 15.56s/it, est. speed input: 2.93 toks/s, output: 182.53 toks/s]
[36m(WorkerDict pid=2846351)[0m Processed prompts:   9%|▉         | 3/32 [08:23<58:15, 120.55s/it, est. speed input: 0.92 toks/s, output: 36.62 toks/s]  
[36m(WorkerDict pid=2846348)[0m Processed prompts:  22%|██▏       | 7/32 [08:26<14:17, 34.30s/it, est. speed input: 1.55 toks/s, output: 77.00 toks/s]
[36m(WorkerDict pid=2846350)[0m Processed prompts:   6%|▋         | 2/32 [08:28<1:46:39, 213.31s/it, est. speed input: 0.09 toks/s, output: 25.05 toks/s]
[36m(WorkerDict pid=2846346)[0m Processed prompts:  44%|████▍     | 14/32 [08:29<02:55,  9.73s/it, est. speed input: 1.80 toks/s, output: 156.57 toks/s]
[36m(WorkerDict pid=2846353)[0m Processed prompts:  34%|███▍      | 11/32 [08:30<04:31, 12.91s/it, est. speed input: 1.77 toks/s, output: 125.07 toks/s]
[36m(WorkerDict pid=2846346)[0m Processed prompts:  47%|████▋     | 15/32 [08:30<01:59,  7.01s/it, est. speed input: 1.88 toks/s, output: 169.21 toks/s]
[36m(WorkerDict pid=2846352)[0m Processed prompts:   3%|▎         | 1/32 [08:30<4:23:44, 510.47s/it, est. speed input: 0.18 toks/s, output: 12.87 toks/s]
[36m(WorkerDict pid=2846353)[0m Processed prompts:  38%|███▊      | 12/32 [08:31<03:05,  9.26s/it, est. speed input: 1.92 toks/s, output: 137.71 toks/s]
[36m(WorkerDict pid=2846349)[0m Processed prompts:  31%|███▏      | 10/32 [08:32<05:27, 14.90s/it, est. speed input: 3.03 toks/s, output: 116.25 toks/s]
[36m(WorkerDict pid=2846351)[0m Processed prompts:  12%|█▎        | 4/32 [08:33<35:52, 76.88s/it, est. speed input: 1.21 toks/s, output: 48.79 toks/s] 
[36m(WorkerDict pid=2846351)[0m Processed prompts:  16%|█▌        | 5/32 [08:33<22:09, 49.25s/it, est. speed input: 1.51 toks/s, output: 61.65 toks/s]
[36m(WorkerDict pid=2846341)[0m Processed prompts: 100%|██████████| 32/32 [08:36<00:00, 26.34s/it, est. speed input: 3.01 toks/s, output: 228.69 toks/s]Processed prompts: 100%|██████████| 32/32 [08:36<00:00, 26.34s/it, est. speed input: 3.01 toks/s, output: 228.69 toks/s]
[36m(WorkerDict pid=2846347)[0m Processed prompts:  28%|██▊       | 9/32 [08:36<11:41, 30.50s/it, est. speed input: 1.22 toks/s, output: 96.20 toks/s]
[36m(WorkerDict pid=2846346)[0m Processed prompts:  50%|█████     | 16/32 [08:37<01:51,  6.98s/it, est. speed input: 1.99 toks/s, output: 179.82 toks/s]
[36m(WorkerDict pid=2846347)[0m Processed prompts:  31%|███▏      | 10/32 [08:37<07:49, 21.32s/it, est. speed input: 1.29 toks/s, output: 108.95 toks/s]
[36m(WorkerDict pid=2846347)[0m Processed prompts:  34%|███▍      | 11/32 [08:38<05:14, 14.98s/it, est. speed input: 1.55 toks/s, output: 121.71 toks/s]
[36m(WorkerDict pid=2846351)[0m Processed prompts:  19%|█▉        | 6/32 [08:40<15:03, 34.75s/it, est. speed input: 1.79 toks/s, output: 73.76 toks/s]
[36m(WorkerDict pid=2846348)[0m Processed prompts:  25%|██▌       | 8/32 [08:42<11:27, 28.63s/it, est. speed input: 1.71 toks/s, output: 87.47 toks/s]
[36m(WorkerDict pid=2846347)[0m Processed prompts:  38%|███▊      | 12/32 [08:42<03:56, 11.81s/it, est. speed input: 1.80 toks/s, output: 133.55 toks/s]
[36m(WorkerDict pid=2846345)[0m Processed prompts:  91%|█████████ | 29/32 [08:45<00:52, 17.44s/it, est. speed input: 2.88 toks/s, output: 187.84 toks/s]
[36m(WorkerDict pid=2846345)[0m Processed prompts:  94%|█████████▍| 30/32 [08:48<00:26, 13.22s/it, est. speed input: 2.94 toks/s, output: 199.53 toks/s]
[36m(WorkerDict pid=2846342)[0m Processed prompts:  91%|█████████ | 29/32 [08:51<01:16, 25.57s/it, est. speed input: 3.60 toks/s, output: 190.78 toks/s]
[36m(WorkerDict pid=2846350)[0m Processed prompts:   9%|▉         | 3/32 [08:52<1:01:31, 127.29s/it, est. speed input: 0.13 toks/s, output: 36.78 toks/s]
[36m(WorkerDict pid=2846352)[0m Processed prompts:   6%|▋         | 2/32 [08:52<1:51:37, 223.26s/it, est. speed input: 0.41 toks/s, output: 25.26 toks/s]
[36m(WorkerDict pid=2846350)[0m Processed prompts:  12%|█▎        | 4/32 [08:54<36:12, 77.59s/it, est. speed input: 0.17 toks/s, output: 49.60 toks/s]   
[36m(WorkerDict pid=2846353)[0m Processed prompts:  41%|████      | 13/32 [08:56<04:25, 13.97s/it, est. speed input: 1.99 toks/s, output: 144.25 toks/s]
[36m(WorkerDict pid=2846347)[0m Processed prompts:  41%|████      | 13/32 [08:56<03:53, 12.29s/it, est. speed input: 1.82 toks/s, output: 143.15 toks/s]
[36m(WorkerDict pid=2846348)[0m Processed prompts:  28%|██▊       | 9/32 [08:56<09:16, 24.19s/it, est. speed input: 1.88 toks/s, output: 98.05 toks/s]
[36m(WorkerDict pid=2846347)[0m Processed prompts:  44%|████▍     | 14/32 [08:57<02:42,  9.03s/it, est. speed input: 2.07 toks/s, output: 155.67 toks/s]
[36m(WorkerDict pid=2846351)[0m Processed prompts:  22%|██▏       | 7/32 [08:57<12:11, 29.26s/it, est. speed input: 2.02 toks/s, output: 84.23 toks/s]
[36m(WorkerDict pid=2846353)[0m Processed prompts:  44%|████▍     | 14/32 [08:58<03:09, 10.53s/it, est. speed input: 2.13 toks/s, output: 156.48 toks/s]
[36m(WorkerDict pid=2846349)[0m Processed prompts:  34%|███▍      | 11/32 [08:59<06:29, 18.56s/it, est. speed input: 3.16 toks/s, output: 123.38 toks/s]
[36m(WorkerDict pid=2846342)[0m Processed prompts:  94%|█████████▍| 30/32 [08:59<00:40, 20.37s/it, est. speed input: 3.71 toks/s, output: 200.78 toks/s]
[36m(WorkerDict pid=2846349)[0m Processed prompts:  38%|███▊      | 12/32 [09:06<05:05, 15.28s/it, est. speed input: 3.40 toks/s, output: 134.55 toks/s]
[36m(WorkerDict pid=2846346)[0m Processed prompts:  53%|█████▎    | 17/32 [09:07<03:26, 13.80s/it, est. speed input: 1.96 toks/s, output: 183.01 toks/s]
[36m(WorkerDict pid=2846352)[0m Processed prompts:   9%|▉         | 3/32 [09:06<1:01:42, 127.69s/it, est. speed input: 0.63 toks/s, output: 37.57 toks/s]
[36m(WorkerDict pid=2846346)[0m Processed prompts:  56%|█████▋    | 18/32 [09:09<02:24, 10.34s/it, est. speed input: 2.08 toks/s, output: 195.18 toks/s]
[36m(WorkerDict pid=2846345)[0m Processed prompts:  97%|█████████▋| 31/32 [09:18<00:18, 18.13s/it, est. speed input: 2.85 toks/s, output: 201.90 toks/s]
[36m(WorkerDict pid=2846348)[0m Processed prompts:  31%|███▏      | 10/32 [09:17<08:30, 23.19s/it, est. speed input: 2.01 toks/s, output: 107.33 toks/s]
[36m(WorkerDict pid=2846351)[0m Processed prompts:  25%|██▌       | 8/32 [09:17<10:30, 26.27s/it, est. speed input: 2.22 toks/s, output: 94.19 toks/s]
[36m(WorkerDict pid=2846347)[0m Processed prompts:  47%|████▋     | 15/32 [09:18<03:31, 12.43s/it, est. speed input: 2.24 toks/s, output: 162.96 toks/s]
[36m(WorkerDict pid=2846347)[0m Processed prompts:  50%|█████     | 16/32 [09:18<02:22,  8.88s/it, est. speed input: 2.48 toks/s, output: 175.73 toks/s]
[36m(WorkerDict pid=2846349)[0m Processed prompts:  41%|████      | 13/32 [09:19<04:36, 14.57s/it, est. speed input: 3.60 toks/s, output: 144.39 toks/s]
[36m(WorkerDict pid=2846353)[0m Processed prompts:  47%|████▋     | 15/32 [09:22<04:04, 14.41s/it, est. speed input: 2.19 toks/s, output: 162.93 toks/s]
[36m(WorkerDict pid=2846349)[0m Processed prompts:  44%|████▍     | 14/32 [09:24<03:28, 11.59s/it, est. speed input: 3.84 toks/s, output: 156.17 toks/s]
[36m(WorkerDict pid=2846348)[0m Processed prompts:  34%|███▍      | 11/32 [09:24<06:17, 17.97s/it, est. speed input: 2.19 toks/s, output: 119.15 toks/s]
[36m(WorkerDict pid=2846346)[0m Processed prompts:  59%|█████▉    | 19/32 [09:24<02:35, 11.93s/it, est. speed input: 2.09 toks/s, output: 202.76 toks/s]
[36m(WorkerDict pid=2846346)[0m Processed prompts:  62%|██████▎   | 20/32 [09:26<01:46,  8.85s/it, est. speed input: 2.21 toks/s, output: 215.14 toks/s]
[36m(WorkerDict pid=2846346)[0m Processed prompts:  66%|██████▌   | 21/32 [09:27<01:09,  6.30s/it, est. speed input: 2.33 toks/s, output: 227.98 toks/s]
[36m(WorkerDict pid=2846342)[0m Processed prompts:  97%|█████████▋| 31/32 [09:28<00:22, 22.95s/it, est. speed input: 3.67 toks/s, output: 203.53 toks/s]
[36m(WorkerDict pid=2846346)[0m Processed prompts:  69%|██████▉   | 22/32 [09:28<00:48,  4.90s/it, est. speed input: 2.39 toks/s, output: 240.31 toks/s]
[36m(WorkerDict pid=2846351)[0m Processed prompts:  28%|██▊       | 9/32 [09:30<08:26, 22.03s/it, est. speed input: 2.44 toks/s, output: 105.09 toks/s]
[36m(WorkerDict pid=2846348)[0m Processed prompts:  38%|███▊      | 12/32 [09:31<04:57, 14.87s/it, est. speed input: 2.35 toks/s, output: 130.52 toks/s]
[36m(WorkerDict pid=2846347)[0m Processed prompts:  53%|█████▎    | 17/32 [09:33<02:41, 10.77s/it, est. speed input: 2.65 toks/s, output: 184.09 toks/s]
[36m(WorkerDict pid=2846342)[0m Processed prompts: 100%|██████████| 32/32 [09:35<00:00, 18.31s/it, est. speed input: 3.78 toks/s, output: 213.87 toks/s]Processed prompts: 100%|██████████| 32/32 [09:35<00:00, 18.31s/it, est. speed input: 3.78 toks/s, output: 213.87 toks/s]
[36m(WorkerDict pid=2846350)[0m Processed prompts:  16%|█▌        | 5/32 [09:36<29:10, 64.82s/it, est. speed input: 0.20 toks/s, output: 58.96 toks/s]
[36m(WorkerDict pid=2846350)[0m Processed prompts:  19%|█▉        | 6/32 [09:38<18:46, 43.32s/it, est. speed input: 0.24 toks/s, output: 71.80 toks/s]
[36m(WorkerDict pid=2846347)[0m Processed prompts:  56%|█████▋    | 18/32 [09:39<02:07,  9.09s/it, est. speed input: 2.86 toks/s, output: 195.46 toks/s]
[36m(WorkerDict pid=2846350)[0m Processed prompts:  22%|██▏       | 7/32 [09:39<12:23, 29.72s/it, est. speed input: 0.28 toks/s, output: 84.59 toks/s]
[36m(WorkerDict pid=2846349)[0m Processed prompts:  47%|████▋     | 15/32 [09:40<03:37, 12.82s/it, est. speed input: 4.01 toks/s, output: 164.95 toks/s]
[36m(WorkerDict pid=2846347)[0m Processed prompts:  59%|█████▉    | 19/32 [09:39<01:25,  6.58s/it, est. speed input: 2.92 toks/s, output: 208.22 toks/s]
[36m(WorkerDict pid=2846345)[0m Processed prompts: 100%|██████████| 32/32 [09:41<00:00, 19.74s/it, est. speed input: 2.80 toks/s, output: 206.76 toks/s]Processed prompts: 100%|██████████| 32/32 [09:41<00:00, 19.74s/it, est. speed input: 2.80 toks/s, output: 206.76 toks/s]
[36m(WorkerDict pid=2846348)[0m Processed prompts:  41%|████      | 13/32 [09:45<04:36, 14.54s/it, est. speed input: 2.49 toks/s, output: 140.48 toks/s]
[36m(WorkerDict pid=2846348)[0m Processed prompts:  44%|████▍     | 14/32 [09:45<03:03, 10.20s/it, est. speed input: 2.68 toks/s, output: 153.47 toks/s]
[36m(WorkerDict pid=2846348)[0m Processed prompts:  47%|████▋     | 15/32 [09:46<02:05,  7.36s/it, est. speed input: 2.87 toks/s, output: 166.29 toks/s]
[36m(WorkerDict pid=2846346)[0m Processed prompts:  72%|███████▏  | 23/32 [09:48<01:23,  9.26s/it, est. speed input: 2.38 toks/s, output: 245.40 toks/s]
[36m(WorkerDict pid=2846350)[0m Processed prompts:  25%|██▌       | 8/32 [09:48<09:15, 23.13s/it, est. speed input: 0.31 toks/s, output: 96.33 toks/s]
[36m(WorkerDict pid=2846349)[0m Processed prompts:  50%|█████     | 16/32 [09:49<03:07, 11.73s/it, est. speed input: 4.21 toks/s, output: 175.41 toks/s]
[36m(WorkerDict pid=2846352)[0m Processed prompts:  12%|█▎        | 4/32 [09:49<43:55, 94.12s/it, est. speed input: 0.81 toks/s, output: 47.89 toks/s]   
[36m(WorkerDict pid=2846346)[0m Processed prompts:  75%|███████▌  | 24/32 [09:53<01:04,  8.03s/it, est. speed input: 2.43 toks/s, output: 256.30 toks/s]
[36m(WorkerDict pid=2846347)[0m Processed prompts:  62%|██████▎   | 20/32 [09:53<01:43,  8.59s/it, est. speed input: 2.92 toks/s, output: 216.61 toks/s]
[36m(WorkerDict pid=2846348)[0m Processed prompts:  50%|█████     | 16/32 [09:54<01:58,  7.39s/it, est. speed input: 3.02 toks/s, output: 177.25 toks/s]
[36m(WorkerDict pid=2846340)[0m Processed prompts:  97%|█████████▋| 31/32 [09:58<00:56, 56.19s/it, est. speed input: 4.45 toks/s, output: 186.38 toks/s]
[36m(WorkerDict pid=2846347)[0m Processed prompts:  66%|██████▌   | 21/32 [09:58<01:24,  7.71s/it, est. speed input: 3.12 toks/s, output: 227.63 toks/s]
[36m(WorkerDict pid=2846351)[0m Processed prompts:  31%|███▏      | 10/32 [10:00<08:59, 24.52s/it, est. speed input: 2.58 toks/s, output: 112.90 toks/s]
[36m(WorkerDict pid=2846346)[0m Processed prompts:  78%|███████▊  | 25/32 [10:01<00:56,  8.10s/it, est. speed input: 2.46 toks/s, output: 265.84 toks/s]
[36m(WorkerDict pid=2846340)[0m Processed prompts: 100%|██████████| 32/32 [10:01<00:00, 40.63s/it, est. speed input: 4.60 toks/s, output: 198.24 toks/s]Processed prompts: 100%|██████████| 32/32 [10:01<00:00, 40.63s/it, est. speed input: 4.60 toks/s, output: 198.24 toks/s]
[36m(WorkerDict pid=2846346)[0m Processed prompts:  81%|████████▏ | 26/32 [10:01<00:34,  5.81s/it, est. speed input: 2.52 toks/s, output: 278.69 toks/s]
[36m(WorkerDict pid=2846347)[0m Processed prompts:  69%|██████▉   | 22/32 [10:04<01:10,  7.02s/it, est. speed input: 3.31 toks/s, output: 238.66 toks/s]
[36m(WorkerDict pid=2846352)[0m Processed prompts:  16%|█▌        | 5/32 [10:04<29:35, 65.75s/it, est. speed input: 1.00 toks/s, output: 59.75 toks/s]
[36m(WorkerDict pid=2846346)[0m Processed prompts:  84%|████████▍ | 27/32 [10:08<00:29,  5.98s/it, est. speed input: 2.56 toks/s, output: 288.85 toks/s]
[36m(WorkerDict pid=2846347)[0m Processed prompts:  72%|███████▏  | 23/32 [10:12<01:06,  7.43s/it, est. speed input: 3.49 toks/s, output: 248.49 toks/s]
[36m(WorkerDict pid=2846344)[0m Processed prompts: 100%|██████████| 32/32 [10:16<00:00, 46.12s/it, est. speed input: 1.76 toks/s, output: 184.39 toks/s]Processed prompts: 100%|██████████| 32/32 [10:16<00:00, 46.12s/it, est. speed input: 1.76 toks/s, output: 184.39 toks/s]
[36m(WorkerDict pid=2846339)[0m Processed prompts: 100%|██████████| 32/32 [10:26<00:00, 19.58s/it, est. speed input: 4.01 toks/s, output: 234.06 toks/s]
[36m(WorkerDict pid=2846344)[0m Processed prompts: 100%|██████████| 32/32 [10:27<00:00, 19.60s/it, est. speed input: 1.76 toks/s, output: 184.39 toks/s]
[36m(WorkerDict pid=2846345)[0m Processed prompts: 100%|██████████| 32/32 [10:26<00:00, 19.58s/it, est. speed input: 2.80 toks/s, output: 206.76 toks/s]
[36m(WorkerDict pid=2846342)[0m Processed prompts: 100%|██████████| 32/32 [10:26<00:00, 19.58s/it, est. speed input: 3.78 toks/s, output: 213.87 toks/s]
[36m(WorkerDict pid=2846341)[0m Processed prompts: 100%|██████████| 32/32 [10:26<00:00, 19.57s/it, est. speed input: 3.01 toks/s, output: 228.69 toks/s]
[36m(WorkerDict pid=2846343)[0m Processed prompts: 100%|██████████| 32/32 [10:26<00:00, 19.59s/it, est. speed input: 5.82 toks/s, output: 242.26 toks/s]
[36m(WorkerDict pid=2846340)[0m Processed prompts: 100%|██████████| 32/32 [10:26<00:00, 19.58s/it, est. speed input: 4.60 toks/s, output: 198.24 toks/s]
[36m(WorkerDict pid=2846338)[0m Processed prompts: 100%|██████████| 32/32 [10:26<00:00, 19.59s/it, est. speed input: 3.58 toks/s, output: 237.56 toks/s]
[36m(WorkerDict pid=2846348)[0m Processed prompts:  53%|█████▎    | 17/32 [10:28<03:53, 15.57s/it, est. speed input: 3.03 toks/s, output: 180.36 toks/s]
[36m(WorkerDict pid=2846347)[0m Processed prompts:  75%|███████▌  | 24/32 [10:29<01:22, 10.26s/it, est. speed input: 3.46 toks/s, output: 254.69 toks/s]
[36m(WorkerDict pid=2846347)[0m Processed prompts:  78%|███████▊  | 25/32 [10:34<01:00,  8.64s/it, est. speed input: 3.64 toks/s, output: 265.59 toks/s]
[36m(WorkerDict pid=2846350)[0m Processed prompts:  28%|██▊       | 9/32 [10:36<11:49, 30.86s/it, est. speed input: 0.33 toks/s, output: 101.92 toks/s]
[36m(WorkerDict pid=2846349)[0m Processed prompts:  53%|█████▎    | 17/32 [10:37<05:41, 22.76s/it, est. speed input: 4.05 toks/s, output: 174.94 toks/s]
[36m(WorkerDict pid=2846352)[0m Processed prompts:  19%|█▉        | 6/32 [10:37<23:35, 54.44s/it, est. speed input: 1.15 toks/s, output: 69.56 toks/s]
[36m(WorkerDict pid=2846351)[0m Processed prompts:  34%|███▍      | 11/32 [10:37<09:55, 28.35s/it, est. speed input: 2.67 toks/s, output: 119.19 toks/s]
[36m(WorkerDict pid=2846350)[0m Processed prompts:  34%|███▍      | 11/32 [10:43<06:17, 18.00s/it, est. speed input: 0.39 toks/s, output: 126.32 toks/s]
[36m(WorkerDict pid=2846352)[0m Processed prompts:  22%|██▏       | 7/32 [10:50<17:08, 41.13s/it, est. speed input: 1.26 toks/s, output: 80.94 toks/s]
[36m(WorkerDict pid=2846352)[0m Processed prompts:  25%|██▌       | 8/32 [10:51<11:20, 28.36s/it, est. speed input: 1.46 toks/s, output: 93.65 toks/s]
[36m(WorkerDict pid=2846348)[0m Processed prompts:  56%|█████▋    | 18/32 [10:52<04:11, 17.99s/it, est. speed input: 3.10 toks/s, output: 186.66 toks/s]
[36m(WorkerDict pid=2846348)[0m Processed prompts:  59%|█████▉    | 19/32 [11:00<03:16, 15.10s/it, est. speed input: 3.23 toks/s, output: 197.13 toks/s]
[36m(WorkerDict pid=2846347)[0m Processed prompts:  81%|████████▏ | 26/32 [11:02<01:26, 14.49s/it, est. speed input: 3.69 toks/s, output: 267.15 toks/s]
[36m(WorkerDict pid=2846350)[0m Processed prompts:  38%|███▊      | 12/32 [11:03<06:06, 18.34s/it, est. speed input: 0.42 toks/s, output: 135.46 toks/s]
[36m(WorkerDict pid=2846346)[0m Processed prompts:  88%|████████▊ | 28/32 [11:08<01:28, 22.23s/it, est. speed input: 2.39 toks/s, output: 275.69 toks/s]
[36m(WorkerDict pid=2846346)[0m Processed prompts:  91%|█████████ | 29/32 [11:11<00:49, 16.51s/it, est. speed input: 2.44 toks/s, output: 287.21 toks/s]
[36m(WorkerDict pid=2846352)[0m Processed prompts:  28%|██▊       | 9/32 [11:13<09:59, 26.07s/it, est. speed input: 1.60 toks/s, output: 103.56 toks/s]
[36m(WorkerDict pid=2846352)[0m Processed prompts:  31%|███▏      | 10/32 [11:14<06:45, 18.41s/it, est. speed input: 1.79 toks/s, output: 116.20 toks/s]
[36m(WorkerDict pid=2846350)[0m Processed prompts:  41%|████      | 13/32 [11:19<05:36, 17.69s/it, est. speed input: 0.44 toks/s, output: 145.11 toks/s]
[36m(WorkerDict pid=2846348)[0m Processed prompts:  62%|██████▎   | 20/32 [11:18<03:12, 16.03s/it, est. speed input: 3.31 toks/s, output: 204.68 toks/s]
[36m(WorkerDict pid=2846349)[0m Processed prompts:  56%|█████▋    | 18/32 [11:27<07:11, 30.84s/it, est. speed input: 3.91 toks/s, output: 175.12 toks/s]
[36m(WorkerDict pid=2846349)[0m Processed prompts:  59%|█████▉    | 19/32 [11:31<04:56, 22.83s/it, est. speed input: 4.04 toks/s, output: 186.89 toks/s]
[36m(WorkerDict pid=2846348)[0m Processed prompts:  66%|██████▌   | 21/32 [11:40<03:14, 17.72s/it, est. speed input: 3.36 toks/s, output: 211.18 toks/s]
[36m(WorkerDict pid=2846352)[0m Processed prompts:  34%|███▍      | 11/32 [11:42<07:26, 21.26s/it, est. speed input: 1.90 toks/s, output: 124.44 toks/s]
[36m(WorkerDict pid=2846348)[0m Processed prompts:  69%|██████▉   | 22/32 [11:43<02:13, 13.35s/it, est. speed input: 3.51 toks/s, output: 223.05 toks/s]
[36m(WorkerDict pid=2846352)[0m Processed prompts:  38%|███▊      | 12/32 [11:44<05:09, 15.49s/it, est. speed input: 2.08 toks/s, output: 136.86 toks/s]
[36m(WorkerDict pid=2846349)[0m Processed prompts:  62%|██████▎   | 20/32 [11:44<04:00, 20.00s/it, est. speed input: 4.11 toks/s, output: 196.15 toks/s]
[36m(WorkerDict pid=2846349)[0m Processed prompts:  66%|██████▌   | 21/32 [11:47<02:41, 14.73s/it, est. speed input: 4.25 toks/s, output: 208.29 toks/s]
[36m(WorkerDict pid=2846347)[0m Processed prompts:  84%|████████▍ | 27/32 [11:51<02:04, 24.97s/it, est. speed input: 3.49 toks/s, output: 261.42 toks/s]
[36m(WorkerDict pid=2846348)[0m Processed prompts:  72%|███████▏  | 23/32 [11:52<01:48, 12.00s/it, est. speed input: 3.63 toks/s, output: 233.11 toks/s]
[36m(WorkerDict pid=2846348)[0m Processed prompts:  75%|███████▌  | 24/32 [12:05<01:38, 12.29s/it, est. speed input: 3.72 toks/s, output: 241.76 toks/s]
[36m(WorkerDict pid=2846349)[0m Processed prompts:  69%|██████▉   | 22/32 [12:09<02:49, 16.99s/it, est. speed input: 4.26 toks/s, output: 214.75 toks/s]
[36m(WorkerDict pid=2846352)[0m Processed prompts:  41%|████      | 13/32 [12:09<05:48, 18.35s/it, est. speed input: 2.13 toks/s, output: 145.01 toks/s]
[36m(WorkerDict pid=2846351)[0m Processed prompts:  38%|███▊      | 12/32 [12:12<16:12, 48.65s/it, est. speed input: 2.54 toks/s, output: 116.55 toks/s]
[36m(WorkerDict pid=2846347)[0m Processed prompts:  88%|████████▊ | 28/32 [12:13<01:35, 23.91s/it, est. speed input: 3.57 toks/s, output: 266.60 toks/s]
[36m(WorkerDict pid=2846347)[0m Processed prompts:  91%|█████████ | 29/32 [12:13<00:50, 16.95s/it, est. speed input: 3.62 toks/s, output: 279.16 toks/s]
[36m(WorkerDict pid=2846346)[0m Processed prompts:  94%|█████████▍| 30/32 [12:14<01:00, 30.48s/it, est. speed input: 2.29 toks/s, output: 275.37 toks/s]
[36m(WorkerDict pid=2846349)[0m Processed prompts:  72%|███████▏  | 23/32 [12:17<02:06, 14.09s/it, est. speed input: 4.36 toks/s, output: 225.43 toks/s]
[36m(WorkerDict pid=2846352)[0m Processed prompts:  44%|████▍     | 14/32 [12:16<04:32, 15.12s/it, est. speed input: 2.23 toks/s, output: 156.32 toks/s]
[36m(WorkerDict pid=2846352)[0m Processed prompts:  47%|████▋     | 15/32 [12:18<03:07, 11.00s/it, est. speed input: 2.35 toks/s, output: 168.84 toks/s]
[36m(WorkerDict pid=2846350)[0m Processed prompts:  44%|████▍     | 14/32 [12:19<08:50, 29.50s/it, est. speed input: 0.44 toks/s, output: 146.02 toks/s]
[36m(WorkerDict pid=2846348)[0m Processed prompts:  78%|███████▊  | 25/32 [12:24<01:39, 14.29s/it, est. speed input: 3.77 toks/s, output: 248.43 toks/s]
[36m(WorkerDict pid=2846352)[0m Processed prompts:  50%|█████     | 16/32 [12:47<04:21, 16.36s/it, est. speed input: 2.38 toks/s, output: 175.33 toks/s]
[36m(WorkerDict pid=2846348)[0m Processed prompts:  81%|████████▏ | 26/32 [12:54<01:54, 19.09s/it, est. speed input: 3.77 toks/s, output: 251.53 toks/s]
[36m(WorkerDict pid=2846352)[0m Processed prompts:  53%|█████▎    | 17/32 [12:59<03:47, 15.15s/it, est. speed input: 2.51 toks/s, output: 185.38 toks/s]
[36m(WorkerDict pid=2846352)[0m Processed prompts:  56%|█████▋    | 18/32 [12:59<02:29, 10.68s/it, est. speed input: 2.67 toks/s, output: 198.14 toks/s]
[36m(WorkerDict pid=2846349)[0m Processed prompts:  75%|███████▌  | 24/32 [13:01<03:06, 23.28s/it, est. speed input: 4.25 toks/s, output: 225.35 toks/s]
[36m(WorkerDict pid=2846348)[0m Processed prompts:  84%|████████▍ | 27/32 [13:07<01:25, 17.15s/it, est. speed input: 3.85 toks/s, output: 260.32 toks/s]
[36m(WorkerDict pid=2846349)[0m Processed prompts:  78%|███████▊  | 25/32 [13:16<02:25, 20.83s/it, est. speed input: 4.30 toks/s, output: 233.89 toks/s]
[36m(WorkerDict pid=2846348)[0m Processed prompts:  88%|████████▊ | 28/32 [13:16<00:59, 14.85s/it, est. speed input: 3.95 toks/s, output: 270.05 toks/s]
[36m(WorkerDict pid=2846352)[0m Processed prompts:  59%|█████▉    | 19/32 [13:19<02:52, 13.30s/it, est. speed input: 2.72 toks/s, output: 206.15 toks/s]
[36m(WorkerDict pid=2846348)[0m Processed prompts:  91%|█████████ | 29/32 [13:24<00:38, 12.81s/it, est. speed input: 4.05 toks/s, output: 280.16 toks/s]
[36m(WorkerDict pid=2846351)[0m Processed prompts:  41%|████      | 13/32 [13:25<17:43, 55.99s/it, est. speed input: 2.35 toks/s, output: 118.83 toks/s]
[36m(WorkerDict pid=2846349)[0m Processed prompts:  81%|████████▏ | 26/32 [13:26<01:44, 17.42s/it, est. speed input: 4.38 toks/s, output: 243.96 toks/s]
[36m(WorkerDict pid=2846352)[0m Processed prompts:  62%|██████▎   | 20/32 [13:25<02:15, 11.27s/it, est. speed input: 2.81 toks/s, output: 217.30 toks/s]
[36m(WorkerDict pid=2846349)[0m Processed prompts:  84%|████████▍ | 27/32 [13:28<01:04, 12.94s/it, est. speed input: 4.49 toks/s, output: 256.02 toks/s]
[36m(WorkerDict pid=2846349)[0m Processed prompts:  88%|████████▊ | 28/32 [13:33<00:41, 10.44s/it, est. speed input: 4.60 toks/s, output: 267.39 toks/s]
[36m(WorkerDict pid=2846346)[0m Processed prompts:  97%|█████████▋| 31/32 [13:33<00:45, 45.09s/it, est. speed input: 2.11 toks/s, output: 261.39 toks/s]
[36m(WorkerDict pid=2846352)[0m Processed prompts:  66%|██████▌   | 21/32 [13:35<02:00, 10.91s/it, est. speed input: 2.89 toks/s, output: 227.44 toks/s]
[36m(WorkerDict pid=2846348)[0m Processed prompts:  94%|█████████▍| 30/32 [13:40<00:27, 13.66s/it, est. speed input: 4.11 toks/s, output: 287.64 toks/s]
[36m(WorkerDict pid=2846349)[0m Processed prompts:  91%|█████████ | 29/32 [13:47<00:34, 11.43s/it, est. speed input: 4.65 toks/s, output: 275.76 toks/s]
[36m(WorkerDict pid=2846351)[0m Processed prompts:  44%|████▍     | 14/32 [13:47<13:42, 45.69s/it, est. speed input: 2.48 toks/s, output: 128.50 toks/s]
[36m(WorkerDict pid=2846351)[0m Processed prompts:  47%|████▋     | 15/32 [13:49<09:11, 32.42s/it, est. speed input: 2.66 toks/s, output: 141.06 toks/s]
[36m(WorkerDict pid=2846350)[0m Processed prompts:  47%|████▋     | 15/32 [13:54<13:32, 47.81s/it, est. speed input: 0.41 toks/s, output: 142.29 toks/s]
[36m(WorkerDict pid=2846346)[0m Processed prompts: 100%|██████████| 32/32 [13:56<00:00, 38.27s/it, est. speed input: 2.10 toks/s, output: 267.21 toks/s]Processed prompts: 100%|██████████| 32/32 [13:56<00:00, 38.27s/it, est. speed input: 2.10 toks/s, output: 267.21 toks/s]
[36m(WorkerDict pid=2846352)[0m Processed prompts:  69%|██████▉   | 22/32 [14:02<02:37, 15.76s/it, est. speed input: 2.95 toks/s, output: 232.95 toks/s]
[36m(WorkerDict pid=2846348)[0m Processed prompts:  97%|█████████▋| 31/32 [14:05<00:17, 17.10s/it, est. speed input: 4.12 toks/s, output: 291.91 toks/s]
[36m(WorkerDict pid=2846351)[0m Processed prompts:  50%|█████     | 16/32 [14:07<07:31, 28.23s/it, est. speed input: 2.64 toks/s, output: 150.80 toks/s]
[36m(WorkerDict pid=2846352)[0m Processed prompts:  72%|███████▏  | 23/32 [14:08<01:55, 12.86s/it, est. speed input: 3.08 toks/s, output: 244.10 toks/s]
[36m(WorkerDict pid=2846349)[0m Processed prompts:  94%|█████████▍| 30/32 [14:11<00:30, 15.18s/it, est. speed input: 4.64 toks/s, output: 280.82 toks/s]
[36m(WorkerDict pid=2846350)[0m Processed prompts:  50%|█████     | 16/32 [14:12<10:30, 39.38s/it, est. speed input: 0.43 toks/s, output: 152.02 toks/s]
[36m(WorkerDict pid=2846351)[0m Processed prompts:  53%|█████▎    | 17/32 [14:13<05:20, 21.38s/it, est. speed input: 2.67 toks/s, output: 162.65 toks/s]
[36m(WorkerDict pid=2846351)[0m Processed prompts:  56%|█████▋    | 18/32 [14:18<03:52, 16.60s/it, est. speed input: 2.83 toks/s, output: 174.44 toks/s]
[36m(WorkerDict pid=2846352)[0m Processed prompts:  75%|███████▌  | 24/32 [14:19<01:37, 12.21s/it, est. speed input: 3.14 toks/s, output: 253.89 toks/s]
[36m(WorkerDict pid=2846352)[0m Processed prompts:  78%|███████▊  | 25/32 [14:22<01:05,  9.30s/it, est. speed input: 3.24 toks/s, output: 265.99 toks/s]
[36m(WorkerDict pid=2846349)[0m Processed prompts:  97%|█████████▋| 31/32 [14:28<00:15, 15.91s/it, est. speed input: 4.67 toks/s, output: 287.94 toks/s]
[36m(WorkerDict pid=2846349)[0m Processed prompts: 100%|██████████| 32/32 [14:29<00:00, 11.38s/it, est. speed input: 4.78 toks/s, output: 300.50 toks/s]Processed prompts: 100%|██████████| 32/32 [14:29<00:00, 11.38s/it, est. speed input: 4.78 toks/s, output: 300.50 toks/s]
[36m(WorkerDict pid=2846352)[0m Processed prompts:  81%|████████▏ | 26/32 [14:42<01:16, 12.69s/it, est. speed input: 3.31 toks/s, output: 272.62 toks/s]
[36m(WorkerDict pid=2846352)[0m Processed prompts:  84%|████████▍ | 27/32 [14:44<00:47,  9.43s/it, est. speed input: 3.41 toks/s, output: 284.89 toks/s]
[36m(WorkerDict pid=2846352)[0m Processed prompts:  88%|████████▊ | 28/32 [14:49<00:32,  8.10s/it, est. speed input: 3.53 toks/s, output: 296.14 toks/s]
[36m(WorkerDict pid=2846352)[0m Processed prompts:  91%|█████████ | 29/32 [15:05<00:31, 10.37s/it, est. speed input: 3.57 toks/s, output: 303.86 toks/s]
[36m(WorkerDict pid=2846351)[0m Processed prompts:  59%|█████▉    | 19/32 [15:06<05:36, 25.90s/it, est. speed input: 2.72 toks/s, output: 178.13 toks/s]
[36m(WorkerDict pid=2846351)[0m Processed prompts:  62%|██████▎   | 20/32 [15:11<03:55, 19.65s/it, est. speed input: 2.74 toks/s, output: 189.99 toks/s]
[36m(WorkerDict pid=2846347)[0m Processed prompts:  94%|█████████▍| 30/32 [15:14<02:12, 66.13s/it, est. speed input: 2.94 toks/s, output: 236.81 toks/s]
[36m(WorkerDict pid=2846350)[0m Processed prompts:  53%|█████▎    | 17/32 [15:17<11:42, 46.86s/it, est. speed input: 0.45 toks/s, output: 154.08 toks/s]
[36m(WorkerDict pid=2846350)[0m Processed prompts:  56%|█████▋    | 18/32 [15:26<08:18, 35.62s/it, est. speed input: 0.50 toks/s, output: 165.51 toks/s]
[36m(WorkerDict pid=2846351)[0m Processed prompts:  66%|██████▌   | 21/32 [15:28<03:28, 18.99s/it, est. speed input: 2.73 toks/s, output: 199.26 toks/s]
[36m(WorkerDict pid=2846351)[0m Processed prompts:  69%|██████▉   | 22/32 [15:29<02:15, 13.54s/it, est. speed input: 2.76 toks/s, output: 211.94 toks/s]
[36m(WorkerDict pid=2846347)[0m Processed prompts:  97%|█████████▋| 31/32 [15:46<00:55, 55.77s/it, est. speed input: 2.89 toks/s, output: 241.76 toks/s]
[36m(WorkerDict pid=2846351)[0m Processed prompts:  72%|███████▏  | 23/32 [15:47<02:14, 14.97s/it, est. speed input: 2.75 toks/s, output: 220.70 toks/s]
[36m(WorkerDict pid=2846347)[0m Processed prompts: 100%|██████████| 32/32 [15:55<00:00, 41.90s/it, est. speed input: 2.90 toks/s, output: 252.20 toks/s]Processed prompts: 100%|██████████| 32/32 [15:55<00:00, 41.90s/it, est. speed input: 2.90 toks/s, output: 252.20 toks/s]
[36m(WorkerDict pid=2846351)[0m Processed prompts:  75%|███████▌  | 24/32 [15:59<01:51, 13.94s/it, est. speed input: 2.75 toks/s, output: 230.90 toks/s]
[36m(WorkerDict pid=2846351)[0m Processed prompts:  78%|███████▊  | 25/32 [16:00<01:10, 10.08s/it, est. speed input: 2.91 toks/s, output: 243.50 toks/s]
[36m(WorkerDict pid=2846350)[0m Processed prompts:  59%|█████▉    | 19/32 [16:20<08:52, 40.99s/it, est. speed input: 0.52 toks/s, output: 169.28 toks/s]
[36m(WorkerDict pid=2846350)[0m Processed prompts:  62%|██████▎   | 20/32 [16:22<05:54, 29.52s/it, est. speed input: 0.56 toks/s, output: 181.73 toks/s]
[36m(WorkerDict pid=2846352)[0m Processed prompts:  94%|█████████▍| 30/32 [16:24<01:01, 30.94s/it, est. speed input: 3.38 toks/s, output: 292.36 toks/s]
[36m(WorkerDict pid=2846350)[0m Processed prompts:  66%|██████▌   | 21/32 [16:34<04:25, 24.16s/it, est. speed input: 0.60 toks/s, output: 192.49 toks/s]
[36m(WorkerDict pid=2846351)[0m Processed prompts:  81%|████████▏ | 26/32 [16:38<01:50, 18.39s/it, est. speed input: 2.83 toks/s, output: 247.15 toks/s]
[36m(WorkerDict pid=2846351)[0m Processed prompts:  88%|████████▊ | 28/32 [16:39<00:41, 10.29s/it, est. speed input: 2.90 toks/s, output: 272.46 toks/s]
[36m(WorkerDict pid=2846351)[0m Processed prompts:  91%|█████████ | 29/32 [16:41<00:24,  8.24s/it, est. speed input: 2.93 toks/s, output: 284.78 toks/s]
[36m(WorkerDict pid=2846350)[0m Processed prompts:  69%|██████▉   | 22/32 [16:53<03:46, 22.67s/it, est. speed input: 0.64 toks/s, output: 201.72 toks/s]
[36m(WorkerDict pid=2846350)[0m Processed prompts:  72%|███████▏  | 23/32 [17:05<02:55, 19.52s/it, est. speed input: 0.67 toks/s, output: 212.20 toks/s]
[36m(WorkerDict pid=2846353)[0m Processed prompts:  50%|█████     | 16/32 [17:05<39:54, 149.64s/it, est. speed input: 1.24 toks/s, output: 102.15 toks/s]
[36m(WorkerDict pid=2846350)[0m Processed prompts:  75%|███████▌  | 24/32 [17:06<01:52, 14.01s/it, est. speed input: 0.72 toks/s, output: 224.85 toks/s]
[36m(WorkerDict pid=2846351)[0m Processed prompts:  94%|█████████▍| 30/32 [17:14<00:29, 14.66s/it, est. speed input: 2.87 toks/s, output: 288.64 toks/s]
[36m(WorkerDict pid=2846350)[0m Processed prompts:  78%|███████▊  | 25/32 [17:20<01:37, 13.95s/it, est. speed input: 0.75 toks/s, output: 234.74 toks/s]
[36m(WorkerDict pid=2846351)[0m Processed prompts:  97%|█████████▋| 31/32 [17:29<00:14, 14.70s/it, est. speed input: 2.86 toks/s, output: 297.46 toks/s]
[36m(WorkerDict pid=2846350)[0m Processed prompts:  81%|████████▏ | 26/32 [17:47<01:47, 17.95s/it, est. speed input: 0.78 toks/s, output: 241.61 toks/s]
[36m(WorkerDict pid=2846350)[0m Processed prompts:  84%|████████▍ | 27/32 [18:02<01:24, 16.92s/it, est. speed input: 0.81 toks/s, output: 251.25 toks/s]
[36m(WorkerDict pid=2846353)[0m Processed prompts:  53%|█████▎    | 17/32 [18:03<30:29, 121.94s/it, est. speed input: 1.22 toks/s, output: 109.61 toks/s]
[36m(WorkerDict pid=2846352)[0m Processed prompts:  97%|█████████▋| 31/32 [18:47<01:04, 64.64s/it, est. speed input: 3.03 toks/s, output: 268.09 toks/s]
[36m(WorkerDict pid=2846351)[0m Processed prompts: 100%|██████████| 32/32 [19:35<00:00, 45.73s/it, est. speed input: 2.59 toks/s, output: 278.57 toks/s]Processed prompts: 100%|██████████| 32/32 [19:35<00:00, 45.73s/it, est. speed input: 2.59 toks/s, output: 278.57 toks/s]
[36m(WorkerDict pid=2846350)[0m Processed prompts:  88%|████████▊ | 28/32 [19:48<02:54, 43.60s/it, est. speed input: 0.77 toks/s, output: 241.75 toks/s]
[36m(WorkerDict pid=2846348)[0m Processed prompts: 100%|██████████| 32/32 [19:49<00:00, 115.24s/it, est. speed input: 3.03 toks/s, output: 220.36 toks/s]Processed prompts: 100%|██████████| 32/32 [19:49<00:00, 115.24s/it, est. speed input: 3.03 toks/s, output: 220.36 toks/s]
[36m(WorkerDict pid=2846350)[0m Processed prompts:  91%|█████████ | 29/32 [20:05<01:47, 35.78s/it, est. speed input: 0.80 toks/s, output: 251.13 toks/s]
[36m(WorkerDict pid=2846352)[0m Processed prompts: 100%|██████████| 32/32 [20:32<00:00, 76.79s/it, est. speed input: 2.84 toks/s, output: 258.13 toks/s]Processed prompts: 100%|██████████| 32/32 [20:32<00:00, 76.79s/it, est. speed input: 2.84 toks/s, output: 258.13 toks/s]
[36m(WorkerDict pid=2846349)[0m Processed prompts: 100%|██████████| 32/32 [21:10<00:00, 39.70s/it, est. speed input: 4.78 toks/s, output: 300.50 toks/s]
[36m(WorkerDict pid=2846346)[0m Processed prompts: 100%|██████████| 32/32 [21:10<00:00, 39.70s/it, est. speed input: 2.10 toks/s, output: 267.21 toks/s]
[36m(WorkerDict pid=2846352)[0m Processed prompts: 100%|██████████| 32/32 [21:09<00:00, 39.68s/it, est. speed input: 2.84 toks/s, output: 258.13 toks/s]
[36m(WorkerDict pid=2846347)[0m Processed prompts: 100%|██████████| 32/32 [21:10<00:00, 39.69s/it, est. speed input: 2.90 toks/s, output: 252.20 toks/s]
[36m(WorkerDict pid=2846350)[0m Processed prompts:  94%|█████████▍| 30/32 [21:10<01:29, 44.50s/it, est. speed input: 0.80 toks/s, output: 251.20 toks/s]Processed prompts: 100%|██████████| 32/32 [21:10<00:00, 44.50s/it, est. speed input: 0.87 toks/s, output: 276.99 toks/s]Processed prompts: 100%|██████████| 32/32 [21:10<00:00, 39.70s/it, est. speed input: 0.87 toks/s, output: 276.99 toks/s]
[36m(WorkerDict pid=2846353)[0m Processed prompts:  56%|█████▋    | 18/32 [21:10<33:01, 141.53s/it, est. speed input: 1.10 toks/s, output: 106.36 toks/s]Processed prompts: 100%|██████████| 32/32 [21:10<00:00, 141.53s/it, est. speed input: 1.60 toks/s, output: 286.91 toks/s]Processed prompts: 100%|██████████| 32/32 [21:10<00:00, 39.70s/it, est. speed input: 1.60 toks/s, output: 286.91 toks/s] 
[36m(WorkerDict pid=2846348)[0m Processed prompts: 100%|██████████| 32/32 [21:09<00:00, 39.69s/it, est. speed input: 3.03 toks/s, output: 220.36 toks/s] 
[36m(WorkerDict pid=2846351)[0m Processed prompts: 100%|██████████| 32/32 [21:09<00:00, 39.69s/it, est. speed input: 2.59 toks/s, output: 278.57 toks/s]
[36m(TaskRunner pid=2843659)[0m Training Progress: 100%|██████████| 5/5 [2:05:14<00:00, 1498.17s/it]Training Progress: 100%|██████████| 5/5 [2:05:14<00:00, 1502.81s/it]
[36m(WorkerDict pid=2846344)[0m [ERROR] TBE Subprocess[task_distribute] raise error[], main process disappeared!
[36m(WorkerDict pid=2846344)[0m [ERROR] TBE Subprocess[task_distribute] raise error[], main process disappeared!
[36m(WorkerDict pid=2846344)[0m [ERROR] TBE Subprocess[task_distribute] raise error[], main process disappeared!
[36m(WorkerDict pid=2846344)[0m [ERROR] TBE Subprocess[task_distribute] raise error[], main process disappeared!
[36m(WorkerDict pid=2846344)[0m [ERROR] TBE Subprocess[task_distribute] raise error[], main process disappeared!
[36m(WorkerDict pid=2846344)[0m [ERROR] TBE Subprocess[task_distribute] raise error[], main process disappeared!
[36m(WorkerDict pid=2846344)[0m [ERROR] TBE Subprocess[task_distribute] raise error[], main process disappeared!
[36m(WorkerDict pid=2846344)[0m [ERROR] TBE Subprocess[task_distribute] raise error[], main process disappeared!
[36m(WorkerDict pid=2846343)[0m [ERROR] TBE Subprocess[task_distribute] raise error[], main process disappeared!
[36m(WorkerDict pid=2846343)[0m [ERROR] TBE Subprocess[task_distribute] raise error[], main process disappeared!
[36m(WorkerDict pid=2846343)[0m [ERROR] TBE Subprocess[task_distribute] raise error[], main process disappeared!
[36m(WorkerDict pid=2846343)[0m [ERROR] TBE Subprocess[task_distribute] raise error[], main process disappeared!
[36m(WorkerDict pid=2846343)[0m [ERROR] TBE Subprocess[task_distribute] raise error[], main process disappeared!
[36m(WorkerDict pid=2846343)[0m [ERROR] TBE Subprocess[task_distribute] raise error[], main process disappeared!
[36m(WorkerDict pid=2846343)[0m [ERROR] TBE Subprocess[task_distribute] raise error[], main process disappeared!
[36m(WorkerDict pid=2846343)[0m [ERROR] TBE Subprocess[task_distribute] raise error[], main process disappeared!
[36m(WorkerDict pid=2846352)[0m [ERROR] TBE Subprocess[task_distribute] raise error[], main process disappeared!
[36m(WorkerDict pid=2846352)[0m [ERROR] TBE Subprocess[task_distribute] raise error[], main process disappeared!
[36m(WorkerDict pid=2846352)[0m [ERROR] TBE Subprocess[task_distribute] raise error[], main process disappeared!
[36m(WorkerDict pid=2846352)[0m [ERROR] TBE Subprocess[task_distribute] raise error[], main process disappeared!
[36m(WorkerDict pid=2846352)[0m [ERROR] TBE Subprocess[task_distribute] raise error[], main process disappeared!
[36m(WorkerDict pid=2846352)[0m [ERROR] TBE Subprocess[task_distribute] raise error[], main process disappeared!
[36m(WorkerDict pid=2846352)[0m [ERROR] TBE Subprocess[task_distribute] raise error[], main process disappeared!
[36m(WorkerDict pid=2846352)[0m [ERROR] TBE Subprocess[task_distribute] raise error[], main process disappeared!
[36m(WorkerDict pid=2846350)[0m [ERROR] TBE Subprocess[task_distribute] raise error[], main process disappeared!
[36m(WorkerDict pid=2846350)[0m [ERROR] TBE Subprocess[task_distribute] raise error[], main process disappeared!
[36m(WorkerDict pid=2846350)[0m [ERROR] TBE Subprocess[task_distribute] raise error[], main process disappeared!
[36m(WorkerDict pid=2846350)[0m [ERROR] TBE Subprocess[task_distribute] raise error[], main process disappeared!
[36m(WorkerDict pid=2846350)[0m [ERROR] TBE Subprocess[task_distribute] raise error[], main process disappeared!
[36m(WorkerDict pid=2846350)[0m [ERROR] TBE Subprocess[task_distribute] raise error[], main process disappeared!
[36m(WorkerDict pid=2846350)[0m [ERROR] TBE Subprocess[task_distribute] raise error[], main process disappeared!
[36m(WorkerDict pid=2846350)[0m [ERROR] TBE Subprocess[task_distribute] raise error[], main process disappeared!
[36m(WorkerDict pid=2846351)[0m [ERROR] TBE Subprocess[task_distribute] raise error[], main process disappeared!
[36m(WorkerDict pid=2846351)[0m [ERROR] TBE Subprocess[task_distribute] raise error[], main process disappeared!
[36m(WorkerDict pid=2846351)[0m [ERROR] TBE Subprocess[task_distribute] raise error[], main process disappeared!
[36m(WorkerDict pid=2846351)[0m [ERROR] TBE Subprocess[task_distribute] raise error[], main process disappeared!
[36m(WorkerDict pid=2846351)[0m [ERROR] TBE Subprocess[task_distribute] raise error[], main process disappeared!
[36m(WorkerDict pid=2846351)[0m [ERROR] TBE Subprocess[task_distribute] raise error[], main process disappeared!
[36m(WorkerDict pid=2846351)[0m [ERROR] TBE Subprocess[task_distribute] raise error[], main process disappeared!
[36m(WorkerDict pid=2846351)[0m [ERROR] TBE Subprocess[task_distribute] raise error[], main process disappeared!
[36m(WorkerDict pid=2846339)[0m [ERROR] TBE Subprocess[task_distribute] raise error[], main process disappeared!
[36m(WorkerDict pid=2846339)[0m [ERROR] TBE Subprocess[task_distribute] raise error[], main process disappeared!
[36m(WorkerDict pid=2846339)[0m [ERROR] TBE Subprocess[task_distribute] raise error[], main process disappeared!
[36m(WorkerDict pid=2846339)[0m [ERROR] TBE Subprocess[task_distribute] raise error[], main process disappeared!
[36m(WorkerDict pid=2846339)[0m [ERROR] TBE Subprocess[task_distribute] raise error[], main process disappeared!
[36m(WorkerDict pid=2846339)[0m [ERROR] TBE Subprocess[task_distribute] raise error[], main process disappeared!
[36m(WorkerDict pid=2846339)[0m [ERROR] TBE Subprocess[task_distribute] raise error[], main process disappeared!
[36m(WorkerDict pid=2846339)[0m [ERROR] TBE Subprocess[task_distribute] raise error[], main process disappeared!
[36m(WorkerDict pid=2846345)[0m [ERROR] TBE Subprocess[task_distribute] raise error[], main process disappeared!
[36m(WorkerDict pid=2846345)[0m [ERROR] TBE Subprocess[task_distribute] raise error[], main process disappeared!
[36m(WorkerDict pid=2846345)[0m [ERROR] TBE Subprocess[task_distribute] raise error[], main process disappeared!
[36m(WorkerDict pid=2846345)[0m [ERROR] TBE Subprocess[task_distribute] raise error[], main process disappeared!
[36m(WorkerDict pid=2846345)[0m [ERROR] TBE Subprocess[task_distribute] raise error[], main process disappeared!
[36m(WorkerDict pid=2846345)[0m [ERROR] TBE Subprocess[task_distribute] raise error[], main process disappeared!
[36m(WorkerDict pid=2846345)[0m [ERROR] TBE Subprocess[task_distribute] raise error[], main process disappeared!
[36m(WorkerDict pid=2846345)[0m [ERROR] TBE Subprocess[task_distribute] raise error[], main process disappeared!
[36m(WorkerDict pid=2846342)[0m [ERROR] TBE Subprocess[task_distribute] raise error[], main process disappeared!
[36m(WorkerDict pid=2846342)[0m [ERROR] TBE Subprocess[task_distribute] raise error[], main process disappeared!
[36m(WorkerDict pid=2846342)[0m [ERROR] TBE Subprocess[task_distribute] raise error[], main process disappeared!
[36m(WorkerDict pid=2846342)[0m [ERROR] TBE Subprocess[task_distribute] raise error[], main process disappeared!
[36m(WorkerDict pid=2846342)[0m [ERROR] TBE Subprocess[task_distribute] raise error[], main process disappeared!
[36m(WorkerDict pid=2846342)[0m [ERROR] TBE Subprocess[task_distribute] raise error[], main process disappeared!
[36m(WorkerDict pid=2846342)[0m [ERROR] TBE Subprocess[task_distribute] raise error[], main process disappeared!
[36m(WorkerDict pid=2846342)[0m [ERROR] TBE Subprocess[task_distribute] raise error[], main process disappeared!
[36m(WorkerDict pid=2846341)[0m [ERROR] TBE Subprocess[task_distribute] raise error[], main process disappeared!
[36m(WorkerDict pid=2846341)[0m [ERROR] TBE Subprocess[task_distribute] raise error[], main process disappeared!
[36m(WorkerDict pid=2846341)[0m [ERROR] TBE Subprocess[task_distribute] raise error[], main process disappeared!
[36m(WorkerDict pid=2846341)[0m [ERROR] TBE Subprocess[task_distribute] raise error[], main process disappeared!
[36m(WorkerDict pid=2846341)[0m [ERROR] TBE Subprocess[task_distribute] raise error[], main process disappeared!
[36m(WorkerDict pid=2846341)[0m [ERROR] TBE Subprocess[task_distribute] raise error[], main process disappeared!
[36m(WorkerDict pid=2846341)[0m [ERROR] TBE Subprocess[task_distribute] raise error[], main process disappeared!
[36m(WorkerDict pid=2846341)[0m [ERROR] TBE Subprocess[task_distribute] raise error[], main process disappeared!
[36m(WorkerDict pid=2846340)[0m [ERROR] TBE Subprocess[task_distribute] raise error[], main process disappeared!
[36m(WorkerDict pid=2846340)[0m [ERROR] TBE Subprocess[task_distribute] raise error[], main process disappeared!
[36m(WorkerDict pid=2846340)[0m [ERROR] TBE Subprocess[task_distribute] raise error[], main process disappeared!
[36m(WorkerDict pid=2846340)[0m [ERROR] TBE Subprocess[task_distribute] raise error[], main process disappeared!
[36m(WorkerDict pid=2846340)[0m [ERROR] TBE Subprocess[task_distribute] raise error[], main process disappeared!
[36m(WorkerDict pid=2846340)[0m [ERROR] TBE Subprocess[task_distribute] raise error[], main process disappeared!
[36m(WorkerDict pid=2846340)[0m [ERROR] TBE Subprocess[task_distribute] raise error[], main process disappeared!
[36m(WorkerDict pid=2846340)[0m [ERROR] TBE Subprocess[task_distribute] raise error[], main process disappeared!
[36m(WorkerDict pid=2846338)[0m [ERROR] TBE Subprocess[task_distribute] raise error[], main process disappeared!
[36m(WorkerDict pid=2846338)[0m [ERROR] TBE Subprocess[task_distribute] raise error[], main process disappeared!
[36m(WorkerDict pid=2846338)[0m [ERROR] TBE Subprocess[task_distribute] raise error[], main process disappeared!
[36m(WorkerDict pid=2846338)[0m [ERROR] TBE Subprocess[task_distribute] raise error[], main process disappeared!
[36m(WorkerDict pid=2846338)[0m [ERROR] TBE Subprocess[task_distribute] raise error[], main process disappeared!
[36m(WorkerDict pid=2846338)[0m [ERROR] TBE Subprocess[task_distribute] raise error[], main process disappeared!
[36m(WorkerDict pid=2846338)[0m [ERROR] TBE Subprocess[task_distribute] raise error[], main process disappeared!
[36m(WorkerDict pid=2846338)[0m [ERROR] TBE Subprocess[task_distribute] raise error[], main process disappeared!
[36m(WorkerDict pid=2846346)[0m [ERROR] TBE Subprocess[task_distribute] raise error[], main process disappeared!
[36m(WorkerDict pid=2846346)[0m [ERROR] TBE Subprocess[task_distribute] raise error[], main process disappeared!
[36m(WorkerDict pid=2846346)[0m [ERROR] TBE Subprocess[task_distribute] raise error[], main process disappeared!
[36m(WorkerDict pid=2846346)[0m [ERROR] TBE Subprocess[task_distribute] raise error[], main process disappeared!
[36m(WorkerDict pid=2846346)[0m [ERROR] TBE Subprocess[task_distribute] raise error[], main process disappeared!
[36m(WorkerDict pid=2846346)[0m [ERROR] TBE Subprocess[task_distribute] raise error[], main process disappeared!
[36m(WorkerDict pid=2846346)[0m [ERROR] TBE Subprocess[task_distribute] raise error[], main process disappeared!
[36m(WorkerDict pid=2846346)[0m [ERROR] TBE Subprocess[task_distribute] raise error[], main process disappeared!
[36m(WorkerDict pid=2846352)[0m Process ForkServerProcess-10:
[36m(WorkerDict pid=2846352)[0m Traceback (most recent call last):
[36m(WorkerDict pid=2846352)[0m   File "/usr/local/python3.11.14/lib/python3.11/multiprocessing/process.py", line 314, in _bootstrap
[36m(WorkerDict pid=2846352)[0m     self.run()
[36m(WorkerDict pid=2846352)[0m   File "/usr/local/python3.11.14/lib/python3.11/multiprocessing/process.py", line 108, in run
[36m(WorkerDict pid=2846352)[0m     self._target(*self._args, **self._kwargs)
[36m(WorkerDict pid=2846352)[0m   File "/usr/local/Ascend/cann-8.5.0/python/site-packages/tbe/common/repository_manager/utils/common.py", line 110, in daemon_process
[36m(WorkerDict pid=2846352)[0m     os.kill(mgr_pid, signal.SIGKILL)
[36m(WorkerDict pid=2846352)[0m ProcessLookupError: [Errno 3] No such process
[36m(WorkerDict pid=2846347)[0m [ERROR] TBE Subprocess[task_distribute] raise error[], main process disappeared!
[36m(WorkerDict pid=2846347)[0m [ERROR] TBE Subprocess[task_distribute] raise error[], main process disappeared!
[36m(WorkerDict pid=2846347)[0m [ERROR] TBE Subprocess[task_distribute] raise error[], main process disappeared!
[36m(WorkerDict pid=2846347)[0m [ERROR] TBE Subprocess[task_distribute] raise error[], main process disappeared!
[36m(WorkerDict pid=2846347)[0m [ERROR] TBE Subprocess[task_distribute] raise error[], main process disappeared!
[36m(WorkerDict pid=2846347)[0m [ERROR] TBE Subprocess[task_distribute] raise error[], main process disappeared!
[36m(WorkerDict pid=2846347)[0m [ERROR] TBE Subprocess[task_distribute] raise error[], main process disappeared!
[36m(WorkerDict pid=2846347)[0m [ERROR] TBE Subprocess[task_distribute] raise error[], main process disappeared!
[36m(WorkerDict pid=2846353)[0m [ERROR] TBE Subprocess[task_distribute] raise error[], main process disappeared!
[36m(WorkerDict pid=2846353)[0m [ERROR] TBE Subprocess[task_distribute] raise error[], main process disappeared!
[36m(WorkerDict pid=2846353)[0m [ERROR] TBE Subprocess[task_distribute] raise error[], main process disappeared!
[36m(WorkerDict pid=2846353)[0m [ERROR] TBE Subprocess[task_distribute] raise error[], main process disappeared!
[36m(WorkerDict pid=2846353)[0m [ERROR] TBE Subprocess[task_distribute] raise error[], main process disappeared!
[36m(WorkerDict pid=2846353)[0m [ERROR] TBE Subprocess[task_distribute] raise error[], main process disappeared!
[36m(WorkerDict pid=2846353)[0m [ERROR] TBE Subprocess[task_distribute] raise error[], main process disappeared!
[36m(WorkerDict pid=2846353)[0m [ERROR] TBE Subprocess[task_distribute] raise error[], main process disappeared!
[36m(WorkerDict pid=2846353)[0m Process ForkServerProcess-10:
[36m(WorkerDict pid=2846353)[0m Traceback (most recent call last):
[36m(WorkerDict pid=2846353)[0m   File "/usr/local/python3.11.14/lib/python3.11/multiprocessing/process.py", line 314, in _bootstrap
[36m(WorkerDict pid=2846353)[0m     self.run()
[36m(WorkerDict pid=2846353)[0m   File "/usr/local/python3.11.14/lib/python3.11/multiprocessing/process.py", line 108, in run
[36m(WorkerDict pid=2846353)[0m     self._target(*self._args, **self._kwargs)
[36m(WorkerDict pid=2846353)[0m   File "/usr/local/Ascend/cann-8.5.0/python/site-packages/tbe/common/repository_manager/utils/common.py", line 110, in daemon_process
[36m(WorkerDict pid=2846353)[0m     os.kill(mgr_pid, signal.SIGKILL)
[36m(WorkerDict pid=2846353)[0m ProcessLookupError: [Errno 3] No such process
[36m(WorkerDict pid=2846348)[0m [ERROR] TBE Subprocess[task_distribute] raise error[], main process disappeared!
[36m(WorkerDict pid=2846348)[0m [ERROR] TBE Subprocess[task_distribute] raise error[], main process disappeared!
[36m(WorkerDict pid=2846348)[0m [ERROR] TBE Subprocess[task_distribute] raise error[], main process disappeared!
[36m(WorkerDict pid=2846348)[0m [ERROR] TBE Subprocess[task_distribute] raise error[], main process disappeared!
[36m(WorkerDict pid=2846348)[0m [ERROR] TBE Subprocess[task_distribute] raise error[], main process disappeared!
[36m(WorkerDict pid=2846348)[0m [ERROR] TBE Subprocess[task_distribute] raise error[], main process disappeared!
[36m(WorkerDict pid=2846348)[0m [ERROR] TBE Subprocess[task_distribute] raise error[], main process disappeared!
[36m(WorkerDict pid=2846348)[0m [ERROR] TBE Subprocess[task_distribute] raise error[], main process disappeared!
[36m(WorkerDict pid=2846349)[0m [ERROR] TBE Subprocess[task_distribute] raise error[], main process disappeared!
[36m(WorkerDict pid=2846349)[0m [ERROR] TBE Subprocess[task_distribute] raise error[], main process disappeared!
[36m(WorkerDict pid=2846349)[0m [ERROR] TBE Subprocess[task_distribute] raise error[], main process disappeared!
[36m(WorkerDict pid=2846349)[0m [ERROR] TBE Subprocess[task_distribute] raise error[], main process disappeared!
[36m(WorkerDict pid=2846349)[0m [ERROR] TBE Subprocess[task_distribute] raise error[], main process disappeared!
[36m(WorkerDict pid=2846349)[0m [ERROR] TBE Subprocess[task_distribute] raise error[], main process disappeared!
[36m(WorkerDict pid=2846349)[0m [ERROR] TBE Subprocess[task_distribute] raise error[], main process disappeared!
[36m(WorkerDict pid=2846349)[0m [ERROR] TBE Subprocess[task_distribute] raise error[], main process disappeared!
/usr/local/python3.11.14/lib/python3.11/subprocess.py:1127: ResourceWarning: subprocess 2832370 is still running
  _warn("subprocess %s is still running" % self.pid,
