+ export CUDA_DEVICE_MAX_CONNECTIONS=1
+ CUDA_DEVICE_MAX_CONNECTIONS=1
+ export PYTORCH_NPU_ALLOC_CONF=expandable_segments:True
+ PYTORCH_NPU_ALLOC_CONF=expandable_segments:True
+ export ASCEND_HOME_PATH=/usr/local/Ascend/ascend-toolkit
+ ASCEND_HOME_PATH=/usr/local/Ascend/ascend-toolkit
+ source /usr/local/Ascend/ascend-toolkit/set_env.sh
++ setenv_main data.train_files=/data/deepscaler/train.parquet data.val_files=/data/deepscaler/test.parquet data.train_batch_size=32 data.max_prompt_length=1024 data.max_response_length=16384 data.shuffle=True actor_rollout_ref.model.path=/data/Qwen3-30B-A3B actor_rollout_ref.actor.megatron.dist_checkpointing_path=/data/Qwen3-30B-A3B_megatron actor_rollout_ref.ref.megatron.dist_checkpointing_path=/data/Qwen3-30B-A3B_megatron actor_rollout_ref.rollout.max_num_batched_tokens=17408 actor_rollout_ref.rollout.max_num_seqs=32 actor_rollout_ref.rollout.n=16 actor_rollout_ref.rollout.gpu_memory_utilization=0.85 actor_rollout_ref.rollout.shrink_aware.enable_shrink_aware_scheduling=false actor_rollout_ref.rollout.shrink_aware.shrink_aware_mode=off actor_rollout_ref.rollout.shrink_aware.enable_shrink_aware_logging=false trainer.total_epochs=1
++ local version_dirpath install_dirpath ld_library_path path driver_install_path_param dep_hal_path
++ local dep_hal_name=libascend_hal.so
++ local dep_info_file=/etc/ascend_install.info
++ local is_install_driver=n
++ local architecture remove_regex
++ version_dirpath=/usr/local/Ascend/cann-8.5.0
+++ dirname /usr/local/Ascend/cann-8.5.0
++ install_dirpath=/usr/local/Ascend
++ remove_regex='^/usr/local/Ascend/cann[/_-]'
++ remove_env PATH '^/usr/local/Ascend/cann[/_-]'
++ local name=PATH
++ local 'regex=^/usr/local/Ascend/cann[/_-]'
+++ eval echo '${PATH}'
++++ echo /usr/local/Ascend/nnal/atb/latest/atb/cxx_abi_1/bin:/usr/local/Ascend/cann-8.5.0/tools/bishengir/bin:/usr/local/Ascend/cann-8.5.0/bin:/usr/local/Ascend/cann-8.5.0/tools/ccec_compiler/bin:/usr/local/Ascend/cann-8.5.0/tools/profiler/bin:/usr/local/Ascend/cann-8.5.0/tools/ascend_system_advisor/asys:/usr/local/Ascend/cann-8.5.0/tools/show_kernel_debug_data:/usr/local/Ascend/cann-8.5.0/tools/msobjdump:/usr/local/Ascend/nnal/atb/latest/atb/cxx_abi_1/bin:/usr/local/Ascend/nnal/atb/latest/atb/cxx_abi_1/bin:/root/.vscode-server/data/User/globalStorage/github.copilot-chat/debugCommand:/root/.vscode-server/data/User/globalStorage/github.copilot-chat/copilotCli:/root/.vscode-server/bin/8761a5560cfd65fdd19ce7e2bd18dab5c0a4d84e/bin/remote-cli:/usr/local/Ascend/nnal/atb/latest/atb/cxx_abi_1/bin:/usr/local/Ascend/nnal/atb/latest/atb/cxx_abi_1/bin:/usr/local/Ascend/nnal/atb/latest/atb/cxx_abi_1/bin:/usr/local/Ascend/ascend-toolkit/latest/bin:/usr/local/Ascend/ascend-toolkit/latest/compiler/ccec_compiler/bin:/usr/local/Ascend/ascend-toolkit/latest/tools/ccec_compiler/bin:/usr/local/python3.11.14/bin:/usr/local/sbin:/usr/local/bin:/usr/sbin:/usr/bin:/sbin:/bin:/usr/local/go/bin:/root/bin:/usr/local/go/bin:/usr/local/go/bin:/root/bin
++ local env_value=/usr/local/Ascend/nnal/atb/latest/atb/cxx_abi_1/bin:/usr/local/Ascend/cann-8.5.0/tools/bishengir/bin:/usr/local/Ascend/cann-8.5.0/bin:/usr/local/Ascend/cann-8.5.0/tools/ccec_compiler/bin:/usr/local/Ascend/cann-8.5.0/tools/profiler/bin:/usr/local/Ascend/cann-8.5.0/tools/ascend_system_advisor/asys:/usr/local/Ascend/cann-8.5.0/tools/show_kernel_debug_data:/usr/local/Ascend/cann-8.5.0/tools/msobjdump:/usr/local/Ascend/nnal/atb/latest/atb/cxx_abi_1/bin:/usr/local/Ascend/nnal/atb/latest/atb/cxx_abi_1/bin:/root/.vscode-server/data/User/globalStorage/github.copilot-chat/debugCommand:/root/.vscode-server/data/User/globalStorage/github.copilot-chat/copilotCli:/root/.vscode-server/bin/8761a5560cfd65fdd19ce7e2bd18dab5c0a4d84e/bin/remote-cli:/usr/local/Ascend/nnal/atb/latest/atb/cxx_abi_1/bin:/usr/local/Ascend/nnal/atb/latest/atb/cxx_abi_1/bin:/usr/local/Ascend/nnal/atb/latest/atb/cxx_abi_1/bin:/usr/local/Ascend/ascend-toolkit/latest/bin:/usr/local/Ascend/ascend-toolkit/latest/compiler/ccec_compiler/bin:/usr/local/Ascend/ascend-toolkit/latest/tools/ccec_compiler/bin:/usr/local/python3.11.14/bin:/usr/local/sbin:/usr/local/bin:/usr/sbin:/usr/bin:/sbin:/bin:/usr/local/go/bin:/root/bin:/usr/local/go/bin:/usr/local/go/bin:/root/bin
++ read -r PATH
+++ echo /usr/local/Ascend/nnal/atb/latest/atb/cxx_abi_1/bin:/usr/local/Ascend/cann-8.5.0/tools/bishengir/bin:/usr/local/Ascend/cann-8.5.0/bin:/usr/local/Ascend/cann-8.5.0/tools/ccec_compiler/bin:/usr/local/Ascend/cann-8.5.0/tools/profiler/bin:/usr/local/Ascend/cann-8.5.0/tools/ascend_system_advisor/asys:/usr/local/Ascend/cann-8.5.0/tools/show_kernel_debug_data:/usr/local/Ascend/cann-8.5.0/tools/msobjdump:/usr/local/Ascend/nnal/atb/latest/atb/cxx_abi_1/bin:/usr/local/Ascend/nnal/atb/latest/atb/cxx_abi_1/bin:/root/.vscode-server/data/User/globalStorage/github.copilot-chat/debugCommand:/root/.vscode-server/data/User/globalStorage/github.copilot-chat/copilotCli:/root/.vscode-server/bin/8761a5560cfd65fdd19ce7e2bd18dab5c0a4d84e/bin/remote-cli:/usr/local/Ascend/nnal/atb/latest/atb/cxx_abi_1/bin:/usr/local/Ascend/nnal/atb/latest/atb/cxx_abi_1/bin:/usr/local/Ascend/nnal/atb/latest/atb/cxx_abi_1/bin:/usr/local/Ascend/ascend-toolkit/latest/bin:/usr/local/Ascend/ascend-toolkit/latest/compiler/ccec_compiler/bin:/usr/local/Ascend/ascend-toolkit/latest/tools/ccec_compiler/bin:/usr/local/python3.11.14/bin:/usr/local/sbin:/usr/local/bin:/usr/sbin:/usr/bin:/sbin:/bin:/usr/local/go/bin:/root/bin:/usr/local/go/bin:/usr/local/go/bin:/root/bin
+++ tr : '\n'
+++ grep -v -E '^/usr/local/Ascend/cann[/_-]'
+++ tr '\n' :
+++ sed 's/:$//'
++ export PATH
++ remove_env LD_LIBRARY_PATH '^/usr/local/Ascend/cann[/_-]'
++ local name=LD_LIBRARY_PATH
++ local 'regex=^/usr/local/Ascend/cann[/_-]'
+++ eval echo '${LD_LIBRARY_PATH}'
++++ echo /usr/local/Ascend/nnal/atb/latest/atb/cxx_abi_1/lib:/usr/local/Ascend/nnal/atb/latest/atb/cxx_abi_1/examples:/usr/local/Ascend/nnal/atb/latest/atb/cxx_abi_1/tests/atbopstest:/usr/local/Ascend/cann-8.5.0/lib64:/usr/local/Ascend/cann-8.5.0/lib64/plugin/opskernel:/usr/local/Ascend/cann-8.5.0/lib64/plugin/nnengine:/usr/local/Ascend/cann-8.5.0/opp/built-in/op_impl/ai_core/tbe/op_tiling/lib/linux/aarch64:/usr/local/Ascend/cann-8.5.0/tools/aml/lib64:/usr/local/Ascend/cann-8.5.0/tools/aml/lib64/plugin:/usr/local/Ascend/driver/lib64:/usr/local/Ascend/driver/lib64/common:/usr/local/Ascend/driver/lib64/driver:/usr/local/Ascend/nnal/atb/latest/atb/cxx_abi_1/lib:/usr/local/Ascend/nnal/atb/latest/atb/cxx_abi_1/examples:/usr/local/Ascend/nnal/atb/latest/atb/cxx_abi_1/tests/atbopstest:/usr/local/Ascend/driver/lib64:/usr/local/Ascend/driver/lib64/common:/usr/local/Ascend/driver/lib64/driver:/usr/local/Ascend/nnal/atb/latest/atb/cxx_abi_1/lib:/usr/local/Ascend/nnal/atb/latest/atb/cxx_abi_1/examples:/usr/local/Ascend/nnal/atb/latest/atb/cxx_abi_1/tests/atbopstest:/usr/local/Ascend/driver/lib64:/usr/local/Ascend/driver/lib64/common:/usr/local/Ascend/driver/lib64/driver:/usr/local/Ascend/nnal/atb/latest/atb/cxx_abi_1/lib:/usr/local/Ascend/nnal/atb/latest/atb/cxx_abi_1/examples:/usr/local/Ascend/nnal/atb/latest/atb/cxx_abi_1/tests/atbopstest:/usr/local/Ascend/driver/lib64:/usr/local/Ascend/driver/lib64/common:/usr/local/Ascend/driver/lib64/driver:/usr/local/Ascend/nnal/atb/latest/atb/cxx_abi_1/lib:/usr/local/Ascend/nnal/atb/latest/atb/cxx_abi_1/examples:/usr/local/Ascend/nnal/atb/latest/atb/cxx_abi_1/tests/atbopstest:/usr/local/Ascend/driver/lib64:/usr/local/Ascend/driver/lib64/common:/usr/local/Ascend/driver/lib64/driver:/usr/local/Ascend/nnal/atb/latest/atb/cxx_abi_1/lib:/usr/local/Ascend/nnal/atb/latest/atb/cxx_abi_1/examples:/usr/local/Ascend/nnal/atb/latest/atb/cxx_abi_1/tests/atbopstest:/usr/local/Ascend/ascend-toolkit/latest/tools/aml/lib64:/usr/local/Ascend/ascend-toolkit/latest/tools/aml/lib64/plugin:/usr/local/Ascend/ascend-toolkit/latest/lib64:/usr/local/Ascend/ascend-toolkit/latest/lib64/plugin/opskernel:/usr/local/Ascend/ascend-toolkit/latest/lib64/plugin/nnengine:/usr/local/Ascend/ascend-toolkit/latest/opp/built-in/op_impl/ai_core/tbe/op_tiling:/usr/local/Ascend/driver/lib64:/usr/local/Ascend/driver/lib64/common/:/usr/local/Ascend/driver/lib64/driver/:
++ local env_value=/usr/local/Ascend/nnal/atb/latest/atb/cxx_abi_1/lib:/usr/local/Ascend/nnal/atb/latest/atb/cxx_abi_1/examples:/usr/local/Ascend/nnal/atb/latest/atb/cxx_abi_1/tests/atbopstest:/usr/local/Ascend/cann-8.5.0/lib64:/usr/local/Ascend/cann-8.5.0/lib64/plugin/opskernel:/usr/local/Ascend/cann-8.5.0/lib64/plugin/nnengine:/usr/local/Ascend/cann-8.5.0/opp/built-in/op_impl/ai_core/tbe/op_tiling/lib/linux/aarch64:/usr/local/Ascend/cann-8.5.0/tools/aml/lib64:/usr/local/Ascend/cann-8.5.0/tools/aml/lib64/plugin:/usr/local/Ascend/driver/lib64:/usr/local/Ascend/driver/lib64/common:/usr/local/Ascend/driver/lib64/driver:/usr/local/Ascend/nnal/atb/latest/atb/cxx_abi_1/lib:/usr/local/Ascend/nnal/atb/latest/atb/cxx_abi_1/examples:/usr/local/Ascend/nnal/atb/latest/atb/cxx_abi_1/tests/atbopstest:/usr/local/Ascend/driver/lib64:/usr/local/Ascend/driver/lib64/common:/usr/local/Ascend/driver/lib64/driver:/usr/local/Ascend/nnal/atb/latest/atb/cxx_abi_1/lib:/usr/local/Ascend/nnal/atb/latest/atb/cxx_abi_1/examples:/usr/local/Ascend/nnal/atb/latest/atb/cxx_abi_1/tests/atbopstest:/usr/local/Ascend/driver/lib64:/usr/local/Ascend/driver/lib64/common:/usr/local/Ascend/driver/lib64/driver:/usr/local/Ascend/nnal/atb/latest/atb/cxx_abi_1/lib:/usr/local/Ascend/nnal/atb/latest/atb/cxx_abi_1/examples:/usr/local/Ascend/nnal/atb/latest/atb/cxx_abi_1/tests/atbopstest:/usr/local/Ascend/driver/lib64:/usr/local/Ascend/driver/lib64/common:/usr/local/Ascend/driver/lib64/driver:/usr/local/Ascend/nnal/atb/latest/atb/cxx_abi_1/lib:/usr/local/Ascend/nnal/atb/latest/atb/cxx_abi_1/examples:/usr/local/Ascend/nnal/atb/latest/atb/cxx_abi_1/tests/atbopstest:/usr/local/Ascend/driver/lib64:/usr/local/Ascend/driver/lib64/common:/usr/local/Ascend/driver/lib64/driver:/usr/local/Ascend/nnal/atb/latest/atb/cxx_abi_1/lib:/usr/local/Ascend/nnal/atb/latest/atb/cxx_abi_1/examples:/usr/local/Ascend/nnal/atb/latest/atb/cxx_abi_1/tests/atbopstest:/usr/local/Ascend/ascend-toolkit/latest/tools/aml/lib64:/usr/local/Ascend/ascend-toolkit/latest/tools/aml/lib64/plugin:/usr/local/Ascend/ascend-toolkit/latest/lib64:/usr/local/Ascend/ascend-toolkit/latest/lib64/plugin/opskernel:/usr/local/Ascend/ascend-toolkit/latest/lib64/plugin/nnengine:/usr/local/Ascend/ascend-toolkit/latest/opp/built-in/op_impl/ai_core/tbe/op_tiling:/usr/local/Ascend/driver/lib64:/usr/local/Ascend/driver/lib64/common/:/usr/local/Ascend/driver/lib64/driver/:
++ read -r LD_LIBRARY_PATH
+++ echo /usr/local/Ascend/nnal/atb/latest/atb/cxx_abi_1/lib:/usr/local/Ascend/nnal/atb/latest/atb/cxx_abi_1/examples:/usr/local/Ascend/nnal/atb/latest/atb/cxx_abi_1/tests/atbopstest:/usr/local/Ascend/cann-8.5.0/lib64:/usr/local/Ascend/cann-8.5.0/lib64/plugin/opskernel:/usr/local/Ascend/cann-8.5.0/lib64/plugin/nnengine:/usr/local/Ascend/cann-8.5.0/opp/built-in/op_impl/ai_core/tbe/op_tiling/lib/linux/aarch64:/usr/local/Ascend/cann-8.5.0/tools/aml/lib64:/usr/local/Ascend/cann-8.5.0/tools/aml/lib64/plugin:/usr/local/Ascend/driver/lib64:/usr/local/Ascend/driver/lib64/common:/usr/local/Ascend/driver/lib64/driver:/usr/local/Ascend/nnal/atb/latest/atb/cxx_abi_1/lib:/usr/local/Ascend/nnal/atb/latest/atb/cxx_abi_1/examples:/usr/local/Ascend/nnal/atb/latest/atb/cxx_abi_1/tests/atbopstest:/usr/local/Ascend/driver/lib64:/usr/local/Ascend/driver/lib64/common:/usr/local/Ascend/driver/lib64/driver:/usr/local/Ascend/nnal/atb/latest/atb/cxx_abi_1/lib:/usr/local/Ascend/nnal/atb/latest/atb/cxx_abi_1/examples:/usr/local/Ascend/nnal/atb/latest/atb/cxx_abi_1/tests/atbopstest:/usr/local/Ascend/driver/lib64:/usr/local/Ascend/driver/lib64/common:/usr/local/Ascend/driver/lib64/driver:/usr/local/Ascend/nnal/atb/latest/atb/cxx_abi_1/lib:/usr/local/Ascend/nnal/atb/latest/atb/cxx_abi_1/examples:/usr/local/Ascend/nnal/atb/latest/atb/cxx_abi_1/tests/atbopstest:/usr/local/Ascend/driver/lib64:/usr/local/Ascend/driver/lib64/common:/usr/local/Ascend/driver/lib64/driver:/usr/local/Ascend/nnal/atb/latest/atb/cxx_abi_1/lib:/usr/local/Ascend/nnal/atb/latest/atb/cxx_abi_1/examples:/usr/local/Ascend/nnal/atb/latest/atb/cxx_abi_1/tests/atbopstest:/usr/local/Ascend/driver/lib64:/usr/local/Ascend/driver/lib64/common:/usr/local/Ascend/driver/lib64/driver:/usr/local/Ascend/nnal/atb/latest/atb/cxx_abi_1/lib:/usr/local/Ascend/nnal/atb/latest/atb/cxx_abi_1/examples:/usr/local/Ascend/nnal/atb/latest/atb/cxx_abi_1/tests/atbopstest:/usr/local/Ascend/ascend-toolkit/latest/tools/aml/lib64:/usr/local/Ascend/ascend-toolkit/latest/tools/aml/lib64/plugin:/usr/local/Ascend/ascend-toolkit/latest/lib64:/usr/local/Ascend/ascend-toolkit/latest/lib64/plugin/opskernel:/usr/local/Ascend/ascend-toolkit/latest/lib64/plugin/nnengine:/usr/local/Ascend/ascend-toolkit/latest/opp/built-in/op_impl/ai_core/tbe/op_tiling:/usr/local/Ascend/driver/lib64:/usr/local/Ascend/driver/lib64/common/:/usr/local/Ascend/driver/lib64/driver/:
+++ tr : '\n'
+++ grep -v -E '^/usr/local/Ascend/cann[/_-]'
+++ tr '\n' :
+++ sed 's/:$//'
++ export LD_LIBRARY_PATH
++ remove_env PYTHONPATH '^/usr/local/Ascend/cann[/_-]'
++ local name=PYTHONPATH
++ local 'regex=^/usr/local/Ascend/cann[/_-]'
+++ eval echo '${PYTHONPATH}'
++++ echo /workspace/cann-recipes-train/llm_rl/qwen3_shrink_aware:/usr/local/Ascend/cann-8.5.0/python/site-packages:/usr/local/Ascend/cann-8.5.0/opp/built-in/op_impl/ai_core/tbe:/usr/local/Ascend/ascend-toolkit/latest/python/site-packages:/usr/local/Ascend/ascend-toolkit/latest/opp/built-in/op_impl/ai_core/tbe:
++ local env_value=/workspace/cann-recipes-train/llm_rl/qwen3_shrink_aware:/usr/local/Ascend/cann-8.5.0/python/site-packages:/usr/local/Ascend/cann-8.5.0/opp/built-in/op_impl/ai_core/tbe:/usr/local/Ascend/ascend-toolkit/latest/python/site-packages:/usr/local/Ascend/ascend-toolkit/latest/opp/built-in/op_impl/ai_core/tbe:
++ read -r PYTHONPATH
+++ echo /workspace/cann-recipes-train/llm_rl/qwen3_shrink_aware:/usr/local/Ascend/cann-8.5.0/python/site-packages:/usr/local/Ascend/cann-8.5.0/opp/built-in/op_impl/ai_core/tbe:/usr/local/Ascend/ascend-toolkit/latest/python/site-packages:/usr/local/Ascend/ascend-toolkit/latest/opp/built-in/op_impl/ai_core/tbe:
+++ tr : '\n'
+++ grep -v -E '^/usr/local/Ascend/cann[/_-]'
+++ tr '\n' :
+++ sed 's/:$//'
++ export PYTHONPATH
++ ld_library_path=/usr/local/Ascend/nnal/atb/latest/atb/cxx_abi_1/lib:/usr/local/Ascend/nnal/atb/latest/atb/cxx_abi_1/examples:/usr/local/Ascend/nnal/atb/latest/atb/cxx_abi_1/tests/atbopstest:/usr/local/Ascend/driver/lib64:/usr/local/Ascend/driver/lib64/common:/usr/local/Ascend/driver/lib64/driver:/usr/local/Ascend/nnal/atb/latest/atb/cxx_abi_1/lib:/usr/local/Ascend/nnal/atb/latest/atb/cxx_abi_1/examples:/usr/local/Ascend/nnal/atb/latest/atb/cxx_abi_1/tests/atbopstest:/usr/local/Ascend/driver/lib64:/usr/local/Ascend/driver/lib64/common:/usr/local/Ascend/driver/lib64/driver:/usr/local/Ascend/nnal/atb/latest/atb/cxx_abi_1/lib:/usr/local/Ascend/nnal/atb/latest/atb/cxx_abi_1/examples:/usr/local/Ascend/nnal/atb/latest/atb/cxx_abi_1/tests/atbopstest:/usr/local/Ascend/driver/lib64:/usr/local/Ascend/driver/lib64/common:/usr/local/Ascend/driver/lib64/driver:/usr/local/Ascend/nnal/atb/latest/atb/cxx_abi_1/lib:/usr/local/Ascend/nnal/atb/latest/atb/cxx_abi_1/examples:/usr/local/Ascend/nnal/atb/latest/atb/cxx_abi_1/tests/atbopstest:/usr/local/Ascend/driver/lib64:/usr/local/Ascend/driver/lib64/common:/usr/local/Ascend/driver/lib64/driver:/usr/local/Ascend/nnal/atb/latest/atb/cxx_abi_1/lib:/usr/local/Ascend/nnal/atb/latest/atb/cxx_abi_1/examples:/usr/local/Ascend/nnal/atb/latest/atb/cxx_abi_1/tests/atbopstest:/usr/local/Ascend/driver/lib64:/usr/local/Ascend/driver/lib64/common:/usr/local/Ascend/driver/lib64/driver:/usr/local/Ascend/nnal/atb/latest/atb/cxx_abi_1/lib:/usr/local/Ascend/nnal/atb/latest/atb/cxx_abi_1/examples:/usr/local/Ascend/nnal/atb/latest/atb/cxx_abi_1/tests/atbopstest:/usr/local/Ascend/ascend-toolkit/latest/tools/aml/lib64:/usr/local/Ascend/ascend-toolkit/latest/tools/aml/lib64/plugin:/usr/local/Ascend/ascend-toolkit/latest/lib64:/usr/local/Ascend/ascend-toolkit/latest/lib64/plugin/opskernel:/usr/local/Ascend/ascend-toolkit/latest/lib64/plugin/nnengine:/usr/local/Ascend/ascend-toolkit/latest/opp/built-in/op_impl/ai_core/tbe/op_tiling:/usr/local/Ascend/driver/lib64:/usr/local/Ascend/driver/lib64/common/:/usr/local/Ascend/driver/lib64/driver/:
++ '[' '!' -z /usr/local/Ascend/nnal/atb/latest/atb/cxx_abi_1/lib:/usr/local/Ascend/nnal/atb/latest/atb/cxx_abi_1/examples:/usr/local/Ascend/nnal/atb/latest/atb/cxx_abi_1/tests/atbopstest:/usr/local/Ascend/driver/lib64:/usr/local/Ascend/driver/lib64/common:/usr/local/Ascend/driver/lib64/driver:/usr/local/Ascend/nnal/atb/latest/atb/cxx_abi_1/lib:/usr/local/Ascend/nnal/atb/latest/atb/cxx_abi_1/examples:/usr/local/Ascend/nnal/atb/latest/atb/cxx_abi_1/tests/atbopstest:/usr/local/Ascend/driver/lib64:/usr/local/Ascend/driver/lib64/common:/usr/local/Ascend/driver/lib64/driver:/usr/local/Ascend/nnal/atb/latest/atb/cxx_abi_1/lib:/usr/local/Ascend/nnal/atb/latest/atb/cxx_abi_1/examples:/usr/local/Ascend/nnal/atb/latest/atb/cxx_abi_1/tests/atbopstest:/usr/local/Ascend/driver/lib64:/usr/local/Ascend/driver/lib64/common:/usr/local/Ascend/driver/lib64/driver:/usr/local/Ascend/nnal/atb/latest/atb/cxx_abi_1/lib:/usr/local/Ascend/nnal/atb/latest/atb/cxx_abi_1/examples:/usr/local/Ascend/nnal/atb/latest/atb/cxx_abi_1/tests/atbopstest:/usr/local/Ascend/driver/lib64:/usr/local/Ascend/driver/lib64/common:/usr/local/Ascend/driver/lib64/driver:/usr/local/Ascend/nnal/atb/latest/atb/cxx_abi_1/lib:/usr/local/Ascend/nnal/atb/latest/atb/cxx_abi_1/examples:/usr/local/Ascend/nnal/atb/latest/atb/cxx_abi_1/tests/atbopstest:/usr/local/Ascend/driver/lib64:/usr/local/Ascend/driver/lib64/common:/usr/local/Ascend/driver/lib64/driver:/usr/local/Ascend/nnal/atb/latest/atb/cxx_abi_1/lib:/usr/local/Ascend/nnal/atb/latest/atb/cxx_abi_1/examples:/usr/local/Ascend/nnal/atb/latest/atb/cxx_abi_1/tests/atbopstest:/usr/local/Ascend/ascend-toolkit/latest/tools/aml/lib64:/usr/local/Ascend/ascend-toolkit/latest/tools/aml/lib64/plugin:/usr/local/Ascend/ascend-toolkit/latest/lib64:/usr/local/Ascend/ascend-toolkit/latest/lib64/plugin/opskernel:/usr/local/Ascend/ascend-toolkit/latest/lib64/plugin/nnengine:/usr/local/Ascend/ascend-toolkit/latest/opp/built-in/op_impl/ai_core/tbe/op_tiling:/usr/local/Ascend/driver/lib64:/usr/local/Ascend/driver/lib64/common/:/usr/local/Ascend/driver/lib64/driver/: ']'
+++ echo /usr/local/Ascend/nnal/atb/latest/atb/cxx_abi_1/lib:/usr/local/Ascend/nnal/atb/latest/atb/cxx_abi_1/examples:/usr/local/Ascend/nnal/atb/latest/atb/cxx_abi_1/tests/atbopstest:/usr/local/Ascend/driver/lib64:/usr/local/Ascend/driver/lib64/common:/usr/local/Ascend/driver/lib64/driver:/usr/local/Ascend/nnal/atb/latest/atb/cxx_abi_1/lib:/usr/local/Ascend/nnal/atb/latest/atb/cxx_abi_1/examples:/usr/local/Ascend/nnal/atb/latest/atb/cxx_abi_1/tests/atbopstest:/usr/local/Ascend/driver/lib64:/usr/local/Ascend/driver/lib64/common:/usr/local/Ascend/driver/lib64/driver:/usr/local/Ascend/nnal/atb/latest/atb/cxx_abi_1/lib:/usr/local/Ascend/nnal/atb/latest/atb/cxx_abi_1/examples:/usr/local/Ascend/nnal/atb/latest/atb/cxx_abi_1/tests/atbopstest:/usr/local/Ascend/driver/lib64:/usr/local/Ascend/driver/lib64/common:/usr/local/Ascend/driver/lib64/driver:/usr/local/Ascend/nnal/atb/latest/atb/cxx_abi_1/lib:/usr/local/Ascend/nnal/atb/latest/atb/cxx_abi_1/examples:/usr/local/Ascend/nnal/atb/latest/atb/cxx_abi_1/tests/atbopstest:/usr/local/Ascend/driver/lib64:/usr/local/Ascend/driver/lib64/common:/usr/local/Ascend/driver/lib64/driver:/usr/local/Ascend/nnal/atb/latest/atb/cxx_abi_1/lib:/usr/local/Ascend/nnal/atb/latest/atb/cxx_abi_1/examples:/usr/local/Ascend/nnal/atb/latest/atb/cxx_abi_1/tests/atbopstest:/usr/local/Ascend/driver/lib64:/usr/local/Ascend/driver/lib64/common:/usr/local/Ascend/driver/lib64/driver:/usr/local/Ascend/nnal/atb/latest/atb/cxx_abi_1/lib:/usr/local/Ascend/nnal/atb/latest/atb/cxx_abi_1/examples:/usr/local/Ascend/nnal/atb/latest/atb/cxx_abi_1/tests/atbopstest:/usr/local/Ascend/ascend-toolkit/latest/tools/aml/lib64:/usr/local/Ascend/ascend-toolkit/latest/tools/aml/lib64/plugin:/usr/local/Ascend/ascend-toolkit/latest/lib64:/usr/local/Ascend/ascend-toolkit/latest/lib64/plugin/opskernel:/usr/local/Ascend/ascend-toolkit/latest/lib64/plugin/nnengine:/usr/local/Ascend/ascend-toolkit/latest/opp/built-in/op_impl/ai_core/tbe/op_tiling:/usr/local/Ascend/driver/lib64:/usr/local/Ascend/driver/lib64/common/:/usr/local/Ascend/driver/lib64/driver/:
+++ tr : ' '
++ ld_library_path='/usr/local/Ascend/nnal/atb/latest/atb/cxx_abi_1/lib /usr/local/Ascend/nnal/atb/latest/atb/cxx_abi_1/examples /usr/local/Ascend/nnal/atb/latest/atb/cxx_abi_1/tests/atbopstest /usr/local/Ascend/driver/lib64 /usr/local/Ascend/driver/lib64/common /usr/local/Ascend/driver/lib64/driver /usr/local/Ascend/nnal/atb/latest/atb/cxx_abi_1/lib /usr/local/Ascend/nnal/atb/latest/atb/cxx_abi_1/examples /usr/local/Ascend/nnal/atb/latest/atb/cxx_abi_1/tests/atbopstest /usr/local/Ascend/driver/lib64 /usr/local/Ascend/driver/lib64/common /usr/local/Ascend/driver/lib64/driver /usr/local/Ascend/nnal/atb/latest/atb/cxx_abi_1/lib /usr/local/Ascend/nnal/atb/latest/atb/cxx_abi_1/examples /usr/local/Ascend/nnal/atb/latest/atb/cxx_abi_1/tests/atbopstest /usr/local/Ascend/driver/lib64 /usr/local/Ascend/driver/lib64/common /usr/local/Ascend/driver/lib64/driver /usr/local/Ascend/nnal/atb/latest/atb/cxx_abi_1/lib /usr/local/Ascend/nnal/atb/latest/atb/cxx_abi_1/examples /usr/local/Ascend/nnal/atb/latest/atb/cxx_abi_1/tests/atbopstest /usr/local/Ascend/driver/lib64 /usr/local/Ascend/driver/lib64/common /usr/local/Ascend/driver/lib64/driver /usr/local/Ascend/nnal/atb/latest/atb/cxx_abi_1/lib /usr/local/Ascend/nnal/atb/latest/atb/cxx_abi_1/examples /usr/local/Ascend/nnal/atb/latest/atb/cxx_abi_1/tests/atbopstest /usr/local/Ascend/driver/lib64 /usr/local/Ascend/driver/lib64/common /usr/local/Ascend/driver/lib64/driver /usr/local/Ascend/nnal/atb/latest/atb/cxx_abi_1/lib /usr/local/Ascend/nnal/atb/latest/atb/cxx_abi_1/examples /usr/local/Ascend/nnal/atb/latest/atb/cxx_abi_1/tests/atbopstest /usr/local/Ascend/ascend-toolkit/latest/tools/aml/lib64 /usr/local/Ascend/ascend-toolkit/latest/tools/aml/lib64/plugin /usr/local/Ascend/ascend-toolkit/latest/lib64 /usr/local/Ascend/ascend-toolkit/latest/lib64/plugin/opskernel /usr/local/Ascend/ascend-toolkit/latest/lib64/plugin/nnengine /usr/local/Ascend/ascend-toolkit/latest/opp/built-in/op_impl/ai_core/tbe/op_tiling /usr/local/Ascend/driver/lib64 /usr/local/Ascend/driver/lib64/common/ /usr/local/Ascend/driver/lib64/driver/ '
++ for path in ${ld_library_path}
++ echo /usr/local/Ascend/nnal/atb/latest/atb/cxx_abi_1/lib
++ grep -q driver
++ for path in ${ld_library_path}
++ echo /usr/local/Ascend/nnal/atb/latest/atb/cxx_abi_1/examples
++ grep -q driver
++ for path in ${ld_library_path}
++ echo /usr/local/Ascend/nnal/atb/latest/atb/cxx_abi_1/tests/atbopstest
++ grep -q driver
++ for path in ${ld_library_path}
++ echo /usr/local/Ascend/driver/lib64
++ grep -q driver
++ '[' -d /usr/local/Ascend/driver/lib64 ']'
+++ find /usr/local/Ascend/driver/lib64 -name libascend_hal.so
++ dep_hal_path=/usr/local/Ascend/driver/lib64/driver/libascend_hal.so
++ '[' '!' -z /usr/local/Ascend/driver/lib64/driver/libascend_hal.so ']'
++ is_install_driver=y
++ for path in ${ld_library_path}
++ echo /usr/local/Ascend/driver/lib64/common
++ grep -q driver
++ '[' -d /usr/local/Ascend/driver/lib64/common ']'
+++ find /usr/local/Ascend/driver/lib64/common -name libascend_hal.so
++ dep_hal_path=
++ '[' '!' -z '' ']'
++ for path in ${ld_library_path}
++ echo /usr/local/Ascend/driver/lib64/driver
++ grep -q driver
++ '[' -d /usr/local/Ascend/driver/lib64/driver ']'
+++ find /usr/local/Ascend/driver/lib64/driver -name libascend_hal.so
++ dep_hal_path=/usr/local/Ascend/driver/lib64/driver/libascend_hal.so
++ '[' '!' -z /usr/local/Ascend/driver/lib64/driver/libascend_hal.so ']'
++ is_install_driver=y
++ for path in ${ld_library_path}
++ echo /usr/local/Ascend/nnal/atb/latest/atb/cxx_abi_1/lib
++ grep -q driver
++ for path in ${ld_library_path}
++ echo /usr/local/Ascend/nnal/atb/latest/atb/cxx_abi_1/examples
++ grep -q driver
++ for path in ${ld_library_path}
++ echo /usr/local/Ascend/nnal/atb/latest/atb/cxx_abi_1/tests/atbopstest
++ grep -q driver
++ for path in ${ld_library_path}
++ echo /usr/local/Ascend/driver/lib64
++ grep -q driver
++ '[' -d /usr/local/Ascend/driver/lib64 ']'
+++ find /usr/local/Ascend/driver/lib64 -name libascend_hal.so
++ dep_hal_path=/usr/local/Ascend/driver/lib64/driver/libascend_hal.so
++ '[' '!' -z /usr/local/Ascend/driver/lib64/driver/libascend_hal.so ']'
++ is_install_driver=y
++ for path in ${ld_library_path}
++ echo /usr/local/Ascend/driver/lib64/common
++ grep -q driver
++ '[' -d /usr/local/Ascend/driver/lib64/common ']'
+++ find /usr/local/Ascend/driver/lib64/common -name libascend_hal.so
++ dep_hal_path=
++ '[' '!' -z '' ']'
++ for path in ${ld_library_path}
++ echo /usr/local/Ascend/driver/lib64/driver
++ grep -q driver
++ '[' -d /usr/local/Ascend/driver/lib64/driver ']'
+++ find /usr/local/Ascend/driver/lib64/driver -name libascend_hal.so
++ dep_hal_path=/usr/local/Ascend/driver/lib64/driver/libascend_hal.so
++ '[' '!' -z /usr/local/Ascend/driver/lib64/driver/libascend_hal.so ']'
++ is_install_driver=y
++ for path in ${ld_library_path}
++ echo /usr/local/Ascend/nnal/atb/latest/atb/cxx_abi_1/lib
++ grep -q driver
++ for path in ${ld_library_path}
++ echo /usr/local/Ascend/nnal/atb/latest/atb/cxx_abi_1/examples
++ grep -q driver
++ for path in ${ld_library_path}
++ echo /usr/local/Ascend/nnal/atb/latest/atb/cxx_abi_1/tests/atbopstest
++ grep -q driver
++ for path in ${ld_library_path}
++ echo /usr/local/Ascend/driver/lib64
++ grep -q driver
++ '[' -d /usr/local/Ascend/driver/lib64 ']'
+++ find /usr/local/Ascend/driver/lib64 -name libascend_hal.so
++ dep_hal_path=/usr/local/Ascend/driver/lib64/driver/libascend_hal.so
++ '[' '!' -z /usr/local/Ascend/driver/lib64/driver/libascend_hal.so ']'
++ is_install_driver=y
++ for path in ${ld_library_path}
++ echo /usr/local/Ascend/driver/lib64/common
++ grep -q driver
++ '[' -d /usr/local/Ascend/driver/lib64/common ']'
+++ find /usr/local/Ascend/driver/lib64/common -name libascend_hal.so
++ dep_hal_path=
++ '[' '!' -z '' ']'
++ for path in ${ld_library_path}
++ echo /usr/local/Ascend/driver/lib64/driver
++ grep -q driver
++ '[' -d /usr/local/Ascend/driver/lib64/driver ']'
+++ find /usr/local/Ascend/driver/lib64/driver -name libascend_hal.so
++ dep_hal_path=/usr/local/Ascend/driver/lib64/driver/libascend_hal.so
++ '[' '!' -z /usr/local/Ascend/driver/lib64/driver/libascend_hal.so ']'
++ is_install_driver=y
++ for path in ${ld_library_path}
++ echo /usr/local/Ascend/nnal/atb/latest/atb/cxx_abi_1/lib
++ grep -q driver
++ for path in ${ld_library_path}
++ echo /usr/local/Ascend/nnal/atb/latest/atb/cxx_abi_1/examples
++ grep -q driver
++ for path in ${ld_library_path}
++ echo /usr/local/Ascend/nnal/atb/latest/atb/cxx_abi_1/tests/atbopstest
++ grep -q driver
++ for path in ${ld_library_path}
++ echo /usr/local/Ascend/driver/lib64
++ grep -q driver
++ '[' -d /usr/local/Ascend/driver/lib64 ']'
+++ find /usr/local/Ascend/driver/lib64 -name libascend_hal.so
++ dep_hal_path=/usr/local/Ascend/driver/lib64/driver/libascend_hal.so
++ '[' '!' -z /usr/local/Ascend/driver/lib64/driver/libascend_hal.so ']'
++ is_install_driver=y
++ for path in ${ld_library_path}
++ echo /usr/local/Ascend/driver/lib64/common
++ grep -q driver
++ '[' -d /usr/local/Ascend/driver/lib64/common ']'
+++ find /usr/local/Ascend/driver/lib64/common -name libascend_hal.so
++ dep_hal_path=
++ '[' '!' -z '' ']'
++ for path in ${ld_library_path}
++ echo /usr/local/Ascend/driver/lib64/driver
++ grep -q driver
++ '[' -d /usr/local/Ascend/driver/lib64/driver ']'
+++ find /usr/local/Ascend/driver/lib64/driver -name libascend_hal.so
++ dep_hal_path=/usr/local/Ascend/driver/lib64/driver/libascend_hal.so
++ '[' '!' -z /usr/local/Ascend/driver/lib64/driver/libascend_hal.so ']'
++ is_install_driver=y
++ for path in ${ld_library_path}
++ echo /usr/local/Ascend/nnal/atb/latest/atb/cxx_abi_1/lib
++ grep -q driver
++ for path in ${ld_library_path}
++ echo /usr/local/Ascend/nnal/atb/latest/atb/cxx_abi_1/examples
++ grep -q driver
++ for path in ${ld_library_path}
++ echo /usr/local/Ascend/nnal/atb/latest/atb/cxx_abi_1/tests/atbopstest
++ grep -q driver
++ for path in ${ld_library_path}
++ echo /usr/local/Ascend/driver/lib64
++ grep -q driver
++ '[' -d /usr/local/Ascend/driver/lib64 ']'
+++ find /usr/local/Ascend/driver/lib64 -name libascend_hal.so
++ dep_hal_path=/usr/local/Ascend/driver/lib64/driver/libascend_hal.so
++ '[' '!' -z /usr/local/Ascend/driver/lib64/driver/libascend_hal.so ']'
++ is_install_driver=y
++ for path in ${ld_library_path}
++ echo /usr/local/Ascend/driver/lib64/common
++ grep -q driver
++ '[' -d /usr/local/Ascend/driver/lib64/common ']'
+++ find /usr/local/Ascend/driver/lib64/common -name libascend_hal.so
++ dep_hal_path=
++ '[' '!' -z '' ']'
++ for path in ${ld_library_path}
++ echo /usr/local/Ascend/driver/lib64/driver
++ grep -q driver
++ '[' -d /usr/local/Ascend/driver/lib64/driver ']'
+++ find /usr/local/Ascend/driver/lib64/driver -name libascend_hal.so
++ dep_hal_path=/usr/local/Ascend/driver/lib64/driver/libascend_hal.so
++ '[' '!' -z /usr/local/Ascend/driver/lib64/driver/libascend_hal.so ']'
++ is_install_driver=y
++ for path in ${ld_library_path}
++ echo /usr/local/Ascend/nnal/atb/latest/atb/cxx_abi_1/lib
++ grep -q driver
++ for path in ${ld_library_path}
++ echo /usr/local/Ascend/nnal/atb/latest/atb/cxx_abi_1/examples
++ grep -q driver
++ for path in ${ld_library_path}
++ echo /usr/local/Ascend/nnal/atb/latest/atb/cxx_abi_1/tests/atbopstest
++ grep -q driver
++ for path in ${ld_library_path}
++ echo /usr/local/Ascend/ascend-toolkit/latest/tools/aml/lib64
++ grep -q driver
++ for path in ${ld_library_path}
++ echo /usr/local/Ascend/ascend-toolkit/latest/tools/aml/lib64/plugin
++ grep -q driver
++ for path in ${ld_library_path}
++ echo /usr/local/Ascend/ascend-toolkit/latest/lib64
++ grep -q driver
++ for path in ${ld_library_path}
++ echo /usr/local/Ascend/ascend-toolkit/latest/lib64/plugin/opskernel
++ grep -q driver
++ for path in ${ld_library_path}
++ echo /usr/local/Ascend/ascend-toolkit/latest/lib64/plugin/nnengine
++ grep -q driver
++ for path in ${ld_library_path}
++ echo /usr/local/Ascend/ascend-toolkit/latest/opp/built-in/op_impl/ai_core/tbe/op_tiling
++ grep -q driver
++ for path in ${ld_library_path}
++ echo /usr/local/Ascend/driver/lib64
++ grep -q driver
++ '[' -d /usr/local/Ascend/driver/lib64 ']'
+++ find /usr/local/Ascend/driver/lib64 -name libascend_hal.so
++ dep_hal_path=/usr/local/Ascend/driver/lib64/driver/libascend_hal.so
++ '[' '!' -z /usr/local/Ascend/driver/lib64/driver/libascend_hal.so ']'
++ is_install_driver=y
++ for path in ${ld_library_path}
++ echo /usr/local/Ascend/driver/lib64/common/
++ grep -q driver
++ '[' -d /usr/local/Ascend/driver/lib64/common/ ']'
+++ find /usr/local/Ascend/driver/lib64/common/ -name libascend_hal.so
++ dep_hal_path=
++ '[' '!' -z '' ']'
++ for path in ${ld_library_path}
++ echo /usr/local/Ascend/driver/lib64/driver/
++ grep -q driver
++ '[' -d /usr/local/Ascend/driver/lib64/driver/ ']'
+++ find /usr/local/Ascend/driver/lib64/driver/ -name libascend_hal.so
++ dep_hal_path=/usr/local/Ascend/driver/lib64/driver/libascend_hal.so
++ '[' '!' -z /usr/local/Ascend/driver/lib64/driver/libascend_hal.so ']'
++ is_install_driver=y
++ '[' -f /etc/ascend_install.info ']'
++ case ":$PATH:" in
++ command -v ldconfig
++ ldconfig -p
++ grep -q -- libascend_hal.so
++ command -v arch
+++ arch
++ architecture=aarch64
++ prepend_env PATH /usr/local/Ascend/cann-8.5.0/bin:/usr/local/Ascend/cann-8.5.0/tools/ccec_compiler/bin:/usr/local/Ascend/cann-8.5.0/tools/profiler/bin:/usr/local/Ascend/cann-8.5.0/tools/ascend_system_advisor/asys:/usr/local/Ascend/cann-8.5.0/tools/show_kernel_debug_data:/usr/local/Ascend/cann-8.5.0/tools/msobjdump
++ local name=PATH
++ local value=/usr/local/Ascend/cann-8.5.0/bin:/usr/local/Ascend/cann-8.5.0/tools/ccec_compiler/bin:/usr/local/Ascend/cann-8.5.0/tools/profiler/bin:/usr/local/Ascend/cann-8.5.0/tools/ascend_system_advisor/asys:/usr/local/Ascend/cann-8.5.0/tools/show_kernel_debug_data:/usr/local/Ascend/cann-8.5.0/tools/msobjdump
+++ eval echo '${PATH}'
++++ echo /usr/local/Ascend/nnal/atb/latest/atb/cxx_abi_1/bin:/usr/local/Ascend/nnal/atb/latest/atb/cxx_abi_1/bin:/usr/local/Ascend/nnal/atb/latest/atb/cxx_abi_1/bin:/root/.vscode-server/data/User/globalStorage/github.copilot-chat/debugCommand:/root/.vscode-server/data/User/globalStorage/github.copilot-chat/copilotCli:/root/.vscode-server/bin/8761a5560cfd65fdd19ce7e2bd18dab5c0a4d84e/bin/remote-cli:/usr/local/Ascend/nnal/atb/latest/atb/cxx_abi_1/bin:/usr/local/Ascend/nnal/atb/latest/atb/cxx_abi_1/bin:/usr/local/Ascend/nnal/atb/latest/atb/cxx_abi_1/bin:/usr/local/Ascend/ascend-toolkit/latest/bin:/usr/local/Ascend/ascend-toolkit/latest/compiler/ccec_compiler/bin:/usr/local/Ascend/ascend-toolkit/latest/tools/ccec_compiler/bin:/usr/local/python3.11.14/bin:/usr/local/sbin:/usr/local/bin:/usr/sbin:/usr/bin:/sbin:/bin:/usr/local/go/bin:/root/bin:/usr/local/go/bin:/usr/local/go/bin:/root/bin
++ local env_value=/usr/local/Ascend/nnal/atb/latest/atb/cxx_abi_1/bin:/usr/local/Ascend/nnal/atb/latest/atb/cxx_abi_1/bin:/usr/local/Ascend/nnal/atb/latest/atb/cxx_abi_1/bin:/root/.vscode-server/data/User/globalStorage/github.copilot-chat/debugCommand:/root/.vscode-server/data/User/globalStorage/github.copilot-chat/copilotCli:/root/.vscode-server/bin/8761a5560cfd65fdd19ce7e2bd18dab5c0a4d84e/bin/remote-cli:/usr/local/Ascend/nnal/atb/latest/atb/cxx_abi_1/bin:/usr/local/Ascend/nnal/atb/latest/atb/cxx_abi_1/bin:/usr/local/Ascend/nnal/atb/latest/atb/cxx_abi_1/bin:/usr/local/Ascend/ascend-toolkit/latest/bin:/usr/local/Ascend/ascend-toolkit/latest/compiler/ccec_compiler/bin:/usr/local/Ascend/ascend-toolkit/latest/tools/ccec_compiler/bin:/usr/local/python3.11.14/bin:/usr/local/sbin:/usr/local/bin:/usr/sbin:/usr/bin:/sbin:/bin:/usr/local/go/bin:/root/bin:/usr/local/go/bin:/usr/local/go/bin:/root/bin
++ '[' /usr/local/Ascend/nnal/atb/latest/atb/cxx_abi_1/bin:/usr/local/Ascend/nnal/atb/latest/atb/cxx_abi_1/bin:/usr/local/Ascend/nnal/atb/latest/atb/cxx_abi_1/bin:/root/.vscode-server/data/User/globalStorage/github.copilot-chat/debugCommand:/root/.vscode-server/data/User/globalStorage/github.copilot-chat/copilotCli:/root/.vscode-server/bin/8761a5560cfd65fdd19ce7e2bd18dab5c0a4d84e/bin/remote-cli:/usr/local/Ascend/nnal/atb/latest/atb/cxx_abi_1/bin:/usr/local/Ascend/nnal/atb/latest/atb/cxx_abi_1/bin:/usr/local/Ascend/nnal/atb/latest/atb/cxx_abi_1/bin:/usr/local/Ascend/ascend-toolkit/latest/bin:/usr/local/Ascend/ascend-toolkit/latest/compiler/ccec_compiler/bin:/usr/local/Ascend/ascend-toolkit/latest/tools/ccec_compiler/bin:/usr/local/python3.11.14/bin:/usr/local/sbin:/usr/local/bin:/usr/sbin:/usr/bin:/sbin:/bin:/usr/local/go/bin:/root/bin:/usr/local/go/bin:/usr/local/go/bin:/root/bin = '' ']'
++ read -r PATH
++ export PATH
++ prepend_env LD_LIBRARY_PATH /usr/local/Ascend/cann-8.5.0/lib64:/usr/local/Ascend/cann-8.5.0/lib64/plugin/opskernel:/usr/local/Ascend/cann-8.5.0/lib64/plugin/nnengine:/usr/local/Ascend/cann-8.5.0/opp/built-in/op_impl/ai_core/tbe/op_tiling/lib/linux/aarch64:/usr/local/Ascend/cann-8.5.0/tools/aml/lib64:/usr/local/Ascend/cann-8.5.0/tools/aml/lib64/plugin:/usr/local/Ascend/driver/lib64:/usr/local/Ascend/driver/lib64/common:/usr/local/Ascend/driver/lib64/driver
++ local name=LD_LIBRARY_PATH
++ local value=/usr/local/Ascend/cann-8.5.0/lib64:/usr/local/Ascend/cann-8.5.0/lib64/plugin/opskernel:/usr/local/Ascend/cann-8.5.0/lib64/plugin/nnengine:/usr/local/Ascend/cann-8.5.0/opp/built-in/op_impl/ai_core/tbe/op_tiling/lib/linux/aarch64:/usr/local/Ascend/cann-8.5.0/tools/aml/lib64:/usr/local/Ascend/cann-8.5.0/tools/aml/lib64/plugin:/usr/local/Ascend/driver/lib64:/usr/local/Ascend/driver/lib64/common:/usr/local/Ascend/driver/lib64/driver
+++ eval echo '${LD_LIBRARY_PATH}'
++++ echo /usr/local/Ascend/nnal/atb/latest/atb/cxx_abi_1/lib:/usr/local/Ascend/nnal/atb/latest/atb/cxx_abi_1/examples:/usr/local/Ascend/nnal/atb/latest/atb/cxx_abi_1/tests/atbopstest:/usr/local/Ascend/driver/lib64:/usr/local/Ascend/driver/lib64/common:/usr/local/Ascend/driver/lib64/driver:/usr/local/Ascend/nnal/atb/latest/atb/cxx_abi_1/lib:/usr/local/Ascend/nnal/atb/latest/atb/cxx_abi_1/examples:/usr/local/Ascend/nnal/atb/latest/atb/cxx_abi_1/tests/atbopstest:/usr/local/Ascend/driver/lib64:/usr/local/Ascend/driver/lib64/common:/usr/local/Ascend/driver/lib64/driver:/usr/local/Ascend/nnal/atb/latest/atb/cxx_abi_1/lib:/usr/local/Ascend/nnal/atb/latest/atb/cxx_abi_1/examples:/usr/local/Ascend/nnal/atb/latest/atb/cxx_abi_1/tests/atbopstest:/usr/local/Ascend/driver/lib64:/usr/local/Ascend/driver/lib64/common:/usr/local/Ascend/driver/lib64/driver:/usr/local/Ascend/nnal/atb/latest/atb/cxx_abi_1/lib:/usr/local/Ascend/nnal/atb/latest/atb/cxx_abi_1/examples:/usr/local/Ascend/nnal/atb/latest/atb/cxx_abi_1/tests/atbopstest:/usr/local/Ascend/driver/lib64:/usr/local/Ascend/driver/lib64/common:/usr/local/Ascend/driver/lib64/driver:/usr/local/Ascend/nnal/atb/latest/atb/cxx_abi_1/lib:/usr/local/Ascend/nnal/atb/latest/atb/cxx_abi_1/examples:/usr/local/Ascend/nnal/atb/latest/atb/cxx_abi_1/tests/atbopstest:/usr/local/Ascend/driver/lib64:/usr/local/Ascend/driver/lib64/common:/usr/local/Ascend/driver/lib64/driver:/usr/local/Ascend/nnal/atb/latest/atb/cxx_abi_1/lib:/usr/local/Ascend/nnal/atb/latest/atb/cxx_abi_1/examples:/usr/local/Ascend/nnal/atb/latest/atb/cxx_abi_1/tests/atbopstest:/usr/local/Ascend/ascend-toolkit/latest/tools/aml/lib64:/usr/local/Ascend/ascend-toolkit/latest/tools/aml/lib64/plugin:/usr/local/Ascend/ascend-toolkit/latest/lib64:/usr/local/Ascend/ascend-toolkit/latest/lib64/plugin/opskernel:/usr/local/Ascend/ascend-toolkit/latest/lib64/plugin/nnengine:/usr/local/Ascend/ascend-toolkit/latest/opp/built-in/op_impl/ai_core/tbe/op_tiling:/usr/local/Ascend/driver/lib64:/usr/local/Ascend/driver/lib64/common/:/usr/local/Ascend/driver/lib64/driver/:
++ local env_value=/usr/local/Ascend/nnal/atb/latest/atb/cxx_abi_1/lib:/usr/local/Ascend/nnal/atb/latest/atb/cxx_abi_1/examples:/usr/local/Ascend/nnal/atb/latest/atb/cxx_abi_1/tests/atbopstest:/usr/local/Ascend/driver/lib64:/usr/local/Ascend/driver/lib64/common:/usr/local/Ascend/driver/lib64/driver:/usr/local/Ascend/nnal/atb/latest/atb/cxx_abi_1/lib:/usr/local/Ascend/nnal/atb/latest/atb/cxx_abi_1/examples:/usr/local/Ascend/nnal/atb/latest/atb/cxx_abi_1/tests/atbopstest:/usr/local/Ascend/driver/lib64:/usr/local/Ascend/driver/lib64/common:/usr/local/Ascend/driver/lib64/driver:/usr/local/Ascend/nnal/atb/latest/atb/cxx_abi_1/lib:/usr/local/Ascend/nnal/atb/latest/atb/cxx_abi_1/examples:/usr/local/Ascend/nnal/atb/latest/atb/cxx_abi_1/tests/atbopstest:/usr/local/Ascend/driver/lib64:/usr/local/Ascend/driver/lib64/common:/usr/local/Ascend/driver/lib64/driver:/usr/local/Ascend/nnal/atb/latest/atb/cxx_abi_1/lib:/usr/local/Ascend/nnal/atb/latest/atb/cxx_abi_1/examples:/usr/local/Ascend/nnal/atb/latest/atb/cxx_abi_1/tests/atbopstest:/usr/local/Ascend/driver/lib64:/usr/local/Ascend/driver/lib64/common:/usr/local/Ascend/driver/lib64/driver:/usr/local/Ascend/nnal/atb/latest/atb/cxx_abi_1/lib:/usr/local/Ascend/nnal/atb/latest/atb/cxx_abi_1/examples:/usr/local/Ascend/nnal/atb/latest/atb/cxx_abi_1/tests/atbopstest:/usr/local/Ascend/driver/lib64:/usr/local/Ascend/driver/lib64/common:/usr/local/Ascend/driver/lib64/driver:/usr/local/Ascend/nnal/atb/latest/atb/cxx_abi_1/lib:/usr/local/Ascend/nnal/atb/latest/atb/cxx_abi_1/examples:/usr/local/Ascend/nnal/atb/latest/atb/cxx_abi_1/tests/atbopstest:/usr/local/Ascend/ascend-toolkit/latest/tools/aml/lib64:/usr/local/Ascend/ascend-toolkit/latest/tools/aml/lib64/plugin:/usr/local/Ascend/ascend-toolkit/latest/lib64:/usr/local/Ascend/ascend-toolkit/latest/lib64/plugin/opskernel:/usr/local/Ascend/ascend-toolkit/latest/lib64/plugin/nnengine:/usr/local/Ascend/ascend-toolkit/latest/opp/built-in/op_impl/ai_core/tbe/op_tiling:/usr/local/Ascend/driver/lib64:/usr/local/Ascend/driver/lib64/common/:/usr/local/Ascend/driver/lib64/driver/:
++ '[' /usr/local/Ascend/nnal/atb/latest/atb/cxx_abi_1/lib:/usr/local/Ascend/nnal/atb/latest/atb/cxx_abi_1/examples:/usr/local/Ascend/nnal/atb/latest/atb/cxx_abi_1/tests/atbopstest:/usr/local/Ascend/driver/lib64:/usr/local/Ascend/driver/lib64/common:/usr/local/Ascend/driver/lib64/driver:/usr/local/Ascend/nnal/atb/latest/atb/cxx_abi_1/lib:/usr/local/Ascend/nnal/atb/latest/atb/cxx_abi_1/examples:/usr/local/Ascend/nnal/atb/latest/atb/cxx_abi_1/tests/atbopstest:/usr/local/Ascend/driver/lib64:/usr/local/Ascend/driver/lib64/common:/usr/local/Ascend/driver/lib64/driver:/usr/local/Ascend/nnal/atb/latest/atb/cxx_abi_1/lib:/usr/local/Ascend/nnal/atb/latest/atb/cxx_abi_1/examples:/usr/local/Ascend/nnal/atb/latest/atb/cxx_abi_1/tests/atbopstest:/usr/local/Ascend/driver/lib64:/usr/local/Ascend/driver/lib64/common:/usr/local/Ascend/driver/lib64/driver:/usr/local/Ascend/nnal/atb/latest/atb/cxx_abi_1/lib:/usr/local/Ascend/nnal/atb/latest/atb/cxx_abi_1/examples:/usr/local/Ascend/nnal/atb/latest/atb/cxx_abi_1/tests/atbopstest:/usr/local/Ascend/driver/lib64:/usr/local/Ascend/driver/lib64/common:/usr/local/Ascend/driver/lib64/driver:/usr/local/Ascend/nnal/atb/latest/atb/cxx_abi_1/lib:/usr/local/Ascend/nnal/atb/latest/atb/cxx_abi_1/examples:/usr/local/Ascend/nnal/atb/latest/atb/cxx_abi_1/tests/atbopstest:/usr/local/Ascend/driver/lib64:/usr/local/Ascend/driver/lib64/common:/usr/local/Ascend/driver/lib64/driver:/usr/local/Ascend/nnal/atb/latest/atb/cxx_abi_1/lib:/usr/local/Ascend/nnal/atb/latest/atb/cxx_abi_1/examples:/usr/local/Ascend/nnal/atb/latest/atb/cxx_abi_1/tests/atbopstest:/usr/local/Ascend/ascend-toolkit/latest/tools/aml/lib64:/usr/local/Ascend/ascend-toolkit/latest/tools/aml/lib64/plugin:/usr/local/Ascend/ascend-toolkit/latest/lib64:/usr/local/Ascend/ascend-toolkit/latest/lib64/plugin/opskernel:/usr/local/Ascend/ascend-toolkit/latest/lib64/plugin/nnengine:/usr/local/Ascend/ascend-toolkit/latest/opp/built-in/op_impl/ai_core/tbe/op_tiling:/usr/local/Ascend/driver/lib64:/usr/local/Ascend/driver/lib64/common/:/usr/local/Ascend/driver/lib64/driver/: = '' ']'
++ read -r LD_LIBRARY_PATH
++ export LD_LIBRARY_PATH
++ export PYTHONPATH=/usr/local/Ascend/cann-8.5.0/python/site-packages:/usr/local/Ascend/cann-8.5.0/opp/built-in/op_impl/ai_core/tbe:/workspace/cann-recipes-train/llm_rl/qwen3_shrink_aware:/usr/local/Ascend/ascend-toolkit/latest/python/site-packages:/usr/local/Ascend/ascend-toolkit/latest/opp/built-in/op_impl/ai_core/tbe:
++ PYTHONPATH=/usr/local/Ascend/cann-8.5.0/python/site-packages:/usr/local/Ascend/cann-8.5.0/opp/built-in/op_impl/ai_core/tbe:/workspace/cann-recipes-train/llm_rl/qwen3_shrink_aware:/usr/local/Ascend/ascend-toolkit/latest/python/site-packages:/usr/local/Ascend/ascend-toolkit/latest/opp/built-in/op_impl/ai_core/tbe:
++ '[' y = n ']'
++ export ASCEND_OPP_PATH=/usr/local/Ascend/cann-8.5.0/opp
++ ASCEND_OPP_PATH=/usr/local/Ascend/cann-8.5.0/opp
++ export ASCEND_AICPU_PATH=/usr/local/Ascend/cann-8.5.0
++ ASCEND_AICPU_PATH=/usr/local/Ascend/cann-8.5.0
++ export TOOLCHAIN_HOME=/usr/local/Ascend/cann-8.5.0/toolkit
++ TOOLCHAIN_HOME=/usr/local/Ascend/cann-8.5.0/toolkit
++ export ASCEND_HOME_PATH=/usr/local/Ascend/cann-8.5.0
++ ASCEND_HOME_PATH=/usr/local/Ascend/cann-8.5.0
++ export ASCEND_TOOLKIT_HOME=/usr/local/Ascend/cann-8.5.0
++ ASCEND_TOOLKIT_HOME=/usr/local/Ascend/cann-8.5.0
++ prepend_env CMAKE_PREFIX_PATH /usr/local/Ascend/cann-8.5.0/lib64/cmake
++ local name=CMAKE_PREFIX_PATH
++ local value=/usr/local/Ascend/cann-8.5.0/lib64/cmake
+++ eval echo '${CMAKE_PREFIX_PATH}'
++++ echo /usr/local/Ascend/cann-8.5.0/toolkit/tools/tikicpulib/lib/cmake:/usr/local/Ascend/cann-8.5.0/lib64/cmake:/usr/local/Ascend/cann-8.5.0/toolkit/tools/tikicpulib/lib/cmake:/usr/local/Ascend/cann-8.5.0/lib64/cmake:/usr/local/Ascend/cann-8.5.0/toolkit/tools/tikicpulib/lib/cmake:/usr/local/Ascend/cann-8.5.0/lib64/cmake:/usr/local/Ascend/cann-8.5.0/toolkit/tools/tikicpulib/lib/cmake:/usr/local/Ascend/cann-8.5.0/lib64/cmake:/usr/local/Ascend/cann-8.5.0/toolkit/tools/tikicpulib/lib/cmake:/usr/local/Ascend/cann-8.5.0/lib64/cmake
++ local env_value=/usr/local/Ascend/cann-8.5.0/toolkit/tools/tikicpulib/lib/cmake:/usr/local/Ascend/cann-8.5.0/lib64/cmake:/usr/local/Ascend/cann-8.5.0/toolkit/tools/tikicpulib/lib/cmake:/usr/local/Ascend/cann-8.5.0/lib64/cmake:/usr/local/Ascend/cann-8.5.0/toolkit/tools/tikicpulib/lib/cmake:/usr/local/Ascend/cann-8.5.0/lib64/cmake:/usr/local/Ascend/cann-8.5.0/toolkit/tools/tikicpulib/lib/cmake:/usr/local/Ascend/cann-8.5.0/lib64/cmake:/usr/local/Ascend/cann-8.5.0/toolkit/tools/tikicpulib/lib/cmake:/usr/local/Ascend/cann-8.5.0/lib64/cmake
++ '[' /usr/local/Ascend/cann-8.5.0/toolkit/tools/tikicpulib/lib/cmake:/usr/local/Ascend/cann-8.5.0/lib64/cmake:/usr/local/Ascend/cann-8.5.0/toolkit/tools/tikicpulib/lib/cmake:/usr/local/Ascend/cann-8.5.0/lib64/cmake:/usr/local/Ascend/cann-8.5.0/toolkit/tools/tikicpulib/lib/cmake:/usr/local/Ascend/cann-8.5.0/lib64/cmake:/usr/local/Ascend/cann-8.5.0/toolkit/tools/tikicpulib/lib/cmake:/usr/local/Ascend/cann-8.5.0/lib64/cmake:/usr/local/Ascend/cann-8.5.0/toolkit/tools/tikicpulib/lib/cmake:/usr/local/Ascend/cann-8.5.0/lib64/cmake = '' ']'
++ read -r CMAKE_PREFIX_PATH
++ export CMAKE_PREFIX_PATH
++ prepend_env CMAKE_PREFIX_PATH /usr/local/Ascend/cann-8.5.0/toolkit/tools/tikicpulib/lib/cmake
++ local name=CMAKE_PREFIX_PATH
++ local value=/usr/local/Ascend/cann-8.5.0/toolkit/tools/tikicpulib/lib/cmake
+++ eval echo '${CMAKE_PREFIX_PATH}'
++++ echo /usr/local/Ascend/cann-8.5.0/lib64/cmake:/usr/local/Ascend/cann-8.5.0/toolkit/tools/tikicpulib/lib/cmake:/usr/local/Ascend/cann-8.5.0/lib64/cmake:/usr/local/Ascend/cann-8.5.0/toolkit/tools/tikicpulib/lib/cmake:/usr/local/Ascend/cann-8.5.0/lib64/cmake:/usr/local/Ascend/cann-8.5.0/toolkit/tools/tikicpulib/lib/cmake:/usr/local/Ascend/cann-8.5.0/lib64/cmake:/usr/local/Ascend/cann-8.5.0/toolkit/tools/tikicpulib/lib/cmake:/usr/local/Ascend/cann-8.5.0/lib64/cmake:/usr/local/Ascend/cann-8.5.0/toolkit/tools/tikicpulib/lib/cmake:/usr/local/Ascend/cann-8.5.0/lib64/cmake
++ local env_value=/usr/local/Ascend/cann-8.5.0/lib64/cmake:/usr/local/Ascend/cann-8.5.0/toolkit/tools/tikicpulib/lib/cmake:/usr/local/Ascend/cann-8.5.0/lib64/cmake:/usr/local/Ascend/cann-8.5.0/toolkit/tools/tikicpulib/lib/cmake:/usr/local/Ascend/cann-8.5.0/lib64/cmake:/usr/local/Ascend/cann-8.5.0/toolkit/tools/tikicpulib/lib/cmake:/usr/local/Ascend/cann-8.5.0/lib64/cmake:/usr/local/Ascend/cann-8.5.0/toolkit/tools/tikicpulib/lib/cmake:/usr/local/Ascend/cann-8.5.0/lib64/cmake:/usr/local/Ascend/cann-8.5.0/toolkit/tools/tikicpulib/lib/cmake:/usr/local/Ascend/cann-8.5.0/lib64/cmake
++ '[' /usr/local/Ascend/cann-8.5.0/lib64/cmake:/usr/local/Ascend/cann-8.5.0/toolkit/tools/tikicpulib/lib/cmake:/usr/local/Ascend/cann-8.5.0/lib64/cmake:/usr/local/Ascend/cann-8.5.0/toolkit/tools/tikicpulib/lib/cmake:/usr/local/Ascend/cann-8.5.0/lib64/cmake:/usr/local/Ascend/cann-8.5.0/toolkit/tools/tikicpulib/lib/cmake:/usr/local/Ascend/cann-8.5.0/lib64/cmake:/usr/local/Ascend/cann-8.5.0/toolkit/tools/tikicpulib/lib/cmake:/usr/local/Ascend/cann-8.5.0/lib64/cmake:/usr/local/Ascend/cann-8.5.0/toolkit/tools/tikicpulib/lib/cmake:/usr/local/Ascend/cann-8.5.0/lib64/cmake = '' ']'
++ read -r CMAKE_PREFIX_PATH
++ export CMAKE_PREFIX_PATH
+ source /usr/local/Ascend/nnal/asdsip/set_env.sh
++ path=/usr/local/Ascend/nnal/asdsip/set_env.sh
++ [[ -f /usr/local/Ascend/nnal/asdsip/set_env.sh ]]
++ [[ /usr/local/Ascend/nnal/asdsip/set_env.sh =~ set_env\.sh ]]
++++ dirname /usr/local/Ascend/nnal/asdsip/set_env.sh
+++ cd /usr/local/Ascend/nnal/asdsip
+++ pwd
++ asdsip_dir_path=/usr/local/Ascend/nnal/asdsip
++ export ASDSIP_HOME_PATH=/usr/local/Ascend/nnal/asdsip/latest/
++ ASDSIP_HOME_PATH=/usr/local/Ascend/nnal/asdsip/latest/
++ export LD_LIBRARY_PATH=/usr/local/Ascend/nnal/asdsip/latest//lib:/usr/local/Ascend/cann-8.5.0/lib64:/usr/local/Ascend/cann-8.5.0/lib64/plugin/opskernel:/usr/local/Ascend/cann-8.5.0/lib64/plugin/nnengine:/usr/local/Ascend/cann-8.5.0/opp/built-in/op_impl/ai_core/tbe/op_tiling/lib/linux/aarch64:/usr/local/Ascend/cann-8.5.0/tools/aml/lib64:/usr/local/Ascend/cann-8.5.0/tools/aml/lib64/plugin:/usr/local/Ascend/driver/lib64:/usr/local/Ascend/driver/lib64/common:/usr/local/Ascend/driver/lib64/driver:/usr/local/Ascend/nnal/atb/latest/atb/cxx_abi_1/lib:/usr/local/Ascend/nnal/atb/latest/atb/cxx_abi_1/examples:/usr/local/Ascend/nnal/atb/latest/atb/cxx_abi_1/tests/atbopstest:/usr/local/Ascend/driver/lib64:/usr/local/Ascend/driver/lib64/common:/usr/local/Ascend/driver/lib64/driver:/usr/local/Ascend/nnal/atb/latest/atb/cxx_abi_1/lib:/usr/local/Ascend/nnal/atb/latest/atb/cxx_abi_1/examples:/usr/local/Ascend/nnal/atb/latest/atb/cxx_abi_1/tests/atbopstest:/usr/local/Ascend/driver/lib64:/usr/local/Ascend/driver/lib64/common:/usr/local/Ascend/driver/lib64/driver:/usr/local/Ascend/nnal/atb/latest/atb/cxx_abi_1/lib:/usr/local/Ascend/nnal/atb/latest/atb/cxx_abi_1/examples:/usr/local/Ascend/nnal/atb/latest/atb/cxx_abi_1/tests/atbopstest:/usr/local/Ascend/driver/lib64:/usr/local/Ascend/driver/lib64/common:/usr/local/Ascend/driver/lib64/driver:/usr/local/Ascend/nnal/atb/latest/atb/cxx_abi_1/lib:/usr/local/Ascend/nnal/atb/latest/atb/cxx_abi_1/examples:/usr/local/Ascend/nnal/atb/latest/atb/cxx_abi_1/tests/atbopstest:/usr/local/Ascend/driver/lib64:/usr/local/Ascend/driver/lib64/common:/usr/local/Ascend/driver/lib64/driver:/usr/local/Ascend/nnal/atb/latest/atb/cxx_abi_1/lib:/usr/local/Ascend/nnal/atb/latest/atb/cxx_abi_1/examples:/usr/local/Ascend/nnal/atb/latest/atb/cxx_abi_1/tests/atbopstest:/usr/local/Ascend/driver/lib64:/usr/local/Ascend/driver/lib64/common:/usr/local/Ascend/driver/lib64/driver:/usr/local/Ascend/nnal/atb/latest/atb/cxx_abi_1/lib:/usr/local/Ascend/nnal/atb/latest/atb/cxx_abi_1/examples:/usr/local/Ascend/nnal/atb/latest/atb/cxx_abi_1/tests/atbopstest:/usr/local/Ascend/ascend-toolkit/latest/tools/aml/lib64:/usr/local/Ascend/ascend-toolkit/latest/tools/aml/lib64/plugin:/usr/local/Ascend/ascend-toolkit/latest/lib64:/usr/local/Ascend/ascend-toolkit/latest/lib64/plugin/opskernel:/usr/local/Ascend/ascend-toolkit/latest/lib64/plugin/nnengine:/usr/local/Ascend/ascend-toolkit/latest/opp/built-in/op_impl/ai_core/tbe/op_tiling:/usr/local/Ascend/driver/lib64:/usr/local/Ascend/driver/lib64/common/:/usr/local/Ascend/driver/lib64/driver/:
++ LD_LIBRARY_PATH=/usr/local/Ascend/nnal/asdsip/latest//lib:/usr/local/Ascend/cann-8.5.0/lib64:/usr/local/Ascend/cann-8.5.0/lib64/plugin/opskernel:/usr/local/Ascend/cann-8.5.0/lib64/plugin/nnengine:/usr/local/Ascend/cann-8.5.0/opp/built-in/op_impl/ai_core/tbe/op_tiling/lib/linux/aarch64:/usr/local/Ascend/cann-8.5.0/tools/aml/lib64:/usr/local/Ascend/cann-8.5.0/tools/aml/lib64/plugin:/usr/local/Ascend/driver/lib64:/usr/local/Ascend/driver/lib64/common:/usr/local/Ascend/driver/lib64/driver:/usr/local/Ascend/nnal/atb/latest/atb/cxx_abi_1/lib:/usr/local/Ascend/nnal/atb/latest/atb/cxx_abi_1/examples:/usr/local/Ascend/nnal/atb/latest/atb/cxx_abi_1/tests/atbopstest:/usr/local/Ascend/driver/lib64:/usr/local/Ascend/driver/lib64/common:/usr/local/Ascend/driver/lib64/driver:/usr/local/Ascend/nnal/atb/latest/atb/cxx_abi_1/lib:/usr/local/Ascend/nnal/atb/latest/atb/cxx_abi_1/examples:/usr/local/Ascend/nnal/atb/latest/atb/cxx_abi_1/tests/atbopstest:/usr/local/Ascend/driver/lib64:/usr/local/Ascend/driver/lib64/common:/usr/local/Ascend/driver/lib64/driver:/usr/local/Ascend/nnal/atb/latest/atb/cxx_abi_1/lib:/usr/local/Ascend/nnal/atb/latest/atb/cxx_abi_1/examples:/usr/local/Ascend/nnal/atb/latest/atb/cxx_abi_1/tests/atbopstest:/usr/local/Ascend/driver/lib64:/usr/local/Ascend/driver/lib64/common:/usr/local/Ascend/driver/lib64/driver:/usr/local/Ascend/nnal/atb/latest/atb/cxx_abi_1/lib:/usr/local/Ascend/nnal/atb/latest/atb/cxx_abi_1/examples:/usr/local/Ascend/nnal/atb/latest/atb/cxx_abi_1/tests/atbopstest:/usr/local/Ascend/driver/lib64:/usr/local/Ascend/driver/lib64/common:/usr/local/Ascend/driver/lib64/driver:/usr/local/Ascend/nnal/atb/latest/atb/cxx_abi_1/lib:/usr/local/Ascend/nnal/atb/latest/atb/cxx_abi_1/examples:/usr/local/Ascend/nnal/atb/latest/atb/cxx_abi_1/tests/atbopstest:/usr/local/Ascend/driver/lib64:/usr/local/Ascend/driver/lib64/common:/usr/local/Ascend/driver/lib64/driver:/usr/local/Ascend/nnal/atb/latest/atb/cxx_abi_1/lib:/usr/local/Ascend/nnal/atb/latest/atb/cxx_abi_1/examples:/usr/local/Ascend/nnal/atb/latest/atb/cxx_abi_1/tests/atbopstest:/usr/local/Ascend/ascend-toolkit/latest/tools/aml/lib64:/usr/local/Ascend/ascend-toolkit/latest/tools/aml/lib64/plugin:/usr/local/Ascend/ascend-toolkit/latest/lib64:/usr/local/Ascend/ascend-toolkit/latest/lib64/plugin/opskernel:/usr/local/Ascend/ascend-toolkit/latest/lib64/plugin/nnengine:/usr/local/Ascend/ascend-toolkit/latest/opp/built-in/op_impl/ai_core/tbe/op_tiling:/usr/local/Ascend/driver/lib64:/usr/local/Ascend/driver/lib64/common/:/usr/local/Ascend/driver/lib64/driver/:
+ source /usr/local/Ascend/nnal/atb/set_env.sh --cxx_abi=1
++ set_env_path=/usr/local/Ascend/nnal/atb/set_env.sh
++ [[ -n '' ]]
++ [[ -f /usr/local/Ascend/nnal/atb/set_env.sh ]]
++ [[ /usr/local/Ascend/nnal/atb/set_env.sh =~ (^|/)set_env\.sh$ ]]
++++ dirname /usr/local/Ascend/nnal/atb/set_env.sh
+++ cd /usr/local/Ascend/nnal/atb
+++ pwd
++ atb_path=/usr/local/Ascend/nnal/atb
++ get_cxx_abi_option --cxx_abi=1
++ cxx_abi=
++ [[ -z --cxx_abi=1 ]]
++ case "$1" in
++ cxx_abi=1
++ shift
++ [[ -z '' ]]
++ [[ 1 == '' ]]
++ export ATB_HOME_PATH=/usr/local/Ascend/nnal/atb/latest/atb/cxx_abi_1
++ ATB_HOME_PATH=/usr/local/Ascend/nnal/atb/latest/atb/cxx_abi_1
++ export LD_LIBRARY_PATH=/usr/local/Ascend/nnal/atb/latest/atb/cxx_abi_1/lib:/usr/local/Ascend/nnal/atb/latest/atb/cxx_abi_1/examples:/usr/local/Ascend/nnal/atb/latest/atb/cxx_abi_1/tests/atbopstest:/usr/local/Ascend/nnal/asdsip/latest//lib:/usr/local/Ascend/cann-8.5.0/lib64:/usr/local/Ascend/cann-8.5.0/lib64/plugin/opskernel:/usr/local/Ascend/cann-8.5.0/lib64/plugin/nnengine:/usr/local/Ascend/cann-8.5.0/opp/built-in/op_impl/ai_core/tbe/op_tiling/lib/linux/aarch64:/usr/local/Ascend/cann-8.5.0/tools/aml/lib64:/usr/local/Ascend/cann-8.5.0/tools/aml/lib64/plugin:/usr/local/Ascend/driver/lib64:/usr/local/Ascend/driver/lib64/common:/usr/local/Ascend/driver/lib64/driver:/usr/local/Ascend/nnal/atb/latest/atb/cxx_abi_1/lib:/usr/local/Ascend/nnal/atb/latest/atb/cxx_abi_1/examples:/usr/local/Ascend/nnal/atb/latest/atb/cxx_abi_1/tests/atbopstest:/usr/local/Ascend/driver/lib64:/usr/local/Ascend/driver/lib64/common:/usr/local/Ascend/driver/lib64/driver:/usr/local/Ascend/nnal/atb/latest/atb/cxx_abi_1/lib:/usr/local/Ascend/nnal/atb/latest/atb/cxx_abi_1/examples:/usr/local/Ascend/nnal/atb/latest/atb/cxx_abi_1/tests/atbopstest:/usr/local/Ascend/driver/lib64:/usr/local/Ascend/driver/lib64/common:/usr/local/Ascend/driver/lib64/driver:/usr/local/Ascend/nnal/atb/latest/atb/cxx_abi_1/lib:/usr/local/Ascend/nnal/atb/latest/atb/cxx_abi_1/examples:/usr/local/Ascend/nnal/atb/latest/atb/cxx_abi_1/tests/atbopstest:/usr/local/Ascend/driver/lib64:/usr/local/Ascend/driver/lib64/common:/usr/local/Ascend/driver/lib64/driver:/usr/local/Ascend/nnal/atb/latest/atb/cxx_abi_1/lib:/usr/local/Ascend/nnal/atb/latest/atb/cxx_abi_1/examples:/usr/local/Ascend/nnal/atb/latest/atb/cxx_abi_1/tests/atbopstest:/usr/local/Ascend/driver/lib64:/usr/local/Ascend/driver/lib64/common:/usr/local/Ascend/driver/lib64/driver:/usr/local/Ascend/nnal/atb/latest/atb/cxx_abi_1/lib:/usr/local/Ascend/nnal/atb/latest/atb/cxx_abi_1/examples:/usr/local/Ascend/nnal/atb/latest/atb/cxx_abi_1/tests/atbopstest:/usr/local/Ascend/driver/lib64:/usr/local/Ascend/driver/lib64/common:/usr/local/Ascend/driver/lib64/driver:/usr/local/Ascend/nnal/atb/latest/atb/cxx_abi_1/lib:/usr/local/Ascend/nnal/atb/latest/atb/cxx_abi_1/examples:/usr/local/Ascend/nnal/atb/latest/atb/cxx_abi_1/tests/atbopstest:/usr/local/Ascend/ascend-toolkit/latest/tools/aml/lib64:/usr/local/Ascend/ascend-toolkit/latest/tools/aml/lib64/plugin:/usr/local/Ascend/ascend-toolkit/latest/lib64:/usr/local/Ascend/ascend-toolkit/latest/lib64/plugin/opskernel:/usr/local/Ascend/ascend-toolkit/latest/lib64/plugin/nnengine:/usr/local/Ascend/ascend-toolkit/latest/opp/built-in/op_impl/ai_core/tbe/op_tiling:/usr/local/Ascend/driver/lib64:/usr/local/Ascend/driver/lib64/common/:/usr/local/Ascend/driver/lib64/driver/:
++ LD_LIBRARY_PATH=/usr/local/Ascend/nnal/atb/latest/atb/cxx_abi_1/lib:/usr/local/Ascend/nnal/atb/latest/atb/cxx_abi_1/examples:/usr/local/Ascend/nnal/atb/latest/atb/cxx_abi_1/tests/atbopstest:/usr/local/Ascend/nnal/asdsip/latest//lib:/usr/local/Ascend/cann-8.5.0/lib64:/usr/local/Ascend/cann-8.5.0/lib64/plugin/opskernel:/usr/local/Ascend/cann-8.5.0/lib64/plugin/nnengine:/usr/local/Ascend/cann-8.5.0/opp/built-in/op_impl/ai_core/tbe/op_tiling/lib/linux/aarch64:/usr/local/Ascend/cann-8.5.0/tools/aml/lib64:/usr/local/Ascend/cann-8.5.0/tools/aml/lib64/plugin:/usr/local/Ascend/driver/lib64:/usr/local/Ascend/driver/lib64/common:/usr/local/Ascend/driver/lib64/driver:/usr/local/Ascend/nnal/atb/latest/atb/cxx_abi_1/lib:/usr/local/Ascend/nnal/atb/latest/atb/cxx_abi_1/examples:/usr/local/Ascend/nnal/atb/latest/atb/cxx_abi_1/tests/atbopstest:/usr/local/Ascend/driver/lib64:/usr/local/Ascend/driver/lib64/common:/usr/local/Ascend/driver/lib64/driver:/usr/local/Ascend/nnal/atb/latest/atb/cxx_abi_1/lib:/usr/local/Ascend/nnal/atb/latest/atb/cxx_abi_1/examples:/usr/local/Ascend/nnal/atb/latest/atb/cxx_abi_1/tests/atbopstest:/usr/local/Ascend/driver/lib64:/usr/local/Ascend/driver/lib64/common:/usr/local/Ascend/driver/lib64/driver:/usr/local/Ascend/nnal/atb/latest/atb/cxx_abi_1/lib:/usr/local/Ascend/nnal/atb/latest/atb/cxx_abi_1/examples:/usr/local/Ascend/nnal/atb/latest/atb/cxx_abi_1/tests/atbopstest:/usr/local/Ascend/driver/lib64:/usr/local/Ascend/driver/lib64/common:/usr/local/Ascend/driver/lib64/driver:/usr/local/Ascend/nnal/atb/latest/atb/cxx_abi_1/lib:/usr/local/Ascend/nnal/atb/latest/atb/cxx_abi_1/examples:/usr/local/Ascend/nnal/atb/latest/atb/cxx_abi_1/tests/atbopstest:/usr/local/Ascend/driver/lib64:/usr/local/Ascend/driver/lib64/common:/usr/local/Ascend/driver/lib64/driver:/usr/local/Ascend/nnal/atb/latest/atb/cxx_abi_1/lib:/usr/local/Ascend/nnal/atb/latest/atb/cxx_abi_1/examples:/usr/local/Ascend/nnal/atb/latest/atb/cxx_abi_1/tests/atbopstest:/usr/local/Ascend/driver/lib64:/usr/local/Ascend/driver/lib64/common:/usr/local/Ascend/driver/lib64/driver:/usr/local/Ascend/nnal/atb/latest/atb/cxx_abi_1/lib:/usr/local/Ascend/nnal/atb/latest/atb/cxx_abi_1/examples:/usr/local/Ascend/nnal/atb/latest/atb/cxx_abi_1/tests/atbopstest:/usr/local/Ascend/ascend-toolkit/latest/tools/aml/lib64:/usr/local/Ascend/ascend-toolkit/latest/tools/aml/lib64/plugin:/usr/local/Ascend/ascend-toolkit/latest/lib64:/usr/local/Ascend/ascend-toolkit/latest/lib64/plugin/opskernel:/usr/local/Ascend/ascend-toolkit/latest/lib64/plugin/nnengine:/usr/local/Ascend/ascend-toolkit/latest/opp/built-in/op_impl/ai_core/tbe/op_tiling:/usr/local/Ascend/driver/lib64:/usr/local/Ascend/driver/lib64/common/:/usr/local/Ascend/driver/lib64/driver/:
++ export PATH=/usr/local/Ascend/nnal/atb/latest/atb/cxx_abi_1/bin:/usr/local/Ascend/cann-8.5.0/bin:/usr/local/Ascend/cann-8.5.0/tools/ccec_compiler/bin:/usr/local/Ascend/cann-8.5.0/tools/profiler/bin:/usr/local/Ascend/cann-8.5.0/tools/ascend_system_advisor/asys:/usr/local/Ascend/cann-8.5.0/tools/show_kernel_debug_data:/usr/local/Ascend/cann-8.5.0/tools/msobjdump:/usr/local/Ascend/nnal/atb/latest/atb/cxx_abi_1/bin:/usr/local/Ascend/nnal/atb/latest/atb/cxx_abi_1/bin:/usr/local/Ascend/nnal/atb/latest/atb/cxx_abi_1/bin:/root/.vscode-server/data/User/globalStorage/github.copilot-chat/debugCommand:/root/.vscode-server/data/User/globalStorage/github.copilot-chat/copilotCli:/root/.vscode-server/bin/8761a5560cfd65fdd19ce7e2bd18dab5c0a4d84e/bin/remote-cli:/usr/local/Ascend/nnal/atb/latest/atb/cxx_abi_1/bin:/usr/local/Ascend/nnal/atb/latest/atb/cxx_abi_1/bin:/usr/local/Ascend/nnal/atb/latest/atb/cxx_abi_1/bin:/usr/local/Ascend/ascend-toolkit/latest/bin:/usr/local/Ascend/ascend-toolkit/latest/compiler/ccec_compiler/bin:/usr/local/Ascend/ascend-toolkit/latest/tools/ccec_compiler/bin:/usr/local/python3.11.14/bin:/usr/local/sbin:/usr/local/bin:/usr/sbin:/usr/bin:/sbin:/bin:/usr/local/go/bin:/root/bin:/usr/local/go/bin:/usr/local/go/bin:/root/bin
++ PATH=/usr/local/Ascend/nnal/atb/latest/atb/cxx_abi_1/bin:/usr/local/Ascend/cann-8.5.0/bin:/usr/local/Ascend/cann-8.5.0/tools/ccec_compiler/bin:/usr/local/Ascend/cann-8.5.0/tools/profiler/bin:/usr/local/Ascend/cann-8.5.0/tools/ascend_system_advisor/asys:/usr/local/Ascend/cann-8.5.0/tools/show_kernel_debug_data:/usr/local/Ascend/cann-8.5.0/tools/msobjdump:/usr/local/Ascend/nnal/atb/latest/atb/cxx_abi_1/bin:/usr/local/Ascend/nnal/atb/latest/atb/cxx_abi_1/bin:/usr/local/Ascend/nnal/atb/latest/atb/cxx_abi_1/bin:/root/.vscode-server/data/User/globalStorage/github.copilot-chat/debugCommand:/root/.vscode-server/data/User/globalStorage/github.copilot-chat/copilotCli:/root/.vscode-server/bin/8761a5560cfd65fdd19ce7e2bd18dab5c0a4d84e/bin/remote-cli:/usr/local/Ascend/nnal/atb/latest/atb/cxx_abi_1/bin:/usr/local/Ascend/nnal/atb/latest/atb/cxx_abi_1/bin:/usr/local/Ascend/nnal/atb/latest/atb/cxx_abi_1/bin:/usr/local/Ascend/ascend-toolkit/latest/bin:/usr/local/Ascend/ascend-toolkit/latest/compiler/ccec_compiler/bin:/usr/local/Ascend/ascend-toolkit/latest/tools/ccec_compiler/bin:/usr/local/python3.11.14/bin:/usr/local/sbin:/usr/local/bin:/usr/sbin:/usr/bin:/sbin:/bin:/usr/local/go/bin:/root/bin:/usr/local/go/bin:/usr/local/go/bin:/root/bin
++ export ATB_STREAM_SYNC_EVERY_KERNEL_ENABLE=0
++ ATB_STREAM_SYNC_EVERY_KERNEL_ENABLE=0
++ export ATB_STREAM_SYNC_EVERY_RUNNER_ENABLE=0
++ ATB_STREAM_SYNC_EVERY_RUNNER_ENABLE=0
++ export ATB_STREAM_SYNC_EVERY_OPERATION_ENABLE=0
++ ATB_STREAM_SYNC_EVERY_OPERATION_ENABLE=0
++ export ATB_OPSRUNNER_KERNEL_CACHE_LOCAL_COUNT=1
++ ATB_OPSRUNNER_KERNEL_CACHE_LOCAL_COUNT=1
++ export ATB_OPSRUNNER_KERNEL_CACHE_GLOABL_COUNT=5
++ ATB_OPSRUNNER_KERNEL_CACHE_GLOABL_COUNT=5
++ export ATB_WORKSPACE_MEM_ALLOC_ALG_TYPE=1
++ ATB_WORKSPACE_MEM_ALLOC_ALG_TYPE=1
++ export ATB_COMPARE_TILING_EVERY_KERNEL=0
++ ATB_COMPARE_TILING_EVERY_KERNEL=0
++ export ATB_SHARE_MEMORY_NAME_SUFFIX=
++ ATB_SHARE_MEMORY_NAME_SUFFIX=
++ export ATB_MATMUL_SHUFFLE_K_ENABLE=1
++ ATB_MATMUL_SHUFFLE_K_ENABLE=1
++ export LCCL_DETERMINISTIC=0
++ LCCL_DETERMINISTIC=0
++ export LCCL_PARALLEL=0
++ LCCL_PARALLEL=0
+ export HYDRA_FULL_ERROR=1
+ HYDRA_FULL_ERROR=1
+ export RAY_DEDUP_LOGS=0
+ RAY_DEDUP_LOGS=0
+ export ASCEND_GLOBAL_EVENT_ENABLE=0
+ ASCEND_GLOBAL_EVENT_ENABLE=0
+ export ASCEND_SLOG_PRINT_TO_STDOUT=0
+ ASCEND_SLOG_PRINT_TO_STDOUT=0
+ export ASCEND_GLOBAL_LOG_LEVEL=3
+ ASCEND_GLOBAL_LOG_LEVEL=3
+ export HCCL_IF_BASE_PORT=64021
+ HCCL_IF_BASE_PORT=64021
+ export CUDA_DEVICE_MAX_CONNECTIONS=1
+ CUDA_DEVICE_MAX_CONNECTIONS=1
+ export MASTER_PORT=23300
+ MASTER_PORT=23300
+ export D2D_DATA_TRANSFER=1
+ D2D_DATA_TRANSFER=1
+ export VLLM_USE_V1=1
+ VLLM_USE_V1=1
+ export PRINT_MEMORY=1
+ PRINT_MEMORY=1
+ export USE_ALLTOALL_OVERLAP=1
+ USE_ALLTOALL_OVERLAP=1
+ export HCCL_OP_EXPANSION_MODE=AIV
+ HCCL_OP_EXPANSION_MODE=AIV
+ export VLLM_LOGGING_LEVEL=INFO
+ VLLM_LOGGING_LEVEL=INFO
+ export VLLM_ENABLE_MC2=1
+ VLLM_ENABLE_MC2=1
+ export VLLM_DP_SIZE=16
+ VLLM_DP_SIZE=16
+ export HCCL_BUFFSIZE=800
+ HCCL_BUFFSIZE=800
+ export TASK_QUEUE_ENABLE=2
+ TASK_QUEUE_ENABLE=2
+ export VLLM_ENABLE_FIX_ROUTE=0
+ VLLM_ENABLE_FIX_ROUTE=0
+ export VLLM_MODEL_EXECUTE_TIME_OBSERVE=0
+ VLLM_MODEL_EXECUTE_TIME_OBSERVE=0
+ export VLLM_ENABLE_GRAPH_MODE=0
+ VLLM_ENABLE_GRAPH_MODE=0
+ export VLLM_ENABLE_EXPERT_PARALLEL=1
+ VLLM_ENABLE_EXPERT_PARALLEL=1
+ export VLLM_CHUNK_MOE_SIZE=512
+ VLLM_CHUNK_MOE_SIZE=512
+ export ALL_TO_ALL_RESHARD=1
+ ALL_TO_ALL_RESHARD=1
+ export USE_ALLTOALL_OVERLAP=1
+ USE_ALLTOALL_OVERLAP=1
+ export VLLM_ENABLE_EPLB=0
+ VLLM_ENABLE_EPLB=0
+ export USE_HDP=0
+ USE_HDP=0
+ export ROLLOUT_REBALANCE_ENABLE=0
+ ROLLOUT_REBALANCE_ENABLE=0
+ export HCCL_ASYNC_ERROR_HANDLING=0
+ HCCL_ASYNC_ERROR_HANDLING=0
+ export HCCL_EXEC_TIMEOUT=7200
+ HCCL_EXEC_TIMEOUT=7200
+ export HCCL_CONNECT_TIMEOUT=7200
+ HCCL_CONNECT_TIMEOUT=7200
+ export VLLM_ASCEND_LLM_PROFILE_ENABLE=0
+ VLLM_ASCEND_LLM_PROFILE_ENABLE=0
+ OUTPUT_ROOT=/workspace/cann-recipes-train/llm_rl/qwen3_shrink_aware
+ OUTPUT_SUBDIR=mode1_baseline_random_batch_floor4
+ OUTPUT_DIR=/workspace/cann-recipes-train/llm_rl/qwen3_shrink_aware/mode1_baseline_random_batch_floor4
+ ROLL_OUT_DIR=/workspace/cann-recipes-train/llm_rl/qwen3_shrink_aware/mode1_baseline_random_batch_floor4/rollout_data
+ ROLL_LEN_DIR=/workspace/cann-recipes-train/llm_rl/qwen3_shrink_aware/mode1_baseline_random_batch_floor4/rollout_length
+ DRAFT_DUMP_DIR=/workspace/cann-recipes-train/llm_rl/qwen3_shrink_aware/mode1_baseline_random_batch_floor4/draft_hidden
+ CKPT_DIR=/workspace/cann-recipes-train/llm_rl/qwen3_shrink_aware/mode1_baseline_random_batch_floor4/checkpoints/qwen3moe_for_eagle3
+ TB_DIR=/workspace/cann-recipes-train/llm_rl/qwen3_shrink_aware/mode1_baseline_random_batch_floor4/tensorboard
+ LOG_DIR=/workspace/cann-recipes-train/llm_rl/qwen3_shrink_aware/mode1_baseline_random_batch_floor4/logs
+ SAVE_CKPT_ENABLE=0
+ SAVE_DRAFT_HIDDEN_ENABLE=0
+ mkdir -p /workspace/cann-recipes-train/llm_rl/qwen3_shrink_aware/mode1_baseline_random_batch_floor4/rollout_data /workspace/cann-recipes-train/llm_rl/qwen3_shrink_aware/mode1_baseline_random_batch_floor4/rollout_length /workspace/cann-recipes-train/llm_rl/qwen3_shrink_aware/mode1_baseline_random_batch_floor4/tensorboard /workspace/cann-recipes-train/llm_rl/qwen3_shrink_aware/mode1_baseline_random_batch_floor4/logs
+ '[' 0 = 1 ']'
+ '[' 0 = 1 ']'
+ export VLLM_ASCEND_ENABLE_DRAFT_TRAIN=0
+ VLLM_ASCEND_ENABLE_DRAFT_TRAIN=0
+ export VLLM_ASCEND_DRAFT_DUMP_ENABLE=0
+ VLLM_ASCEND_DRAFT_DUMP_ENABLE=0
+ export VLLM_ASCEND_DRAFT_DUMP_DIR=/workspace/cann-recipes-train/llm_rl/qwen3_shrink_aware/mode1_baseline_random_batch_floor4/draft_hidden
+ VLLM_ASCEND_DRAFT_DUMP_DIR=/workspace/cann-recipes-train/llm_rl/qwen3_shrink_aware/mode1_baseline_random_batch_floor4/draft_hidden
+ export VLLM_ASCEND_DRAFT_DUMP_EVERY=1
+ VLLM_ASCEND_DRAFT_DUMP_EVERY=1
+ export VLLM_ASCEND_DRAFT_DUMP_HIDDEN_DTYPE=bf16
+ VLLM_ASCEND_DRAFT_DUMP_HIDDEN_DTYPE=bf16
+ export VLLM_ASCEND_DRAFT_QUEUE_SIZE=4096
+ VLLM_ASCEND_DRAFT_QUEUE_SIZE=4096
+ export TENSORBOARD_DIR=/workspace/cann-recipes-train/llm_rl/qwen3_shrink_aware/mode1_baseline_random_batch_floor4/tensorboard
+ TENSORBOARD_DIR=/workspace/cann-recipes-train/llm_rl/qwen3_shrink_aware/mode1_baseline_random_batch_floor4/tensorboard
+ export VLLM_EPOCH_LENGTH_REGROUP_ENABLE=0
+ VLLM_EPOCH_LENGTH_REGROUP_ENABLE=0
+ export VLLM_EPOCH_LENGTH_REGROUP_BUCKET_SIZE=1024
+ VLLM_EPOCH_LENGTH_REGROUP_BUCKET_SIZE=1024
+ export VLLM_EPOCH_LENGTH_REGROUP_EMA_DECAY=0.7
+ VLLM_EPOCH_LENGTH_REGROUP_EMA_DECAY=0.7
+ export VLLM_EPOCH_LENGTH_REGROUP_SHUFFLE_BLOCKS=1
+ VLLM_EPOCH_LENGTH_REGROUP_SHUFFLE_BLOCKS=1
+ export VLLM_ROLLOUT_EARLY_STOP_ENABLE=0
+ VLLM_ROLLOUT_EARLY_STOP_ENABLE=0
+ export VLLM_ROLLOUT_EARLY_STOP_FACTOR=2.0
+ VLLM_ROLLOUT_EARLY_STOP_FACTOR=2.0
+ export VLLM_ROLLOUT_EARLY_STOP_MIN_TOKENS=10000
+ VLLM_ROLLOUT_EARLY_STOP_MIN_TOKENS=10000
+ export VLLM_EAGER_BASELINE_NO_RESAMPLE=1
+ VLLM_EAGER_BASELINE_NO_RESAMPLE=1
+ '[' 1 = 1 ']'
+ SAMPLER_CLASS_PATH=null
+ SAMPLER_CLASS_NAME=null
+ SAMPLER_EXTRA_ARGS=
+ ROLLOUT_ENFORCE_EAGER=True
+ ACTOR_CKPT_SAVE_CONTENTS='[model]'
+ ACTOR_CKPT_LOAD_CONTENTS='[model]'
+ CRITIC_CKPT_SAVE_CONTENTS='[model]'
+ CRITIC_CKPT_LOAD_CONTENTS='[model]'
+ MAX_ACTOR_CKPT_TO_KEEP=3
+ MAX_CRITIC_CKPT_TO_KEEP=1
+ '[' 0 = 1 ']'
+ TRAINER_SAVE_FREQ=-1
+ TRAINER_DEFAULT_LOCAL_DIR=/workspace/cann-recipes-train/llm_rl/qwen3_shrink_aware/mode1_baseline_random_batch_floor4
++ pwd
+ HOME=/workspace/cann-recipes-train/llm_rl/qwen3_shrink_aware
+ MODEL_PATH=/data/Qwen3-30B-A3B
+ CONFIG_DIR=/workspace/cann-recipes-train/llm_rl/qwen3_shrink_aware/verl/trainer/config
+ DISTCP_PATH=/data/Qwen3-30B-A3B_megatron
+ TRAIN_FILE=/data/deepscaler/train.parquet
+ TEST_FILE=/data/deepscaler/test.parquet
++ date +%Y%m%d%H%M%S
+ time=20260616155916
+ logfile=/workspace/cann-recipes-train/llm_rl/qwen3_shrink_aware/mode1_baseline_random_batch_floor4/logs/wjqwen30b-a3b-record_graph_save4eagle3_20260616155916.txt
+ set -x
+ python3 -m verl.trainer.main_ppo --config-path=/workspace/cann-recipes-train/llm_rl/qwen3_shrink_aware/verl/trainer/config --config-name=ppo_megatron_trainer.yaml algorithm.adv_estimator=grpo data.train_files=/data/deepscaler/train.parquet data.val_files=/data/deepscaler/test.parquet data.train_batch_size=32 data.max_prompt_length=1024 data.max_response_length=16384 data.filter_overlong_prompts=True data.truncation=error data.shuffle=False data.dataloader_num_workers=0 data.sampler.class_path=null data.sampler.class_name=null +data.dataset_fraction=0.005 custom_reward_function.path=deepscaler.py custom_reward_function.name=compute_score actor_rollout_ref.model.path=/data/Qwen3-30B-A3B actor_rollout_ref.actor.optim.lr=1e-6 actor_rollout_ref.actor.optim.clip_grad=10000 actor_rollout_ref.actor.ppo_mini_batch_size=32 actor_rollout_ref.actor.ppo_micro_batch_size_per_gpu=1 actor_rollout_ref.actor.use_dynamic_bsz=True actor_rollout_ref.actor.ppo_max_token_len_per_gpu=20480 actor_rollout_ref.actor.megatron.sequence_parallel=True actor_rollout_ref.actor.megatron.expert_model_parallel_size=4 actor_rollout_ref.actor.megatron.tensor_model_parallel_size=4 actor_rollout_ref.actor.megatron.pipeline_model_parallel_size=4 actor_rollout_ref.actor.megatron.expert_tensor_parallel_size=1 actor_rollout_ref.actor.megatron.param_offload=True actor_rollout_ref.actor.megatron.grad_offload=True actor_rollout_ref.actor.megatron.optimizer_offload=False actor_rollout_ref.actor.megatron.use_dist_checkpointing=True actor_rollout_ref.actor.megatron.dist_checkpointing_path=/data/Qwen3-30B-A3B_megatron actor_rollout_ref.actor.use_kl_loss=True actor_rollout_ref.actor.kl_loss_coef=0.001 actor_rollout_ref.actor.kl_loss_type=low_var_kl actor_rollout_ref.actor.load_weight=True actor_rollout_ref.actor.megatron.override_transformer_config.recompute_granularity=full actor_rollout_ref.actor.megatron.override_transformer_config.recompute_method=block actor_rollout_ref.actor.megatron.override_transformer_config.recompute_num_layers=1 actor_rollout_ref.rollout.log_prob_micro_batch_size_per_gpu=4 actor_rollout_ref.rollout.log_prob_use_dynamic_bsz=True actor_rollout_ref.rollout.log_prob_max_token_len_per_gpu=20480 actor_rollout_ref.rollout.tensor_model_parallel_size=1 actor_rollout_ref.rollout.name=vllm actor_rollout_ref.rollout.gpu_memory_utilization=0.85 actor_rollout_ref.rollout.max_num_batched_tokens=1024 actor_rollout_ref.rollout.enforce_eager=True actor_rollout_ref.rollout.max_num_seqs=32 actor_rollout_ref.rollout.n=16 actor_rollout_ref.rollout.temperature=0.9 actor_rollout_ref.rollout.top_k=50 actor_rollout_ref.rollout.top_p=0.9 actor_rollout_ref.rollout.ignore_eos=False actor_rollout_ref.ref.log_prob_micro_batch_size_per_gpu=8 actor_rollout_ref.ref.megatron.param_offload=True actor_rollout_ref.ref.load_weight=True actor_rollout_ref.ref.megatron.use_dist_checkpointing=True actor_rollout_ref.ref.megatron.dist_checkpointing_path=/data/Qwen3-30B-A3B_megatron algorithm.kl_ctrl.kl_coef=0.001 trainer.balance_batch=False trainer.device=npu trainer.val_before_train=False trainer.critic_warmup=0 'trainer.logger=[console,tensorboard]' trainer.project_name=verl_grpo_example trainer.experiment_name=qwen3_30_verl_mindspeedllm_vllm trainer.n_gpus_per_node=16 trainer.nnodes=1 trainer.save_freq=-1 trainer.max_actor_ckpt_to_keep=3 trainer.max_critic_ckpt_to_keep=1 'actor_rollout_ref.actor.checkpoint.save_contents=[model]' 'actor_rollout_ref.actor.checkpoint.load_contents=[model]' 'critic.checkpoint.save_contents=[model]' 'critic.checkpoint.load_contents=[model]' +trainer.save_epoch_freq=0 trainer.default_local_dir=/workspace/cann-recipes-train/llm_rl/qwen3_shrink_aware/mode1_baseline_random_batch_floor4 trainer.test_freq=-1 trainer.total_epochs=3 +trainer.rollout_data_dir=/workspace/cann-recipes-train/llm_rl/qwen3_shrink_aware/mode1_baseline_random_batch_floor4/rollout_data +trainer.rollout_length_dir=/workspace/cann-recipes-train/llm_rl/qwen3_shrink_aware/mode1_baseline_random_batch_floor4/rollout_length +actor_rollout_ref.actor.megatron.override_transformer_config.use_flash_attn=True '+actor_rollout_ref.actor.megatron.override_transformer_config.pipeline_num_transformer_layers=[[11],[13],[13],[11]]' +actor_rollout_ref.actor.megatron.override_transformer_config.moe_token_dispatcher_type=alltoall +actor_rollout_ref.actor.megatron.override_transformer_config.moe_alltoall_overlap_comm=True +actor_rollout_ref.actor.megatron.override_transformer_config.use_fused_rotary_pos_emb=True +actor_rollout_ref.actor.megatron.override_transformer_config.use_fused_swiglu=True +actor_rollout_ref.actor.megatron.override_transformer_config.seq_length=2048 +actor_rollout_ref.actor.megatron.override_transformer_config.num_layers_in_first_pipeline_stage=11 +actor_rollout_ref.actor.megatron.override_transformer_config.num_layers_in_last_pipeline_stage=11 +actor_rollout_ref.actor.megatron.override_transformer_config.swap_optimizer=True data.train_files=/data/deepscaler/train.parquet data.val_files=/data/deepscaler/test.parquet data.train_batch_size=32 data.max_prompt_length=1024 data.max_response_length=16384 data.shuffle=True actor_rollout_ref.model.path=/data/Qwen3-30B-A3B actor_rollout_ref.actor.megatron.dist_checkpointing_path=/data/Qwen3-30B-A3B_megatron actor_rollout_ref.ref.megatron.dist_checkpointing_path=/data/Qwen3-30B-A3B_megatron actor_rollout_ref.rollout.max_num_batched_tokens=17408 actor_rollout_ref.rollout.max_num_seqs=32 actor_rollout_ref.rollout.n=16 actor_rollout_ref.rollout.gpu_memory_utilization=0.85 actor_rollout_ref.rollout.shrink_aware.enable_shrink_aware_scheduling=false actor_rollout_ref.rollout.shrink_aware.shrink_aware_mode=off actor_rollout_ref.rollout.shrink_aware.enable_shrink_aware_logging=false trainer.total_epochs=1
/workspace/cann-recipes-train/llm_rl/qwen3_shrink_aware/megatron/core/optimizer/__init__.py:18: UserWarning: Transformer Engine and Apex are not installed. Falling back to Torch optimizers.
  warnings.warn(
/workspace/cann-recipes-train/llm_rl/qwen3_shrink_aware/megatron/core/optimizer/optimizer.py:28: UserWarning: Transformer Engine and Apex are not installed. Falling back to local implementations of multi_tensor_applier and multi_tensor_scale
  warnings.warn(
/workspace/cann-recipes-train/llm_rl/qwen3_shrink_aware/megatron/core/optimizer/clip_grads.py:29: UserWarning: Transformer Engine and Apex are not installed. Falling back to local implementations of multi_tensor_applier, multi_tensor_l2norm, and multi_tensor_scale
  warnings.warn(
/workspace/cann-recipes-train/llm_rl/qwen3_shrink_aware/megatron/core/transformer/multi_token_prediction.py:60: UserWarning: Apex is not installed. Falling back to Torch Norm
  warnings.warn('Apex is not installed. Falling back to Torch Norm')
/workspace/cann-recipes-train/llm_rl/qwen3_shrink_aware/megatron/core/models/gpt/gpt_layer_specs.py:65: UserWarning: Apex is not installed. Falling back to Torch Norm
  warnings.warn('Apex is not installed. Falling back to Torch Norm')
/usr/local/python3.11.14/lib/python3.11/site-packages/torch_npu/contrib/transfer_to_npu.py:347: ImportWarning: 
    *************************************************************************************************************
    The torch.Tensor.cuda and torch.nn.Module.cuda are replaced with torch.Tensor.npu and torch.nn.Module.npu now..
    The torch.cuda.DoubleTensor is replaced with torch.npu.FloatTensor cause the double type is not supported now..
    The backend in torch.distributed.init_process_group set to hccl now..
    The torch.cuda.* and torch.cuda.amp.* are replaced with torch.npu.* and torch.npu.amp.* now..
    The device parameters have been replaced with npu in the function below:
    torch.logspace, torch.randint, torch.hann_window, torch.rand, torch.full_like, torch.ones_like, torch.rand_like, torch.randperm, torch.arange, torch.frombuffer, torch.normal, torch._empty_per_channel_affine_quantized, torch.empty_strided, torch.empty_like, torch.scalar_tensor, torch.tril_indices, torch.bartlett_window, torch.ones, torch.sparse_coo_tensor, torch.randn, torch.kaiser_window, torch.tensor, torch.triu_indices, torch.as_tensor, torch.zeros, torch.randint_like, torch.full, torch.eye, torch._sparse_csr_tensor_unsafe, torch.empty, torch._sparse_coo_tensor_unsafe, torch.blackman_window, torch.zeros_like, torch.range, torch.sparse_csr_tensor, torch.randn_like, torch.from_file, torch._cudnn_init_dropout_state, torch._empty_affine_quantized, torch.linspace, torch.hamming_window, torch.empty_quantized, torch._pin_memory, torch.load, torch.set_default_device, torch.get_device_module, torch.sparse_compressed_tensor, torch.Tensor.new_empty, torch.Tensor.new_empty_strided, torch.Tensor.new_full, torch.Tensor.new_ones, torch.Tensor.new_tensor, torch.Tensor.new_zeros, torch.Tensor.to, torch.Tensor.pin_memory, torch.nn.Module.to, torch.nn.Module.to_empty
    *************************************************************************************************************
    
  warnings.warn(msg, ImportWarning)
/usr/local/python3.11.14/lib/python3.11/site-packages/torch_npu/contrib/transfer_to_npu.py:276: RuntimeWarning: torch.jit.script and torch.jit.script_method will be disabled by transfer_to_npu, which currently does not support them, if you need to enable them, please do not use transfer_to_npu.
  warnings.warn(msg, RuntimeWarning)
/usr/local/python3.11.14/lib/python3.11/site-packages/ray/_private/node.py:1209: ResourceWarning: unclosed file <_io.TextIOWrapper name='/dev/null' mode='w' encoding='UTF-8'>
  process_info = ray._private.services.start_gcs_server(
/usr/local/python3.11.14/lib/python3.11/site-packages/ray/_private/node.py:1273: ResourceWarning: unclosed file <_io.TextIOWrapper name='/dev/null' mode='w' encoding='UTF-8'>
  process_info = ray._private.services.start_raylet(
2026-06-16 15:59:26,993	INFO worker.py:1927 -- Started a local Ray instance.
[36m(pid=2742962)[0m /workspace/cann-recipes-train/llm_rl/qwen3_shrink_aware/megatron/core/optimizer/__init__.py:18: UserWarning: Transformer Engine and Apex are not installed. Falling back to Torch optimizers.
[36m(pid=2742962)[0m   warnings.warn(
[36m(pid=2742962)[0m /workspace/cann-recipes-train/llm_rl/qwen3_shrink_aware/megatron/core/optimizer/optimizer.py:28: UserWarning: Transformer Engine and Apex are not installed. Falling back to local implementations of multi_tensor_applier and multi_tensor_scale
[36m(pid=2742962)[0m   warnings.warn(
[36m(pid=2742962)[0m /workspace/cann-recipes-train/llm_rl/qwen3_shrink_aware/megatron/core/optimizer/clip_grads.py:29: UserWarning: Transformer Engine and Apex are not installed. Falling back to local implementations of multi_tensor_applier, multi_tensor_l2norm, and multi_tensor_scale
[36m(pid=2742962)[0m   warnings.warn(
[36m(pid=2742962)[0m /workspace/cann-recipes-train/llm_rl/qwen3_shrink_aware/megatron/core/transformer/multi_token_prediction.py:60: UserWarning: Apex is not installed. Falling back to Torch Norm
[36m(pid=2742962)[0m   warnings.warn('Apex is not installed. Falling back to Torch Norm')
[36m(pid=2742962)[0m /workspace/cann-recipes-train/llm_rl/qwen3_shrink_aware/megatron/core/models/gpt/gpt_layer_specs.py:65: UserWarning: Apex is not installed. Falling back to Torch Norm
[36m(pid=2742962)[0m   warnings.warn('Apex is not installed. Falling back to Torch Norm')
[36m(pid=2742962)[0m /usr/local/python3.11.14/lib/python3.11/site-packages/torch_npu/contrib/transfer_to_npu.py:347: ImportWarning: 
[36m(pid=2742962)[0m     *************************************************************************************************************
[36m(pid=2742962)[0m     The torch.Tensor.cuda and torch.nn.Module.cuda are replaced with torch.Tensor.npu and torch.nn.Module.npu now..
[36m(pid=2742962)[0m     The torch.cuda.DoubleTensor is replaced with torch.npu.FloatTensor cause the double type is not supported now..
[36m(pid=2742962)[0m     The backend in torch.distributed.init_process_group set to hccl now..
[36m(pid=2742962)[0m     The torch.cuda.* and torch.cuda.amp.* are replaced with torch.npu.* and torch.npu.amp.* now..
[36m(pid=2742962)[0m     The device parameters have been replaced with npu in the function below:
[36m(pid=2742962)[0m     torch.logspace, torch.randint, torch.hann_window, torch.rand, torch.full_like, torch.ones_like, torch.rand_like, torch.randperm, torch.arange, torch.frombuffer, torch.normal, torch._empty_per_channel_affine_quantized, torch.empty_strided, torch.empty_like, torch.scalar_tensor, torch.tril_indices, torch.bartlett_window, torch.ones, torch.sparse_coo_tensor, torch.randn, torch.kaiser_window, torch.tensor, torch.triu_indices, torch.as_tensor, torch.zeros, torch.randint_like, torch.full, torch.eye, torch._sparse_csr_tensor_unsafe, torch.empty, torch._sparse_coo_tensor_unsafe, torch.blackman_window, torch.zeros_like, torch.range, torch.sparse_csr_tensor, torch.randn_like, torch.from_file, torch._cudnn_init_dropout_state, torch._empty_affine_quantized, torch.linspace, torch.hamming_window, torch.empty_quantized, torch._pin_memory, torch.load, torch.set_default_device, torch.get_device_module, torch.sparse_compressed_tensor, torch.Tensor.new_empty, torch.Tensor.new_empty_strided, torch.Tensor.new_full, torch.Tensor.new_ones, torch.Tensor.new_tensor, torch.Tensor.new_zeros, torch.Tensor.to, torch.Tensor.pin_memory, torch.nn.Module.to, torch.nn.Module.to_empty
[36m(pid=2742962)[0m     *************************************************************************************************************
[36m(pid=2742962)[0m     
[36m(pid=2742962)[0m   warnings.warn(msg, ImportWarning)
[36m(pid=2742962)[0m /usr/local/python3.11.14/lib/python3.11/site-packages/torch_npu/contrib/transfer_to_npu.py:276: RuntimeWarning: torch.jit.script and torch.jit.script_method will be disabled by transfer_to_npu, which currently does not support them, if you need to enable them, please do not use transfer_to_npu.
[36m(pid=2742962)[0m   warnings.warn(msg, RuntimeWarning)
[36m(TaskRunner pid=2742962)[0m /workspace/cann-recipes-train/llm_rl/qwen3_shrink_aware/verl/trainer/main_ppo.py:306: UserWarning: Disabled critic as algorithm.adv_estimator != gae. If it is not intended, please set critic.enable=True
[36m(TaskRunner pid=2742962)[0m   use_critic=need_critic(config),
[36m(TaskRunner pid=2742962)[0m /workspace/cann-recipes-train/llm_rl/qwen3_shrink_aware/verl/utils/profiler/config.py:49: UserWarning: Torch profiler tool config is not fully supported now.
[36m(TaskRunner pid=2742962)[0m   warnings.warn("Torch profiler tool config is not fully supported now.", stacklevel=1)
[36m(TaskRunner pid=2742962)[0m Setting TOKENIZERS_PARALLELISM=false for forked processes.
[36m(TaskRunner pid=2742962)[0m Filtering prompts longer than 1024 tokens (num_proc=1):   0%|          | 0/181 [00:00<?, ? examples/s]
[36m(TaskRunner pid=2742962)[0m Filtering prompts longer than 1024 tokens (num_proc=1): 100%|██████████| 181/181 [00:00<00:00, 323.20 examples/s]
[36m(TaskRunner pid=2742962)[0m Filtering prompts longer than 1024 tokens (num_proc=1): 100%|██████████| 181/181 [00:00<00:00, 269.45 examples/s]
[36m(TaskRunner pid=2742962)[0m Setting TOKENIZERS_PARALLELISM=false for forked processes.
[36m(TaskRunner pid=2742962)[0m Filtering prompts longer than 1024 tokens (num_proc=1):   0%|          | 0/20 [00:00<?, ? examples/s]
[36m(TaskRunner pid=2742962)[0m Filtering prompts longer than 1024 tokens (num_proc=1): 100%|██████████| 20/20 [00:00<00:00, 39.64 examples/s]
[36m(TaskRunner pid=2742962)[0m Filtering prompts longer than 1024 tokens (num_proc=1): 100%|██████████| 20/20 [00:00<00:00, 32.62 examples/s]
[36m(TaskRunner pid=2742962)[0m /workspace/cann-recipes-train/llm_rl/qwen3_shrink_aware/verl/trainer/ppo/ray_trainer.py:365: UserWarning: Disabled critic as algorithm.adv_estimator != gae. If it is not intended, please set critic.enable=True
[36m(TaskRunner pid=2742962)[0m   self.use_critic = need_critic(self.config)
[36m(pid=2744428)[0m /usr/local/python3.11.14/lib/python3.11/site-packages/torch_npu/contrib/transfer_to_npu.py:345: ImportWarning: 
[36m(pid=2744428)[0m     *************************************************************************************************************
[36m(pid=2744428)[0m     The torch.Tensor.cuda and torch.nn.Module.cuda are replaced with torch.Tensor.npu and torch.nn.Module.npu now..
[36m(pid=2744428)[0m     The torch.cuda.DoubleTensor is replaced with torch.npu.FloatTensor cause the double type is not supported now..
[36m(pid=2744428)[0m     The backend in torch.distributed.init_process_group set to hccl now..
[36m(pid=2744428)[0m     The torch.cuda.* and torch.cuda.amp.* are replaced with torch.npu.* and torch.npu.amp.* now..
[36m(pid=2744428)[0m     The device parameters have been replaced with npu in the function below:
[36m(pid=2744428)[0m     torch.logspace, torch.randint, torch.hann_window, torch.rand, torch.full_like, torch.ones_like, torch.rand_like, torch.randperm, torch.arange, torch.frombuffer, torch.normal, torch._empty_per_channel_affine_quantized, torch.empty_strided, torch.empty_like, torch.scalar_tensor, torch.tril_indices, torch.bartlett_window, torch.ones, torch.sparse_coo_tensor, torch.randn, torch.kaiser_window, torch.tensor, torch.triu_indices, torch.as_tensor, torch.zeros, torch.randint_like, torch.full, torch.eye, torch._sparse_csr_tensor_unsafe, torch.empty, torch._sparse_coo_tensor_unsafe, torch.blackman_window, torch.zeros_like, torch.range, torch.sparse_csr_tensor, torch.randn_like, torch.from_file, torch._cudnn_init_dropout_state, torch._empty_affine_quantized, torch.linspace, torch.hamming_window, torch.empty_quantized, torch._pin_memory, torch.load, torch.set_default_device, torch.get_device_module, torch.sparse_compressed_tensor, torch.Tensor.new_empty, torch.Tensor.new_empty_strided, torch.Tensor.new_full, torch.Tensor.new_ones, torch.Tensor.new_tensor, torch.Tensor.new_zeros, torch.Tensor.to, torch.Tensor.pin_memory, torch.nn.Module.to, torch.nn.Module.to_empty
[36m(pid=2744428)[0m     *************************************************************************************************************
[36m(pid=2744428)[0m     
[36m(pid=2744428)[0m   warnings.warn(msg, ImportWarning)
[36m(pid=2744428)[0m /usr/local/python3.11.14/lib/python3.11/site-packages/torch_npu/contrib/transfer_to_npu.py:276: RuntimeWarning: torch.jit.script and torch.jit.script_method will be disabled by transfer_to_npu, which currently does not support them, if you need to enable them, please do not use transfer_to_npu.
[36m(pid=2744428)[0m   warnings.warn(msg, RuntimeWarning)
[36m(pid=2744428)[0m /usr/local/python3.11.14/lib/python3.11/site-packages/torch_npu/dynamo/torchair/__init__.py:8: DeprecationWarning: pkg_resources is deprecated as an API. See https://setuptools.pypa.io/en/latest/pkg_resources.html
[36m(pid=2744428)[0m   import pkg_resources
[36m(pid=2744428)[0m /usr/local/python3.11.14/lib/python3.11/site-packages/ray/util/state/util.py:54: DeprecationWarning: Ray state API is no longer experimental. Please import from `ray.util.state`. instead. Importing from `ray.experimental` will be deprecated in future releases. 
[36m(pid=2744428)[0m   warnings.warn(
[36m(pid=2744430)[0m /usr/local/python3.11.14/lib/python3.11/site-packages/ray/util/state/util.py:54: DeprecationWarning: Ray state API is no longer experimental. Please import from `ray.util.state`. instead. Importing from `ray.experimental` will be deprecated in future releases. 
[36m(pid=2744430)[0m   warnings.warn(
[36m(pid=2744429)[0m /usr/local/python3.11.14/lib/python3.11/site-packages/ray/util/state/util.py:54: DeprecationWarning: Ray state API is no longer experimental. Please import from `ray.util.state`. instead. Importing from `ray.experimental` will be deprecated in future releases. 
[36m(pid=2744429)[0m   warnings.warn(
[36m(pid=2744435)[0m /usr/local/python3.11.14/lib/python3.11/site-packages/ray/util/state/util.py:54: DeprecationWarning: Ray state API is no longer experimental. Please import from `ray.util.state`. instead. Importing from `ray.experimental` will be deprecated in future releases. 
[36m(pid=2744435)[0m   warnings.warn(
[36m(pid=2744441)[0m /usr/local/python3.11.14/lib/python3.11/site-packages/ray/util/state/util.py:54: DeprecationWarning: Ray state API is no longer experimental. Please import from `ray.util.state`. instead. Importing from `ray.experimental` will be deprecated in future releases. 
[36m(pid=2744441)[0m   warnings.warn(
[36m(pid=2744438)[0m /usr/local/python3.11.14/lib/python3.11/site-packages/ray/util/state/util.py:54: DeprecationWarning: Ray state API is no longer experimental. Please import from `ray.util.state`. instead. Importing from `ray.experimental` will be deprecated in future releases. 
[36m(pid=2744438)[0m   warnings.warn(
[36m(pid=2744444)[0m /usr/local/python3.11.14/lib/python3.11/site-packages/ray/util/state/util.py:54: DeprecationWarning: Ray state API is no longer experimental. Please import from `ray.util.state`. instead. Importing from `ray.experimental` will be deprecated in future releases. 
[36m(pid=2744444)[0m   warnings.warn(
[36m(pid=2744442)[0m /usr/local/python3.11.14/lib/python3.11/site-packages/ray/util/state/util.py:54: DeprecationWarning: Ray state API is no longer experimental. Please import from `ray.util.state`. instead. Importing from `ray.experimental` will be deprecated in future releases. 
[36m(pid=2744442)[0m   warnings.warn(
[36m(pid=2744439)[0m /usr/local/python3.11.14/lib/python3.11/site-packages/ray/util/state/util.py:54: DeprecationWarning: Ray state API is no longer experimental. Please import from `ray.util.state`. instead. Importing from `ray.experimental` will be deprecated in future releases. 
[36m(pid=2744439)[0m   warnings.warn(
[36m(pid=2744443)[0m /usr/local/python3.11.14/lib/python3.11/site-packages/ray/util/state/util.py:54: DeprecationWarning: Ray state API is no longer experimental. Please import from `ray.util.state`. instead. Importing from `ray.experimental` will be deprecated in future releases. 
[36m(pid=2744443)[0m   warnings.warn(
[36m(pid=2744445)[0m /usr/local/python3.11.14/lib/python3.11/site-packages/ray/util/state/util.py:54: DeprecationWarning: Ray state API is no longer experimental. Please import from `ray.util.state`. instead. Importing from `ray.experimental` will be deprecated in future releases. 
[36m(pid=2744445)[0m   warnings.warn(
[36m(pid=2744440)[0m /usr/local/python3.11.14/lib/python3.11/site-packages/ray/util/state/util.py:54: DeprecationWarning: Ray state API is no longer experimental. Please import from `ray.util.state`. instead. Importing from `ray.experimental` will be deprecated in future releases. 
[36m(pid=2744440)[0m   warnings.warn(
[36m(pid=2744447)[0m /usr/local/python3.11.14/lib/python3.11/site-packages/ray/util/state/util.py:54: DeprecationWarning: Ray state API is no longer experimental. Please import from `ray.util.state`. instead. Importing from `ray.experimental` will be deprecated in future releases. 
[36m(pid=2744447)[0m   warnings.warn(
[36m(pid=2744448)[0m /usr/local/python3.11.14/lib/python3.11/site-packages/ray/util/state/util.py:54: DeprecationWarning: Ray state API is no longer experimental. Please import from `ray.util.state`. instead. Importing from `ray.experimental` will be deprecated in future releases. 
[36m(pid=2744448)[0m   warnings.warn(
[36m(pid=2744446)[0m /usr/local/python3.11.14/lib/python3.11/site-packages/ray/util/state/util.py:54: DeprecationWarning: Ray state API is no longer experimental. Please import from `ray.util.state`. instead. Importing from `ray.experimental` will be deprecated in future releases. 
[36m(pid=2744446)[0m   warnings.warn(
[36m(pid=2744437)[0m /usr/local/python3.11.14/lib/python3.11/site-packages/ray/util/state/util.py:54: DeprecationWarning: Ray state API is no longer experimental. Please import from `ray.util.state`. instead. Importing from `ray.experimental` will be deprecated in future releases. 
[36m(pid=2744437)[0m   warnings.warn(
[36m(WorkerDict pid=2744430)[0m /workspace/cann-recipes-train/llm_rl/qwen3_shrink_aware/verl/models/mcore/config_converter.py:281: UserWarning: The following keys are not supported in the current Megatron version and will be removed: ['use_flash_attn', 'pipeline_num_transformer_layers', 'moe_alltoall_overlap_comm', 'use_fused_rotary_pos_emb', 'use_fused_swiglu', 'seq_length', 'swap_optimizer']
[36m(WorkerDict pid=2744430)[0m   return check_and_construct_configs(args, TransformerConfig)
[36m(WorkerDict pid=2744430)[0m /workspace/cann-recipes-train/llm_rl/qwen3_shrink_aware/megatron/core/transformer/transformer_config.py:1065: UserWarning: Using a large number of experts (e.g. >=32) without fp32 routing. Consider enabling moe_router_dtype for better numerical stability.
[36m(WorkerDict pid=2744430)[0m   warnings.warn(
[36m(WorkerDict pid=2744429)[0m /workspace/cann-recipes-train/llm_rl/qwen3_shrink_aware/verl/models/mcore/config_converter.py:281: UserWarning: The following keys are not supported in the current Megatron version and will be removed: ['use_flash_attn', 'pipeline_num_transformer_layers', 'moe_alltoall_overlap_comm', 'use_fused_rotary_pos_emb', 'use_fused_swiglu', 'seq_length', 'swap_optimizer']
[36m(WorkerDict pid=2744429)[0m   return check_and_construct_configs(args, TransformerConfig)
[36m(WorkerDict pid=2744429)[0m /workspace/cann-recipes-train/llm_rl/qwen3_shrink_aware/megatron/core/transformer/transformer_config.py:1065: UserWarning: Using a large number of experts (e.g. >=32) without fp32 routing. Consider enabling moe_router_dtype for better numerical stability.
[36m(WorkerDict pid=2744429)[0m   warnings.warn(
[36m(WorkerDict pid=2744438)[0m /workspace/cann-recipes-train/llm_rl/qwen3_shrink_aware/verl/models/mcore/config_converter.py:281: UserWarning: The following keys are not supported in the current Megatron version and will be removed: ['use_flash_attn', 'pipeline_num_transformer_layers', 'moe_alltoall_overlap_comm', 'use_fused_rotary_pos_emb', 'use_fused_swiglu', 'seq_length', 'swap_optimizer']
[36m(WorkerDict pid=2744438)[0m   return check_and_construct_configs(args, TransformerConfig)
[36m(WorkerDict pid=2744438)[0m /workspace/cann-recipes-train/llm_rl/qwen3_shrink_aware/megatron/core/transformer/transformer_config.py:1065: UserWarning: Using a large number of experts (e.g. >=32) without fp32 routing. Consider enabling moe_router_dtype for better numerical stability.
[36m(WorkerDict pid=2744438)[0m   warnings.warn(
[36m(WorkerDict pid=2744435)[0m /workspace/cann-recipes-train/llm_rl/qwen3_shrink_aware/verl/models/mcore/config_converter.py:281: UserWarning: The following keys are not supported in the current Megatron version and will be removed: ['use_flash_attn', 'pipeline_num_transformer_layers', 'moe_alltoall_overlap_comm', 'use_fused_rotary_pos_emb', 'use_fused_swiglu', 'seq_length', 'swap_optimizer']
[36m(WorkerDict pid=2744435)[0m   return check_and_construct_configs(args, TransformerConfig)
[36m(WorkerDict pid=2744435)[0m /workspace/cann-recipes-train/llm_rl/qwen3_shrink_aware/megatron/core/transformer/transformer_config.py:1065: UserWarning: Using a large number of experts (e.g. >=32) without fp32 routing. Consider enabling moe_router_dtype for better numerical stability.
[36m(WorkerDict pid=2744435)[0m   warnings.warn(
[36m(WorkerDict pid=2744441)[0m /workspace/cann-recipes-train/llm_rl/qwen3_shrink_aware/verl/models/mcore/config_converter.py:281: UserWarning: The following keys are not supported in the current Megatron version and will be removed: ['use_flash_attn', 'pipeline_num_transformer_layers', 'moe_alltoall_overlap_comm', 'use_fused_rotary_pos_emb', 'use_fused_swiglu', 'seq_length', 'swap_optimizer']
[36m(WorkerDict pid=2744441)[0m   return check_and_construct_configs(args, TransformerConfig)
[36m(WorkerDict pid=2744441)[0m /workspace/cann-recipes-train/llm_rl/qwen3_shrink_aware/megatron/core/transformer/transformer_config.py:1065: UserWarning: Using a large number of experts (e.g. >=32) without fp32 routing. Consider enabling moe_router_dtype for better numerical stability.
[36m(WorkerDict pid=2744441)[0m   warnings.warn(
[36m(WorkerDict pid=2744442)[0m /workspace/cann-recipes-train/llm_rl/qwen3_shrink_aware/verl/models/mcore/config_converter.py:281: UserWarning: The following keys are not supported in the current Megatron version and will be removed: ['use_flash_attn', 'pipeline_num_transformer_layers', 'moe_alltoall_overlap_comm', 'use_fused_rotary_pos_emb', 'use_fused_swiglu', 'seq_length', 'swap_optimizer']
[36m(WorkerDict pid=2744442)[0m   return check_and_construct_configs(args, TransformerConfig)
[36m(WorkerDict pid=2744442)[0m /workspace/cann-recipes-train/llm_rl/qwen3_shrink_aware/megatron/core/transformer/transformer_config.py:1065: UserWarning: Using a large number of experts (e.g. >=32) without fp32 routing. Consider enabling moe_router_dtype for better numerical stability.
[36m(WorkerDict pid=2744442)[0m   warnings.warn(
[36m(WorkerDict pid=2744439)[0m /workspace/cann-recipes-train/llm_rl/qwen3_shrink_aware/verl/models/mcore/config_converter.py:281: UserWarning: The following keys are not supported in the current Megatron version and will be removed: ['use_flash_attn', 'pipeline_num_transformer_layers', 'moe_alltoall_overlap_comm', 'use_fused_rotary_pos_emb', 'use_fused_swiglu', 'seq_length', 'swap_optimizer']
[36m(WorkerDict pid=2744439)[0m   return check_and_construct_configs(args, TransformerConfig)
[36m(WorkerDict pid=2744439)[0m /workspace/cann-recipes-train/llm_rl/qwen3_shrink_aware/megatron/core/transformer/transformer_config.py:1065: UserWarning: Using a large number of experts (e.g. >=32) without fp32 routing. Consider enabling moe_router_dtype for better numerical stability.
[36m(WorkerDict pid=2744439)[0m   warnings.warn(
[36m(WorkerDict pid=2744444)[0m /workspace/cann-recipes-train/llm_rl/qwen3_shrink_aware/verl/models/mcore/config_converter.py:281: UserWarning: The following keys are not supported in the current Megatron version and will be removed: ['use_flash_attn', 'pipeline_num_transformer_layers', 'moe_alltoall_overlap_comm', 'use_fused_rotary_pos_emb', 'use_fused_swiglu', 'seq_length', 'swap_optimizer']
[36m(WorkerDict pid=2744444)[0m   return check_and_construct_configs(args, TransformerConfig)
[36m(WorkerDict pid=2744444)[0m /workspace/cann-recipes-train/llm_rl/qwen3_shrink_aware/megatron/core/transformer/transformer_config.py:1065: UserWarning: Using a large number of experts (e.g. >=32) without fp32 routing. Consider enabling moe_router_dtype for better numerical stability.
[36m(WorkerDict pid=2744444)[0m   warnings.warn(
[36m(WorkerDict pid=2744443)[0m /workspace/cann-recipes-train/llm_rl/qwen3_shrink_aware/verl/models/mcore/config_converter.py:281: UserWarning: The following keys are not supported in the current Megatron version and will be removed: ['use_flash_attn', 'pipeline_num_transformer_layers', 'moe_alltoall_overlap_comm', 'use_fused_rotary_pos_emb', 'use_fused_swiglu', 'seq_length', 'swap_optimizer']
[36m(WorkerDict pid=2744443)[0m   return check_and_construct_configs(args, TransformerConfig)
[36m(WorkerDict pid=2744443)[0m /workspace/cann-recipes-train/llm_rl/qwen3_shrink_aware/megatron/core/transformer/transformer_config.py:1065: UserWarning: Using a large number of experts (e.g. >=32) without fp32 routing. Consider enabling moe_router_dtype for better numerical stability.
[36m(WorkerDict pid=2744443)[0m   warnings.warn(
[36m(WorkerDict pid=2744445)[0m /workspace/cann-recipes-train/llm_rl/qwen3_shrink_aware/verl/models/mcore/config_converter.py:281: UserWarning: The following keys are not supported in the current Megatron version and will be removed: ['use_flash_attn', 'pipeline_num_transformer_layers', 'moe_alltoall_overlap_comm', 'use_fused_rotary_pos_emb', 'use_fused_swiglu', 'seq_length', 'swap_optimizer']
[36m(WorkerDict pid=2744445)[0m   return check_and_construct_configs(args, TransformerConfig)
[36m(WorkerDict pid=2744445)[0m /workspace/cann-recipes-train/llm_rl/qwen3_shrink_aware/megatron/core/transformer/transformer_config.py:1065: UserWarning: Using a large number of experts (e.g. >=32) without fp32 routing. Consider enabling moe_router_dtype for better numerical stability.
[36m(WorkerDict pid=2744445)[0m   warnings.warn(
[36m(WorkerDict pid=2744447)[0m /workspace/cann-recipes-train/llm_rl/qwen3_shrink_aware/verl/models/mcore/config_converter.py:281: UserWarning: The following keys are not supported in the current Megatron version and will be removed: ['use_flash_attn', 'pipeline_num_transformer_layers', 'moe_alltoall_overlap_comm', 'use_fused_rotary_pos_emb', 'use_fused_swiglu', 'seq_length', 'swap_optimizer']
[36m(WorkerDict pid=2744447)[0m   return check_and_construct_configs(args, TransformerConfig)
[36m(WorkerDict pid=2744447)[0m /workspace/cann-recipes-train/llm_rl/qwen3_shrink_aware/megatron/core/transformer/transformer_config.py:1065: UserWarning: Using a large number of experts (e.g. >=32) without fp32 routing. Consider enabling moe_router_dtype for better numerical stability.
[36m(WorkerDict pid=2744447)[0m   warnings.warn(
[36m(WorkerDict pid=2744440)[0m /workspace/cann-recipes-train/llm_rl/qwen3_shrink_aware/verl/models/mcore/config_converter.py:281: UserWarning: The following keys are not supported in the current Megatron version and will be removed: ['use_flash_attn', 'pipeline_num_transformer_layers', 'moe_alltoall_overlap_comm', 'use_fused_rotary_pos_emb', 'use_fused_swiglu', 'seq_length', 'swap_optimizer']
[36m(WorkerDict pid=2744440)[0m   return check_and_construct_configs(args, TransformerConfig)
[36m(WorkerDict pid=2744440)[0m /workspace/cann-recipes-train/llm_rl/qwen3_shrink_aware/megatron/core/transformer/transformer_config.py:1065: UserWarning: Using a large number of experts (e.g. >=32) without fp32 routing. Consider enabling moe_router_dtype for better numerical stability.
[36m(WorkerDict pid=2744440)[0m   warnings.warn(
[36m(WorkerDict pid=2744448)[0m /workspace/cann-recipes-train/llm_rl/qwen3_shrink_aware/verl/models/mcore/config_converter.py:281: UserWarning: The following keys are not supported in the current Megatron version and will be removed: ['use_flash_attn', 'pipeline_num_transformer_layers', 'moe_alltoall_overlap_comm', 'use_fused_rotary_pos_emb', 'use_fused_swiglu', 'seq_length', 'swap_optimizer']
[36m(WorkerDict pid=2744448)[0m   return check_and_construct_configs(args, TransformerConfig)
[36m(WorkerDict pid=2744448)[0m /workspace/cann-recipes-train/llm_rl/qwen3_shrink_aware/megatron/core/transformer/transformer_config.py:1065: UserWarning: Using a large number of experts (e.g. >=32) without fp32 routing. Consider enabling moe_router_dtype for better numerical stability.
[36m(WorkerDict pid=2744448)[0m   warnings.warn(
[36m(WorkerDict pid=2744437)[0m /workspace/cann-recipes-train/llm_rl/qwen3_shrink_aware/verl/models/mcore/config_converter.py:281: UserWarning: The following keys are not supported in the current Megatron version and will be removed: ['use_flash_attn', 'pipeline_num_transformer_layers', 'moe_alltoall_overlap_comm', 'use_fused_rotary_pos_emb', 'use_fused_swiglu', 'seq_length', 'swap_optimizer']
[36m(WorkerDict pid=2744437)[0m   return check_and_construct_configs(args, TransformerConfig)
[36m(WorkerDict pid=2744437)[0m /workspace/cann-recipes-train/llm_rl/qwen3_shrink_aware/megatron/core/transformer/transformer_config.py:1065: UserWarning: Using a large number of experts (e.g. >=32) without fp32 routing. Consider enabling moe_router_dtype for better numerical stability.
[36m(WorkerDict pid=2744437)[0m   warnings.warn(
[36m(WorkerDict pid=2744428)[0m /workspace/cann-recipes-train/llm_rl/qwen3_shrink_aware/verl/models/mcore/config_converter.py:281: UserWarning: The following keys are not supported in the current Megatron version and will be removed: ['use_flash_attn', 'pipeline_num_transformer_layers', 'moe_alltoall_overlap_comm', 'use_fused_rotary_pos_emb', 'use_fused_swiglu', 'seq_length', 'swap_optimizer']
[36m(WorkerDict pid=2744428)[0m   return check_and_construct_configs(args, TransformerConfig)
[36m(WorkerDict pid=2744428)[0m /workspace/cann-recipes-train/llm_rl/qwen3_shrink_aware/megatron/core/transformer/transformer_config.py:1065: UserWarning: Using a large number of experts (e.g. >=32) without fp32 routing. Consider enabling moe_router_dtype for better numerical stability.
[36m(WorkerDict pid=2744428)[0m   warnings.warn(
[36m(WorkerDict pid=2744446)[0m /workspace/cann-recipes-train/llm_rl/qwen3_shrink_aware/verl/models/mcore/config_converter.py:281: UserWarning: The following keys are not supported in the current Megatron version and will be removed: ['use_flash_attn', 'pipeline_num_transformer_layers', 'moe_alltoall_overlap_comm', 'use_fused_rotary_pos_emb', 'use_fused_swiglu', 'seq_length', 'swap_optimizer']
[36m(WorkerDict pid=2744446)[0m   return check_and_construct_configs(args, TransformerConfig)
[36m(WorkerDict pid=2744446)[0m /workspace/cann-recipes-train/llm_rl/qwen3_shrink_aware/megatron/core/transformer/transformer_config.py:1065: UserWarning: Using a large number of experts (e.g. >=32) without fp32 routing. Consider enabling moe_router_dtype for better numerical stability.
[36m(WorkerDict pid=2744446)[0m   warnings.warn(
[36m(WorkerDict pid=2744428)[0m /workspace/cann-recipes-train/llm_rl/qwen3_shrink_aware/megatron/core/dist_checkpointing/strategies/torch.py:892: FutureWarning: `load_state_dict` is deprecated and will be removed in future versions. Please use `load` instead.
[36m(WorkerDict pid=2744428)[0m   checkpoint.load_state_dict(
[36m(WorkerDict pid=2744430)[0m /workspace/cann-recipes-train/llm_rl/qwen3_shrink_aware/megatron/core/dist_checkpointing/strategies/torch.py:892: FutureWarning: `load_state_dict` is deprecated and will be removed in future versions. Please use `load` instead.
[36m(WorkerDict pid=2744430)[0m   checkpoint.load_state_dict(
[36m(WorkerDict pid=2744438)[0m /workspace/cann-recipes-train/llm_rl/qwen3_shrink_aware/megatron/core/dist_checkpointing/strategies/torch.py:892: FutureWarning: `load_state_dict` is deprecated and will be removed in future versions. Please use `load` instead.
[36m(WorkerDict pid=2744438)[0m   checkpoint.load_state_dict(
[36m(WorkerDict pid=2744435)[0m /workspace/cann-recipes-train/llm_rl/qwen3_shrink_aware/megatron/core/dist_checkpointing/strategies/torch.py:892: FutureWarning: `load_state_dict` is deprecated and will be removed in future versions. Please use `load` instead.
[36m(WorkerDict pid=2744435)[0m   checkpoint.load_state_dict(
[36m(WorkerDict pid=2744442)[0m /workspace/cann-recipes-train/llm_rl/qwen3_shrink_aware/megatron/core/dist_checkpointing/strategies/torch.py:892: FutureWarning: `load_state_dict` is deprecated and will be removed in future versions. Please use `load` instead.
[36m(WorkerDict pid=2744442)[0m   checkpoint.load_state_dict(
[36m(WorkerDict pid=2744439)[0m /workspace/cann-recipes-train/llm_rl/qwen3_shrink_aware/megatron/core/dist_checkpointing/strategies/torch.py:892: FutureWarning: `load_state_dict` is deprecated and will be removed in future versions. Please use `load` instead.
[36m(WorkerDict pid=2744439)[0m   checkpoint.load_state_dict(
[36m(WorkerDict pid=2744441)[0m /workspace/cann-recipes-train/llm_rl/qwen3_shrink_aware/megatron/core/dist_checkpointing/strategies/torch.py:892: FutureWarning: `load_state_dict` is deprecated and will be removed in future versions. Please use `load` instead.
[36m(WorkerDict pid=2744441)[0m   checkpoint.load_state_dict(
[36m(WorkerDict pid=2744440)[0m /workspace/cann-recipes-train/llm_rl/qwen3_shrink_aware/megatron/core/dist_checkpointing/strategies/torch.py:892: FutureWarning: `load_state_dict` is deprecated and will be removed in future versions. Please use `load` instead.
[36m(WorkerDict pid=2744440)[0m   checkpoint.load_state_dict(
[36m(WorkerDict pid=2744443)[0m /workspace/cann-recipes-train/llm_rl/qwen3_shrink_aware/megatron/core/dist_checkpointing/strategies/torch.py:892: FutureWarning: `load_state_dict` is deprecated and will be removed in future versions. Please use `load` instead.
[36m(WorkerDict pid=2744443)[0m   checkpoint.load_state_dict(
[36m(WorkerDict pid=2744446)[0m /workspace/cann-recipes-train/llm_rl/qwen3_shrink_aware/megatron/core/dist_checkpointing/strategies/torch.py:892: FutureWarning: `load_state_dict` is deprecated and will be removed in future versions. Please use `load` instead.
[36m(WorkerDict pid=2744446)[0m   checkpoint.load_state_dict(
[36m(WorkerDict pid=2744429)[0m /workspace/cann-recipes-train/llm_rl/qwen3_shrink_aware/megatron/core/dist_checkpointing/strategies/torch.py:892: FutureWarning: `load_state_dict` is deprecated and will be removed in future versions. Please use `load` instead.
[36m(WorkerDict pid=2744429)[0m   checkpoint.load_state_dict(
[36m(WorkerDict pid=2744430)[0m /usr/local/python3.11.14/lib/python3.11/site-packages/torch/distributed/checkpoint/planner_helpers.py:418: FutureWarning: Please use DTensor instead and we are deprecating ShardedTensor.
[36m(WorkerDict pid=2744430)[0m   device = getattr(value, "device", None)
[36m(WorkerDict pid=2744430)[0m /usr/local/python3.11.14/lib/python3.11/site-packages/torch/distributed/checkpoint/default_planner.py:479: FutureWarning: Please use DTensor instead and we are deprecating ShardedTensor.
[36m(WorkerDict pid=2744430)[0m   and md.size != obj.size()
[36m(WorkerDict pid=2744438)[0m /usr/local/python3.11.14/lib/python3.11/site-packages/torch/distributed/checkpoint/planner_helpers.py:418: FutureWarning: Please use DTensor instead and we are deprecating ShardedTensor.
[36m(WorkerDict pid=2744438)[0m   device = getattr(value, "device", None)
[36m(WorkerDict pid=2744438)[0m /usr/local/python3.11.14/lib/python3.11/site-packages/torch/distributed/checkpoint/default_planner.py:479: FutureWarning: Please use DTensor instead and we are deprecating ShardedTensor.
[36m(WorkerDict pid=2744438)[0m   and md.size != obj.size()
[36m(WorkerDict pid=2744437)[0m /workspace/cann-recipes-train/llm_rl/qwen3_shrink_aware/megatron/core/dist_checkpointing/strategies/torch.py:892: FutureWarning: `load_state_dict` is deprecated and will be removed in future versions. Please use `load` instead.
[36m(WorkerDict pid=2744437)[0m   checkpoint.load_state_dict(
[36m(WorkerDict pid=2744445)[0m /workspace/cann-recipes-train/llm_rl/qwen3_shrink_aware/megatron/core/dist_checkpointing/strategies/torch.py:892: FutureWarning: `load_state_dict` is deprecated and will be removed in future versions. Please use `load` instead.
[36m(WorkerDict pid=2744445)[0m   checkpoint.load_state_dict(
[36m(WorkerDict pid=2744447)[0m /workspace/cann-recipes-train/llm_rl/qwen3_shrink_aware/megatron/core/dist_checkpointing/strategies/torch.py:892: FutureWarning: `load_state_dict` is deprecated and will be removed in future versions. Please use `load` instead.
[36m(WorkerDict pid=2744447)[0m   checkpoint.load_state_dict(
[36m(WorkerDict pid=2744448)[0m /workspace/cann-recipes-train/llm_rl/qwen3_shrink_aware/megatron/core/dist_checkpointing/strategies/torch.py:892: FutureWarning: `load_state_dict` is deprecated and will be removed in future versions. Please use `load` instead.
[36m(WorkerDict pid=2744448)[0m   checkpoint.load_state_dict(
[36m(WorkerDict pid=2744428)[0m /usr/local/python3.11.14/lib/python3.11/site-packages/torch/distributed/checkpoint/planner_helpers.py:418: FutureWarning: Please use DTensor instead and we are deprecating ShardedTensor.
[36m(WorkerDict pid=2744428)[0m   device = getattr(value, "device", None)
[36m(WorkerDict pid=2744428)[0m /usr/local/python3.11.14/lib/python3.11/site-packages/torch/distributed/checkpoint/default_planner.py:479: FutureWarning: Please use DTensor instead and we are deprecating ShardedTensor.
[36m(WorkerDict pid=2744428)[0m   and md.size != obj.size()
[36m(WorkerDict pid=2744435)[0m /usr/local/python3.11.14/lib/python3.11/site-packages/torch/distributed/checkpoint/planner_helpers.py:418: FutureWarning: Please use DTensor instead and we are deprecating ShardedTensor.
[36m(WorkerDict pid=2744435)[0m   device = getattr(value, "device", None)
[36m(WorkerDict pid=2744435)[0m /usr/local/python3.11.14/lib/python3.11/site-packages/torch/distributed/checkpoint/default_planner.py:479: FutureWarning: Please use DTensor instead and we are deprecating ShardedTensor.
[36m(WorkerDict pid=2744435)[0m   and md.size != obj.size()
[36m(WorkerDict pid=2744439)[0m /usr/local/python3.11.14/lib/python3.11/site-packages/torch/distributed/checkpoint/planner_helpers.py:418: FutureWarning: Please use DTensor instead and we are deprecating ShardedTensor.
[36m(WorkerDict pid=2744439)[0m   device = getattr(value, "device", None)
[36m(WorkerDict pid=2744439)[0m /usr/local/python3.11.14/lib/python3.11/site-packages/torch/distributed/checkpoint/default_planner.py:479: FutureWarning: Please use DTensor instead and we are deprecating ShardedTensor.
[36m(WorkerDict pid=2744439)[0m   and md.size != obj.size()
[36m(WorkerDict pid=2744441)[0m /usr/local/python3.11.14/lib/python3.11/site-packages/torch/distributed/checkpoint/planner_helpers.py:418: FutureWarning: Please use DTensor instead and we are deprecating ShardedTensor.
[36m(WorkerDict pid=2744441)[0m   device = getattr(value, "device", None)
[36m(WorkerDict pid=2744441)[0m /usr/local/python3.11.14/lib/python3.11/site-packages/torch/distributed/checkpoint/default_planner.py:479: FutureWarning: Please use DTensor instead and we are deprecating ShardedTensor.
[36m(WorkerDict pid=2744441)[0m   and md.size != obj.size()
[36m(WorkerDict pid=2744442)[0m /usr/local/python3.11.14/lib/python3.11/site-packages/torch/distributed/checkpoint/planner_helpers.py:418: FutureWarning: Please use DTensor instead and we are deprecating ShardedTensor.
[36m(WorkerDict pid=2744442)[0m   device = getattr(value, "device", None)
[36m(WorkerDict pid=2744442)[0m /usr/local/python3.11.14/lib/python3.11/site-packages/torch/distributed/checkpoint/default_planner.py:479: FutureWarning: Please use DTensor instead and we are deprecating ShardedTensor.
[36m(WorkerDict pid=2744442)[0m   and md.size != obj.size()
[36m(WorkerDict pid=2744443)[0m /usr/local/python3.11.14/lib/python3.11/site-packages/torch/distributed/checkpoint/planner_helpers.py:418: FutureWarning: Please use DTensor instead and we are deprecating ShardedTensor.
[36m(WorkerDict pid=2744443)[0m   device = getattr(value, "device", None)
[36m(WorkerDict pid=2744443)[0m /usr/local/python3.11.14/lib/python3.11/site-packages/torch/distributed/checkpoint/default_planner.py:479: FutureWarning: Please use DTensor instead and we are deprecating ShardedTensor.
[36m(WorkerDict pid=2744443)[0m   and md.size != obj.size()
[36m(WorkerDict pid=2744429)[0m /usr/local/python3.11.14/lib/python3.11/site-packages/torch/distributed/checkpoint/planner_helpers.py:418: FutureWarning: Please use DTensor instead and we are deprecating ShardedTensor.
[36m(WorkerDict pid=2744429)[0m   device = getattr(value, "device", None)
[36m(WorkerDict pid=2744429)[0m /usr/local/python3.11.14/lib/python3.11/site-packages/torch/distributed/checkpoint/default_planner.py:479: FutureWarning: Please use DTensor instead and we are deprecating ShardedTensor.
[36m(WorkerDict pid=2744429)[0m   and md.size != obj.size()
[36m(WorkerDict pid=2744440)[0m /usr/local/python3.11.14/lib/python3.11/site-packages/torch/distributed/checkpoint/planner_helpers.py:418: FutureWarning: Please use DTensor instead and we are deprecating ShardedTensor.
[36m(WorkerDict pid=2744440)[0m   device = getattr(value, "device", None)
[36m(WorkerDict pid=2744440)[0m /usr/local/python3.11.14/lib/python3.11/site-packages/torch/distributed/checkpoint/default_planner.py:479: FutureWarning: Please use DTensor instead and we are deprecating ShardedTensor.
[36m(WorkerDict pid=2744440)[0m   and md.size != obj.size()
[36m(WorkerDict pid=2744446)[0m /usr/local/python3.11.14/lib/python3.11/site-packages/torch/distributed/checkpoint/planner_helpers.py:418: FutureWarning: Please use DTensor instead and we are deprecating ShardedTensor.
[36m(WorkerDict pid=2744446)[0m   device = getattr(value, "device", None)
[36m(WorkerDict pid=2744446)[0m /usr/local/python3.11.14/lib/python3.11/site-packages/torch/distributed/checkpoint/default_planner.py:479: FutureWarning: Please use DTensor instead and we are deprecating ShardedTensor.
[36m(WorkerDict pid=2744446)[0m   and md.size != obj.size()
[36m(WorkerDict pid=2744445)[0m /usr/local/python3.11.14/lib/python3.11/site-packages/torch/distributed/checkpoint/planner_helpers.py:418: FutureWarning: Please use DTensor instead and we are deprecating ShardedTensor.
[36m(WorkerDict pid=2744445)[0m   device = getattr(value, "device", None)
[36m(WorkerDict pid=2744445)[0m /usr/local/python3.11.14/lib/python3.11/site-packages/torch/distributed/checkpoint/default_planner.py:479: FutureWarning: Please use DTensor instead and we are deprecating ShardedTensor.
[36m(WorkerDict pid=2744445)[0m   and md.size != obj.size()
[36m(WorkerDict pid=2744447)[0m /usr/local/python3.11.14/lib/python3.11/site-packages/torch/distributed/checkpoint/planner_helpers.py:418: FutureWarning: Please use DTensor instead and we are deprecating ShardedTensor.
[36m(WorkerDict pid=2744447)[0m   device = getattr(value, "device", None)
[36m(WorkerDict pid=2744447)[0m /usr/local/python3.11.14/lib/python3.11/site-packages/torch/distributed/checkpoint/default_planner.py:479: FutureWarning: Please use DTensor instead and we are deprecating ShardedTensor.
[36m(WorkerDict pid=2744447)[0m   and md.size != obj.size()
[36m(WorkerDict pid=2744448)[0m /usr/local/python3.11.14/lib/python3.11/site-packages/torch/distributed/checkpoint/planner_helpers.py:418: FutureWarning: Please use DTensor instead and we are deprecating ShardedTensor.
[36m(WorkerDict pid=2744448)[0m   device = getattr(value, "device", None)
[36m(WorkerDict pid=2744448)[0m /usr/local/python3.11.14/lib/python3.11/site-packages/torch/distributed/checkpoint/default_planner.py:479: FutureWarning: Please use DTensor instead and we are deprecating ShardedTensor.
[36m(WorkerDict pid=2744448)[0m   and md.size != obj.size()
[36m(WorkerDict pid=2744437)[0m /usr/local/python3.11.14/lib/python3.11/site-packages/torch/distributed/checkpoint/planner_helpers.py:418: FutureWarning: Please use DTensor instead and we are deprecating ShardedTensor.
[36m(WorkerDict pid=2744437)[0m   device = getattr(value, "device", None)
[36m(WorkerDict pid=2744444)[0m /workspace/cann-recipes-train/llm_rl/qwen3_shrink_aware/megatron/core/dist_checkpointing/strategies/torch.py:892: FutureWarning: `load_state_dict` is deprecated and will be removed in future versions. Please use `load` instead.
[36m(WorkerDict pid=2744444)[0m   checkpoint.load_state_dict(
[36m(WorkerDict pid=2744437)[0m /usr/local/python3.11.14/lib/python3.11/site-packages/torch/distributed/checkpoint/default_planner.py:479: FutureWarning: Please use DTensor instead and we are deprecating ShardedTensor.
[36m(WorkerDict pid=2744437)[0m   and md.size != obj.size()
[36m(WorkerDict pid=2744444)[0m /usr/local/python3.11.14/lib/python3.11/site-packages/torch/distributed/checkpoint/planner_helpers.py:418: FutureWarning: Please use DTensor instead and we are deprecating ShardedTensor.
[36m(WorkerDict pid=2744444)[0m   device = getattr(value, "device", None)
[36m(WorkerDict pid=2744444)[0m /usr/local/python3.11.14/lib/python3.11/site-packages/torch/distributed/checkpoint/default_planner.py:479: FutureWarning: Please use DTensor instead and we are deprecating ShardedTensor.
[36m(WorkerDict pid=2744444)[0m   and md.size != obj.size()
[36m(WorkerDict pid=2744428)[0m /usr/local/python3.11.14/lib/python3.11/site-packages/torch_npu/distributed/distributed_c10d.py:110: UserWarning: HCCL doesn't support gather at the moment. Implemented with allgather instead.
[36m(WorkerDict pid=2744428)[0m   warnings.warn("HCCL doesn't support gather at the moment. Implemented with allgather instead.")
[36m(WorkerDict pid=2744435)[0m [rank3]:[W616 16:00:39.431812660 compiler_depend.ts:338] Warning: Cannot create tensor with interal format while allow_internel_format=False, tensor will be created with base format. (function operator())
[36m(WorkerDict pid=2744429)[0m [rank1]:[W616 16:00:39.431613924 compiler_depend.ts:338] Warning: Cannot create tensor with interal format while allow_internel_format=False, tensor will be created with base format. (function operator())
[36m(WorkerDict pid=2744430)[0m [rank2]:[W616 16:00:39.431674106 compiler_depend.ts:338] Warning: Cannot create tensor with interal format while allow_internel_format=False, tensor will be created with base format. (function operator())
[36m(WorkerDict pid=2744442)[0m [rank9]:[W616 16:00:39.431708467 compiler_depend.ts:338] Warning: Cannot create tensor with interal format while allow_internel_format=False, tensor will be created with base format. (function operator())
[36m(WorkerDict pid=2744438)[0m [rank5]:[W616 16:00:39.431730997 compiler_depend.ts:338] Warning: Cannot create tensor with interal format while allow_internel_format=False, tensor will be created with base format. (function operator())
[36m(WorkerDict pid=2744437)[0m [rank4]:[W616 16:00:39.431635804 compiler_depend.ts:338] Warning: Cannot create tensor with interal format while allow_internel_format=False, tensor will be created with base format. (function operator())
[36m(WorkerDict pid=2744439)[0m [rank6]:[W616 16:00:39.431732487 compiler_depend.ts:338] Warning: Cannot create tensor with interal format while allow_internel_format=False, tensor will be created with base format. (function operator())
[36m(WorkerDict pid=2744441)[0m [rank8]:[W616 16:00:39.431647055 compiler_depend.ts:338] Warning: Cannot create tensor with interal format while allow_internel_format=False, tensor will be created with base format. (function operator())
[36m(WorkerDict pid=2744445)[0m [rank15]:[W616 16:00:39.431764418 compiler_depend.ts:338] Warning: Cannot create tensor with interal format while allow_internel_format=False, tensor will be created with base format. (function operator())
[36m(WorkerDict pid=2744440)[0m [rank7]:[W616 16:00:39.431669165 compiler_depend.ts:338] Warning: Cannot create tensor with interal format while allow_internel_format=False, tensor will be created with base format. (function operator())
[36m(WorkerDict pid=2744443)[0m [rank10]:[W616 16:00:39.431696206 compiler_depend.ts:338] Warning: Cannot create tensor with interal format while allow_internel_format=False, tensor will be created with base format. (function operator())
[36m(WorkerDict pid=2744447)[0m [rank13]:[W616 16:00:39.431695896 compiler_depend.ts:338] Warning: Cannot create tensor with interal format while allow_internel_format=False, tensor will be created with base format. (function operator())
[36m(WorkerDict pid=2744444)[0m [rank11]:[W616 16:00:39.431789169 compiler_depend.ts:338] Warning: Cannot create tensor with interal format while allow_internel_format=False, tensor will be created with base format. (function operator())
[36m(WorkerDict pid=2744446)[0m [rank14]:[W616 16:00:39.431875332 compiler_depend.ts:338] Warning: Cannot create tensor with interal format while allow_internel_format=False, tensor will be created with base format. (function operator())
[36m(WorkerDict pid=2744448)[0m [rank12]:[W616 16:00:39.431893803 compiler_depend.ts:338] Warning: Cannot create tensor with interal format while allow_internel_format=False, tensor will be created with base format. (function operator())
[36m(WorkerDict pid=2744447)[0m /workspace/cann-recipes-train/llm_rl/qwen3_shrink_aware/mindspeed/core/optimizer/swap_optimizer/swap_optimizer.py:128: UserWarning: TypedStorage is deprecated. It will be removed in the future and UntypedStorage will be the only storage class. This should only matter to you if you are using storages directly.  To access UntypedStorage directly, use tensor.untyped_storage() instead of tensor.storage()
[36m(WorkerDict pid=2744447)[0m   if param.storage().size() != 0:
[36m(WorkerDict pid=2744428)[0m /workspace/cann-recipes-train/llm_rl/qwen3_shrink_aware/mindspeed/core/optimizer/swap_optimizer/swap_optimizer.py:128: UserWarning: TypedStorage is deprecated. It will be removed in the future and UntypedStorage will be the only storage class. This should only matter to you if you are using storages directly.  To access UntypedStorage directly, use tensor.untyped_storage() instead of tensor.storage()
[36m(WorkerDict pid=2744428)[0m   if param.storage().size() != 0:
[36m(WorkerDict pid=2744429)[0m /workspace/cann-recipes-train/llm_rl/qwen3_shrink_aware/mindspeed/core/optimizer/swap_optimizer/swap_optimizer.py:128: UserWarning: TypedStorage is deprecated. It will be removed in the future and UntypedStorage will be the only storage class. This should only matter to you if you are using storages directly.  To access UntypedStorage directly, use tensor.untyped_storage() instead of tensor.storage()
[36m(WorkerDict pid=2744429)[0m   if param.storage().size() != 0:
[36m(WorkerDict pid=2744445)[0m /workspace/cann-recipes-train/llm_rl/qwen3_shrink_aware/mindspeed/core/optimizer/swap_optimizer/swap_optimizer.py:128: UserWarning: TypedStorage is deprecated. It will be removed in the future and UntypedStorage will be the only storage class. This should only matter to you if you are using storages directly.  To access UntypedStorage directly, use tensor.untyped_storage() instead of tensor.storage()
[36m(WorkerDict pid=2744445)[0m   if param.storage().size() != 0:
[36m(WorkerDict pid=2744428)[0m /usr/local/python3.11.14/lib/python3.11/site-packages/torch_npu/contrib/transfer_to_npu.py:182: UserWarning: Cannot create tensor with interal format while allow_internel_format=False, tensor will be created with base format. (Triggered internally at build/CMakeFiles/torch_npu.dir/compiler_depend.ts:338.)
[36m(WorkerDict pid=2744428)[0m   return fn(*args, **kwargs)
[36m(WorkerDict pid=2744435)[0m /workspace/cann-recipes-train/llm_rl/qwen3_shrink_aware/mindspeed/core/optimizer/swap_optimizer/swap_optimizer.py:128: UserWarning: TypedStorage is deprecated. It will be removed in the future and UntypedStorage will be the only storage class. This should only matter to you if you are using storages directly.  To access UntypedStorage directly, use tensor.untyped_storage() instead of tensor.storage()
[36m(WorkerDict pid=2744435)[0m   if param.storage().size() != 0:
[36m(WorkerDict pid=2744430)[0m /workspace/cann-recipes-train/llm_rl/qwen3_shrink_aware/mindspeed/core/optimizer/swap_optimizer/swap_optimizer.py:128: UserWarning: TypedStorage is deprecated. It will be removed in the future and UntypedStorage will be the only storage class. This should only matter to you if you are using storages directly.  To access UntypedStorage directly, use tensor.untyped_storage() instead of tensor.storage()
[36m(WorkerDict pid=2744430)[0m   if param.storage().size() != 0:
[36m(WorkerDict pid=2744442)[0m /workspace/cann-recipes-train/llm_rl/qwen3_shrink_aware/mindspeed/core/optimizer/swap_optimizer/swap_optimizer.py:128: UserWarning: TypedStorage is deprecated. It will be removed in the future and UntypedStorage will be the only storage class. This should only matter to you if you are using storages directly.  To access UntypedStorage directly, use tensor.untyped_storage() instead of tensor.storage()
[36m(WorkerDict pid=2744442)[0m   if param.storage().size() != 0:
[36m(WorkerDict pid=2744438)[0m /workspace/cann-recipes-train/llm_rl/qwen3_shrink_aware/mindspeed/core/optimizer/swap_optimizer/swap_optimizer.py:128: UserWarning: TypedStorage is deprecated. It will be removed in the future and UntypedStorage will be the only storage class. This should only matter to you if you are using storages directly.  To access UntypedStorage directly, use tensor.untyped_storage() instead of tensor.storage()
[36m(WorkerDict pid=2744438)[0m   if param.storage().size() != 0:
[36m(WorkerDict pid=2744437)[0m /workspace/cann-recipes-train/llm_rl/qwen3_shrink_aware/mindspeed/core/optimizer/swap_optimizer/swap_optimizer.py:128: UserWarning: TypedStorage is deprecated. It will be removed in the future and UntypedStorage will be the only storage class. This should only matter to you if you are using storages directly.  To access UntypedStorage directly, use tensor.untyped_storage() instead of tensor.storage()
[36m(WorkerDict pid=2744437)[0m   if param.storage().size() != 0:
[36m(WorkerDict pid=2744439)[0m /workspace/cann-recipes-train/llm_rl/qwen3_shrink_aware/mindspeed/core/optimizer/swap_optimizer/swap_optimizer.py:128: UserWarning: TypedStorage is deprecated. It will be removed in the future and UntypedStorage will be the only storage class. This should only matter to you if you are using storages directly.  To access UntypedStorage directly, use tensor.untyped_storage() instead of tensor.storage()
[36m(WorkerDict pid=2744439)[0m   if param.storage().size() != 0:
[36m(WorkerDict pid=2744441)[0m /workspace/cann-recipes-train/llm_rl/qwen3_shrink_aware/mindspeed/core/optimizer/swap_optimizer/swap_optimizer.py:128: UserWarning: TypedStorage is deprecated. It will be removed in the future and UntypedStorage will be the only storage class. This should only matter to you if you are using storages directly.  To access UntypedStorage directly, use tensor.untyped_storage() instead of tensor.storage()
[36m(WorkerDict pid=2744441)[0m   if param.storage().size() != 0:
[36m(WorkerDict pid=2744444)[0m /workspace/cann-recipes-train/llm_rl/qwen3_shrink_aware/mindspeed/core/optimizer/swap_optimizer/swap_optimizer.py:128: UserWarning: TypedStorage is deprecated. It will be removed in the future and UntypedStorage will be the only storage class. This should only matter to you if you are using storages directly.  To access UntypedStorage directly, use tensor.untyped_storage() instead of tensor.storage()
[36m(WorkerDict pid=2744444)[0m   if param.storage().size() != 0:
[36m(WorkerDict pid=2744446)[0m /workspace/cann-recipes-train/llm_rl/qwen3_shrink_aware/mindspeed/core/optimizer/swap_optimizer/swap_optimizer.py:128: UserWarning: TypedStorage is deprecated. It will be removed in the future and UntypedStorage will be the only storage class. This should only matter to you if you are using storages directly.  To access UntypedStorage directly, use tensor.untyped_storage() instead of tensor.storage()
[36m(WorkerDict pid=2744446)[0m   if param.storage().size() != 0:
[36m(WorkerDict pid=2744448)[0m /workspace/cann-recipes-train/llm_rl/qwen3_shrink_aware/mindspeed/core/optimizer/swap_optimizer/swap_optimizer.py:128: UserWarning: TypedStorage is deprecated. It will be removed in the future and UntypedStorage will be the only storage class. This should only matter to you if you are using storages directly.  To access UntypedStorage directly, use tensor.untyped_storage() instead of tensor.storage()
[36m(WorkerDict pid=2744448)[0m   if param.storage().size() != 0:
[36m(WorkerDict pid=2744440)[0m /workspace/cann-recipes-train/llm_rl/qwen3_shrink_aware/mindspeed/core/optimizer/swap_optimizer/swap_optimizer.py:128: UserWarning: TypedStorage is deprecated. It will be removed in the future and UntypedStorage will be the only storage class. This should only matter to you if you are using storages directly.  To access UntypedStorage directly, use tensor.untyped_storage() instead of tensor.storage()
[36m(WorkerDict pid=2744440)[0m   if param.storage().size() != 0:
[36m(WorkerDict pid=2744443)[0m /workspace/cann-recipes-train/llm_rl/qwen3_shrink_aware/mindspeed/core/optimizer/swap_optimizer/swap_optimizer.py:128: UserWarning: TypedStorage is deprecated. It will be removed in the future and UntypedStorage will be the only storage class. This should only matter to you if you are using storages directly.  To access UntypedStorage directly, use tensor.untyped_storage() instead of tensor.storage()
[36m(WorkerDict pid=2744443)[0m   if param.storage().size() != 0:
[36m(WorkerDict pid=2744430)[0m /workspace/cann-recipes-train/llm_rl/qwen3_shrink_aware/verl/utils/profiler/config.py:49: UserWarning: Torch profiler tool config is not fully supported now.
[36m(WorkerDict pid=2744430)[0m   warnings.warn("Torch profiler tool config is not fully supported now.", stacklevel=1)
[36m(WorkerDict pid=2744435)[0m /workspace/cann-recipes-train/llm_rl/qwen3_shrink_aware/verl/utils/profiler/config.py:49: UserWarning: Torch profiler tool config is not fully supported now.
[36m(WorkerDict pid=2744435)[0m   warnings.warn("Torch profiler tool config is not fully supported now.", stacklevel=1)
[36m(WorkerDict pid=2744428)[0m /workspace/cann-recipes-train/llm_rl/qwen3_shrink_aware/verl/utils/profiler/config.py:49: UserWarning: Torch profiler tool config is not fully supported now.
[36m(WorkerDict pid=2744428)[0m   warnings.warn("Torch profiler tool config is not fully supported now.", stacklevel=1)
[36m(WorkerDict pid=2744438)[0m /workspace/cann-recipes-train/llm_rl/qwen3_shrink_aware/verl/utils/profiler/config.py:49: UserWarning: Torch profiler tool config is not fully supported now.
[36m(WorkerDict pid=2744438)[0m   warnings.warn("Torch profiler tool config is not fully supported now.", stacklevel=1)
[36m(WorkerDict pid=2744439)[0m /workspace/cann-recipes-train/llm_rl/qwen3_shrink_aware/verl/utils/profiler/config.py:49: UserWarning: Torch profiler tool config is not fully supported now.
[36m(WorkerDict pid=2744439)[0m   warnings.warn("Torch profiler tool config is not fully supported now.", stacklevel=1)
[36m(WorkerDict pid=2744430)[0m <frozen importlib._bootstrap>:241: DeprecationWarning: builtin type SwigPyPacked has no __module__ attribute
[36m(WorkerDict pid=2744430)[0m <frozen importlib._bootstrap>:241: DeprecationWarning: builtin type SwigPyObject has no __module__ attribute
[36m(WorkerDict pid=2744446)[0m /workspace/cann-recipes-train/llm_rl/qwen3_shrink_aware/verl/utils/profiler/config.py:49: UserWarning: Torch profiler tool config is not fully supported now.
[36m(WorkerDict pid=2744446)[0m   warnings.warn("Torch profiler tool config is not fully supported now.", stacklevel=1)
[36m(WorkerDict pid=2744429)[0m /workspace/cann-recipes-train/llm_rl/qwen3_shrink_aware/verl/utils/profiler/config.py:49: UserWarning: Torch profiler tool config is not fully supported now.
[36m(WorkerDict pid=2744429)[0m   warnings.warn("Torch profiler tool config is not fully supported now.", stacklevel=1)
[36m(WorkerDict pid=2744447)[0m /workspace/cann-recipes-train/llm_rl/qwen3_shrink_aware/verl/utils/profiler/config.py:49: UserWarning: Torch profiler tool config is not fully supported now.
[36m(WorkerDict pid=2744447)[0m   warnings.warn("Torch profiler tool config is not fully supported now.", stacklevel=1)
[36m(WorkerDict pid=2744435)[0m <frozen importlib._bootstrap>:241: DeprecationWarning: builtin type SwigPyPacked has no __module__ attribute
[36m(WorkerDict pid=2744435)[0m <frozen importlib._bootstrap>:241: DeprecationWarning: builtin type SwigPyObject has no __module__ attribute
[36m(WorkerDict pid=2744448)[0m /workspace/cann-recipes-train/llm_rl/qwen3_shrink_aware/verl/utils/profiler/config.py:49: UserWarning: Torch profiler tool config is not fully supported now.
[36m(WorkerDict pid=2744448)[0m   warnings.warn("Torch profiler tool config is not fully supported now.", stacklevel=1)
[36m(WorkerDict pid=2744445)[0m /workspace/cann-recipes-train/llm_rl/qwen3_shrink_aware/verl/utils/profiler/config.py:49: UserWarning: Torch profiler tool config is not fully supported now.
[36m(WorkerDict pid=2744445)[0m   warnings.warn("Torch profiler tool config is not fully supported now.", stacklevel=1)
[36m(WorkerDict pid=2744428)[0m <frozen importlib._bootstrap>:241: DeprecationWarning: builtin type SwigPyPacked has no __module__ attribute
[36m(WorkerDict pid=2744428)[0m <frozen importlib._bootstrap>:241: DeprecationWarning: builtin type SwigPyObject has no __module__ attribute
[36m(WorkerDict pid=2744438)[0m <frozen importlib._bootstrap>:241: DeprecationWarning: builtin type SwigPyPacked has no __module__ attribute
[36m(WorkerDict pid=2744438)[0m <frozen importlib._bootstrap>:241: DeprecationWarning: builtin type SwigPyObject has no __module__ attribute
[36m(WorkerDict pid=2744439)[0m <frozen importlib._bootstrap>:241: DeprecationWarning: builtin type SwigPyPacked has no __module__ attribute
[36m(WorkerDict pid=2744439)[0m <frozen importlib._bootstrap>:241: DeprecationWarning: builtin type SwigPyObject has no __module__ attribute
[36m(WorkerDict pid=2744441)[0m /workspace/cann-recipes-train/llm_rl/qwen3_shrink_aware/verl/utils/profiler/config.py:49: UserWarning: Torch profiler tool config is not fully supported now.
[36m(WorkerDict pid=2744441)[0m   warnings.warn("Torch profiler tool config is not fully supported now.", stacklevel=1)
[36m(WorkerDict pid=2744446)[0m <frozen importlib._bootstrap>:241: DeprecationWarning: builtin type SwigPyPacked has no __module__ attribute
[36m(WorkerDict pid=2744446)[0m <frozen importlib._bootstrap>:241: DeprecationWarning: builtin type SwigPyObject has no __module__ attribute
[36m(WorkerDict pid=2744440)[0m /workspace/cann-recipes-train/llm_rl/qwen3_shrink_aware/verl/utils/profiler/config.py:49: UserWarning: Torch profiler tool config is not fully supported now.
[36m(WorkerDict pid=2744440)[0m   warnings.warn("Torch profiler tool config is not fully supported now.", stacklevel=1)
[36m(WorkerDict pid=2744429)[0m <frozen importlib._bootstrap>:241: DeprecationWarning: builtin type SwigPyPacked has no __module__ attribute
[36m(WorkerDict pid=2744429)[0m <frozen importlib._bootstrap>:241: DeprecationWarning: builtin type SwigPyObject has no __module__ attribute
[36m(WorkerDict pid=2744447)[0m <frozen importlib._bootstrap>:241: DeprecationWarning: builtin type SwigPyPacked has no __module__ attribute
[36m(WorkerDict pid=2744447)[0m <frozen importlib._bootstrap>:241: DeprecationWarning: builtin type SwigPyObject has no __module__ attribute
[36m(WorkerDict pid=2744443)[0m /workspace/cann-recipes-train/llm_rl/qwen3_shrink_aware/verl/utils/profiler/config.py:49: UserWarning: Torch profiler tool config is not fully supported now.
[36m(WorkerDict pid=2744443)[0m   warnings.warn("Torch profiler tool config is not fully supported now.", stacklevel=1)
[36m(WorkerDict pid=2744437)[0m /workspace/cann-recipes-train/llm_rl/qwen3_shrink_aware/verl/utils/profiler/config.py:49: UserWarning: Torch profiler tool config is not fully supported now.
[36m(WorkerDict pid=2744437)[0m   warnings.warn("Torch profiler tool config is not fully supported now.", stacklevel=1)
[36m(WorkerDict pid=2744444)[0m /workspace/cann-recipes-train/llm_rl/qwen3_shrink_aware/verl/utils/profiler/config.py:49: UserWarning: Torch profiler tool config is not fully supported now.
[36m(WorkerDict pid=2744444)[0m   warnings.warn("Torch profiler tool config is not fully supported now.", stacklevel=1)
[36m(WorkerDict pid=2744448)[0m <frozen importlib._bootstrap>:241: DeprecationWarning: builtin type SwigPyPacked has no __module__ attribute
[36m(WorkerDict pid=2744448)[0m <frozen importlib._bootstrap>:241: DeprecationWarning: builtin type SwigPyObject has no __module__ attribute
[36m(WorkerDict pid=2744441)[0m <frozen importlib._bootstrap>:241: DeprecationWarning: builtin type SwigPyPacked has no __module__ attribute
[36m(WorkerDict pid=2744441)[0m <frozen importlib._bootstrap>:241: DeprecationWarning: builtin type SwigPyObject has no __module__ attribute
[36m(WorkerDict pid=2744445)[0m <frozen importlib._bootstrap>:241: DeprecationWarning: builtin type SwigPyPacked has no __module__ attribute
[36m(WorkerDict pid=2744445)[0m <frozen importlib._bootstrap>:241: DeprecationWarning: builtin type SwigPyObject has no __module__ attribute
[36m(WorkerDict pid=2744442)[0m /workspace/cann-recipes-train/llm_rl/qwen3_shrink_aware/verl/utils/profiler/config.py:49: UserWarning: Torch profiler tool config is not fully supported now.
[36m(WorkerDict pid=2744442)[0m   warnings.warn("Torch profiler tool config is not fully supported now.", stacklevel=1)
[36m(WorkerDict pid=2744440)[0m <frozen importlib._bootstrap>:241: DeprecationWarning: builtin type SwigPyPacked has no __module__ attribute
[36m(WorkerDict pid=2744440)[0m <frozen importlib._bootstrap>:241: DeprecationWarning: builtin type SwigPyObject has no __module__ attribute
[36m(WorkerDict pid=2744443)[0m <frozen importlib._bootstrap>:241: DeprecationWarning: builtin type SwigPyPacked has no __module__ attribute
[36m(WorkerDict pid=2744443)[0m <frozen importlib._bootstrap>:241: DeprecationWarning: builtin type SwigPyObject has no __module__ attribute
[36m(WorkerDict pid=2744437)[0m <frozen importlib._bootstrap>:241: DeprecationWarning: builtin type SwigPyPacked has no __module__ attribute
[36m(WorkerDict pid=2744437)[0m <frozen importlib._bootstrap>:241: DeprecationWarning: builtin type SwigPyObject has no __module__ attribute
[36m(WorkerDict pid=2744444)[0m <frozen importlib._bootstrap>:241: DeprecationWarning: builtin type SwigPyPacked has no __module__ attribute
[36m(WorkerDict pid=2744444)[0m <frozen importlib._bootstrap>:241: DeprecationWarning: builtin type SwigPyObject has no __module__ attribute
[36m(WorkerDict pid=2744442)[0m <frozen importlib._bootstrap>:241: DeprecationWarning: builtin type SwigPyPacked has no __module__ attribute
[36m(WorkerDict pid=2744442)[0m <frozen importlib._bootstrap>:241: DeprecationWarning: builtin type SwigPyObject has no __module__ attribute
[36m(WorkerDict pid=2744428)[0m `torch_dtype` is deprecated! Use `dtype` instead!
[36m(WorkerDict pid=2744435)[0m `torch_dtype` is deprecated! Use `dtype` instead!
[36m(WorkerDict pid=2744429)[0m `torch_dtype` is deprecated! Use `dtype` instead!
[36m(WorkerDict pid=2744430)[0m `torch_dtype` is deprecated! Use `dtype` instead!
[36m(WorkerDict pid=2744442)[0m `torch_dtype` is deprecated! Use `dtype` instead!
[36m(WorkerDict pid=2744438)[0m `torch_dtype` is deprecated! Use `dtype` instead!
[36m(WorkerDict pid=2744437)[0m `torch_dtype` is deprecated! Use `dtype` instead!
[36m(WorkerDict pid=2744439)[0m `torch_dtype` is deprecated! Use `dtype` instead!
[36m(WorkerDict pid=2744441)[0m `torch_dtype` is deprecated! Use `dtype` instead!
[36m(WorkerDict pid=2744445)[0m `torch_dtype` is deprecated! Use `dtype` instead!
[36m(WorkerDict pid=2744440)[0m `torch_dtype` is deprecated! Use `dtype` instead!
[36m(WorkerDict pid=2744443)[0m `torch_dtype` is deprecated! Use `dtype` instead!
[36m(WorkerDict pid=2744447)[0m `torch_dtype` is deprecated! Use `dtype` instead!
[36m(WorkerDict pid=2744444)[0m `torch_dtype` is deprecated! Use `dtype` instead!
[36m(WorkerDict pid=2744446)[0m `torch_dtype` is deprecated! Use `dtype` instead!
[36m(WorkerDict pid=2744448)[0m `torch_dtype` is deprecated! Use `dtype` instead!
[36m(WorkerDict pid=2744438)[0m /workspace/cann-recipes-train/llm_rl/qwen3_shrink_aware/megatron/core/transformer/transformer_config.py:1065: UserWarning: Using a large number of experts (e.g. >=32) without fp32 routing. Consider enabling moe_router_dtype for better numerical stability.
[36m(WorkerDict pid=2744438)[0m   warnings.warn(
[36m(WorkerDict pid=2744443)[0m /workspace/cann-recipes-train/llm_rl/qwen3_shrink_aware/megatron/core/transformer/transformer_config.py:1065: UserWarning: Using a large number of experts (e.g. >=32) without fp32 routing. Consider enabling moe_router_dtype for better numerical stability.
[36m(WorkerDict pid=2744443)[0m   warnings.warn(
[36m(WorkerDict pid=2744429)[0m /workspace/cann-recipes-train/llm_rl/qwen3_shrink_aware/megatron/core/transformer/transformer_config.py:1065: UserWarning: Using a large number of experts (e.g. >=32) without fp32 routing. Consider enabling moe_router_dtype for better numerical stability.
[36m(WorkerDict pid=2744429)[0m   warnings.warn(
[36m(WorkerDict pid=2744448)[0m /workspace/cann-recipes-train/llm_rl/qwen3_shrink_aware/megatron/core/transformer/transformer_config.py:1065: UserWarning: Using a large number of experts (e.g. >=32) without fp32 routing. Consider enabling moe_router_dtype for better numerical stability.
[36m(WorkerDict pid=2744448)[0m   warnings.warn(
[36m(WorkerDict pid=2744440)[0m /workspace/cann-recipes-train/llm_rl/qwen3_shrink_aware/megatron/core/transformer/transformer_config.py:1065: UserWarning: Using a large number of experts (e.g. >=32) without fp32 routing. Consider enabling moe_router_dtype for better numerical stability.
[36m(WorkerDict pid=2744440)[0m   warnings.warn(
[36m(WorkerDict pid=2744446)[0m /workspace/cann-recipes-train/llm_rl/qwen3_shrink_aware/megatron/core/transformer/transformer_config.py:1065: UserWarning: Using a large number of experts (e.g. >=32) without fp32 routing. Consider enabling moe_router_dtype for better numerical stability.
[36m(WorkerDict pid=2744446)[0m   warnings.warn(
[36m(WorkerDict pid=2744430)[0m /workspace/cann-recipes-train/llm_rl/qwen3_shrink_aware/megatron/core/transformer/transformer_config.py:1065: UserWarning: Using a large number of experts (e.g. >=32) without fp32 routing. Consider enabling moe_router_dtype for better numerical stability.
[36m(WorkerDict pid=2744430)[0m   warnings.warn(
[36m(WorkerDict pid=2744445)[0m /workspace/cann-recipes-train/llm_rl/qwen3_shrink_aware/megatron/core/transformer/transformer_config.py:1065: UserWarning: Using a large number of experts (e.g. >=32) without fp32 routing. Consider enabling moe_router_dtype for better numerical stability.
[36m(WorkerDict pid=2744445)[0m   warnings.warn(
[36m(WorkerDict pid=2744442)[0m /workspace/cann-recipes-train/llm_rl/qwen3_shrink_aware/megatron/core/transformer/transformer_config.py:1065: UserWarning: Using a large number of experts (e.g. >=32) without fp32 routing. Consider enabling moe_router_dtype for better numerical stability.
[36m(WorkerDict pid=2744442)[0m   warnings.warn(
[36m(WorkerDict pid=2744435)[0m /workspace/cann-recipes-train/llm_rl/qwen3_shrink_aware/megatron/core/transformer/transformer_config.py:1065: UserWarning: Using a large number of experts (e.g. >=32) without fp32 routing. Consider enabling moe_router_dtype for better numerical stability.
[36m(WorkerDict pid=2744435)[0m   warnings.warn(
[36m(WorkerDict pid=2744441)[0m /workspace/cann-recipes-train/llm_rl/qwen3_shrink_aware/megatron/core/transformer/transformer_config.py:1065: UserWarning: Using a large number of experts (e.g. >=32) without fp32 routing. Consider enabling moe_router_dtype for better numerical stability.
[36m(WorkerDict pid=2744441)[0m   warnings.warn(
[36m(WorkerDict pid=2744437)[0m /workspace/cann-recipes-train/llm_rl/qwen3_shrink_aware/megatron/core/transformer/transformer_config.py:1065: UserWarning: Using a large number of experts (e.g. >=32) without fp32 routing. Consider enabling moe_router_dtype for better numerical stability.
[36m(WorkerDict pid=2744437)[0m   warnings.warn(
[36m(WorkerDict pid=2744444)[0m /workspace/cann-recipes-train/llm_rl/qwen3_shrink_aware/megatron/core/transformer/transformer_config.py:1065: UserWarning: Using a large number of experts (e.g. >=32) without fp32 routing. Consider enabling moe_router_dtype for better numerical stability.
[36m(WorkerDict pid=2744444)[0m   warnings.warn(
[36m(WorkerDict pid=2744447)[0m /workspace/cann-recipes-train/llm_rl/qwen3_shrink_aware/megatron/core/transformer/transformer_config.py:1065: UserWarning: Using a large number of experts (e.g. >=32) without fp32 routing. Consider enabling moe_router_dtype for better numerical stability.
[36m(WorkerDict pid=2744447)[0m   warnings.warn(
[36m(WorkerDict pid=2744439)[0m /workspace/cann-recipes-train/llm_rl/qwen3_shrink_aware/megatron/core/transformer/transformer_config.py:1065: UserWarning: Using a large number of experts (e.g. >=32) without fp32 routing. Consider enabling moe_router_dtype for better numerical stability.
[36m(WorkerDict pid=2744439)[0m   warnings.warn(
[36m(WorkerDict pid=2744428)[0m /workspace/cann-recipes-train/llm_rl/qwen3_shrink_aware/megatron/core/transformer/transformer_config.py:1065: UserWarning: Using a large number of experts (e.g. >=32) without fp32 routing. Consider enabling moe_router_dtype for better numerical stability.
[36m(WorkerDict pid=2744428)[0m   warnings.warn(
[36m(TaskRunner pid=2742962)[0m Training Progress:   0%|          | 0/5 [00:00<?, ?it/s]
[36m(WorkerDict pid=2744448)[0m Adding requests:   0%|          | 0/32 [00:00<?, ?it/s]Adding requests: 100%|██████████| 32/32 [00:00<00:00, 9861.70it/s]
[36m(WorkerDict pid=2744448)[0m Processed prompts:   0%|          | 0/32 [00:00<?, ?it/s, est. speed input: 0.00 toks/s, output: 0.00 toks/s]
[36m(WorkerDict pid=2744443)[0m Adding requests:   0%|          | 0/32 [00:00<?, ?it/s]Adding requests: 100%|██████████| 32/32 [00:00<00:00, 8556.53it/s]
[36m(WorkerDict pid=2744443)[0m Processed prompts:   0%|          | 0/32 [00:00<?, ?it/s, est. speed input: 0.00 toks/s, output: 0.00 toks/s]
[36m(WorkerDict pid=2744441)[0m Adding requests:   0%|          | 0/32 [00:00<?, ?it/s]Adding requests: 100%|██████████| 32/32 [00:00<00:00, 8339.09it/s]
[36m(WorkerDict pid=2744441)[0m Processed prompts:   0%|          | 0/32 [00:00<?, ?it/s, est. speed input: 0.00 toks/s, output: 0.00 toks/s]
[36m(WorkerDict pid=2744445)[0m Adding requests:   0%|          | 0/32 [00:00<?, ?it/s]Adding requests: 100%|██████████| 32/32 [00:00<00:00, 9272.38it/s]
[36m(WorkerDict pid=2744445)[0m Processed prompts:   0%|          | 0/32 [00:00<?, ?it/s, est. speed input: 0.00 toks/s, output: 0.00 toks/s]
[36m(WorkerDict pid=2744440)[0m Adding requests:   0%|          | 0/32 [00:00<?, ?it/s]Adding requests: 100%|██████████| 32/32 [00:00<00:00, 9073.06it/s]
[36m(WorkerDict pid=2744440)[0m Processed prompts:   0%|          | 0/32 [00:00<?, ?it/s, est. speed input: 0.00 toks/s, output: 0.00 toks/s]
[36m(WorkerDict pid=2744430)[0m Adding requests:   0%|          | 0/32 [00:00<?, ?it/s]
[36m(WorkerDict pid=2744430)[0m Adding requests: 100%|██████████| 32/32 [00:00<00:00, 9241.74it/s]
[36m(WorkerDict pid=2744430)[0m Processed prompts:   0%|          | 0/32 [00:00<?, ?it/s, est. speed input: 0.00 toks/s, output: 0.00 toks/s]
[36m(WorkerDict pid=2744438)[0m Adding requests:   0%|          | 0/32 [00:00<?, ?it/s]
[36m(WorkerDict pid=2744438)[0m Adding requests: 100%|██████████| 32/32 [00:00<00:00, 8433.41it/s]
[36m(WorkerDict pid=2744438)[0m Processed prompts:   0%|          | 0/32 [00:00<?, ?it/s, est. speed input: 0.00 toks/s, output: 0.00 toks/s]
[36m(WorkerDict pid=2744447)[0m Adding requests:   0%|          | 0/32 [00:00<?, ?it/s]Adding requests: 100%|██████████| 32/32 [00:00<00:00, 8846.41it/s]
[36m(WorkerDict pid=2744447)[0m Processed prompts:   0%|          | 0/32 [00:00<?, ?it/s, est. speed input: 0.00 toks/s, output: 0.00 toks/s]
[36m(WorkerDict pid=2744444)[0m Adding requests:   0%|          | 0/32 [00:00<?, ?it/s]Adding requests: 100%|██████████| 32/32 [00:00<00:00, 9215.09it/s]
[36m(WorkerDict pid=2744444)[0m Processed prompts:   0%|          | 0/32 [00:00<?, ?it/s, est. speed input: 0.00 toks/s, output: 0.00 toks/s]
[36m(WorkerDict pid=2744435)[0m Adding requests:   0%|          | 0/32 [00:00<?, ?it/s]
[36m(WorkerDict pid=2744435)[0m Adding requests: 100%|██████████| 32/32 [00:00<00:00, 9451.29it/s]
[36m(WorkerDict pid=2744435)[0m Processed prompts:   0%|          | 0/32 [00:00<?, ?it/s, est. speed input: 0.00 toks/s, output: 0.00 toks/s]
[36m(WorkerDict pid=2744446)[0m Adding requests:   0%|          | 0/32 [00:00<?, ?it/s]Adding requests: 100%|██████████| 32/32 [00:00<00:00, 9152.25it/s]
[36m(WorkerDict pid=2744446)[0m Processed prompts:   0%|          | 0/32 [00:00<?, ?it/s, est. speed input: 0.00 toks/s, output: 0.00 toks/s]
[36m(WorkerDict pid=2744439)[0m Adding requests:   0%|          | 0/32 [00:00<?, ?it/s]Adding requests: 100%|██████████| 32/32 [00:00<00:00, 8928.21it/s]
[36m(WorkerDict pid=2744439)[0m Processed prompts:   0%|          | 0/32 [00:00<?, ?it/s, est. speed input: 0.00 toks/s, output: 0.00 toks/s]
[36m(WorkerDict pid=2744442)[0m Adding requests:   0%|          | 0/32 [00:00<?, ?it/s]Adding requests: 100%|██████████| 32/32 [00:00<00:00, 9092.73it/s]
[36m(WorkerDict pid=2744442)[0m Processed prompts:   0%|          | 0/32 [00:00<?, ?it/s, est. speed input: 0.00 toks/s, output: 0.00 toks/s]
[36m(WorkerDict pid=2744437)[0m Adding requests:   0%|          | 0/32 [00:00<?, ?it/s]Adding requests: 100%|██████████| 32/32 [00:00<00:00, 9270.46it/s]
[36m(WorkerDict pid=2744437)[0m Processed prompts:   0%|          | 0/32 [00:00<?, ?it/s, est. speed input: 0.00 toks/s, output: 0.00 toks/s]
[36m(WorkerDict pid=2744429)[0m Adding requests:   0%|          | 0/32 [00:00<?, ?it/s]Adding requests: 100%|██████████| 32/32 [00:00<00:00, 10083.22it/s]
[36m(WorkerDict pid=2744429)[0m Processed prompts:   0%|          | 0/32 [00:00<?, ?it/s, est. speed input: 0.00 toks/s, output: 0.00 toks/s]
[36m(WorkerDict pid=2744428)[0m Adding requests:   0%|          | 0/32 [00:00<?, ?it/s]Adding requests: 100%|██████████| 32/32 [00:00<00:00, 9664.99it/s]
[36m(WorkerDict pid=2744428)[0m Processed prompts:   0%|          | 0/32 [00:00<?, ?it/s, est. speed input: 0.00 toks/s, output: 0.00 toks/s]
[36m(WorkerDict pid=2744428)[0m [rank0]:E0616 16:02:58.111000 2744428 site-packages/torch/_dynamo/metrics_context.py:105] [0/0] Unexpected exception logging compilation metrics
[36m(WorkerDict pid=2744428)[0m [rank0]:E0616 16:02:58.111000 2744428 site-packages/torch/_dynamo/metrics_context.py:105] [0/0] Traceback (most recent call last):
[36m(WorkerDict pid=2744428)[0m [rank0]:E0616 16:02:58.111000 2744428 site-packages/torch/_dynamo/metrics_context.py:105] [0/0]   File "/usr/local/python3.11.14/lib/python3.11/site-packages/torch/_dynamo/metrics_context.py", line 101, in __exit__
[36m(WorkerDict pid=2744428)[0m [rank0]:E0616 16:02:58.111000 2744428 site-packages/torch/_dynamo/metrics_context.py:105] [0/0]     self._on_exit(
[36m(WorkerDict pid=2744428)[0m [rank0]:E0616 16:02:58.111000 2744428 site-packages/torch/_dynamo/metrics_context.py:105] [0/0]   File "/usr/local/python3.11.14/lib/python3.11/site-packages/torch/_dynamo/utils.py", line 1632, in record_compilation_metrics
[36m(WorkerDict pid=2744428)[0m [rank0]:E0616 16:02:58.111000 2744428 site-packages/torch/_dynamo/metrics_context.py:105] [0/0]     "triton_version": triton.__version__ if has_triton() else "",
[36m(WorkerDict pid=2744428)[0m [rank0]:E0616 16:02:58.111000 2744428 site-packages/torch/_dynamo/metrics_context.py:105] [0/0]                                             ^^^^^^^^^^^^
[36m(WorkerDict pid=2744428)[0m [rank0]:E0616 16:02:58.111000 2744428 site-packages/torch/_dynamo/metrics_context.py:105] [0/0]   File "/usr/local/python3.11.14/lib/python3.11/site-packages/torch/utils/_triton.py", line 159, in has_triton
[36m(WorkerDict pid=2744428)[0m [rank0]:E0616 16:02:58.111000 2744428 site-packages/torch/_dynamo/metrics_context.py:105] [0/0]     return is_device_compatible_with_triton()
[36m(WorkerDict pid=2744428)[0m [rank0]:E0616 16:02:58.111000 2744428 site-packages/torch/_dynamo/metrics_context.py:105] [0/0]            ^^^^^^^^^^^^^^^^^^^^^^^^^^^^^^^^^^
[36m(WorkerDict pid=2744428)[0m [rank0]:E0616 16:02:58.111000 2744428 site-packages/torch/_dynamo/metrics_context.py:105] [0/0]   File "/usr/local/python3.11.14/lib/python3.11/site-packages/torch/utils/_triton.py", line 155, in is_device_compatible_with_triton
[36m(WorkerDict pid=2744428)[0m [rank0]:E0616 16:02:58.111000 2744428 site-packages/torch/_dynamo/metrics_context.py:105] [0/0]     if device_interface.is_available() and extra_check(device_interface):
[36m(WorkerDict pid=2744428)[0m [rank0]:E0616 16:02:58.111000 2744428 site-packages/torch/_dynamo/metrics_context.py:105] [0/0]                                            ^^^^^^^^^^^^^^^^^^^^^^^^^^^^^
[36m(WorkerDict pid=2744428)[0m [rank0]:E0616 16:02:58.111000 2744428 site-packages/torch/_dynamo/metrics_context.py:105] [0/0]   File "/usr/local/python3.11.14/lib/python3.11/site-packages/torch/utils/_triton.py", line 135, in cuda_extra_check
[36m(WorkerDict pid=2744428)[0m [rank0]:E0616 16:02:58.111000 2744428 site-packages/torch/_dynamo/metrics_context.py:105] [0/0]     return device_interface.Worker.get_device_properties().major >= 7
[36m(WorkerDict pid=2744428)[0m [rank0]:E0616 16:02:58.111000 2744428 site-packages/torch/_dynamo/metrics_context.py:105] [0/0]            ^^^^^^^^^^^^^^^^^^^^^^^^^^^^^^^^^^^^^^^^^^^^^^^^^^^^^^^^^^
[36m(WorkerDict pid=2744428)[0m [rank0]:E0616 16:02:58.111000 2744428 site-packages/torch/_dynamo/metrics_context.py:105] [0/0] TypeError: '>=' not supported between instances of 'NoneType' and 'int'
[36m(WorkerDict pid=2744435)[0m [rank3]:E0616 16:02:58.205000 2744435 site-packages/torch/_dynamo/metrics_context.py:105] [0/0] Unexpected exception logging compilation metrics
[36m(WorkerDict pid=2744435)[0m [rank3]:E0616 16:02:58.205000 2744435 site-packages/torch/_dynamo/metrics_context.py:105] [0/0] Traceback (most recent call last):
[36m(WorkerDict pid=2744435)[0m [rank3]:E0616 16:02:58.205000 2744435 site-packages/torch/_dynamo/metrics_context.py:105] [0/0]   File "/usr/local/python3.11.14/lib/python3.11/site-packages/torch/_dynamo/metrics_context.py", line 101, in __exit__
[36m(WorkerDict pid=2744435)[0m [rank3]:E0616 16:02:58.205000 2744435 site-packages/torch/_dynamo/metrics_context.py:105] [0/0]     self._on_exit(
[36m(WorkerDict pid=2744435)[0m [rank3]:E0616 16:02:58.205000 2744435 site-packages/torch/_dynamo/metrics_context.py:105] [0/0]   File "/usr/local/python3.11.14/lib/python3.11/site-packages/torch/_dynamo/utils.py", line 1632, in record_compilation_metrics
[36m(WorkerDict pid=2744435)[0m [rank3]:E0616 16:02:58.205000 2744435 site-packages/torch/_dynamo/metrics_context.py:105] [0/0]     "triton_version": triton.__version__ if has_triton() else "",
[36m(WorkerDict pid=2744435)[0m [rank3]:E0616 16:02:58.205000 2744435 site-packages/torch/_dynamo/metrics_context.py:105] [0/0]                                             ^^^^^^^^^^^^
[36m(WorkerDict pid=2744435)[0m [rank3]:E0616 16:02:58.205000 2744435 site-packages/torch/_dynamo/metrics_context.py:105] [0/0]   File "/usr/local/python3.11.14/lib/python3.11/site-packages/torch/utils/_triton.py", line 159, in has_triton
[36m(WorkerDict pid=2744435)[0m [rank3]:E0616 16:02:58.205000 2744435 site-packages/torch/_dynamo/metrics_context.py:105] [0/0]     return is_device_compatible_with_triton()
[36m(WorkerDict pid=2744435)[0m [rank3]:E0616 16:02:58.205000 2744435 site-packages/torch/_dynamo/metrics_context.py:105] [0/0]            ^^^^^^^^^^^^^^^^^^^^^^^^^^^^^^^^^^
[36m(WorkerDict pid=2744435)[0m [rank3]:E0616 16:02:58.205000 2744435 site-packages/torch/_dynamo/metrics_context.py:105] [0/0]   File "/usr/local/python3.11.14/lib/python3.11/site-packages/torch/utils/_triton.py", line 155, in is_device_compatible_with_triton
[36m(WorkerDict pid=2744435)[0m [rank3]:E0616 16:02:58.205000 2744435 site-packages/torch/_dynamo/metrics_context.py:105] [0/0]     if device_interface.is_available() and extra_check(device_interface):
[36m(WorkerDict pid=2744435)[0m [rank3]:E0616 16:02:58.205000 2744435 site-packages/torch/_dynamo/metrics_context.py:105] [0/0]                                            ^^^^^^^^^^^^^^^^^^^^^^^^^^^^^
[36m(WorkerDict pid=2744435)[0m [rank3]:E0616 16:02:58.205000 2744435 site-packages/torch/_dynamo/metrics_context.py:105] [0/0]   File "/usr/local/python3.11.14/lib/python3.11/site-packages/torch/utils/_triton.py", line 135, in cuda_extra_check
[36m(WorkerDict pid=2744435)[0m [rank3]:E0616 16:02:58.205000 2744435 site-packages/torch/_dynamo/metrics_context.py:105] [0/0]     return device_interface.Worker.get_device_properties().major >= 7
[36m(WorkerDict pid=2744435)[0m [rank3]:E0616 16:02:58.205000 2744435 site-packages/torch/_dynamo/metrics_context.py:105] [0/0]            ^^^^^^^^^^^^^^^^^^^^^^^^^^^^^^^^^^^^^^^^^^^^^^^^^^^^^^^^^^
[36m(WorkerDict pid=2744435)[0m [rank3]:E0616 16:02:58.205000 2744435 site-packages/torch/_dynamo/metrics_context.py:105] [0/0] TypeError: '>=' not supported between instances of 'NoneType' and 'int'
[36m(WorkerDict pid=2744442)[0m [rank9]:E0616 16:02:58.155000 2744442 site-packages/torch/_dynamo/metrics_context.py:105] [0/0] Unexpected exception logging compilation metrics
[36m(WorkerDict pid=2744442)[0m [rank9]:E0616 16:02:58.155000 2744442 site-packages/torch/_dynamo/metrics_context.py:105] [0/0] Traceback (most recent call last):
[36m(WorkerDict pid=2744442)[0m [rank9]:E0616 16:02:58.155000 2744442 site-packages/torch/_dynamo/metrics_context.py:105] [0/0]   File "/usr/local/python3.11.14/lib/python3.11/site-packages/torch/_dynamo/metrics_context.py", line 101, in __exit__
[36m(WorkerDict pid=2744442)[0m [rank9]:E0616 16:02:58.155000 2744442 site-packages/torch/_dynamo/metrics_context.py:105] [0/0]     self._on_exit(
[36m(WorkerDict pid=2744442)[0m [rank9]:E0616 16:02:58.155000 2744442 site-packages/torch/_dynamo/metrics_context.py:105] [0/0]   File "/usr/local/python3.11.14/lib/python3.11/site-packages/torch/_dynamo/utils.py", line 1632, in record_compilation_metrics
[36m(WorkerDict pid=2744442)[0m [rank9]:E0616 16:02:58.155000 2744442 site-packages/torch/_dynamo/metrics_context.py:105] [0/0]     "triton_version": triton.__version__ if has_triton() else "",
[36m(WorkerDict pid=2744442)[0m [rank9]:E0616 16:02:58.155000 2744442 site-packages/torch/_dynamo/metrics_context.py:105] [0/0]                                             ^^^^^^^^^^^^
[36m(WorkerDict pid=2744442)[0m [rank9]:E0616 16:02:58.155000 2744442 site-packages/torch/_dynamo/metrics_context.py:105] [0/0]   File "/usr/local/python3.11.14/lib/python3.11/site-packages/torch/utils/_triton.py", line 159, in has_triton
[36m(WorkerDict pid=2744442)[0m [rank9]:E0616 16:02:58.155000 2744442 site-packages/torch/_dynamo/metrics_context.py:105] [0/0]     return is_device_compatible_with_triton()
[36m(WorkerDict pid=2744442)[0m [rank9]:E0616 16:02:58.155000 2744442 site-packages/torch/_dynamo/metrics_context.py:105] [0/0]            ^^^^^^^^^^^^^^^^^^^^^^^^^^^^^^^^^^
[36m(WorkerDict pid=2744442)[0m [rank9]:E0616 16:02:58.155000 2744442 site-packages/torch/_dynamo/metrics_context.py:105] [0/0]   File "/usr/local/python3.11.14/lib/python3.11/site-packages/torch/utils/_triton.py", line 155, in is_device_compatible_with_triton
[36m(WorkerDict pid=2744442)[0m [rank9]:E0616 16:02:58.155000 2744442 site-packages/torch/_dynamo/metrics_context.py:105] [0/0]     if device_interface.is_available() and extra_check(device_interface):
[36m(WorkerDict pid=2744442)[0m [rank9]:E0616 16:02:58.155000 2744442 site-packages/torch/_dynamo/metrics_context.py:105] [0/0]                                            ^^^^^^^^^^^^^^^^^^^^^^^^^^^^^
[36m(WorkerDict pid=2744442)[0m [rank9]:E0616 16:02:58.155000 2744442 site-packages/torch/_dynamo/metrics_context.py:105] [0/0]   File "/usr/local/python3.11.14/lib/python3.11/site-packages/torch/utils/_triton.py", line 135, in cuda_extra_check
[36m(WorkerDict pid=2744442)[0m [rank9]:E0616 16:02:58.155000 2744442 site-packages/torch/_dynamo/metrics_context.py:105] [0/0]     return device_interface.Worker.get_device_properties().major >= 7
[36m(WorkerDict pid=2744442)[0m [rank9]:E0616 16:02:58.155000 2744442 site-packages/torch/_dynamo/metrics_context.py:105] [0/0]            ^^^^^^^^^^^^^^^^^^^^^^^^^^^^^^^^^^^^^^^^^^^^^^^^^^^^^^^^^^
[36m(WorkerDict pid=2744442)[0m [rank9]:E0616 16:02:58.155000 2744442 site-packages/torch/_dynamo/metrics_context.py:105] [0/0] TypeError: '>=' not supported between instances of 'NoneType' and 'int'
[36m(WorkerDict pid=2744448)[0m [rank12]:E0616 16:02:58.217000 2744448 site-packages/torch/_dynamo/metrics_context.py:105] [0/0] Unexpected exception logging compilation metrics
[36m(WorkerDict pid=2744448)[0m [rank12]:E0616 16:02:58.217000 2744448 site-packages/torch/_dynamo/metrics_context.py:105] [0/0] Traceback (most recent call last):
[36m(WorkerDict pid=2744448)[0m [rank12]:E0616 16:02:58.217000 2744448 site-packages/torch/_dynamo/metrics_context.py:105] [0/0]   File "/usr/local/python3.11.14/lib/python3.11/site-packages/torch/_dynamo/metrics_context.py", line 101, in __exit__
[36m(WorkerDict pid=2744448)[0m [rank12]:E0616 16:02:58.217000 2744448 site-packages/torch/_dynamo/metrics_context.py:105] [0/0]     self._on_exit(
[36m(WorkerDict pid=2744448)[0m [rank12]:E0616 16:02:58.217000 2744448 site-packages/torch/_dynamo/metrics_context.py:105] [0/0]   File "/usr/local/python3.11.14/lib/python3.11/site-packages/torch/_dynamo/utils.py", line 1632, in record_compilation_metrics
[36m(WorkerDict pid=2744448)[0m [rank12]:E0616 16:02:58.217000 2744448 site-packages/torch/_dynamo/metrics_context.py:105] [0/0]     "triton_version": triton.__version__ if has_triton() else "",
[36m(WorkerDict pid=2744448)[0m [rank12]:E0616 16:02:58.217000 2744448 site-packages/torch/_dynamo/metrics_context.py:105] [0/0]                                             ^^^^^^^^^^^^
[36m(WorkerDict pid=2744448)[0m [rank12]:E0616 16:02:58.217000 2744448 site-packages/torch/_dynamo/metrics_context.py:105] [0/0]   File "/usr/local/python3.11.14/lib/python3.11/site-packages/torch/utils/_triton.py", line 159, in has_triton
[36m(WorkerDict pid=2744448)[0m [rank12]:E0616 16:02:58.217000 2744448 site-packages/torch/_dynamo/metrics_context.py:105] [0/0]     return is_device_compatible_with_triton()
[36m(WorkerDict pid=2744448)[0m [rank12]:E0616 16:02:58.217000 2744448 site-packages/torch/_dynamo/metrics_context.py:105] [0/0]            ^^^^^^^^^^^^^^^^^^^^^^^^^^^^^^^^^^
[36m(WorkerDict pid=2744448)[0m [rank12]:E0616 16:02:58.217000 2744448 site-packages/torch/_dynamo/metrics_context.py:105] [0/0]   File "/usr/local/python3.11.14/lib/python3.11/site-packages/torch/utils/_triton.py", line 155, in is_device_compatible_with_triton
[36m(WorkerDict pid=2744448)[0m [rank12]:E0616 16:02:58.217000 2744448 site-packages/torch/_dynamo/metrics_context.py:105] [0/0]     if device_interface.is_available() and extra_check(device_interface):
[36m(WorkerDict pid=2744448)[0m [rank12]:E0616 16:02:58.217000 2744448 site-packages/torch/_dynamo/metrics_context.py:105] [0/0]                                            ^^^^^^^^^^^^^^^^^^^^^^^^^^^^^
[36m(WorkerDict pid=2744448)[0m [rank12]:E0616 16:02:58.217000 2744448 site-packages/torch/_dynamo/metrics_context.py:105] [0/0]   File "/usr/local/python3.11.14/lib/python3.11/site-packages/torch/utils/_triton.py", line 135, in cuda_extra_check
[36m(WorkerDict pid=2744448)[0m [rank12]:E0616 16:02:58.217000 2744448 site-packages/torch/_dynamo/metrics_context.py:105] [0/0]     return device_interface.Worker.get_device_properties().major >= 7
[36m(WorkerDict pid=2744448)[0m [rank12]:E0616 16:02:58.217000 2744448 site-packages/torch/_dynamo/metrics_context.py:105] [0/0]            ^^^^^^^^^^^^^^^^^^^^^^^^^^^^^^^^^^^^^^^^^^^^^^^^^^^^^^^^^^
[36m(WorkerDict pid=2744448)[0m [rank12]:E0616 16:02:58.217000 2744448 site-packages/torch/_dynamo/metrics_context.py:105] [0/0] TypeError: '>=' not supported between instances of 'NoneType' and 'int'
[36m(WorkerDict pid=2744429)[0m [rank1]:E0616 16:02:58.286000 2744429 site-packages/torch/_dynamo/metrics_context.py:105] [0/0] Unexpected exception logging compilation metrics
[36m(WorkerDict pid=2744429)[0m [rank1]:E0616 16:02:58.286000 2744429 site-packages/torch/_dynamo/metrics_context.py:105] [0/0] Traceback (most recent call last):
[36m(WorkerDict pid=2744429)[0m [rank1]:E0616 16:02:58.286000 2744429 site-packages/torch/_dynamo/metrics_context.py:105] [0/0]   File "/usr/local/python3.11.14/lib/python3.11/site-packages/torch/_dynamo/metrics_context.py", line 101, in __exit__
[36m(WorkerDict pid=2744429)[0m [rank1]:E0616 16:02:58.286000 2744429 site-packages/torch/_dynamo/metrics_context.py:105] [0/0]     self._on_exit(
[36m(WorkerDict pid=2744429)[0m [rank1]:E0616 16:02:58.286000 2744429 site-packages/torch/_dynamo/metrics_context.py:105] [0/0]   File "/usr/local/python3.11.14/lib/python3.11/site-packages/torch/_dynamo/utils.py", line 1632, in record_compilation_metrics
[36m(WorkerDict pid=2744429)[0m [rank1]:E0616 16:02:58.286000 2744429 site-packages/torch/_dynamo/metrics_context.py:105] [0/0]     "triton_version": triton.__version__ if has_triton() else "",
[36m(WorkerDict pid=2744429)[0m [rank1]:E0616 16:02:58.286000 2744429 site-packages/torch/_dynamo/metrics_context.py:105] [0/0]                                             ^^^^^^^^^^^^
[36m(WorkerDict pid=2744429)[0m [rank1]:E0616 16:02:58.286000 2744429 site-packages/torch/_dynamo/metrics_context.py:105] [0/0]   File "/usr/local/python3.11.14/lib/python3.11/site-packages/torch/utils/_triton.py", line 159, in has_triton
[36m(WorkerDict pid=2744429)[0m [rank1]:E0616 16:02:58.286000 2744429 site-packages/torch/_dynamo/metrics_context.py:105] [0/0]     return is_device_compatible_with_triton()
[36m(WorkerDict pid=2744429)[0m [rank1]:E0616 16:02:58.286000 2744429 site-packages/torch/_dynamo/metrics_context.py:105] [0/0]            ^^^^^^^^^^^^^^^^^^^^^^^^^^^^^^^^^^
[36m(WorkerDict pid=2744429)[0m [rank1]:E0616 16:02:58.286000 2744429 site-packages/torch/_dynamo/metrics_context.py:105] [0/0]   File "/usr/local/python3.11.14/lib/python3.11/site-packages/torch/utils/_triton.py", line 155, in is_device_compatible_with_triton
[36m(WorkerDict pid=2744429)[0m [rank1]:E0616 16:02:58.286000 2744429 site-packages/torch/_dynamo/metrics_context.py:105] [0/0]     if device_interface.is_available() and extra_check(device_interface):
[36m(WorkerDict pid=2744429)[0m [rank1]:E0616 16:02:58.286000 2744429 site-packages/torch/_dynamo/metrics_context.py:105] [0/0]                                            ^^^^^^^^^^^^^^^^^^^^^^^^^^^^^
[36m(WorkerDict pid=2744429)[0m [rank1]:E0616 16:02:58.286000 2744429 site-packages/torch/_dynamo/metrics_context.py:105] [0/0]   File "/usr/local/python3.11.14/lib/python3.11/site-packages/torch/utils/_triton.py", line 135, in cuda_extra_check
[36m(WorkerDict pid=2744429)[0m [rank1]:E0616 16:02:58.286000 2744429 site-packages/torch/_dynamo/metrics_context.py:105] [0/0]     return device_interface.Worker.get_device_properties().major >= 7
[36m(WorkerDict pid=2744429)[0m [rank1]:E0616 16:02:58.286000 2744429 site-packages/torch/_dynamo/metrics_context.py:105] [0/0]            ^^^^^^^^^^^^^^^^^^^^^^^^^^^^^^^^^^^^^^^^^^^^^^^^^^^^^^^^^^
[36m(WorkerDict pid=2744429)[0m [rank1]:E0616 16:02:58.286000 2744429 site-packages/torch/_dynamo/metrics_context.py:105] [0/0] TypeError: '>=' not supported between instances of 'NoneType' and 'int'
[36m(WorkerDict pid=2744430)[0m [rank2]:E0616 16:02:58.297000 2744430 site-packages/torch/_dynamo/metrics_context.py:105] [0/0] Unexpected exception logging compilation metrics
[36m(WorkerDict pid=2744430)[0m [rank2]:E0616 16:02:58.297000 2744430 site-packages/torch/_dynamo/metrics_context.py:105] [0/0] Traceback (most recent call last):
[36m(WorkerDict pid=2744430)[0m [rank2]:E0616 16:02:58.297000 2744430 site-packages/torch/_dynamo/metrics_context.py:105] [0/0]   File "/usr/local/python3.11.14/lib/python3.11/site-packages/torch/_dynamo/metrics_context.py", line 101, in __exit__
[36m(WorkerDict pid=2744430)[0m [rank2]:E0616 16:02:58.297000 2744430 site-packages/torch/_dynamo/metrics_context.py:105] [0/0]     self._on_exit(
[36m(WorkerDict pid=2744430)[0m [rank2]:E0616 16:02:58.297000 2744430 site-packages/torch/_dynamo/metrics_context.py:105] [0/0]   File "/usr/local/python3.11.14/lib/python3.11/site-packages/torch/_dynamo/utils.py", line 1632, in record_compilation_metrics
[36m(WorkerDict pid=2744430)[0m [rank2]:E0616 16:02:58.297000 2744430 site-packages/torch/_dynamo/metrics_context.py:105] [0/0]     "triton_version": triton.__version__ if has_triton() else "",
[36m(WorkerDict pid=2744430)[0m [rank2]:E0616 16:02:58.297000 2744430 site-packages/torch/_dynamo/metrics_context.py:105] [0/0]                                             ^^^^^^^^^^^^
[36m(WorkerDict pid=2744430)[0m [rank2]:E0616 16:02:58.297000 2744430 site-packages/torch/_dynamo/metrics_context.py:105] [0/0]   File "/usr/local/python3.11.14/lib/python3.11/site-packages/torch/utils/_triton.py", line 159, in has_triton
[36m(WorkerDict pid=2744430)[0m [rank2]:E0616 16:02:58.297000 2744430 site-packages/torch/_dynamo/metrics_context.py:105] [0/0]     return is_device_compatible_with_triton()
[36m(WorkerDict pid=2744430)[0m [rank2]:E0616 16:02:58.297000 2744430 site-packages/torch/_dynamo/metrics_context.py:105] [0/0]            ^^^^^^^^^^^^^^^^^^^^^^^^^^^^^^^^^^
[36m(WorkerDict pid=2744430)[0m [rank2]:E0616 16:02:58.297000 2744430 site-packages/torch/_dynamo/metrics_context.py:105] [0/0]   File "/usr/local/python3.11.14/lib/python3.11/site-packages/torch/utils/_triton.py", line 155, in is_device_compatible_with_triton
[36m(WorkerDict pid=2744430)[0m [rank2]:E0616 16:02:58.297000 2744430 site-packages/torch/_dynamo/metrics_context.py:105] [0/0]     if device_interface.is_available() and extra_check(device_interface):
[36m(WorkerDict pid=2744430)[0m [rank2]:E0616 16:02:58.297000 2744430 site-packages/torch/_dynamo/metrics_context.py:105] [0/0]                                            ^^^^^^^^^^^^^^^^^^^^^^^^^^^^^
[36m(WorkerDict pid=2744430)[0m [rank2]:E0616 16:02:58.297000 2744430 site-packages/torch/_dynamo/metrics_context.py:105] [0/0]   File "/usr/local/python3.11.14/lib/python3.11/site-packages/torch/utils/_triton.py", line 135, in cuda_extra_check
[36m(WorkerDict pid=2744430)[0m [rank2]:E0616 16:02:58.297000 2744430 site-packages/torch/_dynamo/metrics_context.py:105] [0/0]     return device_interface.Worker.get_device_properties().major >= 7
[36m(WorkerDict pid=2744430)[0m [rank2]:E0616 16:02:58.297000 2744430 site-packages/torch/_dynamo/metrics_context.py:105] [0/0]            ^^^^^^^^^^^^^^^^^^^^^^^^^^^^^^^^^^^^^^^^^^^^^^^^^^^^^^^^^^
[36m(WorkerDict pid=2744430)[0m [rank2]:E0616 16:02:58.297000 2744430 site-packages/torch/_dynamo/metrics_context.py:105] [0/0] TypeError: '>=' not supported between instances of 'NoneType' and 'int'
[36m(WorkerDict pid=2744438)[0m [rank5]:E0616 16:02:58.288000 2744438 site-packages/torch/_dynamo/metrics_context.py:105] [0/0] Unexpected exception logging compilation metrics
[36m(WorkerDict pid=2744438)[0m [rank5]:E0616 16:02:58.288000 2744438 site-packages/torch/_dynamo/metrics_context.py:105] [0/0] Traceback (most recent call last):
[36m(WorkerDict pid=2744438)[0m [rank5]:E0616 16:02:58.288000 2744438 site-packages/torch/_dynamo/metrics_context.py:105] [0/0]   File "/usr/local/python3.11.14/lib/python3.11/site-packages/torch/_dynamo/metrics_context.py", line 101, in __exit__
[36m(WorkerDict pid=2744438)[0m [rank5]:E0616 16:02:58.288000 2744438 site-packages/torch/_dynamo/metrics_context.py:105] [0/0]     self._on_exit(
[36m(WorkerDict pid=2744438)[0m [rank5]:E0616 16:02:58.288000 2744438 site-packages/torch/_dynamo/metrics_context.py:105] [0/0]   File "/usr/local/python3.11.14/lib/python3.11/site-packages/torch/_dynamo/utils.py", line 1632, in record_compilation_metrics
[36m(WorkerDict pid=2744438)[0m [rank5]:E0616 16:02:58.288000 2744438 site-packages/torch/_dynamo/metrics_context.py:105] [0/0]     "triton_version": triton.__version__ if has_triton() else "",
[36m(WorkerDict pid=2744438)[0m [rank5]:E0616 16:02:58.288000 2744438 site-packages/torch/_dynamo/metrics_context.py:105] [0/0]                                             ^^^^^^^^^^^^
[36m(WorkerDict pid=2744438)[0m [rank5]:E0616 16:02:58.288000 2744438 site-packages/torch/_dynamo/metrics_context.py:105] [0/0]   File "/usr/local/python3.11.14/lib/python3.11/site-packages/torch/utils/_triton.py", line 159, in has_triton
[36m(WorkerDict pid=2744438)[0m [rank5]:E0616 16:02:58.288000 2744438 site-packages/torch/_dynamo/metrics_context.py:105] [0/0]     return is_device_compatible_with_triton()
[36m(WorkerDict pid=2744438)[0m [rank5]:E0616 16:02:58.288000 2744438 site-packages/torch/_dynamo/metrics_context.py:105] [0/0]            ^^^^^^^^^^^^^^^^^^^^^^^^^^^^^^^^^^
[36m(WorkerDict pid=2744438)[0m [rank5]:E0616 16:02:58.288000 2744438 site-packages/torch/_dynamo/metrics_context.py:105] [0/0]   File "/usr/local/python3.11.14/lib/python3.11/site-packages/torch/utils/_triton.py", line 155, in is_device_compatible_with_triton
[36m(WorkerDict pid=2744438)[0m [rank5]:E0616 16:02:58.288000 2744438 site-packages/torch/_dynamo/metrics_context.py:105] [0/0]     if device_interface.is_available() and extra_check(device_interface):
[36m(WorkerDict pid=2744438)[0m [rank5]:E0616 16:02:58.288000 2744438 site-packages/torch/_dynamo/metrics_context.py:105] [0/0]                                            ^^^^^^^^^^^^^^^^^^^^^^^^^^^^^
[36m(WorkerDict pid=2744438)[0m [rank5]:E0616 16:02:58.288000 2744438 site-packages/torch/_dynamo/metrics_context.py:105] [0/0]   File "/usr/local/python3.11.14/lib/python3.11/site-packages/torch/utils/_triton.py", line 135, in cuda_extra_check
[36m(WorkerDict pid=2744438)[0m [rank5]:E0616 16:02:58.288000 2744438 site-packages/torch/_dynamo/metrics_context.py:105] [0/0]     return device_interface.Worker.get_device_properties().major >= 7
[36m(WorkerDict pid=2744438)[0m [rank5]:E0616 16:02:58.288000 2744438 site-packages/torch/_dynamo/metrics_context.py:105] [0/0]            ^^^^^^^^^^^^^^^^^^^^^^^^^^^^^^^^^^^^^^^^^^^^^^^^^^^^^^^^^^
[36m(WorkerDict pid=2744438)[0m [rank5]:E0616 16:02:58.288000 2744438 site-packages/torch/_dynamo/metrics_context.py:105] [0/0] TypeError: '>=' not supported between instances of 'NoneType' and 'int'
[36m(WorkerDict pid=2744437)[0m [rank4]:E0616 16:02:58.312000 2744437 site-packages/torch/_dynamo/metrics_context.py:105] [0/0] Unexpected exception logging compilation metrics
[36m(WorkerDict pid=2744437)[0m [rank4]:E0616 16:02:58.312000 2744437 site-packages/torch/_dynamo/metrics_context.py:105] [0/0] Traceback (most recent call last):
[36m(WorkerDict pid=2744437)[0m [rank4]:E0616 16:02:58.312000 2744437 site-packages/torch/_dynamo/metrics_context.py:105] [0/0]   File "/usr/local/python3.11.14/lib/python3.11/site-packages/torch/_dynamo/metrics_context.py", line 101, in __exit__
[36m(WorkerDict pid=2744437)[0m [rank4]:E0616 16:02:58.312000 2744437 site-packages/torch/_dynamo/metrics_context.py:105] [0/0]     self._on_exit(
[36m(WorkerDict pid=2744437)[0m [rank4]:E0616 16:02:58.312000 2744437 site-packages/torch/_dynamo/metrics_context.py:105] [0/0]   File "/usr/local/python3.11.14/lib/python3.11/site-packages/torch/_dynamo/utils.py", line 1632, in record_compilation_metrics
[36m(WorkerDict pid=2744437)[0m [rank4]:E0616 16:02:58.312000 2744437 site-packages/torch/_dynamo/metrics_context.py:105] [0/0]     "triton_version": triton.__version__ if has_triton() else "",
[36m(WorkerDict pid=2744437)[0m [rank4]:E0616 16:02:58.312000 2744437 site-packages/torch/_dynamo/metrics_context.py:105] [0/0]                                             ^^^^^^^^^^^^
[36m(WorkerDict pid=2744437)[0m [rank4]:E0616 16:02:58.312000 2744437 site-packages/torch/_dynamo/metrics_context.py:105] [0/0]   File "/usr/local/python3.11.14/lib/python3.11/site-packages/torch/utils/_triton.py", line 159, in has_triton
[36m(WorkerDict pid=2744437)[0m [rank4]:E0616 16:02:58.312000 2744437 site-packages/torch/_dynamo/metrics_context.py:105] [0/0]     return is_device_compatible_with_triton()
[36m(WorkerDict pid=2744437)[0m [rank4]:E0616 16:02:58.312000 2744437 site-packages/torch/_dynamo/metrics_context.py:105] [0/0]            ^^^^^^^^^^^^^^^^^^^^^^^^^^^^^^^^^^
[36m(WorkerDict pid=2744437)[0m [rank4]:E0616 16:02:58.312000 2744437 site-packages/torch/_dynamo/metrics_context.py:105] [0/0]   File "/usr/local/python3.11.14/lib/python3.11/site-packages/torch/utils/_triton.py", line 155, in is_device_compatible_with_triton
[36m(WorkerDict pid=2744437)[0m [rank4]:E0616 16:02:58.312000 2744437 site-packages/torch/_dynamo/metrics_context.py:105] [0/0]     if device_interface.is_available() and extra_check(device_interface):
[36m(WorkerDict pid=2744437)[0m [rank4]:E0616 16:02:58.312000 2744437 site-packages/torch/_dynamo/metrics_context.py:105] [0/0]                                            ^^^^^^^^^^^^^^^^^^^^^^^^^^^^^
[36m(WorkerDict pid=2744437)[0m [rank4]:E0616 16:02:58.312000 2744437 site-packages/torch/_dynamo/metrics_context.py:105] [0/0]   File "/usr/local/python3.11.14/lib/python3.11/site-packages/torch/utils/_triton.py", line 135, in cuda_extra_check
[36m(WorkerDict pid=2744437)[0m [rank4]:E0616 16:02:58.312000 2744437 site-packages/torch/_dynamo/metrics_context.py:105] [0/0]     return device_interface.Worker.get_device_properties().major >= 7
[36m(WorkerDict pid=2744437)[0m [rank4]:E0616 16:02:58.312000 2744437 site-packages/torch/_dynamo/metrics_context.py:105] [0/0]            ^^^^^^^^^^^^^^^^^^^^^^^^^^^^^^^^^^^^^^^^^^^^^^^^^^^^^^^^^^
[36m(WorkerDict pid=2744437)[0m [rank4]:E0616 16:02:58.312000 2744437 site-packages/torch/_dynamo/metrics_context.py:105] [0/0] TypeError: '>=' not supported between instances of 'NoneType' and 'int'
[36m(WorkerDict pid=2744439)[0m [rank6]:E0616 16:02:58.231000 2744439 site-packages/torch/_dynamo/metrics_context.py:105] [0/0] Unexpected exception logging compilation metrics
[36m(WorkerDict pid=2744439)[0m [rank6]:E0616 16:02:58.231000 2744439 site-packages/torch/_dynamo/metrics_context.py:105] [0/0] Traceback (most recent call last):
[36m(WorkerDict pid=2744439)[0m [rank6]:E0616 16:02:58.231000 2744439 site-packages/torch/_dynamo/metrics_context.py:105] [0/0]   File "/usr/local/python3.11.14/lib/python3.11/site-packages/torch/_dynamo/metrics_context.py", line 101, in __exit__
[36m(WorkerDict pid=2744439)[0m [rank6]:E0616 16:02:58.231000 2744439 site-packages/torch/_dynamo/metrics_context.py:105] [0/0]     self._on_exit(
[36m(WorkerDict pid=2744439)[0m [rank6]:E0616 16:02:58.231000 2744439 site-packages/torch/_dynamo/metrics_context.py:105] [0/0]   File "/usr/local/python3.11.14/lib/python3.11/site-packages/torch/_dynamo/utils.py", line 1632, in record_compilation_metrics
[36m(WorkerDict pid=2744439)[0m [rank6]:E0616 16:02:58.231000 2744439 site-packages/torch/_dynamo/metrics_context.py:105] [0/0]     "triton_version": triton.__version__ if has_triton() else "",
[36m(WorkerDict pid=2744439)[0m [rank6]:E0616 16:02:58.231000 2744439 site-packages/torch/_dynamo/metrics_context.py:105] [0/0]                                             ^^^^^^^^^^^^
[36m(WorkerDict pid=2744439)[0m [rank6]:E0616 16:02:58.231000 2744439 site-packages/torch/_dynamo/metrics_context.py:105] [0/0]   File "/usr/local/python3.11.14/lib/python3.11/site-packages/torch/utils/_triton.py", line 159, in has_triton
[36m(WorkerDict pid=2744439)[0m [rank6]:E0616 16:02:58.231000 2744439 site-packages/torch/_dynamo/metrics_context.py:105] [0/0]     return is_device_compatible_with_triton()
[36m(WorkerDict pid=2744439)[0m [rank6]:E0616 16:02:58.231000 2744439 site-packages/torch/_dynamo/metrics_context.py:105] [0/0]            ^^^^^^^^^^^^^^^^^^^^^^^^^^^^^^^^^^
[36m(WorkerDict pid=2744439)[0m [rank6]:E0616 16:02:58.231000 2744439 site-packages/torch/_dynamo/metrics_context.py:105] [0/0]   File "/usr/local/python3.11.14/lib/python3.11/site-packages/torch/utils/_triton.py", line 155, in is_device_compatible_with_triton
[36m(WorkerDict pid=2744439)[0m [rank6]:E0616 16:02:58.231000 2744439 site-packages/torch/_dynamo/metrics_context.py:105] [0/0]     if device_interface.is_available() and extra_check(device_interface):
[36m(WorkerDict pid=2744439)[0m [rank6]:E0616 16:02:58.231000 2744439 site-packages/torch/_dynamo/metrics_context.py:105] [0/0]                                            ^^^^^^^^^^^^^^^^^^^^^^^^^^^^^
[36m(WorkerDict pid=2744439)[0m [rank6]:E0616 16:02:58.231000 2744439 site-packages/torch/_dynamo/metrics_context.py:105] [0/0]   File "/usr/local/python3.11.14/lib/python3.11/site-packages/torch/utils/_triton.py", line 135, in cuda_extra_check
[36m(WorkerDict pid=2744439)[0m [rank6]:E0616 16:02:58.231000 2744439 site-packages/torch/_dynamo/metrics_context.py:105] [0/0]     return device_interface.Worker.get_device_properties().major >= 7
[36m(WorkerDict pid=2744439)[0m [rank6]:E0616 16:02:58.231000 2744439 site-packages/torch/_dynamo/metrics_context.py:105] [0/0]            ^^^^^^^^^^^^^^^^^^^^^^^^^^^^^^^^^^^^^^^^^^^^^^^^^^^^^^^^^^
[36m(WorkerDict pid=2744439)[0m [rank6]:E0616 16:02:58.231000 2744439 site-packages/torch/_dynamo/metrics_context.py:105] [0/0] TypeError: '>=' not supported between instances of 'NoneType' and 'int'
[36m(WorkerDict pid=2744441)[0m [rank8]:E0616 16:02:58.293000 2744441 site-packages/torch/_dynamo/metrics_context.py:105] [0/0] Unexpected exception logging compilation metrics
[36m(WorkerDict pid=2744441)[0m [rank8]:E0616 16:02:58.293000 2744441 site-packages/torch/_dynamo/metrics_context.py:105] [0/0] Traceback (most recent call last):
[36m(WorkerDict pid=2744441)[0m [rank8]:E0616 16:02:58.293000 2744441 site-packages/torch/_dynamo/metrics_context.py:105] [0/0]   File "/usr/local/python3.11.14/lib/python3.11/site-packages/torch/_dynamo/metrics_context.py", line 101, in __exit__
[36m(WorkerDict pid=2744441)[0m [rank8]:E0616 16:02:58.293000 2744441 site-packages/torch/_dynamo/metrics_context.py:105] [0/0]     self._on_exit(
[36m(WorkerDict pid=2744441)[0m [rank8]:E0616 16:02:58.293000 2744441 site-packages/torch/_dynamo/metrics_context.py:105] [0/0]   File "/usr/local/python3.11.14/lib/python3.11/site-packages/torch/_dynamo/utils.py", line 1632, in record_compilation_metrics
[36m(WorkerDict pid=2744441)[0m [rank8]:E0616 16:02:58.293000 2744441 site-packages/torch/_dynamo/metrics_context.py:105] [0/0]     "triton_version": triton.__version__ if has_triton() else "",
[36m(WorkerDict pid=2744441)[0m [rank8]:E0616 16:02:58.293000 2744441 site-packages/torch/_dynamo/metrics_context.py:105] [0/0]                                             ^^^^^^^^^^^^
[36m(WorkerDict pid=2744441)[0m [rank8]:E0616 16:02:58.293000 2744441 site-packages/torch/_dynamo/metrics_context.py:105] [0/0]   File "/usr/local/python3.11.14/lib/python3.11/site-packages/torch/utils/_triton.py", line 159, in has_triton
[36m(WorkerDict pid=2744441)[0m [rank8]:E0616 16:02:58.293000 2744441 site-packages/torch/_dynamo/metrics_context.py:105] [0/0]     return is_device_compatible_with_triton()
[36m(WorkerDict pid=2744441)[0m [rank8]:E0616 16:02:58.293000 2744441 site-packages/torch/_dynamo/metrics_context.py:105] [0/0]            ^^^^^^^^^^^^^^^^^^^^^^^^^^^^^^^^^^
[36m(WorkerDict pid=2744441)[0m [rank8]:E0616 16:02:58.293000 2744441 site-packages/torch/_dynamo/metrics_context.py:105] [0/0]   File "/usr/local/python3.11.14/lib/python3.11/site-packages/torch/utils/_triton.py", line 155, in is_device_compatible_with_triton
[36m(WorkerDict pid=2744441)[0m [rank8]:E0616 16:02:58.293000 2744441 site-packages/torch/_dynamo/metrics_context.py:105] [0/0]     if device_interface.is_available() and extra_check(device_interface):
[36m(WorkerDict pid=2744441)[0m [rank8]:E0616 16:02:58.293000 2744441 site-packages/torch/_dynamo/metrics_context.py:105] [0/0]                                            ^^^^^^^^^^^^^^^^^^^^^^^^^^^^^
[36m(WorkerDict pid=2744441)[0m [rank8]:E0616 16:02:58.293000 2744441 site-packages/torch/_dynamo/metrics_context.py:105] [0/0]   File "/usr/local/python3.11.14/lib/python3.11/site-packages/torch/utils/_triton.py", line 135, in cuda_extra_check
[36m(WorkerDict pid=2744441)[0m [rank8]:E0616 16:02:58.293000 2744441 site-packages/torch/_dynamo/metrics_context.py:105] [0/0]     return device_interface.Worker.get_device_properties().major >= 7
[36m(WorkerDict pid=2744441)[0m [rank8]:E0616 16:02:58.293000 2744441 site-packages/torch/_dynamo/metrics_context.py:105] [0/0]            ^^^^^^^^^^^^^^^^^^^^^^^^^^^^^^^^^^^^^^^^^^^^^^^^^^^^^^^^^^
[36m(WorkerDict pid=2744441)[0m [rank8]:E0616 16:02:58.293000 2744441 site-packages/torch/_dynamo/metrics_context.py:105] [0/0] TypeError: '>=' not supported between instances of 'NoneType' and 'int'
[36m(WorkerDict pid=2744445)[0m [rank15]:E0616 16:02:58.266000 2744445 site-packages/torch/_dynamo/metrics_context.py:105] [0/0] Unexpected exception logging compilation metrics
[36m(WorkerDict pid=2744445)[0m [rank15]:E0616 16:02:58.266000 2744445 site-packages/torch/_dynamo/metrics_context.py:105] [0/0] Traceback (most recent call last):
[36m(WorkerDict pid=2744445)[0m [rank15]:E0616 16:02:58.266000 2744445 site-packages/torch/_dynamo/metrics_context.py:105] [0/0]   File "/usr/local/python3.11.14/lib/python3.11/site-packages/torch/_dynamo/metrics_context.py", line 101, in __exit__
[36m(WorkerDict pid=2744445)[0m [rank15]:E0616 16:02:58.266000 2744445 site-packages/torch/_dynamo/metrics_context.py:105] [0/0]     self._on_exit(
[36m(WorkerDict pid=2744445)[0m [rank15]:E0616 16:02:58.266000 2744445 site-packages/torch/_dynamo/metrics_context.py:105] [0/0]   File "/usr/local/python3.11.14/lib/python3.11/site-packages/torch/_dynamo/utils.py", line 1632, in record_compilation_metrics
[36m(WorkerDict pid=2744445)[0m [rank15]:E0616 16:02:58.266000 2744445 site-packages/torch/_dynamo/metrics_context.py:105] [0/0]     "triton_version": triton.__version__ if has_triton() else "",
[36m(WorkerDict pid=2744445)[0m [rank15]:E0616 16:02:58.266000 2744445 site-packages/torch/_dynamo/metrics_context.py:105] [0/0]                                             ^^^^^^^^^^^^
[36m(WorkerDict pid=2744445)[0m [rank15]:E0616 16:02:58.266000 2744445 site-packages/torch/_dynamo/metrics_context.py:105] [0/0]   File "/usr/local/python3.11.14/lib/python3.11/site-packages/torch/utils/_triton.py", line 159, in has_triton
[36m(WorkerDict pid=2744445)[0m [rank15]:E0616 16:02:58.266000 2744445 site-packages/torch/_dynamo/metrics_context.py:105] [0/0]     return is_device_compatible_with_triton()
[36m(WorkerDict pid=2744445)[0m [rank15]:E0616 16:02:58.266000 2744445 site-packages/torch/_dynamo/metrics_context.py:105] [0/0]            ^^^^^^^^^^^^^^^^^^^^^^^^^^^^^^^^^^
[36m(WorkerDict pid=2744445)[0m [rank15]:E0616 16:02:58.266000 2744445 site-packages/torch/_dynamo/metrics_context.py:105] [0/0]   File "/usr/local/python3.11.14/lib/python3.11/site-packages/torch/utils/_triton.py", line 155, in is_device_compatible_with_triton
[36m(WorkerDict pid=2744445)[0m [rank15]:E0616 16:02:58.266000 2744445 site-packages/torch/_dynamo/metrics_context.py:105] [0/0]     if device_interface.is_available() and extra_check(device_interface):
[36m(WorkerDict pid=2744445)[0m [rank15]:E0616 16:02:58.266000 2744445 site-packages/torch/_dynamo/metrics_context.py:105] [0/0]                                            ^^^^^^^^^^^^^^^^^^^^^^^^^^^^^
[36m(WorkerDict pid=2744445)[0m [rank15]:E0616 16:02:58.266000 2744445 site-packages/torch/_dynamo/metrics_context.py:105] [0/0]   File "/usr/local/python3.11.14/lib/python3.11/site-packages/torch/utils/_triton.py", line 135, in cuda_extra_check
[36m(WorkerDict pid=2744445)[0m [rank15]:E0616 16:02:58.266000 2744445 site-packages/torch/_dynamo/metrics_context.py:105] [0/0]     return device_interface.Worker.get_device_properties().major >= 7
[36m(WorkerDict pid=2744445)[0m [rank15]:E0616 16:02:58.266000 2744445 site-packages/torch/_dynamo/metrics_context.py:105] [0/0]            ^^^^^^^^^^^^^^^^^^^^^^^^^^^^^^^^^^^^^^^^^^^^^^^^^^^^^^^^^^
[36m(WorkerDict pid=2744445)[0m [rank15]:E0616 16:02:58.266000 2744445 site-packages/torch/_dynamo/metrics_context.py:105] [0/0] TypeError: '>=' not supported between instances of 'NoneType' and 'int'
[36m(WorkerDict pid=2744440)[0m [rank7]:E0616 16:02:58.296000 2744440 site-packages/torch/_dynamo/metrics_context.py:105] [0/0] Unexpected exception logging compilation metrics
[36m(WorkerDict pid=2744440)[0m [rank7]:E0616 16:02:58.296000 2744440 site-packages/torch/_dynamo/metrics_context.py:105] [0/0] Traceback (most recent call last):
[36m(WorkerDict pid=2744440)[0m [rank7]:E0616 16:02:58.296000 2744440 site-packages/torch/_dynamo/metrics_context.py:105] [0/0]   File "/usr/local/python3.11.14/lib/python3.11/site-packages/torch/_dynamo/metrics_context.py", line 101, in __exit__
[36m(WorkerDict pid=2744440)[0m [rank7]:E0616 16:02:58.296000 2744440 site-packages/torch/_dynamo/metrics_context.py:105] [0/0]     self._on_exit(
[36m(WorkerDict pid=2744440)[0m [rank7]:E0616 16:02:58.296000 2744440 site-packages/torch/_dynamo/metrics_context.py:105] [0/0]   File "/usr/local/python3.11.14/lib/python3.11/site-packages/torch/_dynamo/utils.py", line 1632, in record_compilation_metrics
[36m(WorkerDict pid=2744440)[0m [rank7]:E0616 16:02:58.296000 2744440 site-packages/torch/_dynamo/metrics_context.py:105] [0/0]     "triton_version": triton.__version__ if has_triton() else "",
[36m(WorkerDict pid=2744440)[0m [rank7]:E0616 16:02:58.296000 2744440 site-packages/torch/_dynamo/metrics_context.py:105] [0/0]                                             ^^^^^^^^^^^^
[36m(WorkerDict pid=2744440)[0m [rank7]:E0616 16:02:58.296000 2744440 site-packages/torch/_dynamo/metrics_context.py:105] [0/0]   File "/usr/local/python3.11.14/lib/python3.11/site-packages/torch/utils/_triton.py", line 159, in has_triton
[36m(WorkerDict pid=2744440)[0m [rank7]:E0616 16:02:58.296000 2744440 site-packages/torch/_dynamo/metrics_context.py:105] [0/0]     return is_device_compatible_with_triton()
[36m(WorkerDict pid=2744440)[0m [rank7]:E0616 16:02:58.296000 2744440 site-packages/torch/_dynamo/metrics_context.py:105] [0/0]            ^^^^^^^^^^^^^^^^^^^^^^^^^^^^^^^^^^
[36m(WorkerDict pid=2744440)[0m [rank7]:E0616 16:02:58.296000 2744440 site-packages/torch/_dynamo/metrics_context.py:105] [0/0]   File "/usr/local/python3.11.14/lib/python3.11/site-packages/torch/utils/_triton.py", line 155, in is_device_compatible_with_triton
[36m(WorkerDict pid=2744440)[0m [rank7]:E0616 16:02:58.296000 2744440 site-packages/torch/_dynamo/metrics_context.py:105] [0/0]     if device_interface.is_available() and extra_check(device_interface):
[36m(WorkerDict pid=2744440)[0m [rank7]:E0616 16:02:58.296000 2744440 site-packages/torch/_dynamo/metrics_context.py:105] [0/0]                                            ^^^^^^^^^^^^^^^^^^^^^^^^^^^^^
[36m(WorkerDict pid=2744440)[0m [rank7]:E0616 16:02:58.296000 2744440 site-packages/torch/_dynamo/metrics_context.py:105] [0/0]   File "/usr/local/python3.11.14/lib/python3.11/site-packages/torch/utils/_triton.py", line 135, in cuda_extra_check
[36m(WorkerDict pid=2744440)[0m [rank7]:E0616 16:02:58.296000 2744440 site-packages/torch/_dynamo/metrics_context.py:105] [0/0]     return device_interface.Worker.get_device_properties().major >= 7
[36m(WorkerDict pid=2744440)[0m [rank7]:E0616 16:02:58.296000 2744440 site-packages/torch/_dynamo/metrics_context.py:105] [0/0]            ^^^^^^^^^^^^^^^^^^^^^^^^^^^^^^^^^^^^^^^^^^^^^^^^^^^^^^^^^^
[36m(WorkerDict pid=2744440)[0m [rank7]:E0616 16:02:58.296000 2744440 site-packages/torch/_dynamo/metrics_context.py:105] [0/0] TypeError: '>=' not supported between instances of 'NoneType' and 'int'
[36m(WorkerDict pid=2744443)[0m [rank10]:E0616 16:02:58.269000 2744443 site-packages/torch/_dynamo/metrics_context.py:105] [0/0] Unexpected exception logging compilation metrics
[36m(WorkerDict pid=2744443)[0m [rank10]:E0616 16:02:58.269000 2744443 site-packages/torch/_dynamo/metrics_context.py:105] [0/0] Traceback (most recent call last):
[36m(WorkerDict pid=2744443)[0m [rank10]:E0616 16:02:58.269000 2744443 site-packages/torch/_dynamo/metrics_context.py:105] [0/0]   File "/usr/local/python3.11.14/lib/python3.11/site-packages/torch/_dynamo/metrics_context.py", line 101, in __exit__
[36m(WorkerDict pid=2744443)[0m [rank10]:E0616 16:02:58.269000 2744443 site-packages/torch/_dynamo/metrics_context.py:105] [0/0]     self._on_exit(
[36m(WorkerDict pid=2744443)[0m [rank10]:E0616 16:02:58.269000 2744443 site-packages/torch/_dynamo/metrics_context.py:105] [0/0]   File "/usr/local/python3.11.14/lib/python3.11/site-packages/torch/_dynamo/utils.py", line 1632, in record_compilation_metrics
[36m(WorkerDict pid=2744443)[0m [rank10]:E0616 16:02:58.269000 2744443 site-packages/torch/_dynamo/metrics_context.py:105] [0/0]     "triton_version": triton.__version__ if has_triton() else "",
[36m(WorkerDict pid=2744443)[0m [rank10]:E0616 16:02:58.269000 2744443 site-packages/torch/_dynamo/metrics_context.py:105] [0/0]                                             ^^^^^^^^^^^^
[36m(WorkerDict pid=2744443)[0m [rank10]:E0616 16:02:58.269000 2744443 site-packages/torch/_dynamo/metrics_context.py:105] [0/0]   File "/usr/local/python3.11.14/lib/python3.11/site-packages/torch/utils/_triton.py", line 159, in has_triton
[36m(WorkerDict pid=2744443)[0m [rank10]:E0616 16:02:58.269000 2744443 site-packages/torch/_dynamo/metrics_context.py:105] [0/0]     return is_device_compatible_with_triton()
[36m(WorkerDict pid=2744443)[0m [rank10]:E0616 16:02:58.269000 2744443 site-packages/torch/_dynamo/metrics_context.py:105] [0/0]            ^^^^^^^^^^^^^^^^^^^^^^^^^^^^^^^^^^
[36m(WorkerDict pid=2744443)[0m [rank10]:E0616 16:02:58.269000 2744443 site-packages/torch/_dynamo/metrics_context.py:105] [0/0]   File "/usr/local/python3.11.14/lib/python3.11/site-packages/torch/utils/_triton.py", line 155, in is_device_compatible_with_triton
[36m(WorkerDict pid=2744443)[0m [rank10]:E0616 16:02:58.269000 2744443 site-packages/torch/_dynamo/metrics_context.py:105] [0/0]     if device_interface.is_available() and extra_check(device_interface):
[36m(WorkerDict pid=2744443)[0m [rank10]:E0616 16:02:58.269000 2744443 site-packages/torch/_dynamo/metrics_context.py:105] [0/0]                                            ^^^^^^^^^^^^^^^^^^^^^^^^^^^^^
[36m(WorkerDict pid=2744443)[0m [rank10]:E0616 16:02:58.269000 2744443 site-packages/torch/_dynamo/metrics_context.py:105] [0/0]   File "/usr/local/python3.11.14/lib/python3.11/site-packages/torch/utils/_triton.py", line 135, in cuda_extra_check
[36m(WorkerDict pid=2744443)[0m [rank10]:E0616 16:02:58.269000 2744443 site-packages/torch/_dynamo/metrics_context.py:105] [0/0]     return device_interface.Worker.get_device_properties().major >= 7
[36m(WorkerDict pid=2744443)[0m [rank10]:E0616 16:02:58.269000 2744443 site-packages/torch/_dynamo/metrics_context.py:105] [0/0]            ^^^^^^^^^^^^^^^^^^^^^^^^^^^^^^^^^^^^^^^^^^^^^^^^^^^^^^^^^^
[36m(WorkerDict pid=2744443)[0m [rank10]:E0616 16:02:58.269000 2744443 site-packages/torch/_dynamo/metrics_context.py:105] [0/0] TypeError: '>=' not supported between instances of 'NoneType' and 'int'
[36m(WorkerDict pid=2744447)[0m [rank13]:E0616 16:02:58.308000 2744447 site-packages/torch/_dynamo/metrics_context.py:105] [0/0] Unexpected exception logging compilation metrics
[36m(WorkerDict pid=2744447)[0m [rank13]:E0616 16:02:58.308000 2744447 site-packages/torch/_dynamo/metrics_context.py:105] [0/0] Traceback (most recent call last):
[36m(WorkerDict pid=2744447)[0m [rank13]:E0616 16:02:58.308000 2744447 site-packages/torch/_dynamo/metrics_context.py:105] [0/0]   File "/usr/local/python3.11.14/lib/python3.11/site-packages/torch/_dynamo/metrics_context.py", line 101, in __exit__
[36m(WorkerDict pid=2744447)[0m [rank13]:E0616 16:02:58.308000 2744447 site-packages/torch/_dynamo/metrics_context.py:105] [0/0]     self._on_exit(
[36m(WorkerDict pid=2744447)[0m [rank13]:E0616 16:02:58.308000 2744447 site-packages/torch/_dynamo/metrics_context.py:105] [0/0]   File "/usr/local/python3.11.14/lib/python3.11/site-packages/torch/_dynamo/utils.py", line 1632, in record_compilation_metrics
[36m(WorkerDict pid=2744447)[0m [rank13]:E0616 16:02:58.308000 2744447 site-packages/torch/_dynamo/metrics_context.py:105] [0/0]     "triton_version": triton.__version__ if has_triton() else "",
[36m(WorkerDict pid=2744447)[0m [rank13]:E0616 16:02:58.308000 2744447 site-packages/torch/_dynamo/metrics_context.py:105] [0/0]                                             ^^^^^^^^^^^^
[36m(WorkerDict pid=2744447)[0m [rank13]:E0616 16:02:58.308000 2744447 site-packages/torch/_dynamo/metrics_context.py:105] [0/0]   File "/usr/local/python3.11.14/lib/python3.11/site-packages/torch/utils/_triton.py", line 159, in has_triton
[36m(WorkerDict pid=2744447)[0m [rank13]:E0616 16:02:58.308000 2744447 site-packages/torch/_dynamo/metrics_context.py:105] [0/0]     return is_device_compatible_with_triton()
[36m(WorkerDict pid=2744447)[0m [rank13]:E0616 16:02:58.308000 2744447 site-packages/torch/_dynamo/metrics_context.py:105] [0/0]            ^^^^^^^^^^^^^^^^^^^^^^^^^^^^^^^^^^
[36m(WorkerDict pid=2744447)[0m [rank13]:E0616 16:02:58.308000 2744447 site-packages/torch/_dynamo/metrics_context.py:105] [0/0]   File "/usr/local/python3.11.14/lib/python3.11/site-packages/torch/utils/_triton.py", line 155, in is_device_compatible_with_triton
[36m(WorkerDict pid=2744447)[0m [rank13]:E0616 16:02:58.308000 2744447 site-packages/torch/_dynamo/metrics_context.py:105] [0/0]     if device_interface.is_available() and extra_check(device_interface):
[36m(WorkerDict pid=2744447)[0m [rank13]:E0616 16:02:58.308000 2744447 site-packages/torch/_dynamo/metrics_context.py:105] [0/0]                                            ^^^^^^^^^^^^^^^^^^^^^^^^^^^^^
[36m(WorkerDict pid=2744447)[0m [rank13]:E0616 16:02:58.308000 2744447 site-packages/torch/_dynamo/metrics_context.py:105] [0/0]   File "/usr/local/python3.11.14/lib/python3.11/site-packages/torch/utils/_triton.py", line 135, in cuda_extra_check
[36m(WorkerDict pid=2744447)[0m [rank13]:E0616 16:02:58.308000 2744447 site-packages/torch/_dynamo/metrics_context.py:105] [0/0]     return device_interface.Worker.get_device_properties().major >= 7
[36m(WorkerDict pid=2744447)[0m [rank13]:E0616 16:02:58.308000 2744447 site-packages/torch/_dynamo/metrics_context.py:105] [0/0]            ^^^^^^^^^^^^^^^^^^^^^^^^^^^^^^^^^^^^^^^^^^^^^^^^^^^^^^^^^^
[36m(WorkerDict pid=2744447)[0m [rank13]:E0616 16:02:58.308000 2744447 site-packages/torch/_dynamo/metrics_context.py:105] [0/0] TypeError: '>=' not supported between instances of 'NoneType' and 'int'
[36m(WorkerDict pid=2744444)[0m [rank11]:E0616 16:02:58.272000 2744444 site-packages/torch/_dynamo/metrics_context.py:105] [0/0] Unexpected exception logging compilation metrics
[36m(WorkerDict pid=2744444)[0m [rank11]:E0616 16:02:58.272000 2744444 site-packages/torch/_dynamo/metrics_context.py:105] [0/0] Traceback (most recent call last):
[36m(WorkerDict pid=2744444)[0m [rank11]:E0616 16:02:58.272000 2744444 site-packages/torch/_dynamo/metrics_context.py:105] [0/0]   File "/usr/local/python3.11.14/lib/python3.11/site-packages/torch/_dynamo/metrics_context.py", line 101, in __exit__
[36m(WorkerDict pid=2744444)[0m [rank11]:E0616 16:02:58.272000 2744444 site-packages/torch/_dynamo/metrics_context.py:105] [0/0]     self._on_exit(
[36m(WorkerDict pid=2744444)[0m [rank11]:E0616 16:02:58.272000 2744444 site-packages/torch/_dynamo/metrics_context.py:105] [0/0]   File "/usr/local/python3.11.14/lib/python3.11/site-packages/torch/_dynamo/utils.py", line 1632, in record_compilation_metrics
[36m(WorkerDict pid=2744444)[0m [rank11]:E0616 16:02:58.272000 2744444 site-packages/torch/_dynamo/metrics_context.py:105] [0/0]     "triton_version": triton.__version__ if has_triton() else "",
[36m(WorkerDict pid=2744444)[0m [rank11]:E0616 16:02:58.272000 2744444 site-packages/torch/_dynamo/metrics_context.py:105] [0/0]                                             ^^^^^^^^^^^^
[36m(WorkerDict pid=2744444)[0m [rank11]:E0616 16:02:58.272000 2744444 site-packages/torch/_dynamo/metrics_context.py:105] [0/0]   File "/usr/local/python3.11.14/lib/python3.11/site-packages/torch/utils/_triton.py", line 159, in has_triton
[36m(WorkerDict pid=2744444)[0m [rank11]:E0616 16:02:58.272000 2744444 site-packages/torch/_dynamo/metrics_context.py:105] [0/0]     return is_device_compatible_with_triton()
[36m(WorkerDict pid=2744444)[0m [rank11]:E0616 16:02:58.272000 2744444 site-packages/torch/_dynamo/metrics_context.py:105] [0/0]            ^^^^^^^^^^^^^^^^^^^^^^^^^^^^^^^^^^
[36m(WorkerDict pid=2744444)[0m [rank11]:E0616 16:02:58.272000 2744444 site-packages/torch/_dynamo/metrics_context.py:105] [0/0]   File "/usr/local/python3.11.14/lib/python3.11/site-packages/torch/utils/_triton.py", line 155, in is_device_compatible_with_triton
[36m(WorkerDict pid=2744444)[0m [rank11]:E0616 16:02:58.272000 2744444 site-packages/torch/_dynamo/metrics_context.py:105] [0/0]     if device_interface.is_available() and extra_check(device_interface):
[36m(WorkerDict pid=2744444)[0m [rank11]:E0616 16:02:58.272000 2744444 site-packages/torch/_dynamo/metrics_context.py:105] [0/0]                                            ^^^^^^^^^^^^^^^^^^^^^^^^^^^^^
[36m(WorkerDict pid=2744444)[0m [rank11]:E0616 16:02:58.272000 2744444 site-packages/torch/_dynamo/metrics_context.py:105] [0/0]   File "/usr/local/python3.11.14/lib/python3.11/site-packages/torch/utils/_triton.py", line 135, in cuda_extra_check
[36m(WorkerDict pid=2744444)[0m [rank11]:E0616 16:02:58.272000 2744444 site-packages/torch/_dynamo/metrics_context.py:105] [0/0]     return device_interface.Worker.get_device_properties().major >= 7
[36m(WorkerDict pid=2744444)[0m [rank11]:E0616 16:02:58.272000 2744444 site-packages/torch/_dynamo/metrics_context.py:105] [0/0]            ^^^^^^^^^^^^^^^^^^^^^^^^^^^^^^^^^^^^^^^^^^^^^^^^^^^^^^^^^^
[36m(WorkerDict pid=2744444)[0m [rank11]:E0616 16:02:58.272000 2744444 site-packages/torch/_dynamo/metrics_context.py:105] [0/0] TypeError: '>=' not supported between instances of 'NoneType' and 'int'
[36m(WorkerDict pid=2744446)[0m [rank14]:E0616 16:02:58.295000 2744446 site-packages/torch/_dynamo/metrics_context.py:105] [0/0] Unexpected exception logging compilation metrics
[36m(WorkerDict pid=2744446)[0m [rank14]:E0616 16:02:58.295000 2744446 site-packages/torch/_dynamo/metrics_context.py:105] [0/0] Traceback (most recent call last):
[36m(WorkerDict pid=2744446)[0m [rank14]:E0616 16:02:58.295000 2744446 site-packages/torch/_dynamo/metrics_context.py:105] [0/0]   File "/usr/local/python3.11.14/lib/python3.11/site-packages/torch/_dynamo/metrics_context.py", line 101, in __exit__
[36m(WorkerDict pid=2744446)[0m [rank14]:E0616 16:02:58.295000 2744446 site-packages/torch/_dynamo/metrics_context.py:105] [0/0]     self._on_exit(
[36m(WorkerDict pid=2744446)[0m [rank14]:E0616 16:02:58.295000 2744446 site-packages/torch/_dynamo/metrics_context.py:105] [0/0]   File "/usr/local/python3.11.14/lib/python3.11/site-packages/torch/_dynamo/utils.py", line 1632, in record_compilation_metrics
[36m(WorkerDict pid=2744446)[0m [rank14]:E0616 16:02:58.295000 2744446 site-packages/torch/_dynamo/metrics_context.py:105] [0/0]     "triton_version": triton.__version__ if has_triton() else "",
[36m(WorkerDict pid=2744446)[0m [rank14]:E0616 16:02:58.295000 2744446 site-packages/torch/_dynamo/metrics_context.py:105] [0/0]                                             ^^^^^^^^^^^^
[36m(WorkerDict pid=2744446)[0m [rank14]:E0616 16:02:58.295000 2744446 site-packages/torch/_dynamo/metrics_context.py:105] [0/0]   File "/usr/local/python3.11.14/lib/python3.11/site-packages/torch/utils/_triton.py", line 159, in has_triton
[36m(WorkerDict pid=2744446)[0m [rank14]:E0616 16:02:58.295000 2744446 site-packages/torch/_dynamo/metrics_context.py:105] [0/0]     return is_device_compatible_with_triton()
[36m(WorkerDict pid=2744446)[0m [rank14]:E0616 16:02:58.295000 2744446 site-packages/torch/_dynamo/metrics_context.py:105] [0/0]            ^^^^^^^^^^^^^^^^^^^^^^^^^^^^^^^^^^
[36m(WorkerDict pid=2744446)[0m [rank14]:E0616 16:02:58.295000 2744446 site-packages/torch/_dynamo/metrics_context.py:105] [0/0]   File "/usr/local/python3.11.14/lib/python3.11/site-packages/torch/utils/_triton.py", line 155, in is_device_compatible_with_triton
[36m(WorkerDict pid=2744446)[0m [rank14]:E0616 16:02:58.295000 2744446 site-packages/torch/_dynamo/metrics_context.py:105] [0/0]     if device_interface.is_available() and extra_check(device_interface):
[36m(WorkerDict pid=2744446)[0m [rank14]:E0616 16:02:58.295000 2744446 site-packages/torch/_dynamo/metrics_context.py:105] [0/0]                                            ^^^^^^^^^^^^^^^^^^^^^^^^^^^^^
[36m(WorkerDict pid=2744446)[0m [rank14]:E0616 16:02:58.295000 2744446 site-packages/torch/_dynamo/metrics_context.py:105] [0/0]   File "/usr/local/python3.11.14/lib/python3.11/site-packages/torch/utils/_triton.py", line 135, in cuda_extra_check
[36m(WorkerDict pid=2744446)[0m [rank14]:E0616 16:02:58.295000 2744446 site-packages/torch/_dynamo/metrics_context.py:105] [0/0]     return device_interface.Worker.get_device_properties().major >= 7
[36m(WorkerDict pid=2744446)[0m [rank14]:E0616 16:02:58.295000 2744446 site-packages/torch/_dynamo/metrics_context.py:105] [0/0]            ^^^^^^^^^^^^^^^^^^^^^^^^^^^^^^^^^^^^^^^^^^^^^^^^^^^^^^^^^^
[36m(WorkerDict pid=2744446)[0m [rank14]:E0616 16:02:58.295000 2744446 site-packages/torch/_dynamo/metrics_context.py:105] [0/0] TypeError: '>=' not supported between instances of 'NoneType' and 'int'
[36m(WorkerDict pid=2744437)[0m Processed prompts:   3%|▎         | 1/32 [02:37<1:21:29, 157.74s/it, est. speed input: 0.25 toks/s, output: 6.47 toks/s]
[36m(WorkerDict pid=2744444)[0m Processed prompts:   3%|▎         | 1/32 [03:03<1:34:40, 183.23s/it, est. speed input: 0.30 toks/s, output: 6.53 toks/s]
[36m(WorkerDict pid=2744444)[0m Processed prompts:   6%|▋         | 2/32 [03:05<38:21, 76.71s/it, est. speed input: 0.59 toks/s, output: 12.98 toks/s]  
[36m(WorkerDict pid=2744444)[0m Processed prompts:   9%|▉         | 3/32 [03:07<20:31, 42.48s/it, est. speed input: 0.88 toks/s, output: 19.40 toks/s]
[36m(WorkerDict pid=2744444)[0m Processed prompts:  12%|█▎        | 4/32 [03:10<12:34, 26.94s/it, est. speed input: 1.16 toks/s, output: 25.63 toks/s]
[36m(WorkerDict pid=2744437)[0m Processed prompts:   6%|▋         | 2/32 [03:15<43:32, 87.08s/it, est. speed input: 0.41 toks/s, output: 11.79 toks/s]  
[36m(WorkerDict pid=2744444)[0m Processed prompts:  16%|█▌        | 5/32 [03:19<09:10, 20.40s/it, est. speed input: 1.38 toks/s, output: 31.06 toks/s]
[36m(WorkerDict pid=2744444)[0m Processed prompts:  19%|█▉        | 6/32 [03:19<05:55, 13.66s/it, est. speed input: 1.65 toks/s, output: 37.54 toks/s]
[36m(WorkerDict pid=2744429)[0m Processed prompts:   3%|▎         | 1/32 [03:26<1:46:29, 206.12s/it, est. speed input: 0.17 toks/s, output: 6.60 toks/s]
[36m(WorkerDict pid=2744437)[0m Processed prompts:   9%|▉         | 3/32 [03:30<26:11, 54.18s/it, est. speed input: 0.57 toks/s, output: 17.54 toks/s]
[36m(WorkerDict pid=2744444)[0m Processed prompts:  22%|██▏       | 7/32 [03:33<05:40, 13.62s/it, est. speed input: 1.81 toks/s, output: 41.74 toks/s]
[36m(WorkerDict pid=2744444)[0m Processed prompts:  25%|██▌       | 8/32 [03:39<04:28, 11.19s/it, est. speed input: 2.01 toks/s, output: 47.20 toks/s]
[36m(WorkerDict pid=2744430)[0m Processed prompts:   3%|▎         | 1/32 [03:41<1:54:23, 221.40s/it, est. speed input: 0.40 toks/s, output: 6.59 toks/s]
[36m(WorkerDict pid=2744429)[0m Processed prompts:   6%|▋         | 2/32 [03:41<47:04, 94.15s/it, est. speed input: 0.32 toks/s, output: 12.75 toks/s]  
[36m(WorkerDict pid=2744444)[0m Processed prompts:  28%|██▊       | 9/32 [03:45<03:40,  9.58s/it, est. speed input: 2.20 toks/s, output: 52.55 toks/s]
[36m(WorkerDict pid=2744444)[0m Processed prompts:  31%|███▏      | 10/32 [03:45<02:27,  6.71s/it, est. speed input: 2.44 toks/s, output: 59.10 toks/s]
[36m(WorkerDict pid=2744430)[0m Processed prompts:   6%|▋         | 2/32 [03:56<50:00, 100.01s/it, est. speed input: 0.75 toks/s, output: 12.79 toks/s] 
[36m(WorkerDict pid=2744429)[0m Processed prompts:   9%|▉         | 3/32 [03:57<28:06, 58.15s/it, est. speed input: 0.44 toks/s, output: 18.58 toks/s]
[36m(WorkerDict pid=2744444)[0m Processed prompts:  34%|███▍      | 11/32 [03:57<02:57,  8.46s/it, est. speed input: 2.54 toks/s, output: 62.64 toks/s]
[36m(WorkerDict pid=2744429)[0m Processed prompts:  12%|█▎        | 4/32 [03:58<16:45, 35.90s/it, est. speed input: 0.59 toks/s, output: 25.09 toks/s]
[36m(WorkerDict pid=2744444)[0m Processed prompts:  38%|███▊      | 12/32 [04:01<02:21,  7.05s/it, est. speed input: 2.73 toks/s, output: 68.29 toks/s]
[36m(WorkerDict pid=2744444)[0m Processed prompts:  41%|████      | 13/32 [04:02<01:39,  5.22s/it, est. speed input: 2.95 toks/s, output: 74.65 toks/s]
[36m(WorkerDict pid=2744430)[0m Processed prompts:   9%|▉         | 3/32 [04:03<27:51, 57.65s/it, est. speed input: 1.10 toks/s, output: 19.05 toks/s] 
[36m(WorkerDict pid=2744430)[0m Processed prompts:  12%|█▎        | 4/32 [04:03<16:20, 35.00s/it, est. speed input: 1.46 toks/s, output: 25.66 toks/s]
[36m(WorkerDict pid=2744437)[0m Processed prompts:  12%|█▎        | 4/32 [04:06<21:51, 46.85s/it, est. speed input: 0.65 toks/s, output: 21.66 toks/s]
[36m(WorkerDict pid=2744430)[0m Processed prompts:  16%|█▌        | 5/32 [04:10<11:08, 24.75s/it, est. speed input: 1.78 toks/s, output: 31.59 toks/s]
[36m(WorkerDict pid=2744437)[0m Processed prompts:  16%|█▌        | 5/32 [04:10<14:17, 31.74s/it, est. speed input: 0.80 toks/s, output: 27.86 toks/s]
[36m(WorkerDict pid=2744443)[0m Processed prompts:   3%|▎         | 1/32 [04:15<2:12:02, 255.57s/it, est. speed input: 0.13 toks/s, output: 6.57 toks/s]
[36m(WorkerDict pid=2744429)[0m Processed prompts:  16%|█▌        | 5/32 [04:15<13:01, 28.95s/it, est. speed input: 0.68 toks/s, output: 30.06 toks/s]
[36m(WorkerDict pid=2744437)[0m Processed prompts:  19%|█▉        | 6/32 [04:15<09:48, 22.63s/it, est. speed input: 0.94 toks/s, output: 33.91 toks/s]
[36m(WorkerDict pid=2744429)[0m Processed prompts:  19%|█▉        | 6/32 [04:23<09:25, 21.74s/it, est. speed input: 0.80 toks/s, output: 35.67 toks/s]
[36m(WorkerDict pid=2744429)[0m Processed prompts:  22%|██▏       | 7/32 [04:24<06:13, 14.95s/it, est. speed input: 0.93 toks/s, output: 42.04 toks/s]
[36m(WorkerDict pid=2744444)[0m Processed prompts:  44%|████▍     | 14/32 [04:28<03:25, 11.39s/it, est. speed input: 2.87 toks/s, output: 73.99 toks/s]
[36m(WorkerDict pid=2744444)[0m Processed prompts:  47%|████▋     | 15/32 [04:31<02:31,  8.91s/it, est. speed input: 3.04 toks/s, output: 79.61 toks/s]
[36m(WorkerDict pid=2744429)[0m Processed prompts:  25%|██▌       | 8/32 [04:39<05:59, 14.98s/it, est. speed input: 1.00 toks/s, output: 46.28 toks/s]
[36m(WorkerDict pid=2744448)[0m Processed prompts:   3%|▎         | 1/32 [04:46<2:28:11, 286.81s/it, est. speed input: 0.14 toks/s, output: 6.50 toks/s]
[36m(WorkerDict pid=2744430)[0m Processed prompts:  19%|█▉        | 6/32 [04:46<12:24, 28.64s/it, est. speed input: 1.86 toks/s, output: 34.10 toks/s]
[36m(WorkerDict pid=2744430)[0m Processed prompts:  22%|██▏       | 7/32 [04:47<08:07, 19.51s/it, est. speed input: 2.17 toks/s, output: 40.52 toks/s]
[36m(WorkerDict pid=2744430)[0m Processed prompts:  25%|██▌       | 8/32 [04:49<05:35, 13.97s/it, est. speed input: 2.46 toks/s, output: 46.73 toks/s]
[36m(WorkerDict pid=2744448)[0m Processed prompts:   6%|▋         | 2/32 [04:50<1:00:00, 120.02s/it, est. speed input: 0.27 toks/s, output: 12.92 toks/s]
[36m(WorkerDict pid=2744429)[0m Processed prompts:  28%|██▊       | 9/32 [04:50<05:17, 13.79s/it, est. speed input: 1.08 toks/s, output: 51.04 toks/s]
[36m(WorkerDict pid=2744443)[0m Processed prompts:   6%|▋         | 2/32 [04:55<1:04:28, 128.94s/it, est. speed input: 0.23 toks/s, output: 12.19 toks/s]
[36m(WorkerDict pid=2744429)[0m Processed prompts:  31%|███▏      | 10/32 [04:55<04:02, 11.01s/it, est. speed input: 1.19 toks/s, output: 56.75 toks/s]
[36m(WorkerDict pid=2744448)[0m Processed prompts:  12%|█▎        | 4/32 [04:57<21:57, 47.06s/it, est. speed input: 0.52 toks/s, output: 25.46 toks/s]   
[36m(WorkerDict pid=2744437)[0m Processed prompts:  22%|██▏       | 7/32 [04:57<12:00, 28.82s/it, est. speed input: 0.94 toks/s, output: 35.71 toks/s]
[36m(WorkerDict pid=2744437)[0m Processed prompts:  25%|██▌       | 8/32 [04:57<07:53, 19.73s/it, est. speed input: 1.07 toks/s, output: 42.21 toks/s]
[36m(WorkerDict pid=2744428)[0m Processed prompts:   3%|▎         | 1/32 [04:57<2:33:39, 297.41s/it, est. speed input: 0.13 toks/s, output: 6.55 toks/s]
[36m(WorkerDict pid=2744429)[0m Processed prompts:  34%|███▍      | 11/32 [04:58<02:58,  8.51s/it, est. speed input: 1.29 toks/s, output: 62.75 toks/s]
[36m(WorkerDict pid=2744443)[0m Processed prompts:   9%|▉         | 3/32 [05:03<35:32, 73.53s/it, est. speed input: 0.34 toks/s, output: 18.41 toks/s]   
[36m(WorkerDict pid=2744429)[0m Processed prompts:  38%|███▊      | 12/32 [05:03<02:31,  7.58s/it, est. speed input: 1.38 toks/s, output: 68.18 toks/s]
[36m(WorkerDict pid=2744448)[0m Processed prompts:  16%|█▌        | 5/32 [05:06<15:54, 35.37s/it, est. speed input: 0.64 toks/s, output: 31.23 toks/s]
[36m(WorkerDict pid=2744444)[0m Processed prompts:  50%|█████     | 16/32 [05:15<05:13, 19.60s/it, est. speed input: 2.78 toks/s, output: 74.98 toks/s]
[36m(WorkerDict pid=2744437)[0m Processed prompts:  28%|██▊       | 9/32 [05:15<07:23, 19.26s/it, est. speed input: 1.14 toks/s, output: 46.35 toks/s]
[36m(WorkerDict pid=2744448)[0m Processed prompts:  19%|█▉        | 6/32 [05:18<12:08, 28.03s/it, est. speed input: 0.74 toks/s, output: 36.66 toks/s]
[36m(WorkerDict pid=2744437)[0m Processed prompts:  31%|███▏      | 10/32 [05:17<05:04, 13.84s/it, est. speed input: 1.26 toks/s, output: 52.67 toks/s]
[36m(WorkerDict pid=2744430)[0m Processed prompts:  28%|██▊       | 9/32 [05:19<07:18, 19.05s/it, est. speed input: 2.50 toks/s, output: 48.88 toks/s]
[36m(WorkerDict pid=2744435)[0m Processed prompts:   3%|▎         | 1/32 [05:20<2:45:33, 320.45s/it, est. speed input: 0.15 toks/s, output: 6.57 toks/s]
[36m(WorkerDict pid=2744437)[0m Processed prompts:  34%|███▍      | 11/32 [05:22<03:50, 10.99s/it, est. speed input: 1.37 toks/s, output: 58.51 toks/s]
[36m(WorkerDict pid=2744437)[0m Processed prompts:  38%|███▊      | 12/32 [05:28<03:11,  9.56s/it, est. speed input: 1.46 toks/s, output: 63.98 toks/s]
[36m(WorkerDict pid=2744438)[0m Processed prompts:   3%|▎         | 1/32 [05:29<2:50:21, 329.73s/it, est. speed input: 0.14 toks/s, output: 6.58 toks/s]
[36m(WorkerDict pid=2744443)[0m Processed prompts:  12%|█▎        | 4/32 [05:30<25:43, 55.11s/it, est. speed input: 0.41 toks/s, output: 23.49 toks/s]
[36m(WorkerDict pid=2744448)[0m Processed prompts:  22%|██▏       | 7/32 [05:30<09:44, 23.39s/it, est. speed input: 0.83 toks/s, output: 41.81 toks/s]
[36m(WorkerDict pid=2744429)[0m Processed prompts:  41%|████      | 13/32 [05:30<04:13, 13.33s/it, est. speed input: 1.38 toks/s, output: 69.29 toks/s]
[36m(WorkerDict pid=2744437)[0m Processed prompts:  41%|████      | 13/32 [05:30<02:20,  7.39s/it, est. speed input: 1.57 toks/s, output: 70.11 toks/s]
[36m(WorkerDict pid=2744430)[0m Processed prompts:  31%|███▏      | 10/32 [05:32<06:16, 17.11s/it, est. speed input: 2.68 toks/s, output: 53.58 toks/s]
[36m(WorkerDict pid=2744430)[0m Processed prompts:  34%|███▍      | 11/32 [05:35<04:25, 12.66s/it, est. speed input: 2.92 toks/s, output: 59.76 toks/s]
[36m(WorkerDict pid=2744429)[0m Processed prompts:  44%|████▍     | 14/32 [05:37<03:28, 11.56s/it, est. speed input: 1.45 toks/s, output: 74.38 toks/s]
[36m(WorkerDict pid=2744443)[0m Processed prompts:  16%|█▌        | 5/32 [05:42<17:45, 39.45s/it, est. speed input: 0.50 toks/s, output: 29.29 toks/s]
[36m(WorkerDict pid=2744437)[0m Processed prompts:  44%|████▍     | 14/32 [05:44<02:46,  9.26s/it, est. speed input: 1.63 toks/s, output: 73.98 toks/s]
[36m(WorkerDict pid=2744429)[0m Processed prompts:  47%|████▋     | 15/32 [05:45<02:55, 10.30s/it, est. speed input: 1.52 toks/s, output: 79.42 toks/s]
[36m(WorkerDict pid=2744428)[0m Processed prompts:   6%|▋         | 2/32 [05:44<1:15:13, 150.45s/it, est. speed input: 0.23 toks/s, output: 12.29 toks/s]
[36m(WorkerDict pid=2744430)[0m Processed prompts:  38%|███▊      | 12/32 [05:47<04:08, 12.43s/it, est. speed input: 3.08 toks/s, output: 64.33 toks/s]
[36m(WorkerDict pid=2744448)[0m Processed prompts:  25%|██▌       | 8/32 [05:47<08:31, 21.32s/it, est. speed input: 0.90 toks/s, output: 46.43 toks/s]
[36m(WorkerDict pid=2744428)[0m Processed prompts:   9%|▉         | 3/32 [05:47<39:57, 82.67s/it, est. speed input: 0.35 toks/s, output: 18.86 toks/s]   
[36m(WorkerDict pid=2744437)[0m Processed prompts:  47%|████▋     | 15/32 [05:48<02:12,  7.77s/it, est. speed input: 1.72 toks/s, output: 79.70 toks/s]
[36m(WorkerDict pid=2744448)[0m Processed prompts:  28%|██▊       | 9/32 [05:51<06:10, 16.13s/it, est. speed input: 1.00 toks/s, output: 52.51 toks/s]
[36m(WorkerDict pid=2744428)[0m Processed prompts:  12%|█▎        | 4/32 [05:50<23:58, 51.38s/it, est. speed input: 0.46 toks/s, output: 25.34 toks/s]
[36m(WorkerDict pid=2744443)[0m Processed prompts:  19%|█▉        | 6/32 [05:52<12:51, 29.68s/it, est. speed input: 0.58 toks/s, output: 35.03 toks/s]
[36m(WorkerDict pid=2744448)[0m Processed prompts:  31%|███▏      | 10/32 [05:57<04:48, 13.11s/it, est. speed input: 1.09 toks/s, output: 58.25 toks/s]
[36m(WorkerDict pid=2744428)[0m Processed prompts:  16%|█▌        | 5/32 [06:04<17:02, 37.88s/it, est. speed input: 0.55 toks/s, output: 31.05 toks/s]
[36m(WorkerDict pid=2744441)[0m Processed prompts:   3%|▎         | 1/32 [06:05<3:09:02, 365.89s/it, est. speed input: 0.13 toks/s, output: 6.66 toks/s]
[36m(WorkerDict pid=2744437)[0m Processed prompts:  50%|█████     | 16/32 [06:05<02:49, 10.57s/it, est. speed input: 1.75 toks/s, output: 82.65 toks/s]
[36m(WorkerDict pid=2744443)[0m Processed prompts:  22%|██▏       | 7/32 [06:11<10:53, 26.13s/it, est. speed input: 0.64 toks/s, output: 39.93 toks/s]
[36m(WorkerDict pid=2744443)[0m Processed prompts:  25%|██▌       | 8/32 [06:12<07:17, 18.24s/it, est. speed input: 0.73 toks/s, output: 46.46 toks/s]
[36m(WorkerDict pid=2744438)[0m Processed prompts:   6%|▋         | 2/32 [06:12<1:20:34, 161.13s/it, est. speed input: 0.25 toks/s, output: 12.50 toks/s]
[36m(WorkerDict pid=2744438)[0m Processed prompts:   9%|▉         | 3/32 [06:15<42:55, 88.82s/it, est. speed input: 0.38 toks/s, output: 19.09 toks/s]   
[36m(WorkerDict pid=2744443)[0m Processed prompts:  28%|██▊       | 9/32 [06:18<05:31, 14.43s/it, est. speed input: 0.81 toks/s, output: 52.41 toks/s]
[36m(WorkerDict pid=2744448)[0m Processed prompts:  34%|███▍      | 11/32 [06:22<05:47, 16.57s/it, est. speed input: 1.12 toks/s, output: 61.20 toks/s]
[36m(WorkerDict pid=2744428)[0m Processed prompts:  19%|█▉        | 6/32 [06:20<13:16, 30.65s/it, est. speed input: 0.63 toks/s, output: 36.42 toks/s]
[36m(WorkerDict pid=2744448)[0m Processed prompts:  38%|███▊      | 12/32 [06:22<03:53, 11.70s/it, est. speed input: 1.22 toks/s, output: 67.84 toks/s]
[36m(WorkerDict pid=2744443)[0m Processed prompts:  31%|███▏      | 10/32 [06:23<04:10, 11.36s/it, est. speed input: 0.89 toks/s, output: 58.50 toks/s]
[36m(WorkerDict pid=2744438)[0m Processed prompts:  12%|█▎        | 4/32 [06:26<27:07, 58.11s/it, est. speed input: 0.49 toks/s, output: 25.26 toks/s]
[36m(WorkerDict pid=2744428)[0m Processed prompts:  22%|██▏       | 7/32 [06:29<09:43, 23.36s/it, est. speed input: 0.72 toks/s, output: 42.39 toks/s]
[36m(WorkerDict pid=2744429)[0m Processed prompts:  50%|█████     | 16/32 [06:31<05:37, 21.11s/it, est. speed input: 1.43 toks/s, output: 76.79 toks/s]
[36m(WorkerDict pid=2744428)[0m Processed prompts:  25%|██▌       | 8/32 [06:31<06:39, 16.63s/it, est. speed input: 0.82 toks/s, output: 48.90 toks/s]
[36m(WorkerDict pid=2744435)[0m Processed prompts:   6%|▋         | 2/32 [06:35<1:28:01, 176.04s/it, est. speed input: 0.24 toks/s, output: 12.07 toks/s]
[36m(WorkerDict pid=2744435)[0m Processed prompts:   9%|▉         | 3/32 [06:39<47:09, 97.58s/it, est. speed input: 0.36 toks/s, output: 18.70 toks/s]   
[36m(WorkerDict pid=2744448)[0m Processed prompts:  41%|████      | 13/32 [06:44<04:37, 14.63s/it, est. speed input: 1.25 toks/s, output: 70.99 toks/s]
[36m(WorkerDict pid=2744428)[0m Processed prompts:  28%|██▊       | 9/32 [06:43<05:46, 15.08s/it, est. speed input: 0.89 toks/s, output: 54.26 toks/s]
[36m(WorkerDict pid=2744441)[0m Processed prompts:   6%|▋         | 2/32 [06:51<1:28:42, 177.42s/it, est. speed input: 0.23 toks/s, output: 12.68 toks/s]
[36m(WorkerDict pid=2744446)[0m Processed prompts:   3%|▎         | 1/32 [06:54<3:34:04, 414.33s/it, est. speed input: 0.07 toks/s, output: 6.78 toks/s]
[36m(WorkerDict pid=2744435)[0m Processed prompts:  12%|█▎        | 4/32 [06:57<30:51, 66.11s/it, est. speed input: 0.46 toks/s, output: 24.68 toks/s]
[36m(WorkerDict pid=2744448)[0m Processed prompts:  44%|████▍     | 14/32 [06:58<04:21, 14.54s/it, est. speed input: 1.30 toks/s, output: 75.32 toks/s]
[36m(WorkerDict pid=2744435)[0m Processed prompts:  16%|█▌        | 5/32 [07:00<19:33, 43.45s/it, est. speed input: 0.57 toks/s, output: 31.27 toks/s]
[36m(WorkerDict pid=2744443)[0m Processed prompts:  34%|███▍      | 11/32 [07:01<06:50, 19.53s/it, est. speed input: 0.89 toks/s, output: 60.00 toks/s]
[36m(WorkerDict pid=2744430)[0m Processed prompts:  41%|████      | 13/32 [07:03<10:04, 31.80s/it, est. speed input: 2.73 toks/s, output: 59.51 toks/s]
[36m(WorkerDict pid=2744428)[0m Processed prompts:  31%|███▏      | 10/32 [07:05<06:21, 17.32s/it, est. speed input: 0.97 toks/s, output: 58.22 toks/s]
[36m(WorkerDict pid=2744443)[0m Processed prompts:  38%|███▊      | 12/32 [07:07<05:07, 15.35s/it, est. speed input: 0.95 toks/s, output: 65.97 toks/s]
[36m(WorkerDict pid=2744448)[0m Processed prompts:  47%|████▋     | 15/32 [07:07<03:38, 12.86s/it, est. speed input: 1.37 toks/s, output: 80.53 toks/s]
[36m(WorkerDict pid=2744443)[0m Processed prompts:  41%|████      | 13/32 [07:12<03:54, 12.34s/it, est. speed input: 1.02 toks/s, output: 71.95 toks/s]
[36m(WorkerDict pid=2744448)[0m Processed prompts:  50%|█████     | 16/32 [07:14<03:00, 11.27s/it, est. speed input: 1.43 toks/s, output: 85.94 toks/s]
[36m(WorkerDict pid=2744435)[0m Processed prompts:  19%|█▉        | 6/32 [07:18<15:01, 34.66s/it, est. speed input: 0.66 toks/s, output: 36.84 toks/s]
[36m(WorkerDict pid=2744430)[0m Processed prompts:  44%|████▍     | 14/32 [07:19<08:06, 27.01s/it, est. speed input: 2.84 toks/s, output: 64.17 toks/s]
[36m(WorkerDict pid=2744430)[0m Processed prompts:  47%|████▋     | 15/32 [07:21<05:32, 19.56s/it, est. speed input: 3.02 toks/s, output: 70.66 toks/s]
[36m(WorkerDict pid=2744441)[0m Processed prompts:   9%|▉         | 3/32 [07:22<53:32, 110.79s/it, est. speed input: 0.41 toks/s, output: 18.61 toks/s]  
[36m(WorkerDict pid=2744438)[0m Processed prompts:  16%|█▌        | 5/32 [07:22<25:50, 57.44s/it, est. speed input: 0.53 toks/s, output: 28.88 toks/s]
[36m(WorkerDict pid=2744435)[0m Processed prompts:  22%|██▏       | 7/32 [07:22<10:20, 24.80s/it, est. speed input: 0.76 toks/s, output: 43.30 toks/s]
[36m(WorkerDict pid=2744443)[0m Processed prompts:  44%|████▍     | 14/32 [07:24<03:40, 12.24s/it, est. speed input: 1.07 toks/s, output: 76.83 toks/s]
[36m(WorkerDict pid=2744446)[0m Processed prompts:   6%|▋         | 2/32 [07:24<1:34:12, 188.43s/it, est. speed input: 0.14 toks/s, output: 13.15 toks/s]
[36m(WorkerDict pid=2744437)[0m Processed prompts:  53%|█████▎    | 17/32 [07:24<07:46, 31.08s/it, est. speed input: 1.60 toks/s, output: 74.85 toks/s]
[36m(WorkerDict pid=2744446)[0m Processed prompts:   9%|▉         | 3/32 [07:27<50:07, 103.71s/it, est. speed input: 0.21 toks/s, output: 19.92 toks/s]  
[36m(WorkerDict pid=2744430)[0m Processed prompts:  50%|█████     | 16/32 [07:31<04:24, 16.54s/it, est. speed input: 3.16 toks/s, output: 76.01 toks/s]
[36m(WorkerDict pid=2744438)[0m Processed prompts:  19%|█▉        | 6/32 [07:31<17:45, 40.99s/it, est. speed input: 0.62 toks/s, output: 35.15 toks/s]
[36m(WorkerDict pid=2744446)[0m Processed prompts:  12%|█▎        | 4/32 [07:31<30:01, 64.35s/it, est. speed input: 0.27 toks/s, output: 26.59 toks/s] 
[36m(WorkerDict pid=2744441)[0m Processed prompts:  12%|█▎        | 4/32 [07:32<33:03, 70.82s/it, est. speed input: 0.51 toks/s, output: 25.06 toks/s] 
[36m(WorkerDict pid=2744438)[0m Processed prompts:  22%|██▏       | 7/32 [07:32<11:37, 27.91s/it, est. speed input: 0.73 toks/s, output: 41.92 toks/s]
[36m(WorkerDict pid=2744441)[0m Processed prompts:  16%|█▌        | 5/32 [07:34<20:38, 45.86s/it, est. speed input: 0.61 toks/s, output: 31.82 toks/s]
[36m(WorkerDict pid=2744428)[0m Processed prompts:  34%|███▍      | 11/32 [07:33<07:12, 20.58s/it, est. speed input: 1.00 toks/s, output: 61.50 toks/s]
[36m(WorkerDict pid=2744435)[0m Processed prompts:  25%|██▌       | 8/32 [07:35<08:19, 20.81s/it, est. speed input: 0.84 toks/s, output: 48.99 toks/s]
[36m(WorkerDict pid=2744438)[0m Processed prompts:  25%|██▌       | 8/32 [07:37<08:09, 20.41s/it, est. speed input: 0.82 toks/s, output: 48.38 toks/s]
[36m(WorkerDict pid=2744446)[0m Processed prompts:  16%|█▌        | 5/32 [07:37<19:26, 43.21s/it, est. speed input: 0.34 toks/s, output: 33.13 toks/s]
[36m(WorkerDict pid=2744446)[0m Processed prompts:  19%|█▉        | 6/32 [07:37<12:24, 28.65s/it, est. speed input: 0.41 toks/s, output: 39.97 toks/s]
[36m(WorkerDict pid=2744435)[0m Processed prompts:  28%|██▊       | 9/32 [07:37<05:48, 15.16s/it, est. speed input: 0.94 toks/s, output: 55.57 toks/s]
[36m(WorkerDict pid=2744446)[0m Processed prompts:  22%|██▏       | 7/32 [07:38<08:12, 19.69s/it, est. speed input: 0.47 toks/s, output: 46.74 toks/s]
[36m(WorkerDict pid=2744435)[0m Processed prompts:  31%|███▏      | 10/32 [07:40<04:09, 11.35s/it, est. speed input: 1.04 toks/s, output: 62.11 toks/s]
[36m(WorkerDict pid=2744428)[0m Processed prompts:  38%|███▊      | 12/32 [07:40<05:28, 16.42s/it, est. speed input: 1.10 toks/s, output: 67.47 toks/s]
[36m(WorkerDict pid=2744441)[0m Processed prompts:  19%|█▉        | 6/32 [07:44<14:35, 33.66s/it, est. speed input: 0.70 toks/s, output: 38.01 toks/s]
[36m(WorkerDict pid=2744438)[0m Processed prompts:  28%|██▊       | 9/32 [07:45<06:21, 16.61s/it, est. speed input: 0.91 toks/s, output: 54.40 toks/s]
[36m(WorkerDict pid=2744438)[0m Processed prompts:  31%|███▏      | 10/32 [07:48<04:30, 12.31s/it, est. speed input: 1.00 toks/s, output: 60.98 toks/s]
[36m(WorkerDict pid=2744435)[0m Processed prompts:  34%|███▍      | 11/32 [07:50<03:45, 10.74s/it, est. speed input: 1.12 toks/s, output: 67.76 toks/s]
[36m(WorkerDict pid=2744428)[0m Processed prompts:  41%|████      | 13/32 [07:50<04:35, 14.48s/it, est. speed input: 1.16 toks/s, output: 72.94 toks/s]
[36m(WorkerDict pid=2744437)[0m Processed prompts:  56%|█████▋    | 18/32 [07:52<07:00, 30.05s/it, est. speed input: 1.65 toks/s, output: 77.37 toks/s]
[36m(WorkerDict pid=2744438)[0m Processed prompts:  34%|███▍      | 11/32 [07:56<03:51, 11.01s/it, est. speed input: 1.09 toks/s, output: 66.84 toks/s]
[36m(WorkerDict pid=2744435)[0m Processed prompts:  38%|███▊      | 12/32 [07:57<03:14,  9.74s/it, est. speed input: 1.21 toks/s, output: 73.61 toks/s]
[36m(WorkerDict pid=2744443)[0m Processed prompts:  47%|████▋     | 15/32 [07:58<05:18, 18.73s/it, est. speed input: 1.07 toks/s, output: 78.31 toks/s]
[36m(WorkerDict pid=2744441)[0m Processed prompts:  22%|██▏       | 7/32 [07:58<11:24, 27.40s/it, est. speed input: 0.78 toks/s, output: 43.76 toks/s]
[36m(WorkerDict pid=2744435)[0m Processed prompts:  41%|████      | 13/32 [08:03<02:41,  8.52s/it, est. speed input: 1.29 toks/s, output: 79.66 toks/s]
[36m(WorkerDict pid=2744441)[0m Processed prompts:  25%|██▌       | 8/32 [08:07<08:39, 21.67s/it, est. speed input: 0.87 toks/s, output: 49.83 toks/s]
[36m(WorkerDict pid=2744443)[0m Processed prompts:  50%|█████     | 16/32 [08:09<04:24, 16.55s/it, est. speed input: 1.19 toks/s, output: 83.39 toks/s]
[36m(WorkerDict pid=2744435)[0m Processed prompts:  44%|████▍     | 14/32 [08:12<02:40,  8.90s/it, est. speed input: 1.36 toks/s, output: 85.02 toks/s]
[36m(WorkerDict pid=2744428)[0m Processed prompts:  44%|████▍     | 14/32 [08:12<05:00, 16.70s/it, est. speed input: 1.19 toks/s, output: 76.66 toks/s]
[36m(WorkerDict pid=2744446)[0m Processed prompts:  25%|██▌       | 8/32 [08:14<09:54, 24.79s/it, est. speed input: 0.50 toks/s, output: 50.30 toks/s]
[36m(WorkerDict pid=2744439)[0m Processed prompts:   3%|▎         | 1/32 [08:16<4:16:23, 496.24s/it, est. speed input: 0.07 toks/s, output: 6.94 toks/s]
[36m(WorkerDict pid=2744443)[0m Processed prompts:  53%|█████▎    | 17/32 [08:17<03:28, 13.91s/it, est. speed input: 1.33 toks/s, output: 89.03 toks/s]
[36m(WorkerDict pid=2744428)[0m Processed prompts:  47%|████▋     | 15/32 [08:18<03:51, 13.63s/it, est. speed input: 1.28 toks/s, output: 82.61 toks/s]
[36m(WorkerDict pid=2744438)[0m Processed prompts:  38%|███▊      | 12/32 [08:20<05:01, 15.09s/it, est. speed input: 1.13 toks/s, output: 70.52 toks/s]
[36m(WorkerDict pid=2744428)[0m Processed prompts:  50%|█████     | 16/32 [08:19<02:36,  9.80s/it, est. speed input: 1.38 toks/s, output: 89.42 toks/s]
[36m(WorkerDict pid=2744446)[0m Processed prompts:  28%|██▊       | 9/32 [08:21<07:20, 19.15s/it, est. speed input: 0.56 toks/s, output: 56.58 toks/s]
[36m(WorkerDict pid=2744446)[0m Processed prompts:  31%|███▏      | 10/32 [08:21<04:54, 13.40s/it, est. speed input: 0.62 toks/s, output: 63.47 toks/s]
[36m(WorkerDict pid=2744441)[0m Processed prompts:  28%|██▊       | 9/32 [08:23<07:32, 19.66s/it, est. speed input: 0.94 toks/s, output: 55.27 toks/s]
[36m(WorkerDict pid=2744428)[0m Processed prompts:  53%|█████▎    | 17/32 [08:22<01:53,  7.55s/it, est. speed input: 1.48 toks/s, output: 95.97 toks/s]
[36m(WorkerDict pid=2744443)[0m Processed prompts:  56%|█████▋    | 18/32 [08:25<02:48, 12.07s/it, est. speed input: 1.45 toks/s, output: 94.60 toks/s]
[36m(WorkerDict pid=2744441)[0m Processed prompts:  31%|███▏      | 10/32 [08:26<05:23, 14.72s/it, est. speed input: 1.10 toks/s, output: 61.81 toks/s]
[36m(WorkerDict pid=2744441)[0m Processed prompts:  34%|███▍      | 11/32 [08:26<03:35, 10.25s/it, est. speed input: 1.20 toks/s, output: 68.75 toks/s]
[36m(WorkerDict pid=2744437)[0m Processed prompts:  59%|█████▉    | 19/32 [08:30<07:02, 32.52s/it, est. speed input: 1.66 toks/s, output: 78.54 toks/s]
[36m(WorkerDict pid=2744435)[0m Processed prompts:  47%|████▋     | 15/32 [08:31<03:18, 11.66s/it, est. speed input: 1.41 toks/s, output: 88.98 toks/s]
[36m(WorkerDict pid=2744441)[0m Processed prompts:  38%|███▊      | 12/32 [08:32<02:54,  8.73s/it, est. speed input: 1.35 toks/s, output: 75.00 toks/s]
[36m(WorkerDict pid=2744441)[0m Processed prompts:  41%|████      | 13/32 [08:34<02:06,  6.67s/it, est. speed input: 1.52 toks/s, output: 81.68 toks/s]
[36m(WorkerDict pid=2744437)[0m Processed prompts:  62%|██████▎   | 20/32 [08:33<04:45, 23.75s/it, est. speed input: 1.79 toks/s, output: 85.00 toks/s]
[36m(WorkerDict pid=2744437)[0m Processed prompts:  66%|██████▌   | 21/32 [08:38<03:18, 18.06s/it, est. speed input: 1.91 toks/s, output: 91.20 toks/s]
[36m(WorkerDict pid=2744441)[0m Processed prompts:  44%|████▍     | 14/32 [08:41<02:01,  6.74s/it, est. speed input: 1.59 toks/s, output: 87.57 toks/s]
[36m(WorkerDict pid=2744443)[0m Processed prompts:  59%|█████▉    | 19/32 [08:42<02:55, 13.49s/it, est. speed input: 1.55 toks/s, output: 98.53 toks/s]
[36m(WorkerDict pid=2744438)[0m Processed prompts:  41%|████      | 13/32 [08:42<05:27, 17.21s/it, est. speed input: 1.17 toks/s, output: 74.52 toks/s]
[36m(WorkerDict pid=2744435)[0m Processed prompts:  50%|█████     | 16/32 [08:43<03:09, 11.82s/it, est. speed input: 1.47 toks/s, output: 93.88 toks/s]
[36m(WorkerDict pid=2744438)[0m Processed prompts:  44%|████▍     | 14/32 [08:43<03:40, 12.27s/it, est. speed input: 1.26 toks/s, output: 81.37 toks/s]
[36m(WorkerDict pid=2744443)[0m Processed prompts:  62%|██████▎   | 20/32 [08:44<02:02, 10.24s/it, est. speed input: 1.69 toks/s, output: 105.00 toks/s]
[36m(WorkerDict pid=2744441)[0m Processed prompts:  47%|████▋     | 15/32 [08:45<01:43,  6.07s/it, est. speed input: 1.74 toks/s, output: 93.80 toks/s]
[36m(WorkerDict pid=2744443)[0m Processed prompts:  66%|██████▌   | 21/32 [08:45<01:20,  7.35s/it, est. speed input: 1.75 toks/s, output: 111.86 toks/s]
[36m(WorkerDict pid=2744430)[0m Processed prompts:  53%|█████▎    | 17/32 [08:47<08:36, 34.41s/it, est. speed input: 2.88 toks/s, output: 72.03 toks/s]
[36m(WorkerDict pid=2744428)[0m Processed prompts:  56%|█████▋    | 18/32 [08:47<03:01, 12.93s/it, est. speed input: 1.49 toks/s, output: 98.34 toks/s]
[36m(WorkerDict pid=2744428)[0m Processed prompts:  59%|█████▉    | 19/32 [08:47<01:58,  9.09s/it, est. speed input: 1.59 toks/s, output: 105.32 toks/s]
[36m(WorkerDict pid=2744443)[0m Processed prompts:  69%|██████▉   | 22/32 [08:49<01:04,  6.43s/it, est. speed input: 1.88 toks/s, output: 117.94 toks/s]
[36m(WorkerDict pid=2744430)[0m Processed prompts:  56%|█████▋    | 18/32 [08:55<06:13, 26.69s/it, est. speed input: 3.00 toks/s, output: 77.86 toks/s]
[36m(WorkerDict pid=2744439)[0m Processed prompts:   6%|▋         | 2/32 [08:55<1:53:42, 227.42s/it, est. speed input: 0.12 toks/s, output: 13.44 toks/s]
[36m(WorkerDict pid=2744446)[0m Processed prompts:  34%|███▍      | 11/32 [08:56<06:59, 19.97s/it, est. speed input: 0.64 toks/s, output: 66.35 toks/s]
[36m(WorkerDict pid=2744441)[0m Processed prompts:  50%|█████     | 16/32 [08:57<02:07,  7.99s/it, est. speed input: 1.79 toks/s, output: 98.62 toks/s]
[36m(WorkerDict pid=2744443)[0m Processed prompts:  72%|███████▏  | 23/32 [08:59<01:07,  7.46s/it, est. speed input: 1.98 toks/s, output: 122.78 toks/s]
[36m(WorkerDict pid=2744428)[0m Processed prompts:  62%|██████▎   | 20/32 [09:00<02:03, 10.29s/it, est. speed input: 1.62 toks/s, output: 109.79 toks/s]
[36m(WorkerDict pid=2744437)[0m Processed prompts:  69%|██████▉   | 22/32 [09:06<03:30, 21.03s/it, est. speed input: 1.94 toks/s, output: 93.55 toks/s]
[36m(WorkerDict pid=2744428)[0m Processed prompts:  66%|██████▌   | 21/32 [09:06<01:38,  8.91s/it, est. speed input: 1.70 toks/s, output: 115.67 toks/s]
[36m(WorkerDict pid=2744428)[0m Processed prompts:  69%|██████▉   | 22/32 [09:08<01:09,  6.99s/it, est. speed input: 1.79 toks/s, output: 122.17 toks/s]
[36m(WorkerDict pid=2744437)[0m Processed prompts:  72%|███████▏  | 23/32 [09:10<02:22, 15.78s/it, est. speed input: 2.05 toks/s, output: 99.97 toks/s]
[36m(WorkerDict pid=2744437)[0m Processed prompts:  75%|███████▌  | 24/32 [09:11<01:31, 11.42s/it, est. speed input: 2.18 toks/s, output: 106.77 toks/s]
[36m(WorkerDict pid=2744443)[0m Processed prompts:  75%|███████▌  | 24/32 [09:12<01:12,  9.04s/it, est. speed input: 2.07 toks/s, output: 126.96 toks/s]
[36m(WorkerDict pid=2744428)[0m Processed prompts:  72%|███████▏  | 23/32 [09:11<00:51,  5.76s/it, est. speed input: 1.86 toks/s, output: 128.56 toks/s]
[36m(WorkerDict pid=2744441)[0m Processed prompts:  53%|█████▎    | 17/32 [09:20<03:04, 12.32s/it, est. speed input: 1.87 toks/s, output: 101.68 toks/s]
[36m(WorkerDict pid=2744430)[0m Processed prompts:  59%|█████▉    | 19/32 [09:25<05:59, 27.62s/it, est. speed input: 3.01 toks/s, output: 80.76 toks/s]
[36m(WorkerDict pid=2744428)[0m Processed prompts:  75%|███████▌  | 24/32 [09:26<01:06,  8.32s/it, est. speed input: 1.90 toks/s, output: 132.33 toks/s]
[36m(WorkerDict pid=2744437)[0m Processed prompts:  78%|███████▊  | 25/32 [09:27<01:30, 12.87s/it, est. speed input: 2.24 toks/s, output: 110.72 toks/s]
[36m(WorkerDict pid=2744445)[0m Processed prompts:   3%|▎         | 1/32 [09:36<4:58:05, 576.95s/it, est. speed input: 0.18 toks/s, output: 7.01 toks/s]
[36m(WorkerDict pid=2744428)[0m Processed prompts:  78%|███████▊  | 25/32 [09:38<01:06,  9.47s/it, est. speed input: 1.95 toks/s, output: 136.57 toks/s]
[36m(WorkerDict pid=2744441)[0m Processed prompts:  56%|█████▋    | 18/32 [09:40<03:27, 14.80s/it, est. speed input: 1.89 toks/s, output: 105.09 toks/s]
[36m(WorkerDict pid=2744437)[0m Processed prompts:  81%|████████▏ | 26/32 [09:40<01:17, 12.88s/it, est. speed input: 2.31 toks/s, output: 115.28 toks/s]
[36m(WorkerDict pid=2744439)[0m Processed prompts:   9%|▉         | 3/32 [09:44<1:10:26, 145.75s/it, est. speed input: 0.23 toks/s, output: 19.34 toks/s]
[36m(WorkerDict pid=2744428)[0m Processed prompts:  81%|████████▏ | 26/32 [09:47<00:55,  9.30s/it, est. speed input: 2.01 toks/s, output: 141.53 toks/s]
[36m(WorkerDict pid=2744446)[0m Processed prompts:  38%|███▊      | 12/32 [09:49<09:58, 29.93s/it, est. speed input: 0.76 toks/s, output: 67.45 toks/s]
[36m(WorkerDict pid=2744446)[0m Processed prompts:  41%|████      | 13/32 [09:50<06:39, 21.04s/it, est. speed input: 0.94 toks/s, output: 74.40 toks/s]
[36m(WorkerDict pid=2744444)[0m Processed prompts:  53%|█████▎    | 17/32 [09:51<24:09, 96.63s/it, est. speed input: 1.75 toks/s, output: 47.06 toks/s]
[36m(WorkerDict pid=2744428)[0m Processed prompts:  84%|████████▍ | 27/32 [09:55<00:44,  8.96s/it, est. speed input: 2.08 toks/s, output: 146.64 toks/s]
[36m(WorkerDict pid=2744441)[0m Processed prompts:  59%|█████▉    | 19/32 [10:02<03:37, 16.72s/it, est. speed input: 1.97 toks/s, output: 108.42 toks/s]
[36m(WorkerDict pid=2744437)[0m Processed prompts:  84%|████████▍ | 27/32 [10:04<01:20, 16.07s/it, est. speed input: 2.33 toks/s, output: 117.83 toks/s]
[36m(WorkerDict pid=2744439)[0m Processed prompts:  12%|█▎        | 4/32 [10:07<45:32, 97.60s/it, est. speed input: 0.28 toks/s, output: 25.61 toks/s]   
[36m(WorkerDict pid=2744437)[0m Processed prompts:  88%|████████▊ | 28/32 [10:08<00:50, 12.54s/it, est. speed input: 2.43 toks/s, output: 124.03 toks/s]
[36m(WorkerDict pid=2744446)[0m Processed prompts:  44%|████▍     | 14/32 [10:13<06:33, 21.88s/it, est. speed input: 1.07 toks/s, output: 78.55 toks/s]
[36m(WorkerDict pid=2744441)[0m Processed prompts:  62%|██████▎   | 20/32 [10:18<03:19, 16.62s/it, est. speed input: 2.06 toks/s, output: 112.58 toks/s]
[36m(WorkerDict pid=2744438)[0m Processed prompts:  47%|████▋     | 15/32 [10:19<10:37, 37.52s/it, est. speed input: 1.14 toks/s, output: 75.80 toks/s]
[36m(WorkerDict pid=2744428)[0m Processed prompts:  88%|████████▊ | 28/32 [10:18<00:53, 13.36s/it, est. speed input: 2.08 toks/s, output: 148.09 toks/s]
[36m(WorkerDict pid=2744446)[0m Processed prompts:  47%|████▋     | 15/32 [10:20<04:52, 17.19s/it, est. speed input: 1.11 toks/s, output: 84.80 toks/s]
[36m(WorkerDict pid=2744428)[0m Processed prompts:  91%|█████████ | 29/32 [10:21<00:30, 10.04s/it, est. speed input: 2.16 toks/s, output: 154.60 toks/s]
[36m(WorkerDict pid=2744443)[0m Processed prompts:  78%|███████▊  | 25/32 [10:22<03:12, 27.43s/it, est. speed input: 1.96 toks/s, output: 119.66 toks/s]
[36m(WorkerDict pid=2744443)[0m Processed prompts:  81%|████████▏ | 26/32 [10:23<01:56, 19.37s/it, est. speed input: 2.08 toks/s, output: 126.59 toks/s]
[36m(WorkerDict pid=2744441)[0m Processed prompts:  66%|██████▌   | 21/32 [10:24<02:27, 13.45s/it, est. speed input: 2.11 toks/s, output: 118.53 toks/s]
[36m(WorkerDict pid=2744430)[0m Processed prompts:  62%|██████▎   | 20/32 [10:25<07:28, 37.36s/it, est. speed input: 2.86 toks/s, output: 80.05 toks/s]
[36m(WorkerDict pid=2744440)[0m Processed prompts:   3%|▎         | 1/32 [10:27<5:24:13, 627.53s/it, est. speed input: 0.12 toks/s, output: 7.05 toks/s]
[36m(WorkerDict pid=2744441)[0m Processed prompts:  69%|██████▉   | 22/32 [10:29<01:49, 10.92s/it, est. speed input: 2.17 toks/s, output: 124.63 toks/s]
[36m(WorkerDict pid=2744446)[0m Processed prompts:  50%|█████     | 16/32 [10:31<04:08, 15.51s/it, est. speed input: 1.14 toks/s, output: 90.30 toks/s]
[36m(WorkerDict pid=2744443)[0m Processed prompts:  84%|████████▍ | 27/32 [10:34<01:24, 16.85s/it, est. speed input: 2.16 toks/s, output: 131.46 toks/s]
[36m(WorkerDict pid=2744428)[0m Processed prompts:  94%|█████████▍| 30/32 [10:33<00:21, 10.64s/it, est. speed input: 2.18 toks/s, output: 158.73 toks/s]
[36m(WorkerDict pid=2744437)[0m Processed prompts:  91%|█████████ | 29/32 [10:35<00:50, 16.91s/it, est. speed input: 2.44 toks/s, output: 125.80 toks/s]
[36m(WorkerDict pid=2744439)[0m Processed prompts:  16%|█▌        | 5/32 [10:35<32:35, 72.42s/it, est. speed input: 0.37 toks/s, output: 31.56 toks/s]
[36m(WorkerDict pid=2744430)[0m Processed prompts:  66%|██████▌   | 21/32 [10:38<05:29, 29.98s/it, est. speed input: 2.95 toks/s, output: 85.51 toks/s]
[36m(WorkerDict pid=2744438)[0m Processed prompts:  50%|█████     | 16/32 [10:39<08:33, 32.09s/it, est. speed input: 1.18 toks/s, output: 80.55 toks/s]
[36m(WorkerDict pid=2744439)[0m Processed prompts:  19%|█▉        | 6/32 [10:41<21:34, 49.78s/it, est. speed input: 0.42 toks/s, output: 38.34 toks/s]
[36m(WorkerDict pid=2744441)[0m Processed prompts:  72%|███████▏  | 23/32 [10:42<01:42, 11.43s/it, est. speed input: 2.20 toks/s, output: 129.25 toks/s]
[36m(WorkerDict pid=2744430)[0m Processed prompts:  69%|██████▉   | 22/32 [10:46<03:52, 23.30s/it, est. speed input: 3.06 toks/s, output: 91.56 toks/s]
[36m(WorkerDict pid=2744437)[0m Processed prompts:  94%|█████████▍| 30/32 [10:47<00:31, 15.54s/it, est. speed input: 2.50 toks/s, output: 130.49 toks/s]
[36m(WorkerDict pid=2744439)[0m Processed prompts:  22%|██▏       | 7/32 [10:48<14:51, 35.67s/it, est. speed input: 0.47 toks/s, output: 45.04 toks/s]
[36m(WorkerDict pid=2744446)[0m Processed prompts:  53%|█████▎    | 17/32 [10:52<04:16, 17.13s/it, est. speed input: 1.15 toks/s, output: 94.50 toks/s]
[36m(WorkerDict pid=2744428)[0m Processed prompts:  97%|█████████▋| 31/32 [10:54<00:13, 13.80s/it, est. speed input: 2.19 toks/s, output: 160.69 toks/s]
[36m(WorkerDict pid=2744428)[0m [rank0]:E0616 16:13:42.578000 2744428 site-packages/torch/_dynamo/metrics_context.py:105] [0/1] Unexpected exception logging compilation metrics
[36m(WorkerDict pid=2744428)[0m [rank0]:E0616 16:13:42.578000 2744428 site-packages/torch/_dynamo/metrics_context.py:105] [0/1] Traceback (most recent call last):
[36m(WorkerDict pid=2744428)[0m [rank0]:E0616 16:13:42.578000 2744428 site-packages/torch/_dynamo/metrics_context.py:105] [0/1]   File "/usr/local/python3.11.14/lib/python3.11/site-packages/torch/_dynamo/metrics_context.py", line 101, in __exit__
[36m(WorkerDict pid=2744428)[0m [rank0]:E0616 16:13:42.578000 2744428 site-packages/torch/_dynamo/metrics_context.py:105] [0/1]     self._on_exit(
[36m(WorkerDict pid=2744428)[0m [rank0]:E0616 16:13:42.578000 2744428 site-packages/torch/_dynamo/metrics_context.py:105] [0/1]   File "/usr/local/python3.11.14/lib/python3.11/site-packages/torch/_dynamo/utils.py", line 1632, in record_compilation_metrics
[36m(WorkerDict pid=2744428)[0m [rank0]:E0616 16:13:42.578000 2744428 site-packages/torch/_dynamo/metrics_context.py:105] [0/1]     "triton_version": triton.__version__ if has_triton() else "",
[36m(WorkerDict pid=2744428)[0m [rank0]:E0616 16:13:42.578000 2744428 site-packages/torch/_dynamo/metrics_context.py:105] [0/1]                                             ^^^^^^^^^^^^
[36m(WorkerDict pid=2744428)[0m [rank0]:E0616 16:13:42.578000 2744428 site-packages/torch/_dynamo/metrics_context.py:105] [0/1]   File "/usr/local/python3.11.14/lib/python3.11/site-packages/torch/utils/_triton.py", line 159, in has_triton
[36m(WorkerDict pid=2744428)[0m [rank0]:E0616 16:13:42.578000 2744428 site-packages/torch/_dynamo/metrics_context.py:105] [0/1]     return is_device_compatible_with_triton()
[36m(WorkerDict pid=2744428)[0m [rank0]:E0616 16:13:42.578000 2744428 site-packages/torch/_dynamo/metrics_context.py:105] [0/1]            ^^^^^^^^^^^^^^^^^^^^^^^^^^^^^^^^^^
[36m(WorkerDict pid=2744428)[0m [rank0]:E0616 16:13:42.578000 2744428 site-packages/torch/_dynamo/metrics_context.py:105] [0/1]   File "/usr/local/python3.11.14/lib/python3.11/site-packages/torch/utils/_triton.py", line 155, in is_device_compatible_with_triton
[36m(WorkerDict pid=2744428)[0m [rank0]:E0616 16:13:42.578000 2744428 site-packages/torch/_dynamo/metrics_context.py:105] [0/1]     if device_interface.is_available() and extra_check(device_interface):
[36m(WorkerDict pid=2744428)[0m [rank0]:E0616 16:13:42.578000 2744428 site-packages/torch/_dynamo/metrics_context.py:105] [0/1]                                            ^^^^^^^^^^^^^^^^^^^^^^^^^^^^^
[36m(WorkerDict pid=2744428)[0m [rank0]:E0616 16:13:42.578000 2744428 site-packages/torch/_dynamo/metrics_context.py:105] [0/1]   File "/usr/local/python3.11.14/lib/python3.11/site-packages/torch/utils/_triton.py", line 135, in cuda_extra_check
[36m(WorkerDict pid=2744428)[0m [rank0]:E0616 16:13:42.578000 2744428 site-packages/torch/_dynamo/metrics_context.py:105] [0/1]     return device_interface.Worker.get_device_properties().major >= 7
[36m(WorkerDict pid=2744428)[0m [rank0]:E0616 16:13:42.578000 2744428 site-packages/torch/_dynamo/metrics_context.py:105] [0/1]            ^^^^^^^^^^^^^^^^^^^^^^^^^^^^^^^^^^^^^^^^^^^^^^^^^^^^^^^^^^
[36m(WorkerDict pid=2744428)[0m [rank0]:E0616 16:13:42.578000 2744428 site-packages/torch/_dynamo/metrics_context.py:105] [0/1] TypeError: '>=' not supported between instances of 'NoneType' and 'int'
[36m(WorkerDict pid=2744428)[0m Processed prompts: 100%|██████████| 32/32 [10:56<00:00, 10.16s/it, est. speed input: 2.27 toks/s, output: 167.39 toks/s]Processed prompts: 100%|██████████| 32/32 [10:56<00:00, 10.16s/it, est. speed input: 2.27 toks/s, output: 167.39 toks/s]
[36m(WorkerDict pid=2744430)[0m Processed prompts:  72%|███████▏  | 23/32 [10:58<03:01, 20.13s/it, est. speed input: 3.14 toks/s, output: 96.89 toks/s]
[36m(WorkerDict pid=2744439)[0m Processed prompts:  25%|██▌       | 8/32 [11:04<11:47, 29.47s/it, est. speed input: 0.51 toks/s, output: 51.04 toks/s]
[36m(WorkerDict pid=2744439)[0m Processed prompts:  28%|██▊       | 9/32 [11:06<08:00, 20.87s/it, est. speed input: 0.55 toks/s, output: 58.00 toks/s]
[36m(WorkerDict pid=2744445)[0m Processed prompts:   6%|▋         | 2/32 [11:07<2:25:18, 290.62s/it, est. speed input: 0.30 toks/s, output: 13.16 toks/s]
[36m(WorkerDict pid=2744437)[0m Processed prompts:  97%|█████████▋| 31/32 [11:09<00:17, 17.38s/it, est. speed input: 2.52 toks/s, output: 133.37 toks/s]
[36m(WorkerDict pid=2744437)[0m [rank4]:E0616 16:13:57.026000 2744437 site-packages/torch/_dynamo/metrics_context.py:105] [0/1] Unexpected exception logging compilation metrics
[36m(WorkerDict pid=2744437)[0m [rank4]:E0616 16:13:57.026000 2744437 site-packages/torch/_dynamo/metrics_context.py:105] [0/1] Traceback (most recent call last):
[36m(WorkerDict pid=2744437)[0m [rank4]:E0616 16:13:57.026000 2744437 site-packages/torch/_dynamo/metrics_context.py:105] [0/1]   File "/usr/local/python3.11.14/lib/python3.11/site-packages/torch/_dynamo/metrics_context.py", line 101, in __exit__
[36m(WorkerDict pid=2744437)[0m [rank4]:E0616 16:13:57.026000 2744437 site-packages/torch/_dynamo/metrics_context.py:105] [0/1]     self._on_exit(
[36m(WorkerDict pid=2744437)[0m [rank4]:E0616 16:13:57.026000 2744437 site-packages/torch/_dynamo/metrics_context.py:105] [0/1]   File "/usr/local/python3.11.14/lib/python3.11/site-packages/torch/_dynamo/utils.py", line 1632, in record_compilation_metrics
[36m(WorkerDict pid=2744437)[0m [rank4]:E0616 16:13:57.026000 2744437 site-packages/torch/_dynamo/metrics_context.py:105] [0/1]     "triton_version": triton.__version__ if has_triton() else "",
[36m(WorkerDict pid=2744437)[0m [rank4]:E0616 16:13:57.026000 2744437 site-packages/torch/_dynamo/metrics_context.py:105] [0/1]                                             ^^^^^^^^^^^^
[36m(WorkerDict pid=2744437)[0m [rank4]:E0616 16:13:57.026000 2744437 site-packages/torch/_dynamo/metrics_context.py:105] [0/1]   File "/usr/local/python3.11.14/lib/python3.11/site-packages/torch/utils/_triton.py", line 159, in has_triton
[36m(WorkerDict pid=2744437)[0m [rank4]:E0616 16:13:57.026000 2744437 site-packages/torch/_dynamo/metrics_context.py:105] [0/1]     return is_device_compatible_with_triton()
[36m(WorkerDict pid=2744437)[0m [rank4]:E0616 16:13:57.026000 2744437 site-packages/torch/_dynamo/metrics_context.py:105] [0/1]            ^^^^^^^^^^^^^^^^^^^^^^^^^^^^^^^^^^
[36m(WorkerDict pid=2744437)[0m [rank4]:E0616 16:13:57.026000 2744437 site-packages/torch/_dynamo/metrics_context.py:105] [0/1]   File "/usr/local/python3.11.14/lib/python3.11/site-packages/torch/utils/_triton.py", line 155, in is_device_compatible_with_triton
[36m(WorkerDict pid=2744437)[0m [rank4]:E0616 16:13:57.026000 2744437 site-packages/torch/_dynamo/metrics_context.py:105] [0/1]     if device_interface.is_available() and extra_check(device_interface):
[36m(WorkerDict pid=2744437)[0m [rank4]:E0616 16:13:57.026000 2744437 site-packages/torch/_dynamo/metrics_context.py:105] [0/1]                                            ^^^^^^^^^^^^^^^^^^^^^^^^^^^^^
[36m(WorkerDict pid=2744437)[0m [rank4]:E0616 16:13:57.026000 2744437 site-packages/torch/_dynamo/metrics_context.py:105] [0/1]   File "/usr/local/python3.11.14/lib/python3.11/site-packages/torch/utils/_triton.py", line 135, in cuda_extra_check
[36m(WorkerDict pid=2744437)[0m [rank4]:E0616 16:13:57.026000 2744437 site-packages/torch/_dynamo/metrics_context.py:105] [0/1]     return device_interface.Worker.get_device_properties().major >= 7
[36m(WorkerDict pid=2744437)[0m [rank4]:E0616 16:13:57.026000 2744437 site-packages/torch/_dynamo/metrics_context.py:105] [0/1]            ^^^^^^^^^^^^^^^^^^^^^^^^^^^^^^^^^^^^^^^^^^^^^^^^^^^^^^^^^^
[36m(WorkerDict pid=2744437)[0m [rank4]:E0616 16:13:57.026000 2744437 site-packages/torch/_dynamo/metrics_context.py:105] [0/1] TypeError: '>=' not supported between instances of 'NoneType' and 'int'
[36m(WorkerDict pid=2744441)[0m Processed prompts:  75%|███████▌  | 24/32 [11:11<02:13, 16.65s/it, est. speed input: 2.24 toks/s, output: 130.79 toks/s]
[36m(WorkerDict pid=2744439)[0m Processed prompts:  31%|███▏      | 10/32 [11:11<05:55, 16.14s/it, est. speed input: 0.60 toks/s, output: 64.62 toks/s]
[36m(WorkerDict pid=2744430)[0m Processed prompts:  75%|███████▌  | 24/32 [11:12<02:25, 18.17s/it, est. speed input: 3.21 toks/s, output: 102.03 toks/s]
[36m(WorkerDict pid=2744443)[0m Processed prompts:  88%|████████▊ | 28/32 [11:13<01:34, 23.51s/it, est. speed input: 2.14 toks/s, output: 130.93 toks/s]
[36m(WorkerDict pid=2744439)[0m Processed prompts:  34%|███▍      | 11/32 [11:13<04:05, 11.70s/it, est. speed input: 0.70 toks/s, output: 71.57 toks/s]
[36m(WorkerDict pid=2744441)[0m Processed prompts:  78%|███████▊  | 25/32 [11:15<01:30, 12.97s/it, est. speed input: 2.35 toks/s, output: 137.04 toks/s]
[36m(WorkerDict pid=2744430)[0m Processed prompts:  78%|███████▊  | 25/32 [11:17<01:38, 14.11s/it, est. speed input: 3.33 toks/s, output: 108.43 toks/s]
[36m(WorkerDict pid=2744441)[0m Processed prompts:  81%|████████▏ | 26/32 [11:18<01:00, 10.12s/it, est. speed input: 2.47 toks/s, output: 143.44 toks/s]
[36m(WorkerDict pid=2744439)[0m Processed prompts:  38%|███▊      | 12/32 [11:20<03:27, 10.38s/it, est. speed input: 0.79 toks/s, output: 77.91 toks/s]
[36m(WorkerDict pid=2744446)[0m Processed prompts:  56%|█████▋    | 18/32 [11:22<04:54, 21.03s/it, est. speed input: 1.26 toks/s, output: 97.45 toks/s]
[36m(WorkerDict pid=2744430)[0m Processed prompts:  81%|████████▏ | 26/32 [11:23<01:10, 11.82s/it, est. speed input: 3.43 toks/s, output: 114.52 toks/s]
[36m(WorkerDict pid=2744441)[0m Processed prompts:  84%|████████▍ | 27/32 [11:31<00:54, 10.94s/it, est. speed input: 2.55 toks/s, output: 147.91 toks/s]
[36m(WorkerDict pid=2744446)[0m Processed prompts:  62%|██████▎   | 20/32 [11:33<02:45, 13.83s/it, est. speed input: 1.33 toks/s, output: 110.06 toks/s]
[36m(WorkerDict pid=2744430)[0m Processed prompts:  84%|████████▍ | 27/32 [11:35<00:59, 11.86s/it, est. speed input: 3.50 toks/s, output: 119.67 toks/s]
[36m(WorkerDict pid=2744447)[0m Processed prompts:   3%|▎         | 1/32 [11:38<6:00:53, 698.51s/it, est. speed input: 0.17 toks/s, output: 7.13 toks/s]
[36m(WorkerDict pid=2744445)[0m Processed prompts:   9%|▉         | 3/32 [11:48<1:25:27, 176.80s/it, est. speed input: 0.43 toks/s, output: 19.52 toks/s]
[36m(WorkerDict pid=2744446)[0m Processed prompts:  66%|██████▌   | 21/32 [11:54<02:51, 15.63s/it, est. speed input: 1.44 toks/s, output: 113.95 toks/s]
[36m(WorkerDict pid=2744439)[0m Processed prompts:  41%|████      | 13/32 [11:58<05:56, 18.76s/it, est. speed input: 0.80 toks/s, output: 80.94 toks/s]
[36m(WorkerDict pid=2744447)[0m Processed prompts:   6%|▋         | 2/32 [12:05<2:31:38, 303.27s/it, est. speed input: 0.32 toks/s, output: 14.02 toks/s]
[36m(WorkerDict pid=2744437)[0m Processed prompts: 100%|██████████| 32/32 [12:06<00:00, 29.16s/it, est. speed input: 2.42 toks/s, output: 130.12 toks/s]Processed prompts: 100%|██████████| 32/32 [12:06<00:00, 29.16s/it, est. speed input: 2.42 toks/s, output: 130.12 toks/s]
[36m(WorkerDict pid=2744441)[0m Processed prompts:  88%|████████▊ | 28/32 [12:13<01:20, 20.08s/it, est. speed input: 2.47 toks/s, output: 146.70 toks/s]
[36m(WorkerDict pid=2744430)[0m Processed prompts:  88%|████████▊ | 28/32 [12:13<01:18, 19.61s/it, est. speed input: 3.45 toks/s, output: 120.67 toks/s]
[36m(WorkerDict pid=2744444)[0m Processed prompts:  56%|█████▋    | 18/32 [12:12<25:40, 110.03s/it, est. speed input: 1.62 toks/s, output: 45.15 toks/s]
[36m(WorkerDict pid=2744447)[0m Processed prompts:   9%|▉         | 3/32 [12:13<1:21:28, 168.57s/it, est. speed input: 0.47 toks/s, output: 21.02 toks/s]
[36m(WorkerDict pid=2744439)[0m Processed prompts:  44%|████▍     | 14/32 [12:18<05:44, 19.14s/it, est. speed input: 0.87 toks/s, output: 85.90 toks/s]
[36m(WorkerDict pid=2744441)[0m Processed prompts:  91%|█████████ | 29/32 [12:21<00:49, 16.50s/it, est. speed input: 2.56 toks/s, output: 152.24 toks/s]
[36m(WorkerDict pid=2744439)[0m Processed prompts:  47%|████▋     | 15/32 [12:26<04:28, 15.77s/it, est. speed input: 0.90 toks/s, output: 92.16 toks/s]
[36m(WorkerDict pid=2744430)[0m Processed prompts:  91%|█████████ | 29/32 [12:29<00:55, 18.62s/it, est. speed input: 3.50 toks/s, output: 125.20 toks/s]
[36m(WorkerDict pid=2744445)[0m Processed prompts:  12%|█▎        | 4/32 [12:31<57:46, 123.81s/it, est. speed input: 0.54 toks/s, output: 25.57 toks/s]  
[36m(WorkerDict pid=2744439)[0m Processed prompts:  50%|█████     | 16/32 [12:30<03:15, 12.24s/it, est. speed input: 0.99 toks/s, output: 98.82 toks/s]
[36m(WorkerDict pid=2744444)[0m Processed prompts:  59%|█████▉    | 19/32 [12:36<18:11, 84.00s/it, est. speed input: 1.78 toks/s, output: 50.92 toks/s] 
[36m(WorkerDict pid=2744446)[0m Processed prompts:  69%|██████▉   | 22/32 [12:40<03:56, 23.61s/it, est. speed input: 1.49 toks/s, output: 114.21 toks/s]
[36m(WorkerDict pid=2744440)[0m Processed prompts:   6%|▋         | 2/32 [12:41<2:48:37, 337.25s/it, est. speed input: 0.20 toks/s, output: 12.97 toks/s]
[36m(WorkerDict pid=2744446)[0m Processed prompts:  72%|███████▏  | 23/32 [12:43<02:41, 17.93s/it, est. speed input: 1.62 toks/s, output: 120.98 toks/s]
[36m(WorkerDict pid=2744439)[0m Processed prompts:  53%|█████▎    | 17/32 [12:45<03:13, 12.87s/it, est. speed input: 1.06 toks/s, output: 104.14 toks/s]
[36m(WorkerDict pid=2744444)[0m Processed prompts:  62%|██████▎   | 20/32 [12:50<12:37, 63.10s/it, est. speed input: 1.95 toks/s, output: 57.14 toks/s]
[36m(WorkerDict pid=2744430)[0m Processed prompts:  94%|█████████▍| 30/32 [12:52<00:39, 20.00s/it, est. speed input: 3.51 toks/s, output: 128.61 toks/s]
[36m(WorkerDict pid=2744439)[0m Processed prompts:  56%|█████▋    | 18/32 [12:55<02:51, 12.22s/it, est. speed input: 1.14 toks/s, output: 109.89 toks/s]
[36m(WorkerDict pid=2744445)[0m Processed prompts:  16%|█▌        | 5/32 [12:57<39:58, 88.85s/it, est. speed input: 0.65 toks/s, output: 31.86 toks/s] 
[36m(WorkerDict pid=2744446)[0m Processed prompts:  75%|███████▌  | 24/32 [13:00<02:20, 17.51s/it, est. speed input: 1.72 toks/s, output: 125.61 toks/s]
[36m(WorkerDict pid=2744445)[0m Processed prompts:  19%|█▉        | 6/32 [13:04<26:21, 60.83s/it, est. speed input: 0.77 toks/s, output: 38.78 toks/s]
[36m(WorkerDict pid=2744446)[0m Processed prompts:  78%|███████▊  | 25/32 [13:05<01:38, 14.04s/it, est. speed input: 1.85 toks/s, output: 131.95 toks/s]
[36m(WorkerDict pid=2744439)[0m Processed prompts:  59%|█████▉    | 19/32 [13:05<02:30, 11.56s/it, est. speed input: 1.16 toks/s, output: 115.67 toks/s]
[36m(WorkerDict pid=2744439)[0m Processed prompts:  62%|██████▎   | 20/32 [13:06<01:38,  8.21s/it, est. speed input: 1.25 toks/s, output: 122.80 toks/s]
[36m(WorkerDict pid=2744439)[0m Processed prompts:  66%|██████▌   | 21/32 [13:13<01:27,  7.91s/it, est. speed input: 1.28 toks/s, output: 128.88 toks/s]
[36m(WorkerDict pid=2744447)[0m Processed prompts:  12%|█▎        | 4/32 [13:14<58:51, 126.13s/it, est. speed input: 0.58 toks/s, output: 26.59 toks/s]  
[36m(WorkerDict pid=2744447)[0m Processed prompts:  16%|█▌        | 5/32 [13:15<36:24, 80.91s/it, est. speed input: 0.73 toks/s, output: 33.77 toks/s] 
[36m(WorkerDict pid=2744447)[0m Processed prompts:  19%|█▉        | 6/32 [13:15<23:09, 53.44s/it, est. speed input: 0.88 toks/s, output: 40.96 toks/s]
[36m(WorkerDict pid=2744441)[0m Processed prompts:  94%|█████████▍| 30/32 [13:17<00:56, 28.26s/it, est. speed input: 2.49 toks/s, output: 148.80 toks/s]
[36m(WorkerDict pid=2744446)[0m Processed prompts:  81%|████████▏ | 26/32 [13:16<01:19, 13.22s/it, est. speed input: 1.95 toks/s, output: 137.29 toks/s]
[36m(WorkerDict pid=2744439)[0m Processed prompts:  69%|██████▉   | 22/32 [13:24<01:27,  8.76s/it, est. speed input: 1.31 toks/s, output: 134.37 toks/s]
[36m(WorkerDict pid=2744445)[0m Processed prompts:  22%|██▏       | 7/32 [13:26<20:04, 48.17s/it, est. speed input: 0.88 toks/s, output: 44.92 toks/s]
[36m(WorkerDict pid=2744444)[0m Processed prompts:  66%|██████▌   | 21/32 [13:26<10:02, 54.79s/it, est. speed input: 2.05 toks/s, output: 61.83 toks/s]
[36m(WorkerDict pid=2744439)[0m Processed prompts:  72%|███████▏  | 23/32 [13:26<01:01,  6.88s/it, est. speed input: 1.34 toks/s, output: 141.16 toks/s]
[36m(WorkerDict pid=2744444)[0m Processed prompts:  69%|██████▉   | 22/32 [13:29<06:34, 39.48s/it, est. speed input: 2.23 toks/s, output: 68.76 toks/s]
[36m(WorkerDict pid=2744440)[0m Processed prompts:   9%|▉         | 3/32 [13:32<1:39:46, 206.44s/it, est. speed input: 0.28 toks/s, output: 19.37 toks/s]
[36m(WorkerDict pid=2744444)[0m Processed prompts:  72%|███████▏  | 23/32 [13:37<04:28, 29.89s/it, est. speed input: 2.40 toks/s, output: 75.34 toks/s]
[36m(WorkerDict pid=2744430)[0m Processed prompts:  97%|█████████▋| 31/32 [13:38<00:27, 27.63s/it, est. speed input: 3.43 toks/s, output: 128.68 toks/s]
[36m(WorkerDict pid=2744430)[0m [rank2]:E0616 16:16:25.030000 2744430 site-packages/torch/_dynamo/metrics_context.py:105] [0/1] Unexpected exception logging compilation metrics
[36m(WorkerDict pid=2744430)[0m [rank2]:E0616 16:16:25.030000 2744430 site-packages/torch/_dynamo/metrics_context.py:105] [0/1] Traceback (most recent call last):
[36m(WorkerDict pid=2744430)[0m [rank2]:E0616 16:16:25.030000 2744430 site-packages/torch/_dynamo/metrics_context.py:105] [0/1]   File "/usr/local/python3.11.14/lib/python3.11/site-packages/torch/_dynamo/metrics_context.py", line 101, in __exit__
[36m(WorkerDict pid=2744430)[0m [rank2]:E0616 16:16:25.030000 2744430 site-packages/torch/_dynamo/metrics_context.py:105] [0/1]     self._on_exit(
[36m(WorkerDict pid=2744430)[0m [rank2]:E0616 16:16:25.030000 2744430 site-packages/torch/_dynamo/metrics_context.py:105] [0/1]   File "/usr/local/python3.11.14/lib/python3.11/site-packages/torch/_dynamo/utils.py", line 1632, in record_compilation_metrics
[36m(WorkerDict pid=2744430)[0m [rank2]:E0616 16:16:25.030000 2744430 site-packages/torch/_dynamo/metrics_context.py:105] [0/1]     "triton_version": triton.__version__ if has_triton() else "",
[36m(WorkerDict pid=2744430)[0m [rank2]:E0616 16:16:25.030000 2744430 site-packages/torch/_dynamo/metrics_context.py:105] [0/1]                                             ^^^^^^^^^^^^
[36m(WorkerDict pid=2744430)[0m [rank2]:E0616 16:16:25.030000 2744430 site-packages/torch/_dynamo/metrics_context.py:105] [0/1]   File "/usr/local/python3.11.14/lib/python3.11/site-packages/torch/utils/_triton.py", line 159, in has_triton
[36m(WorkerDict pid=2744430)[0m [rank2]:E0616 16:16:25.030000 2744430 site-packages/torch/_dynamo/metrics_context.py:105] [0/1]     return is_device_compatible_with_triton()
[36m(WorkerDict pid=2744430)[0m [rank2]:E0616 16:16:25.030000 2744430 site-packages/torch/_dynamo/metrics_context.py:105] [0/1]            ^^^^^^^^^^^^^^^^^^^^^^^^^^^^^^^^^^
[36m(WorkerDict pid=2744430)[0m [rank2]:E0616 16:16:25.030000 2744430 site-packages/torch/_dynamo/metrics_context.py:105] [0/1]   File "/usr/local/python3.11.14/lib/python3.11/site-packages/torch/utils/_triton.py", line 155, in is_device_compatible_with_triton
[36m(WorkerDict pid=2744430)[0m [rank2]:E0616 16:16:25.030000 2744430 site-packages/torch/_dynamo/metrics_context.py:105] [0/1]     if device_interface.is_available() and extra_check(device_interface):
[36m(WorkerDict pid=2744430)[0m [rank2]:E0616 16:16:25.030000 2744430 site-packages/torch/_dynamo/metrics_context.py:105] [0/1]                                            ^^^^^^^^^^^^^^^^^^^^^^^^^^^^^
[36m(WorkerDict pid=2744430)[0m [rank2]:E0616 16:16:25.030000 2744430 site-packages/torch/_dynamo/metrics_context.py:105] [0/1]   File "/usr/local/python3.11.14/lib/python3.11/site-packages/torch/utils/_triton.py", line 135, in cuda_extra_check
[36m(WorkerDict pid=2744430)[0m [rank2]:E0616 16:16:25.030000 2744430 site-packages/torch/_dynamo/metrics_context.py:105] [0/1]     return device_interface.Worker.get_device_properties().major >= 7
[36m(WorkerDict pid=2744430)[0m [rank2]:E0616 16:16:25.030000 2744430 site-packages/torch/_dynamo/metrics_context.py:105] [0/1]            ^^^^^^^^^^^^^^^^^^^^^^^^^^^^^^^^^^^^^^^^^^^^^^^^^^^^^^^^^^
[36m(WorkerDict pid=2744430)[0m [rank2]:E0616 16:16:25.030000 2744430 site-packages/torch/_dynamo/metrics_context.py:105] [0/1] TypeError: '>=' not supported between instances of 'NoneType' and 'int'
[36m(WorkerDict pid=2744444)[0m Processed prompts:  75%|███████▌  | 24/32 [13:41<02:57, 22.17s/it, est. speed input: 2.58 toks/s, output: 82.17 toks/s]
[36m(WorkerDict pid=2744445)[0m Processed prompts:  25%|██▌       | 8/32 [13:44<15:23, 38.47s/it, est. speed input: 0.98 toks/s, output: 51.17 toks/s]
[36m(WorkerDict pid=2744441)[0m Processed prompts:  97%|█████████▋| 31/32 [13:47<00:28, 28.97s/it, est. speed input: 2.50 toks/s, output: 150.51 toks/s]
[36m(WorkerDict pid=2744441)[0m [rank8]:E0616 16:16:34.397000 2744441 site-packages/torch/_dynamo/metrics_context.py:105] [0/1] Unexpected exception logging compilation metrics
[36m(WorkerDict pid=2744441)[0m [rank8]:E0616 16:16:34.397000 2744441 site-packages/torch/_dynamo/metrics_context.py:105] [0/1] Traceback (most recent call last):
[36m(WorkerDict pid=2744441)[0m [rank8]:E0616 16:16:34.397000 2744441 site-packages/torch/_dynamo/metrics_context.py:105] [0/1]   File "/usr/local/python3.11.14/lib/python3.11/site-packages/torch/_dynamo/metrics_context.py", line 101, in __exit__
[36m(WorkerDict pid=2744441)[0m [rank8]:E0616 16:16:34.397000 2744441 site-packages/torch/_dynamo/metrics_context.py:105] [0/1]     self._on_exit(
[36m(WorkerDict pid=2744441)[0m [rank8]:E0616 16:16:34.397000 2744441 site-packages/torch/_dynamo/metrics_context.py:105] [0/1]   File "/usr/local/python3.11.14/lib/python3.11/site-packages/torch/_dynamo/utils.py", line 1632, in record_compilation_metrics
[36m(WorkerDict pid=2744441)[0m [rank8]:E0616 16:16:34.397000 2744441 site-packages/torch/_dynamo/metrics_context.py:105] [0/1]     "triton_version": triton.__version__ if has_triton() else "",
[36m(WorkerDict pid=2744441)[0m [rank8]:E0616 16:16:34.397000 2744441 site-packages/torch/_dynamo/metrics_context.py:105] [0/1]                                             ^^^^^^^^^^^^
[36m(WorkerDict pid=2744441)[0m [rank8]:E0616 16:16:34.397000 2744441 site-packages/torch/_dynamo/metrics_context.py:105] [0/1]   File "/usr/local/python3.11.14/lib/python3.11/site-packages/torch/utils/_triton.py", line 159, in has_triton
[36m(WorkerDict pid=2744441)[0m [rank8]:E0616 16:16:34.397000 2744441 site-packages/torch/_dynamo/metrics_context.py:105] [0/1]     return is_device_compatible_with_triton()
[36m(WorkerDict pid=2744441)[0m [rank8]:E0616 16:16:34.397000 2744441 site-packages/torch/_dynamo/metrics_context.py:105] [0/1]            ^^^^^^^^^^^^^^^^^^^^^^^^^^^^^^^^^^
[36m(WorkerDict pid=2744441)[0m [rank8]:E0616 16:16:34.397000 2744441 site-packages/torch/_dynamo/metrics_context.py:105] [0/1]   File "/usr/local/python3.11.14/lib/python3.11/site-packages/torch/utils/_triton.py", line 155, in is_device_compatible_with_triton
[36m(WorkerDict pid=2744441)[0m [rank8]:E0616 16:16:34.397000 2744441 site-packages/torch/_dynamo/metrics_context.py:105] [0/1]     if device_interface.is_available() and extra_check(device_interface):
[36m(WorkerDict pid=2744441)[0m [rank8]:E0616 16:16:34.397000 2744441 site-packages/torch/_dynamo/metrics_context.py:105] [0/1]                                            ^^^^^^^^^^^^^^^^^^^^^^^^^^^^^
[36m(WorkerDict pid=2744441)[0m [rank8]:E0616 16:16:34.397000 2744441 site-packages/torch/_dynamo/metrics_context.py:105] [0/1]   File "/usr/local/python3.11.14/lib/python3.11/site-packages/torch/utils/_triton.py", line 135, in cuda_extra_check
[36m(WorkerDict pid=2744441)[0m [rank8]:E0616 16:16:34.397000 2744441 site-packages/torch/_dynamo/metrics_context.py:105] [0/1]     return device_interface.Worker.get_device_properties().major >= 7
[36m(WorkerDict pid=2744441)[0m [rank8]:E0616 16:16:34.397000 2744441 site-packages/torch/_dynamo/metrics_context.py:105] [0/1]            ^^^^^^^^^^^^^^^^^^^^^^^^^^^^^^^^^^^^^^^^^^^^^^^^^^^^^^^^^^
[36m(WorkerDict pid=2744441)[0m [rank8]:E0616 16:16:34.397000 2744441 site-packages/torch/_dynamo/metrics_context.py:105] [0/1] TypeError: '>=' not supported between instances of 'NoneType' and 'int'
[36m(WorkerDict pid=2744444)[0m Processed prompts:  78%|███████▊  | 25/32 [13:53<02:14, 19.18s/it, est. speed input: 2.73 toks/s, output: 88.19 toks/s]
[36m(WorkerDict pid=2744439)[0m Processed prompts:  75%|███████▌  | 24/32 [13:54<01:44, 13.07s/it, est. speed input: 1.38 toks/s, output: 143.73 toks/s]
[36m(WorkerDict pid=2744439)[0m Processed prompts:  78%|███████▊  | 25/32 [13:55<01:05,  9.41s/it, est. speed input: 1.46 toks/s, output: 150.80 toks/s]
[36m(WorkerDict pid=2744430)[0m Processed prompts: 100%|██████████| 32/32 [14:00<00:00, 26.10s/it, est. speed input: 3.44 toks/s, output: 132.45 toks/s]Processed prompts: 100%|██████████| 32/32 [14:00<00:00, 26.10s/it, est. speed input: 3.44 toks/s, output: 132.45 toks/s]
[36m(WorkerDict pid=2744446)[0m Processed prompts:  84%|████████▍ | 27/32 [14:00<01:51, 22.22s/it, est. speed input: 1.98 toks/s, output: 137.34 toks/s]
[36m(WorkerDict pid=2744445)[0m Processed prompts:  28%|██▊       | 9/32 [14:06<12:47, 33.38s/it, est. speed input: 1.07 toks/s, output: 57.05 toks/s]
[36m(WorkerDict pid=2744440)[0m Processed prompts:  12%|█▎        | 4/32 [14:07<1:04:51, 138.99s/it, est. speed input: 0.36 toks/s, output: 25.78 toks/s]
[36m(WorkerDict pid=2744445)[0m Processed prompts:  31%|███▏      | 10/32 [14:12<09:10, 25.03s/it, est. speed input: 1.18 toks/s, output: 63.86 toks/s]
[36m(WorkerDict pid=2744440)[0m Processed prompts:  16%|█▌        | 5/32 [14:13<40:51, 90.78s/it, est. speed input: 0.45 toks/s, output: 32.85 toks/s]   
[36m(WorkerDict pid=2744447)[0m Processed prompts:  22%|██▏       | 7/32 [14:18<23:37, 56.69s/it, est. speed input: 0.95 toks/s, output: 45.17 toks/s]
[36m(WorkerDict pid=2744446)[0m Processed prompts:  88%|████████▊ | 28/32 [14:24<01:30, 22.60s/it, est. speed input: 2.05 toks/s, output: 140.84 toks/s]
[36m(WorkerDict pid=2744440)[0m Processed prompts:  19%|█▉        | 6/32 [14:25<27:48, 64.17s/it, est. speed input: 0.53 toks/s, output: 39.62 toks/s]
[36m(WorkerDict pid=2744447)[0m Processed prompts:  25%|██▌       | 8/32 [14:26<16:27, 41.14s/it, est. speed input: 1.07 toks/s, output: 52.01 toks/s]
[36m(WorkerDict pid=2744441)[0m Processed prompts: 100%|██████████| 32/32 [14:30<00:00, 33.19s/it, est. speed input: 2.48 toks/s, output: 150.31 toks/s]Processed prompts: 100%|██████████| 32/32 [14:30<00:00, 33.19s/it, est. speed input: 2.48 toks/s, output: 150.31 toks/s]
[36m(WorkerDict pid=2744445)[0m Processed prompts:  34%|███▍      | 11/32 [14:32<08:11, 23.42s/it, est. speed input: 1.27 toks/s, output: 69.66 toks/s]
[36m(WorkerDict pid=2744440)[0m Processed prompts:  22%|██▏       | 7/32 [14:44<20:31, 49.27s/it, est. speed input: 0.60 toks/s, output: 46.04 toks/s]
[36m(WorkerDict pid=2744447)[0m Processed prompts:  28%|██▊       | 9/32 [14:46<13:17, 34.66s/it, est. speed input: 1.18 toks/s, output: 58.07 toks/s]
[36m(WorkerDict pid=2744440)[0m Processed prompts:  25%|██▌       | 8/32 [14:52<14:28, 36.19s/it, est. speed input: 0.68 toks/s, output: 52.87 toks/s]
[36m(WorkerDict pid=2744440)[0m Processed prompts:  28%|██▊       | 9/32 [14:57<10:04, 26.28s/it, est. speed input: 0.76 toks/s, output: 59.87 toks/s]
[36m(WorkerDict pid=2744439)[0m Processed prompts:  81%|████████▏ | 26/32 [15:00<02:36, 26.10s/it, est. speed input: 1.43 toks/s, output: 147.18 toks/s]
[36m(WorkerDict pid=2744440)[0m Processed prompts:  31%|███▏      | 10/32 [15:04<07:31, 20.52s/it, est. speed input: 0.84 toks/s, output: 66.63 toks/s]
[36m(WorkerDict pid=2744444)[0m Processed prompts:  81%|████████▏ | 26/32 [15:08<03:35, 35.90s/it, est. speed input: 2.67 toks/s, output: 88.19 toks/s]
[36m(WorkerDict pid=2744443)[0m Processed prompts:  91%|█████████ | 29/32 [15:12<04:24, 88.08s/it, est. speed input: 1.67 toks/s, output: 103.93 toks/s]
[36m(WorkerDict pid=2744446)[0m Processed prompts:  91%|█████████ | 29/32 [15:13<01:31, 30.64s/it, est. speed input: 2.05 toks/s, output: 140.44 toks/s]
[36m(WorkerDict pid=2744429)[0m Processed prompts:  53%|█████▎    | 17/32 [15:17<43:16, 173.07s/it, est. speed input: 0.70 toks/s, output: 40.01 toks/s]
[36m(WorkerDict pid=2744444)[0m Processed prompts:  84%|████████▍ | 27/32 [15:18<02:20, 28.13s/it, est. speed input: 2.81 toks/s, output: 94.49 toks/s]
[36m(WorkerDict pid=2744440)[0m Processed prompts:  34%|███▍      | 11/32 [15:24<07:04, 20.21s/it, est. speed input: 0.90 toks/s, output: 72.49 toks/s]
[36m(WorkerDict pid=2744439)[0m Processed prompts:  84%|████████▍ | 27/32 [15:23<02:07, 25.42s/it, est. speed input: 1.43 toks/s, output: 150.64 toks/s]
[36m(WorkerDict pid=2744443)[0m Processed prompts:  94%|█████████▍| 30/32 [15:38<02:19, 69.60s/it, est. speed input: 1.70 toks/s, output: 108.25 toks/s]
[36m(WorkerDict pid=2744429)[0m Processed prompts:  56%|█████▋    | 18/32 [15:39<29:48, 127.73s/it, est. speed input: 0.78 toks/s, output: 46.33 toks/s]
[36m(WorkerDict pid=2744447)[0m Processed prompts:  31%|███▏      | 10/32 [15:50<15:58, 43.55s/it, est. speed input: 1.22 toks/s, output: 61.46 toks/s]
[36m(WorkerDict pid=2744439)[0m Processed prompts:  88%|████████▊ | 28/32 [15:53<01:46, 26.56s/it, est. speed input: 1.42 toks/s, output: 153.30 toks/s]
[36m(WorkerDict pid=2744444)[0m Processed prompts:  88%|████████▊ | 28/32 [15:54<02:01, 30.29s/it, est. speed input: 2.87 toks/s, output: 98.26 toks/s]
[36m(WorkerDict pid=2744447)[0m Processed prompts:  34%|███▍      | 11/32 [16:05<12:14, 34.97s/it, est. speed input: 1.32 toks/s, output: 67.75 toks/s]
[36m(WorkerDict pid=2744445)[0m Processed prompts:  38%|███▊      | 12/32 [16:09<15:13, 45.69s/it, est. speed input: 1.25 toks/s, output: 69.98 toks/s]
[36m(WorkerDict pid=2744429)[0m Processed prompts:  59%|█████▉    | 19/32 [16:35<22:59, 106.11s/it, est. speed input: 0.82 toks/s, output: 51.03 toks/s]
[36m(WorkerDict pid=2744446)[0m Processed prompts:  94%|█████████▍| 30/32 [16:36<01:32, 46.24s/it, est. speed input: 1.99 toks/s, output: 136.03 toks/s]
[36m(WorkerDict pid=2744444)[0m Processed prompts:  91%|█████████ | 29/32 [16:38<01:44, 34.69s/it, est. speed input: 2.90 toks/s, output: 101.13 toks/s]
[36m(WorkerDict pid=2744444)[0m Processed prompts:  94%|█████████▍| 30/32 [16:48<00:54, 27.20s/it, est. speed input: 3.02 toks/s, output: 107.45 toks/s]
[36m(WorkerDict pid=2744444)[0m Processed prompts:  97%|█████████▋| 31/32 [16:54<00:20, 20.90s/it, est. speed input: 3.16 toks/s, output: 114.08 toks/s]
[36m(WorkerDict pid=2744444)[0m [rank11]:E0616 16:19:42.151000 2744444 site-packages/torch/_dynamo/metrics_context.py:105] [0/1] Unexpected exception logging compilation metrics
[36m(WorkerDict pid=2744444)[0m [rank11]:E0616 16:19:42.151000 2744444 site-packages/torch/_dynamo/metrics_context.py:105] [0/1] Traceback (most recent call last):
[36m(WorkerDict pid=2744444)[0m [rank11]:E0616 16:19:42.151000 2744444 site-packages/torch/_dynamo/metrics_context.py:105] [0/1]   File "/usr/local/python3.11.14/lib/python3.11/site-packages/torch/_dynamo/metrics_context.py", line 101, in __exit__
[36m(WorkerDict pid=2744444)[0m [rank11]:E0616 16:19:42.151000 2744444 site-packages/torch/_dynamo/metrics_context.py:105] [0/1]     self._on_exit(
[36m(WorkerDict pid=2744444)[0m [rank11]:E0616 16:19:42.151000 2744444 site-packages/torch/_dynamo/metrics_context.py:105] [0/1]   File "/usr/local/python3.11.14/lib/python3.11/site-packages/torch/_dynamo/utils.py", line 1632, in record_compilation_metrics
[36m(WorkerDict pid=2744444)[0m [rank11]:E0616 16:19:42.151000 2744444 site-packages/torch/_dynamo/metrics_context.py:105] [0/1]     "triton_version": triton.__version__ if has_triton() else "",
[36m(WorkerDict pid=2744444)[0m [rank11]:E0616 16:19:42.151000 2744444 site-packages/torch/_dynamo/metrics_context.py:105] [0/1]                                             ^^^^^^^^^^^^
[36m(WorkerDict pid=2744444)[0m [rank11]:E0616 16:19:42.151000 2744444 site-packages/torch/_dynamo/metrics_context.py:105] [0/1]   File "/usr/local/python3.11.14/lib/python3.11/site-packages/torch/utils/_triton.py", line 159, in has_triton
[36m(WorkerDict pid=2744444)[0m [rank11]:E0616 16:19:42.151000 2744444 site-packages/torch/_dynamo/metrics_context.py:105] [0/1]     return is_device_compatible_with_triton()
[36m(WorkerDict pid=2744444)[0m [rank11]:E0616 16:19:42.151000 2744444 site-packages/torch/_dynamo/metrics_context.py:105] [0/1]            ^^^^^^^^^^^^^^^^^^^^^^^^^^^^^^^^^^
[36m(WorkerDict pid=2744444)[0m [rank11]:E0616 16:19:42.151000 2744444 site-packages/torch/_dynamo/metrics_context.py:105] [0/1]   File "/usr/local/python3.11.14/lib/python3.11/site-packages/torch/utils/_triton.py", line 155, in is_device_compatible_with_triton
[36m(WorkerDict pid=2744444)[0m [rank11]:E0616 16:19:42.151000 2744444 site-packages/torch/_dynamo/metrics_context.py:105] [0/1]     if device_interface.is_available() and extra_check(device_interface):
[36m(WorkerDict pid=2744444)[0m [rank11]:E0616 16:19:42.151000 2744444 site-packages/torch/_dynamo/metrics_context.py:105] [0/1]                                            ^^^^^^^^^^^^^^^^^^^^^^^^^^^^^
[36m(WorkerDict pid=2744444)[0m [rank11]:E0616 16:19:42.151000 2744444 site-packages/torch/_dynamo/metrics_context.py:105] [0/1]   File "/usr/local/python3.11.14/lib/python3.11/site-packages/torch/utils/_triton.py", line 135, in cuda_extra_check
[36m(WorkerDict pid=2744444)[0m [rank11]:E0616 16:19:42.151000 2744444 site-packages/torch/_dynamo/metrics_context.py:105] [0/1]     return device_interface.Worker.get_device_properties().major >= 7
[36m(WorkerDict pid=2744444)[0m [rank11]:E0616 16:19:42.151000 2744444 site-packages/torch/_dynamo/metrics_context.py:105] [0/1]            ^^^^^^^^^^^^^^^^^^^^^^^^^^^^^^^^^^^^^^^^^^^^^^^^^^^^^^^^^^
[36m(WorkerDict pid=2744444)[0m [rank11]:E0616 16:19:42.151000 2744444 site-packages/torch/_dynamo/metrics_context.py:105] [0/1] TypeError: '>=' not supported between instances of 'NoneType' and 'int'
[36m(WorkerDict pid=2744440)[0m Processed prompts:  38%|███▊      | 12/32 [16:56<14:01, 42.05s/it, est. speed input: 0.90 toks/s, output: 73.22 toks/s]
[36m(WorkerDict pid=2744429)[0m Processed prompts:  62%|██████▎   | 20/32 [16:55<16:02, 80.20s/it, est. speed input: 0.89 toks/s, output: 57.33 toks/s] 
[36m(WorkerDict pid=2744443)[0m Processed prompts:  97%|█████████▋| 31/32 [17:00<01:13, 73.22s/it, est. speed input: 1.64 toks/s, output: 106.88 toks/s]
[36m(WorkerDict pid=2744443)[0m [rank10]:E0616 16:19:46.955000 2744443 site-packages/torch/_dynamo/metrics_context.py:105] [0/1] Unexpected exception logging compilation metrics
[36m(WorkerDict pid=2744443)[0m [rank10]:E0616 16:19:46.955000 2744443 site-packages/torch/_dynamo/metrics_context.py:105] [0/1] Traceback (most recent call last):
[36m(WorkerDict pid=2744443)[0m [rank10]:E0616 16:19:46.955000 2744443 site-packages/torch/_dynamo/metrics_context.py:105] [0/1]   File "/usr/local/python3.11.14/lib/python3.11/site-packages/torch/_dynamo/metrics_context.py", line 101, in __exit__
[36m(WorkerDict pid=2744443)[0m [rank10]:E0616 16:19:46.955000 2744443 site-packages/torch/_dynamo/metrics_context.py:105] [0/1]     self._on_exit(
[36m(WorkerDict pid=2744443)[0m [rank10]:E0616 16:19:46.955000 2744443 site-packages/torch/_dynamo/metrics_context.py:105] [0/1]   File "/usr/local/python3.11.14/lib/python3.11/site-packages/torch/_dynamo/utils.py", line 1632, in record_compilation_metrics
[36m(WorkerDict pid=2744443)[0m [rank10]:E0616 16:19:46.955000 2744443 site-packages/torch/_dynamo/metrics_context.py:105] [0/1]     "triton_version": triton.__version__ if has_triton() else "",
[36m(WorkerDict pid=2744443)[0m [rank10]:E0616 16:19:46.955000 2744443 site-packages/torch/_dynamo/metrics_context.py:105] [0/1]                                             ^^^^^^^^^^^^
[36m(WorkerDict pid=2744443)[0m [rank10]:E0616 16:19:46.955000 2744443 site-packages/torch/_dynamo/metrics_context.py:105] [0/1]   File "/usr/local/python3.11.14/lib/python3.11/site-packages/torch/utils/_triton.py", line 159, in has_triton
[36m(WorkerDict pid=2744443)[0m [rank10]:E0616 16:19:46.955000 2744443 site-packages/torch/_dynamo/metrics_context.py:105] [0/1]     return is_device_compatible_with_triton()
[36m(WorkerDict pid=2744443)[0m [rank10]:E0616 16:19:46.955000 2744443 site-packages/torch/_dynamo/metrics_context.py:105] [0/1]            ^^^^^^^^^^^^^^^^^^^^^^^^^^^^^^^^^^
[36m(WorkerDict pid=2744443)[0m [rank10]:E0616 16:19:46.955000 2744443 site-packages/torch/_dynamo/metrics_context.py:105] [0/1]   File "/usr/local/python3.11.14/lib/python3.11/site-packages/torch/utils/_triton.py", line 155, in is_device_compatible_with_triton
[36m(WorkerDict pid=2744443)[0m [rank10]:E0616 16:19:46.955000 2744443 site-packages/torch/_dynamo/metrics_context.py:105] [0/1]     if device_interface.is_available() and extra_check(device_interface):
[36m(WorkerDict pid=2744443)[0m [rank10]:E0616 16:19:46.955000 2744443 site-packages/torch/_dynamo/metrics_context.py:105] [0/1]                                            ^^^^^^^^^^^^^^^^^^^^^^^^^^^^^
[36m(WorkerDict pid=2744443)[0m [rank10]:E0616 16:19:46.955000 2744443 site-packages/torch/_dynamo/metrics_context.py:105] [0/1]   File "/usr/local/python3.11.14/lib/python3.11/site-packages/torch/utils/_triton.py", line 135, in cuda_extra_check
[36m(WorkerDict pid=2744443)[0m [rank10]:E0616 16:19:46.955000 2744443 site-packages/torch/_dynamo/metrics_context.py:105] [0/1]     return device_interface.Worker.get_device_properties().major >= 7
[36m(WorkerDict pid=2744443)[0m [rank10]:E0616 16:19:46.955000 2744443 site-packages/torch/_dynamo/metrics_context.py:105] [0/1]            ^^^^^^^^^^^^^^^^^^^^^^^^^^^^^^^^^^^^^^^^^^^^^^^^^^^^^^^^^^
[36m(WorkerDict pid=2744443)[0m [rank10]:E0616 16:19:46.955000 2744443 site-packages/torch/_dynamo/metrics_context.py:105] [0/1] TypeError: '>=' not supported between instances of 'NoneType' and 'int'
[36m(WorkerDict pid=2744429)[0m Processed prompts:  66%|██████▌   | 21/32 [17:15<11:24, 62.24s/it, est. speed input: 0.96 toks/s, output: 63.51 toks/s]
[36m(WorkerDict pid=2744443)[0m Processed prompts: 100%|██████████| 32/32 [17:23<00:00, 58.19s/it, est. speed input: 1.67 toks/s, output: 111.81 toks/s]Processed prompts: 100%|██████████| 32/32 [17:23<00:00, 58.19s/it, est. speed input: 1.67 toks/s, output: 111.81 toks/s]
[36m(WorkerDict pid=2744446)[0m Processed prompts:  97%|█████████▋| 31/32 [17:29<00:48, 48.06s/it, est. speed input: 1.99 toks/s, output: 136.55 toks/s]
[36m(WorkerDict pid=2744446)[0m [rank14]:E0616 16:20:16.637000 2744446 site-packages/torch/_dynamo/metrics_context.py:105] [0/1] Unexpected exception logging compilation metrics
[36m(WorkerDict pid=2744446)[0m [rank14]:E0616 16:20:16.637000 2744446 site-packages/torch/_dynamo/metrics_context.py:105] [0/1] Traceback (most recent call last):
[36m(WorkerDict pid=2744446)[0m [rank14]:E0616 16:20:16.637000 2744446 site-packages/torch/_dynamo/metrics_context.py:105] [0/1]   File "/usr/local/python3.11.14/lib/python3.11/site-packages/torch/_dynamo/metrics_context.py", line 101, in __exit__
[36m(WorkerDict pid=2744446)[0m [rank14]:E0616 16:20:16.637000 2744446 site-packages/torch/_dynamo/metrics_context.py:105] [0/1]     self._on_exit(
[36m(WorkerDict pid=2744446)[0m [rank14]:E0616 16:20:16.637000 2744446 site-packages/torch/_dynamo/metrics_context.py:105] [0/1]   File "/usr/local/python3.11.14/lib/python3.11/site-packages/torch/_dynamo/utils.py", line 1632, in record_compilation_metrics
[36m(WorkerDict pid=2744446)[0m [rank14]:E0616 16:20:16.637000 2744446 site-packages/torch/_dynamo/metrics_context.py:105] [0/1]     "triton_version": triton.__version__ if has_triton() else "",
[36m(WorkerDict pid=2744446)[0m [rank14]:E0616 16:20:16.637000 2744446 site-packages/torch/_dynamo/metrics_context.py:105] [0/1]                                             ^^^^^^^^^^^^
[36m(WorkerDict pid=2744446)[0m [rank14]:E0616 16:20:16.637000 2744446 site-packages/torch/_dynamo/metrics_context.py:105] [0/1]   File "/usr/local/python3.11.14/lib/python3.11/site-packages/torch/utils/_triton.py", line 159, in has_triton
[36m(WorkerDict pid=2744446)[0m [rank14]:E0616 16:20:16.637000 2744446 site-packages/torch/_dynamo/metrics_context.py:105] [0/1]     return is_device_compatible_with_triton()
[36m(WorkerDict pid=2744446)[0m [rank14]:E0616 16:20:16.637000 2744446 site-packages/torch/_dynamo/metrics_context.py:105] [0/1]            ^^^^^^^^^^^^^^^^^^^^^^^^^^^^^^^^^^
[36m(WorkerDict pid=2744446)[0m [rank14]:E0616 16:20:16.637000 2744446 site-packages/torch/_dynamo/metrics_context.py:105] [0/1]   File "/usr/local/python3.11.14/lib/python3.11/site-packages/torch/utils/_triton.py", line 155, in is_device_compatible_with_triton
[36m(WorkerDict pid=2744446)[0m [rank14]:E0616 16:20:16.637000 2744446 site-packages/torch/_dynamo/metrics_context.py:105] [0/1]     if device_interface.is_available() and extra_check(device_interface):
[36m(WorkerDict pid=2744446)[0m [rank14]:E0616 16:20:16.637000 2744446 site-packages/torch/_dynamo/metrics_context.py:105] [0/1]                                            ^^^^^^^^^^^^^^^^^^^^^^^^^^^^^
[36m(WorkerDict pid=2744446)[0m [rank14]:E0616 16:20:16.637000 2744446 site-packages/torch/_dynamo/metrics_context.py:105] [0/1]   File "/usr/local/python3.11.14/lib/python3.11/site-packages/torch/utils/_triton.py", line 135, in cuda_extra_check
[36m(WorkerDict pid=2744446)[0m [rank14]:E0616 16:20:16.637000 2744446 site-packages/torch/_dynamo/metrics_context.py:105] [0/1]     return device_interface.Worker.get_device_properties().major >= 7
[36m(WorkerDict pid=2744446)[0m [rank14]:E0616 16:20:16.637000 2744446 site-packages/torch/_dynamo/metrics_context.py:105] [0/1]            ^^^^^^^^^^^^^^^^^^^^^^^^^^^^^^^^^^^^^^^^^^^^^^^^^^^^^^^^^^
[36m(WorkerDict pid=2744446)[0m [rank14]:E0616 16:20:16.637000 2744446 site-packages/torch/_dynamo/metrics_context.py:105] [0/1] TypeError: '>=' not supported between instances of 'NoneType' and 'int'
[36m(WorkerDict pid=2744447)[0m Processed prompts:  38%|███▊      | 12/32 [17:31<16:46, 50.33s/it, est. speed input: 1.32 toks/s, output: 69.54 toks/s]
[36m(WorkerDict pid=2744440)[0m Processed prompts:  41%|████      | 13/32 [17:32<12:46, 40.33s/it, est. speed input: 0.94 toks/s, output: 77.98 toks/s]
[36m(WorkerDict pid=2744447)[0m Processed prompts:  41%|████      | 13/32 [17:32<11:13, 35.45s/it, est. speed input: 1.43 toks/s, output: 76.77 toks/s]
[36m(WorkerDict pid=2744447)[0m Processed prompts:  44%|████▍     | 14/32 [17:36<07:44, 25.83s/it, est. speed input: 1.54 toks/s, output: 83.81 toks/s]
[36m(WorkerDict pid=2744446)[0m Processed prompts: 100%|██████████| 32/32 [17:45<00:00, 38.58s/it, est. speed input: 2.06 toks/s, output: 141.76 toks/s]Processed prompts: 100%|██████████| 32/32 [17:45<00:00, 38.58s/it, est. speed input: 2.06 toks/s, output: 141.76 toks/s]
[36m(WorkerDict pid=2744439)[0m Processed prompts:  91%|█████████ | 29/32 [17:45<02:37, 52.42s/it, est. speed input: 1.34 toks/s, output: 144.38 toks/s]
[36m(WorkerDict pid=2744447)[0m Processed prompts:  47%|████▋     | 15/32 [17:52<06:28, 22.88s/it, est. speed input: 1.62 toks/s, output: 89.85 toks/s]
[36m(WorkerDict pid=2744439)[0m Processed prompts:  94%|█████████▍| 30/32 [17:57<01:20, 40.12s/it, est. speed input: 1.39 toks/s, output: 150.16 toks/s]
[36m(WorkerDict pid=2744445)[0m Processed prompts:  41%|████      | 13/32 [17:58<20:32, 64.88s/it, est. speed input: 1.22 toks/s, output: 70.21 toks/s]
[36m(WorkerDict pid=2744429)[0m Processed prompts:  69%|██████▉   | 22/32 [17:58<09:24, 56.42s/it, est. speed input: 1.00 toks/s, output: 68.29 toks/s]
[36m(WorkerDict pid=2744440)[0m Processed prompts:  44%|████▍     | 14/32 [18:41<14:38, 48.83s/it, est. speed input: 0.95 toks/s, output: 80.53 toks/s]
[36m(WorkerDict pid=2744439)[0m Processed prompts:  97%|█████████▋| 31/32 [18:41<00:41, 41.37s/it, est. speed input: 1.39 toks/s, output: 151.54 toks/s]
[36m(WorkerDict pid=2744439)[0m [rank6]:E0616 16:21:29.093000 2744439 site-packages/torch/_dynamo/metrics_context.py:105] [0/1] Unexpected exception logging compilation metrics
[36m(WorkerDict pid=2744439)[0m [rank6]:E0616 16:21:29.093000 2744439 site-packages/torch/_dynamo/metrics_context.py:105] [0/1] Traceback (most recent call last):
[36m(WorkerDict pid=2744439)[0m [rank6]:E0616 16:21:29.093000 2744439 site-packages/torch/_dynamo/metrics_context.py:105] [0/1]   File "/usr/local/python3.11.14/lib/python3.11/site-packages/torch/_dynamo/metrics_context.py", line 101, in __exit__
[36m(WorkerDict pid=2744439)[0m [rank6]:E0616 16:21:29.093000 2744439 site-packages/torch/_dynamo/metrics_context.py:105] [0/1]     self._on_exit(
[36m(WorkerDict pid=2744439)[0m [rank6]:E0616 16:21:29.093000 2744439 site-packages/torch/_dynamo/metrics_context.py:105] [0/1]   File "/usr/local/python3.11.14/lib/python3.11/site-packages/torch/_dynamo/utils.py", line 1632, in record_compilation_metrics
[36m(WorkerDict pid=2744439)[0m [rank6]:E0616 16:21:29.093000 2744439 site-packages/torch/_dynamo/metrics_context.py:105] [0/1]     "triton_version": triton.__version__ if has_triton() else "",
[36m(WorkerDict pid=2744439)[0m [rank6]:E0616 16:21:29.093000 2744439 site-packages/torch/_dynamo/metrics_context.py:105] [0/1]                                             ^^^^^^^^^^^^
[36m(WorkerDict pid=2744439)[0m [rank6]:E0616 16:21:29.093000 2744439 site-packages/torch/_dynamo/metrics_context.py:105] [0/1]   File "/usr/local/python3.11.14/lib/python3.11/site-packages/torch/utils/_triton.py", line 159, in has_triton
[36m(WorkerDict pid=2744439)[0m [rank6]:E0616 16:21:29.093000 2744439 site-packages/torch/_dynamo/metrics_context.py:105] [0/1]     return is_device_compatible_with_triton()
[36m(WorkerDict pid=2744439)[0m [rank6]:E0616 16:21:29.093000 2744439 site-packages/torch/_dynamo/metrics_context.py:105] [0/1]            ^^^^^^^^^^^^^^^^^^^^^^^^^^^^^^^^^^
[36m(WorkerDict pid=2744439)[0m [rank6]:E0616 16:21:29.093000 2744439 site-packages/torch/_dynamo/metrics_context.py:105] [0/1]   File "/usr/local/python3.11.14/lib/python3.11/site-packages/torch/utils/_triton.py", line 155, in is_device_compatible_with_triton
[36m(WorkerDict pid=2744439)[0m [rank6]:E0616 16:21:29.093000 2744439 site-packages/torch/_dynamo/metrics_context.py:105] [0/1]     if device_interface.is_available() and extra_check(device_interface):
[36m(WorkerDict pid=2744439)[0m [rank6]:E0616 16:21:29.093000 2744439 site-packages/torch/_dynamo/metrics_context.py:105] [0/1]                                            ^^^^^^^^^^^^^^^^^^^^^^^^^^^^^
[36m(WorkerDict pid=2744439)[0m [rank6]:E0616 16:21:29.093000 2744439 site-packages/torch/_dynamo/metrics_context.py:105] [0/1]   File "/usr/local/python3.11.14/lib/python3.11/site-packages/torch/utils/_triton.py", line 135, in cuda_extra_check
[36m(WorkerDict pid=2744439)[0m [rank6]:E0616 16:21:29.093000 2744439 site-packages/torch/_dynamo/metrics_context.py:105] [0/1]     return device_interface.Worker.get_device_properties().major >= 7
[36m(WorkerDict pid=2744439)[0m [rank6]:E0616 16:21:29.093000 2744439 site-packages/torch/_dynamo/metrics_context.py:105] [0/1]            ^^^^^^^^^^^^^^^^^^^^^^^^^^^^^^^^^^^^^^^^^^^^^^^^^^^^^^^^^^
[36m(WorkerDict pid=2744439)[0m [rank6]:E0616 16:21:29.093000 2744439 site-packages/torch/_dynamo/metrics_context.py:105] [0/1] TypeError: '>=' not supported between instances of 'NoneType' and 'int'
[36m(WorkerDict pid=2744444)[0m Processed prompts: 100%|██████████| 32/32 [18:56<00:00, 51.19s/it, est. speed input: 2.96 toks/s, output: 109.17 toks/s]Processed prompts: 100%|██████████| 32/32 [18:56<00:00, 51.19s/it, est. speed input: 2.96 toks/s, output: 109.17 toks/s]
[36m(WorkerDict pid=2744440)[0m Processed prompts:  47%|████▋     | 15/32 [19:04<11:38, 41.11s/it, est. speed input: 1.00 toks/s, output: 86.21 toks/s]
[36m(WorkerDict pid=2744429)[0m Processed prompts:  72%|███████▏  | 23/32 [19:07<09:00, 60.01s/it, est. speed input: 1.01 toks/s, output: 71.54 toks/s]
[36m(WorkerDict pid=2744440)[0m Processed prompts:  50%|█████     | 16/32 [19:12<08:21, 31.35s/it, est. speed input: 1.05 toks/s, output: 92.87 toks/s]
[36m(WorkerDict pid=2744445)[0m Processed prompts:  44%|████▍     | 14/32 [19:16<20:38, 68.82s/it, est. speed input: 1.26 toks/s, output: 72.79 toks/s]
[36m(WorkerDict pid=2744445)[0m Processed prompts:  47%|████▋     | 15/32 [19:17<13:45, 48.55s/it, est. speed input: 1.38 toks/s, output: 80.00 toks/s]
[36m(WorkerDict pid=2744429)[0m Processed prompts:  75%|███████▌  | 24/32 [19:26<06:22, 47.81s/it, est. speed input: 1.07 toks/s, output: 77.67 toks/s]
[36m(WorkerDict pid=2744429)[0m Processed prompts:  78%|███████▊  | 25/32 [19:27<03:56, 33.79s/it, est. speed input: 1.14 toks/s, output: 84.92 toks/s]
[36m(WorkerDict pid=2744429)[0m Processed prompts:  81%|████████▏ | 26/32 [19:51<03:04, 30.75s/it, est. speed input: 1.19 toks/s, output: 90.56 toks/s]
[36m(WorkerDict pid=2744445)[0m Processed prompts:  50%|█████     | 16/32 [19:54<12:00, 45.02s/it, est. speed input: 1.46 toks/s, output: 84.85 toks/s]
[36m(WorkerDict pid=2744445)[0m Processed prompts:  53%|█████▎    | 17/32 [20:11<09:07, 36.50s/it, est. speed input: 1.53 toks/s, output: 91.00 toks/s]
[36m(WorkerDict pid=2744429)[0m Processed prompts:  84%|████████▍ | 27/32 [20:46<03:10, 38.12s/it, est. speed input: 1.21 toks/s, output: 93.87 toks/s]
[36m(WorkerDict pid=2744429)[0m Processed prompts:  88%|████████▊ | 28/32 [20:50<01:51, 27.86s/it, est. speed input: 1.27 toks/s, output: 100.90 toks/s]
[36m(WorkerDict pid=2744442)[0m Processed prompts:   3%|▎         | 1/32 [20:59<10:50:45, 1259.52s/it, est. speed input: 0.04 toks/s, output: 7.32 toks/s]
[36m(WorkerDict pid=2744429)[0m Processed prompts:  91%|█████████ | 29/32 [21:19<01:24, 28.23s/it, est. speed input: 1.31 toks/s, output: 105.93 toks/s]
[36m(WorkerDict pid=2744442)[0m Processed prompts:   6%|▋         | 2/32 [21:32<4:28:53, 537.77s/it, est. speed input: 0.08 toks/s, output: 14.46 toks/s] 
[36m(WorkerDict pid=2744445)[0m Processed prompts:  56%|█████▋    | 18/32 [21:41<12:18, 52.76s/it, est. speed input: 1.53 toks/s, output: 91.99 toks/s]
[36m(WorkerDict pid=2744445)[0m Processed prompts:  59%|█████▉    | 19/32 [21:42<08:01, 37.06s/it, est. speed input: 1.64 toks/s, output: 99.27 toks/s]
[36m(WorkerDict pid=2744429)[0m Processed prompts:  94%|█████████▍| 30/32 [21:45<00:55, 27.60s/it, est. speed input: 1.35 toks/s, output: 111.14 toks/s]
[36m(WorkerDict pid=2744448)[0m Processed prompts:  53%|█████▎    | 17/32 [21:58<1:08:14, 272.97s/it, est. speed input: 0.52 toks/s, output: 35.67 toks/s]
[36m(WorkerDict pid=2744442)[0m Processed prompts:   9%|▉         | 3/32 [23:07<2:42:11, 335.57s/it, est. speed input: 0.11 toks/s, output: 20.80 toks/s]
[36m(WorkerDict pid=2744442)[0m [rank9]:E0616 16:26:16.536000 2744442 site-packages/torch/_dynamo/metrics_context.py:105] [0/1] Unexpected exception logging compilation metrics
[36m(WorkerDict pid=2744442)[0m [rank9]:E0616 16:26:16.536000 2744442 site-packages/torch/_dynamo/metrics_context.py:105] [0/1] Traceback (most recent call last):
[36m(WorkerDict pid=2744442)[0m [rank9]:E0616 16:26:16.536000 2744442 site-packages/torch/_dynamo/metrics_context.py:105] [0/1]   File "/usr/local/python3.11.14/lib/python3.11/site-packages/torch/_dynamo/metrics_context.py", line 101, in __exit__
[36m(WorkerDict pid=2744442)[0m [rank9]:E0616 16:26:16.536000 2744442 site-packages/torch/_dynamo/metrics_context.py:105] [0/1]     self._on_exit(
[36m(WorkerDict pid=2744442)[0m [rank9]:E0616 16:26:16.536000 2744442 site-packages/torch/_dynamo/metrics_context.py:105] [0/1]   File "/usr/local/python3.11.14/lib/python3.11/site-packages/torch/_dynamo/utils.py", line 1632, in record_compilation_metrics
[36m(WorkerDict pid=2744442)[0m [rank9]:E0616 16:26:16.536000 2744442 site-packages/torch/_dynamo/metrics_context.py:105] [0/1]     "triton_version": triton.__version__ if has_triton() else "",
[36m(WorkerDict pid=2744442)[0m [rank9]:E0616 16:26:16.536000 2744442 site-packages/torch/_dynamo/metrics_context.py:105] [0/1]                                             ^^^^^^^^^^^^
[36m(WorkerDict pid=2744442)[0m [rank9]:E0616 16:26:16.536000 2744442 site-packages/torch/_dynamo/metrics_context.py:105] [0/1]   File "/usr/local/python3.11.14/lib/python3.11/site-packages/torch/utils/_triton.py", line 159, in has_triton
[36m(WorkerDict pid=2744442)[0m [rank9]:E0616 16:26:16.536000 2744442 site-packages/torch/_dynamo/metrics_context.py:105] [0/1]     return is_device_compatible_with_triton()
[36m(WorkerDict pid=2744442)[0m [rank9]:E0616 16:26:16.536000 2744442 site-packages/torch/_dynamo/metrics_context.py:105] [0/1]            ^^^^^^^^^^^^^^^^^^^^^^^^^^^^^^^^^^
[36m(WorkerDict pid=2744442)[0m [rank9]:E0616 16:26:16.536000 2744442 site-packages/torch/_dynamo/metrics_context.py:105] [0/1]   File "/usr/local/python3.11.14/lib/python3.11/site-packages/torch/utils/_triton.py", line 155, in is_device_compatible_with_triton
[36m(WorkerDict pid=2744442)[0m [rank9]:E0616 16:26:16.536000 2744442 site-packages/torch/_dynamo/metrics_context.py:105] [0/1]     if device_interface.is_available() and extra_check(device_interface):
[36m(WorkerDict pid=2744442)[0m [rank9]:E0616 16:26:16.536000 2744442 site-packages/torch/_dynamo/metrics_context.py:105] [0/1]                                            ^^^^^^^^^^^^^^^^^^^^^^^^^^^^^
[36m(WorkerDict pid=2744442)[0m [rank9]:E0616 16:26:16.536000 2744442 site-packages/torch/_dynamo/metrics_context.py:105] [0/1]   File "/usr/local/python3.11.14/lib/python3.11/site-packages/torch/utils/_triton.py", line 135, in cuda_extra_check
[36m(WorkerDict pid=2744442)[0m [rank9]:E0616 16:26:16.536000 2744442 site-packages/torch/_dynamo/metrics_context.py:105] [0/1]     return device_interface.Worker.get_device_properties().major >= 7
[36m(WorkerDict pid=2744442)[0m [rank9]:E0616 16:26:16.536000 2744442 site-packages/torch/_dynamo/metrics_context.py:105] [0/1]            ^^^^^^^^^^^^^^^^^^^^^^^^^^^^^^^^^^^^^^^^^^^^^^^^^^^^^^^^^^
[36m(WorkerDict pid=2744442)[0m [rank9]:E0616 16:26:16.536000 2744442 site-packages/torch/_dynamo/metrics_context.py:105] [0/1] TypeError: '>=' not supported between instances of 'NoneType' and 'int'
[36m(WorkerDict pid=2744442)[0m Processed prompts:  12%|█▎        | 4/32 [23:38<1:40:37, 215.61s/it, est. speed input: 0.14 toks/s, output: 27.55 toks/s]
[36m(WorkerDict pid=2744447)[0m Processed prompts:  50%|█████     | 16/32 [23:44<32:31, 121.95s/it, est. speed input: 1.31 toks/s, output: 74.86 toks/s]
[36m(WorkerDict pid=2744447)[0m Processed prompts:  53%|█████▎    | 17/32 [23:58<22:21, 89.45s/it, est. speed input: 1.38 toks/s, output: 81.36 toks/s] 
[36m(WorkerDict pid=2744445)[0m Processed prompts:  62%|██████▎   | 20/32 [24:12<14:11, 70.93s/it, est. speed input: 1.57 toks/s, output: 96.24 toks/s]
[36m(WorkerDict pid=2744442)[0m Processed prompts:  16%|█▌        | 5/32 [24:15<1:07:59, 151.11s/it, est. speed input: 0.16 toks/s, output: 34.08 toks/s]
[36m(WorkerDict pid=2744447)[0m Processed prompts:  56%|█████▋    | 18/32 [24:37<17:21, 74.40s/it, est. speed input: 1.42 toks/s, output: 86.42 toks/s]
[36m(WorkerDict pid=2744442)[0m Processed prompts:  19%|█▉        | 6/32 [25:17<52:25, 120.99s/it, est. speed input: 0.18 toks/s, output: 39.90 toks/s]  
[36m(WorkerDict pid=2744447)[0m Processed prompts:  59%|█████▉    | 19/32 [25:19<13:59, 64.56s/it, est. speed input: 1.46 toks/s, output: 91.28 toks/s]
[36m(WorkerDict pid=2744448)[0m Processed prompts:  56%|█████▋    | 18/32 [25:31<59:31, 255.09s/it, est. speed input: 0.49 toks/s, output: 37.93 toks/s]  
[36m(WorkerDict pid=2744447)[0m Processed prompts:  62%|██████▎   | 20/32 [25:35<09:59, 49.98s/it, est. speed input: 1.52 toks/s, output: 97.56 toks/s]
[36m(WorkerDict pid=2744442)[0m Processed prompts:  22%|██▏       | 7/32 [25:38<36:47, 88.30s/it, est. speed input: 0.20 toks/s, output: 46.59 toks/s] 
[36m(WorkerDict pid=2744445)[0m Processed prompts:  66%|██████▌   | 21/32 [25:42<14:05, 76.82s/it, est. speed input: 1.57 toks/s, output: 97.83 toks/s]
[36m(WorkerDict pid=2744442)[0m Processed prompts:  25%|██▌       | 8/32 [25:48<25:14, 63.11s/it, est. speed input: 0.23 toks/s, output: 53.55 toks/s]
[36m(WorkerDict pid=2744445)[0m Processed prompts:  69%|██████▉   | 22/32 [25:49<09:18, 55.81s/it, est. speed input: 1.66 toks/s, output: 104.63 toks/s]
[36m(WorkerDict pid=2744442)[0m Processed prompts:  28%|██▊       | 9/32 [25:50<16:56, 44.19s/it, est. speed input: 0.26 toks/s, output: 60.70 toks/s]
[36m(WorkerDict pid=2744445)[0m Processed prompts:  72%|███████▏  | 23/32 [25:52<05:59, 39.99s/it, est. speed input: 1.72 toks/s, output: 111.66 toks/s]
[36m(WorkerDict pid=2744445)[0m Processed prompts:  75%|███████▌  | 24/32 [25:53<03:45, 28.17s/it, est. speed input: 1.82 toks/s, output: 118.86 toks/s]
[36m(WorkerDict pid=2744442)[0m Processed prompts:  31%|███▏      | 10/32 [26:05<12:55, 35.25s/it, est. speed input: 0.28 toks/s, output: 67.36 toks/s]
[36m(WorkerDict pid=2744442)[0m Processed prompts:  34%|███▍      | 11/32 [26:06<08:36, 24.61s/it, est. speed input: 0.31 toks/s, output: 74.59 toks/s]
[36m(WorkerDict pid=2744429)[0m Processed prompts:  97%|█████████▋| 31/32 [26:16<01:40, 100.69s/it, est. speed input: 1.17 toks/s, output: 99.28 toks/s]
[36m(WorkerDict pid=2744429)[0m [rank1]:E0616 16:29:04.649000 2744429 site-packages/torch/_dynamo/metrics_context.py:105] [0/1] Unexpected exception logging compilation metrics
[36m(WorkerDict pid=2744429)[0m [rank1]:E0616 16:29:04.649000 2744429 site-packages/torch/_dynamo/metrics_context.py:105] [0/1] Traceback (most recent call last):
[36m(WorkerDict pid=2744429)[0m [rank1]:E0616 16:29:04.649000 2744429 site-packages/torch/_dynamo/metrics_context.py:105] [0/1]   File "/usr/local/python3.11.14/lib/python3.11/site-packages/torch/_dynamo/metrics_context.py", line 101, in __exit__
[36m(WorkerDict pid=2744429)[0m [rank1]:E0616 16:29:04.649000 2744429 site-packages/torch/_dynamo/metrics_context.py:105] [0/1]     self._on_exit(
[36m(WorkerDict pid=2744429)[0m [rank1]:E0616 16:29:04.649000 2744429 site-packages/torch/_dynamo/metrics_context.py:105] [0/1]   File "/usr/local/python3.11.14/lib/python3.11/site-packages/torch/_dynamo/utils.py", line 1632, in record_compilation_metrics
[36m(WorkerDict pid=2744429)[0m [rank1]:E0616 16:29:04.649000 2744429 site-packages/torch/_dynamo/metrics_context.py:105] [0/1]     "triton_version": triton.__version__ if has_triton() else "",
[36m(WorkerDict pid=2744429)[0m [rank1]:E0616 16:29:04.649000 2744429 site-packages/torch/_dynamo/metrics_context.py:105] [0/1]                                             ^^^^^^^^^^^^
[36m(WorkerDict pid=2744429)[0m [rank1]:E0616 16:29:04.649000 2744429 site-packages/torch/_dynamo/metrics_context.py:105] [0/1]   File "/usr/local/python3.11.14/lib/python3.11/site-packages/torch/utils/_triton.py", line 159, in has_triton
[36m(WorkerDict pid=2744429)[0m [rank1]:E0616 16:29:04.649000 2744429 site-packages/torch/_dynamo/metrics_context.py:105] [0/1]     return is_device_compatible_with_triton()
[36m(WorkerDict pid=2744429)[0m [rank1]:E0616 16:29:04.649000 2744429 site-packages/torch/_dynamo/metrics_context.py:105] [0/1]            ^^^^^^^^^^^^^^^^^^^^^^^^^^^^^^^^^^
[36m(WorkerDict pid=2744429)[0m [rank1]:E0616 16:29:04.649000 2744429 site-packages/torch/_dynamo/metrics_context.py:105] [0/1]   File "/usr/local/python3.11.14/lib/python3.11/site-packages/torch/utils/_triton.py", line 155, in is_device_compatible_with_triton
[36m(WorkerDict pid=2744429)[0m [rank1]:E0616 16:29:04.649000 2744429 site-packages/torch/_dynamo/metrics_context.py:105] [0/1]     if device_interface.is_available() and extra_check(device_interface):
[36m(WorkerDict pid=2744429)[0m [rank1]:E0616 16:29:04.649000 2744429 site-packages/torch/_dynamo/metrics_context.py:105] [0/1]                                            ^^^^^^^^^^^^^^^^^^^^^^^^^^^^^
[36m(WorkerDict pid=2744429)[0m [rank1]:E0616 16:29:04.649000 2744429 site-packages/torch/_dynamo/metrics_context.py:105] [0/1]   File "/usr/local/python3.11.14/lib/python3.11/site-packages/torch/utils/_triton.py", line 135, in cuda_extra_check
[36m(WorkerDict pid=2744429)[0m [rank1]:E0616 16:29:04.649000 2744429 site-packages/torch/_dynamo/metrics_context.py:105] [0/1]     return device_interface.Worker.get_device_properties().major >= 7
[36m(WorkerDict pid=2744429)[0m [rank1]:E0616 16:29:04.649000 2744429 site-packages/torch/_dynamo/metrics_context.py:105] [0/1]            ^^^^^^^^^^^^^^^^^^^^^^^^^^^^^^^^^^^^^^^^^^^^^^^^^^^^^^^^^^
[36m(WorkerDict pid=2744429)[0m [rank1]:E0616 16:29:04.649000 2744429 site-packages/torch/_dynamo/metrics_context.py:105] [0/1] TypeError: '>=' not supported between instances of 'NoneType' and 'int'
[36m(WorkerDict pid=2744429)[0m Processed prompts: 100%|██████████| 32/32 [26:17<00:00, 70.79s/it, est. speed input: 1.23 toks/s, output: 106.48 toks/s]Processed prompts: 100%|██████████| 32/32 [26:17<00:00, 70.79s/it, est. speed input: 1.23 toks/s, output: 106.48 toks/s]
[36m(WorkerDict pid=2744428)[0m Processed prompts: 100%|██████████| 32/32 [26:27<00:00, 49.61s/it, est. speed input: 2.27 toks/s, output: 167.39 toks/s]
[36m(WorkerDict pid=2744430)[0m Processed prompts: 100%|██████████| 32/32 [26:28<00:00, 49.65s/it, est. speed input: 3.44 toks/s, output: 132.45 toks/s]
[36m(WorkerDict pid=2744437)[0m Processed prompts: 100%|██████████| 32/32 [26:28<00:00, 49.63s/it, est. speed input: 2.42 toks/s, output: 130.12 toks/s]
[36m(WorkerDict pid=2744444)[0m Processed prompts: 100%|██████████| 32/32 [26:28<00:00, 49.64s/it, est. speed input: 2.96 toks/s, output: 109.17 toks/s]
[36m(WorkerDict pid=2744441)[0m Processed prompts: 100%|██████████| 32/32 [26:29<00:00, 49.66s/it, est. speed input: 2.48 toks/s, output: 150.31 toks/s]
[36m(WorkerDict pid=2744446)[0m Processed prompts: 100%|██████████| 32/32 [26:28<00:00, 49.64s/it, est. speed input: 2.06 toks/s, output: 141.76 toks/s]
[36m(WorkerDict pid=2744443)[0m Processed prompts: 100%|██████████| 32/32 [26:29<00:00, 49.68s/it, est. speed input: 1.67 toks/s, output: 111.81 toks/s]
[36m(WorkerDict pid=2744429)[0m Processed prompts: 100%|██████████| 32/32 [26:28<00:00, 49.65s/it, est. speed input: 1.23 toks/s, output: 106.48 toks/s]
[36m(WorkerDict pid=2744442)[0m Processed prompts:  38%|███▊      | 12/32 [26:36<08:46, 26.32s/it, est. speed input: 0.34 toks/s, output: 80.37 toks/s]
[36m(WorkerDict pid=2744439)[0m Processed prompts: 100%|██████████| 32/32 [26:37<00:00, 171.68s/it, est. speed input: 1.02 toks/s, output: 113.60 toks/s]Processed prompts: 100%|██████████| 32/32 [26:37<00:00, 171.68s/it, est. speed input: 1.02 toks/s, output: 113.60 toks/s]
[36m(WorkerDict pid=2744448)[0m Processed prompts:  59%|█████▉    | 19/32 [26:50<43:49, 202.24s/it, est. speed input: 0.50 toks/s, output: 43.27 toks/s]
[36m(WorkerDict pid=2744447)[0m Processed prompts:  66%|██████▌   | 21/32 [26:50<10:32, 57.54s/it, est. speed input: 1.53 toks/s, output: 100.21 toks/s]
[36m(WorkerDict pid=2744445)[0m Processed prompts:  78%|███████▊  | 25/32 [26:55<04:29, 38.52s/it, est. speed input: 1.83 toks/s, output: 121.45 toks/s]
[36m(WorkerDict pid=2744442)[0m Processed prompts:  41%|████      | 13/32 [26:55<07:37, 24.08s/it, est. speed input: 0.37 toks/s, output: 86.63 toks/s]
[36m(WorkerDict pid=2744442)[0m Processed prompts:  44%|████▍     | 14/32 [26:56<05:05, 16.96s/it, est. speed input: 0.40 toks/s, output: 93.81 toks/s]
[36m(WorkerDict pid=2744447)[0m Processed prompts:  69%|██████▉   | 22/32 [26:59<07:09, 42.97s/it, est. speed input: 1.59 toks/s, output: 106.86 toks/s]
[36m(WorkerDict pid=2744442)[0m Processed prompts:  47%|████▋     | 15/32 [27:06<04:15, 15.06s/it, est. speed input: 0.41 toks/s, output: 100.41 toks/s]
[36m(WorkerDict pid=2744447)[0m Processed prompts:  72%|███████▏  | 23/32 [27:11<05:04, 33.85s/it, est. speed input: 1.65 toks/s, output: 113.25 toks/s]
[36m(WorkerDict pid=2744442)[0m Processed prompts:  50%|█████     | 16/32 [27:11<03:12, 12.05s/it, est. speed input: 0.44 toks/s, output: 107.31 toks/s]
[36m(WorkerDict pid=2744448)[0m Processed prompts:  62%|██████▎   | 20/32 [27:13<29:40, 148.36s/it, est. speed input: 0.53 toks/s, output: 49.88 toks/s]
[36m(WorkerDict pid=2744442)[0m Processed prompts:  53%|█████▎    | 17/32 [27:16<02:25,  9.68s/it, est. speed input: 0.46 toks/s, output: 114.26 toks/s]
[36m(WorkerDict pid=2744445)[0m Processed prompts:  81%|████████▏ | 26/32 [27:20<03:25, 34.32s/it, est. speed input: 1.90 toks/s, output: 126.85 toks/s]
[36m(WorkerDict pid=2744447)[0m Processed prompts:  75%|███████▌  | 24/32 [27:38<04:13, 31.68s/it, est. speed input: 1.70 toks/s, output: 118.67 toks/s]
[36m(WorkerDict pid=2744448)[0m Processed prompts:  66%|██████▌   | 21/32 [27:42<20:39, 112.71s/it, est. speed input: 0.56 toks/s, output: 56.23 toks/s]
[36m(WorkerDict pid=2744447)[0m Processed prompts:  78%|███████▊  | 25/32 [27:49<02:58, 25.44s/it, est. speed input: 1.76 toks/s, output: 125.14 toks/s]
[36m(WorkerDict pid=2744447)[0m Processed prompts:  81%|████████▏ | 26/32 [27:55<01:58, 19.77s/it, est. speed input: 1.83 toks/s, output: 131.90 toks/s]
[36m(WorkerDict pid=2744442)[0m Processed prompts:  56%|█████▋    | 18/32 [28:08<05:17, 22.64s/it, est. speed input: 0.48 toks/s, output: 117.95 toks/s]
[36m(WorkerDict pid=2744447)[0m Processed prompts:  84%|████████▍ | 27/32 [28:12<01:34, 18.86s/it, est. speed input: 1.88 toks/s, output: 137.86 toks/s]
[36m(WorkerDict pid=2744442)[0m Processed prompts:  59%|█████▉    | 19/32 [28:17<04:00, 18.52s/it, est. speed input: 0.51 toks/s, output: 124.60 toks/s]
[36m(WorkerDict pid=2744442)[0m Processed prompts:  62%|██████▎   | 20/32 [28:24<02:59, 14.95s/it, est. speed input: 0.53 toks/s, output: 131.39 toks/s]
[36m(WorkerDict pid=2744448)[0m Processed prompts:  69%|██████▉   | 22/32 [28:32<15:37, 93.79s/it, est. speed input: 0.58 toks/s, output: 61.88 toks/s] 
[36m(WorkerDict pid=2744442)[0m Processed prompts:  66%|██████▌   | 21/32 [28:31<02:20, 12.74s/it, est. speed input: 0.54 toks/s, output: 138.09 toks/s]
[36m(WorkerDict pid=2744435)[0m Processed prompts:  53%|█████▎    | 17/32 [28:33<1:31:32, 366.14s/it, est. speed input: 0.51 toks/s, output: 35.95 toks/s]
[36m(WorkerDict pid=2744442)[0m Processed prompts:  69%|██████▉   | 22/32 [28:34<01:36,  9.62s/it, est. speed input: 0.56 toks/s, output: 145.18 toks/s]
[36m(WorkerDict pid=2744448)[0m Processed prompts:  72%|███████▏  | 23/32 [28:40<10:13, 68.17s/it, est. speed input: 0.61 toks/s, output: 68.87 toks/s]
[36m(WorkerDict pid=2744442)[0m Processed prompts:  72%|███████▏  | 23/32 [28:45<01:30, 10.06s/it, est. speed input: 0.59 toks/s, output: 151.54 toks/s]
[36m(WorkerDict pid=2744447)[0m Processed prompts:  88%|████████▊ | 28/32 [28:53<01:42, 25.60s/it, est. speed input: 1.90 toks/s, output: 141.87 toks/s]
[36m(WorkerDict pid=2744448)[0m Processed prompts:  75%|███████▌  | 24/32 [29:13<07:40, 57.58s/it, est. speed input: 0.64 toks/s, output: 74.89 toks/s]
[36m(WorkerDict pid=2744438)[0m Processed prompts:  53%|█████▎    | 17/32 [29:16<1:29:37, 358.47s/it, est. speed input: 0.48 toks/s, output: 36.63 toks/s]
[36m(WorkerDict pid=2744435)[0m Processed prompts:  56%|█████▋    | 18/32 [29:18<1:02:57, 269.82s/it, est. speed input: 0.57 toks/s, output: 42.34 toks/s]
[36m(WorkerDict pid=2744448)[0m Processed prompts:  78%|███████▊  | 25/32 [29:20<04:56, 42.42s/it, est. speed input: 0.67 toks/s, output: 81.91 toks/s]
[36m(WorkerDict pid=2744445)[0m Processed prompts:  84%|████████▍ | 27/32 [29:22<05:03, 60.78s/it, est. speed input: 1.85 toks/s, output: 125.36 toks/s]
[36m(WorkerDict pid=2744442)[0m Processed prompts:  75%|███████▌  | 24/32 [29:32<02:49, 21.15s/it, est. speed input: 0.60 toks/s, output: 154.80 toks/s]
[36m(WorkerDict pid=2744438)[0m Processed prompts:  56%|█████▋    | 18/32 [29:37<59:58, 257.05s/it, est. speed input: 0.53 toks/s, output: 43.53 toks/s]  
[36m(WorkerDict pid=2744442)[0m Processed prompts:  78%|███████▊  | 25/32 [29:39<01:59, 17.04s/it, est. speed input: 0.63 toks/s, output: 161.49 toks/s]
[36m(WorkerDict pid=2744442)[0m Processed prompts:  81%|████████▏ | 26/32 [29:50<01:30, 15.03s/it, est. speed input: 0.64 toks/s, output: 167.90 toks/s]
[36m(WorkerDict pid=2744435)[0m Processed prompts:  59%|█████▉    | 19/32 [29:52<43:04, 198.82s/it, est. speed input: 0.62 toks/s, output: 48.90 toks/s]  
[36m(WorkerDict pid=2744442)[0m Processed prompts:  84%|████████▍ | 27/32 [30:11<01:23, 16.78s/it, est. speed input: 0.65 toks/s, output: 173.34 toks/s]
[36m(WorkerDict pid=2744440)[0m Processed prompts:  53%|█████▎    | 17/32 [30:16<55:22, 221.48s/it, est. speed input: 0.70 toks/s, output: 66.31 toks/s]
[36m(WorkerDict pid=2744445)[0m Processed prompts:  88%|████████▊ | 28/32 [30:19<03:58, 59.52s/it, est. speed input: 1.87 toks/s, output: 128.83 toks/s]
