+ export CUDA_DEVICE_MAX_CONNECTIONS=1
+ CUDA_DEVICE_MAX_CONNECTIONS=1
+ export PYTORCH_NPU_ALLOC_CONF=expandable_segments:True
+ PYTORCH_NPU_ALLOC_CONF=expandable_segments:True
+ export ASCEND_HOME_PATH=/usr/local/Ascend/ascend-toolkit
+ ASCEND_HOME_PATH=/usr/local/Ascend/ascend-toolkit
+ source /usr/local/Ascend/ascend-toolkit/set_env.sh
++ setenv_main data.train_files=/data/deepscaler/train.parquet data.val_files=/data/deepscaler/test.parquet data.train_batch_size=32 data.max_prompt_length=1024 data.max_response_length=16384 data.shuffle=True actor_rollout_ref.model.path=/data/Qwen3-30B-A3B actor_rollout_ref.actor.megatron.dist_checkpointing_path=/data/Qwen3-30B-A3B_megatron actor_rollout_ref.ref.megatron.dist_checkpointing_path=/data/Qwen3-30B-A3B_megatron actor_rollout_ref.rollout.max_num_batched_tokens=17408 actor_rollout_ref.rollout.max_num_seqs=32 actor_rollout_ref.rollout.n=16 actor_rollout_ref.rollout.gpu_memory_utilization=0.85 actor_rollout_ref.rollout.shrink_aware.enable_shrink_aware_scheduling=false actor_rollout_ref.rollout.shrink_aware.shrink_aware_mode=off actor_rollout_ref.rollout.shrink_aware.enable_shrink_aware_logging=false trainer.total_epochs=1
++ local version_dirpath install_dirpath ld_library_path path driver_install_path_param dep_hal_path
++ local dep_hal_name=libascend_hal.so
++ local dep_info_file=/etc/ascend_install.info
++ local is_install_driver=n
++ local architecture remove_regex
++ version_dirpath=/usr/local/Ascend/cann-8.5.0
+++ dirname /usr/local/Ascend/cann-8.5.0
++ install_dirpath=/usr/local/Ascend
++ remove_regex='^/usr/local/Ascend/cann[/_-]'
++ remove_env PATH '^/usr/local/Ascend/cann[/_-]'
++ local name=PATH
++ local 'regex=^/usr/local/Ascend/cann[/_-]'
+++ eval echo '${PATH}'
++++ echo /usr/local/Ascend/nnal/atb/latest/atb/cxx_abi_1/bin:/usr/local/Ascend/cann-8.5.0/tools/bishengir/bin:/usr/local/Ascend/cann-8.5.0/bin:/usr/local/Ascend/cann-8.5.0/tools/ccec_compiler/bin:/usr/local/Ascend/cann-8.5.0/tools/profiler/bin:/usr/local/Ascend/cann-8.5.0/tools/ascend_system_advisor/asys:/usr/local/Ascend/cann-8.5.0/tools/show_kernel_debug_data:/usr/local/Ascend/cann-8.5.0/tools/msobjdump:/usr/local/Ascend/nnal/atb/latest/atb/cxx_abi_1/bin:/usr/local/Ascend/nnal/atb/latest/atb/cxx_abi_1/bin:/root/.vscode-server/data/User/globalStorage/github.copilot-chat/debugCommand:/root/.vscode-server/data/User/globalStorage/github.copilot-chat/copilotCli:/root/.vscode-server/bin/8761a5560cfd65fdd19ce7e2bd18dab5c0a4d84e/bin/remote-cli:/usr/local/Ascend/nnal/atb/latest/atb/cxx_abi_1/bin:/usr/local/Ascend/nnal/atb/latest/atb/cxx_abi_1/bin:/usr/local/Ascend/nnal/atb/latest/atb/cxx_abi_1/bin:/usr/local/Ascend/ascend-toolkit/latest/bin:/usr/local/Ascend/ascend-toolkit/latest/compiler/ccec_compiler/bin:/usr/local/Ascend/ascend-toolkit/latest/tools/ccec_compiler/bin:/usr/local/python3.11.14/bin:/usr/local/sbin:/usr/local/bin:/usr/sbin:/usr/bin:/sbin:/bin:/usr/local/go/bin:/root/bin:/usr/local/go/bin:/usr/local/go/bin:/root/bin
++ local env_value=/usr/local/Ascend/nnal/atb/latest/atb/cxx_abi_1/bin:/usr/local/Ascend/cann-8.5.0/tools/bishengir/bin:/usr/local/Ascend/cann-8.5.0/bin:/usr/local/Ascend/cann-8.5.0/tools/ccec_compiler/bin:/usr/local/Ascend/cann-8.5.0/tools/profiler/bin:/usr/local/Ascend/cann-8.5.0/tools/ascend_system_advisor/asys:/usr/local/Ascend/cann-8.5.0/tools/show_kernel_debug_data:/usr/local/Ascend/cann-8.5.0/tools/msobjdump:/usr/local/Ascend/nnal/atb/latest/atb/cxx_abi_1/bin:/usr/local/Ascend/nnal/atb/latest/atb/cxx_abi_1/bin:/root/.vscode-server/data/User/globalStorage/github.copilot-chat/debugCommand:/root/.vscode-server/data/User/globalStorage/github.copilot-chat/copilotCli:/root/.vscode-server/bin/8761a5560cfd65fdd19ce7e2bd18dab5c0a4d84e/bin/remote-cli:/usr/local/Ascend/nnal/atb/latest/atb/cxx_abi_1/bin:/usr/local/Ascend/nnal/atb/latest/atb/cxx_abi_1/bin:/usr/local/Ascend/nnal/atb/latest/atb/cxx_abi_1/bin:/usr/local/Ascend/ascend-toolkit/latest/bin:/usr/local/Ascend/ascend-toolkit/latest/compiler/ccec_compiler/bin:/usr/local/Ascend/ascend-toolkit/latest/tools/ccec_compiler/bin:/usr/local/python3.11.14/bin:/usr/local/sbin:/usr/local/bin:/usr/sbin:/usr/bin:/sbin:/bin:/usr/local/go/bin:/root/bin:/usr/local/go/bin:/usr/local/go/bin:/root/bin
++ read -r PATH
+++ echo /usr/local/Ascend/nnal/atb/latest/atb/cxx_abi_1/bin:/usr/local/Ascend/cann-8.5.0/tools/bishengir/bin:/usr/local/Ascend/cann-8.5.0/bin:/usr/local/Ascend/cann-8.5.0/tools/ccec_compiler/bin:/usr/local/Ascend/cann-8.5.0/tools/profiler/bin:/usr/local/Ascend/cann-8.5.0/tools/ascend_system_advisor/asys:/usr/local/Ascend/cann-8.5.0/tools/show_kernel_debug_data:/usr/local/Ascend/cann-8.5.0/tools/msobjdump:/usr/local/Ascend/nnal/atb/latest/atb/cxx_abi_1/bin:/usr/local/Ascend/nnal/atb/latest/atb/cxx_abi_1/bin:/root/.vscode-server/data/User/globalStorage/github.copilot-chat/debugCommand:/root/.vscode-server/data/User/globalStorage/github.copilot-chat/copilotCli:/root/.vscode-server/bin/8761a5560cfd65fdd19ce7e2bd18dab5c0a4d84e/bin/remote-cli:/usr/local/Ascend/nnal/atb/latest/atb/cxx_abi_1/bin:/usr/local/Ascend/nnal/atb/latest/atb/cxx_abi_1/bin:/usr/local/Ascend/nnal/atb/latest/atb/cxx_abi_1/bin:/usr/local/Ascend/ascend-toolkit/latest/bin:/usr/local/Ascend/ascend-toolkit/latest/compiler/ccec_compiler/bin:/usr/local/Ascend/ascend-toolkit/latest/tools/ccec_compiler/bin:/usr/local/python3.11.14/bin:/usr/local/sbin:/usr/local/bin:/usr/sbin:/usr/bin:/sbin:/bin:/usr/local/go/bin:/root/bin:/usr/local/go/bin:/usr/local/go/bin:/root/bin
+++ tr : '\n'
+++ grep -v -E '^/usr/local/Ascend/cann[/_-]'
+++ tr '\n' :
+++ sed 's/:$//'
++ export PATH
++ remove_env LD_LIBRARY_PATH '^/usr/local/Ascend/cann[/_-]'
++ local name=LD_LIBRARY_PATH
++ local 'regex=^/usr/local/Ascend/cann[/_-]'
+++ eval echo '${LD_LIBRARY_PATH}'
++++ echo /usr/local/Ascend/nnal/atb/latest/atb/cxx_abi_1/lib:/usr/local/Ascend/nnal/atb/latest/atb/cxx_abi_1/examples:/usr/local/Ascend/nnal/atb/latest/atb/cxx_abi_1/tests/atbopstest:/usr/local/Ascend/cann-8.5.0/lib64:/usr/local/Ascend/cann-8.5.0/lib64/plugin/opskernel:/usr/local/Ascend/cann-8.5.0/lib64/plugin/nnengine:/usr/local/Ascend/cann-8.5.0/opp/built-in/op_impl/ai_core/tbe/op_tiling/lib/linux/aarch64:/usr/local/Ascend/cann-8.5.0/tools/aml/lib64:/usr/local/Ascend/cann-8.5.0/tools/aml/lib64/plugin:/usr/local/Ascend/driver/lib64:/usr/local/Ascend/driver/lib64/common:/usr/local/Ascend/driver/lib64/driver:/usr/local/Ascend/nnal/atb/latest/atb/cxx_abi_1/lib:/usr/local/Ascend/nnal/atb/latest/atb/cxx_abi_1/examples:/usr/local/Ascend/nnal/atb/latest/atb/cxx_abi_1/tests/atbopstest:/usr/local/Ascend/driver/lib64:/usr/local/Ascend/driver/lib64/common:/usr/local/Ascend/driver/lib64/driver:/usr/local/Ascend/nnal/atb/latest/atb/cxx_abi_1/lib:/usr/local/Ascend/nnal/atb/latest/atb/cxx_abi_1/examples:/usr/local/Ascend/nnal/atb/latest/atb/cxx_abi_1/tests/atbopstest:/usr/local/Ascend/driver/lib64:/usr/local/Ascend/driver/lib64/common:/usr/local/Ascend/driver/lib64/driver:/usr/local/Ascend/nnal/atb/latest/atb/cxx_abi_1/lib:/usr/local/Ascend/nnal/atb/latest/atb/cxx_abi_1/examples:/usr/local/Ascend/nnal/atb/latest/atb/cxx_abi_1/tests/atbopstest:/usr/local/Ascend/driver/lib64:/usr/local/Ascend/driver/lib64/common:/usr/local/Ascend/driver/lib64/driver:/usr/local/Ascend/nnal/atb/latest/atb/cxx_abi_1/lib:/usr/local/Ascend/nnal/atb/latest/atb/cxx_abi_1/examples:/usr/local/Ascend/nnal/atb/latest/atb/cxx_abi_1/tests/atbopstest:/usr/local/Ascend/driver/lib64:/usr/local/Ascend/driver/lib64/common:/usr/local/Ascend/driver/lib64/driver:/usr/local/Ascend/nnal/atb/latest/atb/cxx_abi_1/lib:/usr/local/Ascend/nnal/atb/latest/atb/cxx_abi_1/examples:/usr/local/Ascend/nnal/atb/latest/atb/cxx_abi_1/tests/atbopstest:/usr/local/Ascend/ascend-toolkit/latest/tools/aml/lib64:/usr/local/Ascend/ascend-toolkit/latest/tools/aml/lib64/plugin:/usr/local/Ascend/ascend-toolkit/latest/lib64:/usr/local/Ascend/ascend-toolkit/latest/lib64/plugin/opskernel:/usr/local/Ascend/ascend-toolkit/latest/lib64/plugin/nnengine:/usr/local/Ascend/ascend-toolkit/latest/opp/built-in/op_impl/ai_core/tbe/op_tiling:/usr/local/Ascend/driver/lib64:/usr/local/Ascend/driver/lib64/common/:/usr/local/Ascend/driver/lib64/driver/:
++ local env_value=/usr/local/Ascend/nnal/atb/latest/atb/cxx_abi_1/lib:/usr/local/Ascend/nnal/atb/latest/atb/cxx_abi_1/examples:/usr/local/Ascend/nnal/atb/latest/atb/cxx_abi_1/tests/atbopstest:/usr/local/Ascend/cann-8.5.0/lib64:/usr/local/Ascend/cann-8.5.0/lib64/plugin/opskernel:/usr/local/Ascend/cann-8.5.0/lib64/plugin/nnengine:/usr/local/Ascend/cann-8.5.0/opp/built-in/op_impl/ai_core/tbe/op_tiling/lib/linux/aarch64:/usr/local/Ascend/cann-8.5.0/tools/aml/lib64:/usr/local/Ascend/cann-8.5.0/tools/aml/lib64/plugin:/usr/local/Ascend/driver/lib64:/usr/local/Ascend/driver/lib64/common:/usr/local/Ascend/driver/lib64/driver:/usr/local/Ascend/nnal/atb/latest/atb/cxx_abi_1/lib:/usr/local/Ascend/nnal/atb/latest/atb/cxx_abi_1/examples:/usr/local/Ascend/nnal/atb/latest/atb/cxx_abi_1/tests/atbopstest:/usr/local/Ascend/driver/lib64:/usr/local/Ascend/driver/lib64/common:/usr/local/Ascend/driver/lib64/driver:/usr/local/Ascend/nnal/atb/latest/atb/cxx_abi_1/lib:/usr/local/Ascend/nnal/atb/latest/atb/cxx_abi_1/examples:/usr/local/Ascend/nnal/atb/latest/atb/cxx_abi_1/tests/atbopstest:/usr/local/Ascend/driver/lib64:/usr/local/Ascend/driver/lib64/common:/usr/local/Ascend/driver/lib64/driver:/usr/local/Ascend/nnal/atb/latest/atb/cxx_abi_1/lib:/usr/local/Ascend/nnal/atb/latest/atb/cxx_abi_1/examples:/usr/local/Ascend/nnal/atb/latest/atb/cxx_abi_1/tests/atbopstest:/usr/local/Ascend/driver/lib64:/usr/local/Ascend/driver/lib64/common:/usr/local/Ascend/driver/lib64/driver:/usr/local/Ascend/nnal/atb/latest/atb/cxx_abi_1/lib:/usr/local/Ascend/nnal/atb/latest/atb/cxx_abi_1/examples:/usr/local/Ascend/nnal/atb/latest/atb/cxx_abi_1/tests/atbopstest:/usr/local/Ascend/driver/lib64:/usr/local/Ascend/driver/lib64/common:/usr/local/Ascend/driver/lib64/driver:/usr/local/Ascend/nnal/atb/latest/atb/cxx_abi_1/lib:/usr/local/Ascend/nnal/atb/latest/atb/cxx_abi_1/examples:/usr/local/Ascend/nnal/atb/latest/atb/cxx_abi_1/tests/atbopstest:/usr/local/Ascend/ascend-toolkit/latest/tools/aml/lib64:/usr/local/Ascend/ascend-toolkit/latest/tools/aml/lib64/plugin:/usr/local/Ascend/ascend-toolkit/latest/lib64:/usr/local/Ascend/ascend-toolkit/latest/lib64/plugin/opskernel:/usr/local/Ascend/ascend-toolkit/latest/lib64/plugin/nnengine:/usr/local/Ascend/ascend-toolkit/latest/opp/built-in/op_impl/ai_core/tbe/op_tiling:/usr/local/Ascend/driver/lib64:/usr/local/Ascend/driver/lib64/common/:/usr/local/Ascend/driver/lib64/driver/:
++ read -r LD_LIBRARY_PATH
+++ echo /usr/local/Ascend/nnal/atb/latest/atb/cxx_abi_1/lib:/usr/local/Ascend/nnal/atb/latest/atb/cxx_abi_1/examples:/usr/local/Ascend/nnal/atb/latest/atb/cxx_abi_1/tests/atbopstest:/usr/local/Ascend/cann-8.5.0/lib64:/usr/local/Ascend/cann-8.5.0/lib64/plugin/opskernel:/usr/local/Ascend/cann-8.5.0/lib64/plugin/nnengine:/usr/local/Ascend/cann-8.5.0/opp/built-in/op_impl/ai_core/tbe/op_tiling/lib/linux/aarch64:/usr/local/Ascend/cann-8.5.0/tools/aml/lib64:/usr/local/Ascend/cann-8.5.0/tools/aml/lib64/plugin:/usr/local/Ascend/driver/lib64:/usr/local/Ascend/driver/lib64/common:/usr/local/Ascend/driver/lib64/driver:/usr/local/Ascend/nnal/atb/latest/atb/cxx_abi_1/lib:/usr/local/Ascend/nnal/atb/latest/atb/cxx_abi_1/examples:/usr/local/Ascend/nnal/atb/latest/atb/cxx_abi_1/tests/atbopstest:/usr/local/Ascend/driver/lib64:/usr/local/Ascend/driver/lib64/common:/usr/local/Ascend/driver/lib64/driver:/usr/local/Ascend/nnal/atb/latest/atb/cxx_abi_1/lib:/usr/local/Ascend/nnal/atb/latest/atb/cxx_abi_1/examples:/usr/local/Ascend/nnal/atb/latest/atb/cxx_abi_1/tests/atbopstest:/usr/local/Ascend/driver/lib64:/usr/local/Ascend/driver/lib64/common:/usr/local/Ascend/driver/lib64/driver:/usr/local/Ascend/nnal/atb/latest/atb/cxx_abi_1/lib:/usr/local/Ascend/nnal/atb/latest/atb/cxx_abi_1/examples:/usr/local/Ascend/nnal/atb/latest/atb/cxx_abi_1/tests/atbopstest:/usr/local/Ascend/driver/lib64:/usr/local/Ascend/driver/lib64/common:/usr/local/Ascend/driver/lib64/driver:/usr/local/Ascend/nnal/atb/latest/atb/cxx_abi_1/lib:/usr/local/Ascend/nnal/atb/latest/atb/cxx_abi_1/examples:/usr/local/Ascend/nnal/atb/latest/atb/cxx_abi_1/tests/atbopstest:/usr/local/Ascend/driver/lib64:/usr/local/Ascend/driver/lib64/common:/usr/local/Ascend/driver/lib64/driver:/usr/local/Ascend/nnal/atb/latest/atb/cxx_abi_1/lib:/usr/local/Ascend/nnal/atb/latest/atb/cxx_abi_1/examples:/usr/local/Ascend/nnal/atb/latest/atb/cxx_abi_1/tests/atbopstest:/usr/local/Ascend/ascend-toolkit/latest/tools/aml/lib64:/usr/local/Ascend/ascend-toolkit/latest/tools/aml/lib64/plugin:/usr/local/Ascend/ascend-toolkit/latest/lib64:/usr/local/Ascend/ascend-toolkit/latest/lib64/plugin/opskernel:/usr/local/Ascend/ascend-toolkit/latest/lib64/plugin/nnengine:/usr/local/Ascend/ascend-toolkit/latest/opp/built-in/op_impl/ai_core/tbe/op_tiling:/usr/local/Ascend/driver/lib64:/usr/local/Ascend/driver/lib64/common/:/usr/local/Ascend/driver/lib64/driver/:
+++ tr : '\n'
+++ grep -v -E '^/usr/local/Ascend/cann[/_-]'
+++ tr '\n' :
+++ sed 's/:$//'
++ export LD_LIBRARY_PATH
++ remove_env PYTHONPATH '^/usr/local/Ascend/cann[/_-]'
++ local name=PYTHONPATH
++ local 'regex=^/usr/local/Ascend/cann[/_-]'
+++ eval echo '${PYTHONPATH}'
++++ echo /workspace/cann-recipes-train/llm_rl/qwen3_shrink_aware:/usr/local/Ascend/cann-8.5.0/python/site-packages:/usr/local/Ascend/cann-8.5.0/opp/built-in/op_impl/ai_core/tbe:/usr/local/Ascend/ascend-toolkit/latest/python/site-packages:/usr/local/Ascend/ascend-toolkit/latest/opp/built-in/op_impl/ai_core/tbe:
++ local env_value=/workspace/cann-recipes-train/llm_rl/qwen3_shrink_aware:/usr/local/Ascend/cann-8.5.0/python/site-packages:/usr/local/Ascend/cann-8.5.0/opp/built-in/op_impl/ai_core/tbe:/usr/local/Ascend/ascend-toolkit/latest/python/site-packages:/usr/local/Ascend/ascend-toolkit/latest/opp/built-in/op_impl/ai_core/tbe:
++ read -r PYTHONPATH
+++ echo /workspace/cann-recipes-train/llm_rl/qwen3_shrink_aware:/usr/local/Ascend/cann-8.5.0/python/site-packages:/usr/local/Ascend/cann-8.5.0/opp/built-in/op_impl/ai_core/tbe:/usr/local/Ascend/ascend-toolkit/latest/python/site-packages:/usr/local/Ascend/ascend-toolkit/latest/opp/built-in/op_impl/ai_core/tbe:
+++ tr : '\n'
+++ grep -v -E '^/usr/local/Ascend/cann[/_-]'
+++ tr '\n' :
+++ sed 's/:$//'
++ export PYTHONPATH
++ ld_library_path=/usr/local/Ascend/nnal/atb/latest/atb/cxx_abi_1/lib:/usr/local/Ascend/nnal/atb/latest/atb/cxx_abi_1/examples:/usr/local/Ascend/nnal/atb/latest/atb/cxx_abi_1/tests/atbopstest:/usr/local/Ascend/driver/lib64:/usr/local/Ascend/driver/lib64/common:/usr/local/Ascend/driver/lib64/driver:/usr/local/Ascend/nnal/atb/latest/atb/cxx_abi_1/lib:/usr/local/Ascend/nnal/atb/latest/atb/cxx_abi_1/examples:/usr/local/Ascend/nnal/atb/latest/atb/cxx_abi_1/tests/atbopstest:/usr/local/Ascend/driver/lib64:/usr/local/Ascend/driver/lib64/common:/usr/local/Ascend/driver/lib64/driver:/usr/local/Ascend/nnal/atb/latest/atb/cxx_abi_1/lib:/usr/local/Ascend/nnal/atb/latest/atb/cxx_abi_1/examples:/usr/local/Ascend/nnal/atb/latest/atb/cxx_abi_1/tests/atbopstest:/usr/local/Ascend/driver/lib64:/usr/local/Ascend/driver/lib64/common:/usr/local/Ascend/driver/lib64/driver:/usr/local/Ascend/nnal/atb/latest/atb/cxx_abi_1/lib:/usr/local/Ascend/nnal/atb/latest/atb/cxx_abi_1/examples:/usr/local/Ascend/nnal/atb/latest/atb/cxx_abi_1/tests/atbopstest:/usr/local/Ascend/driver/lib64:/usr/local/Ascend/driver/lib64/common:/usr/local/Ascend/driver/lib64/driver:/usr/local/Ascend/nnal/atb/latest/atb/cxx_abi_1/lib:/usr/local/Ascend/nnal/atb/latest/atb/cxx_abi_1/examples:/usr/local/Ascend/nnal/atb/latest/atb/cxx_abi_1/tests/atbopstest:/usr/local/Ascend/driver/lib64:/usr/local/Ascend/driver/lib64/common:/usr/local/Ascend/driver/lib64/driver:/usr/local/Ascend/nnal/atb/latest/atb/cxx_abi_1/lib:/usr/local/Ascend/nnal/atb/latest/atb/cxx_abi_1/examples:/usr/local/Ascend/nnal/atb/latest/atb/cxx_abi_1/tests/atbopstest:/usr/local/Ascend/ascend-toolkit/latest/tools/aml/lib64:/usr/local/Ascend/ascend-toolkit/latest/tools/aml/lib64/plugin:/usr/local/Ascend/ascend-toolkit/latest/lib64:/usr/local/Ascend/ascend-toolkit/latest/lib64/plugin/opskernel:/usr/local/Ascend/ascend-toolkit/latest/lib64/plugin/nnengine:/usr/local/Ascend/ascend-toolkit/latest/opp/built-in/op_impl/ai_core/tbe/op_tiling:/usr/local/Ascend/driver/lib64:/usr/local/Ascend/driver/lib64/common/:/usr/local/Ascend/driver/lib64/driver/:
++ '[' '!' -z /usr/local/Ascend/nnal/atb/latest/atb/cxx_abi_1/lib:/usr/local/Ascend/nnal/atb/latest/atb/cxx_abi_1/examples:/usr/local/Ascend/nnal/atb/latest/atb/cxx_abi_1/tests/atbopstest:/usr/local/Ascend/driver/lib64:/usr/local/Ascend/driver/lib64/common:/usr/local/Ascend/driver/lib64/driver:/usr/local/Ascend/nnal/atb/latest/atb/cxx_abi_1/lib:/usr/local/Ascend/nnal/atb/latest/atb/cxx_abi_1/examples:/usr/local/Ascend/nnal/atb/latest/atb/cxx_abi_1/tests/atbopstest:/usr/local/Ascend/driver/lib64:/usr/local/Ascend/driver/lib64/common:/usr/local/Ascend/driver/lib64/driver:/usr/local/Ascend/nnal/atb/latest/atb/cxx_abi_1/lib:/usr/local/Ascend/nnal/atb/latest/atb/cxx_abi_1/examples:/usr/local/Ascend/nnal/atb/latest/atb/cxx_abi_1/tests/atbopstest:/usr/local/Ascend/driver/lib64:/usr/local/Ascend/driver/lib64/common:/usr/local/Ascend/driver/lib64/driver:/usr/local/Ascend/nnal/atb/latest/atb/cxx_abi_1/lib:/usr/local/Ascend/nnal/atb/latest/atb/cxx_abi_1/examples:/usr/local/Ascend/nnal/atb/latest/atb/cxx_abi_1/tests/atbopstest:/usr/local/Ascend/driver/lib64:/usr/local/Ascend/driver/lib64/common:/usr/local/Ascend/driver/lib64/driver:/usr/local/Ascend/nnal/atb/latest/atb/cxx_abi_1/lib:/usr/local/Ascend/nnal/atb/latest/atb/cxx_abi_1/examples:/usr/local/Ascend/nnal/atb/latest/atb/cxx_abi_1/tests/atbopstest:/usr/local/Ascend/driver/lib64:/usr/local/Ascend/driver/lib64/common:/usr/local/Ascend/driver/lib64/driver:/usr/local/Ascend/nnal/atb/latest/atb/cxx_abi_1/lib:/usr/local/Ascend/nnal/atb/latest/atb/cxx_abi_1/examples:/usr/local/Ascend/nnal/atb/latest/atb/cxx_abi_1/tests/atbopstest:/usr/local/Ascend/ascend-toolkit/latest/tools/aml/lib64:/usr/local/Ascend/ascend-toolkit/latest/tools/aml/lib64/plugin:/usr/local/Ascend/ascend-toolkit/latest/lib64:/usr/local/Ascend/ascend-toolkit/latest/lib64/plugin/opskernel:/usr/local/Ascend/ascend-toolkit/latest/lib64/plugin/nnengine:/usr/local/Ascend/ascend-toolkit/latest/opp/built-in/op_impl/ai_core/tbe/op_tiling:/usr/local/Ascend/driver/lib64:/usr/local/Ascend/driver/lib64/common/:/usr/local/Ascend/driver/lib64/driver/: ']'
+++ echo /usr/local/Ascend/nnal/atb/latest/atb/cxx_abi_1/lib:/usr/local/Ascend/nnal/atb/latest/atb/cxx_abi_1/examples:/usr/local/Ascend/nnal/atb/latest/atb/cxx_abi_1/tests/atbopstest:/usr/local/Ascend/driver/lib64:/usr/local/Ascend/driver/lib64/common:/usr/local/Ascend/driver/lib64/driver:/usr/local/Ascend/nnal/atb/latest/atb/cxx_abi_1/lib:/usr/local/Ascend/nnal/atb/latest/atb/cxx_abi_1/examples:/usr/local/Ascend/nnal/atb/latest/atb/cxx_abi_1/tests/atbopstest:/usr/local/Ascend/driver/lib64:/usr/local/Ascend/driver/lib64/common:/usr/local/Ascend/driver/lib64/driver:/usr/local/Ascend/nnal/atb/latest/atb/cxx_abi_1/lib:/usr/local/Ascend/nnal/atb/latest/atb/cxx_abi_1/examples:/usr/local/Ascend/nnal/atb/latest/atb/cxx_abi_1/tests/atbopstest:/usr/local/Ascend/driver/lib64:/usr/local/Ascend/driver/lib64/common:/usr/local/Ascend/driver/lib64/driver:/usr/local/Ascend/nnal/atb/latest/atb/cxx_abi_1/lib:/usr/local/Ascend/nnal/atb/latest/atb/cxx_abi_1/examples:/usr/local/Ascend/nnal/atb/latest/atb/cxx_abi_1/tests/atbopstest:/usr/local/Ascend/driver/lib64:/usr/local/Ascend/driver/lib64/common:/usr/local/Ascend/driver/lib64/driver:/usr/local/Ascend/nnal/atb/latest/atb/cxx_abi_1/lib:/usr/local/Ascend/nnal/atb/latest/atb/cxx_abi_1/examples:/usr/local/Ascend/nnal/atb/latest/atb/cxx_abi_1/tests/atbopstest:/usr/local/Ascend/driver/lib64:/usr/local/Ascend/driver/lib64/common:/usr/local/Ascend/driver/lib64/driver:/usr/local/Ascend/nnal/atb/latest/atb/cxx_abi_1/lib:/usr/local/Ascend/nnal/atb/latest/atb/cxx_abi_1/examples:/usr/local/Ascend/nnal/atb/latest/atb/cxx_abi_1/tests/atbopstest:/usr/local/Ascend/ascend-toolkit/latest/tools/aml/lib64:/usr/local/Ascend/ascend-toolkit/latest/tools/aml/lib64/plugin:/usr/local/Ascend/ascend-toolkit/latest/lib64:/usr/local/Ascend/ascend-toolkit/latest/lib64/plugin/opskernel:/usr/local/Ascend/ascend-toolkit/latest/lib64/plugin/nnengine:/usr/local/Ascend/ascend-toolkit/latest/opp/built-in/op_impl/ai_core/tbe/op_tiling:/usr/local/Ascend/driver/lib64:/usr/local/Ascend/driver/lib64/common/:/usr/local/Ascend/driver/lib64/driver/:
+++ tr : ' '
++ ld_library_path='/usr/local/Ascend/nnal/atb/latest/atb/cxx_abi_1/lib /usr/local/Ascend/nnal/atb/latest/atb/cxx_abi_1/examples /usr/local/Ascend/nnal/atb/latest/atb/cxx_abi_1/tests/atbopstest /usr/local/Ascend/driver/lib64 /usr/local/Ascend/driver/lib64/common /usr/local/Ascend/driver/lib64/driver /usr/local/Ascend/nnal/atb/latest/atb/cxx_abi_1/lib /usr/local/Ascend/nnal/atb/latest/atb/cxx_abi_1/examples /usr/local/Ascend/nnal/atb/latest/atb/cxx_abi_1/tests/atbopstest /usr/local/Ascend/driver/lib64 /usr/local/Ascend/driver/lib64/common /usr/local/Ascend/driver/lib64/driver /usr/local/Ascend/nnal/atb/latest/atb/cxx_abi_1/lib /usr/local/Ascend/nnal/atb/latest/atb/cxx_abi_1/examples /usr/local/Ascend/nnal/atb/latest/atb/cxx_abi_1/tests/atbopstest /usr/local/Ascend/driver/lib64 /usr/local/Ascend/driver/lib64/common /usr/local/Ascend/driver/lib64/driver /usr/local/Ascend/nnal/atb/latest/atb/cxx_abi_1/lib /usr/local/Ascend/nnal/atb/latest/atb/cxx_abi_1/examples /usr/local/Ascend/nnal/atb/latest/atb/cxx_abi_1/tests/atbopstest /usr/local/Ascend/driver/lib64 /usr/local/Ascend/driver/lib64/common /usr/local/Ascend/driver/lib64/driver /usr/local/Ascend/nnal/atb/latest/atb/cxx_abi_1/lib /usr/local/Ascend/nnal/atb/latest/atb/cxx_abi_1/examples /usr/local/Ascend/nnal/atb/latest/atb/cxx_abi_1/tests/atbopstest /usr/local/Ascend/driver/lib64 /usr/local/Ascend/driver/lib64/common /usr/local/Ascend/driver/lib64/driver /usr/local/Ascend/nnal/atb/latest/atb/cxx_abi_1/lib /usr/local/Ascend/nnal/atb/latest/atb/cxx_abi_1/examples /usr/local/Ascend/nnal/atb/latest/atb/cxx_abi_1/tests/atbopstest /usr/local/Ascend/ascend-toolkit/latest/tools/aml/lib64 /usr/local/Ascend/ascend-toolkit/latest/tools/aml/lib64/plugin /usr/local/Ascend/ascend-toolkit/latest/lib64 /usr/local/Ascend/ascend-toolkit/latest/lib64/plugin/opskernel /usr/local/Ascend/ascend-toolkit/latest/lib64/plugin/nnengine /usr/local/Ascend/ascend-toolkit/latest/opp/built-in/op_impl/ai_core/tbe/op_tiling /usr/local/Ascend/driver/lib64 /usr/local/Ascend/driver/lib64/common/ /usr/local/Ascend/driver/lib64/driver/ '
++ for path in ${ld_library_path}
++ echo /usr/local/Ascend/nnal/atb/latest/atb/cxx_abi_1/lib
++ grep -q driver
++ for path in ${ld_library_path}
++ echo /usr/local/Ascend/nnal/atb/latest/atb/cxx_abi_1/examples
++ grep -q driver
++ for path in ${ld_library_path}
++ echo /usr/local/Ascend/nnal/atb/latest/atb/cxx_abi_1/tests/atbopstest
++ grep -q driver
++ for path in ${ld_library_path}
++ echo /usr/local/Ascend/driver/lib64
++ grep -q driver
++ '[' -d /usr/local/Ascend/driver/lib64 ']'
+++ find /usr/local/Ascend/driver/lib64 -name libascend_hal.so
++ dep_hal_path=/usr/local/Ascend/driver/lib64/driver/libascend_hal.so
++ '[' '!' -z /usr/local/Ascend/driver/lib64/driver/libascend_hal.so ']'
++ is_install_driver=y
++ for path in ${ld_library_path}
++ echo /usr/local/Ascend/driver/lib64/common
++ grep -q driver
++ '[' -d /usr/local/Ascend/driver/lib64/common ']'
+++ find /usr/local/Ascend/driver/lib64/common -name libascend_hal.so
++ dep_hal_path=
++ '[' '!' -z '' ']'
++ for path in ${ld_library_path}
++ echo /usr/local/Ascend/driver/lib64/driver
++ grep -q driver
++ '[' -d /usr/local/Ascend/driver/lib64/driver ']'
+++ find /usr/local/Ascend/driver/lib64/driver -name libascend_hal.so
++ dep_hal_path=/usr/local/Ascend/driver/lib64/driver/libascend_hal.so
++ '[' '!' -z /usr/local/Ascend/driver/lib64/driver/libascend_hal.so ']'
++ is_install_driver=y
++ for path in ${ld_library_path}
++ echo /usr/local/Ascend/nnal/atb/latest/atb/cxx_abi_1/lib
++ grep -q driver
++ for path in ${ld_library_path}
++ echo /usr/local/Ascend/nnal/atb/latest/atb/cxx_abi_1/examples
++ grep -q driver
++ for path in ${ld_library_path}
++ echo /usr/local/Ascend/nnal/atb/latest/atb/cxx_abi_1/tests/atbopstest
++ grep -q driver
++ for path in ${ld_library_path}
++ echo /usr/local/Ascend/driver/lib64
++ grep -q driver
++ '[' -d /usr/local/Ascend/driver/lib64 ']'
+++ find /usr/local/Ascend/driver/lib64 -name libascend_hal.so
++ dep_hal_path=/usr/local/Ascend/driver/lib64/driver/libascend_hal.so
++ '[' '!' -z /usr/local/Ascend/driver/lib64/driver/libascend_hal.so ']'
++ is_install_driver=y
++ for path in ${ld_library_path}
++ echo /usr/local/Ascend/driver/lib64/common
++ grep -q driver
++ '[' -d /usr/local/Ascend/driver/lib64/common ']'
+++ find /usr/local/Ascend/driver/lib64/common -name libascend_hal.so
++ dep_hal_path=
++ '[' '!' -z '' ']'
++ for path in ${ld_library_path}
++ echo /usr/local/Ascend/driver/lib64/driver
++ grep -q driver
++ '[' -d /usr/local/Ascend/driver/lib64/driver ']'
+++ find /usr/local/Ascend/driver/lib64/driver -name libascend_hal.so
++ dep_hal_path=/usr/local/Ascend/driver/lib64/driver/libascend_hal.so
++ '[' '!' -z /usr/local/Ascend/driver/lib64/driver/libascend_hal.so ']'
++ is_install_driver=y
++ for path in ${ld_library_path}
++ echo /usr/local/Ascend/nnal/atb/latest/atb/cxx_abi_1/lib
++ grep -q driver
++ for path in ${ld_library_path}
++ echo /usr/local/Ascend/nnal/atb/latest/atb/cxx_abi_1/examples
++ grep -q driver
++ for path in ${ld_library_path}
++ echo /usr/local/Ascend/nnal/atb/latest/atb/cxx_abi_1/tests/atbopstest
++ grep -q driver
++ for path in ${ld_library_path}
++ echo /usr/local/Ascend/driver/lib64
++ grep -q driver
++ '[' -d /usr/local/Ascend/driver/lib64 ']'
+++ find /usr/local/Ascend/driver/lib64 -name libascend_hal.so
++ dep_hal_path=/usr/local/Ascend/driver/lib64/driver/libascend_hal.so
++ '[' '!' -z /usr/local/Ascend/driver/lib64/driver/libascend_hal.so ']'
++ is_install_driver=y
++ for path in ${ld_library_path}
++ echo /usr/local/Ascend/driver/lib64/common
++ grep -q driver
++ '[' -d /usr/local/Ascend/driver/lib64/common ']'
+++ find /usr/local/Ascend/driver/lib64/common -name libascend_hal.so
++ dep_hal_path=
++ '[' '!' -z '' ']'
++ for path in ${ld_library_path}
++ echo /usr/local/Ascend/driver/lib64/driver
++ grep -q driver
++ '[' -d /usr/local/Ascend/driver/lib64/driver ']'
+++ find /usr/local/Ascend/driver/lib64/driver -name libascend_hal.so
++ dep_hal_path=/usr/local/Ascend/driver/lib64/driver/libascend_hal.so
++ '[' '!' -z /usr/local/Ascend/driver/lib64/driver/libascend_hal.so ']'
++ is_install_driver=y
++ for path in ${ld_library_path}
++ echo /usr/local/Ascend/nnal/atb/latest/atb/cxx_abi_1/lib
++ grep -q driver
++ for path in ${ld_library_path}
++ echo /usr/local/Ascend/nnal/atb/latest/atb/cxx_abi_1/examples
++ grep -q driver
++ for path in ${ld_library_path}
++ echo /usr/local/Ascend/nnal/atb/latest/atb/cxx_abi_1/tests/atbopstest
++ grep -q driver
++ for path in ${ld_library_path}
++ echo /usr/local/Ascend/driver/lib64
++ grep -q driver
++ '[' -d /usr/local/Ascend/driver/lib64 ']'
+++ find /usr/local/Ascend/driver/lib64 -name libascend_hal.so
++ dep_hal_path=/usr/local/Ascend/driver/lib64/driver/libascend_hal.so
++ '[' '!' -z /usr/local/Ascend/driver/lib64/driver/libascend_hal.so ']'
++ is_install_driver=y
++ for path in ${ld_library_path}
++ echo /usr/local/Ascend/driver/lib64/common
++ grep -q driver
++ '[' -d /usr/local/Ascend/driver/lib64/common ']'
+++ find /usr/local/Ascend/driver/lib64/common -name libascend_hal.so
++ dep_hal_path=
++ '[' '!' -z '' ']'
++ for path in ${ld_library_path}
++ echo /usr/local/Ascend/driver/lib64/driver
++ grep -q driver
++ '[' -d /usr/local/Ascend/driver/lib64/driver ']'
+++ find /usr/local/Ascend/driver/lib64/driver -name libascend_hal.so
++ dep_hal_path=/usr/local/Ascend/driver/lib64/driver/libascend_hal.so
++ '[' '!' -z /usr/local/Ascend/driver/lib64/driver/libascend_hal.so ']'
++ is_install_driver=y
++ for path in ${ld_library_path}
++ echo /usr/local/Ascend/nnal/atb/latest/atb/cxx_abi_1/lib
++ grep -q driver
++ for path in ${ld_library_path}
++ echo /usr/local/Ascend/nnal/atb/latest/atb/cxx_abi_1/examples
++ grep -q driver
++ for path in ${ld_library_path}
++ echo /usr/local/Ascend/nnal/atb/latest/atb/cxx_abi_1/tests/atbopstest
++ grep -q driver
++ for path in ${ld_library_path}
++ echo /usr/local/Ascend/driver/lib64
++ grep -q driver
++ '[' -d /usr/local/Ascend/driver/lib64 ']'
+++ find /usr/local/Ascend/driver/lib64 -name libascend_hal.so
++ dep_hal_path=/usr/local/Ascend/driver/lib64/driver/libascend_hal.so
++ '[' '!' -z /usr/local/Ascend/driver/lib64/driver/libascend_hal.so ']'
++ is_install_driver=y
++ for path in ${ld_library_path}
++ echo /usr/local/Ascend/driver/lib64/common
++ grep -q driver
++ '[' -d /usr/local/Ascend/driver/lib64/common ']'
+++ find /usr/local/Ascend/driver/lib64/common -name libascend_hal.so
++ dep_hal_path=
++ '[' '!' -z '' ']'
++ for path in ${ld_library_path}
++ echo /usr/local/Ascend/driver/lib64/driver
++ grep -q driver
++ '[' -d /usr/local/Ascend/driver/lib64/driver ']'
+++ find /usr/local/Ascend/driver/lib64/driver -name libascend_hal.so
++ dep_hal_path=/usr/local/Ascend/driver/lib64/driver/libascend_hal.so
++ '[' '!' -z /usr/local/Ascend/driver/lib64/driver/libascend_hal.so ']'
++ is_install_driver=y
++ for path in ${ld_library_path}
++ echo /usr/local/Ascend/nnal/atb/latest/atb/cxx_abi_1/lib
++ grep -q driver
++ for path in ${ld_library_path}
++ echo /usr/local/Ascend/nnal/atb/latest/atb/cxx_abi_1/examples
++ grep -q driver
++ for path in ${ld_library_path}
++ echo /usr/local/Ascend/nnal/atb/latest/atb/cxx_abi_1/tests/atbopstest
++ grep -q driver
++ for path in ${ld_library_path}
++ echo /usr/local/Ascend/ascend-toolkit/latest/tools/aml/lib64
++ grep -q driver
++ for path in ${ld_library_path}
++ echo /usr/local/Ascend/ascend-toolkit/latest/tools/aml/lib64/plugin
++ grep -q driver
++ for path in ${ld_library_path}
++ echo /usr/local/Ascend/ascend-toolkit/latest/lib64
++ grep -q driver
++ for path in ${ld_library_path}
++ echo /usr/local/Ascend/ascend-toolkit/latest/lib64/plugin/opskernel
++ grep -q driver
++ for path in ${ld_library_path}
++ echo /usr/local/Ascend/ascend-toolkit/latest/lib64/plugin/nnengine
++ grep -q driver
++ for path in ${ld_library_path}
++ echo /usr/local/Ascend/ascend-toolkit/latest/opp/built-in/op_impl/ai_core/tbe/op_tiling
++ grep -q driver
++ for path in ${ld_library_path}
++ echo /usr/local/Ascend/driver/lib64
++ grep -q driver
++ '[' -d /usr/local/Ascend/driver/lib64 ']'
+++ find /usr/local/Ascend/driver/lib64 -name libascend_hal.so
++ dep_hal_path=/usr/local/Ascend/driver/lib64/driver/libascend_hal.so
++ '[' '!' -z /usr/local/Ascend/driver/lib64/driver/libascend_hal.so ']'
++ is_install_driver=y
++ for path in ${ld_library_path}
++ echo /usr/local/Ascend/driver/lib64/common/
++ grep -q driver
++ '[' -d /usr/local/Ascend/driver/lib64/common/ ']'
+++ find /usr/local/Ascend/driver/lib64/common/ -name libascend_hal.so
++ dep_hal_path=
++ '[' '!' -z '' ']'
++ for path in ${ld_library_path}
++ echo /usr/local/Ascend/driver/lib64/driver/
++ grep -q driver
++ '[' -d /usr/local/Ascend/driver/lib64/driver/ ']'
+++ find /usr/local/Ascend/driver/lib64/driver/ -name libascend_hal.so
++ dep_hal_path=/usr/local/Ascend/driver/lib64/driver/libascend_hal.so
++ '[' '!' -z /usr/local/Ascend/driver/lib64/driver/libascend_hal.so ']'
++ is_install_driver=y
++ '[' -f /etc/ascend_install.info ']'
++ case ":$PATH:" in
++ command -v ldconfig
++ ldconfig -p
++ grep -q -- libascend_hal.so
++ command -v arch
+++ arch
++ architecture=aarch64
++ prepend_env PATH /usr/local/Ascend/cann-8.5.0/bin:/usr/local/Ascend/cann-8.5.0/tools/ccec_compiler/bin:/usr/local/Ascend/cann-8.5.0/tools/profiler/bin:/usr/local/Ascend/cann-8.5.0/tools/ascend_system_advisor/asys:/usr/local/Ascend/cann-8.5.0/tools/show_kernel_debug_data:/usr/local/Ascend/cann-8.5.0/tools/msobjdump
++ local name=PATH
++ local value=/usr/local/Ascend/cann-8.5.0/bin:/usr/local/Ascend/cann-8.5.0/tools/ccec_compiler/bin:/usr/local/Ascend/cann-8.5.0/tools/profiler/bin:/usr/local/Ascend/cann-8.5.0/tools/ascend_system_advisor/asys:/usr/local/Ascend/cann-8.5.0/tools/show_kernel_debug_data:/usr/local/Ascend/cann-8.5.0/tools/msobjdump
+++ eval echo '${PATH}'
++++ echo /usr/local/Ascend/nnal/atb/latest/atb/cxx_abi_1/bin:/usr/local/Ascend/nnal/atb/latest/atb/cxx_abi_1/bin:/usr/local/Ascend/nnal/atb/latest/atb/cxx_abi_1/bin:/root/.vscode-server/data/User/globalStorage/github.copilot-chat/debugCommand:/root/.vscode-server/data/User/globalStorage/github.copilot-chat/copilotCli:/root/.vscode-server/bin/8761a5560cfd65fdd19ce7e2bd18dab5c0a4d84e/bin/remote-cli:/usr/local/Ascend/nnal/atb/latest/atb/cxx_abi_1/bin:/usr/local/Ascend/nnal/atb/latest/atb/cxx_abi_1/bin:/usr/local/Ascend/nnal/atb/latest/atb/cxx_abi_1/bin:/usr/local/Ascend/ascend-toolkit/latest/bin:/usr/local/Ascend/ascend-toolkit/latest/compiler/ccec_compiler/bin:/usr/local/Ascend/ascend-toolkit/latest/tools/ccec_compiler/bin:/usr/local/python3.11.14/bin:/usr/local/sbin:/usr/local/bin:/usr/sbin:/usr/bin:/sbin:/bin:/usr/local/go/bin:/root/bin:/usr/local/go/bin:/usr/local/go/bin:/root/bin
++ local env_value=/usr/local/Ascend/nnal/atb/latest/atb/cxx_abi_1/bin:/usr/local/Ascend/nnal/atb/latest/atb/cxx_abi_1/bin:/usr/local/Ascend/nnal/atb/latest/atb/cxx_abi_1/bin:/root/.vscode-server/data/User/globalStorage/github.copilot-chat/debugCommand:/root/.vscode-server/data/User/globalStorage/github.copilot-chat/copilotCli:/root/.vscode-server/bin/8761a5560cfd65fdd19ce7e2bd18dab5c0a4d84e/bin/remote-cli:/usr/local/Ascend/nnal/atb/latest/atb/cxx_abi_1/bin:/usr/local/Ascend/nnal/atb/latest/atb/cxx_abi_1/bin:/usr/local/Ascend/nnal/atb/latest/atb/cxx_abi_1/bin:/usr/local/Ascend/ascend-toolkit/latest/bin:/usr/local/Ascend/ascend-toolkit/latest/compiler/ccec_compiler/bin:/usr/local/Ascend/ascend-toolkit/latest/tools/ccec_compiler/bin:/usr/local/python3.11.14/bin:/usr/local/sbin:/usr/local/bin:/usr/sbin:/usr/bin:/sbin:/bin:/usr/local/go/bin:/root/bin:/usr/local/go/bin:/usr/local/go/bin:/root/bin
++ '[' /usr/local/Ascend/nnal/atb/latest/atb/cxx_abi_1/bin:/usr/local/Ascend/nnal/atb/latest/atb/cxx_abi_1/bin:/usr/local/Ascend/nnal/atb/latest/atb/cxx_abi_1/bin:/root/.vscode-server/data/User/globalStorage/github.copilot-chat/debugCommand:/root/.vscode-server/data/User/globalStorage/github.copilot-chat/copilotCli:/root/.vscode-server/bin/8761a5560cfd65fdd19ce7e2bd18dab5c0a4d84e/bin/remote-cli:/usr/local/Ascend/nnal/atb/latest/atb/cxx_abi_1/bin:/usr/local/Ascend/nnal/atb/latest/atb/cxx_abi_1/bin:/usr/local/Ascend/nnal/atb/latest/atb/cxx_abi_1/bin:/usr/local/Ascend/ascend-toolkit/latest/bin:/usr/local/Ascend/ascend-toolkit/latest/compiler/ccec_compiler/bin:/usr/local/Ascend/ascend-toolkit/latest/tools/ccec_compiler/bin:/usr/local/python3.11.14/bin:/usr/local/sbin:/usr/local/bin:/usr/sbin:/usr/bin:/sbin:/bin:/usr/local/go/bin:/root/bin:/usr/local/go/bin:/usr/local/go/bin:/root/bin = '' ']'
++ read -r PATH
++ export PATH
++ prepend_env LD_LIBRARY_PATH /usr/local/Ascend/cann-8.5.0/lib64:/usr/local/Ascend/cann-8.5.0/lib64/plugin/opskernel:/usr/local/Ascend/cann-8.5.0/lib64/plugin/nnengine:/usr/local/Ascend/cann-8.5.0/opp/built-in/op_impl/ai_core/tbe/op_tiling/lib/linux/aarch64:/usr/local/Ascend/cann-8.5.0/tools/aml/lib64:/usr/local/Ascend/cann-8.5.0/tools/aml/lib64/plugin:/usr/local/Ascend/driver/lib64:/usr/local/Ascend/driver/lib64/common:/usr/local/Ascend/driver/lib64/driver
++ local name=LD_LIBRARY_PATH
++ local value=/usr/local/Ascend/cann-8.5.0/lib64:/usr/local/Ascend/cann-8.5.0/lib64/plugin/opskernel:/usr/local/Ascend/cann-8.5.0/lib64/plugin/nnengine:/usr/local/Ascend/cann-8.5.0/opp/built-in/op_impl/ai_core/tbe/op_tiling/lib/linux/aarch64:/usr/local/Ascend/cann-8.5.0/tools/aml/lib64:/usr/local/Ascend/cann-8.5.0/tools/aml/lib64/plugin:/usr/local/Ascend/driver/lib64:/usr/local/Ascend/driver/lib64/common:/usr/local/Ascend/driver/lib64/driver
+++ eval echo '${LD_LIBRARY_PATH}'
++++ echo /usr/local/Ascend/nnal/atb/latest/atb/cxx_abi_1/lib:/usr/local/Ascend/nnal/atb/latest/atb/cxx_abi_1/examples:/usr/local/Ascend/nnal/atb/latest/atb/cxx_abi_1/tests/atbopstest:/usr/local/Ascend/driver/lib64:/usr/local/Ascend/driver/lib64/common:/usr/local/Ascend/driver/lib64/driver:/usr/local/Ascend/nnal/atb/latest/atb/cxx_abi_1/lib:/usr/local/Ascend/nnal/atb/latest/atb/cxx_abi_1/examples:/usr/local/Ascend/nnal/atb/latest/atb/cxx_abi_1/tests/atbopstest:/usr/local/Ascend/driver/lib64:/usr/local/Ascend/driver/lib64/common:/usr/local/Ascend/driver/lib64/driver:/usr/local/Ascend/nnal/atb/latest/atb/cxx_abi_1/lib:/usr/local/Ascend/nnal/atb/latest/atb/cxx_abi_1/examples:/usr/local/Ascend/nnal/atb/latest/atb/cxx_abi_1/tests/atbopstest:/usr/local/Ascend/driver/lib64:/usr/local/Ascend/driver/lib64/common:/usr/local/Ascend/driver/lib64/driver:/usr/local/Ascend/nnal/atb/latest/atb/cxx_abi_1/lib:/usr/local/Ascend/nnal/atb/latest/atb/cxx_abi_1/examples:/usr/local/Ascend/nnal/atb/latest/atb/cxx_abi_1/tests/atbopstest:/usr/local/Ascend/driver/lib64:/usr/local/Ascend/driver/lib64/common:/usr/local/Ascend/driver/lib64/driver:/usr/local/Ascend/nnal/atb/latest/atb/cxx_abi_1/lib:/usr/local/Ascend/nnal/atb/latest/atb/cxx_abi_1/examples:/usr/local/Ascend/nnal/atb/latest/atb/cxx_abi_1/tests/atbopstest:/usr/local/Ascend/driver/lib64:/usr/local/Ascend/driver/lib64/common:/usr/local/Ascend/driver/lib64/driver:/usr/local/Ascend/nnal/atb/latest/atb/cxx_abi_1/lib:/usr/local/Ascend/nnal/atb/latest/atb/cxx_abi_1/examples:/usr/local/Ascend/nnal/atb/latest/atb/cxx_abi_1/tests/atbopstest:/usr/local/Ascend/ascend-toolkit/latest/tools/aml/lib64:/usr/local/Ascend/ascend-toolkit/latest/tools/aml/lib64/plugin:/usr/local/Ascend/ascend-toolkit/latest/lib64:/usr/local/Ascend/ascend-toolkit/latest/lib64/plugin/opskernel:/usr/local/Ascend/ascend-toolkit/latest/lib64/plugin/nnengine:/usr/local/Ascend/ascend-toolkit/latest/opp/built-in/op_impl/ai_core/tbe/op_tiling:/usr/local/Ascend/driver/lib64:/usr/local/Ascend/driver/lib64/common/:/usr/local/Ascend/driver/lib64/driver/:
++ local env_value=/usr/local/Ascend/nnal/atb/latest/atb/cxx_abi_1/lib:/usr/local/Ascend/nnal/atb/latest/atb/cxx_abi_1/examples:/usr/local/Ascend/nnal/atb/latest/atb/cxx_abi_1/tests/atbopstest:/usr/local/Ascend/driver/lib64:/usr/local/Ascend/driver/lib64/common:/usr/local/Ascend/driver/lib64/driver:/usr/local/Ascend/nnal/atb/latest/atb/cxx_abi_1/lib:/usr/local/Ascend/nnal/atb/latest/atb/cxx_abi_1/examples:/usr/local/Ascend/nnal/atb/latest/atb/cxx_abi_1/tests/atbopstest:/usr/local/Ascend/driver/lib64:/usr/local/Ascend/driver/lib64/common:/usr/local/Ascend/driver/lib64/driver:/usr/local/Ascend/nnal/atb/latest/atb/cxx_abi_1/lib:/usr/local/Ascend/nnal/atb/latest/atb/cxx_abi_1/examples:/usr/local/Ascend/nnal/atb/latest/atb/cxx_abi_1/tests/atbopstest:/usr/local/Ascend/driver/lib64:/usr/local/Ascend/driver/lib64/common:/usr/local/Ascend/driver/lib64/driver:/usr/local/Ascend/nnal/atb/latest/atb/cxx_abi_1/lib:/usr/local/Ascend/nnal/atb/latest/atb/cxx_abi_1/examples:/usr/local/Ascend/nnal/atb/latest/atb/cxx_abi_1/tests/atbopstest:/usr/local/Ascend/driver/lib64:/usr/local/Ascend/driver/lib64/common:/usr/local/Ascend/driver/lib64/driver:/usr/local/Ascend/nnal/atb/latest/atb/cxx_abi_1/lib:/usr/local/Ascend/nnal/atb/latest/atb/cxx_abi_1/examples:/usr/local/Ascend/nnal/atb/latest/atb/cxx_abi_1/tests/atbopstest:/usr/local/Ascend/driver/lib64:/usr/local/Ascend/driver/lib64/common:/usr/local/Ascend/driver/lib64/driver:/usr/local/Ascend/nnal/atb/latest/atb/cxx_abi_1/lib:/usr/local/Ascend/nnal/atb/latest/atb/cxx_abi_1/examples:/usr/local/Ascend/nnal/atb/latest/atb/cxx_abi_1/tests/atbopstest:/usr/local/Ascend/ascend-toolkit/latest/tools/aml/lib64:/usr/local/Ascend/ascend-toolkit/latest/tools/aml/lib64/plugin:/usr/local/Ascend/ascend-toolkit/latest/lib64:/usr/local/Ascend/ascend-toolkit/latest/lib64/plugin/opskernel:/usr/local/Ascend/ascend-toolkit/latest/lib64/plugin/nnengine:/usr/local/Ascend/ascend-toolkit/latest/opp/built-in/op_impl/ai_core/tbe/op_tiling:/usr/local/Ascend/driver/lib64:/usr/local/Ascend/driver/lib64/common/:/usr/local/Ascend/driver/lib64/driver/:
++ '[' /usr/local/Ascend/nnal/atb/latest/atb/cxx_abi_1/lib:/usr/local/Ascend/nnal/atb/latest/atb/cxx_abi_1/examples:/usr/local/Ascend/nnal/atb/latest/atb/cxx_abi_1/tests/atbopstest:/usr/local/Ascend/driver/lib64:/usr/local/Ascend/driver/lib64/common:/usr/local/Ascend/driver/lib64/driver:/usr/local/Ascend/nnal/atb/latest/atb/cxx_abi_1/lib:/usr/local/Ascend/nnal/atb/latest/atb/cxx_abi_1/examples:/usr/local/Ascend/nnal/atb/latest/atb/cxx_abi_1/tests/atbopstest:/usr/local/Ascend/driver/lib64:/usr/local/Ascend/driver/lib64/common:/usr/local/Ascend/driver/lib64/driver:/usr/local/Ascend/nnal/atb/latest/atb/cxx_abi_1/lib:/usr/local/Ascend/nnal/atb/latest/atb/cxx_abi_1/examples:/usr/local/Ascend/nnal/atb/latest/atb/cxx_abi_1/tests/atbopstest:/usr/local/Ascend/driver/lib64:/usr/local/Ascend/driver/lib64/common:/usr/local/Ascend/driver/lib64/driver:/usr/local/Ascend/nnal/atb/latest/atb/cxx_abi_1/lib:/usr/local/Ascend/nnal/atb/latest/atb/cxx_abi_1/examples:/usr/local/Ascend/nnal/atb/latest/atb/cxx_abi_1/tests/atbopstest:/usr/local/Ascend/driver/lib64:/usr/local/Ascend/driver/lib64/common:/usr/local/Ascend/driver/lib64/driver:/usr/local/Ascend/nnal/atb/latest/atb/cxx_abi_1/lib:/usr/local/Ascend/nnal/atb/latest/atb/cxx_abi_1/examples:/usr/local/Ascend/nnal/atb/latest/atb/cxx_abi_1/tests/atbopstest:/usr/local/Ascend/driver/lib64:/usr/local/Ascend/driver/lib64/common:/usr/local/Ascend/driver/lib64/driver:/usr/local/Ascend/nnal/atb/latest/atb/cxx_abi_1/lib:/usr/local/Ascend/nnal/atb/latest/atb/cxx_abi_1/examples:/usr/local/Ascend/nnal/atb/latest/atb/cxx_abi_1/tests/atbopstest:/usr/local/Ascend/ascend-toolkit/latest/tools/aml/lib64:/usr/local/Ascend/ascend-toolkit/latest/tools/aml/lib64/plugin:/usr/local/Ascend/ascend-toolkit/latest/lib64:/usr/local/Ascend/ascend-toolkit/latest/lib64/plugin/opskernel:/usr/local/Ascend/ascend-toolkit/latest/lib64/plugin/nnengine:/usr/local/Ascend/ascend-toolkit/latest/opp/built-in/op_impl/ai_core/tbe/op_tiling:/usr/local/Ascend/driver/lib64:/usr/local/Ascend/driver/lib64/common/:/usr/local/Ascend/driver/lib64/driver/: = '' ']'
++ read -r LD_LIBRARY_PATH
++ export LD_LIBRARY_PATH
++ export PYTHONPATH=/usr/local/Ascend/cann-8.5.0/python/site-packages:/usr/local/Ascend/cann-8.5.0/opp/built-in/op_impl/ai_core/tbe:/workspace/cann-recipes-train/llm_rl/qwen3_shrink_aware:/usr/local/Ascend/ascend-toolkit/latest/python/site-packages:/usr/local/Ascend/ascend-toolkit/latest/opp/built-in/op_impl/ai_core/tbe:
++ PYTHONPATH=/usr/local/Ascend/cann-8.5.0/python/site-packages:/usr/local/Ascend/cann-8.5.0/opp/built-in/op_impl/ai_core/tbe:/workspace/cann-recipes-train/llm_rl/qwen3_shrink_aware:/usr/local/Ascend/ascend-toolkit/latest/python/site-packages:/usr/local/Ascend/ascend-toolkit/latest/opp/built-in/op_impl/ai_core/tbe:
++ '[' y = n ']'
++ export ASCEND_OPP_PATH=/usr/local/Ascend/cann-8.5.0/opp
++ ASCEND_OPP_PATH=/usr/local/Ascend/cann-8.5.0/opp
++ export ASCEND_AICPU_PATH=/usr/local/Ascend/cann-8.5.0
++ ASCEND_AICPU_PATH=/usr/local/Ascend/cann-8.5.0
++ export TOOLCHAIN_HOME=/usr/local/Ascend/cann-8.5.0/toolkit
++ TOOLCHAIN_HOME=/usr/local/Ascend/cann-8.5.0/toolkit
++ export ASCEND_HOME_PATH=/usr/local/Ascend/cann-8.5.0
++ ASCEND_HOME_PATH=/usr/local/Ascend/cann-8.5.0
++ export ASCEND_TOOLKIT_HOME=/usr/local/Ascend/cann-8.5.0
++ ASCEND_TOOLKIT_HOME=/usr/local/Ascend/cann-8.5.0
++ prepend_env CMAKE_PREFIX_PATH /usr/local/Ascend/cann-8.5.0/lib64/cmake
++ local name=CMAKE_PREFIX_PATH
++ local value=/usr/local/Ascend/cann-8.5.0/lib64/cmake
+++ eval echo '${CMAKE_PREFIX_PATH}'
++++ echo /usr/local/Ascend/cann-8.5.0/toolkit/tools/tikicpulib/lib/cmake:/usr/local/Ascend/cann-8.5.0/lib64/cmake:/usr/local/Ascend/cann-8.5.0/toolkit/tools/tikicpulib/lib/cmake:/usr/local/Ascend/cann-8.5.0/lib64/cmake:/usr/local/Ascend/cann-8.5.0/toolkit/tools/tikicpulib/lib/cmake:/usr/local/Ascend/cann-8.5.0/lib64/cmake:/usr/local/Ascend/cann-8.5.0/toolkit/tools/tikicpulib/lib/cmake:/usr/local/Ascend/cann-8.5.0/lib64/cmake:/usr/local/Ascend/cann-8.5.0/toolkit/tools/tikicpulib/lib/cmake:/usr/local/Ascend/cann-8.5.0/lib64/cmake
++ local env_value=/usr/local/Ascend/cann-8.5.0/toolkit/tools/tikicpulib/lib/cmake:/usr/local/Ascend/cann-8.5.0/lib64/cmake:/usr/local/Ascend/cann-8.5.0/toolkit/tools/tikicpulib/lib/cmake:/usr/local/Ascend/cann-8.5.0/lib64/cmake:/usr/local/Ascend/cann-8.5.0/toolkit/tools/tikicpulib/lib/cmake:/usr/local/Ascend/cann-8.5.0/lib64/cmake:/usr/local/Ascend/cann-8.5.0/toolkit/tools/tikicpulib/lib/cmake:/usr/local/Ascend/cann-8.5.0/lib64/cmake:/usr/local/Ascend/cann-8.5.0/toolkit/tools/tikicpulib/lib/cmake:/usr/local/Ascend/cann-8.5.0/lib64/cmake
++ '[' /usr/local/Ascend/cann-8.5.0/toolkit/tools/tikicpulib/lib/cmake:/usr/local/Ascend/cann-8.5.0/lib64/cmake:/usr/local/Ascend/cann-8.5.0/toolkit/tools/tikicpulib/lib/cmake:/usr/local/Ascend/cann-8.5.0/lib64/cmake:/usr/local/Ascend/cann-8.5.0/toolkit/tools/tikicpulib/lib/cmake:/usr/local/Ascend/cann-8.5.0/lib64/cmake:/usr/local/Ascend/cann-8.5.0/toolkit/tools/tikicpulib/lib/cmake:/usr/local/Ascend/cann-8.5.0/lib64/cmake:/usr/local/Ascend/cann-8.5.0/toolkit/tools/tikicpulib/lib/cmake:/usr/local/Ascend/cann-8.5.0/lib64/cmake = '' ']'
++ read -r CMAKE_PREFIX_PATH
++ export CMAKE_PREFIX_PATH
++ prepend_env CMAKE_PREFIX_PATH /usr/local/Ascend/cann-8.5.0/toolkit/tools/tikicpulib/lib/cmake
++ local name=CMAKE_PREFIX_PATH
++ local value=/usr/local/Ascend/cann-8.5.0/toolkit/tools/tikicpulib/lib/cmake
+++ eval echo '${CMAKE_PREFIX_PATH}'
++++ echo /usr/local/Ascend/cann-8.5.0/lib64/cmake:/usr/local/Ascend/cann-8.5.0/toolkit/tools/tikicpulib/lib/cmake:/usr/local/Ascend/cann-8.5.0/lib64/cmake:/usr/local/Ascend/cann-8.5.0/toolkit/tools/tikicpulib/lib/cmake:/usr/local/Ascend/cann-8.5.0/lib64/cmake:/usr/local/Ascend/cann-8.5.0/toolkit/tools/tikicpulib/lib/cmake:/usr/local/Ascend/cann-8.5.0/lib64/cmake:/usr/local/Ascend/cann-8.5.0/toolkit/tools/tikicpulib/lib/cmake:/usr/local/Ascend/cann-8.5.0/lib64/cmake:/usr/local/Ascend/cann-8.5.0/toolkit/tools/tikicpulib/lib/cmake:/usr/local/Ascend/cann-8.5.0/lib64/cmake
++ local env_value=/usr/local/Ascend/cann-8.5.0/lib64/cmake:/usr/local/Ascend/cann-8.5.0/toolkit/tools/tikicpulib/lib/cmake:/usr/local/Ascend/cann-8.5.0/lib64/cmake:/usr/local/Ascend/cann-8.5.0/toolkit/tools/tikicpulib/lib/cmake:/usr/local/Ascend/cann-8.5.0/lib64/cmake:/usr/local/Ascend/cann-8.5.0/toolkit/tools/tikicpulib/lib/cmake:/usr/local/Ascend/cann-8.5.0/lib64/cmake:/usr/local/Ascend/cann-8.5.0/toolkit/tools/tikicpulib/lib/cmake:/usr/local/Ascend/cann-8.5.0/lib64/cmake:/usr/local/Ascend/cann-8.5.0/toolkit/tools/tikicpulib/lib/cmake:/usr/local/Ascend/cann-8.5.0/lib64/cmake
++ '[' /usr/local/Ascend/cann-8.5.0/lib64/cmake:/usr/local/Ascend/cann-8.5.0/toolkit/tools/tikicpulib/lib/cmake:/usr/local/Ascend/cann-8.5.0/lib64/cmake:/usr/local/Ascend/cann-8.5.0/toolkit/tools/tikicpulib/lib/cmake:/usr/local/Ascend/cann-8.5.0/lib64/cmake:/usr/local/Ascend/cann-8.5.0/toolkit/tools/tikicpulib/lib/cmake:/usr/local/Ascend/cann-8.5.0/lib64/cmake:/usr/local/Ascend/cann-8.5.0/toolkit/tools/tikicpulib/lib/cmake:/usr/local/Ascend/cann-8.5.0/lib64/cmake:/usr/local/Ascend/cann-8.5.0/toolkit/tools/tikicpulib/lib/cmake:/usr/local/Ascend/cann-8.5.0/lib64/cmake = '' ']'
++ read -r CMAKE_PREFIX_PATH
++ export CMAKE_PREFIX_PATH
+ source /usr/local/Ascend/nnal/asdsip/set_env.sh
++ path=/usr/local/Ascend/nnal/asdsip/set_env.sh
++ [[ -f /usr/local/Ascend/nnal/asdsip/set_env.sh ]]
++ [[ /usr/local/Ascend/nnal/asdsip/set_env.sh =~ set_env\.sh ]]
++++ dirname /usr/local/Ascend/nnal/asdsip/set_env.sh
+++ cd /usr/local/Ascend/nnal/asdsip
+++ pwd
++ asdsip_dir_path=/usr/local/Ascend/nnal/asdsip
++ export ASDSIP_HOME_PATH=/usr/local/Ascend/nnal/asdsip/latest/
++ ASDSIP_HOME_PATH=/usr/local/Ascend/nnal/asdsip/latest/
++ export LD_LIBRARY_PATH=/usr/local/Ascend/nnal/asdsip/latest//lib:/usr/local/Ascend/cann-8.5.0/lib64:/usr/local/Ascend/cann-8.5.0/lib64/plugin/opskernel:/usr/local/Ascend/cann-8.5.0/lib64/plugin/nnengine:/usr/local/Ascend/cann-8.5.0/opp/built-in/op_impl/ai_core/tbe/op_tiling/lib/linux/aarch64:/usr/local/Ascend/cann-8.5.0/tools/aml/lib64:/usr/local/Ascend/cann-8.5.0/tools/aml/lib64/plugin:/usr/local/Ascend/driver/lib64:/usr/local/Ascend/driver/lib64/common:/usr/local/Ascend/driver/lib64/driver:/usr/local/Ascend/nnal/atb/latest/atb/cxx_abi_1/lib:/usr/local/Ascend/nnal/atb/latest/atb/cxx_abi_1/examples:/usr/local/Ascend/nnal/atb/latest/atb/cxx_abi_1/tests/atbopstest:/usr/local/Ascend/driver/lib64:/usr/local/Ascend/driver/lib64/common:/usr/local/Ascend/driver/lib64/driver:/usr/local/Ascend/nnal/atb/latest/atb/cxx_abi_1/lib:/usr/local/Ascend/nnal/atb/latest/atb/cxx_abi_1/examples:/usr/local/Ascend/nnal/atb/latest/atb/cxx_abi_1/tests/atbopstest:/usr/local/Ascend/driver/lib64:/usr/local/Ascend/driver/lib64/common:/usr/local/Ascend/driver/lib64/driver:/usr/local/Ascend/nnal/atb/latest/atb/cxx_abi_1/lib:/usr/local/Ascend/nnal/atb/latest/atb/cxx_abi_1/examples:/usr/local/Ascend/nnal/atb/latest/atb/cxx_abi_1/tests/atbopstest:/usr/local/Ascend/driver/lib64:/usr/local/Ascend/driver/lib64/common:/usr/local/Ascend/driver/lib64/driver:/usr/local/Ascend/nnal/atb/latest/atb/cxx_abi_1/lib:/usr/local/Ascend/nnal/atb/latest/atb/cxx_abi_1/examples:/usr/local/Ascend/nnal/atb/latest/atb/cxx_abi_1/tests/atbopstest:/usr/local/Ascend/driver/lib64:/usr/local/Ascend/driver/lib64/common:/usr/local/Ascend/driver/lib64/driver:/usr/local/Ascend/nnal/atb/latest/atb/cxx_abi_1/lib:/usr/local/Ascend/nnal/atb/latest/atb/cxx_abi_1/examples:/usr/local/Ascend/nnal/atb/latest/atb/cxx_abi_1/tests/atbopstest:/usr/local/Ascend/driver/lib64:/usr/local/Ascend/driver/lib64/common:/usr/local/Ascend/driver/lib64/driver:/usr/local/Ascend/nnal/atb/latest/atb/cxx_abi_1/lib:/usr/local/Ascend/nnal/atb/latest/atb/cxx_abi_1/examples:/usr/local/Ascend/nnal/atb/latest/atb/cxx_abi_1/tests/atbopstest:/usr/local/Ascend/ascend-toolkit/latest/tools/aml/lib64:/usr/local/Ascend/ascend-toolkit/latest/tools/aml/lib64/plugin:/usr/local/Ascend/ascend-toolkit/latest/lib64:/usr/local/Ascend/ascend-toolkit/latest/lib64/plugin/opskernel:/usr/local/Ascend/ascend-toolkit/latest/lib64/plugin/nnengine:/usr/local/Ascend/ascend-toolkit/latest/opp/built-in/op_impl/ai_core/tbe/op_tiling:/usr/local/Ascend/driver/lib64:/usr/local/Ascend/driver/lib64/common/:/usr/local/Ascend/driver/lib64/driver/:
++ LD_LIBRARY_PATH=/usr/local/Ascend/nnal/asdsip/latest//lib:/usr/local/Ascend/cann-8.5.0/lib64:/usr/local/Ascend/cann-8.5.0/lib64/plugin/opskernel:/usr/local/Ascend/cann-8.5.0/lib64/plugin/nnengine:/usr/local/Ascend/cann-8.5.0/opp/built-in/op_impl/ai_core/tbe/op_tiling/lib/linux/aarch64:/usr/local/Ascend/cann-8.5.0/tools/aml/lib64:/usr/local/Ascend/cann-8.5.0/tools/aml/lib64/plugin:/usr/local/Ascend/driver/lib64:/usr/local/Ascend/driver/lib64/common:/usr/local/Ascend/driver/lib64/driver:/usr/local/Ascend/nnal/atb/latest/atb/cxx_abi_1/lib:/usr/local/Ascend/nnal/atb/latest/atb/cxx_abi_1/examples:/usr/local/Ascend/nnal/atb/latest/atb/cxx_abi_1/tests/atbopstest:/usr/local/Ascend/driver/lib64:/usr/local/Ascend/driver/lib64/common:/usr/local/Ascend/driver/lib64/driver:/usr/local/Ascend/nnal/atb/latest/atb/cxx_abi_1/lib:/usr/local/Ascend/nnal/atb/latest/atb/cxx_abi_1/examples:/usr/local/Ascend/nnal/atb/latest/atb/cxx_abi_1/tests/atbopstest:/usr/local/Ascend/driver/lib64:/usr/local/Ascend/driver/lib64/common:/usr/local/Ascend/driver/lib64/driver:/usr/local/Ascend/nnal/atb/latest/atb/cxx_abi_1/lib:/usr/local/Ascend/nnal/atb/latest/atb/cxx_abi_1/examples:/usr/local/Ascend/nnal/atb/latest/atb/cxx_abi_1/tests/atbopstest:/usr/local/Ascend/driver/lib64:/usr/local/Ascend/driver/lib64/common:/usr/local/Ascend/driver/lib64/driver:/usr/local/Ascend/nnal/atb/latest/atb/cxx_abi_1/lib:/usr/local/Ascend/nnal/atb/latest/atb/cxx_abi_1/examples:/usr/local/Ascend/nnal/atb/latest/atb/cxx_abi_1/tests/atbopstest:/usr/local/Ascend/driver/lib64:/usr/local/Ascend/driver/lib64/common:/usr/local/Ascend/driver/lib64/driver:/usr/local/Ascend/nnal/atb/latest/atb/cxx_abi_1/lib:/usr/local/Ascend/nnal/atb/latest/atb/cxx_abi_1/examples:/usr/local/Ascend/nnal/atb/latest/atb/cxx_abi_1/tests/atbopstest:/usr/local/Ascend/driver/lib64:/usr/local/Ascend/driver/lib64/common:/usr/local/Ascend/driver/lib64/driver:/usr/local/Ascend/nnal/atb/latest/atb/cxx_abi_1/lib:/usr/local/Ascend/nnal/atb/latest/atb/cxx_abi_1/examples:/usr/local/Ascend/nnal/atb/latest/atb/cxx_abi_1/tests/atbopstest:/usr/local/Ascend/ascend-toolkit/latest/tools/aml/lib64:/usr/local/Ascend/ascend-toolkit/latest/tools/aml/lib64/plugin:/usr/local/Ascend/ascend-toolkit/latest/lib64:/usr/local/Ascend/ascend-toolkit/latest/lib64/plugin/opskernel:/usr/local/Ascend/ascend-toolkit/latest/lib64/plugin/nnengine:/usr/local/Ascend/ascend-toolkit/latest/opp/built-in/op_impl/ai_core/tbe/op_tiling:/usr/local/Ascend/driver/lib64:/usr/local/Ascend/driver/lib64/common/:/usr/local/Ascend/driver/lib64/driver/:
+ source /usr/local/Ascend/nnal/atb/set_env.sh --cxx_abi=1
++ set_env_path=/usr/local/Ascend/nnal/atb/set_env.sh
++ [[ -n '' ]]
++ [[ -f /usr/local/Ascend/nnal/atb/set_env.sh ]]
++ [[ /usr/local/Ascend/nnal/atb/set_env.sh =~ (^|/)set_env\.sh$ ]]
++++ dirname /usr/local/Ascend/nnal/atb/set_env.sh
+++ cd /usr/local/Ascend/nnal/atb
+++ pwd
++ atb_path=/usr/local/Ascend/nnal/atb
++ get_cxx_abi_option --cxx_abi=1
++ cxx_abi=
++ [[ -z --cxx_abi=1 ]]
++ case "$1" in
++ cxx_abi=1
++ shift
++ [[ -z '' ]]
++ [[ 1 == '' ]]
++ export ATB_HOME_PATH=/usr/local/Ascend/nnal/atb/latest/atb/cxx_abi_1
++ ATB_HOME_PATH=/usr/local/Ascend/nnal/atb/latest/atb/cxx_abi_1
++ export LD_LIBRARY_PATH=/usr/local/Ascend/nnal/atb/latest/atb/cxx_abi_1/lib:/usr/local/Ascend/nnal/atb/latest/atb/cxx_abi_1/examples:/usr/local/Ascend/nnal/atb/latest/atb/cxx_abi_1/tests/atbopstest:/usr/local/Ascend/nnal/asdsip/latest//lib:/usr/local/Ascend/cann-8.5.0/lib64:/usr/local/Ascend/cann-8.5.0/lib64/plugin/opskernel:/usr/local/Ascend/cann-8.5.0/lib64/plugin/nnengine:/usr/local/Ascend/cann-8.5.0/opp/built-in/op_impl/ai_core/tbe/op_tiling/lib/linux/aarch64:/usr/local/Ascend/cann-8.5.0/tools/aml/lib64:/usr/local/Ascend/cann-8.5.0/tools/aml/lib64/plugin:/usr/local/Ascend/driver/lib64:/usr/local/Ascend/driver/lib64/common:/usr/local/Ascend/driver/lib64/driver:/usr/local/Ascend/nnal/atb/latest/atb/cxx_abi_1/lib:/usr/local/Ascend/nnal/atb/latest/atb/cxx_abi_1/examples:/usr/local/Ascend/nnal/atb/latest/atb/cxx_abi_1/tests/atbopstest:/usr/local/Ascend/driver/lib64:/usr/local/Ascend/driver/lib64/common:/usr/local/Ascend/driver/lib64/driver:/usr/local/Ascend/nnal/atb/latest/atb/cxx_abi_1/lib:/usr/local/Ascend/nnal/atb/latest/atb/cxx_abi_1/examples:/usr/local/Ascend/nnal/atb/latest/atb/cxx_abi_1/tests/atbopstest:/usr/local/Ascend/driver/lib64:/usr/local/Ascend/driver/lib64/common:/usr/local/Ascend/driver/lib64/driver:/usr/local/Ascend/nnal/atb/latest/atb/cxx_abi_1/lib:/usr/local/Ascend/nnal/atb/latest/atb/cxx_abi_1/examples:/usr/local/Ascend/nnal/atb/latest/atb/cxx_abi_1/tests/atbopstest:/usr/local/Ascend/driver/lib64:/usr/local/Ascend/driver/lib64/common:/usr/local/Ascend/driver/lib64/driver:/usr/local/Ascend/nnal/atb/latest/atb/cxx_abi_1/lib:/usr/local/Ascend/nnal/atb/latest/atb/cxx_abi_1/examples:/usr/local/Ascend/nnal/atb/latest/atb/cxx_abi_1/tests/atbopstest:/usr/local/Ascend/driver/lib64:/usr/local/Ascend/driver/lib64/common:/usr/local/Ascend/driver/lib64/driver:/usr/local/Ascend/nnal/atb/latest/atb/cxx_abi_1/lib:/usr/local/Ascend/nnal/atb/latest/atb/cxx_abi_1/examples:/usr/local/Ascend/nnal/atb/latest/atb/cxx_abi_1/tests/atbopstest:/usr/local/Ascend/driver/lib64:/usr/local/Ascend/driver/lib64/common:/usr/local/Ascend/driver/lib64/driver:/usr/local/Ascend/nnal/atb/latest/atb/cxx_abi_1/lib:/usr/local/Ascend/nnal/atb/latest/atb/cxx_abi_1/examples:/usr/local/Ascend/nnal/atb/latest/atb/cxx_abi_1/tests/atbopstest:/usr/local/Ascend/ascend-toolkit/latest/tools/aml/lib64:/usr/local/Ascend/ascend-toolkit/latest/tools/aml/lib64/plugin:/usr/local/Ascend/ascend-toolkit/latest/lib64:/usr/local/Ascend/ascend-toolkit/latest/lib64/plugin/opskernel:/usr/local/Ascend/ascend-toolkit/latest/lib64/plugin/nnengine:/usr/local/Ascend/ascend-toolkit/latest/opp/built-in/op_impl/ai_core/tbe/op_tiling:/usr/local/Ascend/driver/lib64:/usr/local/Ascend/driver/lib64/common/:/usr/local/Ascend/driver/lib64/driver/:
++ LD_LIBRARY_PATH=/usr/local/Ascend/nnal/atb/latest/atb/cxx_abi_1/lib:/usr/local/Ascend/nnal/atb/latest/atb/cxx_abi_1/examples:/usr/local/Ascend/nnal/atb/latest/atb/cxx_abi_1/tests/atbopstest:/usr/local/Ascend/nnal/asdsip/latest//lib:/usr/local/Ascend/cann-8.5.0/lib64:/usr/local/Ascend/cann-8.5.0/lib64/plugin/opskernel:/usr/local/Ascend/cann-8.5.0/lib64/plugin/nnengine:/usr/local/Ascend/cann-8.5.0/opp/built-in/op_impl/ai_core/tbe/op_tiling/lib/linux/aarch64:/usr/local/Ascend/cann-8.5.0/tools/aml/lib64:/usr/local/Ascend/cann-8.5.0/tools/aml/lib64/plugin:/usr/local/Ascend/driver/lib64:/usr/local/Ascend/driver/lib64/common:/usr/local/Ascend/driver/lib64/driver:/usr/local/Ascend/nnal/atb/latest/atb/cxx_abi_1/lib:/usr/local/Ascend/nnal/atb/latest/atb/cxx_abi_1/examples:/usr/local/Ascend/nnal/atb/latest/atb/cxx_abi_1/tests/atbopstest:/usr/local/Ascend/driver/lib64:/usr/local/Ascend/driver/lib64/common:/usr/local/Ascend/driver/lib64/driver:/usr/local/Ascend/nnal/atb/latest/atb/cxx_abi_1/lib:/usr/local/Ascend/nnal/atb/latest/atb/cxx_abi_1/examples:/usr/local/Ascend/nnal/atb/latest/atb/cxx_abi_1/tests/atbopstest:/usr/local/Ascend/driver/lib64:/usr/local/Ascend/driver/lib64/common:/usr/local/Ascend/driver/lib64/driver:/usr/local/Ascend/nnal/atb/latest/atb/cxx_abi_1/lib:/usr/local/Ascend/nnal/atb/latest/atb/cxx_abi_1/examples:/usr/local/Ascend/nnal/atb/latest/atb/cxx_abi_1/tests/atbopstest:/usr/local/Ascend/driver/lib64:/usr/local/Ascend/driver/lib64/common:/usr/local/Ascend/driver/lib64/driver:/usr/local/Ascend/nnal/atb/latest/atb/cxx_abi_1/lib:/usr/local/Ascend/nnal/atb/latest/atb/cxx_abi_1/examples:/usr/local/Ascend/nnal/atb/latest/atb/cxx_abi_1/tests/atbopstest:/usr/local/Ascend/driver/lib64:/usr/local/Ascend/driver/lib64/common:/usr/local/Ascend/driver/lib64/driver:/usr/local/Ascend/nnal/atb/latest/atb/cxx_abi_1/lib:/usr/local/Ascend/nnal/atb/latest/atb/cxx_abi_1/examples:/usr/local/Ascend/nnal/atb/latest/atb/cxx_abi_1/tests/atbopstest:/usr/local/Ascend/driver/lib64:/usr/local/Ascend/driver/lib64/common:/usr/local/Ascend/driver/lib64/driver:/usr/local/Ascend/nnal/atb/latest/atb/cxx_abi_1/lib:/usr/local/Ascend/nnal/atb/latest/atb/cxx_abi_1/examples:/usr/local/Ascend/nnal/atb/latest/atb/cxx_abi_1/tests/atbopstest:/usr/local/Ascend/ascend-toolkit/latest/tools/aml/lib64:/usr/local/Ascend/ascend-toolkit/latest/tools/aml/lib64/plugin:/usr/local/Ascend/ascend-toolkit/latest/lib64:/usr/local/Ascend/ascend-toolkit/latest/lib64/plugin/opskernel:/usr/local/Ascend/ascend-toolkit/latest/lib64/plugin/nnengine:/usr/local/Ascend/ascend-toolkit/latest/opp/built-in/op_impl/ai_core/tbe/op_tiling:/usr/local/Ascend/driver/lib64:/usr/local/Ascend/driver/lib64/common/:/usr/local/Ascend/driver/lib64/driver/:
++ export PATH=/usr/local/Ascend/nnal/atb/latest/atb/cxx_abi_1/bin:/usr/local/Ascend/cann-8.5.0/bin:/usr/local/Ascend/cann-8.5.0/tools/ccec_compiler/bin:/usr/local/Ascend/cann-8.5.0/tools/profiler/bin:/usr/local/Ascend/cann-8.5.0/tools/ascend_system_advisor/asys:/usr/local/Ascend/cann-8.5.0/tools/show_kernel_debug_data:/usr/local/Ascend/cann-8.5.0/tools/msobjdump:/usr/local/Ascend/nnal/atb/latest/atb/cxx_abi_1/bin:/usr/local/Ascend/nnal/atb/latest/atb/cxx_abi_1/bin:/usr/local/Ascend/nnal/atb/latest/atb/cxx_abi_1/bin:/root/.vscode-server/data/User/globalStorage/github.copilot-chat/debugCommand:/root/.vscode-server/data/User/globalStorage/github.copilot-chat/copilotCli:/root/.vscode-server/bin/8761a5560cfd65fdd19ce7e2bd18dab5c0a4d84e/bin/remote-cli:/usr/local/Ascend/nnal/atb/latest/atb/cxx_abi_1/bin:/usr/local/Ascend/nnal/atb/latest/atb/cxx_abi_1/bin:/usr/local/Ascend/nnal/atb/latest/atb/cxx_abi_1/bin:/usr/local/Ascend/ascend-toolkit/latest/bin:/usr/local/Ascend/ascend-toolkit/latest/compiler/ccec_compiler/bin:/usr/local/Ascend/ascend-toolkit/latest/tools/ccec_compiler/bin:/usr/local/python3.11.14/bin:/usr/local/sbin:/usr/local/bin:/usr/sbin:/usr/bin:/sbin:/bin:/usr/local/go/bin:/root/bin:/usr/local/go/bin:/usr/local/go/bin:/root/bin
++ PATH=/usr/local/Ascend/nnal/atb/latest/atb/cxx_abi_1/bin:/usr/local/Ascend/cann-8.5.0/bin:/usr/local/Ascend/cann-8.5.0/tools/ccec_compiler/bin:/usr/local/Ascend/cann-8.5.0/tools/profiler/bin:/usr/local/Ascend/cann-8.5.0/tools/ascend_system_advisor/asys:/usr/local/Ascend/cann-8.5.0/tools/show_kernel_debug_data:/usr/local/Ascend/cann-8.5.0/tools/msobjdump:/usr/local/Ascend/nnal/atb/latest/atb/cxx_abi_1/bin:/usr/local/Ascend/nnal/atb/latest/atb/cxx_abi_1/bin:/usr/local/Ascend/nnal/atb/latest/atb/cxx_abi_1/bin:/root/.vscode-server/data/User/globalStorage/github.copilot-chat/debugCommand:/root/.vscode-server/data/User/globalStorage/github.copilot-chat/copilotCli:/root/.vscode-server/bin/8761a5560cfd65fdd19ce7e2bd18dab5c0a4d84e/bin/remote-cli:/usr/local/Ascend/nnal/atb/latest/atb/cxx_abi_1/bin:/usr/local/Ascend/nnal/atb/latest/atb/cxx_abi_1/bin:/usr/local/Ascend/nnal/atb/latest/atb/cxx_abi_1/bin:/usr/local/Ascend/ascend-toolkit/latest/bin:/usr/local/Ascend/ascend-toolkit/latest/compiler/ccec_compiler/bin:/usr/local/Ascend/ascend-toolkit/latest/tools/ccec_compiler/bin:/usr/local/python3.11.14/bin:/usr/local/sbin:/usr/local/bin:/usr/sbin:/usr/bin:/sbin:/bin:/usr/local/go/bin:/root/bin:/usr/local/go/bin:/usr/local/go/bin:/root/bin
++ export ATB_STREAM_SYNC_EVERY_KERNEL_ENABLE=0
++ ATB_STREAM_SYNC_EVERY_KERNEL_ENABLE=0
++ export ATB_STREAM_SYNC_EVERY_RUNNER_ENABLE=0
++ ATB_STREAM_SYNC_EVERY_RUNNER_ENABLE=0
++ export ATB_STREAM_SYNC_EVERY_OPERATION_ENABLE=0
++ ATB_STREAM_SYNC_EVERY_OPERATION_ENABLE=0
++ export ATB_OPSRUNNER_KERNEL_CACHE_LOCAL_COUNT=1
++ ATB_OPSRUNNER_KERNEL_CACHE_LOCAL_COUNT=1
++ export ATB_OPSRUNNER_KERNEL_CACHE_GLOABL_COUNT=5
++ ATB_OPSRUNNER_KERNEL_CACHE_GLOABL_COUNT=5
++ export ATB_WORKSPACE_MEM_ALLOC_ALG_TYPE=1
++ ATB_WORKSPACE_MEM_ALLOC_ALG_TYPE=1
++ export ATB_COMPARE_TILING_EVERY_KERNEL=0
++ ATB_COMPARE_TILING_EVERY_KERNEL=0
++ export ATB_SHARE_MEMORY_NAME_SUFFIX=
++ ATB_SHARE_MEMORY_NAME_SUFFIX=
++ export ATB_MATMUL_SHUFFLE_K_ENABLE=1
++ ATB_MATMUL_SHUFFLE_K_ENABLE=1
++ export LCCL_DETERMINISTIC=0
++ LCCL_DETERMINISTIC=0
++ export LCCL_PARALLEL=0
++ LCCL_PARALLEL=0
+ export HYDRA_FULL_ERROR=1
+ HYDRA_FULL_ERROR=1
+ export RAY_DEDUP_LOGS=0
+ RAY_DEDUP_LOGS=0
+ export ASCEND_GLOBAL_EVENT_ENABLE=0
+ ASCEND_GLOBAL_EVENT_ENABLE=0
+ export ASCEND_SLOG_PRINT_TO_STDOUT=0
+ ASCEND_SLOG_PRINT_TO_STDOUT=0
+ export ASCEND_GLOBAL_LOG_LEVEL=3
+ ASCEND_GLOBAL_LOG_LEVEL=3
+ export HCCL_IF_BASE_PORT=64021
+ HCCL_IF_BASE_PORT=64021
+ export CUDA_DEVICE_MAX_CONNECTIONS=1
+ CUDA_DEVICE_MAX_CONNECTIONS=1
+ export MASTER_PORT=23300
+ MASTER_PORT=23300
+ export D2D_DATA_TRANSFER=1
+ D2D_DATA_TRANSFER=1
+ export VLLM_USE_V1=1
+ VLLM_USE_V1=1
+ export PRINT_MEMORY=1
+ PRINT_MEMORY=1
+ export USE_ALLTOALL_OVERLAP=1
+ USE_ALLTOALL_OVERLAP=1
+ export HCCL_OP_EXPANSION_MODE=AIV
+ HCCL_OP_EXPANSION_MODE=AIV
+ export VLLM_LOGGING_LEVEL=INFO
+ VLLM_LOGGING_LEVEL=INFO
+ export VLLM_ENABLE_MC2=1
+ VLLM_ENABLE_MC2=1
+ export VLLM_DP_SIZE=16
+ VLLM_DP_SIZE=16
+ export HCCL_BUFFSIZE=800
+ HCCL_BUFFSIZE=800
+ export TASK_QUEUE_ENABLE=2
+ TASK_QUEUE_ENABLE=2
+ export VLLM_ENABLE_FIX_ROUTE=0
+ VLLM_ENABLE_FIX_ROUTE=0
+ export VLLM_MODEL_EXECUTE_TIME_OBSERVE=0
+ VLLM_MODEL_EXECUTE_TIME_OBSERVE=0
+ export VLLM_ENABLE_GRAPH_MODE=0
+ VLLM_ENABLE_GRAPH_MODE=0
+ export VLLM_ENABLE_EXPERT_PARALLEL=1
+ VLLM_ENABLE_EXPERT_PARALLEL=1
+ export VLLM_CHUNK_MOE_SIZE=512
+ VLLM_CHUNK_MOE_SIZE=512
+ export ALL_TO_ALL_RESHARD=1
+ ALL_TO_ALL_RESHARD=1
+ export USE_ALLTOALL_OVERLAP=1
+ USE_ALLTOALL_OVERLAP=1
+ export VLLM_ENABLE_EPLB=0
+ VLLM_ENABLE_EPLB=0
+ export USE_HDP=0
+ USE_HDP=0
+ export ROLLOUT_REBALANCE_ENABLE=0
+ ROLLOUT_REBALANCE_ENABLE=0
+ export HCCL_ASYNC_ERROR_HANDLING=0
+ HCCL_ASYNC_ERROR_HANDLING=0
+ export HCCL_EXEC_TIMEOUT=7200
+ HCCL_EXEC_TIMEOUT=7200
+ export HCCL_CONNECT_TIMEOUT=7200
+ HCCL_CONNECT_TIMEOUT=7200
+ export VLLM_ASCEND_LLM_PROFILE_ENABLE=0
+ VLLM_ASCEND_LLM_PROFILE_ENABLE=0
+ OUTPUT_ROOT=/workspace/cann-recipes-train/llm_rl/qwen3_shrink_aware
+ OUTPUT_SUBDIR=mode1_baseline_random_batch_floor4
+ OUTPUT_DIR=/workspace/cann-recipes-train/llm_rl/qwen3_shrink_aware/mode1_baseline_random_batch_floor4
+ ROLL_OUT_DIR=/workspace/cann-recipes-train/llm_rl/qwen3_shrink_aware/mode1_baseline_random_batch_floor4/rollout_data
+ ROLL_LEN_DIR=/workspace/cann-recipes-train/llm_rl/qwen3_shrink_aware/mode1_baseline_random_batch_floor4/rollout_length
+ DRAFT_DUMP_DIR=/workspace/cann-recipes-train/llm_rl/qwen3_shrink_aware/mode1_baseline_random_batch_floor4/draft_hidden
+ CKPT_DIR=/workspace/cann-recipes-train/llm_rl/qwen3_shrink_aware/mode1_baseline_random_batch_floor4/checkpoints/qwen3moe_for_eagle3
+ TB_DIR=/workspace/cann-recipes-train/llm_rl/qwen3_shrink_aware/mode1_baseline_random_batch_floor4/tensorboard
+ LOG_DIR=/workspace/cann-recipes-train/llm_rl/qwen3_shrink_aware/mode1_baseline_random_batch_floor4/logs
+ SAVE_CKPT_ENABLE=0
+ SAVE_DRAFT_HIDDEN_ENABLE=0
+ mkdir -p /workspace/cann-recipes-train/llm_rl/qwen3_shrink_aware/mode1_baseline_random_batch_floor4/rollout_data /workspace/cann-recipes-train/llm_rl/qwen3_shrink_aware/mode1_baseline_random_batch_floor4/rollout_length /workspace/cann-recipes-train/llm_rl/qwen3_shrink_aware/mode1_baseline_random_batch_floor4/tensorboard /workspace/cann-recipes-train/llm_rl/qwen3_shrink_aware/mode1_baseline_random_batch_floor4/logs
+ '[' 0 = 1 ']'
+ '[' 0 = 1 ']'
+ export VLLM_ASCEND_ENABLE_DRAFT_TRAIN=0
+ VLLM_ASCEND_ENABLE_DRAFT_TRAIN=0
+ export VLLM_ASCEND_DRAFT_DUMP_ENABLE=0
+ VLLM_ASCEND_DRAFT_DUMP_ENABLE=0
+ export VLLM_ASCEND_DRAFT_DUMP_DIR=/workspace/cann-recipes-train/llm_rl/qwen3_shrink_aware/mode1_baseline_random_batch_floor4/draft_hidden
+ VLLM_ASCEND_DRAFT_DUMP_DIR=/workspace/cann-recipes-train/llm_rl/qwen3_shrink_aware/mode1_baseline_random_batch_floor4/draft_hidden
+ export VLLM_ASCEND_DRAFT_DUMP_EVERY=1
+ VLLM_ASCEND_DRAFT_DUMP_EVERY=1
+ export VLLM_ASCEND_DRAFT_DUMP_HIDDEN_DTYPE=bf16
+ VLLM_ASCEND_DRAFT_DUMP_HIDDEN_DTYPE=bf16
+ export VLLM_ASCEND_DRAFT_QUEUE_SIZE=4096
+ VLLM_ASCEND_DRAFT_QUEUE_SIZE=4096
+ export TENSORBOARD_DIR=/workspace/cann-recipes-train/llm_rl/qwen3_shrink_aware/mode1_baseline_random_batch_floor4/tensorboard
+ TENSORBOARD_DIR=/workspace/cann-recipes-train/llm_rl/qwen3_shrink_aware/mode1_baseline_random_batch_floor4/tensorboard
+ export VLLM_EPOCH_LENGTH_REGROUP_ENABLE=0
+ VLLM_EPOCH_LENGTH_REGROUP_ENABLE=0
+ export VLLM_EPOCH_LENGTH_REGROUP_BUCKET_SIZE=1024
+ VLLM_EPOCH_LENGTH_REGROUP_BUCKET_SIZE=1024
+ export VLLM_EPOCH_LENGTH_REGROUP_EMA_DECAY=0.7
+ VLLM_EPOCH_LENGTH_REGROUP_EMA_DECAY=0.7
+ export VLLM_EPOCH_LENGTH_REGROUP_SHUFFLE_BLOCKS=1
+ VLLM_EPOCH_LENGTH_REGROUP_SHUFFLE_BLOCKS=1
+ export VLLM_ROLLOUT_EARLY_STOP_ENABLE=0
+ VLLM_ROLLOUT_EARLY_STOP_ENABLE=0
+ export VLLM_ROLLOUT_EARLY_STOP_FACTOR=2.0
+ VLLM_ROLLOUT_EARLY_STOP_FACTOR=2.0
+ export VLLM_ROLLOUT_EARLY_STOP_MIN_TOKENS=10000
+ VLLM_ROLLOUT_EARLY_STOP_MIN_TOKENS=10000
+ export VLLM_EAGER_BASELINE_NO_RESAMPLE=1
+ VLLM_EAGER_BASELINE_NO_RESAMPLE=1
+ '[' 1 = 1 ']'
+ SAMPLER_CLASS_PATH=null
+ SAMPLER_CLASS_NAME=null
+ SAMPLER_EXTRA_ARGS=
+ ROLLOUT_ENFORCE_EAGER=True
+ ACTOR_CKPT_SAVE_CONTENTS='[model]'
+ ACTOR_CKPT_LOAD_CONTENTS='[model]'
+ CRITIC_CKPT_SAVE_CONTENTS='[model]'
+ CRITIC_CKPT_LOAD_CONTENTS='[model]'
+ MAX_ACTOR_CKPT_TO_KEEP=3
+ MAX_CRITIC_CKPT_TO_KEEP=1
+ '[' 0 = 1 ']'
+ TRAINER_SAVE_FREQ=-1
+ TRAINER_DEFAULT_LOCAL_DIR=/workspace/cann-recipes-train/llm_rl/qwen3_shrink_aware/mode1_baseline_random_batch_floor4
++ pwd
+ HOME=/workspace/cann-recipes-train/llm_rl/qwen3_shrink_aware
+ MODEL_PATH=/data/Qwen3-30B-A3B
+ CONFIG_DIR=/workspace/cann-recipes-train/llm_rl/qwen3_shrink_aware/verl/trainer/config
+ DISTCP_PATH=/data/Qwen3-30B-A3B_megatron
+ TRAIN_FILE=/data/deepscaler/train.parquet
+ TEST_FILE=/data/deepscaler/test.parquet
++ date +%Y%m%d%H%M%S
+ time=20260616182520
+ logfile=/workspace/cann-recipes-train/llm_rl/qwen3_shrink_aware/mode1_baseline_random_batch_floor4/logs/wjqwen30b-a3b-record_graph_save4eagle3_20260616182520.txt
+ set -x
+ python3 -m verl.trainer.main_ppo --config-path=/workspace/cann-recipes-train/llm_rl/qwen3_shrink_aware/verl/trainer/config --config-name=ppo_megatron_trainer.yaml algorithm.adv_estimator=grpo data.train_files=/data/deepscaler/train.parquet data.val_files=/data/deepscaler/test.parquet data.train_batch_size=32 data.max_prompt_length=1024 data.max_response_length=16384 data.filter_overlong_prompts=True data.truncation=error data.shuffle=False data.dataloader_num_workers=0 data.sampler.class_path=null data.sampler.class_name=null +data.dataset_fraction=0.005 custom_reward_function.path=deepscaler.py custom_reward_function.name=compute_score actor_rollout_ref.model.path=/data/Qwen3-30B-A3B actor_rollout_ref.actor.optim.lr=1e-6 actor_rollout_ref.actor.optim.clip_grad=10000 actor_rollout_ref.actor.ppo_mini_batch_size=32 actor_rollout_ref.actor.ppo_micro_batch_size_per_gpu=1 actor_rollout_ref.actor.use_dynamic_bsz=True actor_rollout_ref.actor.ppo_max_token_len_per_gpu=20480 actor_rollout_ref.actor.megatron.sequence_parallel=True actor_rollout_ref.actor.megatron.expert_model_parallel_size=4 actor_rollout_ref.actor.megatron.tensor_model_parallel_size=4 actor_rollout_ref.actor.megatron.pipeline_model_parallel_size=4 actor_rollout_ref.actor.megatron.expert_tensor_parallel_size=1 actor_rollout_ref.actor.megatron.param_offload=True actor_rollout_ref.actor.megatron.grad_offload=True actor_rollout_ref.actor.megatron.optimizer_offload=False actor_rollout_ref.actor.megatron.use_dist_checkpointing=True actor_rollout_ref.actor.megatron.dist_checkpointing_path=/data/Qwen3-30B-A3B_megatron actor_rollout_ref.actor.use_kl_loss=True actor_rollout_ref.actor.kl_loss_coef=0.001 actor_rollout_ref.actor.kl_loss_type=low_var_kl actor_rollout_ref.actor.load_weight=True actor_rollout_ref.actor.megatron.override_transformer_config.recompute_granularity=full actor_rollout_ref.actor.megatron.override_transformer_config.recompute_method=block actor_rollout_ref.actor.megatron.override_transformer_config.recompute_num_layers=1 actor_rollout_ref.rollout.log_prob_micro_batch_size_per_gpu=4 actor_rollout_ref.rollout.log_prob_use_dynamic_bsz=True actor_rollout_ref.rollout.log_prob_max_token_len_per_gpu=20480 actor_rollout_ref.rollout.tensor_model_parallel_size=1 actor_rollout_ref.rollout.name=vllm actor_rollout_ref.rollout.gpu_memory_utilization=0.85 actor_rollout_ref.rollout.max_num_batched_tokens=1024 actor_rollout_ref.rollout.enforce_eager=True actor_rollout_ref.rollout.max_num_seqs=32 actor_rollout_ref.rollout.n=16 actor_rollout_ref.rollout.temperature=0.9 actor_rollout_ref.rollout.top_k=50 actor_rollout_ref.rollout.top_p=0.9 actor_rollout_ref.rollout.ignore_eos=False actor_rollout_ref.ref.log_prob_micro_batch_size_per_gpu=8 actor_rollout_ref.ref.megatron.param_offload=True actor_rollout_ref.ref.load_weight=True actor_rollout_ref.ref.megatron.use_dist_checkpointing=True actor_rollout_ref.ref.megatron.dist_checkpointing_path=/data/Qwen3-30B-A3B_megatron algorithm.kl_ctrl.kl_coef=0.001 trainer.balance_batch=False trainer.device=npu trainer.val_before_train=False trainer.critic_warmup=0 'trainer.logger=[console,tensorboard]' trainer.project_name=verl_grpo_example trainer.experiment_name=qwen3_30_verl_mindspeedllm_vllm trainer.n_gpus_per_node=16 trainer.nnodes=1 trainer.save_freq=-1 trainer.max_actor_ckpt_to_keep=3 trainer.max_critic_ckpt_to_keep=1 'actor_rollout_ref.actor.checkpoint.save_contents=[model]' 'actor_rollout_ref.actor.checkpoint.load_contents=[model]' 'critic.checkpoint.save_contents=[model]' 'critic.checkpoint.load_contents=[model]' +trainer.save_epoch_freq=0 trainer.default_local_dir=/workspace/cann-recipes-train/llm_rl/qwen3_shrink_aware/mode1_baseline_random_batch_floor4 trainer.test_freq=-1 trainer.total_epochs=3 +trainer.rollout_data_dir=/workspace/cann-recipes-train/llm_rl/qwen3_shrink_aware/mode1_baseline_random_batch_floor4/rollout_data +trainer.rollout_length_dir=/workspace/cann-recipes-train/llm_rl/qwen3_shrink_aware/mode1_baseline_random_batch_floor4/rollout_length +actor_rollout_ref.actor.megatron.override_transformer_config.use_flash_attn=True '+actor_rollout_ref.actor.megatron.override_transformer_config.pipeline_num_transformer_layers=[[11],[13],[13],[11]]' +actor_rollout_ref.actor.megatron.override_transformer_config.moe_token_dispatcher_type=alltoall +actor_rollout_ref.actor.megatron.override_transformer_config.moe_alltoall_overlap_comm=True +actor_rollout_ref.actor.megatron.override_transformer_config.use_fused_rotary_pos_emb=True +actor_rollout_ref.actor.megatron.override_transformer_config.use_fused_swiglu=True +actor_rollout_ref.actor.megatron.override_transformer_config.seq_length=2048 +actor_rollout_ref.actor.megatron.override_transformer_config.num_layers_in_first_pipeline_stage=11 +actor_rollout_ref.actor.megatron.override_transformer_config.num_layers_in_last_pipeline_stage=11 +actor_rollout_ref.actor.megatron.override_transformer_config.swap_optimizer=True data.train_files=/data/deepscaler/train.parquet data.val_files=/data/deepscaler/test.parquet data.train_batch_size=32 data.max_prompt_length=1024 data.max_response_length=16384 data.shuffle=True actor_rollout_ref.model.path=/data/Qwen3-30B-A3B actor_rollout_ref.actor.megatron.dist_checkpointing_path=/data/Qwen3-30B-A3B_megatron actor_rollout_ref.ref.megatron.dist_checkpointing_path=/data/Qwen3-30B-A3B_megatron actor_rollout_ref.rollout.max_num_batched_tokens=17408 actor_rollout_ref.rollout.max_num_seqs=32 actor_rollout_ref.rollout.n=16 actor_rollout_ref.rollout.gpu_memory_utilization=0.85 actor_rollout_ref.rollout.shrink_aware.enable_shrink_aware_scheduling=false actor_rollout_ref.rollout.shrink_aware.shrink_aware_mode=off actor_rollout_ref.rollout.shrink_aware.enable_shrink_aware_logging=false trainer.total_epochs=1
/workspace/cann-recipes-train/llm_rl/qwen3_shrink_aware/megatron/core/optimizer/__init__.py:18: UserWarning: Transformer Engine and Apex are not installed. Falling back to Torch optimizers.
  warnings.warn(
/workspace/cann-recipes-train/llm_rl/qwen3_shrink_aware/megatron/core/optimizer/optimizer.py:28: UserWarning: Transformer Engine and Apex are not installed. Falling back to local implementations of multi_tensor_applier and multi_tensor_scale
  warnings.warn(
/workspace/cann-recipes-train/llm_rl/qwen3_shrink_aware/megatron/core/optimizer/clip_grads.py:29: UserWarning: Transformer Engine and Apex are not installed. Falling back to local implementations of multi_tensor_applier, multi_tensor_l2norm, and multi_tensor_scale
  warnings.warn(
/workspace/cann-recipes-train/llm_rl/qwen3_shrink_aware/megatron/core/transformer/multi_token_prediction.py:60: UserWarning: Apex is not installed. Falling back to Torch Norm
  warnings.warn('Apex is not installed. Falling back to Torch Norm')
/workspace/cann-recipes-train/llm_rl/qwen3_shrink_aware/megatron/core/models/gpt/gpt_layer_specs.py:65: UserWarning: Apex is not installed. Falling back to Torch Norm
  warnings.warn('Apex is not installed. Falling back to Torch Norm')
/usr/local/python3.11.14/lib/python3.11/site-packages/torch_npu/contrib/transfer_to_npu.py:347: ImportWarning: 
    *************************************************************************************************************
    The torch.Tensor.cuda and torch.nn.Module.cuda are replaced with torch.Tensor.npu and torch.nn.Module.npu now..
    The torch.cuda.DoubleTensor is replaced with torch.npu.FloatTensor cause the double type is not supported now..
    The backend in torch.distributed.init_process_group set to hccl now..
    The torch.cuda.* and torch.cuda.amp.* are replaced with torch.npu.* and torch.npu.amp.* now..
    The device parameters have been replaced with npu in the function below:
    torch.logspace, torch.randint, torch.hann_window, torch.rand, torch.full_like, torch.ones_like, torch.rand_like, torch.randperm, torch.arange, torch.frombuffer, torch.normal, torch._empty_per_channel_affine_quantized, torch.empty_strided, torch.empty_like, torch.scalar_tensor, torch.tril_indices, torch.bartlett_window, torch.ones, torch.sparse_coo_tensor, torch.randn, torch.kaiser_window, torch.tensor, torch.triu_indices, torch.as_tensor, torch.zeros, torch.randint_like, torch.full, torch.eye, torch._sparse_csr_tensor_unsafe, torch.empty, torch._sparse_coo_tensor_unsafe, torch.blackman_window, torch.zeros_like, torch.range, torch.sparse_csr_tensor, torch.randn_like, torch.from_file, torch._cudnn_init_dropout_state, torch._empty_affine_quantized, torch.linspace, torch.hamming_window, torch.empty_quantized, torch._pin_memory, torch.load, torch.set_default_device, torch.get_device_module, torch.sparse_compressed_tensor, torch.Tensor.new_empty, torch.Tensor.new_empty_strided, torch.Tensor.new_full, torch.Tensor.new_ones, torch.Tensor.new_tensor, torch.Tensor.new_zeros, torch.Tensor.to, torch.Tensor.pin_memory, torch.nn.Module.to, torch.nn.Module.to_empty
    *************************************************************************************************************
    
  warnings.warn(msg, ImportWarning)
/usr/local/python3.11.14/lib/python3.11/site-packages/torch_npu/contrib/transfer_to_npu.py:276: RuntimeWarning: torch.jit.script and torch.jit.script_method will be disabled by transfer_to_npu, which currently does not support them, if you need to enable them, please do not use transfer_to_npu.
  warnings.warn(msg, RuntimeWarning)
/usr/local/python3.11.14/lib/python3.11/site-packages/ray/_private/node.py:1209: ResourceWarning: unclosed file <_io.TextIOWrapper name='/dev/null' mode='w' encoding='UTF-8'>
  process_info = ray._private.services.start_gcs_server(
/usr/local/python3.11.14/lib/python3.11/site-packages/ray/_private/node.py:1273: ResourceWarning: unclosed file <_io.TextIOWrapper name='/dev/null' mode='w' encoding='UTF-8'>
  process_info = ray._private.services.start_raylet(
2026-06-16 18:25:30,910	INFO worker.py:1927 -- Started a local Ray instance.
[36m(pid=2949231)[0m /workspace/cann-recipes-train/llm_rl/qwen3_shrink_aware/megatron/core/optimizer/__init__.py:18: UserWarning: Transformer Engine and Apex are not installed. Falling back to Torch optimizers.
[36m(pid=2949231)[0m   warnings.warn(
[36m(pid=2949231)[0m /workspace/cann-recipes-train/llm_rl/qwen3_shrink_aware/megatron/core/optimizer/optimizer.py:28: UserWarning: Transformer Engine and Apex are not installed. Falling back to local implementations of multi_tensor_applier and multi_tensor_scale
[36m(pid=2949231)[0m   warnings.warn(
[36m(pid=2949231)[0m /workspace/cann-recipes-train/llm_rl/qwen3_shrink_aware/megatron/core/optimizer/clip_grads.py:29: UserWarning: Transformer Engine and Apex are not installed. Falling back to local implementations of multi_tensor_applier, multi_tensor_l2norm, and multi_tensor_scale
[36m(pid=2949231)[0m   warnings.warn(
[36m(pid=2949231)[0m /workspace/cann-recipes-train/llm_rl/qwen3_shrink_aware/megatron/core/transformer/multi_token_prediction.py:60: UserWarning: Apex is not installed. Falling back to Torch Norm
[36m(pid=2949231)[0m   warnings.warn('Apex is not installed. Falling back to Torch Norm')
[36m(pid=2949231)[0m /workspace/cann-recipes-train/llm_rl/qwen3_shrink_aware/megatron/core/models/gpt/gpt_layer_specs.py:65: UserWarning: Apex is not installed. Falling back to Torch Norm
[36m(pid=2949231)[0m   warnings.warn('Apex is not installed. Falling back to Torch Norm')
[36m(pid=2949231)[0m /usr/local/python3.11.14/lib/python3.11/site-packages/torch_npu/contrib/transfer_to_npu.py:347: ImportWarning: 
[36m(pid=2949231)[0m     *************************************************************************************************************
[36m(pid=2949231)[0m     The torch.Tensor.cuda and torch.nn.Module.cuda are replaced with torch.Tensor.npu and torch.nn.Module.npu now..
[36m(pid=2949231)[0m     The torch.cuda.DoubleTensor is replaced with torch.npu.FloatTensor cause the double type is not supported now..
[36m(pid=2949231)[0m     The backend in torch.distributed.init_process_group set to hccl now..
[36m(pid=2949231)[0m     The torch.cuda.* and torch.cuda.amp.* are replaced with torch.npu.* and torch.npu.amp.* now..
[36m(pid=2949231)[0m     The device parameters have been replaced with npu in the function below:
[36m(pid=2949231)[0m     torch.logspace, torch.randint, torch.hann_window, torch.rand, torch.full_like, torch.ones_like, torch.rand_like, torch.randperm, torch.arange, torch.frombuffer, torch.normal, torch._empty_per_channel_affine_quantized, torch.empty_strided, torch.empty_like, torch.scalar_tensor, torch.tril_indices, torch.bartlett_window, torch.ones, torch.sparse_coo_tensor, torch.randn, torch.kaiser_window, torch.tensor, torch.triu_indices, torch.as_tensor, torch.zeros, torch.randint_like, torch.full, torch.eye, torch._sparse_csr_tensor_unsafe, torch.empty, torch._sparse_coo_tensor_unsafe, torch.blackman_window, torch.zeros_like, torch.range, torch.sparse_csr_tensor, torch.randn_like, torch.from_file, torch._cudnn_init_dropout_state, torch._empty_affine_quantized, torch.linspace, torch.hamming_window, torch.empty_quantized, torch._pin_memory, torch.load, torch.set_default_device, torch.get_device_module, torch.sparse_compressed_tensor, torch.Tensor.new_empty, torch.Tensor.new_empty_strided, torch.Tensor.new_full, torch.Tensor.new_ones, torch.Tensor.new_tensor, torch.Tensor.new_zeros, torch.Tensor.to, torch.Tensor.pin_memory, torch.nn.Module.to, torch.nn.Module.to_empty
[36m(pid=2949231)[0m     *************************************************************************************************************
[36m(pid=2949231)[0m     
[36m(pid=2949231)[0m   warnings.warn(msg, ImportWarning)
[36m(pid=2949231)[0m /usr/local/python3.11.14/lib/python3.11/site-packages/torch_npu/contrib/transfer_to_npu.py:276: RuntimeWarning: torch.jit.script and torch.jit.script_method will be disabled by transfer_to_npu, which currently does not support them, if you need to enable them, please do not use transfer_to_npu.
[36m(pid=2949231)[0m   warnings.warn(msg, RuntimeWarning)
[36m(TaskRunner pid=2949231)[0m /workspace/cann-recipes-train/llm_rl/qwen3_shrink_aware/verl/trainer/main_ppo.py:306: UserWarning: Disabled critic as algorithm.adv_estimator != gae. If it is not intended, please set critic.enable=True
[36m(TaskRunner pid=2949231)[0m   use_critic=need_critic(config),
[36m(TaskRunner pid=2949231)[0m /workspace/cann-recipes-train/llm_rl/qwen3_shrink_aware/verl/utils/profiler/config.py:49: UserWarning: Torch profiler tool config is not fully supported now.
[36m(TaskRunner pid=2949231)[0m   warnings.warn("Torch profiler tool config is not fully supported now.", stacklevel=1)
[36m(TaskRunner pid=2949231)[0m Setting TOKENIZERS_PARALLELISM=false for forked processes.
[36m(TaskRunner pid=2949231)[0m Filtering prompts longer than 1024 tokens (num_proc=1):   0%|          | 0/181 [00:00<?, ? examples/s]
[36m(TaskRunner pid=2949231)[0m Filtering prompts longer than 1024 tokens (num_proc=1): 100%|██████████| 181/181 [00:00<00:00, 325.51 examples/s]
[36m(TaskRunner pid=2949231)[0m Filtering prompts longer than 1024 tokens (num_proc=1): 100%|██████████| 181/181 [00:00<00:00, 271.64 examples/s]
[36m(TaskRunner pid=2949231)[0m Setting TOKENIZERS_PARALLELISM=false for forked processes.
[36m(TaskRunner pid=2949231)[0m Filtering prompts longer than 1024 tokens (num_proc=1):   0%|          | 0/20 [00:00<?, ? examples/s]
[36m(TaskRunner pid=2949231)[0m Filtering prompts longer than 1024 tokens (num_proc=1): 100%|██████████| 20/20 [00:00<00:00, 39.59 examples/s]
[36m(TaskRunner pid=2949231)[0m Filtering prompts longer than 1024 tokens (num_proc=1): 100%|██████████| 20/20 [00:00<00:00, 32.25 examples/s]
[36m(TaskRunner pid=2949231)[0m /workspace/cann-recipes-train/llm_rl/qwen3_shrink_aware/verl/trainer/ppo/ray_trainer.py:365: UserWarning: Disabled critic as algorithm.adv_estimator != gae. If it is not intended, please set critic.enable=True
[36m(TaskRunner pid=2949231)[0m   self.use_critic = need_critic(self.config)
[36m(pid=2950663)[0m /usr/local/python3.11.14/lib/python3.11/site-packages/torch_npu/contrib/transfer_to_npu.py:345: ImportWarning: 
[36m(pid=2950663)[0m     *************************************************************************************************************
[36m(pid=2950663)[0m     The torch.Tensor.cuda and torch.nn.Module.cuda are replaced with torch.Tensor.npu and torch.nn.Module.npu now..
[36m(pid=2950663)[0m     The torch.cuda.DoubleTensor is replaced with torch.npu.FloatTensor cause the double type is not supported now..
[36m(pid=2950663)[0m     The backend in torch.distributed.init_process_group set to hccl now..
[36m(pid=2950663)[0m     The torch.cuda.* and torch.cuda.amp.* are replaced with torch.npu.* and torch.npu.amp.* now..
[36m(pid=2950663)[0m     The device parameters have been replaced with npu in the function below:
[36m(pid=2950663)[0m     torch.logspace, torch.randint, torch.hann_window, torch.rand, torch.full_like, torch.ones_like, torch.rand_like, torch.randperm, torch.arange, torch.frombuffer, torch.normal, torch._empty_per_channel_affine_quantized, torch.empty_strided, torch.empty_like, torch.scalar_tensor, torch.tril_indices, torch.bartlett_window, torch.ones, torch.sparse_coo_tensor, torch.randn, torch.kaiser_window, torch.tensor, torch.triu_indices, torch.as_tensor, torch.zeros, torch.randint_like, torch.full, torch.eye, torch._sparse_csr_tensor_unsafe, torch.empty, torch._sparse_coo_tensor_unsafe, torch.blackman_window, torch.zeros_like, torch.range, torch.sparse_csr_tensor, torch.randn_like, torch.from_file, torch._cudnn_init_dropout_state, torch._empty_affine_quantized, torch.linspace, torch.hamming_window, torch.empty_quantized, torch._pin_memory, torch.load, torch.set_default_device, torch.get_device_module, torch.sparse_compressed_tensor, torch.Tensor.new_empty, torch.Tensor.new_empty_strided, torch.Tensor.new_full, torch.Tensor.new_ones, torch.Tensor.new_tensor, torch.Tensor.new_zeros, torch.Tensor.to, torch.Tensor.pin_memory, torch.nn.Module.to, torch.nn.Module.to_empty
[36m(pid=2950663)[0m     *************************************************************************************************************
[36m(pid=2950663)[0m     
[36m(pid=2950663)[0m   warnings.warn(msg, ImportWarning)
[36m(pid=2950663)[0m /usr/local/python3.11.14/lib/python3.11/site-packages/torch_npu/contrib/transfer_to_npu.py:276: RuntimeWarning: torch.jit.script and torch.jit.script_method will be disabled by transfer_to_npu, which currently does not support them, if you need to enable them, please do not use transfer_to_npu.
[36m(pid=2950663)[0m   warnings.warn(msg, RuntimeWarning)
[36m(pid=2950663)[0m /usr/local/python3.11.14/lib/python3.11/site-packages/torch_npu/dynamo/torchair/__init__.py:8: DeprecationWarning: pkg_resources is deprecated as an API. See https://setuptools.pypa.io/en/latest/pkg_resources.html
[36m(pid=2950663)[0m   import pkg_resources
[36m(pid=2950663)[0m /usr/local/python3.11.14/lib/python3.11/site-packages/ray/util/state/util.py:54: DeprecationWarning: Ray state API is no longer experimental. Please import from `ray.util.state`. instead. Importing from `ray.experimental` will be deprecated in future releases. 
[36m(pid=2950663)[0m   warnings.warn(
[36m(pid=2950667)[0m /usr/local/python3.11.14/lib/python3.11/site-packages/ray/util/state/util.py:54: DeprecationWarning: Ray state API is no longer experimental. Please import from `ray.util.state`. instead. Importing from `ray.experimental` will be deprecated in future releases. 
[36m(pid=2950667)[0m   warnings.warn(
[36m(pid=2950668)[0m /usr/local/python3.11.14/lib/python3.11/site-packages/ray/util/state/util.py:54: DeprecationWarning: Ray state API is no longer experimental. Please import from `ray.util.state`. instead. Importing from `ray.experimental` will be deprecated in future releases. 
[36m(pid=2950668)[0m   warnings.warn(
[36m(pid=2950666)[0m /usr/local/python3.11.14/lib/python3.11/site-packages/ray/util/state/util.py:54: DeprecationWarning: Ray state API is no longer experimental. Please import from `ray.util.state`. instead. Importing from `ray.experimental` will be deprecated in future releases. 
[36m(pid=2950666)[0m   warnings.warn(
[36m(pid=2950670)[0m /usr/local/python3.11.14/lib/python3.11/site-packages/ray/util/state/util.py:54: DeprecationWarning: Ray state API is no longer experimental. Please import from `ray.util.state`. instead. Importing from `ray.experimental` will be deprecated in future releases. 
[36m(pid=2950670)[0m   warnings.warn(
[36m(pid=2950669)[0m /usr/local/python3.11.14/lib/python3.11/site-packages/ray/util/state/util.py:54: DeprecationWarning: Ray state API is no longer experimental. Please import from `ray.util.state`. instead. Importing from `ray.experimental` will be deprecated in future releases. 
[36m(pid=2950669)[0m   warnings.warn(
[36m(pid=2950677)[0m /usr/local/python3.11.14/lib/python3.11/site-packages/ray/util/state/util.py:54: DeprecationWarning: Ray state API is no longer experimental. Please import from `ray.util.state`. instead. Importing from `ray.experimental` will be deprecated in future releases. 
[36m(pid=2950677)[0m   warnings.warn(
[36m(pid=2950674)[0m /usr/local/python3.11.14/lib/python3.11/site-packages/ray/util/state/util.py:54: DeprecationWarning: Ray state API is no longer experimental. Please import from `ray.util.state`. instead. Importing from `ray.experimental` will be deprecated in future releases. 
[36m(pid=2950674)[0m   warnings.warn(
[36m(pid=2950678)[0m /usr/local/python3.11.14/lib/python3.11/site-packages/ray/util/state/util.py:54: DeprecationWarning: Ray state API is no longer experimental. Please import from `ray.util.state`. instead. Importing from `ray.experimental` will be deprecated in future releases. 
[36m(pid=2950678)[0m   warnings.warn(
[36m(pid=2950671)[0m /usr/local/python3.11.14/lib/python3.11/site-packages/ray/util/state/util.py:54: DeprecationWarning: Ray state API is no longer experimental. Please import from `ray.util.state`. instead. Importing from `ray.experimental` will be deprecated in future releases. 
[36m(pid=2950671)[0m   warnings.warn(
[36m(pid=2950676)[0m /usr/local/python3.11.14/lib/python3.11/site-packages/ray/util/state/util.py:54: DeprecationWarning: Ray state API is no longer experimental. Please import from `ray.util.state`. instead. Importing from `ray.experimental` will be deprecated in future releases. 
[36m(pid=2950676)[0m   warnings.warn(
[36m(pid=2950673)[0m /usr/local/python3.11.14/lib/python3.11/site-packages/ray/util/state/util.py:54: DeprecationWarning: Ray state API is no longer experimental. Please import from `ray.util.state`. instead. Importing from `ray.experimental` will be deprecated in future releases. 
[36m(pid=2950673)[0m   warnings.warn(
[36m(pid=2950675)[0m /usr/local/python3.11.14/lib/python3.11/site-packages/ray/util/state/util.py:54: DeprecationWarning: Ray state API is no longer experimental. Please import from `ray.util.state`. instead. Importing from `ray.experimental` will be deprecated in future releases. 
[36m(pid=2950675)[0m   warnings.warn(
[36m(pid=2950680)[0m /usr/local/python3.11.14/lib/python3.11/site-packages/ray/util/state/util.py:54: DeprecationWarning: Ray state API is no longer experimental. Please import from `ray.util.state`. instead. Importing from `ray.experimental` will be deprecated in future releases. 
[36m(pid=2950680)[0m   warnings.warn(
[36m(pid=2950679)[0m /usr/local/python3.11.14/lib/python3.11/site-packages/ray/util/state/util.py:54: DeprecationWarning: Ray state API is no longer experimental. Please import from `ray.util.state`. instead. Importing from `ray.experimental` will be deprecated in future releases. 
[36m(pid=2950679)[0m   warnings.warn(
[36m(pid=2950672)[0m /usr/local/python3.11.14/lib/python3.11/site-packages/ray/util/state/util.py:54: DeprecationWarning: Ray state API is no longer experimental. Please import from `ray.util.state`. instead. Importing from `ray.experimental` will be deprecated in future releases. 
[36m(pid=2950672)[0m   warnings.warn(
[36m(WorkerDict pid=2950667)[0m /workspace/cann-recipes-train/llm_rl/qwen3_shrink_aware/verl/models/mcore/config_converter.py:281: UserWarning: The following keys are not supported in the current Megatron version and will be removed: ['use_flash_attn', 'pipeline_num_transformer_layers', 'moe_alltoall_overlap_comm', 'use_fused_rotary_pos_emb', 'use_fused_swiglu', 'seq_length', 'swap_optimizer']
[36m(WorkerDict pid=2950667)[0m   return check_and_construct_configs(args, TransformerConfig)
[36m(WorkerDict pid=2950667)[0m /workspace/cann-recipes-train/llm_rl/qwen3_shrink_aware/megatron/core/transformer/transformer_config.py:1065: UserWarning: Using a large number of experts (e.g. >=32) without fp32 routing. Consider enabling moe_router_dtype for better numerical stability.
[36m(WorkerDict pid=2950667)[0m   warnings.warn(
[36m(WorkerDict pid=2950677)[0m /workspace/cann-recipes-train/llm_rl/qwen3_shrink_aware/verl/models/mcore/config_converter.py:281: UserWarning: The following keys are not supported in the current Megatron version and will be removed: ['use_flash_attn', 'pipeline_num_transformer_layers', 'moe_alltoall_overlap_comm', 'use_fused_rotary_pos_emb', 'use_fused_swiglu', 'seq_length', 'swap_optimizer']
[36m(WorkerDict pid=2950677)[0m   return check_and_construct_configs(args, TransformerConfig)
[36m(WorkerDict pid=2950677)[0m /workspace/cann-recipes-train/llm_rl/qwen3_shrink_aware/megatron/core/transformer/transformer_config.py:1065: UserWarning: Using a large number of experts (e.g. >=32) without fp32 routing. Consider enabling moe_router_dtype for better numerical stability.
[36m(WorkerDict pid=2950677)[0m   warnings.warn(
[36m(WorkerDict pid=2950666)[0m /workspace/cann-recipes-train/llm_rl/qwen3_shrink_aware/verl/models/mcore/config_converter.py:281: UserWarning: The following keys are not supported in the current Megatron version and will be removed: ['use_flash_attn', 'pipeline_num_transformer_layers', 'moe_alltoall_overlap_comm', 'use_fused_rotary_pos_emb', 'use_fused_swiglu', 'seq_length', 'swap_optimizer']
[36m(WorkerDict pid=2950666)[0m   return check_and_construct_configs(args, TransformerConfig)
[36m(WorkerDict pid=2950666)[0m /workspace/cann-recipes-train/llm_rl/qwen3_shrink_aware/megatron/core/transformer/transformer_config.py:1065: UserWarning: Using a large number of experts (e.g. >=32) without fp32 routing. Consider enabling moe_router_dtype for better numerical stability.
[36m(WorkerDict pid=2950666)[0m   warnings.warn(
[36m(WorkerDict pid=2950669)[0m /workspace/cann-recipes-train/llm_rl/qwen3_shrink_aware/verl/models/mcore/config_converter.py:281: UserWarning: The following keys are not supported in the current Megatron version and will be removed: ['use_flash_attn', 'pipeline_num_transformer_layers', 'moe_alltoall_overlap_comm', 'use_fused_rotary_pos_emb', 'use_fused_swiglu', 'seq_length', 'swap_optimizer']
[36m(WorkerDict pid=2950669)[0m   return check_and_construct_configs(args, TransformerConfig)
[36m(WorkerDict pid=2950669)[0m /workspace/cann-recipes-train/llm_rl/qwen3_shrink_aware/megatron/core/transformer/transformer_config.py:1065: UserWarning: Using a large number of experts (e.g. >=32) without fp32 routing. Consider enabling moe_router_dtype for better numerical stability.
[36m(WorkerDict pid=2950669)[0m   warnings.warn(
[36m(WorkerDict pid=2950674)[0m /workspace/cann-recipes-train/llm_rl/qwen3_shrink_aware/verl/models/mcore/config_converter.py:281: UserWarning: The following keys are not supported in the current Megatron version and will be removed: ['use_flash_attn', 'pipeline_num_transformer_layers', 'moe_alltoall_overlap_comm', 'use_fused_rotary_pos_emb', 'use_fused_swiglu', 'seq_length', 'swap_optimizer']
[36m(WorkerDict pid=2950674)[0m   return check_and_construct_configs(args, TransformerConfig)
[36m(WorkerDict pid=2950674)[0m /workspace/cann-recipes-train/llm_rl/qwen3_shrink_aware/megatron/core/transformer/transformer_config.py:1065: UserWarning: Using a large number of experts (e.g. >=32) without fp32 routing. Consider enabling moe_router_dtype for better numerical stability.
[36m(WorkerDict pid=2950674)[0m   warnings.warn(
[36m(WorkerDict pid=2950670)[0m /workspace/cann-recipes-train/llm_rl/qwen3_shrink_aware/verl/models/mcore/config_converter.py:281: UserWarning: The following keys are not supported in the current Megatron version and will be removed: ['use_flash_attn', 'pipeline_num_transformer_layers', 'moe_alltoall_overlap_comm', 'use_fused_rotary_pos_emb', 'use_fused_swiglu', 'seq_length', 'swap_optimizer']
[36m(WorkerDict pid=2950670)[0m   return check_and_construct_configs(args, TransformerConfig)
[36m(WorkerDict pid=2950670)[0m /workspace/cann-recipes-train/llm_rl/qwen3_shrink_aware/megatron/core/transformer/transformer_config.py:1065: UserWarning: Using a large number of experts (e.g. >=32) without fp32 routing. Consider enabling moe_router_dtype for better numerical stability.
[36m(WorkerDict pid=2950670)[0m   warnings.warn(
[36m(WorkerDict pid=2950668)[0m /workspace/cann-recipes-train/llm_rl/qwen3_shrink_aware/verl/models/mcore/config_converter.py:281: UserWarning: The following keys are not supported in the current Megatron version and will be removed: ['use_flash_attn', 'pipeline_num_transformer_layers', 'moe_alltoall_overlap_comm', 'use_fused_rotary_pos_emb', 'use_fused_swiglu', 'seq_length', 'swap_optimizer']
[36m(WorkerDict pid=2950668)[0m   return check_and_construct_configs(args, TransformerConfig)
[36m(WorkerDict pid=2950668)[0m /workspace/cann-recipes-train/llm_rl/qwen3_shrink_aware/megatron/core/transformer/transformer_config.py:1065: UserWarning: Using a large number of experts (e.g. >=32) without fp32 routing. Consider enabling moe_router_dtype for better numerical stability.
[36m(WorkerDict pid=2950668)[0m   warnings.warn(
[36m(WorkerDict pid=2950678)[0m /workspace/cann-recipes-train/llm_rl/qwen3_shrink_aware/verl/models/mcore/config_converter.py:281: UserWarning: The following keys are not supported in the current Megatron version and will be removed: ['use_flash_attn', 'pipeline_num_transformer_layers', 'moe_alltoall_overlap_comm', 'use_fused_rotary_pos_emb', 'use_fused_swiglu', 'seq_length', 'swap_optimizer']
[36m(WorkerDict pid=2950678)[0m   return check_and_construct_configs(args, TransformerConfig)
[36m(WorkerDict pid=2950678)[0m /workspace/cann-recipes-train/llm_rl/qwen3_shrink_aware/megatron/core/transformer/transformer_config.py:1065: UserWarning: Using a large number of experts (e.g. >=32) without fp32 routing. Consider enabling moe_router_dtype for better numerical stability.
[36m(WorkerDict pid=2950678)[0m   warnings.warn(
[36m(WorkerDict pid=2950675)[0m /workspace/cann-recipes-train/llm_rl/qwen3_shrink_aware/verl/models/mcore/config_converter.py:281: UserWarning: The following keys are not supported in the current Megatron version and will be removed: ['use_flash_attn', 'pipeline_num_transformer_layers', 'moe_alltoall_overlap_comm', 'use_fused_rotary_pos_emb', 'use_fused_swiglu', 'seq_length', 'swap_optimizer']
[36m(WorkerDict pid=2950675)[0m   return check_and_construct_configs(args, TransformerConfig)
[36m(WorkerDict pid=2950675)[0m /workspace/cann-recipes-train/llm_rl/qwen3_shrink_aware/megatron/core/transformer/transformer_config.py:1065: UserWarning: Using a large number of experts (e.g. >=32) without fp32 routing. Consider enabling moe_router_dtype for better numerical stability.
[36m(WorkerDict pid=2950675)[0m   warnings.warn(
[36m(WorkerDict pid=2950673)[0m /workspace/cann-recipes-train/llm_rl/qwen3_shrink_aware/verl/models/mcore/config_converter.py:281: UserWarning: The following keys are not supported in the current Megatron version and will be removed: ['use_flash_attn', 'pipeline_num_transformer_layers', 'moe_alltoall_overlap_comm', 'use_fused_rotary_pos_emb', 'use_fused_swiglu', 'seq_length', 'swap_optimizer']
[36m(WorkerDict pid=2950673)[0m   return check_and_construct_configs(args, TransformerConfig)
[36m(WorkerDict pid=2950673)[0m /workspace/cann-recipes-train/llm_rl/qwen3_shrink_aware/megatron/core/transformer/transformer_config.py:1065: UserWarning: Using a large number of experts (e.g. >=32) without fp32 routing. Consider enabling moe_router_dtype for better numerical stability.
[36m(WorkerDict pid=2950673)[0m   warnings.warn(
[36m(WorkerDict pid=2950680)[0m /workspace/cann-recipes-train/llm_rl/qwen3_shrink_aware/verl/models/mcore/config_converter.py:281: UserWarning: The following keys are not supported in the current Megatron version and will be removed: ['use_flash_attn', 'pipeline_num_transformer_layers', 'moe_alltoall_overlap_comm', 'use_fused_rotary_pos_emb', 'use_fused_swiglu', 'seq_length', 'swap_optimizer']
[36m(WorkerDict pid=2950680)[0m   return check_and_construct_configs(args, TransformerConfig)
[36m(WorkerDict pid=2950680)[0m /workspace/cann-recipes-train/llm_rl/qwen3_shrink_aware/megatron/core/transformer/transformer_config.py:1065: UserWarning: Using a large number of experts (e.g. >=32) without fp32 routing. Consider enabling moe_router_dtype for better numerical stability.
[36m(WorkerDict pid=2950680)[0m   warnings.warn(
[36m(WorkerDict pid=2950676)[0m /workspace/cann-recipes-train/llm_rl/qwen3_shrink_aware/verl/models/mcore/config_converter.py:281: UserWarning: The following keys are not supported in the current Megatron version and will be removed: ['use_flash_attn', 'pipeline_num_transformer_layers', 'moe_alltoall_overlap_comm', 'use_fused_rotary_pos_emb', 'use_fused_swiglu', 'seq_length', 'swap_optimizer']
[36m(WorkerDict pid=2950676)[0m   return check_and_construct_configs(args, TransformerConfig)
[36m(WorkerDict pid=2950676)[0m /workspace/cann-recipes-train/llm_rl/qwen3_shrink_aware/megatron/core/transformer/transformer_config.py:1065: UserWarning: Using a large number of experts (e.g. >=32) without fp32 routing. Consider enabling moe_router_dtype for better numerical stability.
[36m(WorkerDict pid=2950676)[0m   warnings.warn(
[36m(WorkerDict pid=2950663)[0m /workspace/cann-recipes-train/llm_rl/qwen3_shrink_aware/verl/models/mcore/config_converter.py:281: UserWarning: The following keys are not supported in the current Megatron version and will be removed: ['use_flash_attn', 'pipeline_num_transformer_layers', 'moe_alltoall_overlap_comm', 'use_fused_rotary_pos_emb', 'use_fused_swiglu', 'seq_length', 'swap_optimizer']
[36m(WorkerDict pid=2950663)[0m   return check_and_construct_configs(args, TransformerConfig)
[36m(WorkerDict pid=2950663)[0m /workspace/cann-recipes-train/llm_rl/qwen3_shrink_aware/megatron/core/transformer/transformer_config.py:1065: UserWarning: Using a large number of experts (e.g. >=32) without fp32 routing. Consider enabling moe_router_dtype for better numerical stability.
[36m(WorkerDict pid=2950663)[0m   warnings.warn(
[36m(WorkerDict pid=2950672)[0m /workspace/cann-recipes-train/llm_rl/qwen3_shrink_aware/verl/models/mcore/config_converter.py:281: UserWarning: The following keys are not supported in the current Megatron version and will be removed: ['use_flash_attn', 'pipeline_num_transformer_layers', 'moe_alltoall_overlap_comm', 'use_fused_rotary_pos_emb', 'use_fused_swiglu', 'seq_length', 'swap_optimizer']
[36m(WorkerDict pid=2950672)[0m   return check_and_construct_configs(args, TransformerConfig)
[36m(WorkerDict pid=2950672)[0m /workspace/cann-recipes-train/llm_rl/qwen3_shrink_aware/megatron/core/transformer/transformer_config.py:1065: UserWarning: Using a large number of experts (e.g. >=32) without fp32 routing. Consider enabling moe_router_dtype for better numerical stability.
[36m(WorkerDict pid=2950672)[0m   warnings.warn(
[36m(WorkerDict pid=2950679)[0m /workspace/cann-recipes-train/llm_rl/qwen3_shrink_aware/verl/models/mcore/config_converter.py:281: UserWarning: The following keys are not supported in the current Megatron version and will be removed: ['use_flash_attn', 'pipeline_num_transformer_layers', 'moe_alltoall_overlap_comm', 'use_fused_rotary_pos_emb', 'use_fused_swiglu', 'seq_length', 'swap_optimizer']
[36m(WorkerDict pid=2950679)[0m   return check_and_construct_configs(args, TransformerConfig)
[36m(WorkerDict pid=2950679)[0m /workspace/cann-recipes-train/llm_rl/qwen3_shrink_aware/megatron/core/transformer/transformer_config.py:1065: UserWarning: Using a large number of experts (e.g. >=32) without fp32 routing. Consider enabling moe_router_dtype for better numerical stability.
[36m(WorkerDict pid=2950679)[0m   warnings.warn(
[36m(WorkerDict pid=2950671)[0m /workspace/cann-recipes-train/llm_rl/qwen3_shrink_aware/verl/models/mcore/config_converter.py:281: UserWarning: The following keys are not supported in the current Megatron version and will be removed: ['use_flash_attn', 'pipeline_num_transformer_layers', 'moe_alltoall_overlap_comm', 'use_fused_rotary_pos_emb', 'use_fused_swiglu', 'seq_length', 'swap_optimizer']
[36m(WorkerDict pid=2950671)[0m   return check_and_construct_configs(args, TransformerConfig)
[36m(WorkerDict pid=2950671)[0m /workspace/cann-recipes-train/llm_rl/qwen3_shrink_aware/megatron/core/transformer/transformer_config.py:1065: UserWarning: Using a large number of experts (e.g. >=32) without fp32 routing. Consider enabling moe_router_dtype for better numerical stability.
[36m(WorkerDict pid=2950671)[0m   warnings.warn(
[36m(WorkerDict pid=2950666)[0m /workspace/cann-recipes-train/llm_rl/qwen3_shrink_aware/megatron/core/dist_checkpointing/strategies/torch.py:892: FutureWarning: `load_state_dict` is deprecated and will be removed in future versions. Please use `load` instead.
[36m(WorkerDict pid=2950666)[0m   checkpoint.load_state_dict(
[36m(WorkerDict pid=2950663)[0m /workspace/cann-recipes-train/llm_rl/qwen3_shrink_aware/megatron/core/dist_checkpointing/strategies/torch.py:892: FutureWarning: `load_state_dict` is deprecated and will be removed in future versions. Please use `load` instead.
[36m(WorkerDict pid=2950663)[0m   checkpoint.load_state_dict(
[36m(WorkerDict pid=2950668)[0m /workspace/cann-recipes-train/llm_rl/qwen3_shrink_aware/megatron/core/dist_checkpointing/strategies/torch.py:892: FutureWarning: `load_state_dict` is deprecated and will be removed in future versions. Please use `load` instead.
[36m(WorkerDict pid=2950668)[0m   checkpoint.load_state_dict(
[36m(WorkerDict pid=2950669)[0m /workspace/cann-recipes-train/llm_rl/qwen3_shrink_aware/megatron/core/dist_checkpointing/strategies/torch.py:892: FutureWarning: `load_state_dict` is deprecated and will be removed in future versions. Please use `load` instead.
[36m(WorkerDict pid=2950669)[0m   checkpoint.load_state_dict(
[36m(WorkerDict pid=2950673)[0m /workspace/cann-recipes-train/llm_rl/qwen3_shrink_aware/megatron/core/dist_checkpointing/strategies/torch.py:892: FutureWarning: `load_state_dict` is deprecated and will be removed in future versions. Please use `load` instead.
[36m(WorkerDict pid=2950673)[0m   checkpoint.load_state_dict(
[36m(WorkerDict pid=2950672)[0m /workspace/cann-recipes-train/llm_rl/qwen3_shrink_aware/megatron/core/dist_checkpointing/strategies/torch.py:892: FutureWarning: `load_state_dict` is deprecated and will be removed in future versions. Please use `load` instead.
[36m(WorkerDict pid=2950672)[0m   checkpoint.load_state_dict(
[36m(WorkerDict pid=2950675)[0m /workspace/cann-recipes-train/llm_rl/qwen3_shrink_aware/megatron/core/dist_checkpointing/strategies/torch.py:892: FutureWarning: `load_state_dict` is deprecated and will be removed in future versions. Please use `load` instead.
[36m(WorkerDict pid=2950675)[0m   checkpoint.load_state_dict(
[36m(WorkerDict pid=2950677)[0m /workspace/cann-recipes-train/llm_rl/qwen3_shrink_aware/megatron/core/dist_checkpointing/strategies/torch.py:892: FutureWarning: `load_state_dict` is deprecated and will be removed in future versions. Please use `load` instead.
[36m(WorkerDict pid=2950677)[0m   checkpoint.load_state_dict(
[36m(WorkerDict pid=2950678)[0m /workspace/cann-recipes-train/llm_rl/qwen3_shrink_aware/megatron/core/dist_checkpointing/strategies/torch.py:892: FutureWarning: `load_state_dict` is deprecated and will be removed in future versions. Please use `load` instead.
[36m(WorkerDict pid=2950678)[0m   checkpoint.load_state_dict(
[36m(WorkerDict pid=2950680)[0m /workspace/cann-recipes-train/llm_rl/qwen3_shrink_aware/megatron/core/dist_checkpointing/strategies/torch.py:892: FutureWarning: `load_state_dict` is deprecated and will be removed in future versions. Please use `load` instead.
[36m(WorkerDict pid=2950680)[0m   checkpoint.load_state_dict(
[36m(WorkerDict pid=2950671)[0m /workspace/cann-recipes-train/llm_rl/qwen3_shrink_aware/megatron/core/dist_checkpointing/strategies/torch.py:892: FutureWarning: `load_state_dict` is deprecated and will be removed in future versions. Please use `load` instead.
[36m(WorkerDict pid=2950671)[0m   checkpoint.load_state_dict(
[36m(WorkerDict pid=2950670)[0m /workspace/cann-recipes-train/llm_rl/qwen3_shrink_aware/megatron/core/dist_checkpointing/strategies/torch.py:892: FutureWarning: `load_state_dict` is deprecated and will be removed in future versions. Please use `load` instead.
[36m(WorkerDict pid=2950670)[0m   checkpoint.load_state_dict(
[36m(WorkerDict pid=2950676)[0m /workspace/cann-recipes-train/llm_rl/qwen3_shrink_aware/megatron/core/dist_checkpointing/strategies/torch.py:892: FutureWarning: `load_state_dict` is deprecated and will be removed in future versions. Please use `load` instead.
[36m(WorkerDict pid=2950676)[0m   checkpoint.load_state_dict(
[36m(WorkerDict pid=2950666)[0m /usr/local/python3.11.14/lib/python3.11/site-packages/torch/distributed/checkpoint/planner_helpers.py:418: FutureWarning: Please use DTensor instead and we are deprecating ShardedTensor.
[36m(WorkerDict pid=2950666)[0m   device = getattr(value, "device", None)
[36m(WorkerDict pid=2950666)[0m /usr/local/python3.11.14/lib/python3.11/site-packages/torch/distributed/checkpoint/default_planner.py:479: FutureWarning: Please use DTensor instead and we are deprecating ShardedTensor.
[36m(WorkerDict pid=2950666)[0m   and md.size != obj.size()
[36m(WorkerDict pid=2950663)[0m /usr/local/python3.11.14/lib/python3.11/site-packages/torch/distributed/checkpoint/planner_helpers.py:418: FutureWarning: Please use DTensor instead and we are deprecating ShardedTensor.
[36m(WorkerDict pid=2950663)[0m   device = getattr(value, "device", None)
[36m(WorkerDict pid=2950663)[0m /usr/local/python3.11.14/lib/python3.11/site-packages/torch/distributed/checkpoint/default_planner.py:479: FutureWarning: Please use DTensor instead and we are deprecating ShardedTensor.
[36m(WorkerDict pid=2950663)[0m   and md.size != obj.size()
[36m(WorkerDict pid=2950668)[0m /usr/local/python3.11.14/lib/python3.11/site-packages/torch/distributed/checkpoint/planner_helpers.py:418: FutureWarning: Please use DTensor instead and we are deprecating ShardedTensor.
[36m(WorkerDict pid=2950668)[0m   device = getattr(value, "device", None)
[36m(WorkerDict pid=2950668)[0m /usr/local/python3.11.14/lib/python3.11/site-packages/torch/distributed/checkpoint/default_planner.py:479: FutureWarning: Please use DTensor instead and we are deprecating ShardedTensor.
[36m(WorkerDict pid=2950668)[0m   and md.size != obj.size()
[36m(WorkerDict pid=2950672)[0m /usr/local/python3.11.14/lib/python3.11/site-packages/torch/distributed/checkpoint/planner_helpers.py:418: FutureWarning: Please use DTensor instead and we are deprecating ShardedTensor.
[36m(WorkerDict pid=2950672)[0m   device = getattr(value, "device", None)
[36m(WorkerDict pid=2950672)[0m /usr/local/python3.11.14/lib/python3.11/site-packages/torch/distributed/checkpoint/default_planner.py:479: FutureWarning: Please use DTensor instead and we are deprecating ShardedTensor.
[36m(WorkerDict pid=2950672)[0m   and md.size != obj.size()
[36m(WorkerDict pid=2950675)[0m /usr/local/python3.11.14/lib/python3.11/site-packages/torch/distributed/checkpoint/planner_helpers.py:418: FutureWarning: Please use DTensor instead and we are deprecating ShardedTensor.
[36m(WorkerDict pid=2950675)[0m   device = getattr(value, "device", None)
[36m(WorkerDict pid=2950675)[0m /usr/local/python3.11.14/lib/python3.11/site-packages/torch/distributed/checkpoint/default_planner.py:479: FutureWarning: Please use DTensor instead and we are deprecating ShardedTensor.
[36m(WorkerDict pid=2950675)[0m   and md.size != obj.size()
[36m(WorkerDict pid=2950677)[0m /usr/local/python3.11.14/lib/python3.11/site-packages/torch/distributed/checkpoint/planner_helpers.py:418: FutureWarning: Please use DTensor instead and we are deprecating ShardedTensor.
[36m(WorkerDict pid=2950677)[0m   device = getattr(value, "device", None)
[36m(WorkerDict pid=2950677)[0m /usr/local/python3.11.14/lib/python3.11/site-packages/torch/distributed/checkpoint/default_planner.py:479: FutureWarning: Please use DTensor instead and we are deprecating ShardedTensor.
[36m(WorkerDict pid=2950677)[0m   and md.size != obj.size()
[36m(WorkerDict pid=2950678)[0m /usr/local/python3.11.14/lib/python3.11/site-packages/torch/distributed/checkpoint/planner_helpers.py:418: FutureWarning: Please use DTensor instead and we are deprecating ShardedTensor.
[36m(WorkerDict pid=2950678)[0m   device = getattr(value, "device", None)
[36m(WorkerDict pid=2950678)[0m /usr/local/python3.11.14/lib/python3.11/site-packages/torch/distributed/checkpoint/default_planner.py:479: FutureWarning: Please use DTensor instead and we are deprecating ShardedTensor.
[36m(WorkerDict pid=2950678)[0m   and md.size != obj.size()
[36m(WorkerDict pid=2950679)[0m /workspace/cann-recipes-train/llm_rl/qwen3_shrink_aware/megatron/core/dist_checkpointing/strategies/torch.py:892: FutureWarning: `load_state_dict` is deprecated and will be removed in future versions. Please use `load` instead.
[36m(WorkerDict pid=2950679)[0m   checkpoint.load_state_dict(
[36m(WorkerDict pid=2950671)[0m /usr/local/python3.11.14/lib/python3.11/site-packages/torch/distributed/checkpoint/planner_helpers.py:418: FutureWarning: Please use DTensor instead and we are deprecating ShardedTensor.
[36m(WorkerDict pid=2950671)[0m   device = getattr(value, "device", None)
[36m(WorkerDict pid=2950671)[0m /usr/local/python3.11.14/lib/python3.11/site-packages/torch/distributed/checkpoint/default_planner.py:479: FutureWarning: Please use DTensor instead and we are deprecating ShardedTensor.
[36m(WorkerDict pid=2950671)[0m   and md.size != obj.size()
[36m(WorkerDict pid=2950670)[0m /usr/local/python3.11.14/lib/python3.11/site-packages/torch/distributed/checkpoint/planner_helpers.py:418: FutureWarning: Please use DTensor instead and we are deprecating ShardedTensor.
[36m(WorkerDict pid=2950670)[0m   device = getattr(value, "device", None)
[36m(WorkerDict pid=2950670)[0m /usr/local/python3.11.14/lib/python3.11/site-packages/torch/distributed/checkpoint/default_planner.py:479: FutureWarning: Please use DTensor instead and we are deprecating ShardedTensor.
[36m(WorkerDict pid=2950670)[0m   and md.size != obj.size()
[36m(WorkerDict pid=2950669)[0m /usr/local/python3.11.14/lib/python3.11/site-packages/torch/distributed/checkpoint/planner_helpers.py:418: FutureWarning: Please use DTensor instead and we are deprecating ShardedTensor.
[36m(WorkerDict pid=2950669)[0m   device = getattr(value, "device", None)
[36m(WorkerDict pid=2950669)[0m /usr/local/python3.11.14/lib/python3.11/site-packages/torch/distributed/checkpoint/default_planner.py:479: FutureWarning: Please use DTensor instead and we are deprecating ShardedTensor.
[36m(WorkerDict pid=2950669)[0m   and md.size != obj.size()
[36m(WorkerDict pid=2950676)[0m /usr/local/python3.11.14/lib/python3.11/site-packages/torch/distributed/checkpoint/planner_helpers.py:418: FutureWarning: Please use DTensor instead and we are deprecating ShardedTensor.
[36m(WorkerDict pid=2950676)[0m   device = getattr(value, "device", None)
[36m(WorkerDict pid=2950676)[0m /usr/local/python3.11.14/lib/python3.11/site-packages/torch/distributed/checkpoint/default_planner.py:479: FutureWarning: Please use DTensor instead and we are deprecating ShardedTensor.
[36m(WorkerDict pid=2950676)[0m   and md.size != obj.size()
[36m(WorkerDict pid=2950673)[0m /usr/local/python3.11.14/lib/python3.11/site-packages/torch/distributed/checkpoint/planner_helpers.py:418: FutureWarning: Please use DTensor instead and we are deprecating ShardedTensor.
[36m(WorkerDict pid=2950673)[0m   device = getattr(value, "device", None)
[36m(WorkerDict pid=2950673)[0m /usr/local/python3.11.14/lib/python3.11/site-packages/torch/distributed/checkpoint/default_planner.py:479: FutureWarning: Please use DTensor instead and we are deprecating ShardedTensor.
[36m(WorkerDict pid=2950673)[0m   and md.size != obj.size()
[36m(WorkerDict pid=2950680)[0m /usr/local/python3.11.14/lib/python3.11/site-packages/torch/distributed/checkpoint/planner_helpers.py:418: FutureWarning: Please use DTensor instead and we are deprecating ShardedTensor.
[36m(WorkerDict pid=2950680)[0m   device = getattr(value, "device", None)
[36m(WorkerDict pid=2950680)[0m /usr/local/python3.11.14/lib/python3.11/site-packages/torch/distributed/checkpoint/default_planner.py:479: FutureWarning: Please use DTensor instead and we are deprecating ShardedTensor.
[36m(WorkerDict pid=2950680)[0m   and md.size != obj.size()
[36m(WorkerDict pid=2950674)[0m /workspace/cann-recipes-train/llm_rl/qwen3_shrink_aware/megatron/core/dist_checkpointing/strategies/torch.py:892: FutureWarning: `load_state_dict` is deprecated and will be removed in future versions. Please use `load` instead.
[36m(WorkerDict pid=2950674)[0m   checkpoint.load_state_dict(
[36m(WorkerDict pid=2950679)[0m /usr/local/python3.11.14/lib/python3.11/site-packages/torch/distributed/checkpoint/planner_helpers.py:418: FutureWarning: Please use DTensor instead and we are deprecating ShardedTensor.
[36m(WorkerDict pid=2950679)[0m   device = getattr(value, "device", None)
[36m(WorkerDict pid=2950679)[0m /usr/local/python3.11.14/lib/python3.11/site-packages/torch/distributed/checkpoint/default_planner.py:479: FutureWarning: Please use DTensor instead and we are deprecating ShardedTensor.
[36m(WorkerDict pid=2950679)[0m   and md.size != obj.size()
[36m(WorkerDict pid=2950667)[0m /workspace/cann-recipes-train/llm_rl/qwen3_shrink_aware/megatron/core/dist_checkpointing/strategies/torch.py:892: FutureWarning: `load_state_dict` is deprecated and will be removed in future versions. Please use `load` instead.
[36m(WorkerDict pid=2950667)[0m   checkpoint.load_state_dict(
[36m(WorkerDict pid=2950667)[0m /usr/local/python3.11.14/lib/python3.11/site-packages/torch/distributed/checkpoint/planner_helpers.py:418: FutureWarning: Please use DTensor instead and we are deprecating ShardedTensor.
[36m(WorkerDict pid=2950667)[0m   device = getattr(value, "device", None)
[36m(WorkerDict pid=2950667)[0m /usr/local/python3.11.14/lib/python3.11/site-packages/torch/distributed/checkpoint/default_planner.py:479: FutureWarning: Please use DTensor instead and we are deprecating ShardedTensor.
[36m(WorkerDict pid=2950667)[0m   and md.size != obj.size()
[36m(WorkerDict pid=2950674)[0m /usr/local/python3.11.14/lib/python3.11/site-packages/torch/distributed/checkpoint/planner_helpers.py:418: FutureWarning: Please use DTensor instead and we are deprecating ShardedTensor.
[36m(WorkerDict pid=2950674)[0m   device = getattr(value, "device", None)
[36m(WorkerDict pid=2950674)[0m /usr/local/python3.11.14/lib/python3.11/site-packages/torch/distributed/checkpoint/default_planner.py:479: FutureWarning: Please use DTensor instead and we are deprecating ShardedTensor.
[36m(WorkerDict pid=2950674)[0m   and md.size != obj.size()
[36m(WorkerDict pid=2950663)[0m /usr/local/python3.11.14/lib/python3.11/site-packages/torch_npu/distributed/distributed_c10d.py:110: UserWarning: HCCL doesn't support gather at the moment. Implemented with allgather instead.
[36m(WorkerDict pid=2950663)[0m   warnings.warn("HCCL doesn't support gather at the moment. Implemented with allgather instead.")
[36m(WorkerDict pid=2950666)[0m [rank1]:[W616 18:26:40.897244533 compiler_depend.ts:338] Warning: Cannot create tensor with interal format while allow_internel_format=False, tensor will be created with base format. (function operator())
[36m(WorkerDict pid=2950667)[0m [rank3]:[W616 18:26:40.898183242 compiler_depend.ts:338] Warning: Cannot create tensor with interal format while allow_internel_format=False, tensor will be created with base format. (function operator())
[36m(WorkerDict pid=2950668)[0m [rank4]:[W616 18:26:40.897285354 compiler_depend.ts:338] Warning: Cannot create tensor with interal format while allow_internel_format=False, tensor will be created with base format. (function operator())
[36m(WorkerDict pid=2950671)[0m [rank7]:[W616 18:26:40.897388787 compiler_depend.ts:338] Warning: Cannot create tensor with interal format while allow_internel_format=False, tensor will be created with base format. (function operator())
[36m(WorkerDict pid=2950670)[0m [rank6]:[W616 18:26:40.897314575 compiler_depend.ts:338] Warning: Cannot create tensor with interal format while allow_internel_format=False, tensor will be created with base format. (function operator())
[36m(WorkerDict pid=2950669)[0m [rank5]:[W616 18:26:40.897382647 compiler_depend.ts:338] Warning: Cannot create tensor with interal format while allow_internel_format=False, tensor will be created with base format. (function operator())
[36m(WorkerDict pid=2950676)[0m [rank11]:[W616 18:26:40.897848802 compiler_depend.ts:338] Warning: Cannot create tensor with interal format while allow_internel_format=False, tensor will be created with base format. (function operator())
[36m(WorkerDict pid=2950674)[0m [rank9]:[W616 18:26:40.899598047 compiler_depend.ts:338] Warning: Cannot create tensor with interal format while allow_internel_format=False, tensor will be created with base format. (function operator())
[36m(WorkerDict pid=2950673)[0m [rank2]:[W616 18:26:40.897418338 compiler_depend.ts:338] Warning: Cannot create tensor with interal format while allow_internel_format=False, tensor will be created with base format. (function operator())
[36m(WorkerDict pid=2950672)[0m [rank8]:[W616 18:26:40.897449399 compiler_depend.ts:338] Warning: Cannot create tensor with interal format while allow_internel_format=False, tensor will be created with base format. (function operator())
[36m(WorkerDict pid=2950675)[0m [rank10]:[W616 18:26:40.897325725 compiler_depend.ts:338] Warning: Cannot create tensor with interal format while allow_internel_format=False, tensor will be created with base format. (function operator())
[36m(WorkerDict pid=2950677)[0m [rank15]:[W616 18:26:40.897363026 compiler_depend.ts:338] Warning: Cannot create tensor with interal format while allow_internel_format=False, tensor will be created with base format. (function operator())
[36m(WorkerDict pid=2950678)[0m [rank14]:[W616 18:26:40.897321845 compiler_depend.ts:338] Warning: Cannot create tensor with interal format while allow_internel_format=False, tensor will be created with base format. (function operator())
[36m(WorkerDict pid=2950679)[0m [rank13]:[W616 18:26:40.898319567 compiler_depend.ts:338] Warning: Cannot create tensor with interal format while allow_internel_format=False, tensor will be created with base format. (function operator())
[36m(WorkerDict pid=2950680)[0m [rank12]:[W616 18:26:40.904106031 compiler_depend.ts:338] Warning: Cannot create tensor with interal format while allow_internel_format=False, tensor will be created with base format. (function operator())
[36m(WorkerDict pid=2950666)[0m /workspace/cann-recipes-train/llm_rl/qwen3_shrink_aware/mindspeed/core/optimizer/swap_optimizer/swap_optimizer.py:128: UserWarning: TypedStorage is deprecated. It will be removed in the future and UntypedStorage will be the only storage class. This should only matter to you if you are using storages directly.  To access UntypedStorage directly, use tensor.untyped_storage() instead of tensor.storage()
[36m(WorkerDict pid=2950666)[0m   if param.storage().size() != 0:
[36m(WorkerDict pid=2950667)[0m /workspace/cann-recipes-train/llm_rl/qwen3_shrink_aware/mindspeed/core/optimizer/swap_optimizer/swap_optimizer.py:128: UserWarning: TypedStorage is deprecated. It will be removed in the future and UntypedStorage will be the only storage class. This should only matter to you if you are using storages directly.  To access UntypedStorage directly, use tensor.untyped_storage() instead of tensor.storage()
[36m(WorkerDict pid=2950667)[0m   if param.storage().size() != 0:
[36m(WorkerDict pid=2950663)[0m /workspace/cann-recipes-train/llm_rl/qwen3_shrink_aware/mindspeed/core/optimizer/swap_optimizer/swap_optimizer.py:128: UserWarning: TypedStorage is deprecated. It will be removed in the future and UntypedStorage will be the only storage class. This should only matter to you if you are using storages directly.  To access UntypedStorage directly, use tensor.untyped_storage() instead of tensor.storage()
[36m(WorkerDict pid=2950663)[0m   if param.storage().size() != 0:
[36m(WorkerDict pid=2950673)[0m /workspace/cann-recipes-train/llm_rl/qwen3_shrink_aware/mindspeed/core/optimizer/swap_optimizer/swap_optimizer.py:128: UserWarning: TypedStorage is deprecated. It will be removed in the future and UntypedStorage will be the only storage class. This should only matter to you if you are using storages directly.  To access UntypedStorage directly, use tensor.untyped_storage() instead of tensor.storage()
[36m(WorkerDict pid=2950673)[0m   if param.storage().size() != 0:
[36m(WorkerDict pid=2950677)[0m /workspace/cann-recipes-train/llm_rl/qwen3_shrink_aware/mindspeed/core/optimizer/swap_optimizer/swap_optimizer.py:128: UserWarning: TypedStorage is deprecated. It will be removed in the future and UntypedStorage will be the only storage class. This should only matter to you if you are using storages directly.  To access UntypedStorage directly, use tensor.untyped_storage() instead of tensor.storage()
[36m(WorkerDict pid=2950677)[0m   if param.storage().size() != 0:
[36m(WorkerDict pid=2950678)[0m /workspace/cann-recipes-train/llm_rl/qwen3_shrink_aware/mindspeed/core/optimizer/swap_optimizer/swap_optimizer.py:128: UserWarning: TypedStorage is deprecated. It will be removed in the future and UntypedStorage will be the only storage class. This should only matter to you if you are using storages directly.  To access UntypedStorage directly, use tensor.untyped_storage() instead of tensor.storage()
[36m(WorkerDict pid=2950678)[0m   if param.storage().size() != 0:
[36m(WorkerDict pid=2950663)[0m /usr/local/python3.11.14/lib/python3.11/site-packages/torch_npu/contrib/transfer_to_npu.py:182: UserWarning: Cannot create tensor with interal format while allow_internel_format=False, tensor will be created with base format. (Triggered internally at build/CMakeFiles/torch_npu.dir/compiler_depend.ts:338.)
[36m(WorkerDict pid=2950663)[0m   return fn(*args, **kwargs)
[36m(WorkerDict pid=2950670)[0m /workspace/cann-recipes-train/llm_rl/qwen3_shrink_aware/mindspeed/core/optimizer/swap_optimizer/swap_optimizer.py:128: UserWarning: TypedStorage is deprecated. It will be removed in the future and UntypedStorage will be the only storage class. This should only matter to you if you are using storages directly.  To access UntypedStorage directly, use tensor.untyped_storage() instead of tensor.storage()
[36m(WorkerDict pid=2950670)[0m   if param.storage().size() != 0:
[36m(WorkerDict pid=2950672)[0m /workspace/cann-recipes-train/llm_rl/qwen3_shrink_aware/mindspeed/core/optimizer/swap_optimizer/swap_optimizer.py:128: UserWarning: TypedStorage is deprecated. It will be removed in the future and UntypedStorage will be the only storage class. This should only matter to you if you are using storages directly.  To access UntypedStorage directly, use tensor.untyped_storage() instead of tensor.storage()
[36m(WorkerDict pid=2950672)[0m   if param.storage().size() != 0:
[36m(WorkerDict pid=2950679)[0m /workspace/cann-recipes-train/llm_rl/qwen3_shrink_aware/mindspeed/core/optimizer/swap_optimizer/swap_optimizer.py:128: UserWarning: TypedStorage is deprecated. It will be removed in the future and UntypedStorage will be the only storage class. This should only matter to you if you are using storages directly.  To access UntypedStorage directly, use tensor.untyped_storage() instead of tensor.storage()
[36m(WorkerDict pid=2950679)[0m   if param.storage().size() != 0:
[36m(WorkerDict pid=2950675)[0m /workspace/cann-recipes-train/llm_rl/qwen3_shrink_aware/mindspeed/core/optimizer/swap_optimizer/swap_optimizer.py:128: UserWarning: TypedStorage is deprecated. It will be removed in the future and UntypedStorage will be the only storage class. This should only matter to you if you are using storages directly.  To access UntypedStorage directly, use tensor.untyped_storage() instead of tensor.storage()
[36m(WorkerDict pid=2950675)[0m   if param.storage().size() != 0:
[36m(WorkerDict pid=2950680)[0m /workspace/cann-recipes-train/llm_rl/qwen3_shrink_aware/mindspeed/core/optimizer/swap_optimizer/swap_optimizer.py:128: UserWarning: TypedStorage is deprecated. It will be removed in the future and UntypedStorage will be the only storage class. This should only matter to you if you are using storages directly.  To access UntypedStorage directly, use tensor.untyped_storage() instead of tensor.storage()
[36m(WorkerDict pid=2950680)[0m   if param.storage().size() != 0:
[36m(WorkerDict pid=2950676)[0m /workspace/cann-recipes-train/llm_rl/qwen3_shrink_aware/mindspeed/core/optimizer/swap_optimizer/swap_optimizer.py:128: UserWarning: TypedStorage is deprecated. It will be removed in the future and UntypedStorage will be the only storage class. This should only matter to you if you are using storages directly.  To access UntypedStorage directly, use tensor.untyped_storage() instead of tensor.storage()
[36m(WorkerDict pid=2950676)[0m   if param.storage().size() != 0:
[36m(WorkerDict pid=2950669)[0m /workspace/cann-recipes-train/llm_rl/qwen3_shrink_aware/mindspeed/core/optimizer/swap_optimizer/swap_optimizer.py:128: UserWarning: TypedStorage is deprecated. It will be removed in the future and UntypedStorage will be the only storage class. This should only matter to you if you are using storages directly.  To access UntypedStorage directly, use tensor.untyped_storage() instead of tensor.storage()
[36m(WorkerDict pid=2950669)[0m   if param.storage().size() != 0:
[36m(WorkerDict pid=2950671)[0m /workspace/cann-recipes-train/llm_rl/qwen3_shrink_aware/mindspeed/core/optimizer/swap_optimizer/swap_optimizer.py:128: UserWarning: TypedStorage is deprecated. It will be removed in the future and UntypedStorage will be the only storage class. This should only matter to you if you are using storages directly.  To access UntypedStorage directly, use tensor.untyped_storage() instead of tensor.storage()
[36m(WorkerDict pid=2950671)[0m   if param.storage().size() != 0:
[36m(WorkerDict pid=2950674)[0m /workspace/cann-recipes-train/llm_rl/qwen3_shrink_aware/mindspeed/core/optimizer/swap_optimizer/swap_optimizer.py:128: UserWarning: TypedStorage is deprecated. It will be removed in the future and UntypedStorage will be the only storage class. This should only matter to you if you are using storages directly.  To access UntypedStorage directly, use tensor.untyped_storage() instead of tensor.storage()
[36m(WorkerDict pid=2950674)[0m   if param.storage().size() != 0:
[36m(WorkerDict pid=2950668)[0m /workspace/cann-recipes-train/llm_rl/qwen3_shrink_aware/mindspeed/core/optimizer/swap_optimizer/swap_optimizer.py:128: UserWarning: TypedStorage is deprecated. It will be removed in the future and UntypedStorage will be the only storage class. This should only matter to you if you are using storages directly.  To access UntypedStorage directly, use tensor.untyped_storage() instead of tensor.storage()
[36m(WorkerDict pid=2950668)[0m   if param.storage().size() != 0:
[36m(WorkerDict pid=2950673)[0m /workspace/cann-recipes-train/llm_rl/qwen3_shrink_aware/verl/utils/profiler/config.py:49: UserWarning: Torch profiler tool config is not fully supported now.
[36m(WorkerDict pid=2950673)[0m   warnings.warn("Torch profiler tool config is not fully supported now.", stacklevel=1)
[36m(WorkerDict pid=2950677)[0m /workspace/cann-recipes-train/llm_rl/qwen3_shrink_aware/verl/utils/profiler/config.py:49: UserWarning: Torch profiler tool config is not fully supported now.
[36m(WorkerDict pid=2950677)[0m   warnings.warn("Torch profiler tool config is not fully supported now.", stacklevel=1)
[36m(WorkerDict pid=2950678)[0m /workspace/cann-recipes-train/llm_rl/qwen3_shrink_aware/verl/utils/profiler/config.py:49: UserWarning: Torch profiler tool config is not fully supported now.
[36m(WorkerDict pid=2950678)[0m   warnings.warn("Torch profiler tool config is not fully supported now.", stacklevel=1)
[36m(WorkerDict pid=2950679)[0m /workspace/cann-recipes-train/llm_rl/qwen3_shrink_aware/verl/utils/profiler/config.py:49: UserWarning: Torch profiler tool config is not fully supported now.
[36m(WorkerDict pid=2950679)[0m   warnings.warn("Torch profiler tool config is not fully supported now.", stacklevel=1)
[36m(WorkerDict pid=2950666)[0m /workspace/cann-recipes-train/llm_rl/qwen3_shrink_aware/verl/utils/profiler/config.py:49: UserWarning: Torch profiler tool config is not fully supported now.
[36m(WorkerDict pid=2950666)[0m   warnings.warn("Torch profiler tool config is not fully supported now.", stacklevel=1)
[36m(WorkerDict pid=2950673)[0m <frozen importlib._bootstrap>:241: DeprecationWarning: builtin type SwigPyPacked has no __module__ attribute
[36m(WorkerDict pid=2950673)[0m <frozen importlib._bootstrap>:241: DeprecationWarning: builtin type SwigPyObject has no __module__ attribute
[36m(WorkerDict pid=2950668)[0m /workspace/cann-recipes-train/llm_rl/qwen3_shrink_aware/verl/utils/profiler/config.py:49: UserWarning: Torch profiler tool config is not fully supported now.
[36m(WorkerDict pid=2950668)[0m   warnings.warn("Torch profiler tool config is not fully supported now.", stacklevel=1)
[36m(WorkerDict pid=2950672)[0m /workspace/cann-recipes-train/llm_rl/qwen3_shrink_aware/verl/utils/profiler/config.py:49: UserWarning: Torch profiler tool config is not fully supported now.
[36m(WorkerDict pid=2950672)[0m   warnings.warn("Torch profiler tool config is not fully supported now.", stacklevel=1)
[36m(WorkerDict pid=2950677)[0m <frozen importlib._bootstrap>:241: DeprecationWarning: builtin type SwigPyPacked has no __module__ attribute
[36m(WorkerDict pid=2950677)[0m <frozen importlib._bootstrap>:241: DeprecationWarning: builtin type SwigPyObject has no __module__ attribute
[36m(WorkerDict pid=2950678)[0m <frozen importlib._bootstrap>:241: DeprecationWarning: builtin type SwigPyPacked has no __module__ attribute
[36m(WorkerDict pid=2950678)[0m <frozen importlib._bootstrap>:241: DeprecationWarning: builtin type SwigPyObject has no __module__ attribute
[36m(WorkerDict pid=2950679)[0m <frozen importlib._bootstrap>:241: DeprecationWarning: builtin type SwigPyPacked has no __module__ attribute
[36m(WorkerDict pid=2950679)[0m <frozen importlib._bootstrap>:241: DeprecationWarning: builtin type SwigPyObject has no __module__ attribute
[36m(WorkerDict pid=2950680)[0m /workspace/cann-recipes-train/llm_rl/qwen3_shrink_aware/verl/utils/profiler/config.py:49: UserWarning: Torch profiler tool config is not fully supported now.
[36m(WorkerDict pid=2950680)[0m   warnings.warn("Torch profiler tool config is not fully supported now.", stacklevel=1)
[36m(WorkerDict pid=2950666)[0m <frozen importlib._bootstrap>:241: DeprecationWarning: builtin type SwigPyPacked has no __module__ attribute
[36m(WorkerDict pid=2950666)[0m <frozen importlib._bootstrap>:241: DeprecationWarning: builtin type SwigPyObject has no __module__ attribute
[36m(WorkerDict pid=2950663)[0m /workspace/cann-recipes-train/llm_rl/qwen3_shrink_aware/verl/utils/profiler/config.py:49: UserWarning: Torch profiler tool config is not fully supported now.
[36m(WorkerDict pid=2950663)[0m   warnings.warn("Torch profiler tool config is not fully supported now.", stacklevel=1)
[36m(WorkerDict pid=2950670)[0m /workspace/cann-recipes-train/llm_rl/qwen3_shrink_aware/verl/utils/profiler/config.py:49: UserWarning: Torch profiler tool config is not fully supported now.
[36m(WorkerDict pid=2950670)[0m   warnings.warn("Torch profiler tool config is not fully supported now.", stacklevel=1)
[36m(WorkerDict pid=2950676)[0m /workspace/cann-recipes-train/llm_rl/qwen3_shrink_aware/verl/utils/profiler/config.py:49: UserWarning: Torch profiler tool config is not fully supported now.
[36m(WorkerDict pid=2950676)[0m   warnings.warn("Torch profiler tool config is not fully supported now.", stacklevel=1)
[36m(WorkerDict pid=2950667)[0m /workspace/cann-recipes-train/llm_rl/qwen3_shrink_aware/verl/utils/profiler/config.py:49: UserWarning: Torch profiler tool config is not fully supported now.
[36m(WorkerDict pid=2950667)[0m   warnings.warn("Torch profiler tool config is not fully supported now.", stacklevel=1)
[36m(WorkerDict pid=2950668)[0m <frozen importlib._bootstrap>:241: DeprecationWarning: builtin type SwigPyPacked has no __module__ attribute
[36m(WorkerDict pid=2950668)[0m <frozen importlib._bootstrap>:241: DeprecationWarning: builtin type SwigPyObject has no __module__ attribute
[36m(WorkerDict pid=2950672)[0m <frozen importlib._bootstrap>:241: DeprecationWarning: builtin type SwigPyPacked has no __module__ attribute
[36m(WorkerDict pid=2950672)[0m <frozen importlib._bootstrap>:241: DeprecationWarning: builtin type SwigPyObject has no __module__ attribute
[36m(WorkerDict pid=2950671)[0m /workspace/cann-recipes-train/llm_rl/qwen3_shrink_aware/verl/utils/profiler/config.py:49: UserWarning: Torch profiler tool config is not fully supported now.
[36m(WorkerDict pid=2950671)[0m   warnings.warn("Torch profiler tool config is not fully supported now.", stacklevel=1)
[36m(WorkerDict pid=2950675)[0m /workspace/cann-recipes-train/llm_rl/qwen3_shrink_aware/verl/utils/profiler/config.py:49: UserWarning: Torch profiler tool config is not fully supported now.
[36m(WorkerDict pid=2950675)[0m   warnings.warn("Torch profiler tool config is not fully supported now.", stacklevel=1)
[36m(WorkerDict pid=2950680)[0m <frozen importlib._bootstrap>:241: DeprecationWarning: builtin type SwigPyPacked has no __module__ attribute
[36m(WorkerDict pid=2950680)[0m <frozen importlib._bootstrap>:241: DeprecationWarning: builtin type SwigPyObject has no __module__ attribute
[36m(WorkerDict pid=2950663)[0m <frozen importlib._bootstrap>:241: DeprecationWarning: builtin type SwigPyPacked has no __module__ attribute
[36m(WorkerDict pid=2950663)[0m <frozen importlib._bootstrap>:241: DeprecationWarning: builtin type SwigPyObject has no __module__ attribute
[36m(WorkerDict pid=2950670)[0m <frozen importlib._bootstrap>:241: DeprecationWarning: builtin type SwigPyPacked has no __module__ attribute
[36m(WorkerDict pid=2950670)[0m <frozen importlib._bootstrap>:241: DeprecationWarning: builtin type SwigPyObject has no __module__ attribute
[36m(WorkerDict pid=2950676)[0m <frozen importlib._bootstrap>:241: DeprecationWarning: builtin type SwigPyPacked has no __module__ attribute
[36m(WorkerDict pid=2950676)[0m <frozen importlib._bootstrap>:241: DeprecationWarning: builtin type SwigPyObject has no __module__ attribute
[36m(WorkerDict pid=2950669)[0m /workspace/cann-recipes-train/llm_rl/qwen3_shrink_aware/verl/utils/profiler/config.py:49: UserWarning: Torch profiler tool config is not fully supported now.
[36m(WorkerDict pid=2950669)[0m   warnings.warn("Torch profiler tool config is not fully supported now.", stacklevel=1)
[36m(WorkerDict pid=2950667)[0m <frozen importlib._bootstrap>:241: DeprecationWarning: builtin type SwigPyPacked has no __module__ attribute
[36m(WorkerDict pid=2950667)[0m <frozen importlib._bootstrap>:241: DeprecationWarning: builtin type SwigPyObject has no __module__ attribute
[36m(WorkerDict pid=2950674)[0m /workspace/cann-recipes-train/llm_rl/qwen3_shrink_aware/verl/utils/profiler/config.py:49: UserWarning: Torch profiler tool config is not fully supported now.
[36m(WorkerDict pid=2950674)[0m   warnings.warn("Torch profiler tool config is not fully supported now.", stacklevel=1)
[36m(WorkerDict pid=2950671)[0m <frozen importlib._bootstrap>:241: DeprecationWarning: builtin type SwigPyPacked has no __module__ attribute
[36m(WorkerDict pid=2950671)[0m <frozen importlib._bootstrap>:241: DeprecationWarning: builtin type SwigPyObject has no __module__ attribute
[36m(WorkerDict pid=2950675)[0m <frozen importlib._bootstrap>:241: DeprecationWarning: builtin type SwigPyPacked has no __module__ attribute
[36m(WorkerDict pid=2950675)[0m <frozen importlib._bootstrap>:241: DeprecationWarning: builtin type SwigPyObject has no __module__ attribute
[36m(WorkerDict pid=2950669)[0m <frozen importlib._bootstrap>:241: DeprecationWarning: builtin type SwigPyPacked has no __module__ attribute
[36m(WorkerDict pid=2950669)[0m <frozen importlib._bootstrap>:241: DeprecationWarning: builtin type SwigPyObject has no __module__ attribute
[36m(WorkerDict pid=2950674)[0m <frozen importlib._bootstrap>:241: DeprecationWarning: builtin type SwigPyPacked has no __module__ attribute
[36m(WorkerDict pid=2950674)[0m <frozen importlib._bootstrap>:241: DeprecationWarning: builtin type SwigPyObject has no __module__ attribute
[36m(WorkerDict pid=2950666)[0m `torch_dtype` is deprecated! Use `dtype` instead!
[36m(WorkerDict pid=2950667)[0m `torch_dtype` is deprecated! Use `dtype` instead!
[36m(WorkerDict pid=2950663)[0m `torch_dtype` is deprecated! Use `dtype` instead!
[36m(WorkerDict pid=2950668)[0m `torch_dtype` is deprecated! Use `dtype` instead!
[36m(WorkerDict pid=2950671)[0m `torch_dtype` is deprecated! Use `dtype` instead!
[36m(WorkerDict pid=2950670)[0m `torch_dtype` is deprecated! Use `dtype` instead!
[36m(WorkerDict pid=2950669)[0m `torch_dtype` is deprecated! Use `dtype` instead!
[36m(WorkerDict pid=2950676)[0m `torch_dtype` is deprecated! Use `dtype` instead!
[36m(WorkerDict pid=2950674)[0m `torch_dtype` is deprecated! Use `dtype` instead!
[36m(WorkerDict pid=2950673)[0m `torch_dtype` is deprecated! Use `dtype` instead!
[36m(WorkerDict pid=2950672)[0m `torch_dtype` is deprecated! Use `dtype` instead!
[36m(WorkerDict pid=2950675)[0m `torch_dtype` is deprecated! Use `dtype` instead!
[36m(WorkerDict pid=2950677)[0m `torch_dtype` is deprecated! Use `dtype` instead!
[36m(WorkerDict pid=2950678)[0m `torch_dtype` is deprecated! Use `dtype` instead!
[36m(WorkerDict pid=2950679)[0m `torch_dtype` is deprecated! Use `dtype` instead!
[36m(WorkerDict pid=2950680)[0m `torch_dtype` is deprecated! Use `dtype` instead!
[36m(WorkerDict pid=2950676)[0m /workspace/cann-recipes-train/llm_rl/qwen3_shrink_aware/megatron/core/transformer/transformer_config.py:1065: UserWarning: Using a large number of experts (e.g. >=32) without fp32 routing. Consider enabling moe_router_dtype for better numerical stability.
[36m(WorkerDict pid=2950676)[0m   warnings.warn(
[36m(WorkerDict pid=2950677)[0m /workspace/cann-recipes-train/llm_rl/qwen3_shrink_aware/megatron/core/transformer/transformer_config.py:1065: UserWarning: Using a large number of experts (e.g. >=32) without fp32 routing. Consider enabling moe_router_dtype for better numerical stability.
[36m(WorkerDict pid=2950677)[0m   warnings.warn(
[36m(WorkerDict pid=2950680)[0m /workspace/cann-recipes-train/llm_rl/qwen3_shrink_aware/megatron/core/transformer/transformer_config.py:1065: UserWarning: Using a large number of experts (e.g. >=32) without fp32 routing. Consider enabling moe_router_dtype for better numerical stability.
[36m(WorkerDict pid=2950680)[0m   warnings.warn(
[36m(WorkerDict pid=2950671)[0m /workspace/cann-recipes-train/llm_rl/qwen3_shrink_aware/megatron/core/transformer/transformer_config.py:1065: UserWarning: Using a large number of experts (e.g. >=32) without fp32 routing. Consider enabling moe_router_dtype for better numerical stability.
[36m(WorkerDict pid=2950671)[0m   warnings.warn(
[36m(WorkerDict pid=2950673)[0m /workspace/cann-recipes-train/llm_rl/qwen3_shrink_aware/megatron/core/transformer/transformer_config.py:1065: UserWarning: Using a large number of experts (e.g. >=32) without fp32 routing. Consider enabling moe_router_dtype for better numerical stability.
[36m(WorkerDict pid=2950673)[0m   warnings.warn(
[36m(WorkerDict pid=2950672)[0m /workspace/cann-recipes-train/llm_rl/qwen3_shrink_aware/megatron/core/transformer/transformer_config.py:1065: UserWarning: Using a large number of experts (e.g. >=32) without fp32 routing. Consider enabling moe_router_dtype for better numerical stability.
[36m(WorkerDict pid=2950672)[0m   warnings.warn(
[36m(WorkerDict pid=2950675)[0m /workspace/cann-recipes-train/llm_rl/qwen3_shrink_aware/megatron/core/transformer/transformer_config.py:1065: UserWarning: Using a large number of experts (e.g. >=32) without fp32 routing. Consider enabling moe_router_dtype for better numerical stability.
[36m(WorkerDict pid=2950675)[0m   warnings.warn(
[36m(WorkerDict pid=2950678)[0m /workspace/cann-recipes-train/llm_rl/qwen3_shrink_aware/megatron/core/transformer/transformer_config.py:1065: UserWarning: Using a large number of experts (e.g. >=32) without fp32 routing. Consider enabling moe_router_dtype for better numerical stability.
[36m(WorkerDict pid=2950678)[0m   warnings.warn(
[36m(WorkerDict pid=2950670)[0m /workspace/cann-recipes-train/llm_rl/qwen3_shrink_aware/megatron/core/transformer/transformer_config.py:1065: UserWarning: Using a large number of experts (e.g. >=32) without fp32 routing. Consider enabling moe_router_dtype for better numerical stability.
[36m(WorkerDict pid=2950670)[0m   warnings.warn(
[36m(WorkerDict pid=2950667)[0m /workspace/cann-recipes-train/llm_rl/qwen3_shrink_aware/megatron/core/transformer/transformer_config.py:1065: UserWarning: Using a large number of experts (e.g. >=32) without fp32 routing. Consider enabling moe_router_dtype for better numerical stability.
[36m(WorkerDict pid=2950667)[0m   warnings.warn(
[36m(WorkerDict pid=2950679)[0m /workspace/cann-recipes-train/llm_rl/qwen3_shrink_aware/megatron/core/transformer/transformer_config.py:1065: UserWarning: Using a large number of experts (e.g. >=32) without fp32 routing. Consider enabling moe_router_dtype for better numerical stability.
[36m(WorkerDict pid=2950679)[0m   warnings.warn(
[36m(WorkerDict pid=2950674)[0m /workspace/cann-recipes-train/llm_rl/qwen3_shrink_aware/megatron/core/transformer/transformer_config.py:1065: UserWarning: Using a large number of experts (e.g. >=32) without fp32 routing. Consider enabling moe_router_dtype for better numerical stability.
[36m(WorkerDict pid=2950674)[0m   warnings.warn(
[36m(WorkerDict pid=2950669)[0m /workspace/cann-recipes-train/llm_rl/qwen3_shrink_aware/megatron/core/transformer/transformer_config.py:1065: UserWarning: Using a large number of experts (e.g. >=32) without fp32 routing. Consider enabling moe_router_dtype for better numerical stability.
[36m(WorkerDict pid=2950669)[0m   warnings.warn(
[36m(WorkerDict pid=2950666)[0m /workspace/cann-recipes-train/llm_rl/qwen3_shrink_aware/megatron/core/transformer/transformer_config.py:1065: UserWarning: Using a large number of experts (e.g. >=32) without fp32 routing. Consider enabling moe_router_dtype for better numerical stability.
[36m(WorkerDict pid=2950666)[0m   warnings.warn(
[36m(WorkerDict pid=2950668)[0m /workspace/cann-recipes-train/llm_rl/qwen3_shrink_aware/megatron/core/transformer/transformer_config.py:1065: UserWarning: Using a large number of experts (e.g. >=32) without fp32 routing. Consider enabling moe_router_dtype for better numerical stability.
[36m(WorkerDict pid=2950668)[0m   warnings.warn(
[36m(WorkerDict pid=2950663)[0m /workspace/cann-recipes-train/llm_rl/qwen3_shrink_aware/megatron/core/transformer/transformer_config.py:1065: UserWarning: Using a large number of experts (e.g. >=32) without fp32 routing. Consider enabling moe_router_dtype for better numerical stability.
[36m(WorkerDict pid=2950663)[0m   warnings.warn(
[36m(TaskRunner pid=2949231)[0m Training Progress:   0%|          | 0/5 [00:00<?, ?it/s]
[36m(WorkerDict pid=2950677)[0m Adding requests:   0%|          | 0/32 [00:00<?, ?it/s]Adding requests: 100%|██████████| 32/32 [00:00<00:00, 8963.98it/s]
[36m(WorkerDict pid=2950677)[0m Processed prompts:   0%|          | 0/32 [00:00<?, ?it/s, est. speed input: 0.00 toks/s, output: 0.00 toks/s]
[36m(WorkerDict pid=2950679)[0m Adding requests:   0%|          | 0/32 [00:00<?, ?it/s]Adding requests: 100%|██████████| 32/32 [00:00<00:00, 8713.17it/s]
[36m(WorkerDict pid=2950679)[0m Processed prompts:   0%|          | 0/32 [00:00<?, ?it/s, est. speed input: 0.00 toks/s, output: 0.00 toks/s]
[36m(WorkerDict pid=2950673)[0m Adding requests:   0%|          | 0/32 [00:00<?, ?it/s]Adding requests: 100%|██████████| 32/32 [00:00<00:00, 9159.74it/s]
[36m(WorkerDict pid=2950673)[0m Processed prompts:   0%|          | 0/32 [00:00<?, ?it/s, est. speed input: 0.00 toks/s, output: 0.00 toks/s]
[36m(WorkerDict pid=2950672)[0m Adding requests:   0%|          | 0/32 [00:00<?, ?it/s]Adding requests: 100%|██████████| 32/32 [00:00<00:00, 9591.78it/s]
[36m(WorkerDict pid=2950672)[0m Processed prompts:   0%|          | 0/32 [00:00<?, ?it/s, est. speed input: 0.00 toks/s, output: 0.00 toks/s]
[36m(WorkerDict pid=2950678)[0m Adding requests:   0%|          | 0/32 [00:00<?, ?it/s]Adding requests: 100%|██████████| 32/32 [00:00<00:00, 8926.43it/s]
[36m(WorkerDict pid=2950678)[0m Processed prompts:   0%|          | 0/32 [00:00<?, ?it/s, est. speed input: 0.00 toks/s, output: 0.00 toks/s]
[36m(WorkerDict pid=2950667)[0m Adding requests:   0%|          | 0/32 [00:00<?, ?it/s]Adding requests: 100%|██████████| 32/32 [00:00<00:00, 9328.45it/s]
[36m(WorkerDict pid=2950667)[0m Processed prompts:   0%|          | 0/32 [00:00<?, ?it/s, est. speed input: 0.00 toks/s, output: 0.00 toks/s]
[36m(WorkerDict pid=2950676)[0m Adding requests:   0%|          | 0/32 [00:00<?, ?it/s]Adding requests: 100%|██████████| 32/32 [00:00<00:00, 9336.24it/s]
[36m(WorkerDict pid=2950676)[0m Processed prompts:   0%|          | 0/32 [00:00<?, ?it/s, est. speed input: 0.00 toks/s, output: 0.00 toks/s]
[36m(WorkerDict pid=2950680)[0m Adding requests:   0%|          | 0/32 [00:00<?, ?it/s]Adding requests: 100%|██████████| 32/32 [00:00<00:00, 9100.74it/s]
[36m(WorkerDict pid=2950680)[0m Processed prompts:   0%|          | 0/32 [00:00<?, ?it/s, est. speed input: 0.00 toks/s, output: 0.00 toks/s]
[36m(WorkerDict pid=2950674)[0m Adding requests:   0%|          | 0/32 [00:00<?, ?it/s]Adding requests: 100%|██████████| 32/32 [00:00<00:00, 9737.21it/s]
[36m(WorkerDict pid=2950674)[0m Processed prompts:   0%|          | 0/32 [00:00<?, ?it/s, est. speed input: 0.00 toks/s, output: 0.00 toks/s]
[36m(WorkerDict pid=2950671)[0m Adding requests:   0%|          | 0/32 [00:00<?, ?it/s]Adding requests: 100%|██████████| 32/32 [00:00<00:00, 9537.25it/s]
[36m(WorkerDict pid=2950671)[0m Processed prompts:   0%|          | 0/32 [00:00<?, ?it/s, est. speed input: 0.00 toks/s, output: 0.00 toks/s]
[36m(WorkerDict pid=2950670)[0m Adding requests:   0%|          | 0/32 [00:00<?, ?it/s]Adding requests: 100%|██████████| 32/32 [00:00<00:00, 9540.64it/s]
[36m(WorkerDict pid=2950670)[0m Processed prompts:   0%|          | 0/32 [00:00<?, ?it/s, est. speed input: 0.00 toks/s, output: 0.00 toks/s]
[36m(WorkerDict pid=2950669)[0m Adding requests:   0%|          | 0/32 [00:00<?, ?it/s]Adding requests: 100%|██████████| 32/32 [00:00<00:00, 9141.03it/s]
[36m(WorkerDict pid=2950669)[0m Processed prompts:   0%|          | 0/32 [00:00<?, ?it/s, est. speed input: 0.00 toks/s, output: 0.00 toks/s]
[36m(WorkerDict pid=2950675)[0m Adding requests:   0%|          | 0/32 [00:00<?, ?it/s]
[36m(WorkerDict pid=2950675)[0m Adding requests: 100%|██████████| 32/32 [00:00<00:00, 9671.96it/s]
[36m(WorkerDict pid=2950675)[0m Processed prompts:   0%|          | 0/32 [00:00<?, ?it/s, est. speed input: 0.00 toks/s, output: 0.00 toks/s]
[36m(WorkerDict pid=2950663)[0m Adding requests:   0%|          | 0/32 [00:00<?, ?it/s]Adding requests: 100%|██████████| 32/32 [00:00<00:00, 9658.04it/s]
[36m(WorkerDict pid=2950663)[0m Processed prompts:   0%|          | 0/32 [00:00<?, ?it/s, est. speed input: 0.00 toks/s, output: 0.00 toks/s]
[36m(WorkerDict pid=2950668)[0m Adding requests:   0%|          | 0/32 [00:00<?, ?it/s]Adding requests: 100%|██████████| 32/32 [00:00<00:00, 9861.70it/s]
[36m(WorkerDict pid=2950668)[0m Processed prompts:   0%|          | 0/32 [00:00<?, ?it/s, est. speed input: 0.00 toks/s, output: 0.00 toks/s]
[36m(WorkerDict pid=2950666)[0m Adding requests:   0%|          | 0/32 [00:00<?, ?it/s]Adding requests: 100%|██████████| 32/32 [00:00<00:00, 10118.19it/s]
[36m(WorkerDict pid=2950666)[0m Processed prompts:   0%|          | 0/32 [00:00<?, ?it/s, est. speed input: 0.00 toks/s, output: 0.00 toks/s]
[36m(WorkerDict pid=2950669)[0m [rank5]:E0616 18:28:59.229000 2950669 site-packages/torch/_dynamo/metrics_context.py:105] [0/0] Unexpected exception logging compilation metrics
[36m(WorkerDict pid=2950669)[0m [rank5]:E0616 18:28:59.229000 2950669 site-packages/torch/_dynamo/metrics_context.py:105] [0/0] Traceback (most recent call last):
[36m(WorkerDict pid=2950669)[0m [rank5]:E0616 18:28:59.229000 2950669 site-packages/torch/_dynamo/metrics_context.py:105] [0/0]   File "/usr/local/python3.11.14/lib/python3.11/site-packages/torch/_dynamo/metrics_context.py", line 101, in __exit__
[36m(WorkerDict pid=2950669)[0m [rank5]:E0616 18:28:59.229000 2950669 site-packages/torch/_dynamo/metrics_context.py:105] [0/0]     self._on_exit(
[36m(WorkerDict pid=2950669)[0m [rank5]:E0616 18:28:59.229000 2950669 site-packages/torch/_dynamo/metrics_context.py:105] [0/0]   File "/usr/local/python3.11.14/lib/python3.11/site-packages/torch/_dynamo/utils.py", line 1632, in record_compilation_metrics
[36m(WorkerDict pid=2950669)[0m [rank5]:E0616 18:28:59.229000 2950669 site-packages/torch/_dynamo/metrics_context.py:105] [0/0]     "triton_version": triton.__version__ if has_triton() else "",
[36m(WorkerDict pid=2950669)[0m [rank5]:E0616 18:28:59.229000 2950669 site-packages/torch/_dynamo/metrics_context.py:105] [0/0]                                             ^^^^^^^^^^^^
[36m(WorkerDict pid=2950669)[0m [rank5]:E0616 18:28:59.229000 2950669 site-packages/torch/_dynamo/metrics_context.py:105] [0/0]   File "/usr/local/python3.11.14/lib/python3.11/site-packages/torch/utils/_triton.py", line 159, in has_triton
[36m(WorkerDict pid=2950669)[0m [rank5]:E0616 18:28:59.229000 2950669 site-packages/torch/_dynamo/metrics_context.py:105] [0/0]     return is_device_compatible_with_triton()
[36m(WorkerDict pid=2950669)[0m [rank5]:E0616 18:28:59.229000 2950669 site-packages/torch/_dynamo/metrics_context.py:105] [0/0]            ^^^^^^^^^^^^^^^^^^^^^^^^^^^^^^^^^^
[36m(WorkerDict pid=2950669)[0m [rank5]:E0616 18:28:59.229000 2950669 site-packages/torch/_dynamo/metrics_context.py:105] [0/0]   File "/usr/local/python3.11.14/lib/python3.11/site-packages/torch/utils/_triton.py", line 155, in is_device_compatible_with_triton
[36m(WorkerDict pid=2950669)[0m [rank5]:E0616 18:28:59.229000 2950669 site-packages/torch/_dynamo/metrics_context.py:105] [0/0]     if device_interface.is_available() and extra_check(device_interface):
[36m(WorkerDict pid=2950669)[0m [rank5]:E0616 18:28:59.229000 2950669 site-packages/torch/_dynamo/metrics_context.py:105] [0/0]                                            ^^^^^^^^^^^^^^^^^^^^^^^^^^^^^
[36m(WorkerDict pid=2950669)[0m [rank5]:E0616 18:28:59.229000 2950669 site-packages/torch/_dynamo/metrics_context.py:105] [0/0]   File "/usr/local/python3.11.14/lib/python3.11/site-packages/torch/utils/_triton.py", line 135, in cuda_extra_check
[36m(WorkerDict pid=2950669)[0m [rank5]:E0616 18:28:59.229000 2950669 site-packages/torch/_dynamo/metrics_context.py:105] [0/0]     return device_interface.Worker.get_device_properties().major >= 7
[36m(WorkerDict pid=2950669)[0m [rank5]:E0616 18:28:59.229000 2950669 site-packages/torch/_dynamo/metrics_context.py:105] [0/0]            ^^^^^^^^^^^^^^^^^^^^^^^^^^^^^^^^^^^^^^^^^^^^^^^^^^^^^^^^^^
[36m(WorkerDict pid=2950669)[0m [rank5]:E0616 18:28:59.229000 2950669 site-packages/torch/_dynamo/metrics_context.py:105] [0/0] TypeError: '>=' not supported between instances of 'NoneType' and 'int'
[36m(WorkerDict pid=2950673)[0m [rank2]:E0616 18:28:59.141000 2950673 site-packages/torch/_dynamo/metrics_context.py:105] [0/0] Unexpected exception logging compilation metrics
[36m(WorkerDict pid=2950673)[0m [rank2]:E0616 18:28:59.141000 2950673 site-packages/torch/_dynamo/metrics_context.py:105] [0/0] Traceback (most recent call last):
[36m(WorkerDict pid=2950673)[0m [rank2]:E0616 18:28:59.141000 2950673 site-packages/torch/_dynamo/metrics_context.py:105] [0/0]   File "/usr/local/python3.11.14/lib/python3.11/site-packages/torch/_dynamo/metrics_context.py", line 101, in __exit__
[36m(WorkerDict pid=2950673)[0m [rank2]:E0616 18:28:59.141000 2950673 site-packages/torch/_dynamo/metrics_context.py:105] [0/0]     self._on_exit(
[36m(WorkerDict pid=2950673)[0m [rank2]:E0616 18:28:59.141000 2950673 site-packages/torch/_dynamo/metrics_context.py:105] [0/0]   File "/usr/local/python3.11.14/lib/python3.11/site-packages/torch/_dynamo/utils.py", line 1632, in record_compilation_metrics
[36m(WorkerDict pid=2950673)[0m [rank2]:E0616 18:28:59.141000 2950673 site-packages/torch/_dynamo/metrics_context.py:105] [0/0]     "triton_version": triton.__version__ if has_triton() else "",
[36m(WorkerDict pid=2950673)[0m [rank2]:E0616 18:28:59.141000 2950673 site-packages/torch/_dynamo/metrics_context.py:105] [0/0]                                             ^^^^^^^^^^^^
[36m(WorkerDict pid=2950673)[0m [rank2]:E0616 18:28:59.141000 2950673 site-packages/torch/_dynamo/metrics_context.py:105] [0/0]   File "/usr/local/python3.11.14/lib/python3.11/site-packages/torch/utils/_triton.py", line 159, in has_triton
[36m(WorkerDict pid=2950673)[0m [rank2]:E0616 18:28:59.141000 2950673 site-packages/torch/_dynamo/metrics_context.py:105] [0/0]     return is_device_compatible_with_triton()
[36m(WorkerDict pid=2950673)[0m [rank2]:E0616 18:28:59.141000 2950673 site-packages/torch/_dynamo/metrics_context.py:105] [0/0]            ^^^^^^^^^^^^^^^^^^^^^^^^^^^^^^^^^^
[36m(WorkerDict pid=2950673)[0m [rank2]:E0616 18:28:59.141000 2950673 site-packages/torch/_dynamo/metrics_context.py:105] [0/0]   File "/usr/local/python3.11.14/lib/python3.11/site-packages/torch/utils/_triton.py", line 155, in is_device_compatible_with_triton
[36m(WorkerDict pid=2950673)[0m [rank2]:E0616 18:28:59.141000 2950673 site-packages/torch/_dynamo/metrics_context.py:105] [0/0]     if device_interface.is_available() and extra_check(device_interface):
[36m(WorkerDict pid=2950673)[0m [rank2]:E0616 18:28:59.141000 2950673 site-packages/torch/_dynamo/metrics_context.py:105] [0/0]                                            ^^^^^^^^^^^^^^^^^^^^^^^^^^^^^
[36m(WorkerDict pid=2950673)[0m [rank2]:E0616 18:28:59.141000 2950673 site-packages/torch/_dynamo/metrics_context.py:105] [0/0]   File "/usr/local/python3.11.14/lib/python3.11/site-packages/torch/utils/_triton.py", line 135, in cuda_extra_check
[36m(WorkerDict pid=2950673)[0m [rank2]:E0616 18:28:59.141000 2950673 site-packages/torch/_dynamo/metrics_context.py:105] [0/0]     return device_interface.Worker.get_device_properties().major >= 7
[36m(WorkerDict pid=2950673)[0m [rank2]:E0616 18:28:59.141000 2950673 site-packages/torch/_dynamo/metrics_context.py:105] [0/0]            ^^^^^^^^^^^^^^^^^^^^^^^^^^^^^^^^^^^^^^^^^^^^^^^^^^^^^^^^^^
[36m(WorkerDict pid=2950673)[0m [rank2]:E0616 18:28:59.141000 2950673 site-packages/torch/_dynamo/metrics_context.py:105] [0/0] TypeError: '>=' not supported between instances of 'NoneType' and 'int'
[36m(WorkerDict pid=2950672)[0m [rank8]:E0616 18:28:59.232000 2950672 site-packages/torch/_dynamo/metrics_context.py:105] [0/0] Unexpected exception logging compilation metrics
[36m(WorkerDict pid=2950672)[0m [rank8]:E0616 18:28:59.232000 2950672 site-packages/torch/_dynamo/metrics_context.py:105] [0/0] Traceback (most recent call last):
[36m(WorkerDict pid=2950672)[0m [rank8]:E0616 18:28:59.232000 2950672 site-packages/torch/_dynamo/metrics_context.py:105] [0/0]   File "/usr/local/python3.11.14/lib/python3.11/site-packages/torch/_dynamo/metrics_context.py", line 101, in __exit__
[36m(WorkerDict pid=2950672)[0m [rank8]:E0616 18:28:59.232000 2950672 site-packages/torch/_dynamo/metrics_context.py:105] [0/0]     self._on_exit(
[36m(WorkerDict pid=2950672)[0m [rank8]:E0616 18:28:59.232000 2950672 site-packages/torch/_dynamo/metrics_context.py:105] [0/0]   File "/usr/local/python3.11.14/lib/python3.11/site-packages/torch/_dynamo/utils.py", line 1632, in record_compilation_metrics
[36m(WorkerDict pid=2950672)[0m [rank8]:E0616 18:28:59.232000 2950672 site-packages/torch/_dynamo/metrics_context.py:105] [0/0]     "triton_version": triton.__version__ if has_triton() else "",
[36m(WorkerDict pid=2950672)[0m [rank8]:E0616 18:28:59.232000 2950672 site-packages/torch/_dynamo/metrics_context.py:105] [0/0]                                             ^^^^^^^^^^^^
[36m(WorkerDict pid=2950672)[0m [rank8]:E0616 18:28:59.232000 2950672 site-packages/torch/_dynamo/metrics_context.py:105] [0/0]   File "/usr/local/python3.11.14/lib/python3.11/site-packages/torch/utils/_triton.py", line 159, in has_triton
[36m(WorkerDict pid=2950672)[0m [rank8]:E0616 18:28:59.232000 2950672 site-packages/torch/_dynamo/metrics_context.py:105] [0/0]     return is_device_compatible_with_triton()
[36m(WorkerDict pid=2950672)[0m [rank8]:E0616 18:28:59.232000 2950672 site-packages/torch/_dynamo/metrics_context.py:105] [0/0]            ^^^^^^^^^^^^^^^^^^^^^^^^^^^^^^^^^^
[36m(WorkerDict pid=2950672)[0m [rank8]:E0616 18:28:59.232000 2950672 site-packages/torch/_dynamo/metrics_context.py:105] [0/0]   File "/usr/local/python3.11.14/lib/python3.11/site-packages/torch/utils/_triton.py", line 155, in is_device_compatible_with_triton
[36m(WorkerDict pid=2950672)[0m [rank8]:E0616 18:28:59.232000 2950672 site-packages/torch/_dynamo/metrics_context.py:105] [0/0]     if device_interface.is_available() and extra_check(device_interface):
[36m(WorkerDict pid=2950672)[0m [rank8]:E0616 18:28:59.232000 2950672 site-packages/torch/_dynamo/metrics_context.py:105] [0/0]                                            ^^^^^^^^^^^^^^^^^^^^^^^^^^^^^
[36m(WorkerDict pid=2950672)[0m [rank8]:E0616 18:28:59.232000 2950672 site-packages/torch/_dynamo/metrics_context.py:105] [0/0]   File "/usr/local/python3.11.14/lib/python3.11/site-packages/torch/utils/_triton.py", line 135, in cuda_extra_check
[36m(WorkerDict pid=2950672)[0m [rank8]:E0616 18:28:59.232000 2950672 site-packages/torch/_dynamo/metrics_context.py:105] [0/0]     return device_interface.Worker.get_device_properties().major >= 7
[36m(WorkerDict pid=2950672)[0m [rank8]:E0616 18:28:59.232000 2950672 site-packages/torch/_dynamo/metrics_context.py:105] [0/0]            ^^^^^^^^^^^^^^^^^^^^^^^^^^^^^^^^^^^^^^^^^^^^^^^^^^^^^^^^^^
[36m(WorkerDict pid=2950672)[0m [rank8]:E0616 18:28:59.232000 2950672 site-packages/torch/_dynamo/metrics_context.py:105] [0/0] TypeError: '>=' not supported between instances of 'NoneType' and 'int'
[36m(WorkerDict pid=2950666)[0m [rank1]:E0616 18:28:59.252000 2950666 site-packages/torch/_dynamo/metrics_context.py:105] [0/0] Unexpected exception logging compilation metrics
[36m(WorkerDict pid=2950666)[0m [rank1]:E0616 18:28:59.252000 2950666 site-packages/torch/_dynamo/metrics_context.py:105] [0/0] Traceback (most recent call last):
[36m(WorkerDict pid=2950666)[0m [rank1]:E0616 18:28:59.252000 2950666 site-packages/torch/_dynamo/metrics_context.py:105] [0/0]   File "/usr/local/python3.11.14/lib/python3.11/site-packages/torch/_dynamo/metrics_context.py", line 101, in __exit__
[36m(WorkerDict pid=2950666)[0m [rank1]:E0616 18:28:59.252000 2950666 site-packages/torch/_dynamo/metrics_context.py:105] [0/0]     self._on_exit(
[36m(WorkerDict pid=2950666)[0m [rank1]:E0616 18:28:59.252000 2950666 site-packages/torch/_dynamo/metrics_context.py:105] [0/0]   File "/usr/local/python3.11.14/lib/python3.11/site-packages/torch/_dynamo/utils.py", line 1632, in record_compilation_metrics
[36m(WorkerDict pid=2950666)[0m [rank1]:E0616 18:28:59.252000 2950666 site-packages/torch/_dynamo/metrics_context.py:105] [0/0]     "triton_version": triton.__version__ if has_triton() else "",
[36m(WorkerDict pid=2950666)[0m [rank1]:E0616 18:28:59.252000 2950666 site-packages/torch/_dynamo/metrics_context.py:105] [0/0]                                             ^^^^^^^^^^^^
[36m(WorkerDict pid=2950666)[0m [rank1]:E0616 18:28:59.252000 2950666 site-packages/torch/_dynamo/metrics_context.py:105] [0/0]   File "/usr/local/python3.11.14/lib/python3.11/site-packages/torch/utils/_triton.py", line 159, in has_triton
[36m(WorkerDict pid=2950666)[0m [rank1]:E0616 18:28:59.252000 2950666 site-packages/torch/_dynamo/metrics_context.py:105] [0/0]     return is_device_compatible_with_triton()
[36m(WorkerDict pid=2950666)[0m [rank1]:E0616 18:28:59.252000 2950666 site-packages/torch/_dynamo/metrics_context.py:105] [0/0]            ^^^^^^^^^^^^^^^^^^^^^^^^^^^^^^^^^^
[36m(WorkerDict pid=2950666)[0m [rank1]:E0616 18:28:59.252000 2950666 site-packages/torch/_dynamo/metrics_context.py:105] [0/0]   File "/usr/local/python3.11.14/lib/python3.11/site-packages/torch/utils/_triton.py", line 155, in is_device_compatible_with_triton
[36m(WorkerDict pid=2950666)[0m [rank1]:E0616 18:28:59.252000 2950666 site-packages/torch/_dynamo/metrics_context.py:105] [0/0]     if device_interface.is_available() and extra_check(device_interface):
[36m(WorkerDict pid=2950666)[0m [rank1]:E0616 18:28:59.252000 2950666 site-packages/torch/_dynamo/metrics_context.py:105] [0/0]                                            ^^^^^^^^^^^^^^^^^^^^^^^^^^^^^
[36m(WorkerDict pid=2950666)[0m [rank1]:E0616 18:28:59.252000 2950666 site-packages/torch/_dynamo/metrics_context.py:105] [0/0]   File "/usr/local/python3.11.14/lib/python3.11/site-packages/torch/utils/_triton.py", line 135, in cuda_extra_check
[36m(WorkerDict pid=2950666)[0m [rank1]:E0616 18:28:59.252000 2950666 site-packages/torch/_dynamo/metrics_context.py:105] [0/0]     return device_interface.Worker.get_device_properties().major >= 7
[36m(WorkerDict pid=2950666)[0m [rank1]:E0616 18:28:59.252000 2950666 site-packages/torch/_dynamo/metrics_context.py:105] [0/0]            ^^^^^^^^^^^^^^^^^^^^^^^^^^^^^^^^^^^^^^^^^^^^^^^^^^^^^^^^^^
[36m(WorkerDict pid=2950666)[0m [rank1]:E0616 18:28:59.252000 2950666 site-packages/torch/_dynamo/metrics_context.py:105] [0/0] TypeError: '>=' not supported between instances of 'NoneType' and 'int'
[36m(WorkerDict pid=2950667)[0m [rank3]:E0616 18:28:59.293000 2950667 site-packages/torch/_dynamo/metrics_context.py:105] [0/0] Unexpected exception logging compilation metrics
[36m(WorkerDict pid=2950667)[0m [rank3]:E0616 18:28:59.293000 2950667 site-packages/torch/_dynamo/metrics_context.py:105] [0/0] Traceback (most recent call last):
[36m(WorkerDict pid=2950667)[0m [rank3]:E0616 18:28:59.293000 2950667 site-packages/torch/_dynamo/metrics_context.py:105] [0/0]   File "/usr/local/python3.11.14/lib/python3.11/site-packages/torch/_dynamo/metrics_context.py", line 101, in __exit__
[36m(WorkerDict pid=2950667)[0m [rank3]:E0616 18:28:59.293000 2950667 site-packages/torch/_dynamo/metrics_context.py:105] [0/0]     self._on_exit(
[36m(WorkerDict pid=2950667)[0m [rank3]:E0616 18:28:59.293000 2950667 site-packages/torch/_dynamo/metrics_context.py:105] [0/0]   File "/usr/local/python3.11.14/lib/python3.11/site-packages/torch/_dynamo/utils.py", line 1632, in record_compilation_metrics
[36m(WorkerDict pid=2950667)[0m [rank3]:E0616 18:28:59.293000 2950667 site-packages/torch/_dynamo/metrics_context.py:105] [0/0]     "triton_version": triton.__version__ if has_triton() else "",
[36m(WorkerDict pid=2950667)[0m [rank3]:E0616 18:28:59.293000 2950667 site-packages/torch/_dynamo/metrics_context.py:105] [0/0]                                             ^^^^^^^^^^^^
[36m(WorkerDict pid=2950667)[0m [rank3]:E0616 18:28:59.293000 2950667 site-packages/torch/_dynamo/metrics_context.py:105] [0/0]   File "/usr/local/python3.11.14/lib/python3.11/site-packages/torch/utils/_triton.py", line 159, in has_triton
[36m(WorkerDict pid=2950667)[0m [rank3]:E0616 18:28:59.293000 2950667 site-packages/torch/_dynamo/metrics_context.py:105] [0/0]     return is_device_compatible_with_triton()
[36m(WorkerDict pid=2950667)[0m [rank3]:E0616 18:28:59.293000 2950667 site-packages/torch/_dynamo/metrics_context.py:105] [0/0]            ^^^^^^^^^^^^^^^^^^^^^^^^^^^^^^^^^^
[36m(WorkerDict pid=2950667)[0m [rank3]:E0616 18:28:59.293000 2950667 site-packages/torch/_dynamo/metrics_context.py:105] [0/0]   File "/usr/local/python3.11.14/lib/python3.11/site-packages/torch/utils/_triton.py", line 155, in is_device_compatible_with_triton
[36m(WorkerDict pid=2950667)[0m [rank3]:E0616 18:28:59.293000 2950667 site-packages/torch/_dynamo/metrics_context.py:105] [0/0]     if device_interface.is_available() and extra_check(device_interface):
[36m(WorkerDict pid=2950667)[0m [rank3]:E0616 18:28:59.293000 2950667 site-packages/torch/_dynamo/metrics_context.py:105] [0/0]                                            ^^^^^^^^^^^^^^^^^^^^^^^^^^^^^
[36m(WorkerDict pid=2950667)[0m [rank3]:E0616 18:28:59.293000 2950667 site-packages/torch/_dynamo/metrics_context.py:105] [0/0]   File "/usr/local/python3.11.14/lib/python3.11/site-packages/torch/utils/_triton.py", line 135, in cuda_extra_check
[36m(WorkerDict pid=2950667)[0m [rank3]:E0616 18:28:59.293000 2950667 site-packages/torch/_dynamo/metrics_context.py:105] [0/0]     return device_interface.Worker.get_device_properties().major >= 7
[36m(WorkerDict pid=2950667)[0m [rank3]:E0616 18:28:59.293000 2950667 site-packages/torch/_dynamo/metrics_context.py:105] [0/0]            ^^^^^^^^^^^^^^^^^^^^^^^^^^^^^^^^^^^^^^^^^^^^^^^^^^^^^^^^^^
[36m(WorkerDict pid=2950667)[0m [rank3]:E0616 18:28:59.293000 2950667 site-packages/torch/_dynamo/metrics_context.py:105] [0/0] TypeError: '>=' not supported between instances of 'NoneType' and 'int'
[36m(WorkerDict pid=2950663)[0m [rank0]:E0616 18:28:59.301000 2950663 site-packages/torch/_dynamo/metrics_context.py:105] [0/0] Unexpected exception logging compilation metrics
[36m(WorkerDict pid=2950663)[0m [rank0]:E0616 18:28:59.301000 2950663 site-packages/torch/_dynamo/metrics_context.py:105] [0/0] Traceback (most recent call last):
[36m(WorkerDict pid=2950663)[0m [rank0]:E0616 18:28:59.301000 2950663 site-packages/torch/_dynamo/metrics_context.py:105] [0/0]   File "/usr/local/python3.11.14/lib/python3.11/site-packages/torch/_dynamo/metrics_context.py", line 101, in __exit__
[36m(WorkerDict pid=2950663)[0m [rank0]:E0616 18:28:59.301000 2950663 site-packages/torch/_dynamo/metrics_context.py:105] [0/0]     self._on_exit(
[36m(WorkerDict pid=2950663)[0m [rank0]:E0616 18:28:59.301000 2950663 site-packages/torch/_dynamo/metrics_context.py:105] [0/0]   File "/usr/local/python3.11.14/lib/python3.11/site-packages/torch/_dynamo/utils.py", line 1632, in record_compilation_metrics
[36m(WorkerDict pid=2950663)[0m [rank0]:E0616 18:28:59.301000 2950663 site-packages/torch/_dynamo/metrics_context.py:105] [0/0]     "triton_version": triton.__version__ if has_triton() else "",
[36m(WorkerDict pid=2950663)[0m [rank0]:E0616 18:28:59.301000 2950663 site-packages/torch/_dynamo/metrics_context.py:105] [0/0]                                             ^^^^^^^^^^^^
[36m(WorkerDict pid=2950663)[0m [rank0]:E0616 18:28:59.301000 2950663 site-packages/torch/_dynamo/metrics_context.py:105] [0/0]   File "/usr/local/python3.11.14/lib/python3.11/site-packages/torch/utils/_triton.py", line 159, in has_triton
[36m(WorkerDict pid=2950663)[0m [rank0]:E0616 18:28:59.301000 2950663 site-packages/torch/_dynamo/metrics_context.py:105] [0/0]     return is_device_compatible_with_triton()
[36m(WorkerDict pid=2950663)[0m [rank0]:E0616 18:28:59.301000 2950663 site-packages/torch/_dynamo/metrics_context.py:105] [0/0]            ^^^^^^^^^^^^^^^^^^^^^^^^^^^^^^^^^^
[36m(WorkerDict pid=2950663)[0m [rank0]:E0616 18:28:59.301000 2950663 site-packages/torch/_dynamo/metrics_context.py:105] [0/0]   File "/usr/local/python3.11.14/lib/python3.11/site-packages/torch/utils/_triton.py", line 155, in is_device_compatible_with_triton
[36m(WorkerDict pid=2950663)[0m [rank0]:E0616 18:28:59.301000 2950663 site-packages/torch/_dynamo/metrics_context.py:105] [0/0]     if device_interface.is_available() and extra_check(device_interface):
[36m(WorkerDict pid=2950663)[0m [rank0]:E0616 18:28:59.301000 2950663 site-packages/torch/_dynamo/metrics_context.py:105] [0/0]                                            ^^^^^^^^^^^^^^^^^^^^^^^^^^^^^
[36m(WorkerDict pid=2950663)[0m [rank0]:E0616 18:28:59.301000 2950663 site-packages/torch/_dynamo/metrics_context.py:105] [0/0]   File "/usr/local/python3.11.14/lib/python3.11/site-packages/torch/utils/_triton.py", line 135, in cuda_extra_check
[36m(WorkerDict pid=2950663)[0m [rank0]:E0616 18:28:59.301000 2950663 site-packages/torch/_dynamo/metrics_context.py:105] [0/0]     return device_interface.Worker.get_device_properties().major >= 7
[36m(WorkerDict pid=2950663)[0m [rank0]:E0616 18:28:59.301000 2950663 site-packages/torch/_dynamo/metrics_context.py:105] [0/0]            ^^^^^^^^^^^^^^^^^^^^^^^^^^^^^^^^^^^^^^^^^^^^^^^^^^^^^^^^^^
[36m(WorkerDict pid=2950663)[0m [rank0]:E0616 18:28:59.301000 2950663 site-packages/torch/_dynamo/metrics_context.py:105] [0/0] TypeError: '>=' not supported between instances of 'NoneType' and 'int'
[36m(WorkerDict pid=2950668)[0m [rank4]:E0616 18:28:59.267000 2950668 site-packages/torch/_dynamo/metrics_context.py:105] [0/0] Unexpected exception logging compilation metrics
[36m(WorkerDict pid=2950668)[0m [rank4]:E0616 18:28:59.267000 2950668 site-packages/torch/_dynamo/metrics_context.py:105] [0/0] Traceback (most recent call last):
[36m(WorkerDict pid=2950668)[0m [rank4]:E0616 18:28:59.267000 2950668 site-packages/torch/_dynamo/metrics_context.py:105] [0/0]   File "/usr/local/python3.11.14/lib/python3.11/site-packages/torch/_dynamo/metrics_context.py", line 101, in __exit__
[36m(WorkerDict pid=2950668)[0m [rank4]:E0616 18:28:59.267000 2950668 site-packages/torch/_dynamo/metrics_context.py:105] [0/0]     self._on_exit(
[36m(WorkerDict pid=2950668)[0m [rank4]:E0616 18:28:59.267000 2950668 site-packages/torch/_dynamo/metrics_context.py:105] [0/0]   File "/usr/local/python3.11.14/lib/python3.11/site-packages/torch/_dynamo/utils.py", line 1632, in record_compilation_metrics
[36m(WorkerDict pid=2950668)[0m [rank4]:E0616 18:28:59.267000 2950668 site-packages/torch/_dynamo/metrics_context.py:105] [0/0]     "triton_version": triton.__version__ if has_triton() else "",
[36m(WorkerDict pid=2950668)[0m [rank4]:E0616 18:28:59.267000 2950668 site-packages/torch/_dynamo/metrics_context.py:105] [0/0]                                             ^^^^^^^^^^^^
[36m(WorkerDict pid=2950668)[0m [rank4]:E0616 18:28:59.267000 2950668 site-packages/torch/_dynamo/metrics_context.py:105] [0/0]   File "/usr/local/python3.11.14/lib/python3.11/site-packages/torch/utils/_triton.py", line 159, in has_triton
[36m(WorkerDict pid=2950668)[0m [rank4]:E0616 18:28:59.267000 2950668 site-packages/torch/_dynamo/metrics_context.py:105] [0/0]     return is_device_compatible_with_triton()
[36m(WorkerDict pid=2950668)[0m [rank4]:E0616 18:28:59.267000 2950668 site-packages/torch/_dynamo/metrics_context.py:105] [0/0]            ^^^^^^^^^^^^^^^^^^^^^^^^^^^^^^^^^^
[36m(WorkerDict pid=2950668)[0m [rank4]:E0616 18:28:59.267000 2950668 site-packages/torch/_dynamo/metrics_context.py:105] [0/0]   File "/usr/local/python3.11.14/lib/python3.11/site-packages/torch/utils/_triton.py", line 155, in is_device_compatible_with_triton
[36m(WorkerDict pid=2950668)[0m [rank4]:E0616 18:28:59.267000 2950668 site-packages/torch/_dynamo/metrics_context.py:105] [0/0]     if device_interface.is_available() and extra_check(device_interface):
[36m(WorkerDict pid=2950668)[0m [rank4]:E0616 18:28:59.267000 2950668 site-packages/torch/_dynamo/metrics_context.py:105] [0/0]                                            ^^^^^^^^^^^^^^^^^^^^^^^^^^^^^
[36m(WorkerDict pid=2950668)[0m [rank4]:E0616 18:28:59.267000 2950668 site-packages/torch/_dynamo/metrics_context.py:105] [0/0]   File "/usr/local/python3.11.14/lib/python3.11/site-packages/torch/utils/_triton.py", line 135, in cuda_extra_check
[36m(WorkerDict pid=2950668)[0m [rank4]:E0616 18:28:59.267000 2950668 site-packages/torch/_dynamo/metrics_context.py:105] [0/0]     return device_interface.Worker.get_device_properties().major >= 7
[36m(WorkerDict pid=2950668)[0m [rank4]:E0616 18:28:59.267000 2950668 site-packages/torch/_dynamo/metrics_context.py:105] [0/0]            ^^^^^^^^^^^^^^^^^^^^^^^^^^^^^^^^^^^^^^^^^^^^^^^^^^^^^^^^^^
[36m(WorkerDict pid=2950668)[0m [rank4]:E0616 18:28:59.267000 2950668 site-packages/torch/_dynamo/metrics_context.py:105] [0/0] TypeError: '>=' not supported between instances of 'NoneType' and 'int'
[36m(WorkerDict pid=2950671)[0m [rank7]:E0616 18:28:59.260000 2950671 site-packages/torch/_dynamo/metrics_context.py:105] [0/0] Unexpected exception logging compilation metrics
[36m(WorkerDict pid=2950671)[0m [rank7]:E0616 18:28:59.260000 2950671 site-packages/torch/_dynamo/metrics_context.py:105] [0/0] Traceback (most recent call last):
[36m(WorkerDict pid=2950671)[0m [rank7]:E0616 18:28:59.260000 2950671 site-packages/torch/_dynamo/metrics_context.py:105] [0/0]   File "/usr/local/python3.11.14/lib/python3.11/site-packages/torch/_dynamo/metrics_context.py", line 101, in __exit__
[36m(WorkerDict pid=2950671)[0m [rank7]:E0616 18:28:59.260000 2950671 site-packages/torch/_dynamo/metrics_context.py:105] [0/0]     self._on_exit(
[36m(WorkerDict pid=2950671)[0m [rank7]:E0616 18:28:59.260000 2950671 site-packages/torch/_dynamo/metrics_context.py:105] [0/0]   File "/usr/local/python3.11.14/lib/python3.11/site-packages/torch/_dynamo/utils.py", line 1632, in record_compilation_metrics
[36m(WorkerDict pid=2950671)[0m [rank7]:E0616 18:28:59.260000 2950671 site-packages/torch/_dynamo/metrics_context.py:105] [0/0]     "triton_version": triton.__version__ if has_triton() else "",
[36m(WorkerDict pid=2950671)[0m [rank7]:E0616 18:28:59.260000 2950671 site-packages/torch/_dynamo/metrics_context.py:105] [0/0]                                             ^^^^^^^^^^^^
[36m(WorkerDict pid=2950671)[0m [rank7]:E0616 18:28:59.260000 2950671 site-packages/torch/_dynamo/metrics_context.py:105] [0/0]   File "/usr/local/python3.11.14/lib/python3.11/site-packages/torch/utils/_triton.py", line 159, in has_triton
[36m(WorkerDict pid=2950671)[0m [rank7]:E0616 18:28:59.260000 2950671 site-packages/torch/_dynamo/metrics_context.py:105] [0/0]     return is_device_compatible_with_triton()
[36m(WorkerDict pid=2950671)[0m [rank7]:E0616 18:28:59.260000 2950671 site-packages/torch/_dynamo/metrics_context.py:105] [0/0]            ^^^^^^^^^^^^^^^^^^^^^^^^^^^^^^^^^^
[36m(WorkerDict pid=2950671)[0m [rank7]:E0616 18:28:59.260000 2950671 site-packages/torch/_dynamo/metrics_context.py:105] [0/0]   File "/usr/local/python3.11.14/lib/python3.11/site-packages/torch/utils/_triton.py", line 155, in is_device_compatible_with_triton
[36m(WorkerDict pid=2950671)[0m [rank7]:E0616 18:28:59.260000 2950671 site-packages/torch/_dynamo/metrics_context.py:105] [0/0]     if device_interface.is_available() and extra_check(device_interface):
[36m(WorkerDict pid=2950671)[0m [rank7]:E0616 18:28:59.260000 2950671 site-packages/torch/_dynamo/metrics_context.py:105] [0/0]                                            ^^^^^^^^^^^^^^^^^^^^^^^^^^^^^
[36m(WorkerDict pid=2950671)[0m [rank7]:E0616 18:28:59.260000 2950671 site-packages/torch/_dynamo/metrics_context.py:105] [0/0]   File "/usr/local/python3.11.14/lib/python3.11/site-packages/torch/utils/_triton.py", line 135, in cuda_extra_check
[36m(WorkerDict pid=2950671)[0m [rank7]:E0616 18:28:59.260000 2950671 site-packages/torch/_dynamo/metrics_context.py:105] [0/0]     return device_interface.Worker.get_device_properties().major >= 7
[36m(WorkerDict pid=2950671)[0m [rank7]:E0616 18:28:59.260000 2950671 site-packages/torch/_dynamo/metrics_context.py:105] [0/0]            ^^^^^^^^^^^^^^^^^^^^^^^^^^^^^^^^^^^^^^^^^^^^^^^^^^^^^^^^^^
[36m(WorkerDict pid=2950671)[0m [rank7]:E0616 18:28:59.260000 2950671 site-packages/torch/_dynamo/metrics_context.py:105] [0/0] TypeError: '>=' not supported between instances of 'NoneType' and 'int'
[36m(WorkerDict pid=2950670)[0m [rank6]:E0616 18:28:59.297000 2950670 site-packages/torch/_dynamo/metrics_context.py:105] [0/0] Unexpected exception logging compilation metrics
[36m(WorkerDict pid=2950670)[0m [rank6]:E0616 18:28:59.297000 2950670 site-packages/torch/_dynamo/metrics_context.py:105] [0/0] Traceback (most recent call last):
[36m(WorkerDict pid=2950670)[0m [rank6]:E0616 18:28:59.297000 2950670 site-packages/torch/_dynamo/metrics_context.py:105] [0/0]   File "/usr/local/python3.11.14/lib/python3.11/site-packages/torch/_dynamo/metrics_context.py", line 101, in __exit__
[36m(WorkerDict pid=2950670)[0m [rank6]:E0616 18:28:59.297000 2950670 site-packages/torch/_dynamo/metrics_context.py:105] [0/0]     self._on_exit(
[36m(WorkerDict pid=2950670)[0m [rank6]:E0616 18:28:59.297000 2950670 site-packages/torch/_dynamo/metrics_context.py:105] [0/0]   File "/usr/local/python3.11.14/lib/python3.11/site-packages/torch/_dynamo/utils.py", line 1632, in record_compilation_metrics
[36m(WorkerDict pid=2950670)[0m [rank6]:E0616 18:28:59.297000 2950670 site-packages/torch/_dynamo/metrics_context.py:105] [0/0]     "triton_version": triton.__version__ if has_triton() else "",
[36m(WorkerDict pid=2950670)[0m [rank6]:E0616 18:28:59.297000 2950670 site-packages/torch/_dynamo/metrics_context.py:105] [0/0]                                             ^^^^^^^^^^^^
[36m(WorkerDict pid=2950670)[0m [rank6]:E0616 18:28:59.297000 2950670 site-packages/torch/_dynamo/metrics_context.py:105] [0/0]   File "/usr/local/python3.11.14/lib/python3.11/site-packages/torch/utils/_triton.py", line 159, in has_triton
[36m(WorkerDict pid=2950670)[0m [rank6]:E0616 18:28:59.297000 2950670 site-packages/torch/_dynamo/metrics_context.py:105] [0/0]     return is_device_compatible_with_triton()
[36m(WorkerDict pid=2950670)[0m [rank6]:E0616 18:28:59.297000 2950670 site-packages/torch/_dynamo/metrics_context.py:105] [0/0]            ^^^^^^^^^^^^^^^^^^^^^^^^^^^^^^^^^^
[36m(WorkerDict pid=2950670)[0m [rank6]:E0616 18:28:59.297000 2950670 site-packages/torch/_dynamo/metrics_context.py:105] [0/0]   File "/usr/local/python3.11.14/lib/python3.11/site-packages/torch/utils/_triton.py", line 155, in is_device_compatible_with_triton
[36m(WorkerDict pid=2950670)[0m [rank6]:E0616 18:28:59.297000 2950670 site-packages/torch/_dynamo/metrics_context.py:105] [0/0]     if device_interface.is_available() and extra_check(device_interface):
[36m(WorkerDict pid=2950670)[0m [rank6]:E0616 18:28:59.297000 2950670 site-packages/torch/_dynamo/metrics_context.py:105] [0/0]                                            ^^^^^^^^^^^^^^^^^^^^^^^^^^^^^
[36m(WorkerDict pid=2950670)[0m [rank6]:E0616 18:28:59.297000 2950670 site-packages/torch/_dynamo/metrics_context.py:105] [0/0]   File "/usr/local/python3.11.14/lib/python3.11/site-packages/torch/utils/_triton.py", line 135, in cuda_extra_check
[36m(WorkerDict pid=2950670)[0m [rank6]:E0616 18:28:59.297000 2950670 site-packages/torch/_dynamo/metrics_context.py:105] [0/0]     return device_interface.Worker.get_device_properties().major >= 7
[36m(WorkerDict pid=2950670)[0m [rank6]:E0616 18:28:59.297000 2950670 site-packages/torch/_dynamo/metrics_context.py:105] [0/0]            ^^^^^^^^^^^^^^^^^^^^^^^^^^^^^^^^^^^^^^^^^^^^^^^^^^^^^^^^^^
[36m(WorkerDict pid=2950670)[0m [rank6]:E0616 18:28:59.297000 2950670 site-packages/torch/_dynamo/metrics_context.py:105] [0/0] TypeError: '>=' not supported between instances of 'NoneType' and 'int'
[36m(WorkerDict pid=2950676)[0m [rank11]:E0616 18:28:59.279000 2950676 site-packages/torch/_dynamo/metrics_context.py:105] [0/0] Unexpected exception logging compilation metrics
[36m(WorkerDict pid=2950676)[0m [rank11]:E0616 18:28:59.279000 2950676 site-packages/torch/_dynamo/metrics_context.py:105] [0/0] Traceback (most recent call last):
[36m(WorkerDict pid=2950676)[0m [rank11]:E0616 18:28:59.279000 2950676 site-packages/torch/_dynamo/metrics_context.py:105] [0/0]   File "/usr/local/python3.11.14/lib/python3.11/site-packages/torch/_dynamo/metrics_context.py", line 101, in __exit__
[36m(WorkerDict pid=2950676)[0m [rank11]:E0616 18:28:59.279000 2950676 site-packages/torch/_dynamo/metrics_context.py:105] [0/0]     self._on_exit(
[36m(WorkerDict pid=2950676)[0m [rank11]:E0616 18:28:59.279000 2950676 site-packages/torch/_dynamo/metrics_context.py:105] [0/0]   File "/usr/local/python3.11.14/lib/python3.11/site-packages/torch/_dynamo/utils.py", line 1632, in record_compilation_metrics
[36m(WorkerDict pid=2950676)[0m [rank11]:E0616 18:28:59.279000 2950676 site-packages/torch/_dynamo/metrics_context.py:105] [0/0]     "triton_version": triton.__version__ if has_triton() else "",
[36m(WorkerDict pid=2950676)[0m [rank11]:E0616 18:28:59.279000 2950676 site-packages/torch/_dynamo/metrics_context.py:105] [0/0]                                             ^^^^^^^^^^^^
[36m(WorkerDict pid=2950676)[0m [rank11]:E0616 18:28:59.279000 2950676 site-packages/torch/_dynamo/metrics_context.py:105] [0/0]   File "/usr/local/python3.11.14/lib/python3.11/site-packages/torch/utils/_triton.py", line 159, in has_triton
[36m(WorkerDict pid=2950676)[0m [rank11]:E0616 18:28:59.279000 2950676 site-packages/torch/_dynamo/metrics_context.py:105] [0/0]     return is_device_compatible_with_triton()
[36m(WorkerDict pid=2950676)[0m [rank11]:E0616 18:28:59.279000 2950676 site-packages/torch/_dynamo/metrics_context.py:105] [0/0]            ^^^^^^^^^^^^^^^^^^^^^^^^^^^^^^^^^^
[36m(WorkerDict pid=2950676)[0m [rank11]:E0616 18:28:59.279000 2950676 site-packages/torch/_dynamo/metrics_context.py:105] [0/0]   File "/usr/local/python3.11.14/lib/python3.11/site-packages/torch/utils/_triton.py", line 155, in is_device_compatible_with_triton
[36m(WorkerDict pid=2950676)[0m [rank11]:E0616 18:28:59.279000 2950676 site-packages/torch/_dynamo/metrics_context.py:105] [0/0]     if device_interface.is_available() and extra_check(device_interface):
[36m(WorkerDict pid=2950676)[0m [rank11]:E0616 18:28:59.279000 2950676 site-packages/torch/_dynamo/metrics_context.py:105] [0/0]                                            ^^^^^^^^^^^^^^^^^^^^^^^^^^^^^
[36m(WorkerDict pid=2950676)[0m [rank11]:E0616 18:28:59.279000 2950676 site-packages/torch/_dynamo/metrics_context.py:105] [0/0]   File "/usr/local/python3.11.14/lib/python3.11/site-packages/torch/utils/_triton.py", line 135, in cuda_extra_check
[36m(WorkerDict pid=2950676)[0m [rank11]:E0616 18:28:59.279000 2950676 site-packages/torch/_dynamo/metrics_context.py:105] [0/0]     return device_interface.Worker.get_device_properties().major >= 7
[36m(WorkerDict pid=2950676)[0m [rank11]:E0616 18:28:59.279000 2950676 site-packages/torch/_dynamo/metrics_context.py:105] [0/0]            ^^^^^^^^^^^^^^^^^^^^^^^^^^^^^^^^^^^^^^^^^^^^^^^^^^^^^^^^^^
[36m(WorkerDict pid=2950676)[0m [rank11]:E0616 18:28:59.279000 2950676 site-packages/torch/_dynamo/metrics_context.py:105] [0/0] TypeError: '>=' not supported between instances of 'NoneType' and 'int'
[36m(WorkerDict pid=2950674)[0m [rank9]:E0616 18:28:59.301000 2950674 site-packages/torch/_dynamo/metrics_context.py:105] [0/0] Unexpected exception logging compilation metrics
[36m(WorkerDict pid=2950674)[0m [rank9]:E0616 18:28:59.301000 2950674 site-packages/torch/_dynamo/metrics_context.py:105] [0/0] Traceback (most recent call last):
[36m(WorkerDict pid=2950674)[0m [rank9]:E0616 18:28:59.301000 2950674 site-packages/torch/_dynamo/metrics_context.py:105] [0/0]   File "/usr/local/python3.11.14/lib/python3.11/site-packages/torch/_dynamo/metrics_context.py", line 101, in __exit__
[36m(WorkerDict pid=2950674)[0m [rank9]:E0616 18:28:59.301000 2950674 site-packages/torch/_dynamo/metrics_context.py:105] [0/0]     self._on_exit(
[36m(WorkerDict pid=2950674)[0m [rank9]:E0616 18:28:59.301000 2950674 site-packages/torch/_dynamo/metrics_context.py:105] [0/0]   File "/usr/local/python3.11.14/lib/python3.11/site-packages/torch/_dynamo/utils.py", line 1632, in record_compilation_metrics
[36m(WorkerDict pid=2950674)[0m [rank9]:E0616 18:28:59.301000 2950674 site-packages/torch/_dynamo/metrics_context.py:105] [0/0]     "triton_version": triton.__version__ if has_triton() else "",
[36m(WorkerDict pid=2950674)[0m [rank9]:E0616 18:28:59.301000 2950674 site-packages/torch/_dynamo/metrics_context.py:105] [0/0]                                             ^^^^^^^^^^^^
[36m(WorkerDict pid=2950674)[0m [rank9]:E0616 18:28:59.301000 2950674 site-packages/torch/_dynamo/metrics_context.py:105] [0/0]   File "/usr/local/python3.11.14/lib/python3.11/site-packages/torch/utils/_triton.py", line 159, in has_triton
[36m(WorkerDict pid=2950674)[0m [rank9]:E0616 18:28:59.301000 2950674 site-packages/torch/_dynamo/metrics_context.py:105] [0/0]     return is_device_compatible_with_triton()
[36m(WorkerDict pid=2950674)[0m [rank9]:E0616 18:28:59.301000 2950674 site-packages/torch/_dynamo/metrics_context.py:105] [0/0]            ^^^^^^^^^^^^^^^^^^^^^^^^^^^^^^^^^^
[36m(WorkerDict pid=2950674)[0m [rank9]:E0616 18:28:59.301000 2950674 site-packages/torch/_dynamo/metrics_context.py:105] [0/0]   File "/usr/local/python3.11.14/lib/python3.11/site-packages/torch/utils/_triton.py", line 155, in is_device_compatible_with_triton
[36m(WorkerDict pid=2950674)[0m [rank9]:E0616 18:28:59.301000 2950674 site-packages/torch/_dynamo/metrics_context.py:105] [0/0]     if device_interface.is_available() and extra_check(device_interface):
[36m(WorkerDict pid=2950674)[0m [rank9]:E0616 18:28:59.301000 2950674 site-packages/torch/_dynamo/metrics_context.py:105] [0/0]                                            ^^^^^^^^^^^^^^^^^^^^^^^^^^^^^
[36m(WorkerDict pid=2950674)[0m [rank9]:E0616 18:28:59.301000 2950674 site-packages/torch/_dynamo/metrics_context.py:105] [0/0]   File "/usr/local/python3.11.14/lib/python3.11/site-packages/torch/utils/_triton.py", line 135, in cuda_extra_check
[36m(WorkerDict pid=2950674)[0m [rank9]:E0616 18:28:59.301000 2950674 site-packages/torch/_dynamo/metrics_context.py:105] [0/0]     return device_interface.Worker.get_device_properties().major >= 7
[36m(WorkerDict pid=2950674)[0m [rank9]:E0616 18:28:59.301000 2950674 site-packages/torch/_dynamo/metrics_context.py:105] [0/0]            ^^^^^^^^^^^^^^^^^^^^^^^^^^^^^^^^^^^^^^^^^^^^^^^^^^^^^^^^^^
[36m(WorkerDict pid=2950674)[0m [rank9]:E0616 18:28:59.301000 2950674 site-packages/torch/_dynamo/metrics_context.py:105] [0/0] TypeError: '>=' not supported between instances of 'NoneType' and 'int'
[36m(WorkerDict pid=2950675)[0m [rank10]:E0616 18:28:59.280000 2950675 site-packages/torch/_dynamo/metrics_context.py:105] [0/0] Unexpected exception logging compilation metrics
[36m(WorkerDict pid=2950675)[0m [rank10]:E0616 18:28:59.280000 2950675 site-packages/torch/_dynamo/metrics_context.py:105] [0/0] Traceback (most recent call last):
[36m(WorkerDict pid=2950675)[0m [rank10]:E0616 18:28:59.280000 2950675 site-packages/torch/_dynamo/metrics_context.py:105] [0/0]   File "/usr/local/python3.11.14/lib/python3.11/site-packages/torch/_dynamo/metrics_context.py", line 101, in __exit__
[36m(WorkerDict pid=2950675)[0m [rank10]:E0616 18:28:59.280000 2950675 site-packages/torch/_dynamo/metrics_context.py:105] [0/0]     self._on_exit(
[36m(WorkerDict pid=2950675)[0m [rank10]:E0616 18:28:59.280000 2950675 site-packages/torch/_dynamo/metrics_context.py:105] [0/0]   File "/usr/local/python3.11.14/lib/python3.11/site-packages/torch/_dynamo/utils.py", line 1632, in record_compilation_metrics
[36m(WorkerDict pid=2950675)[0m [rank10]:E0616 18:28:59.280000 2950675 site-packages/torch/_dynamo/metrics_context.py:105] [0/0]     "triton_version": triton.__version__ if has_triton() else "",
[36m(WorkerDict pid=2950675)[0m [rank10]:E0616 18:28:59.280000 2950675 site-packages/torch/_dynamo/metrics_context.py:105] [0/0]                                             ^^^^^^^^^^^^
[36m(WorkerDict pid=2950675)[0m [rank10]:E0616 18:28:59.280000 2950675 site-packages/torch/_dynamo/metrics_context.py:105] [0/0]   File "/usr/local/python3.11.14/lib/python3.11/site-packages/torch/utils/_triton.py", line 159, in has_triton
[36m(WorkerDict pid=2950675)[0m [rank10]:E0616 18:28:59.280000 2950675 site-packages/torch/_dynamo/metrics_context.py:105] [0/0]     return is_device_compatible_with_triton()
[36m(WorkerDict pid=2950675)[0m [rank10]:E0616 18:28:59.280000 2950675 site-packages/torch/_dynamo/metrics_context.py:105] [0/0]            ^^^^^^^^^^^^^^^^^^^^^^^^^^^^^^^^^^
[36m(WorkerDict pid=2950675)[0m [rank10]:E0616 18:28:59.280000 2950675 site-packages/torch/_dynamo/metrics_context.py:105] [0/0]   File "/usr/local/python3.11.14/lib/python3.11/site-packages/torch/utils/_triton.py", line 155, in is_device_compatible_with_triton
[36m(WorkerDict pid=2950675)[0m [rank10]:E0616 18:28:59.280000 2950675 site-packages/torch/_dynamo/metrics_context.py:105] [0/0]     if device_interface.is_available() and extra_check(device_interface):
[36m(WorkerDict pid=2950675)[0m [rank10]:E0616 18:28:59.280000 2950675 site-packages/torch/_dynamo/metrics_context.py:105] [0/0]                                            ^^^^^^^^^^^^^^^^^^^^^^^^^^^^^
[36m(WorkerDict pid=2950675)[0m [rank10]:E0616 18:28:59.280000 2950675 site-packages/torch/_dynamo/metrics_context.py:105] [0/0]   File "/usr/local/python3.11.14/lib/python3.11/site-packages/torch/utils/_triton.py", line 135, in cuda_extra_check
[36m(WorkerDict pid=2950675)[0m [rank10]:E0616 18:28:59.280000 2950675 site-packages/torch/_dynamo/metrics_context.py:105] [0/0]     return device_interface.Worker.get_device_properties().major >= 7
[36m(WorkerDict pid=2950675)[0m [rank10]:E0616 18:28:59.280000 2950675 site-packages/torch/_dynamo/metrics_context.py:105] [0/0]            ^^^^^^^^^^^^^^^^^^^^^^^^^^^^^^^^^^^^^^^^^^^^^^^^^^^^^^^^^^
[36m(WorkerDict pid=2950675)[0m [rank10]:E0616 18:28:59.280000 2950675 site-packages/torch/_dynamo/metrics_context.py:105] [0/0] TypeError: '>=' not supported between instances of 'NoneType' and 'int'
[36m(WorkerDict pid=2950677)[0m [rank15]:E0616 18:28:59.296000 2950677 site-packages/torch/_dynamo/metrics_context.py:105] [0/0] Unexpected exception logging compilation metrics
[36m(WorkerDict pid=2950677)[0m [rank15]:E0616 18:28:59.296000 2950677 site-packages/torch/_dynamo/metrics_context.py:105] [0/0] Traceback (most recent call last):
[36m(WorkerDict pid=2950677)[0m [rank15]:E0616 18:28:59.296000 2950677 site-packages/torch/_dynamo/metrics_context.py:105] [0/0]   File "/usr/local/python3.11.14/lib/python3.11/site-packages/torch/_dynamo/metrics_context.py", line 101, in __exit__
[36m(WorkerDict pid=2950677)[0m [rank15]:E0616 18:28:59.296000 2950677 site-packages/torch/_dynamo/metrics_context.py:105] [0/0]     self._on_exit(
[36m(WorkerDict pid=2950677)[0m [rank15]:E0616 18:28:59.296000 2950677 site-packages/torch/_dynamo/metrics_context.py:105] [0/0]   File "/usr/local/python3.11.14/lib/python3.11/site-packages/torch/_dynamo/utils.py", line 1632, in record_compilation_metrics
[36m(WorkerDict pid=2950677)[0m [rank15]:E0616 18:28:59.296000 2950677 site-packages/torch/_dynamo/metrics_context.py:105] [0/0]     "triton_version": triton.__version__ if has_triton() else "",
[36m(WorkerDict pid=2950677)[0m [rank15]:E0616 18:28:59.296000 2950677 site-packages/torch/_dynamo/metrics_context.py:105] [0/0]                                             ^^^^^^^^^^^^
[36m(WorkerDict pid=2950677)[0m [rank15]:E0616 18:28:59.296000 2950677 site-packages/torch/_dynamo/metrics_context.py:105] [0/0]   File "/usr/local/python3.11.14/lib/python3.11/site-packages/torch/utils/_triton.py", line 159, in has_triton
[36m(WorkerDict pid=2950677)[0m [rank15]:E0616 18:28:59.296000 2950677 site-packages/torch/_dynamo/metrics_context.py:105] [0/0]     return is_device_compatible_with_triton()
[36m(WorkerDict pid=2950677)[0m [rank15]:E0616 18:28:59.296000 2950677 site-packages/torch/_dynamo/metrics_context.py:105] [0/0]            ^^^^^^^^^^^^^^^^^^^^^^^^^^^^^^^^^^
[36m(WorkerDict pid=2950677)[0m [rank15]:E0616 18:28:59.296000 2950677 site-packages/torch/_dynamo/metrics_context.py:105] [0/0]   File "/usr/local/python3.11.14/lib/python3.11/site-packages/torch/utils/_triton.py", line 155, in is_device_compatible_with_triton
[36m(WorkerDict pid=2950677)[0m [rank15]:E0616 18:28:59.296000 2950677 site-packages/torch/_dynamo/metrics_context.py:105] [0/0]     if device_interface.is_available() and extra_check(device_interface):
[36m(WorkerDict pid=2950677)[0m [rank15]:E0616 18:28:59.296000 2950677 site-packages/torch/_dynamo/metrics_context.py:105] [0/0]                                            ^^^^^^^^^^^^^^^^^^^^^^^^^^^^^
[36m(WorkerDict pid=2950677)[0m [rank15]:E0616 18:28:59.296000 2950677 site-packages/torch/_dynamo/metrics_context.py:105] [0/0]   File "/usr/local/python3.11.14/lib/python3.11/site-packages/torch/utils/_triton.py", line 135, in cuda_extra_check
[36m(WorkerDict pid=2950677)[0m [rank15]:E0616 18:28:59.296000 2950677 site-packages/torch/_dynamo/metrics_context.py:105] [0/0]     return device_interface.Worker.get_device_properties().major >= 7
[36m(WorkerDict pid=2950677)[0m [rank15]:E0616 18:28:59.296000 2950677 site-packages/torch/_dynamo/metrics_context.py:105] [0/0]            ^^^^^^^^^^^^^^^^^^^^^^^^^^^^^^^^^^^^^^^^^^^^^^^^^^^^^^^^^^
[36m(WorkerDict pid=2950677)[0m [rank15]:E0616 18:28:59.296000 2950677 site-packages/torch/_dynamo/metrics_context.py:105] [0/0] TypeError: '>=' not supported between instances of 'NoneType' and 'int'
[36m(WorkerDict pid=2950678)[0m [rank14]:E0616 18:28:59.299000 2950678 site-packages/torch/_dynamo/metrics_context.py:105] [0/0] Unexpected exception logging compilation metrics
[36m(WorkerDict pid=2950678)[0m [rank14]:E0616 18:28:59.299000 2950678 site-packages/torch/_dynamo/metrics_context.py:105] [0/0] Traceback (most recent call last):
[36m(WorkerDict pid=2950678)[0m [rank14]:E0616 18:28:59.299000 2950678 site-packages/torch/_dynamo/metrics_context.py:105] [0/0]   File "/usr/local/python3.11.14/lib/python3.11/site-packages/torch/_dynamo/metrics_context.py", line 101, in __exit__
[36m(WorkerDict pid=2950678)[0m [rank14]:E0616 18:28:59.299000 2950678 site-packages/torch/_dynamo/metrics_context.py:105] [0/0]     self._on_exit(
[36m(WorkerDict pid=2950678)[0m [rank14]:E0616 18:28:59.299000 2950678 site-packages/torch/_dynamo/metrics_context.py:105] [0/0]   File "/usr/local/python3.11.14/lib/python3.11/site-packages/torch/_dynamo/utils.py", line 1632, in record_compilation_metrics
[36m(WorkerDict pid=2950678)[0m [rank14]:E0616 18:28:59.299000 2950678 site-packages/torch/_dynamo/metrics_context.py:105] [0/0]     "triton_version": triton.__version__ if has_triton() else "",
[36m(WorkerDict pid=2950678)[0m [rank14]:E0616 18:28:59.299000 2950678 site-packages/torch/_dynamo/metrics_context.py:105] [0/0]                                             ^^^^^^^^^^^^
[36m(WorkerDict pid=2950678)[0m [rank14]:E0616 18:28:59.299000 2950678 site-packages/torch/_dynamo/metrics_context.py:105] [0/0]   File "/usr/local/python3.11.14/lib/python3.11/site-packages/torch/utils/_triton.py", line 159, in has_triton
[36m(WorkerDict pid=2950678)[0m [rank14]:E0616 18:28:59.299000 2950678 site-packages/torch/_dynamo/metrics_context.py:105] [0/0]     return is_device_compatible_with_triton()
[36m(WorkerDict pid=2950678)[0m [rank14]:E0616 18:28:59.299000 2950678 site-packages/torch/_dynamo/metrics_context.py:105] [0/0]            ^^^^^^^^^^^^^^^^^^^^^^^^^^^^^^^^^^
[36m(WorkerDict pid=2950678)[0m [rank14]:E0616 18:28:59.299000 2950678 site-packages/torch/_dynamo/metrics_context.py:105] [0/0]   File "/usr/local/python3.11.14/lib/python3.11/site-packages/torch/utils/_triton.py", line 155, in is_device_compatible_with_triton
[36m(WorkerDict pid=2950678)[0m [rank14]:E0616 18:28:59.299000 2950678 site-packages/torch/_dynamo/metrics_context.py:105] [0/0]     if device_interface.is_available() and extra_check(device_interface):
[36m(WorkerDict pid=2950678)[0m [rank14]:E0616 18:28:59.299000 2950678 site-packages/torch/_dynamo/metrics_context.py:105] [0/0]                                            ^^^^^^^^^^^^^^^^^^^^^^^^^^^^^
[36m(WorkerDict pid=2950678)[0m [rank14]:E0616 18:28:59.299000 2950678 site-packages/torch/_dynamo/metrics_context.py:105] [0/0]   File "/usr/local/python3.11.14/lib/python3.11/site-packages/torch/utils/_triton.py", line 135, in cuda_extra_check
[36m(WorkerDict pid=2950678)[0m [rank14]:E0616 18:28:59.299000 2950678 site-packages/torch/_dynamo/metrics_context.py:105] [0/0]     return device_interface.Worker.get_device_properties().major >= 7
[36m(WorkerDict pid=2950678)[0m [rank14]:E0616 18:28:59.299000 2950678 site-packages/torch/_dynamo/metrics_context.py:105] [0/0]            ^^^^^^^^^^^^^^^^^^^^^^^^^^^^^^^^^^^^^^^^^^^^^^^^^^^^^^^^^^
[36m(WorkerDict pid=2950678)[0m [rank14]:E0616 18:28:59.299000 2950678 site-packages/torch/_dynamo/metrics_context.py:105] [0/0] TypeError: '>=' not supported between instances of 'NoneType' and 'int'
[36m(WorkerDict pid=2950679)[0m [rank13]:E0616 18:28:59.290000 2950679 site-packages/torch/_dynamo/metrics_context.py:105] [0/0] Unexpected exception logging compilation metrics
[36m(WorkerDict pid=2950679)[0m [rank13]:E0616 18:28:59.290000 2950679 site-packages/torch/_dynamo/metrics_context.py:105] [0/0] Traceback (most recent call last):
[36m(WorkerDict pid=2950679)[0m [rank13]:E0616 18:28:59.290000 2950679 site-packages/torch/_dynamo/metrics_context.py:105] [0/0]   File "/usr/local/python3.11.14/lib/python3.11/site-packages/torch/_dynamo/metrics_context.py", line 101, in __exit__
[36m(WorkerDict pid=2950679)[0m [rank13]:E0616 18:28:59.290000 2950679 site-packages/torch/_dynamo/metrics_context.py:105] [0/0]     self._on_exit(
[36m(WorkerDict pid=2950679)[0m [rank13]:E0616 18:28:59.290000 2950679 site-packages/torch/_dynamo/metrics_context.py:105] [0/0]   File "/usr/local/python3.11.14/lib/python3.11/site-packages/torch/_dynamo/utils.py", line 1632, in record_compilation_metrics
[36m(WorkerDict pid=2950679)[0m [rank13]:E0616 18:28:59.290000 2950679 site-packages/torch/_dynamo/metrics_context.py:105] [0/0]     "triton_version": triton.__version__ if has_triton() else "",
[36m(WorkerDict pid=2950679)[0m [rank13]:E0616 18:28:59.290000 2950679 site-packages/torch/_dynamo/metrics_context.py:105] [0/0]                                             ^^^^^^^^^^^^
[36m(WorkerDict pid=2950679)[0m [rank13]:E0616 18:28:59.290000 2950679 site-packages/torch/_dynamo/metrics_context.py:105] [0/0]   File "/usr/local/python3.11.14/lib/python3.11/site-packages/torch/utils/_triton.py", line 159, in has_triton
[36m(WorkerDict pid=2950679)[0m [rank13]:E0616 18:28:59.290000 2950679 site-packages/torch/_dynamo/metrics_context.py:105] [0/0]     return is_device_compatible_with_triton()
[36m(WorkerDict pid=2950679)[0m [rank13]:E0616 18:28:59.290000 2950679 site-packages/torch/_dynamo/metrics_context.py:105] [0/0]            ^^^^^^^^^^^^^^^^^^^^^^^^^^^^^^^^^^
[36m(WorkerDict pid=2950679)[0m [rank13]:E0616 18:28:59.290000 2950679 site-packages/torch/_dynamo/metrics_context.py:105] [0/0]   File "/usr/local/python3.11.14/lib/python3.11/site-packages/torch/utils/_triton.py", line 155, in is_device_compatible_with_triton
[36m(WorkerDict pid=2950679)[0m [rank13]:E0616 18:28:59.290000 2950679 site-packages/torch/_dynamo/metrics_context.py:105] [0/0]     if device_interface.is_available() and extra_check(device_interface):
[36m(WorkerDict pid=2950679)[0m [rank13]:E0616 18:28:59.290000 2950679 site-packages/torch/_dynamo/metrics_context.py:105] [0/0]                                            ^^^^^^^^^^^^^^^^^^^^^^^^^^^^^
[36m(WorkerDict pid=2950679)[0m [rank13]:E0616 18:28:59.290000 2950679 site-packages/torch/_dynamo/metrics_context.py:105] [0/0]   File "/usr/local/python3.11.14/lib/python3.11/site-packages/torch/utils/_triton.py", line 135, in cuda_extra_check
[36m(WorkerDict pid=2950679)[0m [rank13]:E0616 18:28:59.290000 2950679 site-packages/torch/_dynamo/metrics_context.py:105] [0/0]     return device_interface.Worker.get_device_properties().major >= 7
[36m(WorkerDict pid=2950679)[0m [rank13]:E0616 18:28:59.290000 2950679 site-packages/torch/_dynamo/metrics_context.py:105] [0/0]            ^^^^^^^^^^^^^^^^^^^^^^^^^^^^^^^^^^^^^^^^^^^^^^^^^^^^^^^^^^
[36m(WorkerDict pid=2950679)[0m [rank13]:E0616 18:28:59.290000 2950679 site-packages/torch/_dynamo/metrics_context.py:105] [0/0] TypeError: '>=' not supported between instances of 'NoneType' and 'int'
[36m(WorkerDict pid=2950680)[0m [rank12]:E0616 18:28:59.279000 2950680 site-packages/torch/_dynamo/metrics_context.py:105] [0/0] Unexpected exception logging compilation metrics
[36m(WorkerDict pid=2950680)[0m [rank12]:E0616 18:28:59.279000 2950680 site-packages/torch/_dynamo/metrics_context.py:105] [0/0] Traceback (most recent call last):
[36m(WorkerDict pid=2950680)[0m [rank12]:E0616 18:28:59.279000 2950680 site-packages/torch/_dynamo/metrics_context.py:105] [0/0]   File "/usr/local/python3.11.14/lib/python3.11/site-packages/torch/_dynamo/metrics_context.py", line 101, in __exit__
[36m(WorkerDict pid=2950680)[0m [rank12]:E0616 18:28:59.279000 2950680 site-packages/torch/_dynamo/metrics_context.py:105] [0/0]     self._on_exit(
[36m(WorkerDict pid=2950680)[0m [rank12]:E0616 18:28:59.279000 2950680 site-packages/torch/_dynamo/metrics_context.py:105] [0/0]   File "/usr/local/python3.11.14/lib/python3.11/site-packages/torch/_dynamo/utils.py", line 1632, in record_compilation_metrics
[36m(WorkerDict pid=2950680)[0m [rank12]:E0616 18:28:59.279000 2950680 site-packages/torch/_dynamo/metrics_context.py:105] [0/0]     "triton_version": triton.__version__ if has_triton() else "",
[36m(WorkerDict pid=2950680)[0m [rank12]:E0616 18:28:59.279000 2950680 site-packages/torch/_dynamo/metrics_context.py:105] [0/0]                                             ^^^^^^^^^^^^
[36m(WorkerDict pid=2950680)[0m [rank12]:E0616 18:28:59.279000 2950680 site-packages/torch/_dynamo/metrics_context.py:105] [0/0]   File "/usr/local/python3.11.14/lib/python3.11/site-packages/torch/utils/_triton.py", line 159, in has_triton
[36m(WorkerDict pid=2950680)[0m [rank12]:E0616 18:28:59.279000 2950680 site-packages/torch/_dynamo/metrics_context.py:105] [0/0]     return is_device_compatible_with_triton()
[36m(WorkerDict pid=2950680)[0m [rank12]:E0616 18:28:59.279000 2950680 site-packages/torch/_dynamo/metrics_context.py:105] [0/0]            ^^^^^^^^^^^^^^^^^^^^^^^^^^^^^^^^^^
[36m(WorkerDict pid=2950680)[0m [rank12]:E0616 18:28:59.279000 2950680 site-packages/torch/_dynamo/metrics_context.py:105] [0/0]   File "/usr/local/python3.11.14/lib/python3.11/site-packages/torch/utils/_triton.py", line 155, in is_device_compatible_with_triton
[36m(WorkerDict pid=2950680)[0m [rank12]:E0616 18:28:59.279000 2950680 site-packages/torch/_dynamo/metrics_context.py:105] [0/0]     if device_interface.is_available() and extra_check(device_interface):
[36m(WorkerDict pid=2950680)[0m [rank12]:E0616 18:28:59.279000 2950680 site-packages/torch/_dynamo/metrics_context.py:105] [0/0]                                            ^^^^^^^^^^^^^^^^^^^^^^^^^^^^^
[36m(WorkerDict pid=2950680)[0m [rank12]:E0616 18:28:59.279000 2950680 site-packages/torch/_dynamo/metrics_context.py:105] [0/0]   File "/usr/local/python3.11.14/lib/python3.11/site-packages/torch/utils/_triton.py", line 135, in cuda_extra_check
[36m(WorkerDict pid=2950680)[0m [rank12]:E0616 18:28:59.279000 2950680 site-packages/torch/_dynamo/metrics_context.py:105] [0/0]     return device_interface.Worker.get_device_properties().major >= 7
[36m(WorkerDict pid=2950680)[0m [rank12]:E0616 18:28:59.279000 2950680 site-packages/torch/_dynamo/metrics_context.py:105] [0/0]            ^^^^^^^^^^^^^^^^^^^^^^^^^^^^^^^^^^^^^^^^^^^^^^^^^^^^^^^^^^
[36m(WorkerDict pid=2950680)[0m [rank12]:E0616 18:28:59.279000 2950680 site-packages/torch/_dynamo/metrics_context.py:105] [0/0] TypeError: '>=' not supported between instances of 'NoneType' and 'int'
[36m(WorkerDict pid=2950668)[0m Processed prompts:   3%|▎         | 1/32 [01:34<49:01, 94.88s/it, est. speed input: 0.42 toks/s, output: 10.75 toks/s]
[36m(WorkerDict pid=2950676)[0m Processed prompts:   3%|▎         | 1/32 [01:50<56:50, 110.00s/it, est. speed input: 0.50 toks/s, output: 10.87 toks/s]
[36m(WorkerDict pid=2950676)[0m Processed prompts:   6%|▋         | 2/32 [01:51<23:00, 46.03s/it, est. speed input: 0.99 toks/s, output: 21.64 toks/s] 
[36m(WorkerDict pid=2950676)[0m Processed prompts:   9%|▉         | 3/32 [01:52<12:18, 25.45s/it, est. speed input: 1.47 toks/s, output: 32.35 toks/s]
[36m(WorkerDict pid=2950676)[0m Processed prompts:  12%|█▎        | 4/32 [01:53<07:30, 16.10s/it, est. speed input: 1.93 toks/s, output: 42.77 toks/s]
[36m(WorkerDict pid=2950668)[0m Processed prompts:   6%|▋         | 2/32 [01:56<25:49, 51.64s/it, est. speed input: 0.69 toks/s, output: 19.81 toks/s]
[36m(WorkerDict pid=2950676)[0m Processed prompts:  16%|█▌        | 5/32 [01:59<05:26, 12.11s/it, est. speed input: 2.31 toks/s, output: 51.95 toks/s]
[36m(WorkerDict pid=2950676)[0m Processed prompts:  19%|█▉        | 6/32 [01:59<03:30,  8.10s/it, est. speed input: 2.77 toks/s, output: 62.79 toks/s]
[36m(WorkerDict pid=2950666)[0m Processed prompts:   3%|▎         | 1/32 [02:02<1:03:15, 122.45s/it, est. speed input: 0.29 toks/s, output: 11.11 toks/s]
[36m(WorkerDict pid=2950668)[0m Processed prompts:   9%|▉         | 3/32 [02:04<15:28, 32.02s/it, est. speed input: 0.96 toks/s, output: 29.55 toks/s]
[36m(WorkerDict pid=2950676)[0m Processed prompts:  22%|██▏       | 7/32 [02:07<03:19,  8.00s/it, est. speed input: 3.03 toks/s, output: 70.00 toks/s]
[36m(WorkerDict pid=2950676)[0m Processed prompts:  25%|██▌       | 8/32 [02:10<02:37,  6.56s/it, est. speed input: 3.37 toks/s, output: 79.21 toks/s]
[36m(WorkerDict pid=2950673)[0m Processed prompts:   3%|▎         | 1/32 [02:12<1:08:15, 132.11s/it, est. speed input: 0.67 toks/s, output: 11.05 toks/s]
[36m(WorkerDict pid=2950666)[0m Processed prompts:   6%|▋         | 2/32 [02:11<27:53, 55.78s/it, est. speed input: 0.53 toks/s, output: 21.51 toks/s]   
[36m(WorkerDict pid=2950676)[0m Processed prompts:  28%|██▊       | 9/32 [02:14<02:08,  5.60s/it, est. speed input: 3.69 toks/s, output: 88.27 toks/s]
[36m(WorkerDict pid=2950676)[0m Processed prompts:  31%|███▏      | 10/32 [02:14<01:26,  3.92s/it, est. speed input: 4.10 toks/s, output: 99.26 toks/s]
[36m(WorkerDict pid=2950673)[0m Processed prompts:   6%|▋         | 2/32 [02:20<29:44, 59.47s/it, est. speed input: 1.26 toks/s, output: 21.50 toks/s]   
[36m(WorkerDict pid=2950666)[0m Processed prompts:   9%|▉         | 3/32 [02:20<16:35, 34.33s/it, est. speed input: 0.75 toks/s, output: 31.40 toks/s]
[36m(WorkerDict pid=2950676)[0m Processed prompts:  34%|███▍      | 11/32 [02:21<01:43,  4.91s/it, est. speed input: 4.28 toks/s, output: 105.41 toks/s]
[36m(WorkerDict pid=2950666)[0m Processed prompts:  12%|█▎        | 4/32 [02:21<09:53, 21.21s/it, est. speed input: 0.99 toks/s, output: 42.39 toks/s]
[36m(WorkerDict pid=2950676)[0m Processed prompts:  38%|███▊      | 12/32 [02:23<01:22,  4.10s/it, est. speed input: 4.59 toks/s, output: 114.92 toks/s]
[36m(WorkerDict pid=2950676)[0m Processed prompts:  41%|████      | 13/32 [02:24<00:57,  3.04s/it, est. speed input: 4.96 toks/s, output: 125.62 toks/s]
[36m(WorkerDict pid=2950673)[0m Processed prompts:   9%|▉         | 3/32 [02:25<16:33, 34.27s/it, est. speed input: 1.84 toks/s, output: 32.01 toks/s]
[36m(WorkerDict pid=2950673)[0m Processed prompts:  12%|█▎        | 4/32 [02:25<09:42, 20.80s/it, est. speed input: 2.45 toks/s, output: 43.12 toks/s]
[36m(WorkerDict pid=2950668)[0m Processed prompts:  12%|█▎        | 4/32 [02:25<12:49, 27.49s/it, est. speed input: 1.10 toks/s, output: 36.63 toks/s]
[36m(WorkerDict pid=2950673)[0m Processed prompts:  16%|█▌        | 5/32 [02:28<06:27, 14.37s/it, est. speed input: 3.00 toks/s, output: 53.43 toks/s]
[36m(WorkerDict pid=2950668)[0m Processed prompts:  16%|█▌        | 5/32 [02:27<08:14, 18.32s/it, est. speed input: 1.36 toks/s, output: 47.39 toks/s]
[36m(WorkerDict pid=2950675)[0m Processed prompts:   3%|▎         | 1/32 [02:29<1:17:04, 149.19s/it, est. speed input: 0.23 toks/s, output: 11.25 toks/s]
[36m(WorkerDict pid=2950666)[0m Processed prompts:  16%|█▌        | 5/32 [02:29<07:22, 16.40s/it, est. speed input: 1.17 toks/s, output: 51.45 toks/s]
[36m(WorkerDict pid=2950668)[0m Processed prompts:  19%|█▉        | 6/32 [02:29<05:31, 12.75s/it, est. speed input: 1.61 toks/s, output: 58.06 toks/s]
[36m(WorkerDict pid=2950666)[0m Processed prompts:  19%|█▉        | 6/32 [02:31<04:58, 11.47s/it, est. speed input: 1.39 toks/s, output: 62.12 toks/s]
[36m(WorkerDict pid=2950666)[0m Processed prompts:  22%|██▏       | 7/32 [02:31<03:17,  7.90s/it, est. speed input: 1.61 toks/s, output: 73.20 toks/s]
[36m(WorkerDict pid=2950676)[0m Processed prompts:  44%|████▍     | 14/32 [02:34<01:33,  5.20s/it, est. speed input: 4.99 toks/s, output: 128.58 toks/s]
[36m(WorkerDict pid=2950676)[0m Processed prompts:  47%|████▋     | 15/32 [02:36<01:11,  4.18s/it, est. speed input: 5.28 toks/s, output: 138.35 toks/s]
[36m(WorkerDict pid=2950666)[0m Processed prompts:  25%|██▌       | 8/32 [02:40<03:13,  8.08s/it, est. speed input: 1.75 toks/s, output: 80.69 toks/s]
[36m(WorkerDict pid=2950680)[0m Processed prompts:   3%|▎         | 1/32 [02:44<1:25:08, 164.79s/it, est. speed input: 0.24 toks/s, output: 11.31 toks/s]
[36m(WorkerDict pid=2950673)[0m Processed prompts:  19%|█▉        | 6/32 [02:45<06:38, 15.32s/it, est. speed input: 3.23 toks/s, output: 59.15 toks/s]
[36m(WorkerDict pid=2950673)[0m Processed prompts:  22%|██▏       | 7/32 [02:45<04:21, 10.45s/it, est. speed input: 3.76 toks/s, output: 70.28 toks/s]
[36m(WorkerDict pid=2950673)[0m Processed prompts:  25%|██▌       | 8/32 [02:46<03:00,  7.50s/it, est. speed input: 4.27 toks/s, output: 81.07 toks/s]
[36m(WorkerDict pid=2950680)[0m Processed prompts:   6%|▋         | 2/32 [02:46<34:28, 68.94s/it, est. speed input: 0.47 toks/s, output: 22.50 toks/s]   
[36m(WorkerDict pid=2950666)[0m Processed prompts:  28%|██▊       | 9/32 [02:46<02:53,  7.56s/it, est. speed input: 1.89 toks/s, output: 88.97 toks/s]
[36m(WorkerDict pid=2950675)[0m Processed prompts:   6%|▋         | 2/32 [02:49<36:43, 73.46s/it, est. speed input: 0.40 toks/s, output: 21.26 toks/s]   
[36m(WorkerDict pid=2950666)[0m Processed prompts:  31%|███▏      | 10/32 [02:49<02:13,  6.09s/it, est. speed input: 2.07 toks/s, output: 98.89 toks/s]
[36m(WorkerDict pid=2950680)[0m Processed prompts:  12%|█▎        | 4/32 [02:50<12:37, 27.04s/it, est. speed input: 0.91 toks/s, output: 44.32 toks/s]
[36m(WorkerDict pid=2950668)[0m Processed prompts:  22%|██▏       | 7/32 [02:50<06:26, 15.45s/it, est. speed input: 1.64 toks/s, output: 62.31 toks/s]
[36m(WorkerDict pid=2950668)[0m Processed prompts:  25%|██▌       | 8/32 [02:50<04:13, 10.57s/it, est. speed input: 1.88 toks/s, output: 73.68 toks/s]
[36m(WorkerDict pid=2950663)[0m Processed prompts:   3%|▎         | 1/32 [02:50<1:28:15, 170.81s/it, est. speed input: 0.23 toks/s, output: 11.40 toks/s]
[36m(WorkerDict pid=2950666)[0m Processed prompts:  34%|███▍      | 11/32 [02:50<01:37,  4.65s/it, est. speed input: 2.25 toks/s, output: 109.51 toks/s]
[36m(WorkerDict pid=2950675)[0m Processed prompts:   9%|▉         | 3/32 [02:53<20:13, 41.86s/it, est. speed input: 0.59 toks/s, output: 32.13 toks/s]
[36m(WorkerDict pid=2950666)[0m Processed prompts:  38%|███▊      | 12/32 [02:54<01:24,  4.23s/it, est. speed input: 2.41 toks/s, output: 118.89 toks/s]
[36m(WorkerDict pid=2950680)[0m Processed prompts:  16%|█▌        | 5/32 [02:56<09:08, 20.31s/it, est. speed input: 1.11 toks/s, output: 54.37 toks/s]
[36m(WorkerDict pid=2950676)[0m Processed prompts:  50%|█████     | 16/32 [03:02<02:50, 10.67s/it, est. speed input: 4.84 toks/s, output: 130.17 toks/s]
[36m(WorkerDict pid=2950668)[0m Processed prompts:  28%|██▊       | 9/32 [03:01<04:04, 10.64s/it, est. speed input: 1.98 toks/s, output: 80.74 toks/s]
[36m(WorkerDict pid=2950680)[0m Processed prompts:  19%|█▉        | 6/32 [03:02<06:59, 16.15s/it, est. speed input: 1.28 toks/s, output: 63.76 toks/s]
[36m(WorkerDict pid=2950668)[0m Processed prompts:  31%|███▏      | 10/32 [03:02<02:48,  7.66s/it, est. speed input: 2.19 toks/s, output: 91.74 toks/s]
[36m(WorkerDict pid=2950673)[0m Processed prompts:  28%|██▊       | 9/32 [03:04<04:04, 10.64s/it, est. speed input: 4.34 toks/s, output: 84.73 toks/s]
[36m(WorkerDict pid=2950667)[0m Processed prompts:   3%|▎         | 1/32 [03:04<1:35:23, 184.62s/it, est. speed input: 0.26 toks/s, output: 11.41 toks/s]
[36m(WorkerDict pid=2950668)[0m Processed prompts:  34%|███▍      | 11/32 [03:04<02:08,  6.12s/it, est. speed input: 2.38 toks/s, output: 101.91 toks/s]
[36m(WorkerDict pid=2950668)[0m Processed prompts:  38%|███▊      | 12/32 [03:08<01:47,  5.40s/it, est. speed input: 2.54 toks/s, output: 111.35 toks/s]
[36m(WorkerDict pid=2950669)[0m Processed prompts:   3%|▎         | 1/32 [03:09<1:37:53, 189.48s/it, est. speed input: 0.25 toks/s, output: 11.45 toks/s]
[36m(WorkerDict pid=2950675)[0m Processed prompts:  12%|█▎        | 4/32 [03:09<14:44, 31.57s/it, est. speed input: 0.72 toks/s, output: 40.90 toks/s]
[36m(WorkerDict pid=2950680)[0m Processed prompts:  22%|██▏       | 7/32 [03:10<05:38, 13.52s/it, est. speed input: 1.43 toks/s, output: 72.66 toks/s]
[36m(WorkerDict pid=2950666)[0m Processed prompts:  41%|████      | 13/32 [03:09<02:26,  7.69s/it, est. speed input: 2.40 toks/s, output: 120.57 toks/s]
[36m(WorkerDict pid=2950668)[0m Processed prompts:  41%|████      | 13/32 [03:10<01:19,  4.18s/it, est. speed input: 2.74 toks/s, output: 122.03 toks/s]
[36m(WorkerDict pid=2950673)[0m Processed prompts:  31%|███▏      | 10/32 [03:11<03:32,  9.66s/it, est. speed input: 4.64 toks/s, output: 92.84 toks/s]
[36m(WorkerDict pid=2950673)[0m Processed prompts:  34%|███▍      | 11/32 [03:13<02:31,  7.20s/it, est. speed input: 5.06 toks/s, output: 103.48 toks/s]
[36m(WorkerDict pid=2950666)[0m Processed prompts:  44%|████▍     | 14/32 [03:14<02:00,  6.68s/it, est. speed input: 2.52 toks/s, output: 129.37 toks/s]
[36m(WorkerDict pid=2950675)[0m Processed prompts:  16%|█▌        | 5/32 [03:16<10:12, 22.70s/it, est. speed input: 0.86 toks/s, output: 50.94 toks/s]
[36m(WorkerDict pid=2950668)[0m Processed prompts:  44%|████▍     | 14/32 [03:18<01:37,  5.41s/it, est. speed input: 2.82 toks/s, output: 128.47 toks/s]
[36m(WorkerDict pid=2950666)[0m Processed prompts:  47%|████▋     | 15/32 [03:18<01:42,  6.06s/it, est. speed input: 2.64 toks/s, output: 137.89 toks/s]
[36m(WorkerDict pid=2950663)[0m Processed prompts:   6%|▋         | 2/32 [03:19<43:29, 86.97s/it, est. speed input: 0.40 toks/s, output: 21.30 toks/s]   
[36m(WorkerDict pid=2950673)[0m Processed prompts:  38%|███▊      | 12/32 [03:20<02:23,  7.18s/it, est. speed input: 5.32 toks/s, output: 111.24 toks/s]
[36m(WorkerDict pid=2950680)[0m Processed prompts:  25%|██▌       | 8/32 [03:20<04:58, 12.43s/it, est. speed input: 1.56 toks/s, output: 80.53 toks/s]
[36m(WorkerDict pid=2950663)[0m Processed prompts:   9%|▉         | 3/32 [03:20<23:05, 47.78s/it, est. speed input: 0.60 toks/s, output: 32.69 toks/s]
[36m(WorkerDict pid=2950668)[0m Processed prompts:  47%|████▋     | 15/32 [03:20<01:17,  4.55s/it, est. speed input: 2.99 toks/s, output: 138.35 toks/s]
[36m(WorkerDict pid=2950680)[0m Processed prompts:  28%|██▊       | 9/32 [03:22<03:37,  9.45s/it, est. speed input: 1.73 toks/s, output: 90.99 toks/s]
[36m(WorkerDict pid=2950663)[0m Processed prompts:  12%|█▎        | 4/32 [03:22<13:53, 29.77s/it, est. speed input: 0.79 toks/s, output: 43.86 toks/s]
[36m(WorkerDict pid=2950675)[0m Processed prompts:  19%|█▉        | 6/32 [03:23<07:27, 17.20s/it, est. speed input: 1.00 toks/s, output: 60.81 toks/s]
[36m(WorkerDict pid=2950680)[0m Processed prompts:  31%|███▏      | 10/32 [03:26<02:49,  7.71s/it, est. speed input: 1.89 toks/s, output: 100.86 toks/s]
[36m(WorkerDict pid=2950663)[0m Processed prompts:  16%|█▌        | 5/32 [03:30<09:56, 22.11s/it, est. speed input: 0.95 toks/s, output: 53.64 toks/s]
[36m(WorkerDict pid=2950672)[0m Processed prompts:   3%|▎         | 1/32 [03:32<1:49:35, 212.12s/it, est. speed input: 0.23 toks/s, output: 11.48 toks/s]
[36m(WorkerDict pid=2950668)[0m Processed prompts:  50%|█████     | 16/32 [03:31<01:41,  6.34s/it, est. speed input: 3.03 toks/s, output: 143.03 toks/s]
[36m(WorkerDict pid=2950675)[0m Processed prompts:  22%|██▏       | 7/32 [03:34<06:25, 15.41s/it, est. speed input: 1.11 toks/s, output: 69.03 toks/s]
[36m(WorkerDict pid=2950669)[0m Processed prompts:   6%|▋         | 2/32 [03:35<46:46, 93.56s/it, est. speed input: 0.44 toks/s, output: 21.58 toks/s]   
[36m(WorkerDict pid=2950675)[0m Processed prompts:  25%|██▌       | 8/32 [03:35<04:18, 10.78s/it, est. speed input: 1.26 toks/s, output: 80.29 toks/s]
[36m(WorkerDict pid=2950669)[0m Processed prompts:   9%|▉         | 3/32 [03:37<24:57, 51.63s/it, est. speed input: 0.65 toks/s, output: 32.95 toks/s]
[36m(WorkerDict pid=2950675)[0m Processed prompts:  28%|██▊       | 9/32 [03:39<03:17,  8.60s/it, est. speed input: 1.39 toks/s, output: 90.45 toks/s]
[36m(WorkerDict pid=2950680)[0m Processed prompts:  34%|███▍      | 11/32 [03:41<03:30, 10.03s/it, est. speed input: 1.93 toks/s, output: 105.40 toks/s]
[36m(WorkerDict pid=2950663)[0m Processed prompts:  19%|█▉        | 6/32 [03:41<07:52, 18.16s/it, est. speed input: 1.08 toks/s, output: 62.67 toks/s]
[36m(WorkerDict pid=2950680)[0m Processed prompts:  38%|███▊      | 12/32 [03:42<02:21,  7.09s/it, est. speed input: 2.11 toks/s, output: 116.81 toks/s]
[36m(WorkerDict pid=2950675)[0m Processed prompts:  31%|███▏      | 10/32 [03:42<02:29,  6.80s/it, est. speed input: 1.53 toks/s, output: 100.88 toks/s]
[36m(WorkerDict pid=2950669)[0m Processed prompts:  12%|█▎        | 4/32 [03:44<15:51, 33.98s/it, est. speed input: 0.84 toks/s, output: 43.50 toks/s]
[36m(WorkerDict pid=2950663)[0m Processed prompts:  22%|██▏       | 7/32 [03:46<05:49, 13.98s/it, est. speed input: 1.23 toks/s, output: 72.76 toks/s]
[36m(WorkerDict pid=2950666)[0m Processed prompts:  50%|█████     | 16/32 [03:47<03:26, 12.92s/it, est. speed input: 2.46 toks/s, output: 132.00 toks/s]
[36m(WorkerDict pid=2950663)[0m Processed prompts:  25%|██▌       | 8/32 [03:48<03:59,  9.98s/it, est. speed input: 1.40 toks/s, output: 83.90 toks/s]
[36m(WorkerDict pid=2950667)[0m Processed prompts:   6%|▋         | 2/32 [03:50<51:36, 103.22s/it, est. speed input: 0.42 toks/s, output: 20.67 toks/s]  
[36m(WorkerDict pid=2950667)[0m Processed prompts:   9%|▉         | 3/32 [03:53<27:41, 57.28s/it, est. speed input: 0.62 toks/s, output: 32.00 toks/s] 
[36m(WorkerDict pid=2950680)[0m Processed prompts:  41%|████      | 13/32 [03:55<02:51,  9.03s/it, est. speed input: 2.15 toks/s, output: 121.66 toks/s]
[36m(WorkerDict pid=2950663)[0m Processed prompts:  28%|██▊       | 9/32 [03:55<03:29,  9.13s/it, est. speed input: 1.53 toks/s, output: 92.92 toks/s]
[36m(WorkerDict pid=2950672)[0m Processed prompts:   6%|▋         | 2/32 [04:00<52:04, 104.16s/it, est. speed input: 0.40 toks/s, output: 21.68 toks/s]  
[36m(WorkerDict pid=2950678)[0m Processed prompts:   3%|▎         | 1/32 [04:02<2:05:18, 242.53s/it, est. speed input: 0.13 toks/s, output: 11.58 toks/s]
[36m(WorkerDict pid=2950667)[0m Processed prompts:  12%|█▎        | 4/32 [04:04<18:10, 38.95s/it, est. speed input: 0.79 toks/s, output: 42.17 toks/s]
[36m(WorkerDict pid=2950680)[0m Processed prompts:  44%|████▍     | 14/32 [04:04<02:41,  8.95s/it, est. speed input: 2.23 toks/s, output: 128.88 toks/s]
[36m(WorkerDict pid=2950667)[0m Processed prompts:  16%|█▌        | 5/32 [04:06<11:33, 25.68s/it, est. speed input: 0.97 toks/s, output: 53.38 toks/s]
[36m(WorkerDict pid=2950675)[0m Processed prompts:  34%|███▍      | 11/32 [04:06<04:12, 12.01s/it, est. speed input: 1.52 toks/s, output: 102.72 toks/s]
[36m(WorkerDict pid=2950673)[0m Processed prompts:  41%|████      | 13/32 [04:08<06:09, 19.44s/it, est. speed input: 4.66 toks/s, output: 101.46 toks/s]
[36m(WorkerDict pid=2950663)[0m Processed prompts:  31%|███▏      | 10/32 [04:09<03:52, 10.59s/it, est. speed input: 1.66 toks/s, output: 99.38 toks/s]
[36m(WorkerDict pid=2950675)[0m Processed prompts:  38%|███▊      | 12/32 [04:09<03:09,  9.45s/it, est. speed input: 1.63 toks/s, output: 112.86 toks/s]
[36m(WorkerDict pid=2950680)[0m Processed prompts:  47%|████▋     | 15/32 [04:10<02:15,  7.97s/it, est. speed input: 2.34 toks/s, output: 137.55 toks/s]
[36m(WorkerDict pid=2950675)[0m Processed prompts:  41%|████      | 13/32 [04:13<02:24,  7.62s/it, est. speed input: 1.75 toks/s, output: 122.95 toks/s]
[36m(WorkerDict pid=2950680)[0m Processed prompts:  50%|█████     | 16/32 [04:14<01:51,  6.99s/it, est. speed input: 2.45 toks/s, output: 146.62 toks/s]
[36m(WorkerDict pid=2950667)[0m Processed prompts:  19%|█▉        | 6/32 [04:17<08:57, 20.68s/it, est. speed input: 1.12 toks/s, output: 62.72 toks/s]
[36m(WorkerDict pid=2950673)[0m Processed prompts:  44%|████▍     | 14/32 [04:18<04:58, 16.57s/it, est. speed input: 4.82 toks/s, output: 109.15 toks/s]
[36m(WorkerDict pid=2950673)[0m Processed prompts:  47%|████▋     | 15/32 [04:19<03:24, 12.02s/it, est. speed input: 5.14 toks/s, output: 120.14 toks/s]
[36m(WorkerDict pid=2950672)[0m Processed prompts:   9%|▉         | 3/32 [04:20<31:42, 65.60s/it, est. speed input: 0.70 toks/s, output: 31.64 toks/s] 
[36m(WorkerDict pid=2950669)[0m Processed prompts:  16%|█▌        | 5/32 [04:19<15:28, 34.41s/it, est. speed input: 0.90 toks/s, output: 49.25 toks/s]
[36m(WorkerDict pid=2950667)[0m Processed prompts:  22%|██▏       | 7/32 [04:20<06:11, 14.85s/it, est. speed input: 1.29 toks/s, output: 73.66 toks/s]
[36m(WorkerDict pid=2950675)[0m Processed prompts:  44%|████▍     | 14/32 [04:20<02:16,  7.60s/it, est. speed input: 1.83 toks/s, output: 131.04 toks/s]
[36m(WorkerDict pid=2950668)[0m Processed prompts:  53%|█████▎    | 17/32 [04:20<04:49, 19.30s/it, est. speed input: 2.72 toks/s, output: 127.58 toks/s]
[36m(WorkerDict pid=2950678)[0m Processed prompts:   6%|▋         | 2/32 [04:21<55:33, 111.10s/it, est. speed input: 0.24 toks/s, output: 22.36 toks/s]  
[36m(WorkerDict pid=2950678)[0m Processed prompts:   9%|▉         | 3/32 [04:23<29:35, 61.24s/it, est. speed input: 0.35 toks/s, output: 33.82 toks/s] 
[36m(WorkerDict pid=2950673)[0m Processed prompts:  50%|█████     | 16/32 [04:25<02:43, 10.23s/it, est. speed input: 5.36 toks/s, output: 129.00 toks/s]
[36m(WorkerDict pid=2950669)[0m Processed prompts:  19%|█▉        | 6/32 [04:25<10:41, 24.68s/it, est. speed input: 1.06 toks/s, output: 59.83 toks/s]
[36m(WorkerDict pid=2950678)[0m Processed prompts:  12%|█▎        | 4/32 [04:26<17:45, 38.05s/it, est. speed input: 0.47 toks/s, output: 45.13 toks/s]
[36m(WorkerDict pid=2950672)[0m Processed prompts:  12%|█▎        | 4/32 [04:26<19:39, 42.13s/it, est. speed input: 0.87 toks/s, output: 42.53 toks/s]
[36m(WorkerDict pid=2950669)[0m Processed prompts:  22%|██▏       | 7/32 [04:26<07:00, 16.83s/it, est. speed input: 1.24 toks/s, output: 71.33 toks/s]
[36m(WorkerDict pid=2950672)[0m Processed prompts:  16%|█▌        | 5/32 [04:27<12:17, 27.30s/it, est. speed input: 1.04 toks/s, output: 53.99 toks/s]
[36m(WorkerDict pid=2950663)[0m Processed prompts:  34%|███▍      | 11/32 [04:27<04:28, 12.77s/it, est. speed input: 1.70 toks/s, output: 104.45 toks/s]
[36m(WorkerDict pid=2950667)[0m Processed prompts:  25%|██▌       | 8/32 [04:28<05:03, 12.65s/it, est. speed input: 1.43 toks/s, output: 83.13 toks/s]
[36m(WorkerDict pid=2950669)[0m Processed prompts:  25%|██▌       | 8/32 [04:29<04:56, 12.37s/it, est. speed input: 1.40 toks/s, output: 82.24 toks/s]
[36m(WorkerDict pid=2950678)[0m Processed prompts:  16%|█▌        | 5/32 [04:29<11:33, 25.68s/it, est. speed input: 0.57 toks/s, output: 56.15 toks/s]
[36m(WorkerDict pid=2950678)[0m Processed prompts:  19%|█▉        | 6/32 [04:30<07:22, 17.03s/it, est. speed input: 0.69 toks/s, output: 67.74 toks/s]
[36m(WorkerDict pid=2950667)[0m Processed prompts:  28%|██▊       | 9/32 [04:30<03:32,  9.26s/it, est. speed input: 1.60 toks/s, output: 94.22 toks/s]
[36m(WorkerDict pid=2950678)[0m Processed prompts:  22%|██▏       | 7/32 [04:30<04:52, 11.72s/it, est. speed input: 0.80 toks/s, output: 79.20 toks/s]
[36m(WorkerDict pid=2950667)[0m Processed prompts:  31%|███▏      | 10/32 [04:31<02:32,  6.95s/it, est. speed input: 1.77 toks/s, output: 105.25 toks/s]
[36m(WorkerDict pid=2950663)[0m Processed prompts:  38%|███▊      | 12/32 [04:31<03:25, 10.26s/it, est. speed input: 1.86 toks/s, output: 114.39 toks/s]
[36m(WorkerDict pid=2950672)[0m Processed prompts:  19%|█▉        | 6/32 [04:34<08:46, 20.26s/it, est. speed input: 1.19 toks/s, output: 64.33 toks/s]
[36m(WorkerDict pid=2950669)[0m Processed prompts:  28%|██▊       | 9/32 [04:34<03:54, 10.22s/it, est. speed input: 1.54 toks/s, output: 92.27 toks/s]
[36m(WorkerDict pid=2950669)[0m Processed prompts:  31%|███▏      | 10/32 [04:36<02:47,  7.61s/it, est. speed input: 1.70 toks/s, output: 103.34 toks/s]
[36m(WorkerDict pid=2950667)[0m Processed prompts:  34%|███▍      | 11/32 [04:38<02:21,  6.72s/it, est. speed input: 1.90 toks/s, output: 114.56 toks/s]
[36m(WorkerDict pid=2950663)[0m Processed prompts:  41%|████      | 13/32 [04:38<02:53,  9.13s/it, est. speed input: 1.96 toks/s, output: 123.40 toks/s]
[36m(WorkerDict pid=2950668)[0m Processed prompts:  56%|█████▋    | 18/32 [04:38<04:24, 18.87s/it, est. speed input: 2.80 toks/s, output: 131.09 toks/s]
[36m(WorkerDict pid=2950669)[0m Processed prompts:  34%|███▍      | 11/32 [04:41<02:23,  6.81s/it, est. speed input: 1.84 toks/s, output: 113.19 toks/s]
[36m(WorkerDict pid=2950667)[0m Processed prompts:  38%|███▊      | 12/32 [04:42<02:01,  6.10s/it, est. speed input: 2.04 toks/s, output: 124.34 toks/s]
[36m(WorkerDict pid=2950675)[0m Processed prompts:  47%|████▋     | 15/32 [04:42<03:22, 11.89s/it, est. speed input: 1.80 toks/s, output: 132.60 toks/s]
[36m(WorkerDict pid=2950672)[0m Processed prompts:  22%|██▏       | 7/32 [04:43<06:56, 16.67s/it, est. speed input: 1.32 toks/s, output: 73.87 toks/s]
[36m(WorkerDict pid=2950667)[0m Processed prompts:  41%|████      | 13/32 [04:46<01:41,  5.36s/it, est. speed input: 2.18 toks/s, output: 134.41 toks/s]
[36m(WorkerDict pid=2950672)[0m Processed prompts:  25%|██▌       | 8/32 [04:49<05:18, 13.26s/it, est. speed input: 1.46 toks/s, output: 84.02 toks/s]
[36m(WorkerDict pid=2950675)[0m Processed prompts:  50%|█████     | 16/32 [04:49<02:47, 10.50s/it, est. speed input: 2.02 toks/s, output: 140.97 toks/s]
[36m(WorkerDict pid=2950667)[0m Processed prompts:  44%|████▍     | 14/32 [04:52<01:40,  5.59s/it, est. speed input: 2.30 toks/s, output: 143.30 toks/s]
[36m(WorkerDict pid=2950663)[0m Processed prompts:  44%|████▍     | 14/32 [04:51<03:09, 10.53s/it, est. speed input: 2.01 toks/s, output: 129.29 toks/s]
[36m(WorkerDict pid=2950678)[0m Processed prompts:  25%|██▌       | 8/32 [04:53<06:06, 15.26s/it, est. speed input: 0.84 toks/s, output: 84.73 toks/s]
[36m(WorkerDict pid=2950670)[0m Processed prompts:   3%|▎         | 1/32 [04:54<2:32:04, 294.33s/it, est. speed input: 0.11 toks/s, output: 11.70 toks/s]
[36m(WorkerDict pid=2950675)[0m Processed prompts:  53%|█████▎    | 17/32 [04:54<02:12,  8.82s/it, est. speed input: 2.24 toks/s, output: 150.33 toks/s]
[36m(WorkerDict pid=2950663)[0m Processed prompts:  47%|████▋     | 15/32 [04:56<02:26,  8.63s/it, est. speed input: 2.16 toks/s, output: 139.17 toks/s]
[36m(WorkerDict pid=2950669)[0m Processed prompts:  38%|███▊      | 12/32 [04:56<03:09,  9.47s/it, est. speed input: 1.90 toks/s, output: 118.96 toks/s]
[36m(WorkerDict pid=2950663)[0m Processed prompts:  50%|█████     | 16/32 [04:56<01:39,  6.21s/it, est. speed input: 2.33 toks/s, output: 150.62 toks/s]
[36m(WorkerDict pid=2950678)[0m Processed prompts:  28%|██▊       | 9/32 [04:58<04:32, 11.86s/it, est. speed input: 0.94 toks/s, output: 95.18 toks/s]
[36m(WorkerDict pid=2950678)[0m Processed prompts:  31%|███▏      | 10/32 [04:58<03:02,  8.30s/it, est. speed input: 1.04 toks/s, output: 106.76 toks/s]
[36m(WorkerDict pid=2950672)[0m Processed prompts:  28%|██▊       | 9/32 [04:59<04:39, 12.15s/it, est. speed input: 1.57 toks/s, output: 92.97 toks/s]
[36m(WorkerDict pid=2950663)[0m Processed prompts:  53%|█████▎    | 17/32 [04:58<01:11,  4.79s/it, est. speed input: 2.50 toks/s, output: 161.59 toks/s]
[36m(WorkerDict pid=2950675)[0m Processed prompts:  56%|█████▋    | 18/32 [04:59<01:47,  7.66s/it, est. speed input: 2.45 toks/s, output: 159.56 toks/s]
[36m(WorkerDict pid=2950672)[0m Processed prompts:  31%|███▏      | 10/32 [05:01<03:20,  9.09s/it, est. speed input: 1.85 toks/s, output: 103.96 toks/s]
[36m(WorkerDict pid=2950668)[0m Processed prompts:  59%|█████▉    | 19/32 [05:03<04:27, 20.55s/it, est. speed input: 2.80 toks/s, output: 132.25 toks/s]
[36m(WorkerDict pid=2950667)[0m Processed prompts:  47%|████▋     | 15/32 [05:04<02:06,  7.42s/it, est. speed input: 2.37 toks/s, output: 149.51 toks/s]
[36m(WorkerDict pid=2950672)[0m Processed prompts:  38%|███▊      | 12/32 [05:04<01:53,  5.68s/it, est. speed input: 2.27 toks/s, output: 125.96 toks/s]
[36m(WorkerDict pid=2950672)[0m Processed prompts:  41%|████      | 13/32 [05:06<01:26,  4.57s/it, est. speed input: 2.55 toks/s, output: 137.13 toks/s]
[36m(WorkerDict pid=2950668)[0m Processed prompts:  62%|██████▎   | 20/32 [05:05<03:00, 15.03s/it, est. speed input: 3.01 toks/s, output: 143.04 toks/s]
[36m(WorkerDict pid=2950668)[0m Processed prompts:  66%|██████▌   | 21/32 [05:08<02:05, 11.44s/it, est. speed input: 3.21 toks/s, output: 153.36 toks/s]
[36m(WorkerDict pid=2950672)[0m Processed prompts:  44%|████▍     | 14/32 [05:10<01:21,  4.52s/it, est. speed input: 2.67 toks/s, output: 146.90 toks/s]
[36m(WorkerDict pid=2950675)[0m Processed prompts:  59%|█████▉    | 19/32 [05:10<01:51,  8.60s/it, est. speed input: 2.61 toks/s, output: 165.74 toks/s]
[36m(WorkerDict pid=2950669)[0m Processed prompts:  41%|████      | 13/32 [05:10<03:26, 10.88s/it, est. speed input: 1.97 toks/s, output: 125.30 toks/s]
[36m(WorkerDict pid=2950667)[0m Processed prompts:  50%|█████     | 16/32 [05:11<01:59,  7.49s/it, est. speed input: 2.46 toks/s, output: 157.55 toks/s]
[36m(WorkerDict pid=2950669)[0m Processed prompts:  44%|████▍     | 14/32 [05:11<02:19,  7.74s/it, est. speed input: 2.11 toks/s, output: 136.83 toks/s]
[36m(WorkerDict pid=2950675)[0m Processed prompts:  62%|██████▎   | 20/32 [05:12<01:18,  6.50s/it, est. speed input: 2.84 toks/s, output: 176.62 toks/s]
[36m(WorkerDict pid=2950672)[0m Processed prompts:  47%|████▋     | 15/32 [05:13<01:08,  4.03s/it, est. speed input: 2.92 toks/s, output: 157.32 toks/s]
[36m(WorkerDict pid=2950675)[0m Processed prompts:  66%|██████▌   | 21/32 [05:12<00:51,  4.67s/it, est. speed input: 2.94 toks/s, output: 188.12 toks/s]
[36m(WorkerDict pid=2950673)[0m Processed prompts:  53%|█████▎    | 17/32 [05:14<05:26, 21.80s/it, est. speed input: 4.82 toks/s, output: 120.73 toks/s]
[36m(WorkerDict pid=2950663)[0m Processed prompts:  56%|█████▋    | 18/32 [05:14<01:55,  8.22s/it, est. speed input: 2.50 toks/s, output: 165.01 toks/s]
[36m(WorkerDict pid=2950675)[0m Processed prompts:  69%|██████▉   | 22/32 [05:15<00:40,  4.08s/it, est. speed input: 3.15 toks/s, output: 198.24 toks/s]
[36m(WorkerDict pid=2950673)[0m Processed prompts:  56%|█████▋    | 18/32 [05:20<03:57, 16.94s/it, est. speed input: 5.02 toks/s, output: 130.32 toks/s]
[36m(WorkerDict pid=2950670)[0m Processed prompts:   6%|▋         | 2/32 [05:19<1:07:59, 136.00s/it, est. speed input: 0.21 toks/s, output: 22.52 toks/s]
[36m(WorkerDict pid=2950678)[0m Processed prompts:  34%|███▍      | 11/32 [05:20<04:24, 12.61s/it, est. speed input: 1.06 toks/s, output: 111.04 toks/s]
[36m(WorkerDict pid=2950672)[0m Processed prompts:  50%|█████     | 16/32 [05:21<01:22,  5.18s/it, est. speed input: 3.00 toks/s, output: 165.05 toks/s]
[36m(WorkerDict pid=2950675)[0m Processed prompts:  72%|███████▏  | 23/32 [05:21<00:42,  4.77s/it, est. speed input: 3.32 toks/s, output: 206.05 toks/s]
[36m(WorkerDict pid=2950663)[0m Processed prompts:  62%|██████▎   | 20/32 [05:22<01:16,  6.34s/it, est. speed input: 2.72 toks/s, output: 183.96 toks/s]
[36m(WorkerDict pid=2950668)[0m Processed prompts:  69%|██████▉   | 22/32 [05:26<02:12, 13.29s/it, est. speed input: 3.25 toks/s, output: 156.84 toks/s]
[36m(WorkerDict pid=2950663)[0m Processed prompts:  66%|██████▌   | 21/32 [05:26<01:02,  5.69s/it, est. speed input: 2.85 toks/s, output: 193.65 toks/s]
[36m(WorkerDict pid=2950663)[0m Processed prompts:  69%|██████▉   | 22/32 [05:27<00:45,  4.55s/it, est. speed input: 3.00 toks/s, output: 204.63 toks/s]
[36m(WorkerDict pid=2950668)[0m Processed prompts:  72%|███████▏  | 23/32 [05:28<01:29,  9.90s/it, est. speed input: 3.44 toks/s, output: 167.66 toks/s]
[36m(WorkerDict pid=2950668)[0m Processed prompts:  75%|███████▌  | 24/32 [05:28<00:57,  7.17s/it, est. speed input: 3.65 toks/s, output: 179.02 toks/s]
[36m(WorkerDict pid=2950675)[0m Processed prompts:  75%|███████▌  | 24/32 [05:29<00:45,  5.67s/it, est. speed input: 3.47 toks/s, output: 212.95 toks/s]
[36m(WorkerDict pid=2950663)[0m Processed prompts:  72%|███████▏  | 23/32 [05:29<00:34,  3.82s/it, est. speed input: 3.11 toks/s, output: 215.24 toks/s]
[36m(WorkerDict pid=2950672)[0m Processed prompts:  53%|█████▎    | 17/32 [05:33<01:49,  7.29s/it, est. speed input: 3.14 toks/s, output: 170.60 toks/s]
[36m(WorkerDict pid=2950673)[0m Processed prompts:  59%|█████▉    | 19/32 [05:37<03:42, 17.08s/it, est. speed input: 5.04 toks/s, output: 135.34 toks/s]
[36m(WorkerDict pid=2950663)[0m Processed prompts:  75%|███████▌  | 24/32 [05:37<00:38,  4.87s/it, est. speed input: 3.19 toks/s, output: 222.19 toks/s]
[36m(WorkerDict pid=2950668)[0m Processed prompts:  78%|███████▊  | 25/32 [05:37<00:53,  7.68s/it, est. speed input: 3.76 toks/s, output: 186.10 toks/s]
[36m(WorkerDict pid=2950677)[0m Processed prompts:   3%|▎         | 1/32 [05:44<2:57:54, 344.32s/it, est. speed input: 0.29 toks/s, output: 11.74 toks/s]
[36m(WorkerDict pid=2950663)[0m Processed prompts:  78%|███████▊  | 25/32 [05:44<00:39,  5.66s/it, est. speed input: 3.28 toks/s, output: 229.03 toks/s]
[36m(WorkerDict pid=2950672)[0m Processed prompts:  56%|█████▋    | 18/32 [05:46<02:04,  8.87s/it, est. speed input: 3.17 toks/s, output: 176.07 toks/s]
[36m(WorkerDict pid=2950668)[0m Processed prompts:  81%|████████▏ | 26/32 [05:45<00:46,  7.80s/it, est. speed input: 3.88 toks/s, output: 193.54 toks/s]
[36m(WorkerDict pid=2950670)[0m Processed prompts:   9%|▉         | 3/32 [05:48<42:01, 86.94s/it, est. speed input: 0.39 toks/s, output: 32.45 toks/s]   
[36m(WorkerDict pid=2950663)[0m Processed prompts:  81%|████████▏ | 26/32 [05:50<00:33,  5.58s/it, est. speed input: 3.38 toks/s, output: 237.30 toks/s]
[36m(WorkerDict pid=2950678)[0m Processed prompts:  38%|███▊      | 12/32 [05:51<06:04, 18.24s/it, est. speed input: 1.27 toks/s, output: 112.99 toks/s]
[36m(WorkerDict pid=2950678)[0m Processed prompts:  41%|████      | 13/32 [05:52<04:03, 12.82s/it, est. speed input: 1.57 toks/s, output: 124.64 toks/s]
[36m(WorkerDict pid=2950676)[0m Processed prompts:  53%|█████▎    | 17/32 [05:53<14:43, 58.91s/it, est. speed input: 2.93 toks/s, output: 78.87 toks/s] 
[36m(WorkerDict pid=2950663)[0m Processed prompts:  84%|████████▍ | 27/32 [05:55<00:27,  5.45s/it, est. speed input: 3.48 toks/s, output: 245.68 toks/s]
[36m(WorkerDict pid=2950672)[0m Processed prompts:  59%|█████▉    | 19/32 [05:59<02:10, 10.04s/it, est. speed input: 3.30 toks/s, output: 181.55 toks/s]
[36m(WorkerDict pid=2950668)[0m Processed prompts:  84%|████████▍ | 27/32 [06:00<00:48,  9.73s/it, est. speed input: 3.92 toks/s, output: 197.69 toks/s]
[36m(WorkerDict pid=2950670)[0m Processed prompts:  12%|█▎        | 4/32 [06:02<27:11, 58.26s/it, est. speed input: 0.46 toks/s, output: 42.97 toks/s]
[36m(WorkerDict pid=2950668)[0m Processed prompts:  88%|████████▊ | 28/32 [06:02<00:29,  7.49s/it, est. speed input: 4.08 toks/s, output: 208.26 toks/s]
[36m(WorkerDict pid=2950678)[0m Processed prompts:  44%|████▍     | 14/32 [06:06<03:59, 13.29s/it, est. speed input: 1.80 toks/s, output: 131.54 toks/s]
[36m(WorkerDict pid=2950672)[0m Processed prompts:  62%|██████▎   | 20/32 [06:10<02:04, 10.39s/it, est. speed input: 3.43 toks/s, output: 187.79 toks/s]
[36m(WorkerDict pid=2950669)[0m Processed prompts:  47%|████▋     | 15/32 [06:10<06:35, 23.29s/it, est. speed input: 1.90 toks/s, output: 126.70 toks/s]
[36m(WorkerDict pid=2950663)[0m Processed prompts:  88%|████████▊ | 28/32 [06:10<00:33,  8.40s/it, est. speed input: 3.48 toks/s, output: 247.22 toks/s]
[36m(WorkerDict pid=2950678)[0m Processed prompts:  47%|████▋     | 15/32 [06:11<03:04, 10.87s/it, est. speed input: 1.86 toks/s, output: 141.43 toks/s]
[36m(WorkerDict pid=2950663)[0m Processed prompts:  91%|█████████ | 29/32 [06:12<00:18,  6.32s/it, est. speed input: 3.61 toks/s, output: 258.07 toks/s]
[36m(WorkerDict pid=2950675)[0m Processed prompts:  78%|███████▊  | 25/32 [06:12<01:58, 16.92s/it, est. speed input: 3.27 toks/s, output: 200.05 toks/s]
[36m(WorkerDict pid=2950675)[0m Processed prompts:  81%|████████▏ | 26/32 [06:12<01:11, 11.94s/it, est. speed input: 3.47 toks/s, output: 211.64 toks/s]
[36m(WorkerDict pid=2950672)[0m Processed prompts:  66%|██████▌   | 21/32 [06:14<01:32,  8.38s/it, est. speed input: 3.53 toks/s, output: 197.71 toks/s]
[36m(WorkerDict pid=2950673)[0m Processed prompts:  62%|██████▎   | 20/32 [06:15<04:39, 23.27s/it, est. speed input: 4.78 toks/s, output: 133.48 toks/s]
[36m(WorkerDict pid=2950671)[0m Processed prompts:   3%|▎         | 1/32 [06:16<3:14:18, 376.08s/it, est. speed input: 0.20 toks/s, output: 11.76 toks/s]
[36m(WorkerDict pid=2950672)[0m Processed prompts:  69%|██████▉   | 22/32 [06:18<01:09,  7.00s/it, est. speed input: 3.62 toks/s, output: 207.50 toks/s]
[36m(WorkerDict pid=2950678)[0m Processed prompts:  50%|█████     | 16/32 [06:19<02:38,  9.94s/it, est. speed input: 1.90 toks/s, output: 150.28 toks/s]
[36m(WorkerDict pid=2950675)[0m Processed prompts:  84%|████████▍ | 27/32 [06:20<00:53, 10.61s/it, est. speed input: 3.60 toks/s, output: 219.23 toks/s]
[36m(WorkerDict pid=2950663)[0m Processed prompts:  94%|█████████▍| 30/32 [06:20<00:13,  6.87s/it, est. speed input: 3.63 toks/s, output: 264.30 toks/s]
[36m(WorkerDict pid=2950668)[0m Processed prompts:  91%|█████████ | 29/32 [06:21<00:32, 10.94s/it, est. speed input: 4.07 toks/s, output: 209.67 toks/s]
[36m(WorkerDict pid=2950670)[0m Processed prompts:  16%|█▌        | 5/32 [06:21<19:54, 44.24s/it, est. speed input: 0.62 toks/s, output: 52.54 toks/s]
[36m(WorkerDict pid=2950673)[0m Processed prompts:  66%|██████▌   | 21/32 [06:23<03:28, 18.91s/it, est. speed input: 4.91 toks/s, output: 142.17 toks/s]
[36m(WorkerDict pid=2950669)[0m Processed prompts:  50%|█████     | 16/32 [06:23<05:22, 20.16s/it, est. speed input: 1.96 toks/s, output: 134.21 toks/s]
[36m(WorkerDict pid=2950670)[0m Processed prompts:  19%|█▉        | 6/32 [06:25<13:12, 30.49s/it, est. speed input: 0.70 toks/s, output: 63.80 toks/s]
[36m(WorkerDict pid=2950672)[0m Processed prompts:  72%|███████▏  | 23/32 [06:26<01:06,  7.35s/it, est. speed input: 3.67 toks/s, output: 214.85 toks/s]
[36m(WorkerDict pid=2950673)[0m Processed prompts:  69%|██████▉   | 22/32 [06:29<02:27, 14.75s/it, est. speed input: 5.08 toks/s, output: 152.07 toks/s]
[36m(WorkerDict pid=2950668)[0m Processed prompts:  94%|█████████▍| 30/32 [06:29<00:20, 10.08s/it, est. speed input: 4.16 toks/s, output: 217.11 toks/s]
[36m(WorkerDict pid=2950670)[0m Processed prompts:  22%|██▏       | 7/32 [06:29<09:08, 21.95s/it, est. speed input: 0.78 toks/s, output: 74.85 toks/s]
[36m(WorkerDict pid=2950678)[0m Processed prompts:  53%|█████▎    | 17/32 [06:33<02:45, 11.06s/it, est. speed input: 1.91 toks/s, output: 156.82 toks/s]
[36m(WorkerDict pid=2950663)[0m Processed prompts:  97%|█████████▋| 31/32 [06:34<00:08,  8.95s/it, est. speed input: 3.64 toks/s, output: 266.82 toks/s]
[36m(WorkerDict pid=2950663)[0m [rank0]:E0616 18:35:23.289000 2950663 site-packages/torch/_dynamo/metrics_context.py:105] [0/1] Unexpected exception logging compilation metrics
[36m(WorkerDict pid=2950663)[0m [rank0]:E0616 18:35:23.289000 2950663 site-packages/torch/_dynamo/metrics_context.py:105] [0/1] Traceback (most recent call last):
[36m(WorkerDict pid=2950663)[0m [rank0]:E0616 18:35:23.289000 2950663 site-packages/torch/_dynamo/metrics_context.py:105] [0/1]   File "/usr/local/python3.11.14/lib/python3.11/site-packages/torch/_dynamo/metrics_context.py", line 101, in __exit__
[36m(WorkerDict pid=2950663)[0m [rank0]:E0616 18:35:23.289000 2950663 site-packages/torch/_dynamo/metrics_context.py:105] [0/1]     self._on_exit(
[36m(WorkerDict pid=2950663)[0m [rank0]:E0616 18:35:23.289000 2950663 site-packages/torch/_dynamo/metrics_context.py:105] [0/1]   File "/usr/local/python3.11.14/lib/python3.11/site-packages/torch/_dynamo/utils.py", line 1632, in record_compilation_metrics
[36m(WorkerDict pid=2950663)[0m [rank0]:E0616 18:35:23.289000 2950663 site-packages/torch/_dynamo/metrics_context.py:105] [0/1]     "triton_version": triton.__version__ if has_triton() else "",
[36m(WorkerDict pid=2950663)[0m [rank0]:E0616 18:35:23.289000 2950663 site-packages/torch/_dynamo/metrics_context.py:105] [0/1]                                             ^^^^^^^^^^^^
[36m(WorkerDict pid=2950663)[0m [rank0]:E0616 18:35:23.289000 2950663 site-packages/torch/_dynamo/metrics_context.py:105] [0/1]   File "/usr/local/python3.11.14/lib/python3.11/site-packages/torch/utils/_triton.py", line 159, in has_triton
[36m(WorkerDict pid=2950663)[0m [rank0]:E0616 18:35:23.289000 2950663 site-packages/torch/_dynamo/metrics_context.py:105] [0/1]     return is_device_compatible_with_triton()
[36m(WorkerDict pid=2950663)[0m [rank0]:E0616 18:35:23.289000 2950663 site-packages/torch/_dynamo/metrics_context.py:105] [0/1]            ^^^^^^^^^^^^^^^^^^^^^^^^^^^^^^^^^^
[36m(WorkerDict pid=2950663)[0m [rank0]:E0616 18:35:23.289000 2950663 site-packages/torch/_dynamo/metrics_context.py:105] [0/1]   File "/usr/local/python3.11.14/lib/python3.11/site-packages/torch/utils/_triton.py", line 155, in is_device_compatible_with_triton
[36m(WorkerDict pid=2950663)[0m [rank0]:E0616 18:35:23.289000 2950663 site-packages/torch/_dynamo/metrics_context.py:105] [0/1]     if device_interface.is_available() and extra_check(device_interface):
[36m(WorkerDict pid=2950663)[0m [rank0]:E0616 18:35:23.289000 2950663 site-packages/torch/_dynamo/metrics_context.py:105] [0/1]                                            ^^^^^^^^^^^^^^^^^^^^^^^^^^^^^
[36m(WorkerDict pid=2950663)[0m [rank0]:E0616 18:35:23.289000 2950663 site-packages/torch/_dynamo/metrics_context.py:105] [0/1]   File "/usr/local/python3.11.14/lib/python3.11/site-packages/torch/utils/_triton.py", line 135, in cuda_extra_check
[36m(WorkerDict pid=2950663)[0m [rank0]:E0616 18:35:23.289000 2950663 site-packages/torch/_dynamo/metrics_context.py:105] [0/1]     return device_interface.Worker.get_device_properties().major >= 7
[36m(WorkerDict pid=2950663)[0m [rank0]:E0616 18:35:23.289000 2950663 site-packages/torch/_dynamo/metrics_context.py:105] [0/1]            ^^^^^^^^^^^^^^^^^^^^^^^^^^^^^^^^^^^^^^^^^^^^^^^^^^^^^^^^^^
[36m(WorkerDict pid=2950663)[0m [rank0]:E0616 18:35:23.289000 2950663 site-packages/torch/_dynamo/metrics_context.py:105] [0/1] TypeError: '>=' not supported between instances of 'NoneType' and 'int'
[36m(WorkerDict pid=2950663)[0m Processed prompts: 100%|██████████| 32/32 [06:35<00:00,  6.60s/it, est. speed input: 3.76 toks/s, output: 277.86 toks/s]Processed prompts: 100%|██████████| 32/32 [06:35<00:00,  6.60s/it, est. speed input: 3.76 toks/s, output: 277.86 toks/s]
[36m(WorkerDict pid=2950673)[0m Processed prompts:  72%|███████▏  | 23/32 [06:37<01:55, 12.83s/it, est. speed input: 5.20 toks/s, output: 160.64 toks/s]
[36m(WorkerDict pid=2950670)[0m Processed prompts:  25%|██▌       | 8/32 [06:40<07:19, 18.33s/it, est. speed input: 0.84 toks/s, output: 84.66 toks/s]
[36m(WorkerDict pid=2950670)[0m Processed prompts:  28%|██▊       | 9/32 [06:41<04:58, 12.98s/it, est. speed input: 0.92 toks/s, output: 96.19 toks/s]
[36m(WorkerDict pid=2950677)[0m Processed prompts:   6%|▋         | 2/32 [06:42<1:28:03, 176.12s/it, est. speed input: 0.50 toks/s, output: 21.80 toks/s]
[36m(WorkerDict pid=2950668)[0m Processed prompts:  97%|█████████▋| 31/32 [06:42<00:11, 11.15s/it, est. speed input: 4.19 toks/s, output: 221.56 toks/s]
[36m(WorkerDict pid=2950668)[0m [rank4]:E0616 18:35:32.219000 2950668 site-packages/torch/_dynamo/metrics_context.py:105] [0/1] Unexpected exception logging compilation metrics
[36m(WorkerDict pid=2950668)[0m [rank4]:E0616 18:35:32.219000 2950668 site-packages/torch/_dynamo/metrics_context.py:105] [0/1] Traceback (most recent call last):
[36m(WorkerDict pid=2950668)[0m [rank4]:E0616 18:35:32.219000 2950668 site-packages/torch/_dynamo/metrics_context.py:105] [0/1]   File "/usr/local/python3.11.14/lib/python3.11/site-packages/torch/_dynamo/metrics_context.py", line 101, in __exit__
[36m(WorkerDict pid=2950668)[0m [rank4]:E0616 18:35:32.219000 2950668 site-packages/torch/_dynamo/metrics_context.py:105] [0/1]     self._on_exit(
[36m(WorkerDict pid=2950668)[0m [rank4]:E0616 18:35:32.219000 2950668 site-packages/torch/_dynamo/metrics_context.py:105] [0/1]   File "/usr/local/python3.11.14/lib/python3.11/site-packages/torch/_dynamo/utils.py", line 1632, in record_compilation_metrics
[36m(WorkerDict pid=2950668)[0m [rank4]:E0616 18:35:32.219000 2950668 site-packages/torch/_dynamo/metrics_context.py:105] [0/1]     "triton_version": triton.__version__ if has_triton() else "",
[36m(WorkerDict pid=2950668)[0m [rank4]:E0616 18:35:32.219000 2950668 site-packages/torch/_dynamo/metrics_context.py:105] [0/1]                                             ^^^^^^^^^^^^
[36m(WorkerDict pid=2950668)[0m [rank4]:E0616 18:35:32.219000 2950668 site-packages/torch/_dynamo/metrics_context.py:105] [0/1]   File "/usr/local/python3.11.14/lib/python3.11/site-packages/torch/utils/_triton.py", line 159, in has_triton
[36m(WorkerDict pid=2950668)[0m [rank4]:E0616 18:35:32.219000 2950668 site-packages/torch/_dynamo/metrics_context.py:105] [0/1]     return is_device_compatible_with_triton()
[36m(WorkerDict pid=2950668)[0m [rank4]:E0616 18:35:32.219000 2950668 site-packages/torch/_dynamo/metrics_context.py:105] [0/1]            ^^^^^^^^^^^^^^^^^^^^^^^^^^^^^^^^^^
[36m(WorkerDict pid=2950668)[0m [rank4]:E0616 18:35:32.219000 2950668 site-packages/torch/_dynamo/metrics_context.py:105] [0/1]   File "/usr/local/python3.11.14/lib/python3.11/site-packages/torch/utils/_triton.py", line 155, in is_device_compatible_with_triton
[36m(WorkerDict pid=2950668)[0m [rank4]:E0616 18:35:32.219000 2950668 site-packages/torch/_dynamo/metrics_context.py:105] [0/1]     if device_interface.is_available() and extra_check(device_interface):
[36m(WorkerDict pid=2950668)[0m [rank4]:E0616 18:35:32.219000 2950668 site-packages/torch/_dynamo/metrics_context.py:105] [0/1]                                            ^^^^^^^^^^^^^^^^^^^^^^^^^^^^^
[36m(WorkerDict pid=2950668)[0m [rank4]:E0616 18:35:32.219000 2950668 site-packages/torch/_dynamo/metrics_context.py:105] [0/1]   File "/usr/local/python3.11.14/lib/python3.11/site-packages/torch/utils/_triton.py", line 135, in cuda_extra_check
[36m(WorkerDict pid=2950668)[0m [rank4]:E0616 18:35:32.219000 2950668 site-packages/torch/_dynamo/metrics_context.py:105] [0/1]     return device_interface.Worker.get_device_properties().major >= 7
[36m(WorkerDict pid=2950668)[0m [rank4]:E0616 18:35:32.219000 2950668 site-packages/torch/_dynamo/metrics_context.py:105] [0/1]            ^^^^^^^^^^^^^^^^^^^^^^^^^^^^^^^^^^^^^^^^^^^^^^^^^^^^^^^^^^
[36m(WorkerDict pid=2950668)[0m [rank4]:E0616 18:35:32.219000 2950668 site-packages/torch/_dynamo/metrics_context.py:105] [0/1] TypeError: '>=' not supported between instances of 'NoneType' and 'int'
[36m(WorkerDict pid=2950672)[0m Processed prompts:  75%|███████▌  | 24/32 [06:44<01:25, 10.64s/it, est. speed input: 3.71 toks/s, output: 216.88 toks/s]
[36m(WorkerDict pid=2950670)[0m Processed prompts:  31%|███▏      | 10/32 [06:44<03:37,  9.90s/it, est. speed input: 0.99 toks/s, output: 107.26 toks/s]
[36m(WorkerDict pid=2950673)[0m Processed prompts:  75%|███████▌  | 24/32 [06:45<01:31, 11.44s/it, est. speed input: 5.33 toks/s, output: 169.16 toks/s]
[36m(WorkerDict pid=2950675)[0m Processed prompts:  88%|████████▊ | 28/32 [06:45<00:59, 14.87s/it, est. speed input: 3.56 toks/s, output: 217.60 toks/s]
[36m(WorkerDict pid=2950670)[0m Processed prompts:  34%|███▍      | 11/32 [06:45<02:31,  7.19s/it, est. speed input: 1.16 toks/s, output: 118.78 toks/s]
[36m(WorkerDict pid=2950672)[0m Processed prompts:  78%|███████▊  | 25/32 [06:47<00:57,  8.26s/it, est. speed input: 3.90 toks/s, output: 227.21 toks/s]
[36m(WorkerDict pid=2950673)[0m Processed prompts:  78%|███████▊  | 25/32 [06:48<01:02,  8.92s/it, est. speed input: 5.51 toks/s, output: 179.68 toks/s]
[36m(WorkerDict pid=2950672)[0m Processed prompts:  81%|████████▏ | 26/32 [06:49<00:38,  6.48s/it, est. speed input: 4.09 toks/s, output: 237.71 toks/s]
[36m(WorkerDict pid=2950670)[0m Processed prompts:  38%|███▊      | 12/32 [06:50<02:09,  6.48s/it, est. speed input: 1.32 toks/s, output: 129.18 toks/s]
[36m(WorkerDict pid=2950678)[0m Processed prompts:  56%|█████▋    | 18/32 [06:52<03:08, 13.45s/it, est. speed input: 2.08 toks/s, output: 161.38 toks/s]
[36m(WorkerDict pid=2950673)[0m Processed prompts:  81%|████████▏ | 26/32 [06:52<00:45,  7.51s/it, est. speed input: 5.68 toks/s, output: 189.61 toks/s]
[36m(WorkerDict pid=2950672)[0m Processed prompts:  84%|████████▍ | 27/32 [06:57<00:35,  7.01s/it, est. speed input: 4.22 toks/s, output: 244.80 toks/s]
[36m(WorkerDict pid=2950678)[0m Processed prompts:  62%|██████▎   | 20/32 [06:59<01:46,  8.84s/it, est. speed input: 2.19 toks/s, output: 182.09 toks/s]
[36m(WorkerDict pid=2950673)[0m Processed prompts:  84%|████████▍ | 27/32 [07:00<00:37,  7.54s/it, est. speed input: 5.79 toks/s, output: 197.98 toks/s]
[36m(WorkerDict pid=2950679)[0m Processed prompts:   3%|▎         | 1/32 [07:02<3:38:20, 422.61s/it, est. speed input: 0.27 toks/s, output: 11.79 toks/s]
[36m(WorkerDict pid=2950677)[0m Processed prompts:   9%|▉         | 3/32 [07:08<51:53, 107.36s/it, est. speed input: 0.71 toks/s, output: 32.29 toks/s]  
[36m(WorkerDict pid=2950678)[0m Processed prompts:  66%|██████▌   | 21/32 [07:12<01:48,  9.87s/it, est. speed input: 2.37 toks/s, output: 188.44 toks/s]
[36m(WorkerDict pid=2950670)[0m Processed prompts:  41%|████      | 13/32 [07:14<03:42, 11.72s/it, est. speed input: 1.32 toks/s, output: 133.93 toks/s]
[36m(WorkerDict pid=2950679)[0m Processed prompts:   6%|▋         | 2/32 [07:19<1:31:53, 183.77s/it, est. speed input: 0.53 toks/s, output: 23.15 toks/s]
[36m(WorkerDict pid=2950668)[0m Processed prompts: 100%|██████████| 32/32 [07:18<00:00, 18.54s/it, est. speed input: 4.01 toks/s, output: 215.34 toks/s]Processed prompts: 100%|██████████| 32/32 [07:18<00:00, 18.54s/it, est. speed input: 4.01 toks/s, output: 215.34 toks/s]
[36m(WorkerDict pid=2950672)[0m Processed prompts:  88%|████████▊ | 28/32 [07:24<00:51, 12.81s/it, est. speed input: 4.08 toks/s, output: 242.07 toks/s]
[36m(WorkerDict pid=2950673)[0m Processed prompts:  88%|████████▊ | 28/32 [07:24<00:49, 12.48s/it, est. speed input: 5.69 toks/s, output: 199.08 toks/s]
[36m(WorkerDict pid=2950676)[0m Processed prompts:  56%|█████▋    | 18/32 [07:24<15:59, 68.55s/it, est. speed input: 2.68 toks/s, output: 74.51 toks/s]
[36m(WorkerDict pid=2950679)[0m Processed prompts:   9%|▉         | 3/32 [07:24<49:30, 102.43s/it, est. speed input: 0.78 toks/s, output: 34.65 toks/s]  
[36m(WorkerDict pid=2950670)[0m Processed prompts:  44%|████▍     | 14/32 [07:27<03:38, 12.15s/it, est. speed input: 1.43 toks/s, output: 141.81 toks/s]
[36m(WorkerDict pid=2950672)[0m Processed prompts:  91%|█████████ | 29/32 [07:29<00:31, 10.50s/it, est. speed input: 4.23 toks/s, output: 251.12 toks/s]
[36m(WorkerDict pid=2950670)[0m Processed prompts:  47%|████▋     | 15/32 [07:32<02:50, 10.04s/it, est. speed input: 1.49 toks/s, output: 152.03 toks/s]
[36m(WorkerDict pid=2950673)[0m Processed prompts:  91%|█████████ | 29/32 [07:34<00:35, 11.68s/it, est. speed input: 5.77 toks/s, output: 206.58 toks/s]
[36m(WorkerDict pid=2950677)[0m Processed prompts:  12%|█▎        | 4/32 [07:35<35:17, 75.61s/it, est. speed input: 0.89 toks/s, output: 42.19 toks/s] 
[36m(WorkerDict pid=2950670)[0m Processed prompts:  50%|█████     | 16/32 [07:34<02:01,  7.59s/it, est. speed input: 1.64 toks/s, output: 163.21 toks/s]
[36m(WorkerDict pid=2950676)[0m Processed prompts:  59%|█████▉    | 19/32 [07:38<11:19, 52.23s/it, est. speed input: 2.93 toks/s, output: 84.02 toks/s]
[36m(WorkerDict pid=2950678)[0m Processed prompts:  69%|██████▉   | 22/32 [07:41<02:30, 15.04s/it, est. speed input: 2.45 toks/s, output: 188.17 toks/s]
[36m(WorkerDict pid=2950671)[0m Processed prompts:   6%|▋         | 2/32 [07:41<1:42:32, 205.08s/it, est. speed input: 0.33 toks/s, output: 21.40 toks/s]
[36m(WorkerDict pid=2950678)[0m Processed prompts:  72%|███████▏  | 23/32 [07:43<01:42, 11.40s/it, est. speed input: 2.67 toks/s, output: 199.30 toks/s]
[36m(WorkerDict pid=2950670)[0m Processed prompts:  53%|█████▎    | 17/32 [07:44<02:02,  8.17s/it, est. speed input: 1.75 toks/s, output: 171.69 toks/s]
[36m(WorkerDict pid=2950676)[0m Processed prompts:  62%|██████▎   | 20/32 [07:47<07:52, 39.39s/it, est. speed input: 3.21 toks/s, output: 94.15 toks/s]
[36m(WorkerDict pid=2950673)[0m Processed prompts:  94%|█████████▍| 30/32 [07:49<00:25, 12.66s/it, est. speed input: 5.78 toks/s, output: 211.81 toks/s]
[36m(WorkerDict pid=2950670)[0m Processed prompts:  56%|█████▋    | 18/32 [07:50<01:47,  7.71s/it, est. speed input: 1.87 toks/s, output: 181.10 toks/s]
[36m(WorkerDict pid=2950677)[0m Processed prompts:  16%|█▌        | 5/32 [07:53<24:40, 54.85s/it, est. speed input: 1.07 toks/s, output: 52.38 toks/s]
[36m(WorkerDict pid=2950678)[0m Processed prompts:  75%|███████▌  | 24/32 [07:54<01:30, 11.31s/it, est. speed input: 2.83 toks/s, output: 206.46 toks/s]
[36m(WorkerDict pid=2950677)[0m Processed prompts:  19%|█▉        | 6/32 [07:57<16:17, 37.59s/it, est. speed input: 1.27 toks/s, output: 63.73 toks/s]
[36m(WorkerDict pid=2950678)[0m Processed prompts:  78%|███████▊  | 25/32 [07:57<01:03,  9.02s/it, est. speed input: 3.03 toks/s, output: 216.85 toks/s]
[36m(WorkerDict pid=2950670)[0m Processed prompts:  59%|█████▉    | 19/32 [07:57<01:37,  7.52s/it, est. speed input: 1.92 toks/s, output: 190.25 toks/s]
[36m(WorkerDict pid=2950670)[0m Processed prompts:  62%|██████▎   | 20/32 [07:58<01:04,  5.33s/it, est. speed input: 2.06 toks/s, output: 201.98 toks/s]
[36m(WorkerDict pid=2950670)[0m Processed prompts:  66%|██████▌   | 21/32 [08:02<00:55,  5.09s/it, est. speed input: 2.11 toks/s, output: 211.92 toks/s]
[36m(WorkerDict pid=2950679)[0m Processed prompts:  12%|█▎        | 4/32 [08:03<36:07, 77.42s/it, est. speed input: 0.96 toks/s, output: 43.66 toks/s] 
[36m(WorkerDict pid=2950679)[0m Processed prompts:  16%|█▌        | 5/32 [08:04<22:21, 49.68s/it, est. speed input: 1.20 toks/s, output: 55.43 toks/s]
[36m(WorkerDict pid=2950672)[0m Processed prompts:  94%|█████████▍| 30/32 [08:05<00:36, 18.07s/it, est. speed input: 4.09 toks/s, output: 244.44 toks/s]
[36m(WorkerDict pid=2950678)[0m Processed prompts:  81%|████████▏ | 26/32 [08:04<00:50,  8.46s/it, est. speed input: 3.21 toks/s, output: 225.50 toks/s]
[36m(WorkerDict pid=2950670)[0m Processed prompts:  69%|██████▉   | 22/32 [08:09<00:56,  5.66s/it, est. speed input: 2.14 toks/s, output: 220.74 toks/s]
[36m(WorkerDict pid=2950677)[0m Processed prompts:  22%|██▏       | 7/32 [08:11<12:27, 29.89s/it, est. speed input: 1.44 toks/s, output: 73.73 toks/s]
[36m(WorkerDict pid=2950676)[0m Processed prompts:  66%|██████▌   | 21/32 [08:10<06:19, 34.52s/it, est. speed input: 3.37 toks/s, output: 101.53 toks/s]
[36m(WorkerDict pid=2950670)[0m Processed prompts:  72%|███████▏  | 23/32 [08:11<00:39,  4.42s/it, est. speed input: 2.21 toks/s, output: 231.90 toks/s]
[36m(WorkerDict pid=2950676)[0m Processed prompts:  69%|██████▉   | 22/32 [08:13<04:08, 24.88s/it, est. speed input: 3.67 toks/s, output: 112.88 toks/s]
[36m(WorkerDict pid=2950671)[0m Processed prompts:   9%|▉         | 3/32 [08:14<1:01:05, 126.41s/it, est. speed input: 0.46 toks/s, output: 31.83 toks/s]
[36m(WorkerDict pid=2950676)[0m Processed prompts:  72%|███████▏  | 23/32 [08:17<02:49, 18.79s/it, est. speed input: 3.95 toks/s, output: 123.68 toks/s]
[36m(WorkerDict pid=2950673)[0m Processed prompts:  97%|█████████▋| 31/32 [08:18<00:17, 17.68s/it, est. speed input: 5.62 toks/s, output: 211.15 toks/s]
[36m(WorkerDict pid=2950673)[0m [rank2]:E0616 18:37:06.596000 2950673 site-packages/torch/_dynamo/metrics_context.py:105] [0/1] Unexpected exception logging compilation metrics
[36m(WorkerDict pid=2950673)[0m [rank2]:E0616 18:37:06.596000 2950673 site-packages/torch/_dynamo/metrics_context.py:105] [0/1] Traceback (most recent call last):
[36m(WorkerDict pid=2950673)[0m [rank2]:E0616 18:37:06.596000 2950673 site-packages/torch/_dynamo/metrics_context.py:105] [0/1]   File "/usr/local/python3.11.14/lib/python3.11/site-packages/torch/_dynamo/metrics_context.py", line 101, in __exit__
[36m(WorkerDict pid=2950673)[0m [rank2]:E0616 18:37:06.596000 2950673 site-packages/torch/_dynamo/metrics_context.py:105] [0/1]     self._on_exit(
[36m(WorkerDict pid=2950673)[0m [rank2]:E0616 18:37:06.596000 2950673 site-packages/torch/_dynamo/metrics_context.py:105] [0/1]   File "/usr/local/python3.11.14/lib/python3.11/site-packages/torch/_dynamo/utils.py", line 1632, in record_compilation_metrics
[36m(WorkerDict pid=2950673)[0m [rank2]:E0616 18:37:06.596000 2950673 site-packages/torch/_dynamo/metrics_context.py:105] [0/1]     "triton_version": triton.__version__ if has_triton() else "",
[36m(WorkerDict pid=2950673)[0m [rank2]:E0616 18:37:06.596000 2950673 site-packages/torch/_dynamo/metrics_context.py:105] [0/1]                                             ^^^^^^^^^^^^
[36m(WorkerDict pid=2950673)[0m [rank2]:E0616 18:37:06.596000 2950673 site-packages/torch/_dynamo/metrics_context.py:105] [0/1]   File "/usr/local/python3.11.14/lib/python3.11/site-packages/torch/utils/_triton.py", line 159, in has_triton
[36m(WorkerDict pid=2950673)[0m [rank2]:E0616 18:37:06.596000 2950673 site-packages/torch/_dynamo/metrics_context.py:105] [0/1]     return is_device_compatible_with_triton()
[36m(WorkerDict pid=2950673)[0m [rank2]:E0616 18:37:06.596000 2950673 site-packages/torch/_dynamo/metrics_context.py:105] [0/1]            ^^^^^^^^^^^^^^^^^^^^^^^^^^^^^^^^^^
[36m(WorkerDict pid=2950673)[0m [rank2]:E0616 18:37:06.596000 2950673 site-packages/torch/_dynamo/metrics_context.py:105] [0/1]   File "/usr/local/python3.11.14/lib/python3.11/site-packages/torch/utils/_triton.py", line 155, in is_device_compatible_with_triton
[36m(WorkerDict pid=2950673)[0m [rank2]:E0616 18:37:06.596000 2950673 site-packages/torch/_dynamo/metrics_context.py:105] [0/1]     if device_interface.is_available() and extra_check(device_interface):
[36m(WorkerDict pid=2950673)[0m [rank2]:E0616 18:37:06.596000 2950673 site-packages/torch/_dynamo/metrics_context.py:105] [0/1]                                            ^^^^^^^^^^^^^^^^^^^^^^^^^^^^^
[36m(WorkerDict pid=2950673)[0m [rank2]:E0616 18:37:06.596000 2950673 site-packages/torch/_dynamo/metrics_context.py:105] [0/1]   File "/usr/local/python3.11.14/lib/python3.11/site-packages/torch/utils/_triton.py", line 135, in cuda_extra_check
[36m(WorkerDict pid=2950673)[0m [rank2]:E0616 18:37:06.596000 2950673 site-packages/torch/_dynamo/metrics_context.py:105] [0/1]     return device_interface.Worker.get_device_properties().major >= 7
[36m(WorkerDict pid=2950673)[0m [rank2]:E0616 18:37:06.596000 2950673 site-packages/torch/_dynamo/metrics_context.py:105] [0/1]            ^^^^^^^^^^^^^^^^^^^^^^^^^^^^^^^^^^^^^^^^^^^^^^^^^^^^^^^^^^
[36m(WorkerDict pid=2950673)[0m [rank2]:E0616 18:37:06.596000 2950673 site-packages/torch/_dynamo/metrics_context.py:105] [0/1] TypeError: '>=' not supported between instances of 'NoneType' and 'int'
[36m(WorkerDict pid=2950676)[0m Processed prompts:  75%|███████▌  | 24/32 [08:20<01:51, 13.94s/it, est. speed input: 4.24 toks/s, output: 134.88 toks/s]
[36m(WorkerDict pid=2950677)[0m Processed prompts:  25%|██▌       | 8/32 [08:22<09:33, 23.89s/it, est. speed input: 1.61 toks/s, output: 83.95 toks/s]
[36m(WorkerDict pid=2950672)[0m Processed prompts:  97%|█████████▋| 31/32 [08:24<00:18, 18.46s/it, est. speed input: 4.11 toks/s, output: 246.89 toks/s]
[36m(WorkerDict pid=2950672)[0m [rank8]:E0616 18:37:12.572000 2950672 site-packages/torch/_dynamo/metrics_context.py:105] [0/1] Unexpected exception logging compilation metrics
[36m(WorkerDict pid=2950672)[0m [rank8]:E0616 18:37:12.572000 2950672 site-packages/torch/_dynamo/metrics_context.py:105] [0/1] Traceback (most recent call last):
[36m(WorkerDict pid=2950672)[0m [rank8]:E0616 18:37:12.572000 2950672 site-packages/torch/_dynamo/metrics_context.py:105] [0/1]   File "/usr/local/python3.11.14/lib/python3.11/site-packages/torch/_dynamo/metrics_context.py", line 101, in __exit__
[36m(WorkerDict pid=2950672)[0m [rank8]:E0616 18:37:12.572000 2950672 site-packages/torch/_dynamo/metrics_context.py:105] [0/1]     self._on_exit(
[36m(WorkerDict pid=2950672)[0m [rank8]:E0616 18:37:12.572000 2950672 site-packages/torch/_dynamo/metrics_context.py:105] [0/1]   File "/usr/local/python3.11.14/lib/python3.11/site-packages/torch/_dynamo/utils.py", line 1632, in record_compilation_metrics
[36m(WorkerDict pid=2950672)[0m [rank8]:E0616 18:37:12.572000 2950672 site-packages/torch/_dynamo/metrics_context.py:105] [0/1]     "triton_version": triton.__version__ if has_triton() else "",
[36m(WorkerDict pid=2950672)[0m [rank8]:E0616 18:37:12.572000 2950672 site-packages/torch/_dynamo/metrics_context.py:105] [0/1]                                             ^^^^^^^^^^^^
[36m(WorkerDict pid=2950672)[0m [rank8]:E0616 18:37:12.572000 2950672 site-packages/torch/_dynamo/metrics_context.py:105] [0/1]   File "/usr/local/python3.11.14/lib/python3.11/site-packages/torch/utils/_triton.py", line 159, in has_triton
[36m(WorkerDict pid=2950672)[0m [rank8]:E0616 18:37:12.572000 2950672 site-packages/torch/_dynamo/metrics_context.py:105] [0/1]     return is_device_compatible_with_triton()
[36m(WorkerDict pid=2950672)[0m [rank8]:E0616 18:37:12.572000 2950672 site-packages/torch/_dynamo/metrics_context.py:105] [0/1]            ^^^^^^^^^^^^^^^^^^^^^^^^^^^^^^^^^^
[36m(WorkerDict pid=2950672)[0m [rank8]:E0616 18:37:12.572000 2950672 site-packages/torch/_dynamo/metrics_context.py:105] [0/1]   File "/usr/local/python3.11.14/lib/python3.11/site-packages/torch/utils/_triton.py", line 155, in is_device_compatible_with_triton
[36m(WorkerDict pid=2950672)[0m [rank8]:E0616 18:37:12.572000 2950672 site-packages/torch/_dynamo/metrics_context.py:105] [0/1]     if device_interface.is_available() and extra_check(device_interface):
[36m(WorkerDict pid=2950672)[0m [rank8]:E0616 18:37:12.572000 2950672 site-packages/torch/_dynamo/metrics_context.py:105] [0/1]                                            ^^^^^^^^^^^^^^^^^^^^^^^^^^^^^
[36m(WorkerDict pid=2950672)[0m [rank8]:E0616 18:37:12.572000 2950672 site-packages/torch/_dynamo/metrics_context.py:105] [0/1]   File "/usr/local/python3.11.14/lib/python3.11/site-packages/torch/utils/_triton.py", line 135, in cuda_extra_check
[36m(WorkerDict pid=2950672)[0m [rank8]:E0616 18:37:12.572000 2950672 site-packages/torch/_dynamo/metrics_context.py:105] [0/1]     return device_interface.Worker.get_device_properties().major >= 7
[36m(WorkerDict pid=2950672)[0m [rank8]:E0616 18:37:12.572000 2950672 site-packages/torch/_dynamo/metrics_context.py:105] [0/1]            ^^^^^^^^^^^^^^^^^^^^^^^^^^^^^^^^^^^^^^^^^^^^^^^^^^^^^^^^^^
[36m(WorkerDict pid=2950672)[0m [rank8]:E0616 18:37:12.572000 2950672 site-packages/torch/_dynamo/metrics_context.py:105] [0/1] TypeError: '>=' not supported between instances of 'NoneType' and 'int'
[36m(WorkerDict pid=2950676)[0m Processed prompts:  78%|███████▊  | 25/32 [08:28<01:23, 11.99s/it, est. speed input: 4.48 toks/s, output: 144.75 toks/s]
[36m(WorkerDict pid=2950670)[0m Processed prompts:  75%|███████▌  | 24/32 [08:28<01:05,  8.19s/it, est. speed input: 2.27 toks/s, output: 236.00 toks/s]
[36m(WorkerDict pid=2950670)[0m Processed prompts:  78%|███████▊  | 25/32 [08:28<00:41,  5.90s/it, est. speed input: 2.40 toks/s, output: 247.61 toks/s]
[36m(WorkerDict pid=2950673)[0m Processed prompts: 100%|██████████| 32/32 [08:32<00:00, 16.52s/it, est. speed input: 5.65 toks/s, output: 217.31 toks/s]Processed prompts: 100%|██████████| 32/32 [08:32<00:00, 16.52s/it, est. speed input: 5.65 toks/s, output: 217.31 toks/s]
[36m(WorkerDict pid=2950678)[0m Processed prompts:  84%|████████▍ | 27/32 [08:32<01:09, 13.97s/it, est. speed input: 3.24 toks/s, output: 225.36 toks/s]
[36m(WorkerDict pid=2950677)[0m Processed prompts:  28%|██▊       | 9/32 [08:35<07:54, 20.65s/it, est. speed input: 1.76 toks/s, output: 93.60 toks/s]
[36m(WorkerDict pid=2950671)[0m Processed prompts:  12%|█▎        | 4/32 [08:36<39:42, 85.09s/it, est. speed input: 0.59 toks/s, output: 42.36 toks/s]   
[36m(WorkerDict pid=2950677)[0m Processed prompts:  31%|███▏      | 10/32 [08:39<05:39, 15.41s/it, est. speed input: 1.94 toks/s, output: 104.80 toks/s]
[36m(WorkerDict pid=2950671)[0m Processed prompts:  16%|█▌        | 5/32 [08:39<24:58, 55.50s/it, est. speed input: 0.73 toks/s, output: 54.00 toks/s]
[36m(WorkerDict pid=2950679)[0m Processed prompts:  22%|██▏       | 7/32 [08:43<14:17, 34.30s/it, est. speed input: 1.55 toks/s, output: 74.14 toks/s]
[36m(WorkerDict pid=2950678)[0m Processed prompts:  88%|████████▊ | 28/32 [08:46<00:55, 13.93s/it, est. speed input: 3.36 toks/s, output: 231.32 toks/s]
[36m(WorkerDict pid=2950671)[0m Processed prompts:  19%|█▉        | 6/32 [08:46<16:57, 39.14s/it, est. speed input: 0.87 toks/s, output: 65.16 toks/s]
[36m(WorkerDict pid=2950679)[0m Processed prompts:  25%|██▌       | 8/32 [08:48<10:35, 26.49s/it, est. speed input: 1.76 toks/s, output: 85.34 toks/s]
[36m(WorkerDict pid=2950672)[0m Processed prompts: 100%|██████████| 32/32 [08:50<00:00, 20.63s/it, est. speed input: 4.07 toks/s, output: 246.82 toks/s]Processed prompts: 100%|██████████| 32/32 [08:50<00:00, 20.63s/it, est. speed input: 4.07 toks/s, output: 246.82 toks/s]
[36m(WorkerDict pid=2950677)[0m Processed prompts:  34%|███▍      | 11/32 [08:51<05:00, 14.33s/it, est. speed input: 2.09 toks/s, output: 114.35 toks/s]
[36m(WorkerDict pid=2950671)[0m Processed prompts:  22%|██▏       | 7/32 [08:58<12:35, 30.24s/it, est. speed input: 0.99 toks/s, output: 75.63 toks/s]
[36m(WorkerDict pid=2950679)[0m Processed prompts:  28%|██▊       | 9/32 [09:01<08:43, 22.76s/it, est. speed input: 1.93 toks/s, output: 95.19 toks/s]
[36m(WorkerDict pid=2950671)[0m Processed prompts:  25%|██▌       | 8/32 [09:03<08:53, 22.23s/it, est. speed input: 1.12 toks/s, output: 86.85 toks/s]
[36m(WorkerDict pid=2950671)[0m Processed prompts:  28%|██▊       | 9/32 [09:06<06:12, 16.20s/it, est. speed input: 1.25 toks/s, output: 98.30 toks/s]
[36m(WorkerDict pid=2950670)[0m Processed prompts:  81%|████████▏ | 26/32 [09:08<01:37, 16.17s/it, est. speed input: 2.35 toks/s, output: 241.43 toks/s]
[36m(WorkerDict pid=2950671)[0m Processed prompts:  31%|███▏      | 10/32 [09:11<04:37, 12.63s/it, est. speed input: 1.38 toks/s, output: 109.40 toks/s]
[36m(WorkerDict pid=2950676)[0m Processed prompts:  81%|████████▏ | 26/32 [09:13<02:12, 22.05s/it, est. speed input: 4.39 toks/s, output: 144.78 toks/s]
[36m(WorkerDict pid=2950675)[0m Processed prompts:  91%|█████████ | 29/32 [09:14<02:45, 55.19s/it, est. speed input: 2.74 toks/s, output: 170.97 toks/s]
[36m(WorkerDict pid=2950678)[0m Processed prompts:  91%|█████████ | 29/32 [09:16<00:56, 18.68s/it, est. speed input: 3.37 toks/s, output: 230.80 toks/s]
[36m(WorkerDict pid=2950666)[0m Processed prompts:  53%|█████▎    | 17/32 [09:17<27:03, 108.26s/it, est. speed input: 1.16 toks/s, output: 65.85 toks/s]
[36m(WorkerDict pid=2950676)[0m Processed prompts:  84%|████████▍ | 27/32 [09:18<01:24, 17.00s/it, est. speed input: 4.63 toks/s, output: 155.37 toks/s]
[36m(WorkerDict pid=2950671)[0m Processed prompts:  34%|███▍      | 11/32 [09:20<04:07, 11.80s/it, est. speed input: 1.49 toks/s, output: 119.43 toks/s]
[36m(WorkerDict pid=2950670)[0m Processed prompts:  84%|████████▍ | 27/32 [09:21<01:15, 15.05s/it, est. speed input: 2.36 toks/s, output: 248.03 toks/s]
[36m(WorkerDict pid=2950675)[0m Processed prompts:  94%|█████████▍| 30/32 [09:29<01:26, 43.18s/it, est. speed input: 2.80 toks/s, output: 178.38 toks/s]
[36m(WorkerDict pid=2950666)[0m Processed prompts:  56%|█████▋    | 18/32 [09:30<18:35, 79.65s/it, est. speed input: 1.28 toks/s, output: 76.31 toks/s] 
[36m(WorkerDict pid=2950679)[0m Processed prompts:  31%|███▏      | 10/32 [09:37<09:48, 26.73s/it, est. speed input: 2.01 toks/s, output: 101.08 toks/s]
[36m(WorkerDict pid=2950670)[0m Processed prompts:  88%|████████▊ | 28/32 [09:38<01:03, 15.83s/it, est. speed input: 2.34 toks/s, output: 252.44 toks/s]
[36m(WorkerDict pid=2950676)[0m Processed prompts:  88%|████████▊ | 28/32 [09:39<01:12, 18.15s/it, est. speed input: 4.73 toks/s, output: 161.75 toks/s]
[36m(WorkerDict pid=2950679)[0m Processed prompts:  34%|███▍      | 11/32 [09:47<07:37, 21.79s/it, est. speed input: 2.17 toks/s, output: 111.41 toks/s]
[36m(WorkerDict pid=2950677)[0m Processed prompts:  38%|███▊      | 12/32 [09:49<09:09, 27.48s/it, est. speed input: 2.06 toks/s, output: 115.14 toks/s]
[36m(WorkerDict pid=2950666)[0m Processed prompts:  59%|█████▉    | 19/32 [10:04<14:15, 65.78s/it, est. speed input: 1.35 toks/s, output: 84.11 toks/s]
[36m(WorkerDict pid=2950678)[0m Processed prompts:  94%|█████████▍| 30/32 [10:05<00:55, 27.83s/it, est. speed input: 3.27 toks/s, output: 223.96 toks/s]
[36m(WorkerDict pid=2950676)[0m Processed prompts:  91%|█████████ | 29/32 [10:06<01:02, 20.80s/it, est. speed input: 4.77 toks/s, output: 166.56 toks/s]
[36m(WorkerDict pid=2950676)[0m Processed prompts:  94%|█████████▍| 30/32 [10:12<00:32, 16.40s/it, est. speed input: 4.98 toks/s, output: 176.90 toks/s]
[36m(WorkerDict pid=2950676)[0m Processed prompts:  97%|█████████▋| 31/32 [10:16<00:12, 12.63s/it, est. speed input: 5.20 toks/s, output: 187.81 toks/s]
[36m(WorkerDict pid=2950676)[0m [rank11]:E0616 18:39:04.942000 2950676 site-packages/torch/_dynamo/metrics_context.py:105] [0/1] Unexpected exception logging compilation metrics
[36m(WorkerDict pid=2950676)[0m [rank11]:E0616 18:39:04.942000 2950676 site-packages/torch/_dynamo/metrics_context.py:105] [0/1] Traceback (most recent call last):
[36m(WorkerDict pid=2950676)[0m [rank11]:E0616 18:39:04.942000 2950676 site-packages/torch/_dynamo/metrics_context.py:105] [0/1]   File "/usr/local/python3.11.14/lib/python3.11/site-packages/torch/_dynamo/metrics_context.py", line 101, in __exit__
[36m(WorkerDict pid=2950676)[0m [rank11]:E0616 18:39:04.942000 2950676 site-packages/torch/_dynamo/metrics_context.py:105] [0/1]     self._on_exit(
[36m(WorkerDict pid=2950676)[0m [rank11]:E0616 18:39:04.942000 2950676 site-packages/torch/_dynamo/metrics_context.py:105] [0/1]   File "/usr/local/python3.11.14/lib/python3.11/site-packages/torch/_dynamo/utils.py", line 1632, in record_compilation_metrics
[36m(WorkerDict pid=2950676)[0m [rank11]:E0616 18:39:04.942000 2950676 site-packages/torch/_dynamo/metrics_context.py:105] [0/1]     "triton_version": triton.__version__ if has_triton() else "",
[36m(WorkerDict pid=2950676)[0m [rank11]:E0616 18:39:04.942000 2950676 site-packages/torch/_dynamo/metrics_context.py:105] [0/1]                                             ^^^^^^^^^^^^
[36m(WorkerDict pid=2950676)[0m [rank11]:E0616 18:39:04.942000 2950676 site-packages/torch/_dynamo/metrics_context.py:105] [0/1]   File "/usr/local/python3.11.14/lib/python3.11/site-packages/torch/utils/_triton.py", line 159, in has_triton
[36m(WorkerDict pid=2950676)[0m [rank11]:E0616 18:39:04.942000 2950676 site-packages/torch/_dynamo/metrics_context.py:105] [0/1]     return is_device_compatible_with_triton()
[36m(WorkerDict pid=2950676)[0m [rank11]:E0616 18:39:04.942000 2950676 site-packages/torch/_dynamo/metrics_context.py:105] [0/1]            ^^^^^^^^^^^^^^^^^^^^^^^^^^^^^^^^^^
[36m(WorkerDict pid=2950676)[0m [rank11]:E0616 18:39:04.942000 2950676 site-packages/torch/_dynamo/metrics_context.py:105] [0/1]   File "/usr/local/python3.11.14/lib/python3.11/site-packages/torch/utils/_triton.py", line 155, in is_device_compatible_with_triton
[36m(WorkerDict pid=2950676)[0m [rank11]:E0616 18:39:04.942000 2950676 site-packages/torch/_dynamo/metrics_context.py:105] [0/1]     if device_interface.is_available() and extra_check(device_interface):
[36m(WorkerDict pid=2950676)[0m [rank11]:E0616 18:39:04.942000 2950676 site-packages/torch/_dynamo/metrics_context.py:105] [0/1]                                            ^^^^^^^^^^^^^^^^^^^^^^^^^^^^^
[36m(WorkerDict pid=2950676)[0m [rank11]:E0616 18:39:04.942000 2950676 site-packages/torch/_dynamo/metrics_context.py:105] [0/1]   File "/usr/local/python3.11.14/lib/python3.11/site-packages/torch/utils/_triton.py", line 135, in cuda_extra_check
[36m(WorkerDict pid=2950676)[0m [rank11]:E0616 18:39:04.942000 2950676 site-packages/torch/_dynamo/metrics_context.py:105] [0/1]     return device_interface.Worker.get_device_properties().major >= 7
[36m(WorkerDict pid=2950676)[0m [rank11]:E0616 18:39:04.942000 2950676 site-packages/torch/_dynamo/metrics_context.py:105] [0/1]            ^^^^^^^^^^^^^^^^^^^^^^^^^^^^^^^^^^^^^^^^^^^^^^^^^^^^^^^^^^
[36m(WorkerDict pid=2950676)[0m [rank11]:E0616 18:39:04.942000 2950676 site-packages/torch/_dynamo/metrics_context.py:105] [0/1] TypeError: '>=' not supported between instances of 'NoneType' and 'int'
[36m(WorkerDict pid=2950671)[0m Processed prompts:  38%|███▊      | 12/32 [10:16<08:23, 25.18s/it, est. speed input: 1.48 toks/s, output: 120.65 toks/s]
[36m(WorkerDict pid=2950666)[0m Processed prompts:  62%|██████▎   | 20/32 [10:16<09:56, 49.70s/it, est. speed input: 1.47 toks/s, output: 94.46 toks/s]
[36m(WorkerDict pid=2950675)[0m Processed prompts:  97%|█████████▋| 31/32 [10:19<00:45, 45.09s/it, est. speed input: 2.70 toks/s, output: 176.12 toks/s]
[36m(WorkerDict pid=2950675)[0m [rank10]:E0616 18:39:08.009000 2950675 site-packages/torch/_dynamo/metrics_context.py:105] [0/1] Unexpected exception logging compilation metrics
[36m(WorkerDict pid=2950675)[0m [rank10]:E0616 18:39:08.009000 2950675 site-packages/torch/_dynamo/metrics_context.py:105] [0/1] Traceback (most recent call last):
[36m(WorkerDict pid=2950675)[0m [rank10]:E0616 18:39:08.009000 2950675 site-packages/torch/_dynamo/metrics_context.py:105] [0/1]   File "/usr/local/python3.11.14/lib/python3.11/site-packages/torch/_dynamo/metrics_context.py", line 101, in __exit__
[36m(WorkerDict pid=2950675)[0m [rank10]:E0616 18:39:08.009000 2950675 site-packages/torch/_dynamo/metrics_context.py:105] [0/1]     self._on_exit(
[36m(WorkerDict pid=2950675)[0m [rank10]:E0616 18:39:08.009000 2950675 site-packages/torch/_dynamo/metrics_context.py:105] [0/1]   File "/usr/local/python3.11.14/lib/python3.11/site-packages/torch/_dynamo/utils.py", line 1632, in record_compilation_metrics
[36m(WorkerDict pid=2950675)[0m [rank10]:E0616 18:39:08.009000 2950675 site-packages/torch/_dynamo/metrics_context.py:105] [0/1]     "triton_version": triton.__version__ if has_triton() else "",
[36m(WorkerDict pid=2950675)[0m [rank10]:E0616 18:39:08.009000 2950675 site-packages/torch/_dynamo/metrics_context.py:105] [0/1]                                             ^^^^^^^^^^^^
[36m(WorkerDict pid=2950675)[0m [rank10]:E0616 18:39:08.009000 2950675 site-packages/torch/_dynamo/metrics_context.py:105] [0/1]   File "/usr/local/python3.11.14/lib/python3.11/site-packages/torch/utils/_triton.py", line 159, in has_triton
[36m(WorkerDict pid=2950675)[0m [rank10]:E0616 18:39:08.009000 2950675 site-packages/torch/_dynamo/metrics_context.py:105] [0/1]     return is_device_compatible_with_triton()
[36m(WorkerDict pid=2950675)[0m [rank10]:E0616 18:39:08.009000 2950675 site-packages/torch/_dynamo/metrics_context.py:105] [0/1]            ^^^^^^^^^^^^^^^^^^^^^^^^^^^^^^^^^^
[36m(WorkerDict pid=2950675)[0m [rank10]:E0616 18:39:08.009000 2950675 site-packages/torch/_dynamo/metrics_context.py:105] [0/1]   File "/usr/local/python3.11.14/lib/python3.11/site-packages/torch/utils/_triton.py", line 155, in is_device_compatible_with_triton
[36m(WorkerDict pid=2950675)[0m [rank10]:E0616 18:39:08.009000 2950675 site-packages/torch/_dynamo/metrics_context.py:105] [0/1]     if device_interface.is_available() and extra_check(device_interface):
[36m(WorkerDict pid=2950675)[0m [rank10]:E0616 18:39:08.009000 2950675 site-packages/torch/_dynamo/metrics_context.py:105] [0/1]                                            ^^^^^^^^^^^^^^^^^^^^^^^^^^^^^
[36m(WorkerDict pid=2950675)[0m [rank10]:E0616 18:39:08.009000 2950675 site-packages/torch/_dynamo/metrics_context.py:105] [0/1]   File "/usr/local/python3.11.14/lib/python3.11/site-packages/torch/utils/_triton.py", line 135, in cuda_extra_check
[36m(WorkerDict pid=2950675)[0m [rank10]:E0616 18:39:08.009000 2950675 site-packages/torch/_dynamo/metrics_context.py:105] [0/1]     return device_interface.Worker.get_device_properties().major >= 7
[36m(WorkerDict pid=2950675)[0m [rank10]:E0616 18:39:08.009000 2950675 site-packages/torch/_dynamo/metrics_context.py:105] [0/1]            ^^^^^^^^^^^^^^^^^^^^^^^^^^^^^^^^^^^^^^^^^^^^^^^^^^^^^^^^^^
[36m(WorkerDict pid=2950675)[0m [rank10]:E0616 18:39:08.009000 2950675 site-packages/torch/_dynamo/metrics_context.py:105] [0/1] TypeError: '>=' not supported between instances of 'NoneType' and 'int'
[36m(WorkerDict pid=2950666)[0m Processed prompts:  66%|██████▌   | 21/32 [10:28<07:02, 38.45s/it, est. speed input: 1.58 toks/s, output: 104.66 toks/s]
[36m(WorkerDict pid=2950675)[0m Processed prompts: 100%|██████████| 32/32 [10:32<00:00, 35.65s/it, est. speed input: 2.76 toks/s, output: 184.36 toks/s]Processed prompts: 100%|██████████| 32/32 [10:32<00:00, 35.65s/it, est. speed input: 2.76 toks/s, output: 184.36 toks/s]
[36m(WorkerDict pid=2950678)[0m Processed prompts:  97%|█████████▋| 31/32 [10:37<00:28, 28.97s/it, est. speed input: 3.27 toks/s, output: 224.86 toks/s]
[36m(WorkerDict pid=2950678)[0m [rank14]:E0616 18:39:25.519000 2950678 site-packages/torch/_dynamo/metrics_context.py:105] [0/1] Unexpected exception logging compilation metrics
[36m(WorkerDict pid=2950678)[0m [rank14]:E0616 18:39:25.519000 2950678 site-packages/torch/_dynamo/metrics_context.py:105] [0/1] Traceback (most recent call last):
[36m(WorkerDict pid=2950678)[0m [rank14]:E0616 18:39:25.519000 2950678 site-packages/torch/_dynamo/metrics_context.py:105] [0/1]   File "/usr/local/python3.11.14/lib/python3.11/site-packages/torch/_dynamo/metrics_context.py", line 101, in __exit__
[36m(WorkerDict pid=2950678)[0m [rank14]:E0616 18:39:25.519000 2950678 site-packages/torch/_dynamo/metrics_context.py:105] [0/1]     self._on_exit(
[36m(WorkerDict pid=2950678)[0m [rank14]:E0616 18:39:25.519000 2950678 site-packages/torch/_dynamo/metrics_context.py:105] [0/1]   File "/usr/local/python3.11.14/lib/python3.11/site-packages/torch/_dynamo/utils.py", line 1632, in record_compilation_metrics
[36m(WorkerDict pid=2950678)[0m [rank14]:E0616 18:39:25.519000 2950678 site-packages/torch/_dynamo/metrics_context.py:105] [0/1]     "triton_version": triton.__version__ if has_triton() else "",
[36m(WorkerDict pid=2950678)[0m [rank14]:E0616 18:39:25.519000 2950678 site-packages/torch/_dynamo/metrics_context.py:105] [0/1]                                             ^^^^^^^^^^^^
[36m(WorkerDict pid=2950678)[0m [rank14]:E0616 18:39:25.519000 2950678 site-packages/torch/_dynamo/metrics_context.py:105] [0/1]   File "/usr/local/python3.11.14/lib/python3.11/site-packages/torch/utils/_triton.py", line 159, in has_triton
[36m(WorkerDict pid=2950678)[0m [rank14]:E0616 18:39:25.519000 2950678 site-packages/torch/_dynamo/metrics_context.py:105] [0/1]     return is_device_compatible_with_triton()
[36m(WorkerDict pid=2950678)[0m [rank14]:E0616 18:39:25.519000 2950678 site-packages/torch/_dynamo/metrics_context.py:105] [0/1]            ^^^^^^^^^^^^^^^^^^^^^^^^^^^^^^^^^^
[36m(WorkerDict pid=2950678)[0m [rank14]:E0616 18:39:25.519000 2950678 site-packages/torch/_dynamo/metrics_context.py:105] [0/1]   File "/usr/local/python3.11.14/lib/python3.11/site-packages/torch/utils/_triton.py", line 155, in is_device_compatible_with_triton
[36m(WorkerDict pid=2950678)[0m [rank14]:E0616 18:39:25.519000 2950678 site-packages/torch/_dynamo/metrics_context.py:105] [0/1]     if device_interface.is_available() and extra_check(device_interface):
[36m(WorkerDict pid=2950678)[0m [rank14]:E0616 18:39:25.519000 2950678 site-packages/torch/_dynamo/metrics_context.py:105] [0/1]                                            ^^^^^^^^^^^^^^^^^^^^^^^^^^^^^
[36m(WorkerDict pid=2950678)[0m [rank14]:E0616 18:39:25.519000 2950678 site-packages/torch/_dynamo/metrics_context.py:105] [0/1]   File "/usr/local/python3.11.14/lib/python3.11/site-packages/torch/utils/_triton.py", line 135, in cuda_extra_check
[36m(WorkerDict pid=2950678)[0m [rank14]:E0616 18:39:25.519000 2950678 site-packages/torch/_dynamo/metrics_context.py:105] [0/1]     return device_interface.Worker.get_device_properties().major >= 7
[36m(WorkerDict pid=2950678)[0m [rank14]:E0616 18:39:25.519000 2950678 site-packages/torch/_dynamo/metrics_context.py:105] [0/1]            ^^^^^^^^^^^^^^^^^^^^^^^^^^^^^^^^^^^^^^^^^^^^^^^^^^^^^^^^^^
[36m(WorkerDict pid=2950678)[0m [rank14]:E0616 18:39:25.519000 2950678 site-packages/torch/_dynamo/metrics_context.py:105] [0/1] TypeError: '>=' not supported between instances of 'NoneType' and 'int'
[36m(WorkerDict pid=2950679)[0m Processed prompts:  38%|███▊      | 12/32 [10:38<10:07, 30.38s/it, est. speed input: 2.18 toks/s, output: 114.48 toks/s]
[36m(WorkerDict pid=2950671)[0m Processed prompts:  41%|████      | 13/32 [10:38<07:37, 24.09s/it, est. speed input: 1.55 toks/s, output: 128.60 toks/s]
[36m(WorkerDict pid=2950679)[0m Processed prompts:  41%|████      | 13/32 [10:39<06:51, 21.66s/it, est. speed input: 2.36 toks/s, output: 126.37 toks/s]
[36m(WorkerDict pid=2950679)[0m Processed prompts:  44%|████▍     | 14/32 [10:41<04:45, 15.88s/it, est. speed input: 2.53 toks/s, output: 137.98 toks/s]
[36m(WorkerDict pid=2950678)[0m Processed prompts: 100%|██████████| 32/32 [10:46<00:00, 23.07s/it, est. speed input: 3.39 toks/s, output: 233.70 toks/s]Processed prompts: 100%|██████████| 32/32 [10:46<00:00, 23.07s/it, est. speed input: 3.39 toks/s, output: 233.70 toks/s]
[36m(WorkerDict pid=2950670)[0m Processed prompts:  91%|█████████ | 29/32 [10:46<01:33, 31.27s/it, est. speed input: 2.21 toks/s, output: 238.19 toks/s]
[36m(WorkerDict pid=2950679)[0m Processed prompts:  47%|████▋     | 15/32 [10:49<03:52, 13.68s/it, est. speed input: 2.68 toks/s, output: 148.23 toks/s]
[36m(WorkerDict pid=2950670)[0m Processed prompts:  94%|█████████▍| 30/32 [10:52<00:47, 23.72s/it, est. speed input: 2.29 toks/s, output: 248.03 toks/s]
[36m(WorkerDict pid=2950677)[0m Processed prompts:  41%|████      | 13/32 [10:53<12:13, 38.59s/it, est. speed input: 2.01 toks/s, output: 115.88 toks/s]
[36m(WorkerDict pid=2950666)[0m Processed prompts:  69%|██████▉   | 22/32 [10:52<05:41, 34.15s/it, est. speed input: 1.65 toks/s, output: 112.87 toks/s]
[36m(WorkerDict pid=2950671)[0m Processed prompts:  44%|████▍     | 14/32 [11:16<08:30, 28.34s/it, est. speed input: 1.57 toks/s, output: 133.46 toks/s]
[36m(WorkerDict pid=2950670)[0m Processed prompts:  97%|█████████▋| 31/32 [11:17<00:24, 24.09s/it, est. speed input: 2.31 toks/s, output: 251.00 toks/s]
[36m(WorkerDict pid=2950670)[0m [rank6]:E0616 18:40:05.958000 2950670 site-packages/torch/_dynamo/metrics_context.py:105] [0/1] Unexpected exception logging compilation metrics
[36m(WorkerDict pid=2950670)[0m [rank6]:E0616 18:40:05.958000 2950670 site-packages/torch/_dynamo/metrics_context.py:105] [0/1] Traceback (most recent call last):
[36m(WorkerDict pid=2950670)[0m [rank6]:E0616 18:40:05.958000 2950670 site-packages/torch/_dynamo/metrics_context.py:105] [0/1]   File "/usr/local/python3.11.14/lib/python3.11/site-packages/torch/_dynamo/metrics_context.py", line 101, in __exit__
[36m(WorkerDict pid=2950670)[0m [rank6]:E0616 18:40:05.958000 2950670 site-packages/torch/_dynamo/metrics_context.py:105] [0/1]     self._on_exit(
[36m(WorkerDict pid=2950670)[0m [rank6]:E0616 18:40:05.958000 2950670 site-packages/torch/_dynamo/metrics_context.py:105] [0/1]   File "/usr/local/python3.11.14/lib/python3.11/site-packages/torch/_dynamo/utils.py", line 1632, in record_compilation_metrics
[36m(WorkerDict pid=2950670)[0m [rank6]:E0616 18:40:05.958000 2950670 site-packages/torch/_dynamo/metrics_context.py:105] [0/1]     "triton_version": triton.__version__ if has_triton() else "",
[36m(WorkerDict pid=2950670)[0m [rank6]:E0616 18:40:05.958000 2950670 site-packages/torch/_dynamo/metrics_context.py:105] [0/1]                                             ^^^^^^^^^^^^
[36m(WorkerDict pid=2950670)[0m [rank6]:E0616 18:40:05.958000 2950670 site-packages/torch/_dynamo/metrics_context.py:105] [0/1]   File "/usr/local/python3.11.14/lib/python3.11/site-packages/torch/utils/_triton.py", line 159, in has_triton
[36m(WorkerDict pid=2950670)[0m [rank6]:E0616 18:40:05.958000 2950670 site-packages/torch/_dynamo/metrics_context.py:105] [0/1]     return is_device_compatible_with_triton()
[36m(WorkerDict pid=2950670)[0m [rank6]:E0616 18:40:05.958000 2950670 site-packages/torch/_dynamo/metrics_context.py:105] [0/1]            ^^^^^^^^^^^^^^^^^^^^^^^^^^^^^^^^^^
[36m(WorkerDict pid=2950670)[0m [rank6]:E0616 18:40:05.958000 2950670 site-packages/torch/_dynamo/metrics_context.py:105] [0/1]   File "/usr/local/python3.11.14/lib/python3.11/site-packages/torch/utils/_triton.py", line 155, in is_device_compatible_with_triton
[36m(WorkerDict pid=2950670)[0m [rank6]:E0616 18:40:05.958000 2950670 site-packages/torch/_dynamo/metrics_context.py:105] [0/1]     if device_interface.is_available() and extra_check(device_interface):
[36m(WorkerDict pid=2950670)[0m [rank6]:E0616 18:40:05.958000 2950670 site-packages/torch/_dynamo/metrics_context.py:105] [0/1]                                            ^^^^^^^^^^^^^^^^^^^^^^^^^^^^^
[36m(WorkerDict pid=2950670)[0m [rank6]:E0616 18:40:05.958000 2950670 site-packages/torch/_dynamo/metrics_context.py:105] [0/1]   File "/usr/local/python3.11.14/lib/python3.11/site-packages/torch/utils/_triton.py", line 135, in cuda_extra_check
[36m(WorkerDict pid=2950670)[0m [rank6]:E0616 18:40:05.958000 2950670 site-packages/torch/_dynamo/metrics_context.py:105] [0/1]     return device_interface.Worker.get_device_properties().major >= 7
[36m(WorkerDict pid=2950670)[0m [rank6]:E0616 18:40:05.958000 2950670 site-packages/torch/_dynamo/metrics_context.py:105] [0/1]            ^^^^^^^^^^^^^^^^^^^^^^^^^^^^^^^^^^^^^^^^^^^^^^^^^^^^^^^^^^
[36m(WorkerDict pid=2950670)[0m [rank6]:E0616 18:40:05.958000 2950670 site-packages/torch/_dynamo/metrics_context.py:105] [0/1] TypeError: '>=' not supported between instances of 'NoneType' and 'int'
[36m(WorkerDict pid=2950676)[0m Processed prompts: 100%|██████████| 32/32 [11:25<00:00, 29.53s/it, est. speed input: 4.90 toks/s, output: 181.04 toks/s]Processed prompts: 100%|██████████| 32/32 [11:25<00:00, 29.53s/it, est. speed input: 4.90 toks/s, output: 181.04 toks/s]
[36m(WorkerDict pid=2950671)[0m Processed prompts:  47%|████▋     | 15/32 [11:28<06:38, 23.44s/it, est. speed input: 1.66 toks/s, output: 143.27 toks/s]
[36m(WorkerDict pid=2950666)[0m Processed prompts:  72%|███████▏  | 23/32 [11:30<05:16, 35.15s/it, est. speed input: 1.68 toks/s, output: 118.90 toks/s]
[36m(WorkerDict pid=2950671)[0m Processed prompts:  50%|█████     | 16/32 [11:33<04:45, 17.82s/it, est. speed input: 1.75 toks/s, output: 154.44 toks/s]
[36m(WorkerDict pid=2950677)[0m Processed prompts:  44%|████▍     | 14/32 [11:35<11:56, 39.80s/it, est. speed input: 2.10 toks/s, output: 120.94 toks/s]
[36m(WorkerDict pid=2950677)[0m Processed prompts:  47%|████▋     | 15/32 [11:36<07:57, 28.08s/it, est. speed input: 2.30 toks/s, output: 132.94 toks/s]
[36m(WorkerDict pid=2950666)[0m Processed prompts:  75%|███████▌  | 24/32 [11:40<03:42, 27.77s/it, est. speed input: 1.78 toks/s, output: 129.30 toks/s]
[36m(WorkerDict pid=2950666)[0m Processed prompts:  78%|███████▊  | 25/32 [11:41<02:17, 19.61s/it, est. speed input: 1.90 toks/s, output: 141.38 toks/s]
[36m(WorkerDict pid=2950666)[0m Processed prompts:  81%|████████▏ | 26/32 [11:54<01:45, 17.61s/it, est. speed input: 1.99 toks/s, output: 151.03 toks/s]
[36m(WorkerDict pid=2950677)[0m Processed prompts:  50%|█████     | 16/32 [11:56<06:51, 25.72s/it, est. speed input: 2.44 toks/s, output: 141.37 toks/s]
[36m(WorkerDict pid=2950677)[0m Processed prompts:  53%|█████▎    | 17/32 [12:05<05:10, 20.69s/it, est. speed input: 2.55 toks/s, output: 151.83 toks/s]
[36m(WorkerDict pid=2950666)[0m Processed prompts:  84%|████████▍ | 27/32 [12:23<01:46, 21.22s/it, est. speed input: 2.02 toks/s, output: 157.29 toks/s]
[36m(WorkerDict pid=2950666)[0m Processed prompts:  88%|████████▊ | 28/32 [12:26<01:02, 15.54s/it, est. speed input: 2.13 toks/s, output: 169.09 toks/s]
[36m(WorkerDict pid=2950674)[0m Processed prompts:   3%|▎         | 1/32 [12:31<6:28:17, 751.52s/it, est. speed input: 0.07 toks/s, output: 12.28 toks/s]
[36m(WorkerDict pid=2950666)[0m Processed prompts:  91%|█████████ | 29/32 [12:41<00:46, 15.38s/it, est. speed input: 2.20 toks/s, output: 178.07 toks/s]
[36m(WorkerDict pid=2950674)[0m Processed prompts:   6%|▋         | 2/32 [12:48<2:39:39, 319.30s/it, est. speed input: 0.13 toks/s, output: 24.32 toks/s]
[36m(WorkerDict pid=2950677)[0m Processed prompts:  56%|█████▋    | 18/32 [12:53<06:44, 28.90s/it, est. speed input: 2.58 toks/s, output: 154.73 toks/s]
[36m(WorkerDict pid=2950677)[0m Processed prompts:  59%|█████▉    | 19/32 [12:54<04:23, 20.30s/it, est. speed input: 2.76 toks/s, output: 166.98 toks/s]
[36m(WorkerDict pid=2950666)[0m Processed prompts:  94%|█████████▍| 30/32 [12:55<00:29, 14.98s/it, est. speed input: 2.28 toks/s, output: 187.18 toks/s]
[36m(WorkerDict pid=2950680)[0m Processed prompts:  53%|█████▎    | 17/32 [13:02<40:46, 163.11s/it, est. speed input: 0.88 toks/s, output: 60.13 toks/s]
[36m(WorkerDict pid=2950674)[0m Processed prompts:   9%|▉         | 3/32 [13:40<1:35:19, 197.22s/it, est. speed input: 0.18 toks/s, output: 35.18 toks/s]
[36m(WorkerDict pid=2950674)[0m [rank9]:E0616 18:42:39.606000 2950674 site-packages/torch/_dynamo/metrics_context.py:105] [0/1] Unexpected exception logging compilation metrics
[36m(WorkerDict pid=2950674)[0m [rank9]:E0616 18:42:39.606000 2950674 site-packages/torch/_dynamo/metrics_context.py:105] [0/1] Traceback (most recent call last):
[36m(WorkerDict pid=2950674)[0m [rank9]:E0616 18:42:39.606000 2950674 site-packages/torch/_dynamo/metrics_context.py:105] [0/1]   File "/usr/local/python3.11.14/lib/python3.11/site-packages/torch/_dynamo/metrics_context.py", line 101, in __exit__
[36m(WorkerDict pid=2950674)[0m [rank9]:E0616 18:42:39.606000 2950674 site-packages/torch/_dynamo/metrics_context.py:105] [0/1]     self._on_exit(
[36m(WorkerDict pid=2950674)[0m [rank9]:E0616 18:42:39.606000 2950674 site-packages/torch/_dynamo/metrics_context.py:105] [0/1]   File "/usr/local/python3.11.14/lib/python3.11/site-packages/torch/_dynamo/utils.py", line 1632, in record_compilation_metrics
[36m(WorkerDict pid=2950674)[0m [rank9]:E0616 18:42:39.606000 2950674 site-packages/torch/_dynamo/metrics_context.py:105] [0/1]     "triton_version": triton.__version__ if has_triton() else "",
[36m(WorkerDict pid=2950674)[0m [rank9]:E0616 18:42:39.606000 2950674 site-packages/torch/_dynamo/metrics_context.py:105] [0/1]                                             ^^^^^^^^^^^^
[36m(WorkerDict pid=2950674)[0m [rank9]:E0616 18:42:39.606000 2950674 site-packages/torch/_dynamo/metrics_context.py:105] [0/1]   File "/usr/local/python3.11.14/lib/python3.11/site-packages/torch/utils/_triton.py", line 159, in has_triton
[36m(WorkerDict pid=2950674)[0m [rank9]:E0616 18:42:39.606000 2950674 site-packages/torch/_dynamo/metrics_context.py:105] [0/1]     return is_device_compatible_with_triton()
[36m(WorkerDict pid=2950674)[0m [rank9]:E0616 18:42:39.606000 2950674 site-packages/torch/_dynamo/metrics_context.py:105] [0/1]            ^^^^^^^^^^^^^^^^^^^^^^^^^^^^^^^^^^
[36m(WorkerDict pid=2950674)[0m [rank9]:E0616 18:42:39.606000 2950674 site-packages/torch/_dynamo/metrics_context.py:105] [0/1]   File "/usr/local/python3.11.14/lib/python3.11/site-packages/torch/utils/_triton.py", line 155, in is_device_compatible_with_triton
[36m(WorkerDict pid=2950674)[0m [rank9]:E0616 18:42:39.606000 2950674 site-packages/torch/_dynamo/metrics_context.py:105] [0/1]     if device_interface.is_available() and extra_check(device_interface):
[36m(WorkerDict pid=2950674)[0m [rank9]:E0616 18:42:39.606000 2950674 site-packages/torch/_dynamo/metrics_context.py:105] [0/1]                                            ^^^^^^^^^^^^^^^^^^^^^^^^^^^^^
[36m(WorkerDict pid=2950674)[0m [rank9]:E0616 18:42:39.606000 2950674 site-packages/torch/_dynamo/metrics_context.py:105] [0/1]   File "/usr/local/python3.11.14/lib/python3.11/site-packages/torch/utils/_triton.py", line 135, in cuda_extra_check
[36m(WorkerDict pid=2950674)[0m [rank9]:E0616 18:42:39.606000 2950674 site-packages/torch/_dynamo/metrics_context.py:105] [0/1]     return device_interface.Worker.get_device_properties().major >= 7
[36m(WorkerDict pid=2950674)[0m [rank9]:E0616 18:42:39.606000 2950674 site-packages/torch/_dynamo/metrics_context.py:105] [0/1]            ^^^^^^^^^^^^^^^^^^^^^^^^^^^^^^^^^^^^^^^^^^^^^^^^^^^^^^^^^^
[36m(WorkerDict pid=2950674)[0m [rank9]:E0616 18:42:39.606000 2950674 site-packages/torch/_dynamo/metrics_context.py:105] [0/1] TypeError: '>=' not supported between instances of 'NoneType' and 'int'
[36m(WorkerDict pid=2950674)[0m Processed prompts:  12%|█▎        | 4/32 [13:56<58:40, 125.74s/it, est. speed input: 0.24 toks/s, output: 46.74 toks/s]  
[36m(WorkerDict pid=2950679)[0m Processed prompts:  50%|█████     | 16/32 [14:00<17:39, 66.21s/it, est. speed input: 2.21 toks/s, output: 126.93 toks/s]
[36m(WorkerDict pid=2950679)[0m Processed prompts:  53%|█████▎    | 17/32 [14:07<12:09, 48.61s/it, est. speed input: 2.34 toks/s, output: 138.10 toks/s]
[36m(WorkerDict pid=2950677)[0m Processed prompts:  62%|██████▎   | 20/32 [14:14<07:38, 38.24s/it, est. speed input: 2.67 toks/s, output: 163.61 toks/s]
[36m(WorkerDict pid=2950674)[0m Processed prompts:  16%|█▌        | 5/32 [14:15<39:18, 87.36s/it, est. speed input: 0.27 toks/s, output: 57.97 toks/s] 
[36m(WorkerDict pid=2950679)[0m Processed prompts:  56%|█████▋    | 18/32 [14:27<09:21, 40.09s/it, est. speed input: 2.42 toks/s, output: 147.20 toks/s]
[36m(WorkerDict pid=2950674)[0m Processed prompts:  19%|█▉        | 6/32 [14:46<29:35, 68.28s/it, est. speed input: 0.30 toks/s, output: 68.29 toks/s]
[36m(WorkerDict pid=2950679)[0m Processed prompts:  59%|█████▉    | 19/32 [14:48<07:25, 34.29s/it, est. speed input: 2.50 toks/s, output: 156.13 toks/s]
[36m(WorkerDict pid=2950680)[0m Processed prompts:  56%|█████▋    | 18/32 [14:53<34:27, 147.67s/it, est. speed input: 0.84 toks/s, output: 65.00 toks/s]
[36m(WorkerDict pid=2950679)[0m Processed prompts:  62%|██████▎   | 20/32 [14:56<05:18, 26.51s/it, est. speed input: 2.61 toks/s, output: 167.07 toks/s]
[36m(WorkerDict pid=2950674)[0m Processed prompts:  22%|██▏       | 7/32 [14:57<20:37, 49.51s/it, est. speed input: 0.34 toks/s, output: 79.87 toks/s]
[36m(WorkerDict pid=2950677)[0m Processed prompts:  66%|██████▌   | 21/32 [15:00<07:25, 40.54s/it, est. speed input: 2.70 toks/s, output: 167.66 toks/s]
[36m(WorkerDict pid=2950674)[0m Processed prompts:  25%|██▌       | 8/32 [15:03<14:11, 35.47s/it, est. speed input: 0.39 toks/s, output: 91.80 toks/s]
[36m(WorkerDict pid=2950677)[0m Processed prompts:  69%|██████▉   | 22/32 [15:04<04:56, 29.61s/it, est. speed input: 2.85 toks/s, output: 179.30 toks/s]
[36m(WorkerDict pid=2950674)[0m Processed prompts:  28%|██▊       | 9/32 [15:04<09:32, 24.87s/it, est. speed input: 0.45 toks/s, output: 104.04 toks/s]
[36m(WorkerDict pid=2950677)[0m Processed prompts:  72%|███████▏  | 23/32 [15:06<03:11, 21.28s/it, est. speed input: 2.95 toks/s, output: 191.33 toks/s]
[36m(WorkerDict pid=2950677)[0m Processed prompts:  75%|███████▌  | 24/32 [15:06<02:00, 15.00s/it, est. speed input: 3.11 toks/s, output: 203.66 toks/s]
[36m(WorkerDict pid=2950674)[0m Processed prompts:  31%|███▏      | 10/32 [15:13<07:18, 19.94s/it, est. speed input: 0.48 toks/s, output: 115.45 toks/s]
[36m(WorkerDict pid=2950674)[0m Processed prompts:  34%|███▍      | 11/32 [15:13<04:52, 13.93s/it, est. speed input: 0.54 toks/s, output: 127.84 toks/s]
[36m(WorkerDict pid=2950666)[0m Processed prompts:  97%|█████████▋| 31/32 [15:19<00:53, 53.77s/it, est. speed input: 2.01 toks/s, output: 170.26 toks/s]
[36m(WorkerDict pid=2950666)[0m [rank1]:E0616 18:44:08.785000 2950666 site-packages/torch/_dynamo/metrics_context.py:105] [0/1] Unexpected exception logging compilation metrics
[36m(WorkerDict pid=2950666)[0m [rank1]:E0616 18:44:08.785000 2950666 site-packages/torch/_dynamo/metrics_context.py:105] [0/1] Traceback (most recent call last):
[36m(WorkerDict pid=2950666)[0m [rank1]:E0616 18:44:08.785000 2950666 site-packages/torch/_dynamo/metrics_context.py:105] [0/1]   File "/usr/local/python3.11.14/lib/python3.11/site-packages/torch/_dynamo/metrics_context.py", line 101, in __exit__
[36m(WorkerDict pid=2950666)[0m [rank1]:E0616 18:44:08.785000 2950666 site-packages/torch/_dynamo/metrics_context.py:105] [0/1]     self._on_exit(
[36m(WorkerDict pid=2950666)[0m [rank1]:E0616 18:44:08.785000 2950666 site-packages/torch/_dynamo/metrics_context.py:105] [0/1]   File "/usr/local/python3.11.14/lib/python3.11/site-packages/torch/_dynamo/utils.py", line 1632, in record_compilation_metrics
[36m(WorkerDict pid=2950666)[0m [rank1]:E0616 18:44:08.785000 2950666 site-packages/torch/_dynamo/metrics_context.py:105] [0/1]     "triton_version": triton.__version__ if has_triton() else "",
[36m(WorkerDict pid=2950666)[0m [rank1]:E0616 18:44:08.785000 2950666 site-packages/torch/_dynamo/metrics_context.py:105] [0/1]                                             ^^^^^^^^^^^^
[36m(WorkerDict pid=2950666)[0m [rank1]:E0616 18:44:08.785000 2950666 site-packages/torch/_dynamo/metrics_context.py:105] [0/1]   File "/usr/local/python3.11.14/lib/python3.11/site-packages/torch/utils/_triton.py", line 159, in has_triton
[36m(WorkerDict pid=2950666)[0m [rank1]:E0616 18:44:08.785000 2950666 site-packages/torch/_dynamo/metrics_context.py:105] [0/1]     return is_device_compatible_with_triton()
[36m(WorkerDict pid=2950666)[0m [rank1]:E0616 18:44:08.785000 2950666 site-packages/torch/_dynamo/metrics_context.py:105] [0/1]            ^^^^^^^^^^^^^^^^^^^^^^^^^^^^^^^^^^
[36m(WorkerDict pid=2950666)[0m [rank1]:E0616 18:44:08.785000 2950666 site-packages/torch/_dynamo/metrics_context.py:105] [0/1]   File "/usr/local/python3.11.14/lib/python3.11/site-packages/torch/utils/_triton.py", line 155, in is_device_compatible_with_triton
[36m(WorkerDict pid=2950666)[0m [rank1]:E0616 18:44:08.785000 2950666 site-packages/torch/_dynamo/metrics_context.py:105] [0/1]     if device_interface.is_available() and extra_check(device_interface):
[36m(WorkerDict pid=2950666)[0m [rank1]:E0616 18:44:08.785000 2950666 site-packages/torch/_dynamo/metrics_context.py:105] [0/1]                                            ^^^^^^^^^^^^^^^^^^^^^^^^^^^^^
[36m(WorkerDict pid=2950666)[0m [rank1]:E0616 18:44:08.785000 2950666 site-packages/torch/_dynamo/metrics_context.py:105] [0/1]   File "/usr/local/python3.11.14/lib/python3.11/site-packages/torch/utils/_triton.py", line 135, in cuda_extra_check
[36m(WorkerDict pid=2950666)[0m [rank1]:E0616 18:44:08.785000 2950666 site-packages/torch/_dynamo/metrics_context.py:105] [0/1]     return device_interface.Worker.get_device_properties().major >= 7
[36m(WorkerDict pid=2950666)[0m [rank1]:E0616 18:44:08.785000 2950666 site-packages/torch/_dynamo/metrics_context.py:105] [0/1]            ^^^^^^^^^^^^^^^^^^^^^^^^^^^^^^^^^^^^^^^^^^^^^^^^^^^^^^^^^^
[36m(WorkerDict pid=2950666)[0m [rank1]:E0616 18:44:08.785000 2950666 site-packages/torch/_dynamo/metrics_context.py:105] [0/1] TypeError: '>=' not supported between instances of 'NoneType' and 'int'
[36m(WorkerDict pid=2950666)[0m Processed prompts: 100%|██████████| 32/32 [15:19<00:00, 37.79s/it, est. speed input: 2.10 toks/s, output: 182.62 toks/s]Processed prompts: 100%|██████████| 32/32 [15:19<00:00, 37.79s/it, est. speed input: 2.10 toks/s, output: 182.62 toks/s]
[36m(WorkerDict pid=2950663)[0m Processed prompts: 100%|██████████| 32/32 [15:29<00:00, 29.06s/it, est. speed input: 3.76 toks/s, output: 277.86 toks/s]
[36m(WorkerDict pid=2950668)[0m Processed prompts: 100%|██████████| 32/32 [15:29<00:00, 29.06s/it, est. speed input: 4.01 toks/s, output: 215.34 toks/s]
[36m(WorkerDict pid=2950676)[0m Processed prompts: 100%|██████████| 32/32 [15:30<00:00, 29.08s/it, est. speed input: 4.90 toks/s, output: 181.04 toks/s]
[36m(WorkerDict pid=2950675)[0m Processed prompts: 100%|██████████| 32/32 [15:30<00:00, 29.07s/it, est. speed input: 2.76 toks/s, output: 184.36 toks/s]
[36m(WorkerDict pid=2950672)[0m Processed prompts: 100%|██████████| 32/32 [15:31<00:00, 29.10s/it, est. speed input: 4.07 toks/s, output: 246.82 toks/s]
[36m(WorkerDict pid=2950673)[0m Processed prompts: 100%|██████████| 32/32 [15:31<00:00, 29.11s/it, est. speed input: 5.65 toks/s, output: 217.31 toks/s]
[36m(WorkerDict pid=2950678)[0m Processed prompts: 100%|██████████| 32/32 [15:30<00:00, 29.09s/it, est. speed input: 3.39 toks/s, output: 233.70 toks/s]
[36m(WorkerDict pid=2950666)[0m Processed prompts: 100%|██████████| 32/32 [15:30<00:00, 29.08s/it, est. speed input: 2.10 toks/s, output: 182.62 toks/s]
[36m(WorkerDict pid=2950674)[0m Processed prompts:  38%|███▊      | 12/32 [15:35<05:23, 16.16s/it, est. speed input: 0.58 toks/s, output: 137.22 toks/s]
[36m(WorkerDict pid=2950670)[0m Processed prompts: 100%|██████████| 32/32 [15:35<00:00, 94.35s/it, est. speed input: 1.74 toks/s, output: 193.99 toks/s]Processed prompts: 100%|██████████| 32/32 [15:35<00:00, 94.35s/it, est. speed input: 1.74 toks/s, output: 193.99 toks/s]
[36m(WorkerDict pid=2950680)[0m Processed prompts:  59%|█████▉    | 19/32 [15:43<25:39, 118.42s/it, est. speed input: 0.86 toks/s, output: 73.83 toks/s]
[36m(WorkerDict pid=2950679)[0m Processed prompts:  66%|██████▌   | 21/32 [15:44<06:03, 33.03s/it, est. speed input: 2.60 toks/s, output: 170.81 toks/s]
[36m(WorkerDict pid=2950677)[0m Processed prompts:  78%|███████▊  | 25/32 [15:47<02:40, 22.93s/it, est. speed input: 3.13 toks/s, output: 207.03 toks/s]
[36m(WorkerDict pid=2950674)[0m Processed prompts:  41%|████      | 13/32 [15:47<04:44, 14.99s/it, est. speed input: 0.62 toks/s, output: 147.72 toks/s]
[36m(WorkerDict pid=2950674)[0m Processed prompts:  44%|████▍     | 14/32 [15:47<03:10, 10.56s/it, est. speed input: 0.68 toks/s, output: 159.96 toks/s]
[36m(WorkerDict pid=2950679)[0m Processed prompts:  69%|██████▉   | 22/32 [15:50<04:08, 24.82s/it, est. speed input: 2.71 toks/s, output: 182.07 toks/s]
[36m(WorkerDict pid=2950674)[0m Processed prompts:  47%|████▋     | 15/32 [15:54<02:41,  9.48s/it, est. speed input: 0.71 toks/s, output: 171.08 toks/s]
[36m(WorkerDict pid=2950679)[0m Processed prompts:  72%|███████▏  | 23/32 [15:58<02:58, 19.88s/it, est. speed input: 2.82 toks/s, output: 192.77 toks/s]
[36m(WorkerDict pid=2950674)[0m Processed prompts:  50%|█████     | 16/32 [15:58<02:02,  7.63s/it, est. speed input: 0.76 toks/s, output: 182.77 toks/s]
[36m(WorkerDict pid=2950680)[0m Processed prompts:  62%|██████▎   | 20/32 [15:58<17:27, 87.30s/it, est. speed input: 0.91 toks/s, output: 84.98 toks/s] 
[36m(WorkerDict pid=2950674)[0m Processed prompts:  53%|█████▎    | 17/32 [16:00<01:32,  6.15s/it, est. speed input: 0.79 toks/s, output: 194.54 toks/s]
[36m(WorkerDict pid=2950677)[0m Processed prompts:  81%|████████▏ | 26/32 [16:03<02:05, 20.87s/it, est. speed input: 3.23 toks/s, output: 215.87 toks/s]
[36m(WorkerDict pid=2950679)[0m Processed prompts:  75%|███████▌  | 24/32 [16:16<02:34, 19.33s/it, est. speed input: 2.89 toks/s, output: 201.50 toks/s]
[36m(WorkerDict pid=2950680)[0m Processed prompts:  66%|██████▌   | 21/32 [16:18<12:18, 67.11s/it, est. speed input: 0.95 toks/s, output: 95.54 toks/s]
[36m(WorkerDict pid=2950679)[0m Processed prompts:  78%|███████▊  | 25/32 [16:24<01:50, 15.77s/it, est. speed input: 2.99 toks/s, output: 212.26 toks/s]
[36m(WorkerDict pid=2950679)[0m Processed prompts:  81%|████████▏ | 26/32 [16:28<01:14, 12.40s/it, est. speed input: 3.09 toks/s, output: 223.58 toks/s]
[36m(WorkerDict pid=2950674)[0m Processed prompts:  56%|█████▋    | 18/32 [16:37<03:32, 15.20s/it, est. speed input: 0.81 toks/s, output: 199.77 toks/s]
[36m(WorkerDict pid=2950679)[0m Processed prompts:  84%|████████▍ | 27/32 [16:40<01:00, 12.14s/it, est. speed input: 3.18 toks/s, output: 233.29 toks/s]
[36m(WorkerDict pid=2950674)[0m Processed prompts:  59%|█████▉    | 19/32 [16:43<02:42, 12.49s/it, est. speed input: 0.86 toks/s, output: 210.83 toks/s]
[36m(WorkerDict pid=2950674)[0m Processed prompts:  62%|██████▎   | 20/32 [16:48<02:01, 10.15s/it, est. speed input: 0.89 toks/s, output: 222.15 toks/s]
[36m(WorkerDict pid=2950680)[0m Processed prompts:  69%|██████▉   | 22/32 [16:53<09:33, 57.36s/it, est. speed input: 0.98 toks/s, output: 104.58 toks/s]
[36m(WorkerDict pid=2950674)[0m Processed prompts:  66%|██████▌   | 21/32 [16:53<01:35,  8.72s/it, est. speed input: 0.92 toks/s, output: 233.27 toks/s]
[36m(WorkerDict pid=2950667)[0m Processed prompts:  53%|█████▎    | 17/32 [16:54<54:07, 216.53s/it, est. speed input: 0.87 toks/s, output: 60.72 toks/s]
[36m(WorkerDict pid=2950674)[0m Processed prompts:  69%|██████▉   | 22/32 [16:55<01:06,  6.62s/it, est. speed input: 0.95 toks/s, output: 245.18 toks/s]
[36m(WorkerDict pid=2950680)[0m Processed prompts:  72%|███████▏  | 23/32 [16:59<06:17, 41.95s/it, est. speed input: 1.04 toks/s, output: 116.26 toks/s]
[36m(WorkerDict pid=2950674)[0m Processed prompts:  72%|███████▏  | 23/32 [17:02<01:02,  6.94s/it, est. speed input: 0.99 toks/s, output: 255.64 toks/s]
[36m(WorkerDict pid=2950679)[0m Processed prompts:  88%|████████▊ | 28/32 [17:09<01:08, 17.23s/it, est. speed input: 3.21 toks/s, output: 239.00 toks/s]
[36m(WorkerDict pid=2950680)[0m Processed prompts:  75%|███████▌  | 24/32 [17:22<04:49, 36.24s/it, est. speed input: 1.07 toks/s, output: 126.01 toks/s]
[36m(WorkerDict pid=2950669)[0m Processed prompts:  53%|█████▎    | 17/32 [17:24<53:10, 212.69s/it, est. speed input: 0.81 toks/s, output: 61.63 toks/s]
[36m(WorkerDict pid=2950667)[0m Processed prompts:  56%|█████▋    | 18/32 [17:26<37:34, 161.05s/it, est. speed input: 0.95 toks/s, output: 71.18 toks/s]
[36m(WorkerDict pid=2950680)[0m Processed prompts:  78%|███████▊  | 25/32 [17:27<03:07, 26.84s/it, est. speed input: 1.13 toks/s, output: 137.73 toks/s]
[36m(WorkerDict pid=2950677)[0m Processed prompts:  84%|████████▍ | 27/32 [17:29<03:21, 40.20s/it, est. speed input: 3.10 toks/s, output: 210.62 toks/s]
[36m(WorkerDict pid=2950674)[0m Processed prompts:  75%|███████▌  | 24/32 [17:35<01:57, 14.74s/it, est. speed input: 1.01 toks/s, output: 259.88 toks/s]
[36m(WorkerDict pid=2950669)[0m Processed prompts:  56%|█████▋    | 18/32 [17:38<35:44, 153.20s/it, est. speed input: 0.89 toks/s, output: 73.09 toks/s]
[36m(WorkerDict pid=2950674)[0m Processed prompts:  78%|███████▊  | 25/32 [17:40<01:23, 11.88s/it, est. speed input: 1.05 toks/s, output: 270.91 toks/s]
[36m(WorkerDict pid=2950674)[0m Processed prompts:  81%|████████▏ | 26/32 [17:48<01:02, 10.49s/it, est. speed input: 1.08 toks/s, output: 281.39 toks/s]
[36m(WorkerDict pid=2950667)[0m Processed prompts:  59%|█████▉    | 19/32 [17:49<25:56, 119.72s/it, est. speed input: 1.03 toks/s, output: 81.94 toks/s]
[36m(WorkerDict pid=2950674)[0m Processed prompts:  84%|████████▍ | 27/32 [18:02<00:58, 11.71s/it, est. speed input: 1.09 toks/s, output: 289.93 toks/s]
[36m(WorkerDict pid=2950671)[0m Processed prompts:  53%|█████▎    | 17/32 [18:06<32:38, 130.55s/it, est. speed input: 1.18 toks/s, output: 110.92 toks/s]
[36m(WorkerDict pid=2950677)[0m Processed prompts:  88%|████████▊ | 28/32 [18:08<02:40, 40.03s/it, est. speed input: 3.12 toks/s, output: 215.27 toks/s]
[36m(WorkerDict pid=2950674)[0m Processed prompts:  88%|████████▊ | 28/32 [18:17<00:50, 12.52s/it, est. speed input: 1.11 toks/s, output: 298.45 toks/s]
[36m(WorkerDict pid=2950669)[0m Processed prompts:  59%|█████▉    | 19/32 [18:32<26:42, 123.29s/it, est. speed input: 0.93 toks/s, output: 81.90 toks/s]
[36m(WorkerDict pid=2950667)[0m Processed prompts:  62%|██████▎   | 20/32 [18:36<19:31, 97.65s/it, est. speed input: 1.09 toks/s, output: 90.88 toks/s] 
[36m(WorkerDict pid=2950667)[0m Processed prompts:  66%|██████▌   | 21/32 [18:49<13:15, 72.31s/it, est. speed input: 1.18 toks/s, output: 102.15 toks/s]
[36m(WorkerDict pid=2950674)[0m Processed prompts:  91%|█████████ | 29/32 [18:53<00:58, 19.56s/it, est. speed input: 1.11 toks/s, output: 301.31 toks/s]
[36m(WorkerDict pid=2950680)[0m Processed prompts:  81%|████████▏ | 26/32 [18:56<04:32, 45.47s/it, est. speed input: 1.10 toks/s, output: 139.28 toks/s]
[36m(WorkerDict pid=2950679)[0m Processed prompts:  91%|█████████ | 29/32 [18:57<02:13, 44.38s/it, est. speed input: 3.01 toks/s, output: 228.68 toks/s]
[36m(WorkerDict pid=2950680)[0m Processed prompts:  84%|████████▍ | 27/32 [18:57<02:41, 32.30s/it, est. speed input: 1.15 toks/s, output: 151.43 toks/s]
[36m(WorkerDict pid=2950674)[0m Processed prompts:  94%|█████████▍| 30/32 [19:00<00:31, 15.96s/it, est. speed input: 1.13 toks/s, output: 311.66 toks/s]
[36m(WorkerDict pid=2950667)[0m Processed prompts:  69%|██████▉   | 22/32 [19:04<09:12, 55.27s/it, est. speed input: 1.26 toks/s, output: 113.11 toks/s]
[36m(WorkerDict pid=2950669)[0m Processed prompts:  62%|██████▎   | 20/32 [19:17<19:59, 99.96s/it, est. speed input: 0.97 toks/s, output: 91.03 toks/s] 
[36m(WorkerDict pid=2950667)[0m Processed prompts:  72%|███████▏  | 23/32 [19:22<06:36, 44.02s/it, est. speed input: 1.34 toks/s, output: 123.72 toks/s]
[36m(WorkerDict pid=2950680)[0m Processed prompts:  88%|████████▊ | 28/32 [19:23<02:01, 30.43s/it, est. speed input: 1.18 toks/s, output: 160.39 toks/s]
[36m(WorkerDict pid=2950674)[0m Processed prompts:  97%|█████████▋| 31/32 [19:30<00:20, 20.19s/it, est. speed input: 1.13 toks/s, output: 316.01 toks/s]
[36m(WorkerDict pid=2950679)[0m Processed prompts:  94%|█████████▍| 30/32 [19:31<01:22, 41.50s/it, est. speed input: 3.02 toks/s, output: 234.25 toks/s]
[36m(WorkerDict pid=2950680)[0m Processed prompts:  91%|█████████ | 29/32 [19:32<01:11, 23.86s/it, est. speed input: 1.22 toks/s, output: 171.57 toks/s]
[36m(WorkerDict pid=2950677)[0m Processed prompts:  91%|█████████ | 29/32 [19:34<02:40, 53.64s/it, est. speed input: 3.02 toks/s, output: 211.97 toks/s]
[36m(WorkerDict pid=2950680)[0m Processed prompts:  94%|█████████▍| 30/32 [19:39<00:37, 18.98s/it, est. speed input: 1.26 toks/s, output: 182.83 toks/s]
[36m(WorkerDict pid=2950667)[0m Processed prompts:  75%|███████▌  | 24/32 [19:43<04:56, 37.05s/it, est. speed input: 1.41 toks/s, output: 133.91 toks/s]
[36m(WorkerDict pid=2950671)[0m Processed prompts:  56%|█████▋    | 18/32 [19:51<28:44, 123.16s/it, est. speed input: 1.12 toks/s, output: 113.42 toks/s]
[36m(WorkerDict pid=2950680)[0m Processed prompts:  97%|█████████▋| 31/32 [20:05<00:20, 20.94s/it, est. speed input: 1.29 toks/s, output: 191.32 toks/s]
[36m(WorkerDict pid=2950680)[0m [rank12]:E0616 18:48:53.728000 2950680 site-packages/torch/_dynamo/metrics_context.py:105] [0/1] Unexpected exception logging compilation metrics
[36m(WorkerDict pid=2950680)[0m [rank12]:E0616 18:48:53.728000 2950680 site-packages/torch/_dynamo/metrics_context.py:105] [0/1] Traceback (most recent call last):
[36m(WorkerDict pid=2950680)[0m [rank12]:E0616 18:48:53.728000 2950680 site-packages/torch/_dynamo/metrics_context.py:105] [0/1]   File "/usr/local/python3.11.14/lib/python3.11/site-packages/torch/_dynamo/metrics_context.py", line 101, in __exit__
[36m(WorkerDict pid=2950680)[0m [rank12]:E0616 18:48:53.728000 2950680 site-packages/torch/_dynamo/metrics_context.py:105] [0/1]     self._on_exit(
[36m(WorkerDict pid=2950680)[0m [rank12]:E0616 18:48:53.728000 2950680 site-packages/torch/_dynamo/metrics_context.py:105] [0/1]   File "/usr/local/python3.11.14/lib/python3.11/site-packages/torch/_dynamo/utils.py", line 1632, in record_compilation_metrics
[36m(WorkerDict pid=2950680)[0m [rank12]:E0616 18:48:53.728000 2950680 site-packages/torch/_dynamo/metrics_context.py:105] [0/1]     "triton_version": triton.__version__ if has_triton() else "",
[36m(WorkerDict pid=2950680)[0m [rank12]:E0616 18:48:53.728000 2950680 site-packages/torch/_dynamo/metrics_context.py:105] [0/1]                                             ^^^^^^^^^^^^
[36m(WorkerDict pid=2950680)[0m [rank12]:E0616 18:48:53.728000 2950680 site-packages/torch/_dynamo/metrics_context.py:105] [0/1]   File "/usr/local/python3.11.14/lib/python3.11/site-packages/torch/utils/_triton.py", line 159, in has_triton
[36m(WorkerDict pid=2950680)[0m [rank12]:E0616 18:48:53.728000 2950680 site-packages/torch/_dynamo/metrics_context.py:105] [0/1]     return is_device_compatible_with_triton()
[36m(WorkerDict pid=2950680)[0m [rank12]:E0616 18:48:53.728000 2950680 site-packages/torch/_dynamo/metrics_context.py:105] [0/1]            ^^^^^^^^^^^^^^^^^^^^^^^^^^^^^^^^^^
[36m(WorkerDict pid=2950680)[0m [rank12]:E0616 18:48:53.728000 2950680 site-packages/torch/_dynamo/metrics_context.py:105] [0/1]   File "/usr/local/python3.11.14/lib/python3.11/site-packages/torch/utils/_triton.py", line 155, in is_device_compatible_with_triton
[36m(WorkerDict pid=2950680)[0m [rank12]:E0616 18:48:53.728000 2950680 site-packages/torch/_dynamo/metrics_context.py:105] [0/1]     if device_interface.is_available() and extra_check(device_interface):
[36m(WorkerDict pid=2950680)[0m [rank12]:E0616 18:48:53.728000 2950680 site-packages/torch/_dynamo/metrics_context.py:105] [0/1]                                            ^^^^^^^^^^^^^^^^^^^^^^^^^^^^^
[36m(WorkerDict pid=2950680)[0m [rank12]:E0616 18:48:53.728000 2950680 site-packages/torch/_dynamo/metrics_context.py:105] [0/1]   File "/usr/local/python3.11.14/lib/python3.11/site-packages/torch/utils/_triton.py", line 135, in cuda_extra_check
[36m(WorkerDict pid=2950680)[0m [rank12]:E0616 18:48:53.728000 2950680 site-packages/torch/_dynamo/metrics_context.py:105] [0/1]     return device_interface.Worker.get_device_properties().major >= 7
[36m(WorkerDict pid=2950680)[0m [rank12]:E0616 18:48:53.728000 2950680 site-packages/torch/_dynamo/metrics_context.py:105] [0/1]            ^^^^^^^^^^^^^^^^^^^^^^^^^^^^^^^^^^^^^^^^^^^^^^^^^^^^^^^^^^
[36m(WorkerDict pid=2950680)[0m [rank12]:E0616 18:48:53.728000 2950680 site-packages/torch/_dynamo/metrics_context.py:105] [0/1] TypeError: '>=' not supported between instances of 'NoneType' and 'int'
[36m(WorkerDict pid=2950667)[0m Processed prompts:  78%|███████▊  | 25/32 [20:10<03:58, 34.13s/it, est. speed input: 1.47 toks/s, output: 143.26 toks/s]
[36m(WorkerDict pid=2950669)[0m Processed prompts:  66%|██████▌   | 21/32 [20:31<16:51, 91.96s/it, est. speed input: 0.99 toks/s, output: 97.99 toks/s]
[36m(WorkerDict pid=2950674)[0m Processed prompts: 100%|██████████| 32/32 [20:32<00:00, 32.66s/it, est. speed input: 1.10 toks/s, output: 312.56 toks/s]Processed prompts: 100%|██████████| 32/32 [20:32<00:00, 32.66s/it, est. speed input: 1.10 toks/s, output: 312.56 toks/s]
[36m(WorkerDict pid=2950667)[0m Processed prompts:  81%|████████▏ | 26/32 [20:34<03:05, 30.92s/it, est. speed input: 1.54 toks/s, output: 152.92 toks/s]
[36m(WorkerDict pid=2950677)[0m Processed prompts:  94%|█████████▍| 30/32 [20:36<01:52, 56.27s/it, est. speed input: 2.95 toks/s, output: 213.65 toks/s]
[36m(WorkerDict pid=2950669)[0m Processed prompts:  69%|██████▉   | 22/32 [20:41<11:14, 67.49s/it, est. speed input: 1.06 toks/s, output: 109.56 toks/s]
[36m(WorkerDict pid=2950671)[0m Processed prompts:  59%|█████▉    | 19/32 [20:48<22:20, 103.12s/it, est. speed input: 1.12 toks/s, output: 120.69 toks/s]
[36m(WorkerDict pid=2950677)[0m Processed prompts:  97%|█████████▋| 31/32 [20:54<00:44, 44.83s/it, est. speed input: 3.02 toks/s, output: 222.95 toks/s]
[36m(WorkerDict pid=2950677)[0m [rank15]:E0616 18:49:42.731000 2950677 site-packages/torch/_dynamo/metrics_context.py:105] [0/1] Unexpected exception logging compilation metrics
[36m(WorkerDict pid=2950677)[0m [rank15]:E0616 18:49:42.731000 2950677 site-packages/torch/_dynamo/metrics_context.py:105] [0/1] Traceback (most recent call last):
[36m(WorkerDict pid=2950677)[0m [rank15]:E0616 18:49:42.731000 2950677 site-packages/torch/_dynamo/metrics_context.py:105] [0/1]   File "/usr/local/python3.11.14/lib/python3.11/site-packages/torch/_dynamo/metrics_context.py", line 101, in __exit__
[36m(WorkerDict pid=2950677)[0m [rank15]:E0616 18:49:42.731000 2950677 site-packages/torch/_dynamo/metrics_context.py:105] [0/1]     self._on_exit(
[36m(WorkerDict pid=2950677)[0m [rank15]:E0616 18:49:42.731000 2950677 site-packages/torch/_dynamo/metrics_context.py:105] [0/1]   File "/usr/local/python3.11.14/lib/python3.11/site-packages/torch/_dynamo/utils.py", line 1632, in record_compilation_metrics
[36m(WorkerDict pid=2950677)[0m [rank15]:E0616 18:49:42.731000 2950677 site-packages/torch/_dynamo/metrics_context.py:105] [0/1]     "triton_version": triton.__version__ if has_triton() else "",
[36m(WorkerDict pid=2950677)[0m [rank15]:E0616 18:49:42.731000 2950677 site-packages/torch/_dynamo/metrics_context.py:105] [0/1]                                             ^^^^^^^^^^^^
[36m(WorkerDict pid=2950677)[0m [rank15]:E0616 18:49:42.731000 2950677 site-packages/torch/_dynamo/metrics_context.py:105] [0/1]   File "/usr/local/python3.11.14/lib/python3.11/site-packages/torch/utils/_triton.py", line 159, in has_triton
[36m(WorkerDict pid=2950677)[0m [rank15]:E0616 18:49:42.731000 2950677 site-packages/torch/_dynamo/metrics_context.py:105] [0/1]     return is_device_compatible_with_triton()
[36m(WorkerDict pid=2950677)[0m [rank15]:E0616 18:49:42.731000 2950677 site-packages/torch/_dynamo/metrics_context.py:105] [0/1]            ^^^^^^^^^^^^^^^^^^^^^^^^^^^^^^^^^^
[36m(WorkerDict pid=2950677)[0m [rank15]:E0616 18:49:42.731000 2950677 site-packages/torch/_dynamo/metrics_context.py:105] [0/1]   File "/usr/local/python3.11.14/lib/python3.11/site-packages/torch/utils/_triton.py", line 155, in is_device_compatible_with_triton
[36m(WorkerDict pid=2950677)[0m [rank15]:E0616 18:49:42.731000 2950677 site-packages/torch/_dynamo/metrics_context.py:105] [0/1]     if device_interface.is_available() and extra_check(device_interface):
[36m(WorkerDict pid=2950677)[0m [rank15]:E0616 18:49:42.731000 2950677 site-packages/torch/_dynamo/metrics_context.py:105] [0/1]                                            ^^^^^^^^^^^^^^^^^^^^^^^^^^^^^
[36m(WorkerDict pid=2950677)[0m [rank15]:E0616 18:49:42.731000 2950677 site-packages/torch/_dynamo/metrics_context.py:105] [0/1]   File "/usr/local/python3.11.14/lib/python3.11/site-packages/torch/utils/_triton.py", line 135, in cuda_extra_check
[36m(WorkerDict pid=2950677)[0m [rank15]:E0616 18:49:42.731000 2950677 site-packages/torch/_dynamo/metrics_context.py:105] [0/1]     return device_interface.Worker.get_device_properties().major >= 7
[36m(WorkerDict pid=2950677)[0m [rank15]:E0616 18:49:42.731000 2950677 site-packages/torch/_dynamo/metrics_context.py:105] [0/1]            ^^^^^^^^^^^^^^^^^^^^^^^^^^^^^^^^^^^^^^^^^^^^^^^^^^^^^^^^^^
[36m(WorkerDict pid=2950677)[0m [rank15]:E0616 18:49:42.731000 2950677 site-packages/torch/_dynamo/metrics_context.py:105] [0/1] TypeError: '>=' not supported between instances of 'NoneType' and 'int'
[36m(WorkerDict pid=2950667)[0m Processed prompts:  84%|████████▍ | 27/32 [21:01<02:28, 29.76s/it, est. speed input: 1.59 toks/s, output: 162.03 toks/s]
[36m(WorkerDict pid=2950669)[0m Processed prompts:  72%|███████▏  | 23/32 [21:27<09:09, 61.08s/it, est. speed input: 1.09 toks/s, output: 118.04 toks/s]
[36m(WorkerDict pid=2950679)[0m Processed prompts:  97%|█████████▋| 31/32 [21:52<01:11, 71.36s/it, est. speed input: 2.79 toks/s, output: 221.50 toks/s]
[36m(WorkerDict pid=2950679)[0m [rank13]:E0616 18:50:40.798000 2950679 site-packages/torch/_dynamo/metrics_context.py:105] [0/1] Unexpected exception logging compilation metrics
[36m(WorkerDict pid=2950679)[0m [rank13]:E0616 18:50:40.798000 2950679 site-packages/torch/_dynamo/metrics_context.py:105] [0/1] Traceback (most recent call last):
[36m(WorkerDict pid=2950679)[0m [rank13]:E0616 18:50:40.798000 2950679 site-packages/torch/_dynamo/metrics_context.py:105] [0/1]   File "/usr/local/python3.11.14/lib/python3.11/site-packages/torch/_dynamo/metrics_context.py", line 101, in __exit__
[36m(WorkerDict pid=2950679)[0m [rank13]:E0616 18:50:40.798000 2950679 site-packages/torch/_dynamo/metrics_context.py:105] [0/1]     self._on_exit(
[36m(WorkerDict pid=2950679)[0m [rank13]:E0616 18:50:40.798000 2950679 site-packages/torch/_dynamo/metrics_context.py:105] [0/1]   File "/usr/local/python3.11.14/lib/python3.11/site-packages/torch/_dynamo/utils.py", line 1632, in record_compilation_metrics
[36m(WorkerDict pid=2950679)[0m [rank13]:E0616 18:50:40.798000 2950679 site-packages/torch/_dynamo/metrics_context.py:105] [0/1]     "triton_version": triton.__version__ if has_triton() else "",
[36m(WorkerDict pid=2950679)[0m [rank13]:E0616 18:50:40.798000 2950679 site-packages/torch/_dynamo/metrics_context.py:105] [0/1]                                             ^^^^^^^^^^^^
[36m(WorkerDict pid=2950679)[0m [rank13]:E0616 18:50:40.798000 2950679 site-packages/torch/_dynamo/metrics_context.py:105] [0/1]   File "/usr/local/python3.11.14/lib/python3.11/site-packages/torch/utils/_triton.py", line 159, in has_triton
[36m(WorkerDict pid=2950679)[0m [rank13]:E0616 18:50:40.798000 2950679 site-packages/torch/_dynamo/metrics_context.py:105] [0/1]     return is_device_compatible_with_triton()
[36m(WorkerDict pid=2950679)[0m [rank13]:E0616 18:50:40.798000 2950679 site-packages/torch/_dynamo/metrics_context.py:105] [0/1]            ^^^^^^^^^^^^^^^^^^^^^^^^^^^^^^^^^^
[36m(WorkerDict pid=2950679)[0m [rank13]:E0616 18:50:40.798000 2950679 site-packages/torch/_dynamo/metrics_context.py:105] [0/1]   File "/usr/local/python3.11.14/lib/python3.11/site-packages/torch/utils/_triton.py", line 155, in is_device_compatible_with_triton
[36m(WorkerDict pid=2950679)[0m [rank13]:E0616 18:50:40.798000 2950679 site-packages/torch/_dynamo/metrics_context.py:105] [0/1]     if device_interface.is_available() and extra_check(device_interface):
[36m(WorkerDict pid=2950679)[0m [rank13]:E0616 18:50:40.798000 2950679 site-packages/torch/_dynamo/metrics_context.py:105] [0/1]                                            ^^^^^^^^^^^^^^^^^^^^^^^^^^^^^
[36m(WorkerDict pid=2950679)[0m [rank13]:E0616 18:50:40.798000 2950679 site-packages/torch/_dynamo/metrics_context.py:105] [0/1]   File "/usr/local/python3.11.14/lib/python3.11/site-packages/torch/utils/_triton.py", line 135, in cuda_extra_check
[36m(WorkerDict pid=2950679)[0m [rank13]:E0616 18:50:40.798000 2950679 site-packages/torch/_dynamo/metrics_context.py:105] [0/1]     return device_interface.Worker.get_device_properties().major >= 7
[36m(WorkerDict pid=2950679)[0m [rank13]:E0616 18:50:40.798000 2950679 site-packages/torch/_dynamo/metrics_context.py:105] [0/1]            ^^^^^^^^^^^^^^^^^^^^^^^^^^^^^^^^^^^^^^^^^^^^^^^^^^^^^^^^^^
[36m(WorkerDict pid=2950679)[0m [rank13]:E0616 18:50:40.798000 2950679 site-packages/torch/_dynamo/metrics_context.py:105] [0/1] TypeError: '>=' not supported between instances of 'NoneType' and 'int'
[36m(WorkerDict pid=2950667)[0m Processed prompts:  88%|████████▊ | 28/32 [21:58<02:32, 38.13s/it, est. speed input: 1.61 toks/s, output: 167.37 toks/s]Processed prompts: 100%|██████████| 32/32 [21:58<00:00, 38.13s/it, est. speed input: 1.95 toks/s, output: 217.07 toks/s]Processed prompts: 100%|██████████| 32/32 [21:58<00:00, 41.21s/it, est. speed input: 1.95 toks/s, output: 217.07 toks/s]
[36m(WorkerDict pid=2950671)[0m Processed prompts:  62%|██████▎   | 20/32 [21:58<18:38, 93.19s/it, est. speed input: 1.11 toks/s, output: 126.71 toks/s] Processed prompts: 100%|██████████| 32/32 [21:58<00:00, 93.19s/it, est. speed input: 1.66 toks/s, output: 275.83 toks/s]Processed prompts: 100%|██████████| 32/32 [21:58<00:00, 41.20s/it, est. speed input: 1.66 toks/s, output: 275.83 toks/s]
[36m(WorkerDict pid=2950670)[0m Processed prompts: 100%|██████████| 32/32 [21:58<00:00, 41.20s/it, est. speed input: 1.74 toks/s, output: 193.99 toks/s]
[36m(WorkerDict pid=2950669)[0m Processed prompts:  75%|███████▌  | 24/32 [21:58<06:55, 51.93s/it, est. speed input: 1.14 toks/s, output: 127.73 toks/s]Processed prompts: 100%|██████████| 32/32 [21:58<00:00, 51.93s/it, est. speed input: 1.71 toks/s, output: 227.15 toks/s]Processed prompts: 100%|██████████| 32/32 [21:58<00:00, 41.20s/it, est. speed input: 1.71 toks/s, output: 227.15 toks/s]
[36m(WorkerDict pid=2950674)[0m Processed prompts: 100%|██████████| 32/32 [21:58<00:00, 41.21s/it, est. speed input: 1.10 toks/s, output: 312.56 toks/s]
[36m(WorkerDict pid=2950677)[0m Processed prompts: 100%|██████████| 32/32 [21:59<00:00, 50.73s/it, est. speed input: 2.98 toks/s, output: 224.46 toks/s]Processed prompts: 100%|██████████| 32/32 [21:59<00:00, 50.73s/it, est. speed input: 2.98 toks/s, output: 224.46 toks/s]Processed prompts: 100%|██████████| 32/32 [21:59<00:00, 41.23s/it, est. speed input: 2.98 toks/s, output: 224.46 toks/s]
[36m(WorkerDict pid=2950679)[0m Processed prompts: 100%|██████████| 32/32 [21:59<00:00, 51.88s/it, est. speed input: 2.86 toks/s, output: 232.83 toks/s]Processed prompts: 100%|██████████| 32/32 [21:59<00:00, 51.88s/it, est. speed input: 2.86 toks/s, output: 232.83 toks/s]Processed prompts: 100%|██████████| 32/32 [21:59<00:00, 41.23s/it, est. speed input: 2.86 toks/s, output: 232.83 toks/s]
[36m(WorkerDict pid=2950680)[0m Processed prompts: 100%|██████████| 32/32 [21:58<00:00, 48.71s/it, est. speed input: 1.23 toks/s, output: 187.28 toks/s]Processed prompts: 100%|██████████| 32/32 [21:58<00:00, 48.71s/it, est. speed input: 1.23 toks/s, output: 187.28 toks/s]Processed prompts: 100%|██████████| 32/32 [21:58<00:00, 41.21s/it, est. speed input: 1.23 toks/s, output: 187.28 toks/s]
[36m(WorkerDict pid=2950663)[0m [rank0]:[W616 18:52:41.090704439 compiler_depend.ts:67] Warning: c10d::broadcast_: an autograd kernel was not registered to the Autograd key(s) but we are trying to backprop through it. This may lead to silently incorrect behavior. This behavior is deprecated and will be removed in a future version of PyTorch. If your operator is differentiable, please ensure you have registered an autograd kernel to the correct Autograd key (e.g. DispatchKey::Autograd, DispatchKey::CompositeImplicitAutograd). If your operator is not differentiable, or to squash this warning and use the previous behavior, please register torch::CppFunction::makeFallthrough() to DispatchKey::Autograd. (function operator())
[36m(TaskRunner pid=2949231)[0m Training Progress:  20%|██        | 1/5 [25:56<1:43:46, 1556.59s/it]
[36m(WorkerDict pid=2950666)[0m Adding requests:   0%|          | 0/32 [00:00<?, ?it/s]Adding requests: 100%|██████████| 32/32 [00:00<00:00, 11940.02it/s]
[36m(WorkerDict pid=2950666)[0m Processed prompts:   0%|          | 0/32 [00:00<?, ?it/s, est. speed input: 0.00 toks/s, output: 0.00 toks/s]
[36m(WorkerDict pid=2950670)[0m Adding requests:   0%|          | 0/32 [00:00<?, ?it/s]Adding requests: 100%|██████████| 32/32 [00:00<00:00, 12253.97it/s]
[36m(WorkerDict pid=2950670)[0m Processed prompts:   0%|          | 0/32 [00:00<?, ?it/s, est. speed input: 0.00 toks/s, output: 0.00 toks/s]
[36m(WorkerDict pid=2950673)[0m Adding requests:   0%|          | 0/32 [00:00<?, ?it/s]Adding requests: 100%|██████████| 32/32 [00:00<00:00, 12106.96it/s]
[36m(WorkerDict pid=2950673)[0m Processed prompts:   0%|          | 0/32 [00:00<?, ?it/s, est. speed input: 0.00 toks/s, output: 0.00 toks/s]
[36m(WorkerDict pid=2950667)[0m Adding requests:   0%|          | 0/32 [00:00<?, ?it/s]Adding requests: 100%|██████████| 32/32 [00:00<00:00, 12304.52it/s]
[36m(WorkerDict pid=2950667)[0m Processed prompts:   0%|          | 0/32 [00:00<?, ?it/s, est. speed input: 0.00 toks/s, output: 0.00 toks/s]
[36m(WorkerDict pid=2950672)[0m Adding requests:   0%|          | 0/32 [00:00<?, ?it/s]Adding requests: 100%|██████████| 32/32 [00:00<00:00, 12837.66it/s]
[36m(WorkerDict pid=2950672)[0m Processed prompts:   0%|          | 0/32 [00:00<?, ?it/s, est. speed input: 0.00 toks/s, output: 0.00 toks/s]
[36m(WorkerDict pid=2950663)[0m Adding requests:   0%|          | 0/32 [00:00<?, ?it/s]Adding requests: 100%|██████████| 32/32 [00:00<00:00, 11923.05it/s]
[36m(WorkerDict pid=2950663)[0m Processed prompts:   0%|          | 0/32 [00:00<?, ?it/s, est. speed input: 0.00 toks/s, output: 0.00 toks/s]
[36m(WorkerDict pid=2950668)[0m Adding requests:   0%|          | 0/32 [00:00<?, ?it/s]Adding requests: 100%|██████████| 32/32 [00:00<00:00, 12714.83it/s]
[36m(WorkerDict pid=2950668)[0m Processed prompts:   0%|          | 0/32 [00:00<?, ?it/s, est. speed input: 0.00 toks/s, output: 0.00 toks/s]
[36m(WorkerDict pid=2950677)[0m Adding requests:   0%|          | 0/32 [00:00<?, ?it/s]Adding requests: 100%|██████████| 32/32 [00:00<00:00, 12433.32it/s]
[36m(WorkerDict pid=2950677)[0m Processed prompts:   0%|          | 0/32 [00:00<?, ?it/s, est. speed input: 0.00 toks/s, output: 0.00 toks/s]
[36m(WorkerDict pid=2950680)[0m Adding requests:   0%|          | 0/32 [00:00<?, ?it/s]Adding requests: 100%|██████████| 32/32 [00:00<00:00, 12387.42it/s]
[36m(WorkerDict pid=2950680)[0m Processed prompts:   0%|          | 0/32 [00:00<?, ?it/s, est. speed input: 0.00 toks/s, output: 0.00 toks/s]
[36m(WorkerDict pid=2950676)[0m Adding requests:   0%|          | 0/32 [00:00<?, ?it/s]Adding requests: 100%|██████████| 32/32 [00:00<00:00, 12072.11it/s]
[36m(WorkerDict pid=2950676)[0m Processed prompts:   0%|          | 0/32 [00:00<?, ?it/s, est. speed input: 0.00 toks/s, output: 0.00 toks/s]
[36m(WorkerDict pid=2950671)[0m Adding requests:   0%|          | 0/32 [00:00<?, ?it/s]Adding requests: 100%|██████████| 32/32 [00:00<00:00, 12239.44it/s]
[36m(WorkerDict pid=2950671)[0m Processed prompts:   0%|          | 0/32 [00:00<?, ?it/s, est. speed input: 0.00 toks/s, output: 0.00 toks/s]
[36m(WorkerDict pid=2950674)[0m Adding requests:   0%|          | 0/32 [00:00<?, ?it/s]Adding requests: 100%|██████████| 32/32 [00:00<00:00, 12224.95it/s]
[36m(WorkerDict pid=2950674)[0m Processed prompts:   0%|          | 0/32 [00:00<?, ?it/s, est. speed input: 0.00 toks/s, output: 0.00 toks/s]
[36m(WorkerDict pid=2950678)[0m Adding requests:   0%|          | 0/32 [00:00<?, ?it/s]Adding requests: 100%|██████████| 32/32 [00:00<00:00, 12435.63it/s]
[36m(WorkerDict pid=2950678)[0m Processed prompts:   0%|          | 0/32 [00:00<?, ?it/s, est. speed input: 0.00 toks/s, output: 0.00 toks/s]
[36m(WorkerDict pid=2950675)[0m Adding requests:   0%|          | 0/32 [00:00<?, ?it/s]Adding requests: 100%|██████████| 32/32 [00:00<00:00, 11423.76it/s]
[36m(WorkerDict pid=2950675)[0m Processed prompts:   0%|          | 0/32 [00:00<?, ?it/s, est. speed input: 0.00 toks/s, output: 0.00 toks/s]
[36m(WorkerDict pid=2950679)[0m Adding requests:   0%|          | 0/32 [00:00<?, ?it/s]Adding requests: 100%|██████████| 32/32 [00:00<00:00, 12466.81it/s]
[36m(WorkerDict pid=2950679)[0m Processed prompts:   0%|          | 0/32 [00:00<?, ?it/s, est. speed input: 0.00 toks/s, output: 0.00 toks/s]
[36m(WorkerDict pid=2950669)[0m Adding requests:   0%|          | 0/32 [00:00<?, ?it/s]Adding requests: 100%|██████████| 32/32 [00:00<00:00, 11881.88it/s]
[36m(WorkerDict pid=2950669)[0m Processed prompts:   0%|          | 0/32 [00:00<?, ?it/s, est. speed input: 0.00 toks/s, output: 0.00 toks/s]
[36m(WorkerDict pid=2950673)[0m Processed prompts:   3%|▎         | 1/32 [01:04<33:07, 64.11s/it, est. speed input: 1.14 toks/s, output: 11.21 toks/s]
[36m(WorkerDict pid=2950673)[0m Processed prompts:   6%|▋         | 2/32 [01:17<17:06, 34.23s/it, est. speed input: 1.89 toks/s, output: 20.69 toks/s]
[36m(WorkerDict pid=2950673)[0m Processed prompts:   9%|▉         | 3/32 [01:20<09:35, 19.83s/it, est. speed input: 2.73 toks/s, output: 31.43 toks/s]
[36m(WorkerDict pid=2950673)[0m Processed prompts:  12%|█▎        | 4/32 [01:22<06:02, 12.93s/it, est. speed input: 3.54 toks/s, output: 41.97 toks/s]
[36m(WorkerDict pid=2950673)[0m Processed prompts:  16%|█▌        | 5/32 [01:25<04:10,  9.29s/it, est. speed input: 4.28 toks/s, output: 52.05 toks/s]
[36m(WorkerDict pid=2950673)[0m Processed prompts:  19%|█▉        | 6/32 [01:25<02:41,  6.21s/it, est. speed input: 5.12 toks/s, output: 63.38 toks/s]
[36m(WorkerDict pid=2950673)[0m Processed prompts:  22%|██▏       | 7/32 [01:26<01:52,  4.48s/it, est. speed input: 5.91 toks/s, output: 74.18 toks/s]
[36m(WorkerDict pid=2950673)[0m Processed prompts:  25%|██▌       | 8/32 [01:29<01:38,  4.10s/it, est. speed input: 6.51 toks/s, output: 82.97 toks/s]
[36m(WorkerDict pid=2950673)[0m Processed prompts:  28%|██▊       | 9/32 [01:32<01:23,  3.63s/it, est. speed input: 7.12 toks/s, output: 92.18 toks/s]
[36m(WorkerDict pid=2950673)[0m Processed prompts:  31%|███▏      | 10/32 [01:33<01:05,  2.97s/it, est. speed input: 7.78 toks/s, output: 102.25 toks/s]
[36m(WorkerDict pid=2950673)[0m Processed prompts:  34%|███▍      | 11/32 [01:36<01:02,  3.00s/it, est. speed input: 8.29 toks/s, output: 110.56 toks/s]
[36m(WorkerDict pid=2950673)[0m Processed prompts:  38%|███▊      | 12/32 [01:40<01:03,  3.19s/it, est. speed input: 8.71 toks/s, output: 118.16 toks/s]
[36m(WorkerDict pid=2950679)[0m Processed prompts:   3%|▎         | 1/32 [01:44<54:01, 104.58s/it, est. speed input: 0.87 toks/s, output: 11.70 toks/s]
[36m(WorkerDict pid=2950673)[0m Processed prompts:  41%|████      | 13/32 [01:47<01:21,  4.27s/it, est. speed input: 8.85 toks/s, output: 122.34 toks/s]
[36m(WorkerDict pid=2950666)[0m Processed prompts:   3%|▎         | 1/32 [01:47<55:41, 107.78s/it, est. speed input: 0.58 toks/s, output: 11.61 toks/s]
[36m(WorkerDict pid=2950679)[0m Processed prompts:   6%|▋         | 2/32 [01:55<24:51, 49.72s/it, est. speed input: 1.57 toks/s, output: 22.31 toks/s] 
[36m(WorkerDict pid=2950673)[0m Processed prompts:  44%|████▍     | 14/32 [01:56<01:45,  5.86s/it, est. speed input: 8.75 toks/s, output: 124.04 toks/s]
[36m(WorkerDict pid=2950679)[0m Processed prompts:   9%|▉         | 3/32 [01:56<13:15, 27.42s/it, est. speed input: 2.34 toks/s, output: 33.90 toks/s]
[36m(WorkerDict pid=2950673)[0m Processed prompts:  47%|████▋     | 15/32 [01:58<01:17,  4.59s/it, est. speed input: 9.24 toks/s, output: 134.01 toks/s]
[36m(WorkerDict pid=2950666)[0m Processed prompts:   6%|▋         | 2/32 [02:01<26:20, 52.67s/it, est. speed input: 1.02 toks/s, output: 21.94 toks/s] 
[36m(WorkerDict pid=2950673)[0m Processed prompts:  50%|█████     | 16/32 [02:01<01:07,  4.21s/it, est. speed input: 9.59 toks/s, output: 142.04 toks/s]
[36m(WorkerDict pid=2950679)[0m Processed prompts:  12%|█▎        | 4/32 [02:01<08:33, 18.33s/it, est. speed input: 3.00 toks/s, output: 44.45 toks/s]
[36m(WorkerDict pid=2950674)[0m Processed prompts:   3%|▎         | 1/32 [02:07<1:05:57, 127.66s/it, est. speed input: 0.49 toks/s, output: 11.78 toks/s]
[36m(WorkerDict pid=2950666)[0m Processed prompts:   9%|▉         | 3/32 [02:16<17:05, 35.37s/it, est. speed input: 1.36 toks/s, output: 31.28 toks/s]
[36m(WorkerDict pid=2950674)[0m Processed prompts:   6%|▋         | 2/32 [02:15<28:43, 57.45s/it, est. speed input: 0.93 toks/s, output: 22.86 toks/s]   
[36m(WorkerDict pid=2950674)[0m Processed prompts:   9%|▉         | 3/32 [02:17<15:21, 31.76s/it, est. speed input: 1.38 toks/s, output: 34.46 toks/s]
[36m(WorkerDict pid=2950674)[0m Processed prompts:  12%|█▎        | 4/32 [02:17<09:00, 19.32s/it, est. speed input: 1.83 toks/s, output: 46.21 toks/s]
[36m(WorkerDict pid=2950674)[0m Processed prompts:  16%|█▌        | 5/32 [02:18<05:48, 12.92s/it, est. speed input: 2.27 toks/s, output: 57.49 toks/s]
[36m(WorkerDict pid=2950679)[0m Processed prompts:  16%|█▌        | 5/32 [02:19<08:15, 18.34s/it, est. speed input: 3.26 toks/s, output: 50.43 toks/s]
[36m(WorkerDict pid=2950674)[0m Processed prompts:  19%|█▉        | 6/32 [02:21<04:00,  9.27s/it, est. speed input: 2.68 toks/s, output: 68.43 toks/s]
[36m(WorkerDict pid=2950674)[0m Processed prompts:  22%|██▏       | 7/32 [02:22<02:48,  6.74s/it, est. speed input: 3.09 toks/s, output: 79.52 toks/s]
[36m(WorkerDict pid=2950674)[0m Processed prompts:  25%|██▌       | 8/32 [02:23<01:53,  4.73s/it, est. speed input: 3.52 toks/s, output: 91.12 toks/s]
[36m(WorkerDict pid=2950674)[0m Processed prompts:  28%|██▊       | 9/32 [02:23<01:17,  3.35s/it, est. speed input: 3.95 toks/s, output: 102.74 toks/s]
[36m(WorkerDict pid=2950666)[0m Processed prompts:  12%|█▎        | 4/32 [02:24<11:25, 24.48s/it, est. speed input: 1.72 toks/s, output: 41.35 toks/s]
[36m(WorkerDict pid=2950679)[0m Processed prompts:  19%|█▉        | 6/32 [02:24<05:55, 13.68s/it, est. speed input: 3.79 toks/s, output: 60.64 toks/s]
[36m(WorkerDict pid=2950674)[0m Processed prompts:  31%|███▏      | 10/32 [02:26<01:09,  3.17s/it, est. speed input: 4.31 toks/s, output: 112.64 toks/s]
[36m(WorkerDict pid=2950666)[0m Processed prompts:  16%|█▌        | 5/32 [02:27<07:36, 16.92s/it, est. speed input: 2.10 toks/s, output: 52.13 toks/s]
[36m(WorkerDict pid=2950666)[0m Processed prompts:  19%|█▉        | 6/32 [02:28<04:51, 11.22s/it, est. speed input: 2.51 toks/s, output: 63.83 toks/s]
[36m(WorkerDict pid=2950674)[0m Processed prompts:  34%|███▍      | 11/32 [02:27<00:55,  2.64s/it, est. speed input: 4.69 toks/s, output: 123.38 toks/s]
[36m(WorkerDict pid=2950679)[0m Processed prompts:  22%|██▏       | 7/32 [02:29<04:33, 10.93s/it, est. speed input: 4.26 toks/s, output: 70.36 toks/s]
[36m(WorkerDict pid=2950666)[0m Processed prompts:  22%|██▏       | 7/32 [02:31<03:38,  8.75s/it, est. speed input: 2.86 toks/s, output: 74.06 toks/s]
[36m(WorkerDict pid=2950674)[0m Processed prompts:  38%|███▊      | 12/32 [02:30<00:55,  2.79s/it, est. speed input: 5.01 toks/s, output: 132.65 toks/s]
[36m(WorkerDict pid=2950679)[0m Processed prompts:  25%|██▌       | 8/32 [02:31<03:12,  8.03s/it, est. speed input: 4.81 toks/s, output: 81.36 toks/s]
[36m(WorkerDict pid=2950674)[0m Processed prompts:  41%|████      | 13/32 [02:31<00:42,  2.22s/it, est. speed input: 5.40 toks/s, output: 143.70 toks/s]
[36m(WorkerDict pid=2950678)[0m Processed prompts:   3%|▎         | 1/32 [02:32<1:18:36, 152.15s/it, est. speed input: 0.42 toks/s, output: 11.85 toks/s]
[36m(WorkerDict pid=2950674)[0m Processed prompts:  44%|████▍     | 14/32 [02:33<00:39,  2.22s/it, est. speed input: 5.73 toks/s, output: 153.49 toks/s]
[36m(WorkerDict pid=2950666)[0m Processed prompts:  25%|██▌       | 8/32 [02:36<02:56,  7.37s/it, est. speed input: 3.18 toks/s, output: 83.77 toks/s]
[36m(WorkerDict pid=2950678)[0m Processed prompts:   6%|▋         | 2/32 [02:36<32:39, 65.33s/it, est. speed input: 0.84 toks/s, output: 23.38 toks/s]   
[36m(WorkerDict pid=2950678)[0m Processed prompts:   9%|▉         | 3/32 [02:38<17:29, 36.18s/it, est. speed input: 1.26 toks/s, output: 35.03 toks/s]
[36m(WorkerDict pid=2950674)[0m Processed prompts:  47%|████▋     | 15/32 [02:38<00:49,  2.93s/it, est. speed input: 5.96 toks/s, output: 160.93 toks/s]
[36m(WorkerDict pid=2950679)[0m Processed prompts:  28%|██▊       | 9/32 [02:39<03:05,  8.07s/it, est. speed input: 5.14 toks/s, output: 89.08 toks/s]
[36m(WorkerDict pid=2950679)[0m Processed prompts:  31%|███▏      | 10/32 [02:42<02:24,  6.58s/it, est. speed input: 5.59 toks/s, output: 99.20 toks/s]
[36m(WorkerDict pid=2950668)[0m Processed prompts:   3%|▎         | 1/32 [02:45<1:25:35, 165.66s/it, est. speed input: 0.33 toks/s, output: 11.87 toks/s]
[36m(WorkerDict pid=2950666)[0m Processed prompts:  28%|██▊       | 9/32 [02:48<03:24,  8.87s/it, est. speed input: 3.31 toks/s, output: 89.54 toks/s]
[36m(WorkerDict pid=2950679)[0m Processed prompts:  34%|███▍      | 11/32 [02:49<02:17,  6.56s/it, est. speed input: 5.92 toks/s, output: 107.29 toks/s]
[36m(WorkerDict pid=2950679)[0m Processed prompts:  38%|███▊      | 12/32 [02:50<01:40,  5.04s/it, est. speed input: 6.40 toks/s, output: 118.21 toks/s]
[36m(WorkerDict pid=2950666)[0m Processed prompts:  31%|███▏      | 10/32 [02:52<02:40,  7.28s/it, est. speed input: 3.60 toks/s, output: 99.45 toks/s]
[36m(WorkerDict pid=2950679)[0m Processed prompts:  41%|████      | 13/32 [02:52<01:16,  4.02s/it, est. speed input: 6.86 toks/s, output: 128.97 toks/s]
[36m(WorkerDict pid=2950678)[0m Processed prompts:  12%|█▎        | 4/32 [02:58<13:52, 29.74s/it, est. speed input: 1.48 toks/s, output: 43.04 toks/s]
[36m(WorkerDict pid=2950678)[0m Processed prompts:  16%|█▌        | 5/32 [03:00<08:53, 19.78s/it, est. speed input: 1.84 toks/s, output: 54.46 toks/s]
[36m(WorkerDict pid=2950678)[0m Processed prompts:  19%|█▉        | 6/32 [03:01<05:52, 13.54s/it, est. speed input: 2.18 toks/s, output: 65.95 toks/s]
[36m(WorkerDict pid=2950680)[0m Processed prompts:   3%|▎         | 1/32 [03:02<1:34:04, 182.08s/it, est. speed input: 0.29 toks/s, output: 11.91 toks/s]
[36m(WorkerDict pid=2950678)[0m Processed prompts:  22%|██▏       | 7/32 [03:03<04:04,  9.79s/it, est. speed input: 2.50 toks/s, output: 77.14 toks/s]
[36m(WorkerDict pid=2950678)[0m Processed prompts:  25%|██▌       | 8/32 [03:06<02:59,  7.50s/it, est. speed input: 2.83 toks/s, output: 88.01 toks/s]
[36m(WorkerDict pid=2950679)[0m Processed prompts:  44%|████▍     | 14/32 [03:06<02:07,  7.07s/it, est. speed input: 6.83 toks/s, output: 131.15 toks/s]
[36m(WorkerDict pid=2950678)[0m Processed prompts:  28%|██▊       | 9/32 [03:06<02:02,  5.30s/it, est. speed input: 3.19 toks/s, output: 99.72 toks/s]
[36m(WorkerDict pid=2950666)[0m Processed prompts:  34%|███▍      | 11/32 [03:08<03:30, 10.01s/it, est. speed input: 3.62 toks/s, output: 102.77 toks/s]
[36m(WorkerDict pid=2950679)[0m Processed prompts:  47%|████▋     | 15/32 [03:08<01:34,  5.56s/it, est. speed input: 7.24 toks/s, output: 141.66 toks/s]
[36m(WorkerDict pid=2950672)[0m Processed prompts:   3%|▎         | 1/32 [03:10<1:38:20, 190.34s/it, est. speed input: 0.19 toks/s, output: 11.92 toks/s]
[36m(WorkerDict pid=2950674)[0m Processed prompts:  53%|█████▎    | 17/32 [03:10<02:14,  8.99s/it, est. speed input: 5.48 toks/s, output: 155.68 toks/s]
[36m(WorkerDict pid=2950674)[0m Processed prompts:  56%|█████▋    | 18/32 [03:12<01:40,  7.16s/it, est. speed input: 5.63 toks/s, output: 166.32 toks/s]
[36m(WorkerDict pid=2950668)[0m Processed prompts:   6%|▋         | 2/32 [03:13<42:20, 84.67s/it, est. speed input: 0.57 toks/s, output: 22.08 toks/s]   
[36m(WorkerDict pid=2950674)[0m Processed prompts:  59%|█████▉    | 19/32 [03:14<01:18,  6.01s/it, est. speed input: 5.74 toks/s, output: 175.91 toks/s]
[36m(WorkerDict pid=2950678)[0m Processed prompts:  31%|███▏      | 10/32 [03:14<02:15,  6.17s/it, est. speed input: 3.41 toks/s, output: 107.52 toks/s]
[36m(WorkerDict pid=2950674)[0m Processed prompts:  62%|██████▎   | 20/32 [03:15<00:53,  4.44s/it, est. speed input: 5.92 toks/s, output: 187.64 toks/s]
[36m(WorkerDict pid=2950666)[0m Processed prompts:  38%|███▊      | 12/32 [03:16<03:12,  9.61s/it, est. speed input: 3.78 toks/s, output: 110.13 toks/s]
[36m(WorkerDict pid=2950678)[0m Processed prompts:  34%|███▍      | 11/32 [03:16<01:37,  4.63s/it, est. speed input: 3.73 toks/s, output: 118.85 toks/s]
[36m(WorkerDict pid=2950672)[0m Processed prompts:   6%|▋         | 2/32 [03:18<41:37, 83.25s/it, est. speed input: 0.36 toks/s, output: 23.36 toks/s]   
[36m(WorkerDict pid=2950677)[0m Processed prompts:   3%|▎         | 1/32 [03:19<1:42:51, 199.07s/it, est. speed input: 0.28 toks/s, output: 11.94 toks/s]
[36m(WorkerDict pid=2950666)[0m Processed prompts:  41%|████      | 13/32 [03:20<02:29,  7.89s/it, est. speed input: 4.01 toks/s, output: 119.88 toks/s]
[36m(WorkerDict pid=2950668)[0m Processed prompts:   9%|▉         | 3/32 [03:22<24:06, 49.87s/it, est. speed input: 0.82 toks/s, output: 33.09 toks/s]
[36m(WorkerDict pid=2950674)[0m Processed prompts:  66%|██████▌   | 21/32 [03:22<00:56,  5.15s/it, est. speed input: 5.90 toks/s, output: 193.11 toks/s]
[36m(WorkerDict pid=2950666)[0m Processed prompts:  44%|████▍     | 14/32 [03:24<02:00,  6.70s/it, est. speed input: 4.24 toks/s, output: 129.49 toks/s]
[36m(WorkerDict pid=2950677)[0m Processed prompts:   6%|▋         | 2/32 [03:25<42:51, 85.72s/it, est. speed input: 0.54 toks/s, output: 23.52 toks/s]   
[36m(WorkerDict pid=2950668)[0m Processed prompts:  16%|█▌        | 5/32 [03:26<10:21, 23.02s/it, est. speed input: 1.33 toks/s, output: 55.93 toks/s]
[36m(WorkerDict pid=2950674)[0m Processed prompts:  69%|██████▉   | 22/32 [03:26<00:50,  5.03s/it, est. speed input: 5.95 toks/s, output: 200.67 toks/s]
[36m(WorkerDict pid=2950680)[0m Processed prompts:   6%|▋         | 2/32 [03:28<45:22, 90.76s/it, est. speed input: 0.50 toks/s, output: 22.33 toks/s]   
[36m(WorkerDict pid=2950679)[0m Processed prompts:  50%|█████     | 16/32 [03:28<02:38,  9.92s/it, est. speed input: 6.98 toks/s, output: 140.03 toks/s]
[36m(WorkerDict pid=2950677)[0m Processed prompts:   9%|▉         | 3/32 [03:29<23:26, 48.49s/it, est. speed input: 0.79 toks/s, output: 35.00 toks/s]
[36m(WorkerDict pid=2950674)[0m Processed prompts:  72%|███████▏  | 23/32 [03:29<00:40,  4.45s/it, est. speed input: 6.04 toks/s, output: 209.74 toks/s]
[36m(WorkerDict pid=2950668)[0m Processed prompts:  19%|█▉        | 6/32 [03:31<07:37, 17.59s/it, est. speed input: 1.56 toks/s, output: 66.78 toks/s]
[36m(WorkerDict pid=2950674)[0m Processed prompts:  75%|███████▌  | 24/32 [03:31<00:28,  3.53s/it, est. speed input: 6.17 toks/s, output: 220.41 toks/s]
[36m(WorkerDict pid=2950678)[0m Processed prompts:  38%|███▊      | 12/32 [03:31<02:37,  7.86s/it, est. speed input: 3.79 toks/s, output: 122.25 toks/s]
[36m(WorkerDict pid=2950677)[0m Processed prompts:  12%|█▎        | 4/32 [03:32<14:10, 30.39s/it, est. speed input: 1.04 toks/s, output: 46.53 toks/s]
[36m(WorkerDict pid=2950668)[0m Processed prompts:  22%|██▏       | 7/32 [03:32<05:22, 12.90s/it, est. speed input: 1.81 toks/s, output: 78.27 toks/s]
[36m(WorkerDict pid=2950678)[0m Processed prompts:  41%|████      | 13/32 [03:32<01:49,  5.77s/it, est. speed input: 4.09 toks/s, output: 133.68 toks/s]
[36m(WorkerDict pid=2950672)[0m Processed prompts:   9%|▉         | 3/32 [03:33<25:08, 52.00s/it, est. speed input: 0.51 toks/s, output: 33.69 toks/s]
[36m(WorkerDict pid=2950678)[0m Processed prompts:  44%|████▍     | 14/32 [03:34<01:23,  4.63s/it, est. speed input: 4.37 toks/s, output: 144.42 toks/s]
[36m(WorkerDict pid=2950674)[0m Processed prompts:  78%|███████▊  | 25/32 [03:34<00:24,  3.51s/it, est. speed input: 6.25 toks/s, output: 228.86 toks/s]
[36m(WorkerDict pid=2950666)[0m Processed prompts:  47%|████▋     | 15/32 [03:36<02:16,  8.04s/it, est. speed input: 4.31 toks/s, output: 134.73 toks/s]
[36m(WorkerDict pid=2950668)[0m Processed prompts:  25%|██▌       | 8/32 [03:35<03:58,  9.93s/it, est. speed input: 2.04 toks/s, output: 89.22 toks/s]
[36m(WorkerDict pid=2950674)[0m Processed prompts:  81%|████████▏ | 26/32 [03:35<00:15,  2.66s/it, est. speed input: 6.40 toks/s, output: 240.15 toks/s]
[36m(WorkerDict pid=2950680)[0m Processed prompts:   9%|▉         | 3/32 [03:36<25:24, 52.59s/it, est. speed input: 0.72 toks/s, output: 33.57 toks/s]
[36m(WorkerDict pid=2950672)[0m Processed prompts:  12%|█▎        | 4/32 [03:38<15:39, 33.54s/it, est. speed input: 0.66 toks/s, output: 44.86 toks/s]
[36m(WorkerDict pid=2950672)[0m Processed prompts:  16%|█▌        | 5/32 [03:39<09:50, 21.86s/it, est. speed input: 0.82 toks/s, output: 56.60 toks/s]
[36m(WorkerDict pid=2950668)[0m Processed prompts:  28%|██▊       | 9/32 [03:40<03:18,  8.64s/it, est. speed input: 2.24 toks/s, output: 98.95 toks/s]
[36m(WorkerDict pid=2950677)[0m Processed prompts:  16%|█▌        | 5/32 [03:41<10:13, 22.71s/it, est. speed input: 1.24 toks/s, output: 56.60 toks/s]
[36m(WorkerDict pid=2950680)[0m Processed prompts:  12%|█▎        | 4/32 [03:41<15:51, 33.99s/it, est. speed input: 0.94 toks/s, output: 44.71 toks/s]
[36m(WorkerDict pid=2950674)[0m Processed prompts:  84%|████████▍ | 27/32 [03:42<00:20,  4.08s/it, est. speed input: 6.35 toks/s, output: 244.13 toks/s]
[36m(WorkerDict pid=2950672)[0m Processed prompts:  19%|█▉        | 6/32 [03:44<06:56, 16.02s/it, est. speed input: 0.96 toks/s, output: 67.39 toks/s]
[36m(WorkerDict pid=2950677)[0m Processed prompts:  19%|█▉        | 6/32 [03:44<06:57, 16.07s/it, est. speed input: 1.47 toks/s, output: 67.77 toks/s]
[36m(WorkerDict pid=2950668)[0m Processed prompts:  31%|███▏      | 10/32 [03:44<02:37,  7.16s/it, est. speed input: 2.45 toks/s, output: 109.31 toks/s]
[36m(WorkerDict pid=2950666)[0m Processed prompts:  50%|█████     | 16/32 [03:45<02:15,  8.45s/it, est. speed input: 4.40 toks/s, output: 141.07 toks/s]
[36m(WorkerDict pid=2950668)[0m Processed prompts:  34%|███▍      | 11/32 [03:44<01:47,  5.13s/it, est. speed input: 2.69 toks/s, output: 121.13 toks/s]
[36m(WorkerDict pid=2950678)[0m Processed prompts:  47%|████▋     | 15/32 [03:45<01:54,  6.72s/it, est. speed input: 4.43 toks/s, output: 149.03 toks/s]
[36m(WorkerDict pid=2950674)[0m Processed prompts:  88%|████████▊ | 28/32 [03:47<00:17,  4.37s/it, est. speed input: 6.37 toks/s, output: 250.72 toks/s]
[36m(WorkerDict pid=2950668)[0m Processed prompts:  38%|███▊      | 12/32 [03:49<01:37,  4.89s/it, est. speed input: 2.88 toks/s, output: 130.82 toks/s]
[36m(WorkerDict pid=2950678)[0m Processed prompts:  50%|█████     | 16/32 [03:49<01:32,  5.79s/it, est. speed input: 4.64 toks/s, output: 158.67 toks/s]
[36m(WorkerDict pid=2950678)[0m Processed prompts:  53%|█████▎    | 17/32 [03:50<01:04,  4.33s/it, est. speed input: 4.91 toks/s, output: 170.03 toks/s]
[36m(WorkerDict pid=2950668)[0m Processed prompts:  41%|████      | 13/32 [03:53<01:28,  4.63s/it, est. speed input: 3.06 toks/s, output: 140.54 toks/s]
[36m(WorkerDict pid=2950677)[0m Processed prompts:  22%|██▏       | 7/32 [03:53<05:44, 13.79s/it, est. speed input: 1.65 toks/s, output: 77.12 toks/s]
[36m(WorkerDict pid=2950674)[0m Processed prompts:  91%|█████████ | 29/32 [03:54<00:15,  5.07s/it, est. speed input: 6.35 toks/s, output: 255.53 toks/s]
[36m(WorkerDict pid=2950680)[0m Processed prompts:  16%|█▌        | 5/32 [03:56<12:10, 27.06s/it, est. speed input: 1.10 toks/s, output: 53.91 toks/s]
[36m(WorkerDict pid=2950678)[0m Processed prompts:  56%|█████▋    | 18/32 [03:57<01:13,  5.28s/it, est. speed input: 5.05 toks/s, output: 176.67 toks/s]
[36m(WorkerDict pid=2950674)[0m Processed prompts:  94%|█████████▍| 30/32 [03:58<00:09,  4.63s/it, est. speed input: 6.41 toks/s, output: 263.68 toks/s]
[36m(WorkerDict pid=2950678)[0m Processed prompts:  59%|█████▉    | 19/32 [03:58<00:50,  3.89s/it, est. speed input: 5.32 toks/s, output: 188.20 toks/s]
[36m(WorkerDict pid=2950672)[0m Processed prompts:  22%|██▏       | 7/32 [04:00<06:36, 15.88s/it, est. speed input: 1.05 toks/s, output: 75.01 toks/s]
[36m(WorkerDict pid=2950674)[0m Processed prompts:  97%|█████████▋| 31/32 [03:59<00:03,  3.75s/it, est. speed input: 6.52 toks/s, output: 273.84 toks/s]
[36m(WorkerDict pid=2950674)[0m Processed prompts: 100%|██████████| 32/32 [04:01<00:00,  3.14s/it, est. speed input: 6.62 toks/s, output: 283.89 toks/s]Processed prompts: 100%|██████████| 32/32 [04:01<00:00,  3.14s/it, est. speed input: 6.62 toks/s, output: 283.89 toks/s]
[36m(WorkerDict pid=2950673)[0m Processed prompts:  53%|█████▎    | 17/32 [04:02<09:47, 39.16s/it, est. speed input: 5.06 toks/s, output: 83.40 toks/s] 
[36m(WorkerDict pid=2950678)[0m Processed prompts:  62%|██████▎   | 20/32 [04:02<00:47,  3.94s/it, est. speed input: 5.51 toks/s, output: 197.06 toks/s]
[36m(WorkerDict pid=2950672)[0m Processed prompts:  25%|██▌       | 8/32 [04:04<04:50, 12.09s/it, est. speed input: 1.18 toks/s, output: 85.79 toks/s]
[36m(WorkerDict pid=2950668)[0m Processed prompts:  44%|████▍     | 14/32 [04:04<01:59,  6.64s/it, est. speed input: 3.18 toks/s, output: 146.02 toks/s]
[36m(WorkerDict pid=2950672)[0m Processed prompts:  28%|██▊       | 9/32 [04:04<03:16,  8.54s/it, est. speed input: 1.33 toks/s, output: 97.53 toks/s]
[36m(WorkerDict pid=2950680)[0m Processed prompts:  19%|█▉        | 6/32 [04:05<09:06, 21.03s/it, est. speed input: 1.27 toks/s, output: 63.87 toks/s]
[36m(WorkerDict pid=2950672)[0m Processed prompts:  31%|███▏      | 10/32 [04:07<02:26,  6.65s/it, est. speed input: 1.46 toks/s, output: 108.58 toks/s]
[36m(WorkerDict pid=2950680)[0m Processed prompts:  22%|██▏       | 7/32 [04:07<06:05, 14.63s/it, est. speed input: 1.47 toks/s, output: 75.50 toks/s]
[36m(WorkerDict pid=2950677)[0m Processed prompts:  25%|██▌       | 8/32 [04:07<05:33, 13.90s/it, est. speed input: 1.78 toks/s, output: 84.74 toks/s]
[36m(WorkerDict pid=2950680)[0m Processed prompts:  25%|██▌       | 8/32 [04:09<04:18, 10.76s/it, est. speed input: 1.67 toks/s, output: 86.78 toks/s]
[36m(WorkerDict pid=2950678)[0m Processed prompts:  66%|██████▌   | 21/32 [04:10<00:54,  5.00s/it, est. speed input: 5.60 toks/s, output: 203.22 toks/s]
[36m(WorkerDict pid=2950678)[0m Processed prompts:  69%|██████▉   | 22/32 [04:10<00:36,  3.68s/it, est. speed input: 5.86 toks/s, output: 214.77 toks/s]
[36m(WorkerDict pid=2950680)[0m Processed prompts:  28%|██▊       | 9/32 [04:10<03:00,  7.84s/it, est. speed input: 1.86 toks/s, output: 98.32 toks/s]
[36m(WorkerDict pid=2950668)[0m Processed prompts:  47%|████▋     | 15/32 [04:11<01:55,  6.77s/it, est. speed input: 3.30 toks/s, output: 153.96 toks/s]
[36m(WorkerDict pid=2950678)[0m Processed prompts:  72%|███████▏  | 23/32 [04:11<00:25,  2.87s/it, est. speed input: 6.09 toks/s, output: 225.98 toks/s]
[36m(WorkerDict pid=2950680)[0m Processed prompts:  31%|███▏      | 10/32 [04:13<02:18,  6.30s/it, est. speed input: 2.05 toks/s, output: 109.25 toks/s]
[36m(WorkerDict pid=2950678)[0m Processed prompts:  75%|███████▌  | 24/32 [04:13<00:21,  2.64s/it, est. speed input: 6.29 toks/s, output: 236.17 toks/s]
[36m(WorkerDict pid=2950678)[0m Processed prompts:  78%|███████▊  | 25/32 [04:14<00:14,  2.09s/it, est. speed input: 6.52 toks/s, output: 247.47 toks/s]
[36m(WorkerDict pid=2950667)[0m Processed prompts:   3%|▎         | 1/32 [04:16<2:12:22, 256.20s/it, est. speed input: 0.22 toks/s, output: 12.03 toks/s]
[36m(WorkerDict pid=2950669)[0m Processed prompts:   3%|▎         | 1/32 [04:16<2:12:21, 256.18s/it, est. speed input: 0.38 toks/s, output: 12.06 toks/s]
[36m(WorkerDict pid=2950672)[0m Processed prompts:  34%|███▍      | 11/32 [04:17<02:40,  7.66s/it, est. speed input: 1.55 toks/s, output: 116.41 toks/s]
[36m(WorkerDict pid=2950677)[0m Processed prompts:  28%|██▊       | 9/32 [04:20<05:08, 13.41s/it, est. speed input: 1.90 toks/s, output: 92.76 toks/s]
[36m(WorkerDict pid=2950677)[0m Processed prompts:  31%|███▏      | 10/32 [04:20<03:26,  9.37s/it, est. speed input: 2.11 toks/s, output: 104.67 toks/s]
[36m(WorkerDict pid=2950677)[0m Processed prompts:  34%|███▍      | 11/32 [04:21<02:26,  6.98s/it, est. speed input: 2.31 toks/s, output: 116.08 toks/s]
[36m(WorkerDict pid=2950678)[0m Processed prompts:  81%|████████▏ | 26/32 [04:22<00:23,  3.99s/it, est. speed input: 6.57 toks/s, output: 251.59 toks/s]
[36m(WorkerDict pid=2950668)[0m Processed prompts:  50%|█████     | 16/32 [04:26<02:24,  9.05s/it, est. speed input: 3.36 toks/s, output: 157.68 toks/s]
[36m(WorkerDict pid=2950677)[0m Processed prompts:  38%|███▊      | 12/32 [04:26<02:07,  6.37s/it, est. speed input: 2.47 toks/s, output: 125.97 toks/s]
[36m(WorkerDict pid=2950668)[0m Processed prompts:  53%|█████▎    | 17/32 [04:27<01:41,  6.76s/it, est. speed input: 3.57 toks/s, output: 168.90 toks/s]
[36m(WorkerDict pid=2950678)[0m Processed prompts:  84%|████████▍ | 27/32 [04:29<00:24,  4.81s/it, est. speed input: 6.65 toks/s, output: 257.39 toks/s]
[36m(WorkerDict pid=2950680)[0m Processed prompts:  34%|███▍      | 11/32 [04:33<03:38, 10.39s/it, est. speed input: 2.09 toks/s, output: 113.45 toks/s]
[36m(WorkerDict pid=2950673)[0m Processed prompts:  56%|█████▋    | 18/32 [04:34<08:38, 37.03s/it, est. speed input: 4.68 toks/s, output: 85.69 toks/s]
[36m(WorkerDict pid=2950680)[0m Processed prompts:  38%|███▊      | 12/32 [04:33<02:26,  7.34s/it, est. speed input: 2.28 toks/s, output: 125.36 toks/s]
[36m(WorkerDict pid=2950668)[0m Processed prompts:  56%|█████▋    | 18/32 [04:34<01:35,  6.83s/it, est. speed input: 3.71 toks/s, output: 176.65 toks/s]
[36m(WorkerDict pid=2950667)[0m Processed prompts:   6%|▋         | 2/32 [04:35<58:33, 117.13s/it, est. speed input: 0.41 toks/s, output: 23.23 toks/s]  
[36m(WorkerDict pid=2950667)[0m Processed prompts:   9%|▉         | 3/32 [04:36<30:47, 63.71s/it, est. speed input: 0.61 toks/s, output: 35.27 toks/s] 
[36m(WorkerDict pid=2950669)[0m Processed prompts:   6%|▋         | 2/32 [04:35<58:27, 116.91s/it, est. speed input: 0.70 toks/s, output: 23.29 toks/s]  
[36m(WorkerDict pid=2950672)[0m Processed prompts:  38%|███▊      | 12/32 [04:37<03:50, 11.53s/it, est. speed input: 1.57 toks/s, output: 119.92 toks/s]
[36m(WorkerDict pid=2950668)[0m Processed prompts:  59%|█████▉    | 19/32 [04:38<01:18,  6.06s/it, est. speed input: 3.85 toks/s, output: 186.01 toks/s]
[36m(WorkerDict pid=2950677)[0m Processed prompts:  41%|████      | 13/32 [04:43<03:00,  9.49s/it, est. speed input: 2.52 toks/s, output: 130.63 toks/s]
[36m(WorkerDict pid=2950669)[0m Processed prompts:   9%|▉         | 3/32 [04:44<32:38, 67.54s/it, est. speed input: 1.02 toks/s, output: 34.67 toks/s] 
[36m(WorkerDict pid=2950672)[0m Processed prompts:  41%|████      | 13/32 [04:45<03:17, 10.38s/it, est. speed input: 1.65 toks/s, output: 128.74 toks/s]
[36m(WorkerDict pid=2950677)[0m Processed prompts:  44%|████▍     | 14/32 [04:45<02:11,  7.33s/it, est. speed input: 2.69 toks/s, output: 141.65 toks/s]
[36m(WorkerDict pid=2950678)[0m Processed prompts:  88%|████████▊ | 28/32 [04:45<00:32,  8.23s/it, est. speed input: 6.49 toks/s, output: 254.88 toks/s]
[36m(WorkerDict pid=2950669)[0m Processed prompts:  12%|█▎        | 4/32 [04:47<19:41, 42.18s/it, est. speed input: 1.35 toks/s, output: 46.38 toks/s]
[36m(WorkerDict pid=2950678)[0m Processed prompts:  91%|█████████ | 29/32 [04:49<00:20,  6.78s/it, est. speed input: 6.64 toks/s, output: 263.97 toks/s]
[36m(WorkerDict pid=2950672)[0m Processed prompts:  44%|████▍     | 14/32 [04:56<03:11, 10.62s/it, est. speed input: 1.71 toks/s, output: 135.97 toks/s]
[36m(WorkerDict pid=2950678)[0m Processed prompts:  94%|█████████▍| 30/32 [04:56<00:13,  6.84s/it, est. speed input: 6.70 toks/s, output: 269.87 toks/s]
[36m(WorkerDict pid=2950668)[0m Processed prompts:  62%|██████▎   | 20/32 [04:58<02:01, 10.11s/it, est. speed input: 3.80 toks/s, output: 185.89 toks/s]
[36m(WorkerDict pid=2950669)[0m Processed prompts:  16%|█▌        | 5/32 [05:02<14:36, 32.48s/it, est. speed input: 1.60 toks/s, output: 56.15 toks/s]
[36m(WorkerDict pid=2950678)[0m Processed prompts:  97%|█████████▋| 31/32 [05:03<00:07,  7.01s/it, est. speed input: 6.74 toks/s, output: 275.39 toks/s]
[36m(WorkerDict pid=2950673)[0m Processed prompts:  59%|█████▉    | 19/32 [05:05<07:38, 35.25s/it, est. speed input: 4.39 toks/s, output: 89.03 toks/s]
[36m(WorkerDict pid=2950680)[0m Processed prompts:  41%|████      | 13/32 [05:05<04:37, 14.62s/it, est. speed input: 2.21 toks/s, output: 124.57 toks/s]
[36m(WorkerDict pid=2950668)[0m Processed prompts:  66%|██████▌   | 21/32 [05:05<01:42,  9.30s/it, est. speed input: 3.91 toks/s, output: 193.49 toks/s]
[36m(WorkerDict pid=2950677)[0m Processed prompts:  47%|████▋     | 15/32 [05:08<03:20, 11.79s/it, est. speed input: 2.68 toks/s, output: 143.57 toks/s]
[36m(WorkerDict pid=2950680)[0m Processed prompts:  44%|████▍     | 14/32 [05:07<03:18, 11.03s/it, est. speed input: 2.36 toks/s, output: 135.56 toks/s]
[36m(WorkerDict pid=2950677)[0m Processed prompts:  50%|█████     | 16/32 [05:10<02:21,  8.85s/it, est. speed input: 2.84 toks/s, output: 154.72 toks/s]
[36m(WorkerDict pid=2950668)[0m Processed prompts:  69%|██████▉   | 22/32 [05:10<01:18,  7.85s/it, est. speed input: 4.06 toks/s, output: 202.79 toks/s]
[36m(WorkerDict pid=2950680)[0m Processed prompts:  47%|████▋     | 15/32 [05:10<02:24,  8.51s/it, est. speed input: 2.51 toks/s, output: 146.48 toks/s]
[36m(WorkerDict pid=2950667)[0m Processed prompts:  12%|█▎        | 4/32 [05:11<24:28, 52.46s/it, est. speed input: 0.72 toks/s, output: 43.37 toks/s]
[36m(WorkerDict pid=2950667)[0m Processed prompts:  16%|█▌        | 5/32 [05:18<16:11, 35.97s/it, est. speed input: 0.88 toks/s, output: 54.56 toks/s]
[36m(WorkerDict pid=2950673)[0m Processed prompts:  62%|██████▎   | 20/32 [05:18<05:44, 28.72s/it, est. speed input: 4.39 toks/s, output: 97.36 toks/s]
[36m(WorkerDict pid=2950668)[0m Processed prompts:  72%|███████▏  | 23/32 [05:20<01:16,  8.47s/it, est. speed input: 4.10 toks/s, output: 208.61 toks/s]
[36m(WorkerDict pid=2950668)[0m Processed prompts:  75%|███████▌  | 24/32 [05:20<00:47,  5.98s/it, est. speed input: 4.30 toks/s, output: 220.62 toks/s]
[36m(WorkerDict pid=2950677)[0m Processed prompts:  53%|█████▎    | 17/32 [05:21<02:24,  9.63s/it, est. speed input: 3.06 toks/s, output: 161.33 toks/s]
[36m(WorkerDict pid=2950668)[0m Processed prompts:  78%|███████▊  | 25/32 [05:23<00:35,  5.04s/it, est. speed input: 4.45 toks/s, output: 230.78 toks/s]
[36m(WorkerDict pid=2950677)[0m Processed prompts:  56%|█████▋    | 18/32 [05:23<01:43,  7.38s/it, est. speed input: 3.37 toks/s, output: 172.38 toks/s]
[36m(WorkerDict pid=2950667)[0m Processed prompts:  19%|█▉        | 6/32 [05:24<11:13, 25.91s/it, est. speed input: 1.04 toks/s, output: 65.60 toks/s]
[36m(WorkerDict pid=2950672)[0m Processed prompts:  47%|████▋     | 15/32 [05:24<04:29, 15.82s/it, est. speed input: 1.68 toks/s, output: 136.40 toks/s]
[36m(WorkerDict pid=2950673)[0m Processed prompts:  66%|██████▌   | 21/32 [05:28<04:12, 22.91s/it, est. speed input: 4.44 toks/s, output: 106.69 toks/s]
[36m(WorkerDict pid=2950680)[0m Processed prompts:  50%|█████     | 16/32 [05:29<03:05, 11.59s/it, est. speed input: 2.53 toks/s, output: 150.27 toks/s]
[36m(WorkerDict pid=2950672)[0m Processed prompts:  50%|█████     | 16/32 [05:29<03:22, 12.66s/it, est. speed input: 1.76 toks/s, output: 146.31 toks/s]
[36m(WorkerDict pid=2950668)[0m Processed prompts:  81%|████████▏ | 26/32 [05:31<00:36,  6.09s/it, est. speed input: 4.52 toks/s, output: 236.95 toks/s]
[36m(WorkerDict pid=2950669)[0m Processed prompts:  19%|█▉        | 6/32 [05:31<13:33, 31.30s/it, est. speed input: 1.75 toks/s, output: 63.38 toks/s]
[36m(WorkerDict pid=2950667)[0m Processed prompts:  22%|██▏       | 7/32 [05:33<08:28, 20.33s/it, est. speed input: 1.18 toks/s, output: 75.97 toks/s]
[36m(WorkerDict pid=2950668)[0m Processed prompts:  84%|████████▍ | 27/32 [05:33<00:24,  4.90s/it, est. speed input: 4.68 toks/s, output: 247.56 toks/s]
[36m(WorkerDict pid=2950677)[0m Processed prompts:  59%|█████▉    | 19/32 [05:34<01:47,  8.30s/it, est. speed input: 3.58 toks/s, output: 179.11 toks/s]
[36m(WorkerDict pid=2950668)[0m Processed prompts:  88%|████████▊ | 28/32 [05:34<00:14,  3.70s/it, est. speed input: 4.85 toks/s, output: 259.01 toks/s]
[36m(WorkerDict pid=2950669)[0m Processed prompts:  22%|██▏       | 7/32 [05:34<09:07, 21.90s/it, est. speed input: 2.03 toks/s, output: 75.04 toks/s]
[36m(WorkerDict pid=2950663)[0m Processed prompts:   3%|▎         | 1/32 [05:41<2:56:16, 341.17s/it, est. speed input: 0.19 toks/s, output: 12.12 toks/s]
[36m(WorkerDict pid=2950676)[0m Processed prompts:   3%|▎         | 1/32 [05:44<2:57:52, 344.27s/it, est. speed input: 0.15 toks/s, output: 12.12 toks/s]
[36m(WorkerDict pid=2950669)[0m Processed prompts:  25%|██▌       | 8/32 [05:45<07:22, 18.43s/it, est. speed input: 2.25 toks/s, output: 84.79 toks/s]
[36m(WorkerDict pid=2950677)[0m Processed prompts:  62%|██████▎   | 20/32 [05:47<01:57,  9.82s/it, est. speed input: 3.74 toks/s, output: 184.35 toks/s]
[36m(WorkerDict pid=2950663)[0m Processed prompts:   6%|▋         | 2/32 [05:47<1:12:11, 144.39s/it, est. speed input: 0.37 toks/s, output: 24.02 toks/s]
[36m(WorkerDict pid=2950669)[0m Processed prompts:  28%|██▊       | 9/32 [05:47<05:04, 13.24s/it, est. speed input: 2.51 toks/s, output: 96.48 toks/s]
[36m(WorkerDict pid=2950677)[0m Processed prompts:  66%|██████▌   | 21/32 [05:52<01:32,  8.41s/it, est. speed input: 3.98 toks/s, output: 193.80 toks/s]
[36m(WorkerDict pid=2950673)[0m Processed prompts:  69%|██████▉   | 22/32 [05:55<04:01, 24.16s/it, est. speed input: 4.27 toks/s, output: 110.68 toks/s]
[36m(WorkerDict pid=2950672)[0m Processed prompts:  53%|█████▎    | 17/32 [05:56<04:12, 16.86s/it, est. speed input: 1.73 toks/s, output: 147.52 toks/s]
[36m(WorkerDict pid=2950669)[0m Processed prompts:  31%|███▏      | 10/32 [05:56<04:26, 12.12s/it, est. speed input: 2.72 toks/s, output: 106.04 toks/s]
[36m(WorkerDict pid=2950663)[0m Processed prompts:   9%|▉         | 3/32 [05:57<40:06, 82.99s/it, est. speed input: 0.55 toks/s, output: 35.48 toks/s]   
[36m(WorkerDict pid=2950673)[0m Processed prompts:  72%|███████▏  | 23/32 [06:00<02:47, 18.58s/it, est. speed input: 4.36 toks/s, output: 121.10 toks/s]
[36m(WorkerDict pid=2950676)[0m Processed prompts:   6%|▋         | 2/32 [06:00<1:15:39, 151.33s/it, est. speed input: 0.28 toks/s, output: 23.71 toks/s]
[36m(WorkerDict pid=2950677)[0m Processed prompts:  69%|██████▉   | 22/32 [06:00<01:23,  8.34s/it, est. speed input: 4.19 toks/s, output: 201.54 toks/s]
[36m(WorkerDict pid=2950673)[0m Processed prompts:  75%|███████▌  | 24/32 [06:02<01:47, 13.38s/it, est. speed input: 4.51 toks/s, output: 132.80 toks/s]
[36m(WorkerDict pid=2950669)[0m Processed prompts:  34%|███▍      | 11/32 [06:01<03:28,  9.93s/it, est. speed input: 2.95 toks/s, output: 116.74 toks/s]
[36m(WorkerDict pid=2950669)[0m Processed prompts:  38%|███▊      | 12/32 [06:02<02:22,  7.12s/it, est. speed input: 3.21 toks/s, output: 128.67 toks/s]
[36m(WorkerDict pid=2950669)[0m Processed prompts:  41%|████      | 13/32 [06:03<01:40,  5.31s/it, est. speed input: 3.47 toks/s, output: 140.41 toks/s]
[36m(WorkerDict pid=2950666)[0m Processed prompts:  53%|█████▎    | 17/32 [06:08<12:14, 48.99s/it, est. speed input: 2.83 toks/s, output: 98.33 toks/s] 
[36m(WorkerDict pid=2950672)[0m Processed prompts:  56%|█████▋    | 18/32 [06:08<03:38, 15.61s/it, est. speed input: 1.77 toks/s, output: 154.53 toks/s]
[36m(WorkerDict pid=2950676)[0m Processed prompts:   9%|▉         | 3/32 [06:08<41:36, 86.09s/it, est. speed input: 0.41 toks/s, output: 35.26 toks/s]   
[36m(WorkerDict pid=2950677)[0m Processed prompts:  75%|███████▌  | 24/32 [06:11<00:54,  6.86s/it, est. speed input: 4.64 toks/s, output: 219.85 toks/s]
[36m(WorkerDict pid=2950663)[0m Processed prompts:  12%|█▎        | 4/32 [06:15<26:38, 57.07s/it, est. speed input: 0.69 toks/s, output: 45.92 toks/s]
[36m(WorkerDict pid=2950672)[0m Processed prompts:  59%|█████▉    | 19/32 [06:16<02:50, 13.12s/it, est. speed input: 1.84 toks/s, output: 163.59 toks/s]
[36m(WorkerDict pid=2950673)[0m Processed prompts:  78%|███████▊  | 25/32 [06:17<01:38, 14.10s/it, est. speed input: 4.47 toks/s, output: 139.32 toks/s]
[36m(WorkerDict pid=2950678)[0m Processed prompts: 100%|██████████| 32/32 [06:17<00:00, 27.08s/it, est. speed input: 5.59 toks/s, output: 233.56 toks/s]Processed prompts: 100%|██████████| 32/32 [06:17<00:00, 27.08s/it, est. speed input: 5.59 toks/s, output: 233.56 toks/s]
[36m(WorkerDict pid=2950676)[0m Processed prompts:  12%|█▎        | 4/32 [06:18<26:07, 55.99s/it, est. speed input: 0.53 toks/s, output: 46.42 toks/s]
[36m(WorkerDict pid=2950668)[0m Processed prompts:  91%|█████████ | 29/32 [06:20<00:48, 16.26s/it, est. speed input: 4.43 toks/s, output: 240.06 toks/s]
[36m(WorkerDict pid=2950667)[0m Processed prompts:  25%|██▌       | 8/32 [06:20<11:34, 28.96s/it, est. speed input: 1.18 toks/s, output: 78.58 toks/s]
[36m(WorkerDict pid=2950676)[0m Processed prompts:  16%|█▌        | 5/32 [06:20<16:26, 36.53s/it, est. speed input: 0.66 toks/s, output: 58.25 toks/s]
[36m(WorkerDict pid=2950668)[0m Processed prompts:  94%|█████████▍| 30/32 [06:24<00:25, 12.59s/it, est. speed input: 4.55 toks/s, output: 249.65 toks/s]
[36m(WorkerDict pid=2950672)[0m Processed prompts:  62%|██████▎   | 20/32 [06:25<02:22, 11.90s/it, est. speed input: 1.89 toks/s, output: 171.85 toks/s]
[36m(WorkerDict pid=2950667)[0m Processed prompts:  28%|██▊       | 9/32 [06:25<08:13, 21.46s/it, est. speed input: 1.31 toks/s, output: 89.66 toks/s]
[36m(WorkerDict pid=2950663)[0m Processed prompts:  16%|█▌        | 5/32 [06:27<18:23, 40.86s/it, est. speed input: 0.84 toks/s, output: 56.56 toks/s]
[36m(WorkerDict pid=2950667)[0m Processed prompts:  31%|███▏      | 10/32 [06:28<05:43, 15.63s/it, est. speed input: 1.44 toks/s, output: 101.15 toks/s]
[36m(WorkerDict pid=2950673)[0m Processed prompts:  81%|████████▏ | 26/32 [06:29<01:19, 13.29s/it, est. speed input: 4.49 toks/s, output: 147.32 toks/s]
[36m(WorkerDict pid=2950669)[0m Processed prompts:  44%|████▍     | 14/32 [06:32<03:42, 12.33s/it, est. speed input: 3.46 toks/s, output: 142.31 toks/s]
[36m(WorkerDict pid=2950677)[0m Processed prompts:  78%|███████▊  | 25/32 [06:34<01:16, 10.86s/it, est. speed input: 4.63 toks/s, output: 219.11 toks/s]
[36m(WorkerDict pid=2950669)[0m Processed prompts:  47%|████▋     | 15/32 [06:34<02:37,  9.27s/it, est. speed input: 3.69 toks/s, output: 153.65 toks/s]
[36m(WorkerDict pid=2950663)[0m Processed prompts:  19%|█▉        | 6/32 [06:35<12:57, 29.89s/it, est. speed input: 0.99 toks/s, output: 67.44 toks/s]
[36m(WorkerDict pid=2950672)[0m Processed prompts:  66%|██████▌   | 21/32 [06:42<02:27, 13.38s/it, est. speed input: 1.91 toks/s, output: 176.75 toks/s]
[36m(WorkerDict pid=2950667)[0m Processed prompts:  34%|███▍      | 11/32 [06:42<05:21, 15.30s/it, est. speed input: 1.53 toks/s, output: 109.60 toks/s]
[36m(WorkerDict pid=2950676)[0m Processed prompts:  19%|█▉        | 6/32 [06:43<13:46, 31.78s/it, est. speed input: 0.74 toks/s, output: 67.11 toks/s]
[36m(WorkerDict pid=2950672)[0m Processed prompts:  69%|██████▉   | 22/32 [06:46<01:46, 10.68s/it, est. speed input: 1.98 toks/s, output: 186.96 toks/s]
[36m(WorkerDict pid=2950668)[0m Processed prompts:  97%|█████████▋| 31/32 [06:49<00:16, 16.22s/it, est. speed input: 4.43 toks/s, output: 246.68 toks/s]
[36m(WorkerDict pid=2950673)[0m Processed prompts:  84%|████████▍ | 27/32 [06:52<01:21, 16.39s/it, est. speed input: 4.37 toks/s, output: 151.00 toks/s]
[36m(WorkerDict pid=2950666)[0m Processed prompts:  56%|█████▋    | 18/32 [06:53<11:08, 47.76s/it, est. speed input: 2.65 toks/s, output: 99.76 toks/s]
[36m(WorkerDict pid=2950663)[0m Processed prompts:  22%|██▏       | 7/32 [06:53<10:45, 25.83s/it, est. speed input: 1.10 toks/s, output: 76.71 toks/s]
[36m(WorkerDict pid=2950672)[0m Processed prompts:  72%|███████▏  | 23/32 [06:57<01:38, 10.90s/it, est. speed input: 2.01 toks/s, output: 193.98 toks/s]
[36m(WorkerDict pid=2950676)[0m Processed prompts:  22%|██▏       | 7/32 [06:59<11:04, 26.57s/it, est. speed input: 0.83 toks/s, output: 76.70 toks/s]
[36m(WorkerDict pid=2950663)[0m Processed prompts:  25%|██▌       | 8/32 [07:02<08:10, 20.42s/it, est. speed input: 1.23 toks/s, output: 87.24 toks/s]
[36m(WorkerDict pid=2950663)[0m Processed prompts:  28%|██▊       | 9/32 [07:02<05:27, 14.25s/it, est. speed input: 1.38 toks/s, output: 99.24 toks/s]
[36m(WorkerDict pid=2950667)[0m Processed prompts:  38%|███▊      | 12/32 [07:03<05:39, 17.00s/it, est. speed input: 1.59 toks/s, output: 116.34 toks/s]
[36m(WorkerDict pid=2950663)[0m Processed prompts:  31%|███▏      | 10/32 [07:06<04:01, 10.97s/it, est. speed input: 1.49 toks/s, output: 110.54 toks/s]
[36m(WorkerDict pid=2950673)[0m Processed prompts:  88%|████████▊ | 28/32 [07:07<01:03, 15.88s/it, est. speed input: 4.36 toks/s, output: 157.96 toks/s]
[36m(WorkerDict pid=2950677)[0m Processed prompts:  81%|████████▏ | 26/32 [07:07<01:41, 16.87s/it, est. speed input: 4.51 toks/s, output: 213.95 toks/s]
[36m(WorkerDict pid=2950663)[0m Processed prompts:  34%|███▍      | 11/32 [07:09<02:59,  8.55s/it, est. speed input: 1.63 toks/s, output: 121.91 toks/s]
[36m(WorkerDict pid=2950666)[0m Processed prompts:  59%|█████▉    | 19/32 [07:10<08:19, 38.41s/it, est. speed input: 2.68 toks/s, output: 108.04 toks/s]
[36m(WorkerDict pid=2950663)[0m Processed prompts:  38%|███▊      | 12/32 [07:13<02:21,  7.05s/it, est. speed input: 1.76 toks/s, output: 133.04 toks/s]
[36m(WorkerDict pid=2950667)[0m Processed prompts:  41%|████      | 13/32 [07:13<04:40, 14.79s/it, est. speed input: 1.68 toks/s, output: 125.89 toks/s]
[36m(WorkerDict pid=2950676)[0m Processed prompts:  25%|██▌       | 8/32 [07:18<09:38, 24.09s/it, est. speed input: 0.91 toks/s, output: 85.58 toks/s]
[36m(WorkerDict pid=2950676)[0m Processed prompts:  28%|██▊       | 9/32 [07:18<06:24, 16.71s/it, est. speed input: 1.03 toks/s, output: 97.64 toks/s]
[36m(WorkerDict pid=2950677)[0m Processed prompts:  84%|████████▍ | 27/32 [07:19<01:16, 15.31s/it, est. speed input: 4.64 toks/s, output: 220.67 toks/s]
[36m(WorkerDict pid=2950676)[0m Processed prompts:  31%|███▏      | 10/32 [07:25<04:59, 13.63s/it, est. speed input: 1.12 toks/s, output: 108.34 toks/s]
[36m(WorkerDict pid=2950667)[0m Processed prompts:  44%|████▍     | 14/32 [07:26<04:17, 14.32s/it, est. speed input: 1.76 toks/s, output: 134.32 toks/s]
[36m(WorkerDict pid=2950663)[0m Processed prompts:  41%|████      | 13/32 [07:29<03:09,  9.97s/it, est. speed input: 1.81 toks/s, output: 140.28 toks/s]
[36m(WorkerDict pid=2950677)[0m Processed prompts:  88%|████████▊ | 28/32 [07:30<00:57, 14.35s/it, est. speed input: 4.75 toks/s, output: 227.04 toks/s]
[36m(WorkerDict pid=2950676)[0m Processed prompts:  34%|███▍      | 11/32 [07:32<04:08, 11.81s/it, est. speed input: 1.21 toks/s, output: 118.68 toks/s]
[36m(WorkerDict pid=2950666)[0m Processed prompts:  62%|██████▎   | 20/32 [07:33<06:47, 33.99s/it, est. speed input: 2.65 toks/s, output: 114.56 toks/s]
[36m(WorkerDict pid=2950666)[0m Processed prompts:  66%|██████▌   | 21/32 [07:34<04:23, 23.93s/it, est. speed input: 2.77 toks/s, output: 126.61 toks/s]
[36m(WorkerDict pid=2950677)[0m Processed prompts:  91%|█████████ | 29/32 [07:34<00:33, 11.14s/it, est. speed input: 4.94 toks/s, output: 237.67 toks/s]
[36m(WorkerDict pid=2950666)[0m Processed prompts:  69%|██████▉   | 22/32 [07:36<02:52, 17.30s/it, est. speed input: 2.87 toks/s, output: 138.28 toks/s]
[36m(WorkerDict pid=2950676)[0m Processed prompts:  38%|███▊      | 12/32 [07:36<03:05,  9.26s/it, est. speed input: 1.31 toks/s, output: 129.99 toks/s]
[36m(WorkerDict pid=2950673)[0m Processed prompts:  91%|█████████ | 29/32 [07:41<01:04, 21.40s/it, est. speed input: 4.16 toks/s, output: 158.44 toks/s]
[36m(WorkerDict pid=2950676)[0m Processed prompts:  41%|████      | 13/32 [07:48<03:14, 10.22s/it, est. speed input: 1.39 toks/s, output: 138.77 toks/s]
[36m(WorkerDict pid=2950666)[0m Processed prompts:  72%|███████▏  | 23/32 [07:54<02:37, 17.46s/it, est. speed input: 2.88 toks/s, output: 145.29 toks/s]
[36m(WorkerDict pid=2950663)[0m Processed prompts:  44%|████▍     | 14/32 [07:53<04:14, 14.15s/it, est. speed input: 1.82 toks/s, output: 145.45 toks/s]
[36m(WorkerDict pid=2950672)[0m Processed prompts:  75%|███████▌  | 24/32 [07:54<03:15, 24.44s/it, est. speed input: 1.86 toks/s, output: 183.28 toks/s]
[36m(WorkerDict pid=2950666)[0m Processed prompts:  75%|███████▌  | 24/32 [07:56<01:43, 12.91s/it, est. speed input: 2.97 toks/s, output: 156.79 toks/s]
[36m(WorkerDict pid=2950666)[0m Processed prompts:  78%|███████▊  | 25/32 [07:56<01:03,  9.14s/it, est. speed input: 3.08 toks/s, output: 168.89 toks/s]
[36m(WorkerDict pid=2950669)[0m Processed prompts:  50%|█████     | 16/32 [07:55<08:15, 31.00s/it, est. speed input: 3.26 toks/s, output: 139.59 toks/s]
[36m(WorkerDict pid=2950670)[0m Processed prompts:   3%|▎         | 1/32 [07:58<4:07:00, 478.08s/it, est. speed input: 0.24 toks/s, output: 12.22 toks/s]
[36m(WorkerDict pid=2950669)[0m Processed prompts:  53%|█████▎    | 17/32 [07:57<05:34, 22.28s/it, est. speed input: 3.44 toks/s, output: 151.25 toks/s]
[36m(WorkerDict pid=2950677)[0m Processed prompts:  94%|█████████▍| 30/32 [08:01<00:31, 15.75s/it, est. speed input: 4.88 toks/s, output: 236.53 toks/s]
[36m(WorkerDict pid=2950677)[0m Processed prompts:  97%|█████████▋| 31/32 [08:02<00:11, 11.63s/it, est. speed input: 5.09 toks/s, output: 247.94 toks/s]
[36m(WorkerDict pid=2950670)[0m Processed prompts:   6%|▋         | 2/32 [08:03<1:40:02, 200.08s/it, est. speed input: 0.47 toks/s, output: 24.30 toks/s]
[36m(WorkerDict pid=2950666)[0m Processed prompts:  81%|████████▏ | 26/32 [08:07<00:57,  9.50s/it, est. speed input: 3.13 toks/s, output: 177.52 toks/s]
[36m(WorkerDict pid=2950667)[0m Processed prompts:  47%|████▋     | 15/32 [08:08<06:21, 22.47s/it, est. speed input: 1.72 toks/s, output: 135.17 toks/s]
[36m(WorkerDict pid=2950672)[0m Processed prompts:  78%|███████▊  | 25/32 [08:07<02:29, 21.30s/it, est. speed input: 1.88 toks/s, output: 190.26 toks/s]
[36m(WorkerDict pid=2950673)[0m Processed prompts:  94%|█████████▍| 30/32 [08:09<00:46, 23.31s/it, est. speed input: 4.04 toks/s, output: 161.68 toks/s]
[36m(WorkerDict pid=2950676)[0m Processed prompts:  44%|████▍     | 14/32 [08:12<04:19, 14.42s/it, est. speed input: 1.42 toks/s, output: 144.22 toks/s]
[36m(WorkerDict pid=2950670)[0m Processed prompts:   9%|▉         | 3/32 [08:14<54:55, 113.63s/it, est. speed input: 0.58 toks/s, output: 36.01 toks/s]  
[36m(WorkerDict pid=2950663)[0m Processed prompts:  47%|████▋     | 15/32 [08:14<04:35, 16.18s/it, est. speed input: 1.84 toks/s, output: 151.55 toks/s]
[36m(WorkerDict pid=2950670)[0m Processed prompts:  12%|█▎        | 4/32 [08:15<32:23, 69.39s/it, est. speed input: 0.71 toks/s, output: 48.13 toks/s] 
[36m(WorkerDict pid=2950669)[0m Processed prompts:  56%|█████▋    | 18/32 [08:18<05:03, 21.64s/it, est. speed input: 3.48 toks/s, output: 157.38 toks/s]
[36m(WorkerDict pid=2950677)[0m Processed prompts: 100%|██████████| 32/32 [08:20<00:00, 13.47s/it, est. speed input: 5.11 toks/s, output: 251.34 toks/s]Processed prompts: 100%|██████████| 32/32 [08:20<00:00, 13.47s/it, est. speed input: 5.11 toks/s, output: 251.34 toks/s]
[36m(WorkerDict pid=2950673)[0m Processed prompts:  97%|█████████▋| 31/32 [08:22<00:20, 20.05s/it, est. speed input: 4.06 toks/s, output: 169.92 toks/s]
[36m(WorkerDict pid=2950672)[0m Processed prompts:  81%|████████▏ | 26/32 [08:25<02:00, 20.06s/it, est. speed input: 1.89 toks/s, output: 196.04 toks/s]
[36m(WorkerDict pid=2950670)[0m Processed prompts:  16%|█▌        | 5/32 [08:29<22:07, 49.16s/it, est. speed input: 0.91 toks/s, output: 59.13 toks/s]
[36m(WorkerDict pid=2950669)[0m Processed prompts:  59%|█████▉    | 19/32 [08:28<03:58, 18.36s/it, est. speed input: 3.59 toks/s, output: 166.35 toks/s]
[36m(WorkerDict pid=2950666)[0m Processed prompts:  84%|████████▍ | 27/32 [08:31<01:09, 13.96s/it, est. speed input: 3.08 toks/s, output: 181.32 toks/s]
[36m(WorkerDict pid=2950663)[0m Processed prompts:  50%|█████     | 16/32 [08:31<04:25, 16.56s/it, est. speed input: 1.91 toks/s, output: 158.66 toks/s]
[36m(WorkerDict pid=2950671)[0m Processed prompts:   3%|▎         | 1/32 [08:32<4:24:45, 512.45s/it, est. speed input: 0.20 toks/s, output: 12.29 toks/s]
[36m(WorkerDict pid=2950668)[0m Processed prompts: 100%|██████████| 32/32 [08:35<00:00, 43.36s/it, est. speed input: 3.63 toks/s, output: 207.93 toks/s]Processed prompts: 100%|██████████| 32/32 [08:35<00:00, 43.36s/it, est. speed input: 3.63 toks/s, output: 207.93 toks/s]
[36m(WorkerDict pid=2950666)[0m Processed prompts:  88%|████████▊ | 28/32 [08:36<00:45, 11.41s/it, est. speed input: 3.15 toks/s, output: 191.68 toks/s]
[36m(WorkerDict pid=2950672)[0m Processed prompts:  84%|████████▍ | 27/32 [08:36<01:27, 17.45s/it, est. speed input: 1.92 toks/s, output: 204.02 toks/s]
[36m(WorkerDict pid=2950673)[0m Processed prompts: 100%|██████████| 32/32 [08:36<00:00, 18.47s/it, est. speed input: 4.05 toks/s, output: 177.34 toks/s]Processed prompts: 100%|██████████| 32/32 [08:36<00:00, 18.47s/it, est. speed input: 4.05 toks/s, output: 177.34 toks/s]
[36m(WorkerDict pid=2950669)[0m Processed prompts:  62%|██████▎   | 20/32 [08:36<03:01, 15.10s/it, est. speed input: 3.71 toks/s, output: 176.23 toks/s]
[36m(WorkerDict pid=2950671)[0m Processed prompts:   6%|▋         | 2/32 [08:37<1:46:53, 213.78s/it, est. speed input: 0.41 toks/s, output: 24.48 toks/s]
[36m(WorkerDict pid=2950670)[0m Processed prompts:  19%|█▉        | 6/32 [08:38<15:29, 35.75s/it, est. speed input: 1.11 toks/s, output: 70.31 toks/s]
[36m(WorkerDict pid=2950672)[0m Processed prompts:  88%|████████▊ | 28/32 [08:42<00:56, 14.12s/it, est. speed input: 1.97 toks/s, output: 213.86 toks/s]
[36m(WorkerDict pid=2950675)[0m Processed prompts:   3%|▎         | 1/32 [08:43<4:30:27, 523.47s/it, est. speed input: 0.25 toks/s, output: 12.34 toks/s]
[36m(WorkerDict pid=2950676)[0m Processed prompts:  47%|████▋     | 15/32 [08:45<05:36, 19.81s/it, est. speed input: 1.43 toks/s, output: 147.69 toks/s]
[36m(WorkerDict pid=2950672)[0m Processed prompts:  91%|█████████ | 29/32 [08:45<00:32, 10.68s/it, est. speed input: 2.04 toks/s, output: 225.12 toks/s]
[36m(WorkerDict pid=2950670)[0m Processed prompts:  22%|██▏       | 7/32 [08:46<11:04, 26.57s/it, est. speed input: 1.31 toks/s, output: 81.62 toks/s]
[36m(WorkerDict pid=2950666)[0m Processed prompts:  91%|█████████ | 29/32 [08:48<00:34, 11.40s/it, est. speed input: 3.18 toks/s, output: 199.90 toks/s]
[36m(WorkerDict pid=2950675)[0m Processed prompts:   6%|▋         | 2/32 [08:49<1:49:39, 219.31s/it, est. speed input: 0.49 toks/s, output: 24.56 toks/s]
[36m(WorkerDict pid=2950671)[0m Processed prompts:   9%|▉         | 3/32 [08:50<58:59, 122.05s/it, est. speed input: 0.59 toks/s, output: 36.25 toks/s]  
[36m(WorkerDict pid=2950663)[0m Processed prompts:  53%|█████▎    | 17/32 [08:58<04:55, 19.71s/it, est. speed input: 1.90 toks/s, output: 163.09 toks/s]
[36m(WorkerDict pid=2950675)[0m Processed prompts:   9%|▉         | 3/32 [08:59<59:38, 123.38s/it, est. speed input: 0.72 toks/s, output: 36.54 toks/s]  
[36m(WorkerDict pid=2950670)[0m Processed prompts:  25%|██▌       | 8/32 [08:59<08:56, 22.37s/it, est. speed input: 1.49 toks/s, output: 91.99 toks/s]
[36m(WorkerDict pid=2950675)[0m Processed prompts:  12%|█▎        | 4/32 [09:00<35:02, 75.08s/it, est. speed input: 0.96 toks/s, output: 48.88 toks/s] 
[36m(WorkerDict pid=2950671)[0m Processed prompts:  12%|█▎        | 4/32 [09:01<36:30, 78.22s/it, est. speed input: 0.78 toks/s, output: 47.92 toks/s] 
[36m(WorkerDict pid=2950671)[0m Processed prompts:  16%|█▌        | 5/32 [09:05<23:15, 51.68s/it, est. speed input: 0.96 toks/s, output: 59.95 toks/s]
[36m(WorkerDict pid=2950676)[0m Processed prompts:  50%|█████     | 16/32 [09:08<05:33, 20.87s/it, est. speed input: 1.46 toks/s, output: 153.85 toks/s]
[36m(WorkerDict pid=2950666)[0m Processed prompts:  94%|█████████▍| 30/32 [09:09<00:28, 14.43s/it, est. speed input: 3.15 toks/s, output: 204.51 toks/s]
[36m(WorkerDict pid=2950663)[0m Processed prompts:  56%|█████▋    | 18/32 [09:10<04:01, 17.24s/it, est. speed input: 1.95 toks/s, output: 172.14 toks/s]
[36m(WorkerDict pid=2950672)[0m Processed prompts:  94%|█████████▍| 30/32 [09:12<00:30, 15.49s/it, est. speed input: 2.01 toks/s, output: 226.68 toks/s]
[36m(WorkerDict pid=2950666)[0m Processed prompts:  97%|█████████▋| 31/32 [09:13<00:11, 11.11s/it, est. speed input: 3.23 toks/s, output: 215.70 toks/s]
[36m(WorkerDict pid=2950670)[0m Processed prompts:  28%|██▊       | 9/32 [09:12<07:26, 19.41s/it, est. speed input: 1.66 toks/s, output: 102.29 toks/s]
[36m(WorkerDict pid=2950670)[0m Processed prompts:  31%|███▏      | 10/32 [09:13<04:57, 13.50s/it, est. speed input: 1.87 toks/s, output: 114.69 toks/s]
[36m(WorkerDict pid=2950670)[0m Processed prompts:  34%|███▍      | 11/32 [09:13<03:17,  9.41s/it, est. speed input: 2.08 toks/s, output: 127.12 toks/s]
[36m(WorkerDict pid=2950675)[0m Processed prompts:  16%|█▌        | 5/32 [09:15<24:03, 53.48s/it, est. speed input: 1.16 toks/s, output: 60.03 toks/s]
[36m(WorkerDict pid=2950663)[0m Processed prompts:  59%|█████▉    | 19/32 [09:21<03:18, 15.24s/it, est. speed input: 2.00 toks/s, output: 181.39 toks/s]
[36m(WorkerDict pid=2950663)[0m Processed prompts:  62%|██████▎   | 20/32 [09:21<02:08, 10.73s/it, est. speed input: 2.09 toks/s, output: 193.82 toks/s]
[36m(WorkerDict pid=2950676)[0m Processed prompts:  53%|█████▎    | 17/32 [09:24<04:49, 19.32s/it, est. speed input: 1.50 toks/s, output: 162.06 toks/s]
[36m(WorkerDict pid=2950663)[0m Processed prompts:  66%|██████▌   | 21/32 [09:25<01:37,  8.82s/it, est. speed input: 2.16 toks/s, output: 204.82 toks/s]
[36m(WorkerDict pid=2950672)[0m Processed prompts:  97%|█████████▋| 31/32 [09:26<00:15, 15.14s/it, est. speed input: 2.02 toks/s, output: 233.46 toks/s]
[36m(WorkerDict pid=2950663)[0m Processed prompts:  69%|██████▉   | 22/32 [09:28<01:09,  6.94s/it, est. speed input: 2.26 toks/s, output: 216.42 toks/s]
[36m(WorkerDict pid=2950669)[0m Processed prompts:  66%|██████▌   | 21/32 [09:28<04:47, 26.10s/it, est. speed input: 3.53 toks/s, output: 172.70 toks/s]
[36m(WorkerDict pid=2950667)[0m Processed prompts:  50%|█████     | 16/32 [09:29<10:42, 40.15s/it, est. speed input: 1.57 toks/s, output: 128.40 toks/s]
[36m(WorkerDict pid=2950663)[0m Processed prompts:  72%|███████▏  | 23/32 [09:34<01:00,  6.74s/it, est. speed input: 2.32 toks/s, output: 226.58 toks/s]
[36m(WorkerDict pid=2950671)[0m Processed prompts:  19%|█▉        | 6/32 [09:37<19:25, 44.83s/it, est. speed input: 1.09 toks/s, output: 69.23 toks/s]
[36m(WorkerDict pid=2950671)[0m Processed prompts:  22%|██▏       | 7/32 [09:39<12:52, 30.89s/it, est. speed input: 1.27 toks/s, output: 81.52 toks/s]
[36m(WorkerDict pid=2950666)[0m Processed prompts: 100%|██████████| 32/32 [09:40<00:00, 15.98s/it, est. speed input: 3.17 toks/s, output: 218.09 toks/s]Processed prompts: 100%|██████████| 32/32 [09:40<00:00, 15.98s/it, est. speed input: 3.17 toks/s, output: 218.09 toks/s]
[36m(WorkerDict pid=2950670)[0m Processed prompts:  38%|███▊      | 12/32 [09:41<05:00, 15.01s/it, est. speed input: 2.08 toks/s, output: 133.58 toks/s]
[36m(WorkerDict pid=2950669)[0m Processed prompts:  69%|██████▉   | 22/32 [09:40<03:41, 22.10s/it, est. speed input: 3.61 toks/s, output: 181.48 toks/s]
[36m(WorkerDict pid=2950670)[0m Processed prompts:  41%|████      | 13/32 [09:42<03:28, 10.99s/it, est. speed input: 2.27 toks/s, output: 145.74 toks/s]
[36m(WorkerDict pid=2950669)[0m Processed prompts:  72%|███████▏  | 23/32 [09:43<02:26, 16.33s/it, est. speed input: 3.75 toks/s, output: 193.17 toks/s]
[36m(WorkerDict pid=2950680)[0m Processed prompts:  53%|█████▎    | 17/32 [09:44<21:11, 84.79s/it, est. speed input: 1.64 toks/s, output: 97.27 toks/s] 
[36m(WorkerDict pid=2950667)[0m Processed prompts:  53%|█████▎    | 17/32 [09:46<08:17, 33.17s/it, est. speed input: 1.63 toks/s, output: 137.27 toks/s]
[36m(WorkerDict pid=2950663)[0m Processed prompts:  75%|███████▌  | 24/32 [09:46<01:07,  8.45s/it, est. speed input: 2.39 toks/s, output: 234.36 toks/s]
[36m(WorkerDict pid=2950663)[0m Processed prompts:  78%|███████▊  | 25/32 [09:49<00:46,  6.71s/it, est. speed input: 2.46 toks/s, output: 245.90 toks/s]
[36m(WorkerDict pid=2950663)[0m Processed prompts:  81%|████████▏ | 26/32 [09:49<00:28,  4.75s/it, est. speed input: 2.57 toks/s, output: 258.43 toks/s]
[36m(WorkerDict pid=2950680)[0m Processed prompts:  56%|█████▋    | 18/32 [09:52<14:24, 61.73s/it, est. speed input: 1.84 toks/s, output: 108.56 toks/s]
[36m(WorkerDict pid=2950672)[0m Processed prompts: 100%|██████████| 32/32 [09:52<00:00, 18.50s/it, est. speed input: 2.00 toks/s, output: 235.69 toks/s]Processed prompts: 100%|██████████| 32/32 [09:52<00:00, 18.50s/it, est. speed input: 2.00 toks/s, output: 235.69 toks/s]
[36m(WorkerDict pid=2950680)[0m Processed prompts:  59%|█████▉    | 19/32 [09:54<09:29, 43.77s/it, est. speed input: 2.05 toks/s, output: 120.82 toks/s]
[36m(WorkerDict pid=2950667)[0m Processed prompts:  56%|█████▋    | 18/32 [09:56<06:06, 26.21s/it, est. speed input: 1.70 toks/s, output: 147.59 toks/s]
[36m(WorkerDict pid=2950675)[0m Processed prompts:  19%|█▉        | 6/32 [09:59<21:44, 50.17s/it, est. speed input: 1.29 toks/s, output: 68.30 toks/s]
[36m(WorkerDict pid=2950670)[0m Processed prompts:  44%|████▍     | 14/32 [10:00<03:52, 12.92s/it, est. speed input: 2.39 toks/s, output: 154.16 toks/s]
[36m(WorkerDict pid=2950671)[0m Processed prompts:  25%|██▌       | 8/32 [09:59<11:00, 27.54s/it, est. speed input: 1.40 toks/s, output: 91.41 toks/s]
[36m(WorkerDict pid=2950670)[0m Processed prompts:  47%|████▋     | 15/32 [10:00<02:35,  9.17s/it, est. speed input: 2.58 toks/s, output: 166.68 toks/s]
[36m(WorkerDict pid=2950663)[0m Processed prompts:  84%|████████▍ | 27/32 [10:04<00:38,  7.79s/it, est. speed input: 2.59 toks/s, output: 264.74 toks/s]
[36m(WorkerDict pid=2950663)[0m Processed prompts:  88%|████████▊ | 28/32 [10:04<00:22,  5.54s/it, est. speed input: 2.66 toks/s, output: 277.29 toks/s]
[36m(WorkerDict pid=2950663)[0m Processed prompts:  91%|█████████ | 29/32 [10:04<00:11,  3.91s/it, est. speed input: 2.77 toks/s, output: 289.91 toks/s]
[36m(WorkerDict pid=2950669)[0m Processed prompts:  75%|███████▌  | 24/32 [10:07<02:27, 18.42s/it, est. speed input: 3.76 toks/s, output: 198.46 toks/s]
[36m(WorkerDict pid=2950667)[0m Processed prompts:  59%|█████▉    | 19/32 [10:10<04:54, 22.66s/it, est. speed input: 1.76 toks/s, output: 156.82 toks/s]
[36m(WorkerDict pid=2950675)[0m Processed prompts:  22%|██▏       | 7/32 [10:10<15:40, 37.62s/it, est. speed input: 1.48 toks/s, output: 79.70 toks/s]
[36m(WorkerDict pid=2950671)[0m Processed prompts:  28%|██▊       | 9/32 [10:17<09:21, 24.43s/it, est. speed input: 1.53 toks/s, output: 101.55 toks/s]
[36m(WorkerDict pid=2950680)[0m Processed prompts:  62%|██████▎   | 20/32 [10:21<07:45, 38.79s/it, est. speed input: 2.16 toks/s, output: 128.30 toks/s]
[36m(WorkerDict pid=2950675)[0m Processed prompts:  25%|██▌       | 8/32 [10:25<12:06, 30.28s/it, est. speed input: 1.65 toks/s, output: 90.64 toks/s]
[36m(WorkerDict pid=2950680)[0m Processed prompts:  66%|██████▌   | 21/32 [10:27<05:19, 29.02s/it, est. speed input: 2.34 toks/s, output: 139.82 toks/s]
[36m(WorkerDict pid=2950671)[0m Processed prompts:  31%|███▏      | 10/32 [10:27<07:22, 20.12s/it, est. speed input: 1.67 toks/s, output: 112.66 toks/s]
[36m(WorkerDict pid=2950663)[0m Processed prompts:  94%|█████████▍| 30/32 [10:28<00:19,  9.80s/it, est. speed input: 2.75 toks/s, output: 291.85 toks/s]
[36m(WorkerDict pid=2950671)[0m Processed prompts:  34%|███▍      | 11/32 [10:28<04:56, 14.11s/it, est. speed input: 1.84 toks/s, output: 125.38 toks/s]
[36m(WorkerDict pid=2950670)[0m Processed prompts:  50%|█████     | 16/32 [10:29<04:02, 15.16s/it, est. speed input: 2.64 toks/s, output: 171.78 toks/s]
[36m(WorkerDict pid=2950676)[0m Processed prompts:  56%|█████▋    | 18/32 [10:31<07:50, 33.57s/it, est. speed input: 1.42 toks/s, output: 157.73 toks/s]
[36m(WorkerDict pid=2950675)[0m Processed prompts:  28%|██▊       | 9/32 [10:31<08:43, 22.75s/it, est. speed input: 1.84 toks/s, output: 102.58 toks/s]
[36m(WorkerDict pid=2950679)[0m Processed prompts:  53%|█████▎    | 17/32 [10:31<33:33, 134.21s/it, est. speed input: 2.50 toks/s, output: 59.07 toks/s]
[36m(WorkerDict pid=2950675)[0m Processed prompts:  31%|███▏      | 10/32 [10:36<06:17, 17.14s/it, est. speed input: 2.03 toks/s, output: 114.70 toks/s]
[36m(WorkerDict pid=2950669)[0m Processed prompts:  78%|███████▊  | 25/32 [10:36<02:32, 21.85s/it, est. speed input: 3.72 toks/s, output: 202.02 toks/s]
[36m(WorkerDict pid=2950663)[0m Processed prompts:  97%|█████████▋| 31/32 [10:37<00:09,  9.70s/it, est. speed input: 2.78 toks/s, output: 300.39 toks/s]
[36m(WorkerDict pid=2950680)[0m Processed prompts:  69%|██████▉   | 22/32 [10:38<03:54, 23.45s/it, est. speed input: 2.51 toks/s, output: 150.38 toks/s]
[36m(WorkerDict pid=2950676)[0m Processed prompts:  59%|█████▉    | 19/32 [10:38<05:36, 25.85s/it, est. speed input: 1.47 toks/s, output: 168.66 toks/s]
[36m(WorkerDict pid=2950669)[0m Processed prompts:  81%|████████▏ | 26/32 [10:40<01:38, 16.37s/it, est. speed input: 3.84 toks/s, output: 213.77 toks/s]
[36m(WorkerDict pid=2950671)[0m Processed prompts:  38%|███▊      | 12/32 [10:44<04:56, 14.84s/it, est. speed input: 1.95 toks/s, output: 135.07 toks/s]
[36m(WorkerDict pid=2950680)[0m Processed prompts:  72%|███████▏  | 23/32 [10:45<02:46, 18.54s/it, est. speed input: 2.68 toks/s, output: 161.63 toks/s]
[36m(WorkerDict pid=2950670)[0m Processed prompts:  53%|█████▎    | 17/32 [10:46<03:53, 15.59s/it, est. speed input: 2.75 toks/s, output: 180.27 toks/s]
[36m(WorkerDict pid=2950670)[0m Processed prompts:  56%|█████▋    | 18/32 [10:48<02:43, 11.65s/it, est. speed input: 2.84 toks/s, output: 192.49 toks/s]
[36m(WorkerDict pid=2950680)[0m Processed prompts:  75%|███████▌  | 24/32 [10:52<02:00, 15.04s/it, est. speed input: 2.85 toks/s, output: 172.87 toks/s]
[36m(WorkerDict pid=2950679)[0m Processed prompts:  56%|█████▋    | 18/32 [10:56<23:36, 101.16s/it, est. speed input: 2.59 toks/s, output: 69.86 toks/s]
[36m(WorkerDict pid=2950675)[0m Processed prompts:  34%|███▍      | 11/32 [10:57<06:27, 18.44s/it, est. speed input: 2.16 toks/s, output: 123.95 toks/s]
[36m(WorkerDict pid=2950671)[0m Processed prompts:  41%|████      | 13/32 [10:57<04:31, 14.27s/it, est. speed input: 2.08 toks/s, output: 145.39 toks/s]
[36m(WorkerDict pid=2950679)[0m Processed prompts:  59%|█████▉    | 19/32 [10:58<15:28, 71.41s/it, est. speed input: 2.77 toks/s, output: 82.62 toks/s] 
[36m(WorkerDict pid=2950679)[0m Processed prompts:  62%|██████▎   | 20/32 [11:00<10:07, 50.59s/it, est. speed input: 2.95 toks/s, output: 95.36 toks/s]
[36m(WorkerDict pid=2950670)[0m Processed prompts:  59%|█████▉    | 19/32 [11:03<02:44, 12.64s/it, est. speed input: 2.94 toks/s, output: 201.15 toks/s]
[36m(WorkerDict pid=2950671)[0m Processed prompts:  44%|████▍     | 14/32 [11:04<03:33, 11.83s/it, est. speed input: 2.21 toks/s, output: 157.04 toks/s]
[36m(WorkerDict pid=2950667)[0m Processed prompts:  62%|██████▎   | 20/32 [11:04<06:26, 32.20s/it, est. speed input: 1.70 toks/s, output: 156.99 toks/s]
[36m(WorkerDict pid=2950675)[0m Processed prompts:  38%|███▊      | 12/32 [11:05<05:06, 15.34s/it, est. speed input: 2.33 toks/s, output: 135.44 toks/s]
[36m(WorkerDict pid=2950669)[0m Processed prompts:  84%|████████▍ | 27/32 [11:05<01:35, 19.07s/it, est. speed input: 3.83 toks/s, output: 218.66 toks/s]
[36m(WorkerDict pid=2950675)[0m Processed prompts:  41%|████      | 13/32 [11:08<03:36, 11.39s/it, est. speed input: 2.51 toks/s, output: 148.01 toks/s]
[36m(WorkerDict pid=2950671)[0m Processed prompts:  47%|████▋     | 15/32 [11:08<02:45,  9.73s/it, est. speed input: 2.35 toks/s, output: 168.94 toks/s]
[36m(WorkerDict pid=2950680)[0m Processed prompts:  78%|███████▊  | 25/32 [11:10<01:51, 15.95s/it, est. speed input: 2.96 toks/s, output: 181.24 toks/s]
[36m(WorkerDict pid=2950679)[0m Processed prompts:  66%|██████▌   | 21/32 [11:14<07:14, 39.54s/it, est. speed input: 3.07 toks/s, output: 106.46 toks/s]
[36m(WorkerDict pid=2950680)[0m Processed prompts:  81%|████████▏ | 26/32 [11:18<01:22, 13.75s/it, est. speed input: 3.11 toks/s, output: 192.01 toks/s]
[36m(WorkerDict pid=2950671)[0m Processed prompts:  50%|█████     | 16/32 [11:22<02:52, 10.78s/it, est. speed input: 2.46 toks/s, output: 178.75 toks/s]
[36m(WorkerDict pid=2950671)[0m Processed prompts:  53%|█████▎    | 17/32 [11:22<01:54,  7.62s/it, est. speed input: 2.62 toks/s, output: 191.76 toks/s]
[36m(WorkerDict pid=2950679)[0m Processed prompts:  69%|██████▉   | 22/32 [11:24<05:08, 30.89s/it, est. speed input: 3.20 toks/s, output: 117.89 toks/s]
[36m(WorkerDict pid=2950679)[0m Processed prompts:  72%|███████▏  | 23/32 [11:27<03:20, 22.31s/it, est. speed input: 3.37 toks/s, output: 130.59 toks/s]
[36m(WorkerDict pid=2950676)[0m Processed prompts:  62%|██████▎   | 20/32 [11:29<06:40, 33.40s/it, est. speed input: 1.43 toks/s, output: 169.30 toks/s]
[36m(WorkerDict pid=2950670)[0m Processed prompts:  62%|██████▎   | 20/32 [11:30<03:23, 16.96s/it, est. speed input: 2.92 toks/s, output: 206.39 toks/s]
[36m(WorkerDict pid=2950667)[0m Processed prompts:  66%|██████▌   | 21/32 [11:30<05:32, 30.22s/it, est. speed input: 1.72 toks/s, output: 164.27 toks/s]
[36m(WorkerDict pid=2950670)[0m Processed prompts:  66%|██████▌   | 21/32 [11:30<02:10, 11.91s/it, est. speed input: 3.00 toks/s, output: 219.45 toks/s]
[36m(WorkerDict pid=2950670)[0m Processed prompts:  69%|██████▉   | 22/32 [11:32<01:28,  8.88s/it, est. speed input: 3.08 toks/s, output: 231.98 toks/s]
[36m(WorkerDict pid=2950671)[0m Processed prompts:  56%|█████▋    | 18/32 [11:34<02:04,  8.92s/it, est. speed input: 2.72 toks/s, output: 201.58 toks/s]
[36m(WorkerDict pid=2950663)[0m Processed prompts: 100%|██████████| 32/32 [11:35<00:00, 24.18s/it, est. speed input: 2.62 toks/s, output: 288.50 toks/s]Processed prompts: 100%|██████████| 32/32 [11:35<00:00, 24.18s/it, est. speed input: 2.62 toks/s, output: 288.50 toks/s]
[36m(WorkerDict pid=2950666)[0m Processed prompts: 100%|██████████| 32/32 [11:46<00:00, 22.09s/it, est. speed input: 3.17 toks/s, output: 218.09 toks/s]
[36m(WorkerDict pid=2950668)[0m Processed prompts: 100%|██████████| 32/32 [11:46<00:00, 22.07s/it, est. speed input: 3.63 toks/s, output: 207.93 toks/s]
[36m(WorkerDict pid=2950673)[0m Processed prompts: 100%|██████████| 32/32 [11:46<00:00, 22.08s/it, est. speed input: 4.05 toks/s, output: 177.34 toks/s]
[36m(WorkerDict pid=2950678)[0m Processed prompts: 100%|██████████| 32/32 [11:45<00:00, 22.06s/it, est. speed input: 5.59 toks/s, output: 233.56 toks/s]
[36m(WorkerDict pid=2950672)[0m Processed prompts: 100%|██████████| 32/32 [11:46<00:00, 22.07s/it, est. speed input: 2.00 toks/s, output: 235.69 toks/s]
[36m(WorkerDict pid=2950674)[0m Processed prompts: 100%|██████████| 32/32 [11:45<00:00, 22.06s/it, est. speed input: 6.62 toks/s, output: 283.89 toks/s]
[36m(WorkerDict pid=2950663)[0m Processed prompts: 100%|██████████| 32/32 [11:46<00:00, 22.07s/it, est. speed input: 2.62 toks/s, output: 288.50 toks/s]
[36m(WorkerDict pid=2950677)[0m Processed prompts: 100%|██████████| 32/32 [11:46<00:00, 22.07s/it, est. speed input: 5.11 toks/s, output: 251.34 toks/s]
[36m(WorkerDict pid=2950675)[0m Processed prompts:  41%|████      | 13/32 [11:49<17:17, 54.58s/it, est. speed input: 2.51 toks/s, output: 148.01 toks/s]
[36m(WorkerDict pid=2950680)[0m Processed prompts:  81%|████████▏ | 26/32 [11:49<02:43, 27.31s/it, est. speed input: 3.11 toks/s, output: 192.01 toks/s]
Error executing job with overrides: ['algorithm.adv_estimator=grpo', 'data.train_files=/data/deepscaler/train.parquet', 'data.val_files=/data/deepscaler/test.parquet', 'data.train_batch_size=32', 'data.max_prompt_length=1024', 'data.max_response_length=16384', 'data.filter_overlong_prompts=True', 'data.truncation=error', 'data.shuffle=False', 'data.dataloader_num_workers=0', 'data.sampler.class_path=null', 'data.sampler.class_name=null', '+data.dataset_fraction=0.005', 'custom_reward_function.path=deepscaler.py', 'custom_reward_function.name=compute_score', 'actor_rollout_ref.model.path=/data/Qwen3-30B-A3B', 'actor_rollout_ref.actor.optim.lr=1e-6', 'actor_rollout_ref.actor.optim.clip_grad=10000', 'actor_rollout_ref.actor.ppo_mini_batch_size=32', 'actor_rollout_ref.actor.ppo_micro_batch_size_per_gpu=1', 'actor_rollout_ref.actor.use_dynamic_bsz=True', 'actor_rollout_ref.actor.ppo_max_token_len_per_gpu=20480', 'actor_rollout_ref.actor.megatron.sequence_parallel=True', 'actor_rollout_ref.actor.megatron.expert_model_parallel_size=4', 'actor_rollout_ref.actor.megatron.tensor_model_parallel_size=4', 'actor_rollout_ref.actor.megatron.pipeline_model_parallel_size=4', 'actor_rollout_ref.actor.megatron.expert_tensor_parallel_size=1', 'actor_rollout_ref.actor.megatron.param_offload=True', 'actor_rollout_ref.actor.megatron.grad_offload=True', 'actor_rollout_ref.actor.megatron.optimizer_offload=False', 'actor_rollout_ref.actor.megatron.use_dist_checkpointing=True', 'actor_rollout_ref.actor.megatron.dist_checkpointing_path=/data/Qwen3-30B-A3B_megatron', 'actor_rollout_ref.actor.use_kl_loss=True', 'actor_rollout_ref.actor.kl_loss_coef=0.001', 'actor_rollout_ref.actor.kl_loss_type=low_var_kl', 'actor_rollout_ref.actor.load_weight=True', 'actor_rollout_ref.actor.megatron.override_transformer_config.recompute_granularity=full', 'actor_rollout_ref.actor.megatron.override_transformer_config.recompute_method=block', 'actor_rollout_ref.actor.megatron.override_transformer_config.recompute_num_layers=1', 'actor_rollout_ref.rollout.log_prob_micro_batch_size_per_gpu=4', 'actor_rollout_ref.rollout.log_prob_use_dynamic_bsz=True', 'actor_rollout_ref.rollout.log_prob_max_token_len_per_gpu=20480', 'actor_rollout_ref.rollout.tensor_model_parallel_size=1', 'actor_rollout_ref.rollout.name=vllm', 'actor_rollout_ref.rollout.gpu_memory_utilization=0.85', 'actor_rollout_ref.rollout.max_num_batched_tokens=1024', 'actor_rollout_ref.rollout.enforce_eager=True', 'actor_rollout_ref.rollout.max_num_seqs=32', 'actor_rollout_ref.rollout.n=16', 'actor_rollout_ref.rollout.temperature=0.9', 'actor_rollout_ref.rollout.top_k=50', 'actor_rollout_ref.rollout.top_p=0.9', 'actor_rollout_ref.rollout.ignore_eos=False', 'actor_rollout_ref.ref.log_prob_micro_batch_size_per_gpu=8', 'actor_rollout_ref.ref.megatron.param_offload=True', 'actor_rollout_ref.ref.load_weight=True', 'actor_rollout_ref.ref.megatron.use_dist_checkpointing=True', 'actor_rollout_ref.ref.megatron.dist_checkpointing_path=/data/Qwen3-30B-A3B_megatron', 'algorithm.kl_ctrl.kl_coef=0.001', 'trainer.balance_batch=False', 'trainer.device=npu', 'trainer.val_before_train=False', 'trainer.critic_warmup=0', 'trainer.logger=[console,tensorboard]', 'trainer.project_name=verl_grpo_example', 'trainer.experiment_name=qwen3_30_verl_mindspeedllm_vllm', 'trainer.n_gpus_per_node=16', 'trainer.nnodes=1', 'trainer.save_freq=-1', 'trainer.max_actor_ckpt_to_keep=3', 'trainer.max_critic_ckpt_to_keep=1', 'actor_rollout_ref.actor.checkpoint.save_contents=[model]', 'actor_rollout_ref.actor.checkpoint.load_contents=[model]', 'critic.checkpoint.save_contents=[model]', 'critic.checkpoint.load_contents=[model]', '+trainer.save_epoch_freq=0', 'trainer.default_local_dir=/workspace/cann-recipes-train/llm_rl/qwen3_shrink_aware/mode1_baseline_random_batch_floor4', 'trainer.test_freq=-1', 'trainer.total_epochs=3', '+trainer.rollout_data_dir=/workspace/cann-recipes-train/llm_rl/qwen3_shrink_aware/mode1_baseline_random_batch_floor4/rollout_data', '+trainer.rollout_length_dir=/workspace/cann-recipes-train/llm_rl/qwen3_shrink_aware/mode1_baseline_random_batch_floor4/rollout_length', '+actor_rollout_ref.actor.megatron.override_transformer_config.use_flash_attn=True', '+actor_rollout_ref.actor.megatron.override_transformer_config.pipeline_num_transformer_layers=[[11],[13],[13],[11]]', '+actor_rollout_ref.actor.megatron.override_transformer_config.moe_token_dispatcher_type=alltoall', '+actor_rollout_ref.actor.megatron.override_transformer_config.moe_alltoall_overlap_comm=True', '+actor_rollout_ref.actor.megatron.override_transformer_config.use_fused_rotary_pos_emb=True', '+actor_rollout_ref.actor.megatron.override_transformer_config.use_fused_swiglu=True', '+actor_rollout_ref.actor.megatron.override_transformer_config.seq_length=2048', '+actor_rollout_ref.actor.megatron.override_transformer_config.num_layers_in_first_pipeline_stage=11', '+actor_rollout_ref.actor.megatron.override_transformer_config.num_layers_in_last_pipeline_stage=11', '+actor_rollout_ref.actor.megatron.override_transformer_config.swap_optimizer=True', 'data.train_files=/data/deepscaler/train.parquet', 'data.val_files=/data/deepscaler/test.parquet', 'data.train_batch_size=32', 'data.max_prompt_length=1024', 'data.max_response_length=16384', 'data.shuffle=True', 'actor_rollout_ref.model.path=/data/Qwen3-30B-A3B', 'actor_rollout_ref.actor.megatron.dist_checkpointing_path=/data/Qwen3-30B-A3B_megatron', 'actor_rollout_ref.ref.megatron.dist_checkpointing_path=/data/Qwen3-30B-A3B_megatron', 'actor_rollout_ref.rollout.max_num_batched_tokens=17408', 'actor_rollout_ref.rollout.max_num_seqs=32', 'actor_rollout_ref.rollout.n=16', 'actor_rollout_ref.rollout.gpu_memory_utilization=0.85', 'actor_rollout_ref.rollout.shrink_aware.enable_shrink_aware_scheduling=false', 'actor_rollout_ref.rollout.shrink_aware.shrink_aware_mode=off', 'actor_rollout_ref.rollout.shrink_aware.enable_shrink_aware_logging=false', 'trainer.total_epochs=1']
Traceback (most recent call last):
  File "<frozen runpy>", line 198, in _run_module_as_main
  File "<frozen runpy>", line 88, in _run_code
  File "/workspace/cann-recipes-train/llm_rl/qwen3_shrink_aware/verl/trainer/main_ppo.py", line 478, in <module>
    main()
  File "/usr/local/python3.11.14/lib/python3.11/site-packages/hydra/main.py", line 94, in decorated_main
    _run_hydra(
  File "/usr/local/python3.11.14/lib/python3.11/site-packages/hydra/_internal/utils.py", line 394, in _run_hydra
    _run_app(
  File "/usr/local/python3.11.14/lib/python3.11/site-packages/hydra/_internal/utils.py", line 457, in _run_app
    run_and_report(
  File "/usr/local/python3.11.14/lib/python3.11/site-packages/hydra/_internal/utils.py", line 223, in run_and_report
    raise ex
  File "/usr/local/python3.11.14/lib/python3.11/site-packages/hydra/_internal/utils.py", line 220, in run_and_report
    return func()
           ^^^^^^
  File "/usr/local/python3.11.14/lib/python3.11/site-packages/hydra/_internal/utils.py", line 458, in <lambda>
    lambda: hydra.run(
            ^^^^^^^^^^
  File "/usr/local/python3.11.14/lib/python3.11/site-packages/hydra/_internal/hydra.py", line 132, in run
    _ = ret.return_value
        ^^^^^^^^^^^^^^^^
  File "/usr/local/python3.11.14/lib/python3.11/site-packages/hydra/core/utils.py", line 260, in return_value
    raise self._return_value
  File "/usr/local/python3.11.14/lib/python3.11/site-packages/hydra/core/utils.py", line 186, in run_job
    ret.return_value = task_function(task_cfg)
                       ^^^^^^^^^^^^^^^^^^^^^^^
  File "/workspace/cann-recipes-train/llm_rl/qwen3_shrink_aware/verl/trainer/main_ppo.py", line 50, in main
    run_ppo(config)
  File "/workspace/cann-recipes-train/llm_rl/qwen3_shrink_aware/verl/trainer/main_ppo.py", line 112, in run_ppo
    ray.get(task_ref)
  File "/usr/local/python3.11.14/lib/python3.11/site-packages/ray/_private/auto_init_hook.py", line 22, in auto_init_wrapper
    return fn(*args, **kwargs)
           ^^^^^^^^^^^^^^^^^^^
  File "/usr/local/python3.11.14/lib/python3.11/site-packages/ray/_private/client_mode_hook.py", line 104, in wrapper
    return func(*args, **kwargs)
           ^^^^^^^^^^^^^^^^^^^^^
  File "/usr/local/python3.11.14/lib/python3.11/site-packages/ray/_private/worker.py", line 2858, in get
    values, debugger_breakpoint = worker.get_objects(object_refs, timeout=timeout)
                                  ^^^^^^^^^^^^^^^^^^^^^^^^^^^^^^^^^^^^^^^^^^^^^^^^
  File "/usr/local/python3.11.14/lib/python3.11/site-packages/ray/_private/worker.py", line 958, in get_objects
    raise value.as_instanceof_cause()
ray.exceptions.RayTaskError(RuntimeError): [36mray::TaskRunner.run()[39m (pid=2949231, ip=192.168.0.138, actor_id=622df8b026abcfc19b68214001000000, repr=<main_ppo.TaskRunner object at 0xffffa0890b90>)
           ^^^^^^^^^^^^^^^^^^^^^^^^^^^^^^^^^^^^
           ^^^^^^^^^^^^^^^^^^^^^^^^^^^^^^^
  File "/workspace/cann-recipes-train/llm_rl/qwen3_shrink_aware/verl/trainer/main_ppo.py", line 380, in run
    trainer.fit()
  File "/workspace/cann-recipes-train/llm_rl/qwen3_shrink_aware/verl/trainer/ppo/ray_trainer.py", line 1279, in fit
    gen_batch_output = self.actor_rollout_wg.generate_sequences(gen_batch)
                       ^^^^^^^^^^^^^^^^^^^^^^^^^^^^^^^^^^^^^^^^^^^^^^^^^^^
  File "/workspace/cann-recipes-train/llm_rl/qwen3_shrink_aware/verl/single_controller/ray/base.py", line 66, in __call__
    output = ray.get(output)
             ^^^^^^^^^^^^^^^
           ^^^^^^^^^^^^^^^^^^^
           ^^^^^^^^^^^^^^^^^^^^^
                                  ^^^^^^^^^^^^^^^^^^^^^^^^^^^^^^^^^^^^^^^^^^^^^^^^
ray.exceptions.RayTaskError(RuntimeError): [36mray::WorkerDict.actor_rollout_generate_sequences()[39m (pid=2950680, ip=192.168.0.138, actor_id=c4072d7540a261edab3d771001000000, repr=<verl.single_controller.ray.base.WorkerDict object at 0xffff99530ed0>)
           ^^^^^^^^^^^^^^^^^^^^^^^^^^^^^^^^^^^^
           ^^^^^^^^^^^^^^^^^^^^^^^^^^^^^^^
  File "/workspace/cann-recipes-train/llm_rl/qwen3_shrink_aware/verl/single_controller/ray/base.py", line 743, in func
    return getattr(self.worker_dict[key], name)(*args, **kwargs)
           ^^^^^^^^^^^^^^^^^^^^^^^^^^^^^^^^^^^^^^^^^^^^^^^^^^^^^
  File "/workspace/cann-recipes-train/llm_rl/qwen3_shrink_aware/verl/single_controller/base/decorator.py", line 433, in inner
    return func(*args, **kwargs)
           ^^^^^^^^^^^^^^^^^^^^^
  File "/workspace/cann-recipes-train/llm_rl/qwen3_shrink_aware/verl/utils/profiler/performance.py", line 105, in f
    return self.log(decorated_function, *args, **kwargs)
           ^^^^^^^^^^^^^^^^^^^^^^^^^^^^^^^^^^^^^^^^^^^^^
  File "/workspace/cann-recipes-train/llm_rl/qwen3_shrink_aware/verl/utils/profiler/performance.py", line 118, in log
    output = func(*args, **kwargs)
             ^^^^^^^^^^^^^^^^^^^^^
  File "/workspace/cann-recipes-train/llm_rl/qwen3_shrink_aware/verl/utils/profiler/profile.py", line 256, in wrapper
    return func(self_instance, *args, **kwargs_inner)
           ^^^^^^^^^^^^^^^^^^^^^^^^^^^^^^^^^^^^^^^^^^
  File "/workspace/cann-recipes-train/llm_rl/qwen3_shrink_aware/verl/workers/megatron_workers.py", line 733, in generate_sequences
    output = self.rollout.generate_sequences(prompts=prompts)
             ^^^^^^^^^^^^^^^^^^^^^^^^^^^^^^^^^^^^^^^^^^^^^^^^
  File "/workspace/cann-recipes-train/llm_rl/qwen3_shrink_aware/verl/utils/profiler/performance.py", line 105, in f
    return self.log(decorated_function, *args, **kwargs)
           ^^^^^^^^^^^^^^^^^^^^^^^^^^^^^^^^^^^^^^^^^^^^^
  File "/workspace/cann-recipes-train/llm_rl/qwen3_shrink_aware/verl/utils/profiler/performance.py", line 118, in log
    output = func(*args, **kwargs)
             ^^^^^^^^^^^^^^^^^^^^^
  File "/usr/local/python3.11.14/lib/python3.11/site-packages/torch/utils/_contextlib.py", line 120, in decorate_context
    return func(*args, **kwargs)
           ^^^^^^^^^^^^^^^^^^^^^
  File "/workspace/cann-recipes-train/llm_rl/qwen3_shrink_aware/verl/workers/rollout/vllm_rollout/vllm_rollout_spmd.py", line 1156, in generate_sequences
    outputs = self.inference_engine.generate(
              ^^^^^^^^^^^^^^^^^^^^^^^^^^^^^^^
  File "/workspace/cann-recipes-train/llm_rl/qwen3_shrink_aware/vllm/entrypoints/llm.py", line 408, in generate
    outputs = self._run_engine(use_tqdm=use_tqdm)
              ^^^^^^^^^^^^^^^^^^^^^^^^^^^^^^^^^^^
  File "/workspace/cann-recipes-train/llm_rl/qwen3_shrink_aware/vllm/entrypoints/llm.py", line 1649, in _run_engine
    step_outputs = self.llm_engine.step()
                   ^^^^^^^^^^^^^^^^^^^^^^
  File "/workspace/cann-recipes-train/llm_rl/qwen3_shrink_aware/vllm/v1/engine/llm_engine.py", line 933, in step
    outputs = self.engine_core.get_output()
              ^^^^^^^^^^^^^^^^^^^^^^^^^^^^^
  File "/workspace/cann-recipes-train/llm_rl/qwen3_shrink_aware/vllm/v1/engine/core_client.py", line 249, in get_output
    outputs, model_executed = self.engine_core.step_fn()
                              ^^^^^^^^^^^^^^^^^^^^^^^^^^
  File "/workspace/cann-recipes-train/llm_rl/qwen3_shrink_aware/vllm/v1/engine/core.py", line 307, in step
    model_output = self.execute_model_with_error_logging(
                   ^^^^^^^^^^^^^^^^^^^^^^^^^^^^^^^^^^^^^^
  File "/workspace/cann-recipes-train/llm_rl/qwen3_shrink_aware/vllm/v1/engine/core.py", line 293, in execute_model_with_error_logging
    raise err
  File "/workspace/cann-recipes-train/llm_rl/qwen3_shrink_aware/vllm/v1/engine/core.py", line 278, in execute_model_with_error_logging
    output = model_fn(scheduler_output)
             ^^^^^^^^^^^^^^^^^^^^^^^^^^
  File "/workspace/cann-recipes-train/llm_rl/qwen3_shrink_aware/vllm/v1/executor/abstract.py", line 103, in execute_model
    output = self.collective_rpc("execute_model",
             ^^^^^^^^^^^^^^^^^^^^^^^^^^^^^^^^^^^^
  File "/workspace/cann-recipes-train/llm_rl/qwen3_shrink_aware/vllm/executor/uniproc_executor.py", line 83, in collective_rpc
    return [run_method(self.driver_worker, method, args, kwargs)]
            ^^^^^^^^^^^^^^^^^^^^^^^^^^^^^^^^^^^^^^^^^^^^^^^^^^^^
  File "/workspace/cann-recipes-train/llm_rl/qwen3_shrink_aware/vllm/utils/__init__.py", line 3122, in run_method
    return func(*args, **kwargs)
           ^^^^^^^^^^^^^^^^^^^^^
  File "/workspace/cann-recipes-train/llm_rl/qwen3_shrink_aware/vllm_ascend/worker/worker_v1.py", line 1902, in execute_model
    output = self.model_runner.execute_model(scheduler_output,
             ^^^^^^^^^^^^^^^^^^^^^^^^^^^^^^^^^^^^^^^^^^^^^^^^^
  File "/usr/local/python3.11.14/lib/python3.11/site-packages/torch/utils/_contextlib.py", line 120, in decorate_context
    return func(*args, **kwargs)
           ^^^^^^^^^^^^^^^^^^^^^
  File "/workspace/cann-recipes-train/llm_rl/qwen3_shrink_aware/vllm_ascend/worker/model_runner_v1.py", line 2331, in execute_model
    max_query_len) = (self._prepare_inputs(scheduler_output,
                      ^^^^^^^^^^^^^^^^^^^^^^^^^^^^^^^^^^^^^^
  File "/workspace/cann-recipes-train/llm_rl/qwen3_shrink_aware/vllm_ascend/worker/model_runner_v1.py", line 1599, in _prepare_inputs
    enable_dbo) = self._sync_metadata_across_dp(num_input_tokens,
                  ^^^^^^^^^^^^^^^^^^^^^^^^^^^^^^^^^^^^^^^^^^^^^^^
  File "/workspace/cann-recipes-train/llm_rl/qwen3_shrink_aware/vllm_ascend/worker/model_runner_v1.py", line 983, in _sync_metadata_across_dp
    max_tokens_across_dp = int(torch.max(num_tokens_across_dp).item())
                               ^^^^^^^^^^^^^^^^^^^^^^^^^^^^^^^^^^^^^^
RuntimeError: The Inner error is reported as above. The process exits for this inner error, and the current working operator name is HcclAllreduce.
Since the operator is called asynchronously, the stacktrace may be inaccurate. If you want to get the accurate stacktrace, please set the environment variable ASCEND_LAUNCH_BLOCKING=1.
Note: ASCEND_LAUNCH_BLOCKING=1 will force ops to run in synchronous mode, resulting in performance degradation. Please unset ASCEND_LAUNCH_BLOCKING in time after debugging.
[ERROR] 2026-06-16-19:06:28 (PID:2950680, Device:0, RankID:12) ERR00100 PTA call acl api failed.
[PID: 2950680] 2026-06-16-19:06:27.240.857 Memory_Allocation_Failure(EL0004): Failed to allocate memory requested by HCCL module.
        Possible Cause: Available memory is insufficient.
        Solution: Close applications not in use.
        TraceBack (most recent call last):
        alloc memory failed, runtime result = 207001[FUNC:ReportCallError][FILE:log_inner.cpp][LINE:148]
        Failed to allocate [size:1678770176] bytes of NPU memory.
[36m(TaskRunner pid=2949231)[0m Training Progress:  20%|██        | 1/5 [37:59<2:31:59, 2279.92s/it]
[36m(TaskRunner pid=2949231)[0m Unhandled error (suppress with 'RAY_IGNORE_UNHANDLED_ERRORS=1'): [36mray::WorkerDict.actor_rollout_generate_sequences()[39m (pid=2950675, ip=192.168.0.138, actor_id=37a26f81e39a156f011f2c0a01000000, repr=<verl.single_controller.ray.base.WorkerDict object at 0xffd036d3ba90>)
[36m(TaskRunner pid=2949231)[0m            ^^^^^^^^^^^^^^^^^^^^^^^^^^^^^^^^^^^^
[36m(TaskRunner pid=2949231)[0m            ^^^^^^^^^^^^^^^^^^^^^^^^^^^^^^^
[36m(TaskRunner pid=2949231)[0m   File "/workspace/cann-recipes-train/llm_rl/qwen3_shrink_aware/verl/single_controller/ray/base.py", line 743, in func
[36m(TaskRunner pid=2949231)[0m     return getattr(self.worker_dict[key], name)(*args, **kwargs)
[36m(TaskRunner pid=2949231)[0m            ^^^^^^^^^^^^^^^^^^^^^^^^^^^^^^^^^^^^^^^^^^^^^^^^^^^^^
[36m(TaskRunner pid=2949231)[0m   File "/workspace/cann-recipes-train/llm_rl/qwen3_shrink_aware/verl/single_controller/base/decorator.py", line 433, in inner
[36m(TaskRunner pid=2949231)[0m     return func(*args, **kwargs)
[36m(TaskRunner pid=2949231)[0m            ^^^^^^^^^^^^^^^^^^^^^
[36m(TaskRunner pid=2949231)[0m   File "/workspace/cann-recipes-train/llm_rl/qwen3_shrink_aware/verl/utils/profiler/performance.py", line 105, in f
[36m(TaskRunner pid=2949231)[0m     return self.log(decorated_function, *args, **kwargs)
[36m(TaskRunner pid=2949231)[0m            ^^^^^^^^^^^^^^^^^^^^^^^^^^^^^^^^^^^^^^^^^^^^^
[36m(TaskRunner pid=2949231)[0m   File "/workspace/cann-recipes-train/llm_rl/qwen3_shrink_aware/verl/utils/profiler/performance.py", line 118, in log
[36m(TaskRunner pid=2949231)[0m     output = func(*args, **kwargs)
[36m(TaskRunner pid=2949231)[0m              ^^^^^^^^^^^^^^^^^^^^^
[36m(TaskRunner pid=2949231)[0m   File "/workspace/cann-recipes-train/llm_rl/qwen3_shrink_aware/verl/utils/profiler/profile.py", line 256, in wrapper
[36m(TaskRunner pid=2949231)[0m     return func(self_instance, *args, **kwargs_inner)
[36m(TaskRunner pid=2949231)[0m            ^^^^^^^^^^^^^^^^^^^^^^^^^^^^^^^^^^^^^^^^^^
[36m(TaskRunner pid=2949231)[0m   File "/workspace/cann-recipes-train/llm_rl/qwen3_shrink_aware/verl/workers/megatron_workers.py", line 733, in generate_sequences
[36m(TaskRunner pid=2949231)[0m     output = self.rollout.generate_sequences(prompts=prompts)
[36m(TaskRunner pid=2949231)[0m              ^^^^^^^^^^^^^^^^^^^^^^^^^^^^^^^^^^^^^^^^^^^^^^^^
[36m(TaskRunner pid=2949231)[0m   File "/workspace/cann-recipes-train/llm_rl/qwen3_shrink_aware/verl/utils/profiler/performance.py", line 105, in f
[36m(TaskRunner pid=2949231)[0m     return self.log(decorated_function, *args, **kwargs)
[36m(TaskRunner pid=2949231)[0m            ^^^^^^^^^^^^^^^^^^^^^^^^^^^^^^^^^^^^^^^^^^^^^
[36m(TaskRunner pid=2949231)[0m   File "/workspace/cann-recipes-train/llm_rl/qwen3_shrink_aware/verl/utils/profiler/performance.py", line 118, in log
[36m(TaskRunner pid=2949231)[0m     output = func(*args, **kwargs)
[36m(TaskRunner pid=2949231)[0m              ^^^^^^^^^^^^^^^^^^^^^
[36m(TaskRunner pid=2949231)[0m   File "/usr/local/python3.11.14/lib/python3.11/site-packages/torch/utils/_contextlib.py", line 120, in decorate_context
[36m(TaskRunner pid=2949231)[0m     return func(*args, **kwargs)
[36m(TaskRunner pid=2949231)[0m            ^^^^^^^^^^^^^^^^^^^^^
[36m(TaskRunner pid=2949231)[0m   File "/workspace/cann-recipes-train/llm_rl/qwen3_shrink_aware/verl/workers/rollout/vllm_rollout/vllm_rollout_spmd.py", line 1156, in generate_sequences
[36m(TaskRunner pid=2949231)[0m     outputs = self.inference_engine.generate(
[36m(TaskRunner pid=2949231)[0m               ^^^^^^^^^^^^^^^^^^^^^^^^^^^^^^^
[36m(TaskRunner pid=2949231)[0m   File "/workspace/cann-recipes-train/llm_rl/qwen3_shrink_aware/vllm/entrypoints/llm.py", line 408, in generate
[36m(TaskRunner pid=2949231)[0m     outputs = self._run_engine(use_tqdm=use_tqdm)
[36m(TaskRunner pid=2949231)[0m               ^^^^^^^^^^^^^^^^^^^^^^^^^^^^^^^^^^^
[36m(TaskRunner pid=2949231)[0m   File "/workspace/cann-recipes-train/llm_rl/qwen3_shrink_aware/vllm/entrypoints/llm.py", line 1649, in _run_engine
[36m(TaskRunner pid=2949231)[0m     step_outputs = self.llm_engine.step()
[36m(TaskRunner pid=2949231)[0m                    ^^^^^^^^^^^^^^^^^^^^^^
[36m(TaskRunner pid=2949231)[0m   File "/workspace/cann-recipes-train/llm_rl/qwen3_shrink_aware/vllm/v1/engine/llm_engine.py", line 933, in step
[36m(TaskRunner pid=2949231)[0m     outputs = self.engine_core.get_output()
[36m(TaskRunner pid=2949231)[0m               ^^^^^^^^^^^^^^^^^^^^^^^^^^^^^
[36m(TaskRunner pid=2949231)[0m   File "/workspace/cann-recipes-train/llm_rl/qwen3_shrink_aware/vllm/v1/engine/core_client.py", line 249, in get_output
[36m(TaskRunner pid=2949231)[0m     outputs, model_executed = self.engine_core.step_fn()
[36m(TaskRunner pid=2949231)[0m                               ^^^^^^^^^^^^^^^^^^^^^^^^^^
[36m(TaskRunner pid=2949231)[0m   File "/workspace/cann-recipes-train/llm_rl/qwen3_shrink_aware/vllm/v1/engine/core.py", line 307, in step
[36m(TaskRunner pid=2949231)[0m     model_output = self.execute_model_with_error_logging(
[36m(TaskRunner pid=2949231)[0m                    ^^^^^^^^^^^^^^^^^^^^^^^^^^^^^^^^^^^^^^
[36m(TaskRunner pid=2949231)[0m   File "/workspace/cann-recipes-train/llm_rl/qwen3_shrink_aware/vllm/v1/engine/core.py", line 293, in execute_model_with_error_logging
[36m(TaskRunner pid=2949231)[0m     raise err
[36m(TaskRunner pid=2949231)[0m   File "/workspace/cann-recipes-train/llm_rl/qwen3_shrink_aware/vllm/v1/engine/core.py", line 278, in execute_model_with_error_logging
[36m(TaskRunner pid=2949231)[0m     output = model_fn(scheduler_output)
[36m(TaskRunner pid=2949231)[0m              ^^^^^^^^^^^^^^^^^^^^^^^^^^
[36m(TaskRunner pid=2949231)[0m   File "/workspace/cann-recipes-train/llm_rl/qwen3_shrink_aware/vllm/v1/executor/abstract.py", line 103, in execute_model
[36m(TaskRunner pid=2949231)[0m     output = self.collective_rpc("execute_model",
[36m(TaskRunner pid=2949231)[0m              ^^^^^^^^^^^^^^^^^^^^^^^^^^^^^^^^^^^^
[36m(TaskRunner pid=2949231)[0m   File "/workspace/cann-recipes-train/llm_rl/qwen3_shrink_aware/vllm/executor/uniproc_executor.py", line 83, in collective_rpc
[36m(TaskRunner pid=2949231)[0m     return [run_method(self.driver_worker, method, args, kwargs)]
[36m(TaskRunner pid=2949231)[0m             ^^^^^^^^^^^^^^^^^^^^^^^^^^^^^^^^^^^^^^^^^^^^^^^^^^^^
[36m(TaskRunner pid=2949231)[0m   File "/workspace/cann-recipes-train/llm_rl/qwen3_shrink_aware/vllm/utils/__init__.py", line 3122, in run_method
[36m(TaskRunner pid=2949231)[0m     return func(*args, **kwargs)
[36m(TaskRunner pid=2949231)[0m            ^^^^^^^^^^^^^^^^^^^^^
[36m(TaskRunner pid=2949231)[0m   File "/workspace/cann-recipes-train/llm_rl/qwen3_shrink_aware/vllm_ascend/worker/worker_v1.py", line 1902, in execute_model
[36m(TaskRunner pid=2949231)[0m     output = self.model_runner.execute_model(scheduler_output,
[36m(TaskRunner pid=2949231)[0m              ^^^^^^^^^^^^^^^^^^^^^^^^^^^^^^^^^^^^^^^^^^^^^^^^^
[36m(TaskRunner pid=2949231)[0m   File "/usr/local/python3.11.14/lib/python3.11/site-packages/torch/utils/_contextlib.py", line 120, in decorate_context
[36m(TaskRunner pid=2949231)[0m     return func(*args, **kwargs)
[36m(TaskRunner pid=2949231)[0m            ^^^^^^^^^^^^^^^^^^^^^
[36m(TaskRunner pid=2949231)[0m   File "/workspace/cann-recipes-train/llm_rl/qwen3_shrink_aware/vllm_ascend/worker/model_runner_v1.py", line 2331, in execute_model
[36m(TaskRunner pid=2949231)[0m     max_query_len) = (self._prepare_inputs(scheduler_output,
[36m(TaskRunner pid=2949231)[0m                       ^^^^^^^^^^^^^^^^^^^^^^^^^^^^^^^^^^^^^^
[36m(TaskRunner pid=2949231)[0m   File "/workspace/cann-recipes-train/llm_rl/qwen3_shrink_aware/vllm_ascend/worker/model_runner_v1.py", line 1599, in _prepare_inputs
[36m(TaskRunner pid=2949231)[0m     enable_dbo) = self._sync_metadata_across_dp(num_input_tokens,
[36m(TaskRunner pid=2949231)[0m                   ^^^^^^^^^^^^^^^^^^^^^^^^^^^^^^^^^^^^^^^^^^^^^^^
[36m(TaskRunner pid=2949231)[0m   File "/workspace/cann-recipes-train/llm_rl/qwen3_shrink_aware/vllm_ascend/worker/model_runner_v1.py", line 983, in _sync_metadata_across_dp
[36m(TaskRunner pid=2949231)[0m     max_tokens_across_dp = int(torch.max(num_tokens_across_dp).item())
[36m(TaskRunner pid=2949231)[0m                                ^^^^^^^^^^^^^^^^^^^^^^^^^^^^^^^^^^^^^^
[36m(TaskRunner pid=2949231)[0m RuntimeError: The Inner error is reported as above. The process exits for this inner error, and the current working operator name is HcclAllreduce.
[36m(TaskRunner pid=2949231)[0m Since the operator is called asynchronously, the stacktrace may be inaccurate. If you want to get the accurate stacktrace, please set the environment variable ASCEND_LAUNCH_BLOCKING=1.
[36m(TaskRunner pid=2949231)[0m Note: ASCEND_LAUNCH_BLOCKING=1 will force ops to run in synchronous mode, resulting in performance degradation. Please unset ASCEND_LAUNCH_BLOCKING in time after debugging.
[36m(TaskRunner pid=2949231)[0m [ERROR] 2026-06-16-19:06:28 (PID:2950675, Device:0, RankID:10) ERR00100 PTA call acl api failed.
[36m(TaskRunner pid=2949231)[0m [PID: 2950675] 2026-06-16-19:06:27.214.457 Memory_Allocation_Failure(EL0004): Failed to allocate memory requested by HCCL module.
[36m(TaskRunner pid=2949231)[0m         Possible Cause: Available memory is insufficient.
[36m(TaskRunner pid=2949231)[0m         Solution: Close applications not in use.
[36m(TaskRunner pid=2949231)[0m         TraceBack (most recent call last):
[36m(TaskRunner pid=2949231)[0m         alloc memory failed, runtime result = 207001[FUNC:ReportCallError][FILE:log_inner.cpp][LINE:148]
[36m(TaskRunner pid=2949231)[0m         Failed to allocate [size:1678770176] bytes of NPU memory.
[36m(TaskRunner pid=2949231)[0m Unhandled error (suppress with 'RAY_IGNORE_UNHANDLED_ERRORS=1'): [36mray::WorkerDict.actor_rollout_generate_sequences()[39m (pid=2950671, ip=192.168.0.138, actor_id=3ea97e9985d1b1da97ded0f201000000, repr=<verl.single_controller.ray.base.WorkerDict object at 0xffcfecaeac50>)
[36m(TaskRunner pid=2949231)[0m            ^^^^^^^^^^^^^^^^^^^^^^^^^^^^^^^^^^^^
[36m(TaskRunner pid=2949231)[0m            ^^^^^^^^^^^^^^^^^^^^^^^^^^^^^^^
[36m(TaskRunner pid=2949231)[0m   File "/workspace/cann-recipes-train/llm_rl/qwen3_shrink_aware/verl/single_controller/ray/base.py", line 743, in func
[36m(TaskRunner pid=2949231)[0m     return getattr(self.worker_dict[key], name)(*args, **kwargs)
[36m(TaskRunner pid=2949231)[0m            ^^^^^^^^^^^^^^^^^^^^^^^^^^^^^^^^^^^^^^^^^^^^^^^^^^^^^
[36m(TaskRunner pid=2949231)[0m   File "/workspace/cann-recipes-train/llm_rl/qwen3_shrink_aware/verl/single_controller/base/decorator.py", line 433, in inner
[36m(TaskRunner pid=2949231)[0m     return func(*args, **kwargs)
[36m(TaskRunner pid=2949231)[0m            ^^^^^^^^^^^^^^^^^^^^^
[36m(TaskRunner pid=2949231)[0m   File "/workspace/cann-recipes-train/llm_rl/qwen3_shrink_aware/verl/utils/profiler/performance.py", line 105, in f
[36m(TaskRunner pid=2949231)[0m     return self.log(decorated_function, *args, **kwargs)
[36m(TaskRunner pid=2949231)[0m            ^^^^^^^^^^^^^^^^^^^^^^^^^^^^^^^^^^^^^^^^^^^^^
[36m(TaskRunner pid=2949231)[0m   File "/workspace/cann-recipes-train/llm_rl/qwen3_shrink_aware/verl/utils/profiler/performance.py", line 118, in log
[36m(TaskRunner pid=2949231)[0m     output = func(*args, **kwargs)
[36m(TaskRunner pid=2949231)[0m              ^^^^^^^^^^^^^^^^^^^^^
[36m(TaskRunner pid=2949231)[0m   File "/workspace/cann-recipes-train/llm_rl/qwen3_shrink_aware/verl/utils/profiler/profile.py", line 256, in wrapper
[36m(TaskRunner pid=2949231)[0m     return func(self_instance, *args, **kwargs_inner)
[36m(TaskRunner pid=2949231)[0m            ^^^^^^^^^^^^^^^^^^^^^^^^^^^^^^^^^^^^^^^^^^
[36m(TaskRunner pid=2949231)[0m   File "/workspace/cann-recipes-train/llm_rl/qwen3_shrink_aware/verl/workers/megatron_workers.py", line 733, in generate_sequences
[36m(TaskRunner pid=2949231)[0m     output = self.rollout.generate_sequences(prompts=prompts)
[36m(TaskRunner pid=2949231)[0m              ^^^^^^^^^^^^^^^^^^^^^^^^^^^^^^^^^^^^^^^^^^^^^^^^
[36m(TaskRunner pid=2949231)[0m   File "/workspace/cann-recipes-train/llm_rl/qwen3_shrink_aware/verl/utils/profiler/performance.py", line 105, in f
[36m(TaskRunner pid=2949231)[0m     return self.log(decorated_function, *args, **kwargs)
[36m(TaskRunner pid=2949231)[0m            ^^^^^^^^^^^^^^^^^^^^^^^^^^^^^^^^^^^^^^^^^^^^^
[36m(TaskRunner pid=2949231)[0m   File "/workspace/cann-recipes-train/llm_rl/qwen3_shrink_aware/verl/utils/profiler/performance.py", line 118, in log
[36m(TaskRunner pid=2949231)[0m     output = func(*args, **kwargs)
[36m(TaskRunner pid=2949231)[0m              ^^^^^^^^^^^^^^^^^^^^^
[36m(TaskRunner pid=2949231)[0m   File "/usr/local/python3.11.14/lib/python3.11/site-packages/torch/utils/_contextlib.py", line 120, in decorate_context
[36m(TaskRunner pid=2949231)[0m     return func(*args, **kwargs)
[36m(TaskRunner pid=2949231)[0m            ^^^^^^^^^^^^^^^^^^^^^
[36m(TaskRunner pid=2949231)[0m   File "/workspace/cann-recipes-train/llm_rl/qwen3_shrink_aware/verl/workers/rollout/vllm_rollout/vllm_rollout_spmd.py", line 1156, in generate_sequences
[36m(TaskRunner pid=2949231)[0m     outputs = self.inference_engine.generate(
[36m(TaskRunner pid=2949231)[0m               ^^^^^^^^^^^^^^^^^^^^^^^^^^^^^^^
[36m(TaskRunner pid=2949231)[0m   File "/workspace/cann-recipes-train/llm_rl/qwen3_shrink_aware/vllm/entrypoints/llm.py", line 408, in generate
[36m(TaskRunner pid=2949231)[0m     outputs = self._run_engine(use_tqdm=use_tqdm)
[36m(TaskRunner pid=2949231)[0m               ^^^^^^^^^^^^^^^^^^^^^^^^^^^^^^^^^^^
[36m(TaskRunner pid=2949231)[0m   File "/workspace/cann-recipes-train/llm_rl/qwen3_shrink_aware/vllm/entrypoints/llm.py", line 1649, in _run_engine
[36m(TaskRunner pid=2949231)[0m     step_outputs = self.llm_engine.step()
[36m(TaskRunner pid=2949231)[0m                    ^^^^^^^^^^^^^^^^^^^^^^
[36m(TaskRunner pid=2949231)[0m   File "/workspace/cann-recipes-train/llm_rl/qwen3_shrink_aware/vllm/v1/engine/llm_engine.py", line 933, in step
[36m(TaskRunner pid=2949231)[0m     outputs = self.engine_core.get_output()
[36m(TaskRunner pid=2949231)[0m               ^^^^^^^^^^^^^^^^^^^^^^^^^^^^^
[36m(TaskRunner pid=2949231)[0m   File "/workspace/cann-recipes-train/llm_rl/qwen3_shrink_aware/vllm/v1/engine/core_client.py", line 249, in get_output
[36m(TaskRunner pid=2949231)[0m     outputs, model_executed = self.engine_core.step_fn()
[36m(TaskRunner pid=2949231)[0m                               ^^^^^^^^^^^^^^^^^^^^^^^^^^
[36m(TaskRunner pid=2949231)[0m   File "/workspace/cann-recipes-train/llm_rl/qwen3_shrink_aware/vllm/v1/engine/core.py", line 307, in step
[36m(TaskRunner pid=2949231)[0m     model_output = self.execute_model_with_error_logging(
[36m(TaskRunner pid=2949231)[0m                    ^^^^^^^^^^^^^^^^^^^^^^^^^^^^^^^^^^^^^^
[36m(TaskRunner pid=2949231)[0m   File "/workspace/cann-recipes-train/llm_rl/qwen3_shrink_aware/vllm/v1/engine/core.py", line 293, in execute_model_with_error_logging
[36m(TaskRunner pid=2949231)[0m     raise err
[36m(TaskRunner pid=2949231)[0m   File "/workspace/cann-recipes-train/llm_rl/qwen3_shrink_aware/vllm/v1/engine/core.py", line 278, in execute_model_with_error_logging
[36m(TaskRunner pid=2949231)[0m     output = model_fn(scheduler_output)
[36m(TaskRunner pid=2949231)[0m              ^^^^^^^^^^^^^^^^^^^^^^^^^^
[36m(TaskRunner pid=2949231)[0m   File "/workspace/cann-recipes-train/llm_rl/qwen3_shrink_aware/vllm/v1/executor/abstract.py", line 103, in execute_model
[36m(TaskRunner pid=2949231)[0m     output = self.collective_rpc("execute_model",
[36m(TaskRunner pid=2949231)[0m              ^^^^^^^^^^^^^^^^^^^^^^^^^^^^^^^^^^^^
[36m(TaskRunner pid=2949231)[0m   File "/workspace/cann-recipes-train/llm_rl/qwen3_shrink_aware/vllm/executor/uniproc_executor.py", line 83, in collective_rpc
[36m(TaskRunner pid=2949231)[0m     return [run_method(self.driver_worker, method, args, kwargs)]
[36m(TaskRunner pid=2949231)[0m             ^^^^^^^^^^^^^^^^^^^^^^^^^^^^^^^^^^^^^^^^^^^^^^^^^^^^
[36m(TaskRunner pid=2949231)[0m   File "/workspace/cann-recipes-train/llm_rl/qwen3_shrink_aware/vllm/utils/__init__.py", line 3122, in run_method
[36m(TaskRunner pid=2949231)[0m     return func(*args, **kwargs)
[36m(TaskRunner pid=2949231)[0m            ^^^^^^^^^^^^^^^^^^^^^
[36m(TaskRunner pid=2949231)[0m   File "/workspace/cann-recipes-train/llm_rl/qwen3_shrink_aware/vllm_ascend/worker/worker_v1.py", line 1902, in execute_model
[36m(TaskRunner pid=2949231)[0m     output = self.model_runner.execute_model(scheduler_output,
[36m(TaskRunner pid=2949231)[0m              ^^^^^^^^^^^^^^^^^^^^^^^^^^^^^^^^^^^^^^^^^^^^^^^^^
[36m(TaskRunner pid=2949231)[0m   File "/usr/local/python3.11.14/lib/python3.11/site-packages/torch/utils/_contextlib.py", line 120, in decorate_context
[36m(TaskRunner pid=2949231)[0m     return func(*args, **kwargs)
[36m(TaskRunner pid=2949231)[0m            ^^^^^^^^^^^^^^^^^^^^^
[36m(TaskRunner pid=2949231)[0m   File "/workspace/cann-recipes-train/llm_rl/qwen3_shrink_aware/vllm_ascend/worker/model_runner_v1.py", line 2331, in execute_model
[36m(TaskRunner pid=2949231)[0m     max_query_len) = (self._prepare_inputs(scheduler_output,
[36m(TaskRunner pid=2949231)[0m                       ^^^^^^^^^^^^^^^^^^^^^^^^^^^^^^^^^^^^^^
[36m(TaskRunner pid=2949231)[0m   File "/workspace/cann-recipes-train/llm_rl/qwen3_shrink_aware/vllm_ascend/worker/model_runner_v1.py", line 1599, in _prepare_inputs
[36m(TaskRunner pid=2949231)[0m     enable_dbo) = self._sync_metadata_across_dp(num_input_tokens,
[36m(TaskRunner pid=2949231)[0m                   ^^^^^^^^^^^^^^^^^^^^^^^^^^^^^^^^^^^^^^^^^^^^^^^
[36m(TaskRunner pid=2949231)[0m   File "/workspace/cann-recipes-train/llm_rl/qwen3_shrink_aware/vllm_ascend/worker/model_runner_v1.py", line 983, in _sync_metadata_across_dp
[36m(TaskRunner pid=2949231)[0m     max_tokens_across_dp = int(torch.max(num_tokens_across_dp).item())
[36m(TaskRunner pid=2949231)[0m                                ^^^^^^^^^^^^^^^^^^^^^^^^^^^^^^^^^^^^^^
[36m(TaskRunner pid=2949231)[0m RuntimeError: The Inner error is reported as above. The process exits for this inner error, and the current working operator name is HcclAllreduce.
[36m(TaskRunner pid=2949231)[0m Since the operator is called asynchronously, the stacktrace may be inaccurate. If you want to get the accurate stacktrace, please set the environment variable ASCEND_LAUNCH_BLOCKING=1.
[36m(TaskRunner pid=2949231)[0m Note: ASCEND_LAUNCH_BLOCKING=1 will force ops to run in synchronous mode, resulting in performance degradation. Please unset ASCEND_LAUNCH_BLOCKING in time after debugging.
[36m(TaskRunner pid=2949231)[0m [ERROR] 2026-06-16-19:06:28 (PID:2950671, Device:0, RankID:7) ERR00100 PTA call acl api failed.
[36m(TaskRunner pid=2949231)[0m [PID: 2950671] 2026-06-16-19:06:27.245.931 Memory_Allocation_Failure(EL0004): Failed to allocate memory requested by HCCL module.
[36m(TaskRunner pid=2949231)[0m         Possible Cause: Available memory is insufficient.
[36m(TaskRunner pid=2949231)[0m         Solution: Close applications not in use.
[36m(TaskRunner pid=2949231)[0m         TraceBack (most recent call last):
[36m(TaskRunner pid=2949231)[0m         alloc memory failed, runtime result = 207001[FUNC:ReportCallError][FILE:log_inner.cpp][LINE:148]
[36m(TaskRunner pid=2949231)[0m         Failed to allocate [size:1678770176] bytes of NPU memory.
[36m(WorkerDict pid=2950671)[0m Processed prompts:  56%|█████▋    | 18/32 [11:50<09:12, 39.45s/it, est. speed input: 2.72 toks/s, output: 201.58 toks/s]
/usr/local/python3.11.14/lib/python3.11/subprocess.py:1127: ResourceWarning: subprocess 2937910 is still running
  _warn("subprocess %s is still running" % self.pid,
