+ export CUDA_DEVICE_MAX_CONNECTIONS=1
+ CUDA_DEVICE_MAX_CONNECTIONS=1
+ export PYTORCH_NPU_ALLOC_CONF=expandable_segments:True
+ PYTORCH_NPU_ALLOC_CONF=expandable_segments:True
+ export ASCEND_HOME_PATH=/usr/local/Ascend/ascend-toolkit
+ ASCEND_HOME_PATH=/usr/local/Ascend/ascend-toolkit
+ source /usr/local/Ascend/ascend-toolkit/set_env.sh
++ setenv_main data.train_files=/data/deepscaler/train.parquet data.val_files=/data/deepscaler/test.parquet data.train_batch_size=32 data.max_prompt_length=1024 data.max_response_length=16384 data.shuffle=True actor_rollout_ref.model.path=/data/Qwen3-30B-A3B actor_rollout_ref.actor.megatron.dist_checkpointing_path=/data/Qwen3-30B-A3B_megatron actor_rollout_ref.ref.megatron.dist_checkpointing_path=/data/Qwen3-30B-A3B_megatron actor_rollout_ref.rollout.max_num_batched_tokens=17408 actor_rollout_ref.rollout.max_num_seqs=32 actor_rollout_ref.rollout.n=16 actor_rollout_ref.rollout.gpu_memory_utilization=0.95 actor_rollout_ref.rollout.shrink_aware.enable_shrink_aware_scheduling=false actor_rollout_ref.rollout.shrink_aware.shrink_aware_mode=off actor_rollout_ref.rollout.shrink_aware.enable_shrink_aware_logging=false trainer.total_epochs=1
++ local version_dirpath install_dirpath ld_library_path path driver_install_path_param dep_hal_path
++ local dep_hal_name=libascend_hal.so
++ local dep_info_file=/etc/ascend_install.info
++ local is_install_driver=n
++ local architecture remove_regex
++ version_dirpath=/usr/local/Ascend/cann-8.5.0
+++ dirname /usr/local/Ascend/cann-8.5.0
++ install_dirpath=/usr/local/Ascend
++ remove_regex='^/usr/local/Ascend/cann[/_-]'
++ remove_env PATH '^/usr/local/Ascend/cann[/_-]'
++ local name=PATH
++ local 'regex=^/usr/local/Ascend/cann[/_-]'
+++ eval echo '${PATH}'
++++ echo /usr/local/Ascend/nnal/atb/latest/atb/cxx_abi_1/bin:/usr/local/Ascend/cann-8.5.0/tools/bishengir/bin:/usr/local/Ascend/cann-8.5.0/bin:/usr/local/Ascend/cann-8.5.0/tools/ccec_compiler/bin:/usr/local/Ascend/cann-8.5.0/tools/profiler/bin:/usr/local/Ascend/cann-8.5.0/tools/ascend_system_advisor/asys:/usr/local/Ascend/cann-8.5.0/tools/show_kernel_debug_data:/usr/local/Ascend/cann-8.5.0/tools/msobjdump:/usr/local/Ascend/nnal/atb/latest/atb/cxx_abi_1/bin:/usr/local/Ascend/nnal/atb/latest/atb/cxx_abi_1/bin:/root/.vscode-server/data/User/globalStorage/github.copilot-chat/debugCommand:/root/.vscode-server/data/User/globalStorage/github.copilot-chat/copilotCli:/root/.vscode-server/bin/8761a5560cfd65fdd19ce7e2bd18dab5c0a4d84e/bin/remote-cli:/usr/local/Ascend/nnal/atb/latest/atb/cxx_abi_1/bin:/usr/local/Ascend/nnal/atb/latest/atb/cxx_abi_1/bin:/usr/local/Ascend/nnal/atb/latest/atb/cxx_abi_1/bin:/usr/local/Ascend/ascend-toolkit/latest/bin:/usr/local/Ascend/ascend-toolkit/latest/compiler/ccec_compiler/bin:/usr/local/Ascend/ascend-toolkit/latest/tools/ccec_compiler/bin:/usr/local/python3.11.14/bin:/usr/local/sbin:/usr/local/bin:/usr/sbin:/usr/bin:/sbin:/bin:/usr/local/go/bin:/root/bin:/usr/local/go/bin:/usr/local/go/bin:/root/bin
++ local env_value=/usr/local/Ascend/nnal/atb/latest/atb/cxx_abi_1/bin:/usr/local/Ascend/cann-8.5.0/tools/bishengir/bin:/usr/local/Ascend/cann-8.5.0/bin:/usr/local/Ascend/cann-8.5.0/tools/ccec_compiler/bin:/usr/local/Ascend/cann-8.5.0/tools/profiler/bin:/usr/local/Ascend/cann-8.5.0/tools/ascend_system_advisor/asys:/usr/local/Ascend/cann-8.5.0/tools/show_kernel_debug_data:/usr/local/Ascend/cann-8.5.0/tools/msobjdump:/usr/local/Ascend/nnal/atb/latest/atb/cxx_abi_1/bin:/usr/local/Ascend/nnal/atb/latest/atb/cxx_abi_1/bin:/root/.vscode-server/data/User/globalStorage/github.copilot-chat/debugCommand:/root/.vscode-server/data/User/globalStorage/github.copilot-chat/copilotCli:/root/.vscode-server/bin/8761a5560cfd65fdd19ce7e2bd18dab5c0a4d84e/bin/remote-cli:/usr/local/Ascend/nnal/atb/latest/atb/cxx_abi_1/bin:/usr/local/Ascend/nnal/atb/latest/atb/cxx_abi_1/bin:/usr/local/Ascend/nnal/atb/latest/atb/cxx_abi_1/bin:/usr/local/Ascend/ascend-toolkit/latest/bin:/usr/local/Ascend/ascend-toolkit/latest/compiler/ccec_compiler/bin:/usr/local/Ascend/ascend-toolkit/latest/tools/ccec_compiler/bin:/usr/local/python3.11.14/bin:/usr/local/sbin:/usr/local/bin:/usr/sbin:/usr/bin:/sbin:/bin:/usr/local/go/bin:/root/bin:/usr/local/go/bin:/usr/local/go/bin:/root/bin
++ read -r PATH
+++ echo /usr/local/Ascend/nnal/atb/latest/atb/cxx_abi_1/bin:/usr/local/Ascend/cann-8.5.0/tools/bishengir/bin:/usr/local/Ascend/cann-8.5.0/bin:/usr/local/Ascend/cann-8.5.0/tools/ccec_compiler/bin:/usr/local/Ascend/cann-8.5.0/tools/profiler/bin:/usr/local/Ascend/cann-8.5.0/tools/ascend_system_advisor/asys:/usr/local/Ascend/cann-8.5.0/tools/show_kernel_debug_data:/usr/local/Ascend/cann-8.5.0/tools/msobjdump:/usr/local/Ascend/nnal/atb/latest/atb/cxx_abi_1/bin:/usr/local/Ascend/nnal/atb/latest/atb/cxx_abi_1/bin:/root/.vscode-server/data/User/globalStorage/github.copilot-chat/debugCommand:/root/.vscode-server/data/User/globalStorage/github.copilot-chat/copilotCli:/root/.vscode-server/bin/8761a5560cfd65fdd19ce7e2bd18dab5c0a4d84e/bin/remote-cli:/usr/local/Ascend/nnal/atb/latest/atb/cxx_abi_1/bin:/usr/local/Ascend/nnal/atb/latest/atb/cxx_abi_1/bin:/usr/local/Ascend/nnal/atb/latest/atb/cxx_abi_1/bin:/usr/local/Ascend/ascend-toolkit/latest/bin:/usr/local/Ascend/ascend-toolkit/latest/compiler/ccec_compiler/bin:/usr/local/Ascend/ascend-toolkit/latest/tools/ccec_compiler/bin:/usr/local/python3.11.14/bin:/usr/local/sbin:/usr/local/bin:/usr/sbin:/usr/bin:/sbin:/bin:/usr/local/go/bin:/root/bin:/usr/local/go/bin:/usr/local/go/bin:/root/bin
+++ tr : '\n'
+++ grep -v -E '^/usr/local/Ascend/cann[/_-]'
+++ tr '\n' :
+++ sed 's/:$//'
++ export PATH
++ remove_env LD_LIBRARY_PATH '^/usr/local/Ascend/cann[/_-]'
++ local name=LD_LIBRARY_PATH
++ local 'regex=^/usr/local/Ascend/cann[/_-]'
+++ eval echo '${LD_LIBRARY_PATH}'
++++ echo /usr/local/Ascend/nnal/atb/latest/atb/cxx_abi_1/lib:/usr/local/Ascend/nnal/atb/latest/atb/cxx_abi_1/examples:/usr/local/Ascend/nnal/atb/latest/atb/cxx_abi_1/tests/atbopstest:/usr/local/Ascend/cann-8.5.0/lib64:/usr/local/Ascend/cann-8.5.0/lib64/plugin/opskernel:/usr/local/Ascend/cann-8.5.0/lib64/plugin/nnengine:/usr/local/Ascend/cann-8.5.0/opp/built-in/op_impl/ai_core/tbe/op_tiling/lib/linux/aarch64:/usr/local/Ascend/cann-8.5.0/tools/aml/lib64:/usr/local/Ascend/cann-8.5.0/tools/aml/lib64/plugin:/usr/local/Ascend/driver/lib64:/usr/local/Ascend/driver/lib64/common:/usr/local/Ascend/driver/lib64/driver:/usr/local/Ascend/nnal/atb/latest/atb/cxx_abi_1/lib:/usr/local/Ascend/nnal/atb/latest/atb/cxx_abi_1/examples:/usr/local/Ascend/nnal/atb/latest/atb/cxx_abi_1/tests/atbopstest:/usr/local/Ascend/driver/lib64:/usr/local/Ascend/driver/lib64/common:/usr/local/Ascend/driver/lib64/driver:/usr/local/Ascend/nnal/atb/latest/atb/cxx_abi_1/lib:/usr/local/Ascend/nnal/atb/latest/atb/cxx_abi_1/examples:/usr/local/Ascend/nnal/atb/latest/atb/cxx_abi_1/tests/atbopstest:/usr/local/Ascend/driver/lib64:/usr/local/Ascend/driver/lib64/common:/usr/local/Ascend/driver/lib64/driver:/usr/local/Ascend/nnal/atb/latest/atb/cxx_abi_1/lib:/usr/local/Ascend/nnal/atb/latest/atb/cxx_abi_1/examples:/usr/local/Ascend/nnal/atb/latest/atb/cxx_abi_1/tests/atbopstest:/usr/local/Ascend/driver/lib64:/usr/local/Ascend/driver/lib64/common:/usr/local/Ascend/driver/lib64/driver:/usr/local/Ascend/nnal/atb/latest/atb/cxx_abi_1/lib:/usr/local/Ascend/nnal/atb/latest/atb/cxx_abi_1/examples:/usr/local/Ascend/nnal/atb/latest/atb/cxx_abi_1/tests/atbopstest:/usr/local/Ascend/driver/lib64:/usr/local/Ascend/driver/lib64/common:/usr/local/Ascend/driver/lib64/driver:/usr/local/Ascend/nnal/atb/latest/atb/cxx_abi_1/lib:/usr/local/Ascend/nnal/atb/latest/atb/cxx_abi_1/examples:/usr/local/Ascend/nnal/atb/latest/atb/cxx_abi_1/tests/atbopstest:/usr/local/Ascend/ascend-toolkit/latest/tools/aml/lib64:/usr/local/Ascend/ascend-toolkit/latest/tools/aml/lib64/plugin:/usr/local/Ascend/ascend-toolkit/latest/lib64:/usr/local/Ascend/ascend-toolkit/latest/lib64/plugin/opskernel:/usr/local/Ascend/ascend-toolkit/latest/lib64/plugin/nnengine:/usr/local/Ascend/ascend-toolkit/latest/opp/built-in/op_impl/ai_core/tbe/op_tiling:/usr/local/Ascend/driver/lib64:/usr/local/Ascend/driver/lib64/common/:/usr/local/Ascend/driver/lib64/driver/:
++ local env_value=/usr/local/Ascend/nnal/atb/latest/atb/cxx_abi_1/lib:/usr/local/Ascend/nnal/atb/latest/atb/cxx_abi_1/examples:/usr/local/Ascend/nnal/atb/latest/atb/cxx_abi_1/tests/atbopstest:/usr/local/Ascend/cann-8.5.0/lib64:/usr/local/Ascend/cann-8.5.0/lib64/plugin/opskernel:/usr/local/Ascend/cann-8.5.0/lib64/plugin/nnengine:/usr/local/Ascend/cann-8.5.0/opp/built-in/op_impl/ai_core/tbe/op_tiling/lib/linux/aarch64:/usr/local/Ascend/cann-8.5.0/tools/aml/lib64:/usr/local/Ascend/cann-8.5.0/tools/aml/lib64/plugin:/usr/local/Ascend/driver/lib64:/usr/local/Ascend/driver/lib64/common:/usr/local/Ascend/driver/lib64/driver:/usr/local/Ascend/nnal/atb/latest/atb/cxx_abi_1/lib:/usr/local/Ascend/nnal/atb/latest/atb/cxx_abi_1/examples:/usr/local/Ascend/nnal/atb/latest/atb/cxx_abi_1/tests/atbopstest:/usr/local/Ascend/driver/lib64:/usr/local/Ascend/driver/lib64/common:/usr/local/Ascend/driver/lib64/driver:/usr/local/Ascend/nnal/atb/latest/atb/cxx_abi_1/lib:/usr/local/Ascend/nnal/atb/latest/atb/cxx_abi_1/examples:/usr/local/Ascend/nnal/atb/latest/atb/cxx_abi_1/tests/atbopstest:/usr/local/Ascend/driver/lib64:/usr/local/Ascend/driver/lib64/common:/usr/local/Ascend/driver/lib64/driver:/usr/local/Ascend/nnal/atb/latest/atb/cxx_abi_1/lib:/usr/local/Ascend/nnal/atb/latest/atb/cxx_abi_1/examples:/usr/local/Ascend/nnal/atb/latest/atb/cxx_abi_1/tests/atbopstest:/usr/local/Ascend/driver/lib64:/usr/local/Ascend/driver/lib64/common:/usr/local/Ascend/driver/lib64/driver:/usr/local/Ascend/nnal/atb/latest/atb/cxx_abi_1/lib:/usr/local/Ascend/nnal/atb/latest/atb/cxx_abi_1/examples:/usr/local/Ascend/nnal/atb/latest/atb/cxx_abi_1/tests/atbopstest:/usr/local/Ascend/driver/lib64:/usr/local/Ascend/driver/lib64/common:/usr/local/Ascend/driver/lib64/driver:/usr/local/Ascend/nnal/atb/latest/atb/cxx_abi_1/lib:/usr/local/Ascend/nnal/atb/latest/atb/cxx_abi_1/examples:/usr/local/Ascend/nnal/atb/latest/atb/cxx_abi_1/tests/atbopstest:/usr/local/Ascend/ascend-toolkit/latest/tools/aml/lib64:/usr/local/Ascend/ascend-toolkit/latest/tools/aml/lib64/plugin:/usr/local/Ascend/ascend-toolkit/latest/lib64:/usr/local/Ascend/ascend-toolkit/latest/lib64/plugin/opskernel:/usr/local/Ascend/ascend-toolkit/latest/lib64/plugin/nnengine:/usr/local/Ascend/ascend-toolkit/latest/opp/built-in/op_impl/ai_core/tbe/op_tiling:/usr/local/Ascend/driver/lib64:/usr/local/Ascend/driver/lib64/common/:/usr/local/Ascend/driver/lib64/driver/:
++ read -r LD_LIBRARY_PATH
+++ echo /usr/local/Ascend/nnal/atb/latest/atb/cxx_abi_1/lib:/usr/local/Ascend/nnal/atb/latest/atb/cxx_abi_1/examples:/usr/local/Ascend/nnal/atb/latest/atb/cxx_abi_1/tests/atbopstest:/usr/local/Ascend/cann-8.5.0/lib64:/usr/local/Ascend/cann-8.5.0/lib64/plugin/opskernel:/usr/local/Ascend/cann-8.5.0/lib64/plugin/nnengine:/usr/local/Ascend/cann-8.5.0/opp/built-in/op_impl/ai_core/tbe/op_tiling/lib/linux/aarch64:/usr/local/Ascend/cann-8.5.0/tools/aml/lib64:/usr/local/Ascend/cann-8.5.0/tools/aml/lib64/plugin:/usr/local/Ascend/driver/lib64:/usr/local/Ascend/driver/lib64/common:/usr/local/Ascend/driver/lib64/driver:/usr/local/Ascend/nnal/atb/latest/atb/cxx_abi_1/lib:/usr/local/Ascend/nnal/atb/latest/atb/cxx_abi_1/examples:/usr/local/Ascend/nnal/atb/latest/atb/cxx_abi_1/tests/atbopstest:/usr/local/Ascend/driver/lib64:/usr/local/Ascend/driver/lib64/common:/usr/local/Ascend/driver/lib64/driver:/usr/local/Ascend/nnal/atb/latest/atb/cxx_abi_1/lib:/usr/local/Ascend/nnal/atb/latest/atb/cxx_abi_1/examples:/usr/local/Ascend/nnal/atb/latest/atb/cxx_abi_1/tests/atbopstest:/usr/local/Ascend/driver/lib64:/usr/local/Ascend/driver/lib64/common:/usr/local/Ascend/driver/lib64/driver:/usr/local/Ascend/nnal/atb/latest/atb/cxx_abi_1/lib:/usr/local/Ascend/nnal/atb/latest/atb/cxx_abi_1/examples:/usr/local/Ascend/nnal/atb/latest/atb/cxx_abi_1/tests/atbopstest:/usr/local/Ascend/driver/lib64:/usr/local/Ascend/driver/lib64/common:/usr/local/Ascend/driver/lib64/driver:/usr/local/Ascend/nnal/atb/latest/atb/cxx_abi_1/lib:/usr/local/Ascend/nnal/atb/latest/atb/cxx_abi_1/examples:/usr/local/Ascend/nnal/atb/latest/atb/cxx_abi_1/tests/atbopstest:/usr/local/Ascend/driver/lib64:/usr/local/Ascend/driver/lib64/common:/usr/local/Ascend/driver/lib64/driver:/usr/local/Ascend/nnal/atb/latest/atb/cxx_abi_1/lib:/usr/local/Ascend/nnal/atb/latest/atb/cxx_abi_1/examples:/usr/local/Ascend/nnal/atb/latest/atb/cxx_abi_1/tests/atbopstest:/usr/local/Ascend/ascend-toolkit/latest/tools/aml/lib64:/usr/local/Ascend/ascend-toolkit/latest/tools/aml/lib64/plugin:/usr/local/Ascend/ascend-toolkit/latest/lib64:/usr/local/Ascend/ascend-toolkit/latest/lib64/plugin/opskernel:/usr/local/Ascend/ascend-toolkit/latest/lib64/plugin/nnengine:/usr/local/Ascend/ascend-toolkit/latest/opp/built-in/op_impl/ai_core/tbe/op_tiling:/usr/local/Ascend/driver/lib64:/usr/local/Ascend/driver/lib64/common/:/usr/local/Ascend/driver/lib64/driver/:
+++ tr : '\n'
+++ grep -v -E '^/usr/local/Ascend/cann[/_-]'
+++ tr '\n' :
+++ sed 's/:$//'
++ export LD_LIBRARY_PATH
++ remove_env PYTHONPATH '^/usr/local/Ascend/cann[/_-]'
++ local name=PYTHONPATH
++ local 'regex=^/usr/local/Ascend/cann[/_-]'
+++ eval echo '${PYTHONPATH}'
++++ echo /workspace/cann-recipes-train/llm_rl/qwen3_shrink_aware:/usr/local/Ascend/cann-8.5.0/python/site-packages:/usr/local/Ascend/cann-8.5.0/opp/built-in/op_impl/ai_core/tbe:/usr/local/Ascend/ascend-toolkit/latest/python/site-packages:/usr/local/Ascend/ascend-toolkit/latest/opp/built-in/op_impl/ai_core/tbe:
++ local env_value=/workspace/cann-recipes-train/llm_rl/qwen3_shrink_aware:/usr/local/Ascend/cann-8.5.0/python/site-packages:/usr/local/Ascend/cann-8.5.0/opp/built-in/op_impl/ai_core/tbe:/usr/local/Ascend/ascend-toolkit/latest/python/site-packages:/usr/local/Ascend/ascend-toolkit/latest/opp/built-in/op_impl/ai_core/tbe:
++ read -r PYTHONPATH
+++ echo /workspace/cann-recipes-train/llm_rl/qwen3_shrink_aware:/usr/local/Ascend/cann-8.5.0/python/site-packages:/usr/local/Ascend/cann-8.5.0/opp/built-in/op_impl/ai_core/tbe:/usr/local/Ascend/ascend-toolkit/latest/python/site-packages:/usr/local/Ascend/ascend-toolkit/latest/opp/built-in/op_impl/ai_core/tbe:
+++ tr : '\n'
+++ grep -v -E '^/usr/local/Ascend/cann[/_-]'
+++ tr '\n' :
+++ sed 's/:$//'
++ export PYTHONPATH
++ ld_library_path=/usr/local/Ascend/nnal/atb/latest/atb/cxx_abi_1/lib:/usr/local/Ascend/nnal/atb/latest/atb/cxx_abi_1/examples:/usr/local/Ascend/nnal/atb/latest/atb/cxx_abi_1/tests/atbopstest:/usr/local/Ascend/driver/lib64:/usr/local/Ascend/driver/lib64/common:/usr/local/Ascend/driver/lib64/driver:/usr/local/Ascend/nnal/atb/latest/atb/cxx_abi_1/lib:/usr/local/Ascend/nnal/atb/latest/atb/cxx_abi_1/examples:/usr/local/Ascend/nnal/atb/latest/atb/cxx_abi_1/tests/atbopstest:/usr/local/Ascend/driver/lib64:/usr/local/Ascend/driver/lib64/common:/usr/local/Ascend/driver/lib64/driver:/usr/local/Ascend/nnal/atb/latest/atb/cxx_abi_1/lib:/usr/local/Ascend/nnal/atb/latest/atb/cxx_abi_1/examples:/usr/local/Ascend/nnal/atb/latest/atb/cxx_abi_1/tests/atbopstest:/usr/local/Ascend/driver/lib64:/usr/local/Ascend/driver/lib64/common:/usr/local/Ascend/driver/lib64/driver:/usr/local/Ascend/nnal/atb/latest/atb/cxx_abi_1/lib:/usr/local/Ascend/nnal/atb/latest/atb/cxx_abi_1/examples:/usr/local/Ascend/nnal/atb/latest/atb/cxx_abi_1/tests/atbopstest:/usr/local/Ascend/driver/lib64:/usr/local/Ascend/driver/lib64/common:/usr/local/Ascend/driver/lib64/driver:/usr/local/Ascend/nnal/atb/latest/atb/cxx_abi_1/lib:/usr/local/Ascend/nnal/atb/latest/atb/cxx_abi_1/examples:/usr/local/Ascend/nnal/atb/latest/atb/cxx_abi_1/tests/atbopstest:/usr/local/Ascend/driver/lib64:/usr/local/Ascend/driver/lib64/common:/usr/local/Ascend/driver/lib64/driver:/usr/local/Ascend/nnal/atb/latest/atb/cxx_abi_1/lib:/usr/local/Ascend/nnal/atb/latest/atb/cxx_abi_1/examples:/usr/local/Ascend/nnal/atb/latest/atb/cxx_abi_1/tests/atbopstest:/usr/local/Ascend/ascend-toolkit/latest/tools/aml/lib64:/usr/local/Ascend/ascend-toolkit/latest/tools/aml/lib64/plugin:/usr/local/Ascend/ascend-toolkit/latest/lib64:/usr/local/Ascend/ascend-toolkit/latest/lib64/plugin/opskernel:/usr/local/Ascend/ascend-toolkit/latest/lib64/plugin/nnengine:/usr/local/Ascend/ascend-toolkit/latest/opp/built-in/op_impl/ai_core/tbe/op_tiling:/usr/local/Ascend/driver/lib64:/usr/local/Ascend/driver/lib64/common/:/usr/local/Ascend/driver/lib64/driver/:
++ '[' '!' -z /usr/local/Ascend/nnal/atb/latest/atb/cxx_abi_1/lib:/usr/local/Ascend/nnal/atb/latest/atb/cxx_abi_1/examples:/usr/local/Ascend/nnal/atb/latest/atb/cxx_abi_1/tests/atbopstest:/usr/local/Ascend/driver/lib64:/usr/local/Ascend/driver/lib64/common:/usr/local/Ascend/driver/lib64/driver:/usr/local/Ascend/nnal/atb/latest/atb/cxx_abi_1/lib:/usr/local/Ascend/nnal/atb/latest/atb/cxx_abi_1/examples:/usr/local/Ascend/nnal/atb/latest/atb/cxx_abi_1/tests/atbopstest:/usr/local/Ascend/driver/lib64:/usr/local/Ascend/driver/lib64/common:/usr/local/Ascend/driver/lib64/driver:/usr/local/Ascend/nnal/atb/latest/atb/cxx_abi_1/lib:/usr/local/Ascend/nnal/atb/latest/atb/cxx_abi_1/examples:/usr/local/Ascend/nnal/atb/latest/atb/cxx_abi_1/tests/atbopstest:/usr/local/Ascend/driver/lib64:/usr/local/Ascend/driver/lib64/common:/usr/local/Ascend/driver/lib64/driver:/usr/local/Ascend/nnal/atb/latest/atb/cxx_abi_1/lib:/usr/local/Ascend/nnal/atb/latest/atb/cxx_abi_1/examples:/usr/local/Ascend/nnal/atb/latest/atb/cxx_abi_1/tests/atbopstest:/usr/local/Ascend/driver/lib64:/usr/local/Ascend/driver/lib64/common:/usr/local/Ascend/driver/lib64/driver:/usr/local/Ascend/nnal/atb/latest/atb/cxx_abi_1/lib:/usr/local/Ascend/nnal/atb/latest/atb/cxx_abi_1/examples:/usr/local/Ascend/nnal/atb/latest/atb/cxx_abi_1/tests/atbopstest:/usr/local/Ascend/driver/lib64:/usr/local/Ascend/driver/lib64/common:/usr/local/Ascend/driver/lib64/driver:/usr/local/Ascend/nnal/atb/latest/atb/cxx_abi_1/lib:/usr/local/Ascend/nnal/atb/latest/atb/cxx_abi_1/examples:/usr/local/Ascend/nnal/atb/latest/atb/cxx_abi_1/tests/atbopstest:/usr/local/Ascend/ascend-toolkit/latest/tools/aml/lib64:/usr/local/Ascend/ascend-toolkit/latest/tools/aml/lib64/plugin:/usr/local/Ascend/ascend-toolkit/latest/lib64:/usr/local/Ascend/ascend-toolkit/latest/lib64/plugin/opskernel:/usr/local/Ascend/ascend-toolkit/latest/lib64/plugin/nnengine:/usr/local/Ascend/ascend-toolkit/latest/opp/built-in/op_impl/ai_core/tbe/op_tiling:/usr/local/Ascend/driver/lib64:/usr/local/Ascend/driver/lib64/common/:/usr/local/Ascend/driver/lib64/driver/: ']'
+++ echo /usr/local/Ascend/nnal/atb/latest/atb/cxx_abi_1/lib:/usr/local/Ascend/nnal/atb/latest/atb/cxx_abi_1/examples:/usr/local/Ascend/nnal/atb/latest/atb/cxx_abi_1/tests/atbopstest:/usr/local/Ascend/driver/lib64:/usr/local/Ascend/driver/lib64/common:/usr/local/Ascend/driver/lib64/driver:/usr/local/Ascend/nnal/atb/latest/atb/cxx_abi_1/lib:/usr/local/Ascend/nnal/atb/latest/atb/cxx_abi_1/examples:/usr/local/Ascend/nnal/atb/latest/atb/cxx_abi_1/tests/atbopstest:/usr/local/Ascend/driver/lib64:/usr/local/Ascend/driver/lib64/common:/usr/local/Ascend/driver/lib64/driver:/usr/local/Ascend/nnal/atb/latest/atb/cxx_abi_1/lib:/usr/local/Ascend/nnal/atb/latest/atb/cxx_abi_1/examples:/usr/local/Ascend/nnal/atb/latest/atb/cxx_abi_1/tests/atbopstest:/usr/local/Ascend/driver/lib64:/usr/local/Ascend/driver/lib64/common:/usr/local/Ascend/driver/lib64/driver:/usr/local/Ascend/nnal/atb/latest/atb/cxx_abi_1/lib:/usr/local/Ascend/nnal/atb/latest/atb/cxx_abi_1/examples:/usr/local/Ascend/nnal/atb/latest/atb/cxx_abi_1/tests/atbopstest:/usr/local/Ascend/driver/lib64:/usr/local/Ascend/driver/lib64/common:/usr/local/Ascend/driver/lib64/driver:/usr/local/Ascend/nnal/atb/latest/atb/cxx_abi_1/lib:/usr/local/Ascend/nnal/atb/latest/atb/cxx_abi_1/examples:/usr/local/Ascend/nnal/atb/latest/atb/cxx_abi_1/tests/atbopstest:/usr/local/Ascend/driver/lib64:/usr/local/Ascend/driver/lib64/common:/usr/local/Ascend/driver/lib64/driver:/usr/local/Ascend/nnal/atb/latest/atb/cxx_abi_1/lib:/usr/local/Ascend/nnal/atb/latest/atb/cxx_abi_1/examples:/usr/local/Ascend/nnal/atb/latest/atb/cxx_abi_1/tests/atbopstest:/usr/local/Ascend/ascend-toolkit/latest/tools/aml/lib64:/usr/local/Ascend/ascend-toolkit/latest/tools/aml/lib64/plugin:/usr/local/Ascend/ascend-toolkit/latest/lib64:/usr/local/Ascend/ascend-toolkit/latest/lib64/plugin/opskernel:/usr/local/Ascend/ascend-toolkit/latest/lib64/plugin/nnengine:/usr/local/Ascend/ascend-toolkit/latest/opp/built-in/op_impl/ai_core/tbe/op_tiling:/usr/local/Ascend/driver/lib64:/usr/local/Ascend/driver/lib64/common/:/usr/local/Ascend/driver/lib64/driver/:
+++ tr : ' '
++ ld_library_path='/usr/local/Ascend/nnal/atb/latest/atb/cxx_abi_1/lib /usr/local/Ascend/nnal/atb/latest/atb/cxx_abi_1/examples /usr/local/Ascend/nnal/atb/latest/atb/cxx_abi_1/tests/atbopstest /usr/local/Ascend/driver/lib64 /usr/local/Ascend/driver/lib64/common /usr/local/Ascend/driver/lib64/driver /usr/local/Ascend/nnal/atb/latest/atb/cxx_abi_1/lib /usr/local/Ascend/nnal/atb/latest/atb/cxx_abi_1/examples /usr/local/Ascend/nnal/atb/latest/atb/cxx_abi_1/tests/atbopstest /usr/local/Ascend/driver/lib64 /usr/local/Ascend/driver/lib64/common /usr/local/Ascend/driver/lib64/driver /usr/local/Ascend/nnal/atb/latest/atb/cxx_abi_1/lib /usr/local/Ascend/nnal/atb/latest/atb/cxx_abi_1/examples /usr/local/Ascend/nnal/atb/latest/atb/cxx_abi_1/tests/atbopstest /usr/local/Ascend/driver/lib64 /usr/local/Ascend/driver/lib64/common /usr/local/Ascend/driver/lib64/driver /usr/local/Ascend/nnal/atb/latest/atb/cxx_abi_1/lib /usr/local/Ascend/nnal/atb/latest/atb/cxx_abi_1/examples /usr/local/Ascend/nnal/atb/latest/atb/cxx_abi_1/tests/atbopstest /usr/local/Ascend/driver/lib64 /usr/local/Ascend/driver/lib64/common /usr/local/Ascend/driver/lib64/driver /usr/local/Ascend/nnal/atb/latest/atb/cxx_abi_1/lib /usr/local/Ascend/nnal/atb/latest/atb/cxx_abi_1/examples /usr/local/Ascend/nnal/atb/latest/atb/cxx_abi_1/tests/atbopstest /usr/local/Ascend/driver/lib64 /usr/local/Ascend/driver/lib64/common /usr/local/Ascend/driver/lib64/driver /usr/local/Ascend/nnal/atb/latest/atb/cxx_abi_1/lib /usr/local/Ascend/nnal/atb/latest/atb/cxx_abi_1/examples /usr/local/Ascend/nnal/atb/latest/atb/cxx_abi_1/tests/atbopstest /usr/local/Ascend/ascend-toolkit/latest/tools/aml/lib64 /usr/local/Ascend/ascend-toolkit/latest/tools/aml/lib64/plugin /usr/local/Ascend/ascend-toolkit/latest/lib64 /usr/local/Ascend/ascend-toolkit/latest/lib64/plugin/opskernel /usr/local/Ascend/ascend-toolkit/latest/lib64/plugin/nnengine /usr/local/Ascend/ascend-toolkit/latest/opp/built-in/op_impl/ai_core/tbe/op_tiling /usr/local/Ascend/driver/lib64 /usr/local/Ascend/driver/lib64/common/ /usr/local/Ascend/driver/lib64/driver/ '
++ for path in ${ld_library_path}
++ echo /usr/local/Ascend/nnal/atb/latest/atb/cxx_abi_1/lib
++ grep -q driver
++ for path in ${ld_library_path}
++ echo /usr/local/Ascend/nnal/atb/latest/atb/cxx_abi_1/examples
++ grep -q driver
++ for path in ${ld_library_path}
++ echo /usr/local/Ascend/nnal/atb/latest/atb/cxx_abi_1/tests/atbopstest
++ grep -q driver
++ for path in ${ld_library_path}
++ echo /usr/local/Ascend/driver/lib64
++ grep -q driver
++ '[' -d /usr/local/Ascend/driver/lib64 ']'
+++ find /usr/local/Ascend/driver/lib64 -name libascend_hal.so
++ dep_hal_path=/usr/local/Ascend/driver/lib64/driver/libascend_hal.so
++ '[' '!' -z /usr/local/Ascend/driver/lib64/driver/libascend_hal.so ']'
++ is_install_driver=y
++ for path in ${ld_library_path}
++ echo /usr/local/Ascend/driver/lib64/common
++ grep -q driver
++ '[' -d /usr/local/Ascend/driver/lib64/common ']'
+++ find /usr/local/Ascend/driver/lib64/common -name libascend_hal.so
++ dep_hal_path=
++ '[' '!' -z '' ']'
++ for path in ${ld_library_path}
++ echo /usr/local/Ascend/driver/lib64/driver
++ grep -q driver
++ '[' -d /usr/local/Ascend/driver/lib64/driver ']'
+++ find /usr/local/Ascend/driver/lib64/driver -name libascend_hal.so
++ dep_hal_path=/usr/local/Ascend/driver/lib64/driver/libascend_hal.so
++ '[' '!' -z /usr/local/Ascend/driver/lib64/driver/libascend_hal.so ']'
++ is_install_driver=y
++ for path in ${ld_library_path}
++ echo /usr/local/Ascend/nnal/atb/latest/atb/cxx_abi_1/lib
++ grep -q driver
++ for path in ${ld_library_path}
++ echo /usr/local/Ascend/nnal/atb/latest/atb/cxx_abi_1/examples
++ grep -q driver
++ for path in ${ld_library_path}
++ echo /usr/local/Ascend/nnal/atb/latest/atb/cxx_abi_1/tests/atbopstest
++ grep -q driver
++ for path in ${ld_library_path}
++ echo /usr/local/Ascend/driver/lib64
++ grep -q driver
++ '[' -d /usr/local/Ascend/driver/lib64 ']'
+++ find /usr/local/Ascend/driver/lib64 -name libascend_hal.so
++ dep_hal_path=/usr/local/Ascend/driver/lib64/driver/libascend_hal.so
++ '[' '!' -z /usr/local/Ascend/driver/lib64/driver/libascend_hal.so ']'
++ is_install_driver=y
++ for path in ${ld_library_path}
++ echo /usr/local/Ascend/driver/lib64/common
++ grep -q driver
++ '[' -d /usr/local/Ascend/driver/lib64/common ']'
+++ find /usr/local/Ascend/driver/lib64/common -name libascend_hal.so
++ dep_hal_path=
++ '[' '!' -z '' ']'
++ for path in ${ld_library_path}
++ echo /usr/local/Ascend/driver/lib64/driver
++ grep -q driver
++ '[' -d /usr/local/Ascend/driver/lib64/driver ']'
+++ find /usr/local/Ascend/driver/lib64/driver -name libascend_hal.so
++ dep_hal_path=/usr/local/Ascend/driver/lib64/driver/libascend_hal.so
++ '[' '!' -z /usr/local/Ascend/driver/lib64/driver/libascend_hal.so ']'
++ is_install_driver=y
++ for path in ${ld_library_path}
++ echo /usr/local/Ascend/nnal/atb/latest/atb/cxx_abi_1/lib
++ grep -q driver
++ for path in ${ld_library_path}
++ echo /usr/local/Ascend/nnal/atb/latest/atb/cxx_abi_1/examples
++ grep -q driver
++ for path in ${ld_library_path}
++ echo /usr/local/Ascend/nnal/atb/latest/atb/cxx_abi_1/tests/atbopstest
++ grep -q driver
++ for path in ${ld_library_path}
++ echo /usr/local/Ascend/driver/lib64
++ grep -q driver
++ '[' -d /usr/local/Ascend/driver/lib64 ']'
+++ find /usr/local/Ascend/driver/lib64 -name libascend_hal.so
++ dep_hal_path=/usr/local/Ascend/driver/lib64/driver/libascend_hal.so
++ '[' '!' -z /usr/local/Ascend/driver/lib64/driver/libascend_hal.so ']'
++ is_install_driver=y
++ for path in ${ld_library_path}
++ echo /usr/local/Ascend/driver/lib64/common
++ grep -q driver
++ '[' -d /usr/local/Ascend/driver/lib64/common ']'
+++ find /usr/local/Ascend/driver/lib64/common -name libascend_hal.so
++ dep_hal_path=
++ '[' '!' -z '' ']'
++ for path in ${ld_library_path}
++ echo /usr/local/Ascend/driver/lib64/driver
++ grep -q driver
++ '[' -d /usr/local/Ascend/driver/lib64/driver ']'
+++ find /usr/local/Ascend/driver/lib64/driver -name libascend_hal.so
++ dep_hal_path=/usr/local/Ascend/driver/lib64/driver/libascend_hal.so
++ '[' '!' -z /usr/local/Ascend/driver/lib64/driver/libascend_hal.so ']'
++ is_install_driver=y
++ for path in ${ld_library_path}
++ echo /usr/local/Ascend/nnal/atb/latest/atb/cxx_abi_1/lib
++ grep -q driver
++ for path in ${ld_library_path}
++ echo /usr/local/Ascend/nnal/atb/latest/atb/cxx_abi_1/examples
++ grep -q driver
++ for path in ${ld_library_path}
++ echo /usr/local/Ascend/nnal/atb/latest/atb/cxx_abi_1/tests/atbopstest
++ grep -q driver
++ for path in ${ld_library_path}
++ echo /usr/local/Ascend/driver/lib64
++ grep -q driver
++ '[' -d /usr/local/Ascend/driver/lib64 ']'
+++ find /usr/local/Ascend/driver/lib64 -name libascend_hal.so
++ dep_hal_path=/usr/local/Ascend/driver/lib64/driver/libascend_hal.so
++ '[' '!' -z /usr/local/Ascend/driver/lib64/driver/libascend_hal.so ']'
++ is_install_driver=y
++ for path in ${ld_library_path}
++ echo /usr/local/Ascend/driver/lib64/common
++ grep -q driver
++ '[' -d /usr/local/Ascend/driver/lib64/common ']'
+++ find /usr/local/Ascend/driver/lib64/common -name libascend_hal.so
++ dep_hal_path=
++ '[' '!' -z '' ']'
++ for path in ${ld_library_path}
++ echo /usr/local/Ascend/driver/lib64/driver
++ grep -q driver
++ '[' -d /usr/local/Ascend/driver/lib64/driver ']'
+++ find /usr/local/Ascend/driver/lib64/driver -name libascend_hal.so
++ dep_hal_path=/usr/local/Ascend/driver/lib64/driver/libascend_hal.so
++ '[' '!' -z /usr/local/Ascend/driver/lib64/driver/libascend_hal.so ']'
++ is_install_driver=y
++ for path in ${ld_library_path}
++ echo /usr/local/Ascend/nnal/atb/latest/atb/cxx_abi_1/lib
++ grep -q driver
++ for path in ${ld_library_path}
++ echo /usr/local/Ascend/nnal/atb/latest/atb/cxx_abi_1/examples
++ grep -q driver
++ for path in ${ld_library_path}
++ echo /usr/local/Ascend/nnal/atb/latest/atb/cxx_abi_1/tests/atbopstest
++ grep -q driver
++ for path in ${ld_library_path}
++ echo /usr/local/Ascend/driver/lib64
++ grep -q driver
++ '[' -d /usr/local/Ascend/driver/lib64 ']'
+++ find /usr/local/Ascend/driver/lib64 -name libascend_hal.so
++ dep_hal_path=/usr/local/Ascend/driver/lib64/driver/libascend_hal.so
++ '[' '!' -z /usr/local/Ascend/driver/lib64/driver/libascend_hal.so ']'
++ is_install_driver=y
++ for path in ${ld_library_path}
++ echo /usr/local/Ascend/driver/lib64/common
++ grep -q driver
++ '[' -d /usr/local/Ascend/driver/lib64/common ']'
+++ find /usr/local/Ascend/driver/lib64/common -name libascend_hal.so
++ dep_hal_path=
++ '[' '!' -z '' ']'
++ for path in ${ld_library_path}
++ echo /usr/local/Ascend/driver/lib64/driver
++ grep -q driver
++ '[' -d /usr/local/Ascend/driver/lib64/driver ']'
+++ find /usr/local/Ascend/driver/lib64/driver -name libascend_hal.so
++ dep_hal_path=/usr/local/Ascend/driver/lib64/driver/libascend_hal.so
++ '[' '!' -z /usr/local/Ascend/driver/lib64/driver/libascend_hal.so ']'
++ is_install_driver=y
++ for path in ${ld_library_path}
++ echo /usr/local/Ascend/nnal/atb/latest/atb/cxx_abi_1/lib
++ grep -q driver
++ for path in ${ld_library_path}
++ echo /usr/local/Ascend/nnal/atb/latest/atb/cxx_abi_1/examples
++ grep -q driver
++ for path in ${ld_library_path}
++ echo /usr/local/Ascend/nnal/atb/latest/atb/cxx_abi_1/tests/atbopstest
++ grep -q driver
++ for path in ${ld_library_path}
++ echo /usr/local/Ascend/ascend-toolkit/latest/tools/aml/lib64
++ grep -q driver
++ for path in ${ld_library_path}
++ echo /usr/local/Ascend/ascend-toolkit/latest/tools/aml/lib64/plugin
++ grep -q driver
++ for path in ${ld_library_path}
++ echo /usr/local/Ascend/ascend-toolkit/latest/lib64
++ grep -q driver
++ for path in ${ld_library_path}
++ echo /usr/local/Ascend/ascend-toolkit/latest/lib64/plugin/opskernel
++ grep -q driver
++ for path in ${ld_library_path}
++ echo /usr/local/Ascend/ascend-toolkit/latest/lib64/plugin/nnengine
++ grep -q driver
++ for path in ${ld_library_path}
++ echo /usr/local/Ascend/ascend-toolkit/latest/opp/built-in/op_impl/ai_core/tbe/op_tiling
++ grep -q driver
++ for path in ${ld_library_path}
++ echo /usr/local/Ascend/driver/lib64
++ grep -q driver
++ '[' -d /usr/local/Ascend/driver/lib64 ']'
+++ find /usr/local/Ascend/driver/lib64 -name libascend_hal.so
++ dep_hal_path=/usr/local/Ascend/driver/lib64/driver/libascend_hal.so
++ '[' '!' -z /usr/local/Ascend/driver/lib64/driver/libascend_hal.so ']'
++ is_install_driver=y
++ for path in ${ld_library_path}
++ echo /usr/local/Ascend/driver/lib64/common/
++ grep -q driver
++ '[' -d /usr/local/Ascend/driver/lib64/common/ ']'
+++ find /usr/local/Ascend/driver/lib64/common/ -name libascend_hal.so
++ dep_hal_path=
++ '[' '!' -z '' ']'
++ for path in ${ld_library_path}
++ echo /usr/local/Ascend/driver/lib64/driver/
++ grep -q driver
++ '[' -d /usr/local/Ascend/driver/lib64/driver/ ']'
+++ find /usr/local/Ascend/driver/lib64/driver/ -name libascend_hal.so
++ dep_hal_path=/usr/local/Ascend/driver/lib64/driver/libascend_hal.so
++ '[' '!' -z /usr/local/Ascend/driver/lib64/driver/libascend_hal.so ']'
++ is_install_driver=y
++ '[' -f /etc/ascend_install.info ']'
++ case ":$PATH:" in
++ command -v ldconfig
++ ldconfig -p
++ grep -q -- libascend_hal.so
++ command -v arch
+++ arch
++ architecture=aarch64
++ prepend_env PATH /usr/local/Ascend/cann-8.5.0/bin:/usr/local/Ascend/cann-8.5.0/tools/ccec_compiler/bin:/usr/local/Ascend/cann-8.5.0/tools/profiler/bin:/usr/local/Ascend/cann-8.5.0/tools/ascend_system_advisor/asys:/usr/local/Ascend/cann-8.5.0/tools/show_kernel_debug_data:/usr/local/Ascend/cann-8.5.0/tools/msobjdump
++ local name=PATH
++ local value=/usr/local/Ascend/cann-8.5.0/bin:/usr/local/Ascend/cann-8.5.0/tools/ccec_compiler/bin:/usr/local/Ascend/cann-8.5.0/tools/profiler/bin:/usr/local/Ascend/cann-8.5.0/tools/ascend_system_advisor/asys:/usr/local/Ascend/cann-8.5.0/tools/show_kernel_debug_data:/usr/local/Ascend/cann-8.5.0/tools/msobjdump
+++ eval echo '${PATH}'
++++ echo /usr/local/Ascend/nnal/atb/latest/atb/cxx_abi_1/bin:/usr/local/Ascend/nnal/atb/latest/atb/cxx_abi_1/bin:/usr/local/Ascend/nnal/atb/latest/atb/cxx_abi_1/bin:/root/.vscode-server/data/User/globalStorage/github.copilot-chat/debugCommand:/root/.vscode-server/data/User/globalStorage/github.copilot-chat/copilotCli:/root/.vscode-server/bin/8761a5560cfd65fdd19ce7e2bd18dab5c0a4d84e/bin/remote-cli:/usr/local/Ascend/nnal/atb/latest/atb/cxx_abi_1/bin:/usr/local/Ascend/nnal/atb/latest/atb/cxx_abi_1/bin:/usr/local/Ascend/nnal/atb/latest/atb/cxx_abi_1/bin:/usr/local/Ascend/ascend-toolkit/latest/bin:/usr/local/Ascend/ascend-toolkit/latest/compiler/ccec_compiler/bin:/usr/local/Ascend/ascend-toolkit/latest/tools/ccec_compiler/bin:/usr/local/python3.11.14/bin:/usr/local/sbin:/usr/local/bin:/usr/sbin:/usr/bin:/sbin:/bin:/usr/local/go/bin:/root/bin:/usr/local/go/bin:/usr/local/go/bin:/root/bin
++ local env_value=/usr/local/Ascend/nnal/atb/latest/atb/cxx_abi_1/bin:/usr/local/Ascend/nnal/atb/latest/atb/cxx_abi_1/bin:/usr/local/Ascend/nnal/atb/latest/atb/cxx_abi_1/bin:/root/.vscode-server/data/User/globalStorage/github.copilot-chat/debugCommand:/root/.vscode-server/data/User/globalStorage/github.copilot-chat/copilotCli:/root/.vscode-server/bin/8761a5560cfd65fdd19ce7e2bd18dab5c0a4d84e/bin/remote-cli:/usr/local/Ascend/nnal/atb/latest/atb/cxx_abi_1/bin:/usr/local/Ascend/nnal/atb/latest/atb/cxx_abi_1/bin:/usr/local/Ascend/nnal/atb/latest/atb/cxx_abi_1/bin:/usr/local/Ascend/ascend-toolkit/latest/bin:/usr/local/Ascend/ascend-toolkit/latest/compiler/ccec_compiler/bin:/usr/local/Ascend/ascend-toolkit/latest/tools/ccec_compiler/bin:/usr/local/python3.11.14/bin:/usr/local/sbin:/usr/local/bin:/usr/sbin:/usr/bin:/sbin:/bin:/usr/local/go/bin:/root/bin:/usr/local/go/bin:/usr/local/go/bin:/root/bin
++ '[' /usr/local/Ascend/nnal/atb/latest/atb/cxx_abi_1/bin:/usr/local/Ascend/nnal/atb/latest/atb/cxx_abi_1/bin:/usr/local/Ascend/nnal/atb/latest/atb/cxx_abi_1/bin:/root/.vscode-server/data/User/globalStorage/github.copilot-chat/debugCommand:/root/.vscode-server/data/User/globalStorage/github.copilot-chat/copilotCli:/root/.vscode-server/bin/8761a5560cfd65fdd19ce7e2bd18dab5c0a4d84e/bin/remote-cli:/usr/local/Ascend/nnal/atb/latest/atb/cxx_abi_1/bin:/usr/local/Ascend/nnal/atb/latest/atb/cxx_abi_1/bin:/usr/local/Ascend/nnal/atb/latest/atb/cxx_abi_1/bin:/usr/local/Ascend/ascend-toolkit/latest/bin:/usr/local/Ascend/ascend-toolkit/latest/compiler/ccec_compiler/bin:/usr/local/Ascend/ascend-toolkit/latest/tools/ccec_compiler/bin:/usr/local/python3.11.14/bin:/usr/local/sbin:/usr/local/bin:/usr/sbin:/usr/bin:/sbin:/bin:/usr/local/go/bin:/root/bin:/usr/local/go/bin:/usr/local/go/bin:/root/bin = '' ']'
++ read -r PATH
++ export PATH
++ prepend_env LD_LIBRARY_PATH /usr/local/Ascend/cann-8.5.0/lib64:/usr/local/Ascend/cann-8.5.0/lib64/plugin/opskernel:/usr/local/Ascend/cann-8.5.0/lib64/plugin/nnengine:/usr/local/Ascend/cann-8.5.0/opp/built-in/op_impl/ai_core/tbe/op_tiling/lib/linux/aarch64:/usr/local/Ascend/cann-8.5.0/tools/aml/lib64:/usr/local/Ascend/cann-8.5.0/tools/aml/lib64/plugin:/usr/local/Ascend/driver/lib64:/usr/local/Ascend/driver/lib64/common:/usr/local/Ascend/driver/lib64/driver
++ local name=LD_LIBRARY_PATH
++ local value=/usr/local/Ascend/cann-8.5.0/lib64:/usr/local/Ascend/cann-8.5.0/lib64/plugin/opskernel:/usr/local/Ascend/cann-8.5.0/lib64/plugin/nnengine:/usr/local/Ascend/cann-8.5.0/opp/built-in/op_impl/ai_core/tbe/op_tiling/lib/linux/aarch64:/usr/local/Ascend/cann-8.5.0/tools/aml/lib64:/usr/local/Ascend/cann-8.5.0/tools/aml/lib64/plugin:/usr/local/Ascend/driver/lib64:/usr/local/Ascend/driver/lib64/common:/usr/local/Ascend/driver/lib64/driver
+++ eval echo '${LD_LIBRARY_PATH}'
++++ echo /usr/local/Ascend/nnal/atb/latest/atb/cxx_abi_1/lib:/usr/local/Ascend/nnal/atb/latest/atb/cxx_abi_1/examples:/usr/local/Ascend/nnal/atb/latest/atb/cxx_abi_1/tests/atbopstest:/usr/local/Ascend/driver/lib64:/usr/local/Ascend/driver/lib64/common:/usr/local/Ascend/driver/lib64/driver:/usr/local/Ascend/nnal/atb/latest/atb/cxx_abi_1/lib:/usr/local/Ascend/nnal/atb/latest/atb/cxx_abi_1/examples:/usr/local/Ascend/nnal/atb/latest/atb/cxx_abi_1/tests/atbopstest:/usr/local/Ascend/driver/lib64:/usr/local/Ascend/driver/lib64/common:/usr/local/Ascend/driver/lib64/driver:/usr/local/Ascend/nnal/atb/latest/atb/cxx_abi_1/lib:/usr/local/Ascend/nnal/atb/latest/atb/cxx_abi_1/examples:/usr/local/Ascend/nnal/atb/latest/atb/cxx_abi_1/tests/atbopstest:/usr/local/Ascend/driver/lib64:/usr/local/Ascend/driver/lib64/common:/usr/local/Ascend/driver/lib64/driver:/usr/local/Ascend/nnal/atb/latest/atb/cxx_abi_1/lib:/usr/local/Ascend/nnal/atb/latest/atb/cxx_abi_1/examples:/usr/local/Ascend/nnal/atb/latest/atb/cxx_abi_1/tests/atbopstest:/usr/local/Ascend/driver/lib64:/usr/local/Ascend/driver/lib64/common:/usr/local/Ascend/driver/lib64/driver:/usr/local/Ascend/nnal/atb/latest/atb/cxx_abi_1/lib:/usr/local/Ascend/nnal/atb/latest/atb/cxx_abi_1/examples:/usr/local/Ascend/nnal/atb/latest/atb/cxx_abi_1/tests/atbopstest:/usr/local/Ascend/driver/lib64:/usr/local/Ascend/driver/lib64/common:/usr/local/Ascend/driver/lib64/driver:/usr/local/Ascend/nnal/atb/latest/atb/cxx_abi_1/lib:/usr/local/Ascend/nnal/atb/latest/atb/cxx_abi_1/examples:/usr/local/Ascend/nnal/atb/latest/atb/cxx_abi_1/tests/atbopstest:/usr/local/Ascend/ascend-toolkit/latest/tools/aml/lib64:/usr/local/Ascend/ascend-toolkit/latest/tools/aml/lib64/plugin:/usr/local/Ascend/ascend-toolkit/latest/lib64:/usr/local/Ascend/ascend-toolkit/latest/lib64/plugin/opskernel:/usr/local/Ascend/ascend-toolkit/latest/lib64/plugin/nnengine:/usr/local/Ascend/ascend-toolkit/latest/opp/built-in/op_impl/ai_core/tbe/op_tiling:/usr/local/Ascend/driver/lib64:/usr/local/Ascend/driver/lib64/common/:/usr/local/Ascend/driver/lib64/driver/:
++ local env_value=/usr/local/Ascend/nnal/atb/latest/atb/cxx_abi_1/lib:/usr/local/Ascend/nnal/atb/latest/atb/cxx_abi_1/examples:/usr/local/Ascend/nnal/atb/latest/atb/cxx_abi_1/tests/atbopstest:/usr/local/Ascend/driver/lib64:/usr/local/Ascend/driver/lib64/common:/usr/local/Ascend/driver/lib64/driver:/usr/local/Ascend/nnal/atb/latest/atb/cxx_abi_1/lib:/usr/local/Ascend/nnal/atb/latest/atb/cxx_abi_1/examples:/usr/local/Ascend/nnal/atb/latest/atb/cxx_abi_1/tests/atbopstest:/usr/local/Ascend/driver/lib64:/usr/local/Ascend/driver/lib64/common:/usr/local/Ascend/driver/lib64/driver:/usr/local/Ascend/nnal/atb/latest/atb/cxx_abi_1/lib:/usr/local/Ascend/nnal/atb/latest/atb/cxx_abi_1/examples:/usr/local/Ascend/nnal/atb/latest/atb/cxx_abi_1/tests/atbopstest:/usr/local/Ascend/driver/lib64:/usr/local/Ascend/driver/lib64/common:/usr/local/Ascend/driver/lib64/driver:/usr/local/Ascend/nnal/atb/latest/atb/cxx_abi_1/lib:/usr/local/Ascend/nnal/atb/latest/atb/cxx_abi_1/examples:/usr/local/Ascend/nnal/atb/latest/atb/cxx_abi_1/tests/atbopstest:/usr/local/Ascend/driver/lib64:/usr/local/Ascend/driver/lib64/common:/usr/local/Ascend/driver/lib64/driver:/usr/local/Ascend/nnal/atb/latest/atb/cxx_abi_1/lib:/usr/local/Ascend/nnal/atb/latest/atb/cxx_abi_1/examples:/usr/local/Ascend/nnal/atb/latest/atb/cxx_abi_1/tests/atbopstest:/usr/local/Ascend/driver/lib64:/usr/local/Ascend/driver/lib64/common:/usr/local/Ascend/driver/lib64/driver:/usr/local/Ascend/nnal/atb/latest/atb/cxx_abi_1/lib:/usr/local/Ascend/nnal/atb/latest/atb/cxx_abi_1/examples:/usr/local/Ascend/nnal/atb/latest/atb/cxx_abi_1/tests/atbopstest:/usr/local/Ascend/ascend-toolkit/latest/tools/aml/lib64:/usr/local/Ascend/ascend-toolkit/latest/tools/aml/lib64/plugin:/usr/local/Ascend/ascend-toolkit/latest/lib64:/usr/local/Ascend/ascend-toolkit/latest/lib64/plugin/opskernel:/usr/local/Ascend/ascend-toolkit/latest/lib64/plugin/nnengine:/usr/local/Ascend/ascend-toolkit/latest/opp/built-in/op_impl/ai_core/tbe/op_tiling:/usr/local/Ascend/driver/lib64:/usr/local/Ascend/driver/lib64/common/:/usr/local/Ascend/driver/lib64/driver/:
++ '[' /usr/local/Ascend/nnal/atb/latest/atb/cxx_abi_1/lib:/usr/local/Ascend/nnal/atb/latest/atb/cxx_abi_1/examples:/usr/local/Ascend/nnal/atb/latest/atb/cxx_abi_1/tests/atbopstest:/usr/local/Ascend/driver/lib64:/usr/local/Ascend/driver/lib64/common:/usr/local/Ascend/driver/lib64/driver:/usr/local/Ascend/nnal/atb/latest/atb/cxx_abi_1/lib:/usr/local/Ascend/nnal/atb/latest/atb/cxx_abi_1/examples:/usr/local/Ascend/nnal/atb/latest/atb/cxx_abi_1/tests/atbopstest:/usr/local/Ascend/driver/lib64:/usr/local/Ascend/driver/lib64/common:/usr/local/Ascend/driver/lib64/driver:/usr/local/Ascend/nnal/atb/latest/atb/cxx_abi_1/lib:/usr/local/Ascend/nnal/atb/latest/atb/cxx_abi_1/examples:/usr/local/Ascend/nnal/atb/latest/atb/cxx_abi_1/tests/atbopstest:/usr/local/Ascend/driver/lib64:/usr/local/Ascend/driver/lib64/common:/usr/local/Ascend/driver/lib64/driver:/usr/local/Ascend/nnal/atb/latest/atb/cxx_abi_1/lib:/usr/local/Ascend/nnal/atb/latest/atb/cxx_abi_1/examples:/usr/local/Ascend/nnal/atb/latest/atb/cxx_abi_1/tests/atbopstest:/usr/local/Ascend/driver/lib64:/usr/local/Ascend/driver/lib64/common:/usr/local/Ascend/driver/lib64/driver:/usr/local/Ascend/nnal/atb/latest/atb/cxx_abi_1/lib:/usr/local/Ascend/nnal/atb/latest/atb/cxx_abi_1/examples:/usr/local/Ascend/nnal/atb/latest/atb/cxx_abi_1/tests/atbopstest:/usr/local/Ascend/driver/lib64:/usr/local/Ascend/driver/lib64/common:/usr/local/Ascend/driver/lib64/driver:/usr/local/Ascend/nnal/atb/latest/atb/cxx_abi_1/lib:/usr/local/Ascend/nnal/atb/latest/atb/cxx_abi_1/examples:/usr/local/Ascend/nnal/atb/latest/atb/cxx_abi_1/tests/atbopstest:/usr/local/Ascend/ascend-toolkit/latest/tools/aml/lib64:/usr/local/Ascend/ascend-toolkit/latest/tools/aml/lib64/plugin:/usr/local/Ascend/ascend-toolkit/latest/lib64:/usr/local/Ascend/ascend-toolkit/latest/lib64/plugin/opskernel:/usr/local/Ascend/ascend-toolkit/latest/lib64/plugin/nnengine:/usr/local/Ascend/ascend-toolkit/latest/opp/built-in/op_impl/ai_core/tbe/op_tiling:/usr/local/Ascend/driver/lib64:/usr/local/Ascend/driver/lib64/common/:/usr/local/Ascend/driver/lib64/driver/: = '' ']'
++ read -r LD_LIBRARY_PATH
++ export LD_LIBRARY_PATH
++ export PYTHONPATH=/usr/local/Ascend/cann-8.5.0/python/site-packages:/usr/local/Ascend/cann-8.5.0/opp/built-in/op_impl/ai_core/tbe:/workspace/cann-recipes-train/llm_rl/qwen3_shrink_aware:/usr/local/Ascend/ascend-toolkit/latest/python/site-packages:/usr/local/Ascend/ascend-toolkit/latest/opp/built-in/op_impl/ai_core/tbe:
++ PYTHONPATH=/usr/local/Ascend/cann-8.5.0/python/site-packages:/usr/local/Ascend/cann-8.5.0/opp/built-in/op_impl/ai_core/tbe:/workspace/cann-recipes-train/llm_rl/qwen3_shrink_aware:/usr/local/Ascend/ascend-toolkit/latest/python/site-packages:/usr/local/Ascend/ascend-toolkit/latest/opp/built-in/op_impl/ai_core/tbe:
++ '[' y = n ']'
++ export ASCEND_OPP_PATH=/usr/local/Ascend/cann-8.5.0/opp
++ ASCEND_OPP_PATH=/usr/local/Ascend/cann-8.5.0/opp
++ export ASCEND_AICPU_PATH=/usr/local/Ascend/cann-8.5.0
++ ASCEND_AICPU_PATH=/usr/local/Ascend/cann-8.5.0
++ export TOOLCHAIN_HOME=/usr/local/Ascend/cann-8.5.0/toolkit
++ TOOLCHAIN_HOME=/usr/local/Ascend/cann-8.5.0/toolkit
++ export ASCEND_HOME_PATH=/usr/local/Ascend/cann-8.5.0
++ ASCEND_HOME_PATH=/usr/local/Ascend/cann-8.5.0
++ export ASCEND_TOOLKIT_HOME=/usr/local/Ascend/cann-8.5.0
++ ASCEND_TOOLKIT_HOME=/usr/local/Ascend/cann-8.5.0
++ prepend_env CMAKE_PREFIX_PATH /usr/local/Ascend/cann-8.5.0/lib64/cmake
++ local name=CMAKE_PREFIX_PATH
++ local value=/usr/local/Ascend/cann-8.5.0/lib64/cmake
+++ eval echo '${CMAKE_PREFIX_PATH}'
++++ echo /usr/local/Ascend/cann-8.5.0/toolkit/tools/tikicpulib/lib/cmake:/usr/local/Ascend/cann-8.5.0/lib64/cmake:/usr/local/Ascend/cann-8.5.0/toolkit/tools/tikicpulib/lib/cmake:/usr/local/Ascend/cann-8.5.0/lib64/cmake:/usr/local/Ascend/cann-8.5.0/toolkit/tools/tikicpulib/lib/cmake:/usr/local/Ascend/cann-8.5.0/lib64/cmake:/usr/local/Ascend/cann-8.5.0/toolkit/tools/tikicpulib/lib/cmake:/usr/local/Ascend/cann-8.5.0/lib64/cmake:/usr/local/Ascend/cann-8.5.0/toolkit/tools/tikicpulib/lib/cmake:/usr/local/Ascend/cann-8.5.0/lib64/cmake
++ local env_value=/usr/local/Ascend/cann-8.5.0/toolkit/tools/tikicpulib/lib/cmake:/usr/local/Ascend/cann-8.5.0/lib64/cmake:/usr/local/Ascend/cann-8.5.0/toolkit/tools/tikicpulib/lib/cmake:/usr/local/Ascend/cann-8.5.0/lib64/cmake:/usr/local/Ascend/cann-8.5.0/toolkit/tools/tikicpulib/lib/cmake:/usr/local/Ascend/cann-8.5.0/lib64/cmake:/usr/local/Ascend/cann-8.5.0/toolkit/tools/tikicpulib/lib/cmake:/usr/local/Ascend/cann-8.5.0/lib64/cmake:/usr/local/Ascend/cann-8.5.0/toolkit/tools/tikicpulib/lib/cmake:/usr/local/Ascend/cann-8.5.0/lib64/cmake
++ '[' /usr/local/Ascend/cann-8.5.0/toolkit/tools/tikicpulib/lib/cmake:/usr/local/Ascend/cann-8.5.0/lib64/cmake:/usr/local/Ascend/cann-8.5.0/toolkit/tools/tikicpulib/lib/cmake:/usr/local/Ascend/cann-8.5.0/lib64/cmake:/usr/local/Ascend/cann-8.5.0/toolkit/tools/tikicpulib/lib/cmake:/usr/local/Ascend/cann-8.5.0/lib64/cmake:/usr/local/Ascend/cann-8.5.0/toolkit/tools/tikicpulib/lib/cmake:/usr/local/Ascend/cann-8.5.0/lib64/cmake:/usr/local/Ascend/cann-8.5.0/toolkit/tools/tikicpulib/lib/cmake:/usr/local/Ascend/cann-8.5.0/lib64/cmake = '' ']'
++ read -r CMAKE_PREFIX_PATH
++ export CMAKE_PREFIX_PATH
++ prepend_env CMAKE_PREFIX_PATH /usr/local/Ascend/cann-8.5.0/toolkit/tools/tikicpulib/lib/cmake
++ local name=CMAKE_PREFIX_PATH
++ local value=/usr/local/Ascend/cann-8.5.0/toolkit/tools/tikicpulib/lib/cmake
+++ eval echo '${CMAKE_PREFIX_PATH}'
++++ echo /usr/local/Ascend/cann-8.5.0/lib64/cmake:/usr/local/Ascend/cann-8.5.0/toolkit/tools/tikicpulib/lib/cmake:/usr/local/Ascend/cann-8.5.0/lib64/cmake:/usr/local/Ascend/cann-8.5.0/toolkit/tools/tikicpulib/lib/cmake:/usr/local/Ascend/cann-8.5.0/lib64/cmake:/usr/local/Ascend/cann-8.5.0/toolkit/tools/tikicpulib/lib/cmake:/usr/local/Ascend/cann-8.5.0/lib64/cmake:/usr/local/Ascend/cann-8.5.0/toolkit/tools/tikicpulib/lib/cmake:/usr/local/Ascend/cann-8.5.0/lib64/cmake:/usr/local/Ascend/cann-8.5.0/toolkit/tools/tikicpulib/lib/cmake:/usr/local/Ascend/cann-8.5.0/lib64/cmake
++ local env_value=/usr/local/Ascend/cann-8.5.0/lib64/cmake:/usr/local/Ascend/cann-8.5.0/toolkit/tools/tikicpulib/lib/cmake:/usr/local/Ascend/cann-8.5.0/lib64/cmake:/usr/local/Ascend/cann-8.5.0/toolkit/tools/tikicpulib/lib/cmake:/usr/local/Ascend/cann-8.5.0/lib64/cmake:/usr/local/Ascend/cann-8.5.0/toolkit/tools/tikicpulib/lib/cmake:/usr/local/Ascend/cann-8.5.0/lib64/cmake:/usr/local/Ascend/cann-8.5.0/toolkit/tools/tikicpulib/lib/cmake:/usr/local/Ascend/cann-8.5.0/lib64/cmake:/usr/local/Ascend/cann-8.5.0/toolkit/tools/tikicpulib/lib/cmake:/usr/local/Ascend/cann-8.5.0/lib64/cmake
++ '[' /usr/local/Ascend/cann-8.5.0/lib64/cmake:/usr/local/Ascend/cann-8.5.0/toolkit/tools/tikicpulib/lib/cmake:/usr/local/Ascend/cann-8.5.0/lib64/cmake:/usr/local/Ascend/cann-8.5.0/toolkit/tools/tikicpulib/lib/cmake:/usr/local/Ascend/cann-8.5.0/lib64/cmake:/usr/local/Ascend/cann-8.5.0/toolkit/tools/tikicpulib/lib/cmake:/usr/local/Ascend/cann-8.5.0/lib64/cmake:/usr/local/Ascend/cann-8.5.0/toolkit/tools/tikicpulib/lib/cmake:/usr/local/Ascend/cann-8.5.0/lib64/cmake:/usr/local/Ascend/cann-8.5.0/toolkit/tools/tikicpulib/lib/cmake:/usr/local/Ascend/cann-8.5.0/lib64/cmake = '' ']'
++ read -r CMAKE_PREFIX_PATH
++ export CMAKE_PREFIX_PATH
+ source /usr/local/Ascend/nnal/asdsip/set_env.sh
++ path=/usr/local/Ascend/nnal/asdsip/set_env.sh
++ [[ -f /usr/local/Ascend/nnal/asdsip/set_env.sh ]]
++ [[ /usr/local/Ascend/nnal/asdsip/set_env.sh =~ set_env\.sh ]]
++++ dirname /usr/local/Ascend/nnal/asdsip/set_env.sh
+++ cd /usr/local/Ascend/nnal/asdsip
+++ pwd
++ asdsip_dir_path=/usr/local/Ascend/nnal/asdsip
++ export ASDSIP_HOME_PATH=/usr/local/Ascend/nnal/asdsip/latest/
++ ASDSIP_HOME_PATH=/usr/local/Ascend/nnal/asdsip/latest/
++ export LD_LIBRARY_PATH=/usr/local/Ascend/nnal/asdsip/latest//lib:/usr/local/Ascend/cann-8.5.0/lib64:/usr/local/Ascend/cann-8.5.0/lib64/plugin/opskernel:/usr/local/Ascend/cann-8.5.0/lib64/plugin/nnengine:/usr/local/Ascend/cann-8.5.0/opp/built-in/op_impl/ai_core/tbe/op_tiling/lib/linux/aarch64:/usr/local/Ascend/cann-8.5.0/tools/aml/lib64:/usr/local/Ascend/cann-8.5.0/tools/aml/lib64/plugin:/usr/local/Ascend/driver/lib64:/usr/local/Ascend/driver/lib64/common:/usr/local/Ascend/driver/lib64/driver:/usr/local/Ascend/nnal/atb/latest/atb/cxx_abi_1/lib:/usr/local/Ascend/nnal/atb/latest/atb/cxx_abi_1/examples:/usr/local/Ascend/nnal/atb/latest/atb/cxx_abi_1/tests/atbopstest:/usr/local/Ascend/driver/lib64:/usr/local/Ascend/driver/lib64/common:/usr/local/Ascend/driver/lib64/driver:/usr/local/Ascend/nnal/atb/latest/atb/cxx_abi_1/lib:/usr/local/Ascend/nnal/atb/latest/atb/cxx_abi_1/examples:/usr/local/Ascend/nnal/atb/latest/atb/cxx_abi_1/tests/atbopstest:/usr/local/Ascend/driver/lib64:/usr/local/Ascend/driver/lib64/common:/usr/local/Ascend/driver/lib64/driver:/usr/local/Ascend/nnal/atb/latest/atb/cxx_abi_1/lib:/usr/local/Ascend/nnal/atb/latest/atb/cxx_abi_1/examples:/usr/local/Ascend/nnal/atb/latest/atb/cxx_abi_1/tests/atbopstest:/usr/local/Ascend/driver/lib64:/usr/local/Ascend/driver/lib64/common:/usr/local/Ascend/driver/lib64/driver:/usr/local/Ascend/nnal/atb/latest/atb/cxx_abi_1/lib:/usr/local/Ascend/nnal/atb/latest/atb/cxx_abi_1/examples:/usr/local/Ascend/nnal/atb/latest/atb/cxx_abi_1/tests/atbopstest:/usr/local/Ascend/driver/lib64:/usr/local/Ascend/driver/lib64/common:/usr/local/Ascend/driver/lib64/driver:/usr/local/Ascend/nnal/atb/latest/atb/cxx_abi_1/lib:/usr/local/Ascend/nnal/atb/latest/atb/cxx_abi_1/examples:/usr/local/Ascend/nnal/atb/latest/atb/cxx_abi_1/tests/atbopstest:/usr/local/Ascend/driver/lib64:/usr/local/Ascend/driver/lib64/common:/usr/local/Ascend/driver/lib64/driver:/usr/local/Ascend/nnal/atb/latest/atb/cxx_abi_1/lib:/usr/local/Ascend/nnal/atb/latest/atb/cxx_abi_1/examples:/usr/local/Ascend/nnal/atb/latest/atb/cxx_abi_1/tests/atbopstest:/usr/local/Ascend/ascend-toolkit/latest/tools/aml/lib64:/usr/local/Ascend/ascend-toolkit/latest/tools/aml/lib64/plugin:/usr/local/Ascend/ascend-toolkit/latest/lib64:/usr/local/Ascend/ascend-toolkit/latest/lib64/plugin/opskernel:/usr/local/Ascend/ascend-toolkit/latest/lib64/plugin/nnengine:/usr/local/Ascend/ascend-toolkit/latest/opp/built-in/op_impl/ai_core/tbe/op_tiling:/usr/local/Ascend/driver/lib64:/usr/local/Ascend/driver/lib64/common/:/usr/local/Ascend/driver/lib64/driver/:
++ LD_LIBRARY_PATH=/usr/local/Ascend/nnal/asdsip/latest//lib:/usr/local/Ascend/cann-8.5.0/lib64:/usr/local/Ascend/cann-8.5.0/lib64/plugin/opskernel:/usr/local/Ascend/cann-8.5.0/lib64/plugin/nnengine:/usr/local/Ascend/cann-8.5.0/opp/built-in/op_impl/ai_core/tbe/op_tiling/lib/linux/aarch64:/usr/local/Ascend/cann-8.5.0/tools/aml/lib64:/usr/local/Ascend/cann-8.5.0/tools/aml/lib64/plugin:/usr/local/Ascend/driver/lib64:/usr/local/Ascend/driver/lib64/common:/usr/local/Ascend/driver/lib64/driver:/usr/local/Ascend/nnal/atb/latest/atb/cxx_abi_1/lib:/usr/local/Ascend/nnal/atb/latest/atb/cxx_abi_1/examples:/usr/local/Ascend/nnal/atb/latest/atb/cxx_abi_1/tests/atbopstest:/usr/local/Ascend/driver/lib64:/usr/local/Ascend/driver/lib64/common:/usr/local/Ascend/driver/lib64/driver:/usr/local/Ascend/nnal/atb/latest/atb/cxx_abi_1/lib:/usr/local/Ascend/nnal/atb/latest/atb/cxx_abi_1/examples:/usr/local/Ascend/nnal/atb/latest/atb/cxx_abi_1/tests/atbopstest:/usr/local/Ascend/driver/lib64:/usr/local/Ascend/driver/lib64/common:/usr/local/Ascend/driver/lib64/driver:/usr/local/Ascend/nnal/atb/latest/atb/cxx_abi_1/lib:/usr/local/Ascend/nnal/atb/latest/atb/cxx_abi_1/examples:/usr/local/Ascend/nnal/atb/latest/atb/cxx_abi_1/tests/atbopstest:/usr/local/Ascend/driver/lib64:/usr/local/Ascend/driver/lib64/common:/usr/local/Ascend/driver/lib64/driver:/usr/local/Ascend/nnal/atb/latest/atb/cxx_abi_1/lib:/usr/local/Ascend/nnal/atb/latest/atb/cxx_abi_1/examples:/usr/local/Ascend/nnal/atb/latest/atb/cxx_abi_1/tests/atbopstest:/usr/local/Ascend/driver/lib64:/usr/local/Ascend/driver/lib64/common:/usr/local/Ascend/driver/lib64/driver:/usr/local/Ascend/nnal/atb/latest/atb/cxx_abi_1/lib:/usr/local/Ascend/nnal/atb/latest/atb/cxx_abi_1/examples:/usr/local/Ascend/nnal/atb/latest/atb/cxx_abi_1/tests/atbopstest:/usr/local/Ascend/driver/lib64:/usr/local/Ascend/driver/lib64/common:/usr/local/Ascend/driver/lib64/driver:/usr/local/Ascend/nnal/atb/latest/atb/cxx_abi_1/lib:/usr/local/Ascend/nnal/atb/latest/atb/cxx_abi_1/examples:/usr/local/Ascend/nnal/atb/latest/atb/cxx_abi_1/tests/atbopstest:/usr/local/Ascend/ascend-toolkit/latest/tools/aml/lib64:/usr/local/Ascend/ascend-toolkit/latest/tools/aml/lib64/plugin:/usr/local/Ascend/ascend-toolkit/latest/lib64:/usr/local/Ascend/ascend-toolkit/latest/lib64/plugin/opskernel:/usr/local/Ascend/ascend-toolkit/latest/lib64/plugin/nnengine:/usr/local/Ascend/ascend-toolkit/latest/opp/built-in/op_impl/ai_core/tbe/op_tiling:/usr/local/Ascend/driver/lib64:/usr/local/Ascend/driver/lib64/common/:/usr/local/Ascend/driver/lib64/driver/:
+ source /usr/local/Ascend/nnal/atb/set_env.sh --cxx_abi=1
++ set_env_path=/usr/local/Ascend/nnal/atb/set_env.sh
++ [[ -n '' ]]
++ [[ -f /usr/local/Ascend/nnal/atb/set_env.sh ]]
++ [[ /usr/local/Ascend/nnal/atb/set_env.sh =~ (^|/)set_env\.sh$ ]]
++++ dirname /usr/local/Ascend/nnal/atb/set_env.sh
+++ cd /usr/local/Ascend/nnal/atb
+++ pwd
++ atb_path=/usr/local/Ascend/nnal/atb
++ get_cxx_abi_option --cxx_abi=1
++ cxx_abi=
++ [[ -z --cxx_abi=1 ]]
++ case "$1" in
++ cxx_abi=1
++ shift
++ [[ -z '' ]]
++ [[ 1 == '' ]]
++ export ATB_HOME_PATH=/usr/local/Ascend/nnal/atb/latest/atb/cxx_abi_1
++ ATB_HOME_PATH=/usr/local/Ascend/nnal/atb/latest/atb/cxx_abi_1
++ export LD_LIBRARY_PATH=/usr/local/Ascend/nnal/atb/latest/atb/cxx_abi_1/lib:/usr/local/Ascend/nnal/atb/latest/atb/cxx_abi_1/examples:/usr/local/Ascend/nnal/atb/latest/atb/cxx_abi_1/tests/atbopstest:/usr/local/Ascend/nnal/asdsip/latest//lib:/usr/local/Ascend/cann-8.5.0/lib64:/usr/local/Ascend/cann-8.5.0/lib64/plugin/opskernel:/usr/local/Ascend/cann-8.5.0/lib64/plugin/nnengine:/usr/local/Ascend/cann-8.5.0/opp/built-in/op_impl/ai_core/tbe/op_tiling/lib/linux/aarch64:/usr/local/Ascend/cann-8.5.0/tools/aml/lib64:/usr/local/Ascend/cann-8.5.0/tools/aml/lib64/plugin:/usr/local/Ascend/driver/lib64:/usr/local/Ascend/driver/lib64/common:/usr/local/Ascend/driver/lib64/driver:/usr/local/Ascend/nnal/atb/latest/atb/cxx_abi_1/lib:/usr/local/Ascend/nnal/atb/latest/atb/cxx_abi_1/examples:/usr/local/Ascend/nnal/atb/latest/atb/cxx_abi_1/tests/atbopstest:/usr/local/Ascend/driver/lib64:/usr/local/Ascend/driver/lib64/common:/usr/local/Ascend/driver/lib64/driver:/usr/local/Ascend/nnal/atb/latest/atb/cxx_abi_1/lib:/usr/local/Ascend/nnal/atb/latest/atb/cxx_abi_1/examples:/usr/local/Ascend/nnal/atb/latest/atb/cxx_abi_1/tests/atbopstest:/usr/local/Ascend/driver/lib64:/usr/local/Ascend/driver/lib64/common:/usr/local/Ascend/driver/lib64/driver:/usr/local/Ascend/nnal/atb/latest/atb/cxx_abi_1/lib:/usr/local/Ascend/nnal/atb/latest/atb/cxx_abi_1/examples:/usr/local/Ascend/nnal/atb/latest/atb/cxx_abi_1/tests/atbopstest:/usr/local/Ascend/driver/lib64:/usr/local/Ascend/driver/lib64/common:/usr/local/Ascend/driver/lib64/driver:/usr/local/Ascend/nnal/atb/latest/atb/cxx_abi_1/lib:/usr/local/Ascend/nnal/atb/latest/atb/cxx_abi_1/examples:/usr/local/Ascend/nnal/atb/latest/atb/cxx_abi_1/tests/atbopstest:/usr/local/Ascend/driver/lib64:/usr/local/Ascend/driver/lib64/common:/usr/local/Ascend/driver/lib64/driver:/usr/local/Ascend/nnal/atb/latest/atb/cxx_abi_1/lib:/usr/local/Ascend/nnal/atb/latest/atb/cxx_abi_1/examples:/usr/local/Ascend/nnal/atb/latest/atb/cxx_abi_1/tests/atbopstest:/usr/local/Ascend/driver/lib64:/usr/local/Ascend/driver/lib64/common:/usr/local/Ascend/driver/lib64/driver:/usr/local/Ascend/nnal/atb/latest/atb/cxx_abi_1/lib:/usr/local/Ascend/nnal/atb/latest/atb/cxx_abi_1/examples:/usr/local/Ascend/nnal/atb/latest/atb/cxx_abi_1/tests/atbopstest:/usr/local/Ascend/ascend-toolkit/latest/tools/aml/lib64:/usr/local/Ascend/ascend-toolkit/latest/tools/aml/lib64/plugin:/usr/local/Ascend/ascend-toolkit/latest/lib64:/usr/local/Ascend/ascend-toolkit/latest/lib64/plugin/opskernel:/usr/local/Ascend/ascend-toolkit/latest/lib64/plugin/nnengine:/usr/local/Ascend/ascend-toolkit/latest/opp/built-in/op_impl/ai_core/tbe/op_tiling:/usr/local/Ascend/driver/lib64:/usr/local/Ascend/driver/lib64/common/:/usr/local/Ascend/driver/lib64/driver/:
++ LD_LIBRARY_PATH=/usr/local/Ascend/nnal/atb/latest/atb/cxx_abi_1/lib:/usr/local/Ascend/nnal/atb/latest/atb/cxx_abi_1/examples:/usr/local/Ascend/nnal/atb/latest/atb/cxx_abi_1/tests/atbopstest:/usr/local/Ascend/nnal/asdsip/latest//lib:/usr/local/Ascend/cann-8.5.0/lib64:/usr/local/Ascend/cann-8.5.0/lib64/plugin/opskernel:/usr/local/Ascend/cann-8.5.0/lib64/plugin/nnengine:/usr/local/Ascend/cann-8.5.0/opp/built-in/op_impl/ai_core/tbe/op_tiling/lib/linux/aarch64:/usr/local/Ascend/cann-8.5.0/tools/aml/lib64:/usr/local/Ascend/cann-8.5.0/tools/aml/lib64/plugin:/usr/local/Ascend/driver/lib64:/usr/local/Ascend/driver/lib64/common:/usr/local/Ascend/driver/lib64/driver:/usr/local/Ascend/nnal/atb/latest/atb/cxx_abi_1/lib:/usr/local/Ascend/nnal/atb/latest/atb/cxx_abi_1/examples:/usr/local/Ascend/nnal/atb/latest/atb/cxx_abi_1/tests/atbopstest:/usr/local/Ascend/driver/lib64:/usr/local/Ascend/driver/lib64/common:/usr/local/Ascend/driver/lib64/driver:/usr/local/Ascend/nnal/atb/latest/atb/cxx_abi_1/lib:/usr/local/Ascend/nnal/atb/latest/atb/cxx_abi_1/examples:/usr/local/Ascend/nnal/atb/latest/atb/cxx_abi_1/tests/atbopstest:/usr/local/Ascend/driver/lib64:/usr/local/Ascend/driver/lib64/common:/usr/local/Ascend/driver/lib64/driver:/usr/local/Ascend/nnal/atb/latest/atb/cxx_abi_1/lib:/usr/local/Ascend/nnal/atb/latest/atb/cxx_abi_1/examples:/usr/local/Ascend/nnal/atb/latest/atb/cxx_abi_1/tests/atbopstest:/usr/local/Ascend/driver/lib64:/usr/local/Ascend/driver/lib64/common:/usr/local/Ascend/driver/lib64/driver:/usr/local/Ascend/nnal/atb/latest/atb/cxx_abi_1/lib:/usr/local/Ascend/nnal/atb/latest/atb/cxx_abi_1/examples:/usr/local/Ascend/nnal/atb/latest/atb/cxx_abi_1/tests/atbopstest:/usr/local/Ascend/driver/lib64:/usr/local/Ascend/driver/lib64/common:/usr/local/Ascend/driver/lib64/driver:/usr/local/Ascend/nnal/atb/latest/atb/cxx_abi_1/lib:/usr/local/Ascend/nnal/atb/latest/atb/cxx_abi_1/examples:/usr/local/Ascend/nnal/atb/latest/atb/cxx_abi_1/tests/atbopstest:/usr/local/Ascend/driver/lib64:/usr/local/Ascend/driver/lib64/common:/usr/local/Ascend/driver/lib64/driver:/usr/local/Ascend/nnal/atb/latest/atb/cxx_abi_1/lib:/usr/local/Ascend/nnal/atb/latest/atb/cxx_abi_1/examples:/usr/local/Ascend/nnal/atb/latest/atb/cxx_abi_1/tests/atbopstest:/usr/local/Ascend/ascend-toolkit/latest/tools/aml/lib64:/usr/local/Ascend/ascend-toolkit/latest/tools/aml/lib64/plugin:/usr/local/Ascend/ascend-toolkit/latest/lib64:/usr/local/Ascend/ascend-toolkit/latest/lib64/plugin/opskernel:/usr/local/Ascend/ascend-toolkit/latest/lib64/plugin/nnengine:/usr/local/Ascend/ascend-toolkit/latest/opp/built-in/op_impl/ai_core/tbe/op_tiling:/usr/local/Ascend/driver/lib64:/usr/local/Ascend/driver/lib64/common/:/usr/local/Ascend/driver/lib64/driver/:
++ export PATH=/usr/local/Ascend/nnal/atb/latest/atb/cxx_abi_1/bin:/usr/local/Ascend/cann-8.5.0/bin:/usr/local/Ascend/cann-8.5.0/tools/ccec_compiler/bin:/usr/local/Ascend/cann-8.5.0/tools/profiler/bin:/usr/local/Ascend/cann-8.5.0/tools/ascend_system_advisor/asys:/usr/local/Ascend/cann-8.5.0/tools/show_kernel_debug_data:/usr/local/Ascend/cann-8.5.0/tools/msobjdump:/usr/local/Ascend/nnal/atb/latest/atb/cxx_abi_1/bin:/usr/local/Ascend/nnal/atb/latest/atb/cxx_abi_1/bin:/usr/local/Ascend/nnal/atb/latest/atb/cxx_abi_1/bin:/root/.vscode-server/data/User/globalStorage/github.copilot-chat/debugCommand:/root/.vscode-server/data/User/globalStorage/github.copilot-chat/copilotCli:/root/.vscode-server/bin/8761a5560cfd65fdd19ce7e2bd18dab5c0a4d84e/bin/remote-cli:/usr/local/Ascend/nnal/atb/latest/atb/cxx_abi_1/bin:/usr/local/Ascend/nnal/atb/latest/atb/cxx_abi_1/bin:/usr/local/Ascend/nnal/atb/latest/atb/cxx_abi_1/bin:/usr/local/Ascend/ascend-toolkit/latest/bin:/usr/local/Ascend/ascend-toolkit/latest/compiler/ccec_compiler/bin:/usr/local/Ascend/ascend-toolkit/latest/tools/ccec_compiler/bin:/usr/local/python3.11.14/bin:/usr/local/sbin:/usr/local/bin:/usr/sbin:/usr/bin:/sbin:/bin:/usr/local/go/bin:/root/bin:/usr/local/go/bin:/usr/local/go/bin:/root/bin
++ PATH=/usr/local/Ascend/nnal/atb/latest/atb/cxx_abi_1/bin:/usr/local/Ascend/cann-8.5.0/bin:/usr/local/Ascend/cann-8.5.0/tools/ccec_compiler/bin:/usr/local/Ascend/cann-8.5.0/tools/profiler/bin:/usr/local/Ascend/cann-8.5.0/tools/ascend_system_advisor/asys:/usr/local/Ascend/cann-8.5.0/tools/show_kernel_debug_data:/usr/local/Ascend/cann-8.5.0/tools/msobjdump:/usr/local/Ascend/nnal/atb/latest/atb/cxx_abi_1/bin:/usr/local/Ascend/nnal/atb/latest/atb/cxx_abi_1/bin:/usr/local/Ascend/nnal/atb/latest/atb/cxx_abi_1/bin:/root/.vscode-server/data/User/globalStorage/github.copilot-chat/debugCommand:/root/.vscode-server/data/User/globalStorage/github.copilot-chat/copilotCli:/root/.vscode-server/bin/8761a5560cfd65fdd19ce7e2bd18dab5c0a4d84e/bin/remote-cli:/usr/local/Ascend/nnal/atb/latest/atb/cxx_abi_1/bin:/usr/local/Ascend/nnal/atb/latest/atb/cxx_abi_1/bin:/usr/local/Ascend/nnal/atb/latest/atb/cxx_abi_1/bin:/usr/local/Ascend/ascend-toolkit/latest/bin:/usr/local/Ascend/ascend-toolkit/latest/compiler/ccec_compiler/bin:/usr/local/Ascend/ascend-toolkit/latest/tools/ccec_compiler/bin:/usr/local/python3.11.14/bin:/usr/local/sbin:/usr/local/bin:/usr/sbin:/usr/bin:/sbin:/bin:/usr/local/go/bin:/root/bin:/usr/local/go/bin:/usr/local/go/bin:/root/bin
++ export ATB_STREAM_SYNC_EVERY_KERNEL_ENABLE=0
++ ATB_STREAM_SYNC_EVERY_KERNEL_ENABLE=0
++ export ATB_STREAM_SYNC_EVERY_RUNNER_ENABLE=0
++ ATB_STREAM_SYNC_EVERY_RUNNER_ENABLE=0
++ export ATB_STREAM_SYNC_EVERY_OPERATION_ENABLE=0
++ ATB_STREAM_SYNC_EVERY_OPERATION_ENABLE=0
++ export ATB_OPSRUNNER_KERNEL_CACHE_LOCAL_COUNT=1
++ ATB_OPSRUNNER_KERNEL_CACHE_LOCAL_COUNT=1
++ export ATB_OPSRUNNER_KERNEL_CACHE_GLOABL_COUNT=5
++ ATB_OPSRUNNER_KERNEL_CACHE_GLOABL_COUNT=5
++ export ATB_WORKSPACE_MEM_ALLOC_ALG_TYPE=1
++ ATB_WORKSPACE_MEM_ALLOC_ALG_TYPE=1
++ export ATB_COMPARE_TILING_EVERY_KERNEL=0
++ ATB_COMPARE_TILING_EVERY_KERNEL=0
++ export ATB_SHARE_MEMORY_NAME_SUFFIX=
++ ATB_SHARE_MEMORY_NAME_SUFFIX=
++ export ATB_MATMUL_SHUFFLE_K_ENABLE=1
++ ATB_MATMUL_SHUFFLE_K_ENABLE=1
++ export LCCL_DETERMINISTIC=0
++ LCCL_DETERMINISTIC=0
++ export LCCL_PARALLEL=0
++ LCCL_PARALLEL=0
+ export HYDRA_FULL_ERROR=1
+ HYDRA_FULL_ERROR=1
+ export RAY_DEDUP_LOGS=0
+ RAY_DEDUP_LOGS=0
+ export ASCEND_GLOBAL_EVENT_ENABLE=0
+ ASCEND_GLOBAL_EVENT_ENABLE=0
+ export ASCEND_SLOG_PRINT_TO_STDOUT=0
+ ASCEND_SLOG_PRINT_TO_STDOUT=0
+ export ASCEND_GLOBAL_LOG_LEVEL=3
+ ASCEND_GLOBAL_LOG_LEVEL=3
+ export HCCL_IF_BASE_PORT=64021
+ HCCL_IF_BASE_PORT=64021
+ export CUDA_DEVICE_MAX_CONNECTIONS=1
+ CUDA_DEVICE_MAX_CONNECTIONS=1
+ export MASTER_PORT=23300
+ MASTER_PORT=23300
+ export D2D_DATA_TRANSFER=1
+ D2D_DATA_TRANSFER=1
+ export VLLM_USE_V1=1
+ VLLM_USE_V1=1
+ export PRINT_MEMORY=1
+ PRINT_MEMORY=1
+ export USE_ALLTOALL_OVERLAP=1
+ USE_ALLTOALL_OVERLAP=1
+ export HCCL_OP_EXPANSION_MODE=AIV
+ HCCL_OP_EXPANSION_MODE=AIV
+ export VLLM_LOGGING_LEVEL=INFO
+ VLLM_LOGGING_LEVEL=INFO
+ export VLLM_ENABLE_MC2=1
+ VLLM_ENABLE_MC2=1
+ export VLLM_DP_SIZE=16
+ VLLM_DP_SIZE=16
+ export HCCL_BUFFSIZE=800
+ HCCL_BUFFSIZE=800
+ export TASK_QUEUE_ENABLE=2
+ TASK_QUEUE_ENABLE=2
+ export VLLM_ENABLE_FIX_ROUTE=0
+ VLLM_ENABLE_FIX_ROUTE=0
+ export VLLM_MODEL_EXECUTE_TIME_OBSERVE=0
+ VLLM_MODEL_EXECUTE_TIME_OBSERVE=0
+ export VLLM_ENABLE_GRAPH_MODE=0
+ VLLM_ENABLE_GRAPH_MODE=0
+ export VLLM_ENABLE_EXPERT_PARALLEL=1
+ VLLM_ENABLE_EXPERT_PARALLEL=1
+ export VLLM_CHUNK_MOE_SIZE=512
+ VLLM_CHUNK_MOE_SIZE=512
+ export ALL_TO_ALL_RESHARD=1
+ ALL_TO_ALL_RESHARD=1
+ export USE_ALLTOALL_OVERLAP=1
+ USE_ALLTOALL_OVERLAP=1
+ export VLLM_ENABLE_EPLB=0
+ VLLM_ENABLE_EPLB=0
+ export USE_HDP=0
+ USE_HDP=0
+ export ROLLOUT_REBALANCE_ENABLE=0
+ ROLLOUT_REBALANCE_ENABLE=0
+ export HCCL_ASYNC_ERROR_HANDLING=0
+ HCCL_ASYNC_ERROR_HANDLING=0
+ export HCCL_EXEC_TIMEOUT=7200
+ HCCL_EXEC_TIMEOUT=7200
+ export HCCL_CONNECT_TIMEOUT=7200
+ HCCL_CONNECT_TIMEOUT=7200
+ export VLLM_ASCEND_LLM_PROFILE_ENABLE=0
+ VLLM_ASCEND_LLM_PROFILE_ENABLE=0
+ OUTPUT_ROOT=/workspace/cann-recipes-train/llm_rl/qwen3_shrink_aware
+ OUTPUT_SUBDIR=mode1_baseline_random_batch_floor4
+ OUTPUT_DIR=/workspace/cann-recipes-train/llm_rl/qwen3_shrink_aware/mode1_baseline_random_batch_floor4
+ ROLL_OUT_DIR=/workspace/cann-recipes-train/llm_rl/qwen3_shrink_aware/mode1_baseline_random_batch_floor4/rollout_data
+ ROLL_LEN_DIR=/workspace/cann-recipes-train/llm_rl/qwen3_shrink_aware/mode1_baseline_random_batch_floor4/rollout_length
+ DRAFT_DUMP_DIR=/workspace/cann-recipes-train/llm_rl/qwen3_shrink_aware/mode1_baseline_random_batch_floor4/draft_hidden
+ CKPT_DIR=/workspace/cann-recipes-train/llm_rl/qwen3_shrink_aware/mode1_baseline_random_batch_floor4/checkpoints/qwen3moe_for_eagle3
+ TB_DIR=/workspace/cann-recipes-train/llm_rl/qwen3_shrink_aware/mode1_baseline_random_batch_floor4/tensorboard
+ LOG_DIR=/workspace/cann-recipes-train/llm_rl/qwen3_shrink_aware/mode1_baseline_random_batch_floor4/logs
+ SAVE_CKPT_ENABLE=0
+ SAVE_DRAFT_HIDDEN_ENABLE=0
+ mkdir -p /workspace/cann-recipes-train/llm_rl/qwen3_shrink_aware/mode1_baseline_random_batch_floor4/rollout_data /workspace/cann-recipes-train/llm_rl/qwen3_shrink_aware/mode1_baseline_random_batch_floor4/rollout_length /workspace/cann-recipes-train/llm_rl/qwen3_shrink_aware/mode1_baseline_random_batch_floor4/tensorboard /workspace/cann-recipes-train/llm_rl/qwen3_shrink_aware/mode1_baseline_random_batch_floor4/logs
+ '[' 0 = 1 ']'
+ '[' 0 = 1 ']'
+ export VLLM_ASCEND_ENABLE_DRAFT_TRAIN=0
+ VLLM_ASCEND_ENABLE_DRAFT_TRAIN=0
+ export VLLM_ASCEND_DRAFT_DUMP_ENABLE=0
+ VLLM_ASCEND_DRAFT_DUMP_ENABLE=0
+ export VLLM_ASCEND_DRAFT_DUMP_DIR=/workspace/cann-recipes-train/llm_rl/qwen3_shrink_aware/mode1_baseline_random_batch_floor4/draft_hidden
+ VLLM_ASCEND_DRAFT_DUMP_DIR=/workspace/cann-recipes-train/llm_rl/qwen3_shrink_aware/mode1_baseline_random_batch_floor4/draft_hidden
+ export VLLM_ASCEND_DRAFT_DUMP_EVERY=1
+ VLLM_ASCEND_DRAFT_DUMP_EVERY=1
+ export VLLM_ASCEND_DRAFT_DUMP_HIDDEN_DTYPE=bf16
+ VLLM_ASCEND_DRAFT_DUMP_HIDDEN_DTYPE=bf16
+ export VLLM_ASCEND_DRAFT_QUEUE_SIZE=4096
+ VLLM_ASCEND_DRAFT_QUEUE_SIZE=4096
+ export TENSORBOARD_DIR=/workspace/cann-recipes-train/llm_rl/qwen3_shrink_aware/mode1_baseline_random_batch_floor4/tensorboard
+ TENSORBOARD_DIR=/workspace/cann-recipes-train/llm_rl/qwen3_shrink_aware/mode1_baseline_random_batch_floor4/tensorboard
+ export VLLM_EPOCH_LENGTH_REGROUP_ENABLE=0
+ VLLM_EPOCH_LENGTH_REGROUP_ENABLE=0
+ export VLLM_EPOCH_LENGTH_REGROUP_BUCKET_SIZE=1024
+ VLLM_EPOCH_LENGTH_REGROUP_BUCKET_SIZE=1024
+ export VLLM_EPOCH_LENGTH_REGROUP_EMA_DECAY=0.7
+ VLLM_EPOCH_LENGTH_REGROUP_EMA_DECAY=0.7
+ export VLLM_EPOCH_LENGTH_REGROUP_SHUFFLE_BLOCKS=1
+ VLLM_EPOCH_LENGTH_REGROUP_SHUFFLE_BLOCKS=1
+ export VLLM_ROLLOUT_EARLY_STOP_ENABLE=0
+ VLLM_ROLLOUT_EARLY_STOP_ENABLE=0
+ export VLLM_ROLLOUT_EARLY_STOP_FACTOR=2.0
+ VLLM_ROLLOUT_EARLY_STOP_FACTOR=2.0
+ export VLLM_ROLLOUT_EARLY_STOP_MIN_TOKENS=10000
+ VLLM_ROLLOUT_EARLY_STOP_MIN_TOKENS=10000
+ export VLLM_EAGER_BASELINE_NO_RESAMPLE=1
+ VLLM_EAGER_BASELINE_NO_RESAMPLE=1
+ '[' 1 = 1 ']'
+ SAMPLER_CLASS_PATH=null
+ SAMPLER_CLASS_NAME=null
+ SAMPLER_EXTRA_ARGS=
+ ROLLOUT_ENFORCE_EAGER=True
+ ACTOR_CKPT_SAVE_CONTENTS='[model]'
+ ACTOR_CKPT_LOAD_CONTENTS='[model]'
+ CRITIC_CKPT_SAVE_CONTENTS='[model]'
+ CRITIC_CKPT_LOAD_CONTENTS='[model]'
+ MAX_ACTOR_CKPT_TO_KEEP=3
+ MAX_CRITIC_CKPT_TO_KEEP=1
+ '[' 0 = 1 ']'
+ TRAINER_SAVE_FREQ=-1
+ TRAINER_DEFAULT_LOCAL_DIR=/workspace/cann-recipes-train/llm_rl/qwen3_shrink_aware/mode1_baseline_random_batch_floor4
++ pwd
+ HOME=/workspace/cann-recipes-train/llm_rl/qwen3_shrink_aware
+ MODEL_PATH=/data/Qwen3-30B-A3B
+ CONFIG_DIR=/workspace/cann-recipes-train/llm_rl/qwen3_shrink_aware/verl/trainer/config
+ DISTCP_PATH=/data/Qwen3-30B-A3B_megatron
+ TRAIN_FILE=/data/deepscaler/train.parquet
+ TEST_FILE=/data/deepscaler/test.parquet
++ date +%Y%m%d%H%M%S
+ time=20260617173953
+ logfile=/workspace/cann-recipes-train/llm_rl/qwen3_shrink_aware/mode1_baseline_random_batch_floor4/logs/wjqwen30b-a3b-record_graph_save4eagle3_20260617173953.txt
+ set -x
+ python3 -m verl.trainer.main_ppo --config-path=/workspace/cann-recipes-train/llm_rl/qwen3_shrink_aware/verl/trainer/config --config-name=ppo_megatron_trainer.yaml algorithm.adv_estimator=grpo data.train_files=/data/deepscaler/train.parquet data.val_files=/data/deepscaler/test.parquet data.train_batch_size=32 data.max_prompt_length=1024 data.max_response_length=16384 data.filter_overlong_prompts=True data.truncation=error data.shuffle=False data.dataloader_num_workers=0 data.sampler.class_path=null data.sampler.class_name=null +data.dataset_fraction=0.005 custom_reward_function.path=deepscaler.py custom_reward_function.name=compute_score actor_rollout_ref.model.path=/data/Qwen3-30B-A3B actor_rollout_ref.actor.optim.lr=1e-6 actor_rollout_ref.actor.optim.clip_grad=10000 actor_rollout_ref.actor.ppo_mini_batch_size=32 actor_rollout_ref.actor.ppo_micro_batch_size_per_gpu=1 actor_rollout_ref.actor.use_dynamic_bsz=True actor_rollout_ref.actor.ppo_max_token_len_per_gpu=20480 actor_rollout_ref.actor.megatron.sequence_parallel=True actor_rollout_ref.actor.megatron.expert_model_parallel_size=4 actor_rollout_ref.actor.megatron.tensor_model_parallel_size=4 actor_rollout_ref.actor.megatron.pipeline_model_parallel_size=4 actor_rollout_ref.actor.megatron.expert_tensor_parallel_size=1 actor_rollout_ref.actor.megatron.param_offload=True actor_rollout_ref.actor.megatron.grad_offload=True actor_rollout_ref.actor.megatron.optimizer_offload=False actor_rollout_ref.actor.megatron.use_dist_checkpointing=True actor_rollout_ref.actor.megatron.dist_checkpointing_path=/data/Qwen3-30B-A3B_megatron actor_rollout_ref.actor.use_kl_loss=True actor_rollout_ref.actor.kl_loss_coef=0.001 actor_rollout_ref.actor.kl_loss_type=low_var_kl actor_rollout_ref.actor.load_weight=True actor_rollout_ref.actor.megatron.override_transformer_config.recompute_granularity=full actor_rollout_ref.actor.megatron.override_transformer_config.recompute_method=block actor_rollout_ref.actor.megatron.override_transformer_config.recompute_num_layers=1 actor_rollout_ref.rollout.log_prob_micro_batch_size_per_gpu=4 actor_rollout_ref.rollout.log_prob_use_dynamic_bsz=True actor_rollout_ref.rollout.log_prob_max_token_len_per_gpu=20480 actor_rollout_ref.rollout.tensor_model_parallel_size=1 actor_rollout_ref.rollout.name=vllm actor_rollout_ref.rollout.gpu_memory_utilization=0.95 actor_rollout_ref.rollout.max_num_batched_tokens=1024 actor_rollout_ref.rollout.enforce_eager=True actor_rollout_ref.rollout.max_num_seqs=32 actor_rollout_ref.rollout.n=16 actor_rollout_ref.rollout.temperature=0.9 actor_rollout_ref.rollout.top_k=50 actor_rollout_ref.rollout.top_p=0.9 actor_rollout_ref.rollout.ignore_eos=False actor_rollout_ref.ref.log_prob_micro_batch_size_per_gpu=8 actor_rollout_ref.ref.megatron.param_offload=True actor_rollout_ref.ref.load_weight=True actor_rollout_ref.ref.megatron.use_dist_checkpointing=True actor_rollout_ref.ref.megatron.dist_checkpointing_path=/data/Qwen3-30B-A3B_megatron algorithm.kl_ctrl.kl_coef=0.001 trainer.balance_batch=False trainer.device=npu trainer.val_before_train=False trainer.critic_warmup=0 'trainer.logger=[console,tensorboard]' trainer.project_name=verl_grpo_example trainer.experiment_name=qwen3_30_verl_mindspeedllm_vllm trainer.n_gpus_per_node=16 trainer.nnodes=1 trainer.save_freq=-1 trainer.max_actor_ckpt_to_keep=3 trainer.max_critic_ckpt_to_keep=1 'actor_rollout_ref.actor.checkpoint.save_contents=[model]' 'actor_rollout_ref.actor.checkpoint.load_contents=[model]' 'critic.checkpoint.save_contents=[model]' 'critic.checkpoint.load_contents=[model]' +trainer.save_epoch_freq=0 trainer.default_local_dir=/workspace/cann-recipes-train/llm_rl/qwen3_shrink_aware/mode1_baseline_random_batch_floor4 trainer.test_freq=-1 trainer.total_epochs=3 +trainer.rollout_data_dir=/workspace/cann-recipes-train/llm_rl/qwen3_shrink_aware/mode1_baseline_random_batch_floor4/rollout_data +trainer.rollout_length_dir=/workspace/cann-recipes-train/llm_rl/qwen3_shrink_aware/mode1_baseline_random_batch_floor4/rollout_length +actor_rollout_ref.actor.megatron.override_transformer_config.use_flash_attn=True '+actor_rollout_ref.actor.megatron.override_transformer_config.pipeline_num_transformer_layers=[[11],[13],[13],[11]]' +actor_rollout_ref.actor.megatron.override_transformer_config.moe_token_dispatcher_type=alltoall +actor_rollout_ref.actor.megatron.override_transformer_config.moe_alltoall_overlap_comm=True +actor_rollout_ref.actor.megatron.override_transformer_config.use_fused_rotary_pos_emb=True +actor_rollout_ref.actor.megatron.override_transformer_config.use_fused_swiglu=True +actor_rollout_ref.actor.megatron.override_transformer_config.seq_length=2048 +actor_rollout_ref.actor.megatron.override_transformer_config.num_layers_in_first_pipeline_stage=11 +actor_rollout_ref.actor.megatron.override_transformer_config.num_layers_in_last_pipeline_stage=11 +actor_rollout_ref.actor.megatron.override_transformer_config.swap_optimizer=True data.train_files=/data/deepscaler/train.parquet data.val_files=/data/deepscaler/test.parquet data.train_batch_size=32 data.max_prompt_length=1024 data.max_response_length=16384 data.shuffle=True actor_rollout_ref.model.path=/data/Qwen3-30B-A3B actor_rollout_ref.actor.megatron.dist_checkpointing_path=/data/Qwen3-30B-A3B_megatron actor_rollout_ref.ref.megatron.dist_checkpointing_path=/data/Qwen3-30B-A3B_megatron actor_rollout_ref.rollout.max_num_batched_tokens=17408 actor_rollout_ref.rollout.max_num_seqs=32 actor_rollout_ref.rollout.n=16 actor_rollout_ref.rollout.gpu_memory_utilization=0.95 actor_rollout_ref.rollout.shrink_aware.enable_shrink_aware_scheduling=false actor_rollout_ref.rollout.shrink_aware.shrink_aware_mode=off actor_rollout_ref.rollout.shrink_aware.enable_shrink_aware_logging=false trainer.total_epochs=1
/workspace/cann-recipes-train/llm_rl/qwen3_shrink_aware/megatron/core/optimizer/__init__.py:18: UserWarning: Transformer Engine and Apex are not installed. Falling back to Torch optimizers.
  warnings.warn(
/workspace/cann-recipes-train/llm_rl/qwen3_shrink_aware/megatron/core/optimizer/optimizer.py:28: UserWarning: Transformer Engine and Apex are not installed. Falling back to local implementations of multi_tensor_applier and multi_tensor_scale
  warnings.warn(
/workspace/cann-recipes-train/llm_rl/qwen3_shrink_aware/megatron/core/optimizer/clip_grads.py:29: UserWarning: Transformer Engine and Apex are not installed. Falling back to local implementations of multi_tensor_applier, multi_tensor_l2norm, and multi_tensor_scale
  warnings.warn(
/workspace/cann-recipes-train/llm_rl/qwen3_shrink_aware/megatron/core/transformer/multi_token_prediction.py:60: UserWarning: Apex is not installed. Falling back to Torch Norm
  warnings.warn('Apex is not installed. Falling back to Torch Norm')
/workspace/cann-recipes-train/llm_rl/qwen3_shrink_aware/megatron/core/models/gpt/gpt_layer_specs.py:65: UserWarning: Apex is not installed. Falling back to Torch Norm
  warnings.warn('Apex is not installed. Falling back to Torch Norm')
/usr/local/python3.11.14/lib/python3.11/site-packages/torch_npu/contrib/transfer_to_npu.py:347: ImportWarning: 
    *************************************************************************************************************
    The torch.Tensor.cuda and torch.nn.Module.cuda are replaced with torch.Tensor.npu and torch.nn.Module.npu now..
    The torch.cuda.DoubleTensor is replaced with torch.npu.FloatTensor cause the double type is not supported now..
    The backend in torch.distributed.init_process_group set to hccl now..
    The torch.cuda.* and torch.cuda.amp.* are replaced with torch.npu.* and torch.npu.amp.* now..
    The device parameters have been replaced with npu in the function below:
    torch.logspace, torch.randint, torch.hann_window, torch.rand, torch.full_like, torch.ones_like, torch.rand_like, torch.randperm, torch.arange, torch.frombuffer, torch.normal, torch._empty_per_channel_affine_quantized, torch.empty_strided, torch.empty_like, torch.scalar_tensor, torch.tril_indices, torch.bartlett_window, torch.ones, torch.sparse_coo_tensor, torch.randn, torch.kaiser_window, torch.tensor, torch.triu_indices, torch.as_tensor, torch.zeros, torch.randint_like, torch.full, torch.eye, torch._sparse_csr_tensor_unsafe, torch.empty, torch._sparse_coo_tensor_unsafe, torch.blackman_window, torch.zeros_like, torch.range, torch.sparse_csr_tensor, torch.randn_like, torch.from_file, torch._cudnn_init_dropout_state, torch._empty_affine_quantized, torch.linspace, torch.hamming_window, torch.empty_quantized, torch._pin_memory, torch.load, torch.set_default_device, torch.get_device_module, torch.sparse_compressed_tensor, torch.Tensor.new_empty, torch.Tensor.new_empty_strided, torch.Tensor.new_full, torch.Tensor.new_ones, torch.Tensor.new_tensor, torch.Tensor.new_zeros, torch.Tensor.to, torch.Tensor.pin_memory, torch.nn.Module.to, torch.nn.Module.to_empty
    *************************************************************************************************************
    
  warnings.warn(msg, ImportWarning)
/usr/local/python3.11.14/lib/python3.11/site-packages/torch_npu/contrib/transfer_to_npu.py:276: RuntimeWarning: torch.jit.script and torch.jit.script_method will be disabled by transfer_to_npu, which currently does not support them, if you need to enable them, please do not use transfer_to_npu.
  warnings.warn(msg, RuntimeWarning)
/usr/local/python3.11.14/lib/python3.11/site-packages/ray/_private/node.py:1209: ResourceWarning: unclosed file <_io.TextIOWrapper name='/dev/null' mode='w' encoding='UTF-8'>
  process_info = ray._private.services.start_gcs_server(
/usr/local/python3.11.14/lib/python3.11/site-packages/ray/_private/node.py:1273: ResourceWarning: unclosed file <_io.TextIOWrapper name='/dev/null' mode='w' encoding='UTF-8'>
  process_info = ray._private.services.start_raylet(
2026-06-17 17:40:03,863	INFO worker.py:1927 -- Started a local Ray instance.
[36m(pid=4083615)[0m /workspace/cann-recipes-train/llm_rl/qwen3_shrink_aware/megatron/core/optimizer/__init__.py:18: UserWarning: Transformer Engine and Apex are not installed. Falling back to Torch optimizers.
[36m(pid=4083615)[0m   warnings.warn(
[36m(pid=4083615)[0m /workspace/cann-recipes-train/llm_rl/qwen3_shrink_aware/megatron/core/optimizer/optimizer.py:28: UserWarning: Transformer Engine and Apex are not installed. Falling back to local implementations of multi_tensor_applier and multi_tensor_scale
[36m(pid=4083615)[0m   warnings.warn(
[36m(pid=4083615)[0m /workspace/cann-recipes-train/llm_rl/qwen3_shrink_aware/megatron/core/optimizer/clip_grads.py:29: UserWarning: Transformer Engine and Apex are not installed. Falling back to local implementations of multi_tensor_applier, multi_tensor_l2norm, and multi_tensor_scale
[36m(pid=4083615)[0m   warnings.warn(
[36m(pid=4083615)[0m /workspace/cann-recipes-train/llm_rl/qwen3_shrink_aware/megatron/core/transformer/multi_token_prediction.py:60: UserWarning: Apex is not installed. Falling back to Torch Norm
[36m(pid=4083615)[0m   warnings.warn('Apex is not installed. Falling back to Torch Norm')
[36m(pid=4083615)[0m /workspace/cann-recipes-train/llm_rl/qwen3_shrink_aware/megatron/core/models/gpt/gpt_layer_specs.py:65: UserWarning: Apex is not installed. Falling back to Torch Norm
[36m(pid=4083615)[0m   warnings.warn('Apex is not installed. Falling back to Torch Norm')
[36m(pid=4083615)[0m /usr/local/python3.11.14/lib/python3.11/site-packages/torch_npu/contrib/transfer_to_npu.py:347: ImportWarning: 
[36m(pid=4083615)[0m     *************************************************************************************************************
[36m(pid=4083615)[0m     The torch.Tensor.cuda and torch.nn.Module.cuda are replaced with torch.Tensor.npu and torch.nn.Module.npu now..
[36m(pid=4083615)[0m     The torch.cuda.DoubleTensor is replaced with torch.npu.FloatTensor cause the double type is not supported now..
[36m(pid=4083615)[0m     The backend in torch.distributed.init_process_group set to hccl now..
[36m(pid=4083615)[0m     The torch.cuda.* and torch.cuda.amp.* are replaced with torch.npu.* and torch.npu.amp.* now..
[36m(pid=4083615)[0m     The device parameters have been replaced with npu in the function below:
[36m(pid=4083615)[0m     torch.logspace, torch.randint, torch.hann_window, torch.rand, torch.full_like, torch.ones_like, torch.rand_like, torch.randperm, torch.arange, torch.frombuffer, torch.normal, torch._empty_per_channel_affine_quantized, torch.empty_strided, torch.empty_like, torch.scalar_tensor, torch.tril_indices, torch.bartlett_window, torch.ones, torch.sparse_coo_tensor, torch.randn, torch.kaiser_window, torch.tensor, torch.triu_indices, torch.as_tensor, torch.zeros, torch.randint_like, torch.full, torch.eye, torch._sparse_csr_tensor_unsafe, torch.empty, torch._sparse_coo_tensor_unsafe, torch.blackman_window, torch.zeros_like, torch.range, torch.sparse_csr_tensor, torch.randn_like, torch.from_file, torch._cudnn_init_dropout_state, torch._empty_affine_quantized, torch.linspace, torch.hamming_window, torch.empty_quantized, torch._pin_memory, torch.load, torch.set_default_device, torch.get_device_module, torch.sparse_compressed_tensor, torch.Tensor.new_empty, torch.Tensor.new_empty_strided, torch.Tensor.new_full, torch.Tensor.new_ones, torch.Tensor.new_tensor, torch.Tensor.new_zeros, torch.Tensor.to, torch.Tensor.pin_memory, torch.nn.Module.to, torch.nn.Module.to_empty
[36m(pid=4083615)[0m     *************************************************************************************************************
[36m(pid=4083615)[0m     
[36m(pid=4083615)[0m   warnings.warn(msg, ImportWarning)
[36m(pid=4083615)[0m /usr/local/python3.11.14/lib/python3.11/site-packages/torch_npu/contrib/transfer_to_npu.py:276: RuntimeWarning: torch.jit.script and torch.jit.script_method will be disabled by transfer_to_npu, which currently does not support them, if you need to enable them, please do not use transfer_to_npu.
[36m(pid=4083615)[0m   warnings.warn(msg, RuntimeWarning)
[36m(TaskRunner pid=4083615)[0m /workspace/cann-recipes-train/llm_rl/qwen3_shrink_aware/verl/trainer/main_ppo.py:306: UserWarning: Disabled critic as algorithm.adv_estimator != gae. If it is not intended, please set critic.enable=True
[36m(TaskRunner pid=4083615)[0m   use_critic=need_critic(config),
[36m(TaskRunner pid=4083615)[0m /workspace/cann-recipes-train/llm_rl/qwen3_shrink_aware/verl/utils/profiler/config.py:49: UserWarning: Torch profiler tool config is not fully supported now.
[36m(TaskRunner pid=4083615)[0m   warnings.warn("Torch profiler tool config is not fully supported now.", stacklevel=1)
[36m(TaskRunner pid=4083615)[0m Setting TOKENIZERS_PARALLELISM=false for forked processes.
[36m(TaskRunner pid=4083615)[0m Filtering prompts longer than 1024 tokens (num_proc=1):   0%|          | 0/181 [00:00<?, ? examples/s]
[36m(TaskRunner pid=4083615)[0m Filtering prompts longer than 1024 tokens (num_proc=1): 100%|██████████| 181/181 [00:00<00:00, 323.47 examples/s]
[36m(TaskRunner pid=4083615)[0m Filtering prompts longer than 1024 tokens (num_proc=1): 100%|██████████| 181/181 [00:00<00:00, 270.05 examples/s]
[36m(TaskRunner pid=4083615)[0m Setting TOKENIZERS_PARALLELISM=false for forked processes.
[36m(TaskRunner pid=4083615)[0m Filtering prompts longer than 1024 tokens (num_proc=1):   0%|          | 0/20 [00:00<?, ? examples/s]
[36m(TaskRunner pid=4083615)[0m Filtering prompts longer than 1024 tokens (num_proc=1): 100%|██████████| 20/20 [00:00<00:00, 39.29 examples/s]
[36m(TaskRunner pid=4083615)[0m Filtering prompts longer than 1024 tokens (num_proc=1): 100%|██████████| 20/20 [00:00<00:00, 32.41 examples/s]
[36m(TaskRunner pid=4083615)[0m /workspace/cann-recipes-train/llm_rl/qwen3_shrink_aware/verl/trainer/ppo/ray_trainer.py:365: UserWarning: Disabled critic as algorithm.adv_estimator != gae. If it is not intended, please set critic.enable=True
[36m(TaskRunner pid=4083615)[0m   self.use_critic = need_critic(self.config)
[36m(pid=4085097)[0m /usr/local/python3.11.14/lib/python3.11/site-packages/torch_npu/contrib/transfer_to_npu.py:345: ImportWarning: 
[36m(pid=4085097)[0m     *************************************************************************************************************
[36m(pid=4085097)[0m     The torch.Tensor.cuda and torch.nn.Module.cuda are replaced with torch.Tensor.npu and torch.nn.Module.npu now..
[36m(pid=4085097)[0m     The torch.cuda.DoubleTensor is replaced with torch.npu.FloatTensor cause the double type is not supported now..
[36m(pid=4085097)[0m     The backend in torch.distributed.init_process_group set to hccl now..
[36m(pid=4085097)[0m     The torch.cuda.* and torch.cuda.amp.* are replaced with torch.npu.* and torch.npu.amp.* now..
[36m(pid=4085097)[0m     The device parameters have been replaced with npu in the function below:
[36m(pid=4085097)[0m     torch.logspace, torch.randint, torch.hann_window, torch.rand, torch.full_like, torch.ones_like, torch.rand_like, torch.randperm, torch.arange, torch.frombuffer, torch.normal, torch._empty_per_channel_affine_quantized, torch.empty_strided, torch.empty_like, torch.scalar_tensor, torch.tril_indices, torch.bartlett_window, torch.ones, torch.sparse_coo_tensor, torch.randn, torch.kaiser_window, torch.tensor, torch.triu_indices, torch.as_tensor, torch.zeros, torch.randint_like, torch.full, torch.eye, torch._sparse_csr_tensor_unsafe, torch.empty, torch._sparse_coo_tensor_unsafe, torch.blackman_window, torch.zeros_like, torch.range, torch.sparse_csr_tensor, torch.randn_like, torch.from_file, torch._cudnn_init_dropout_state, torch._empty_affine_quantized, torch.linspace, torch.hamming_window, torch.empty_quantized, torch._pin_memory, torch.load, torch.set_default_device, torch.get_device_module, torch.sparse_compressed_tensor, torch.Tensor.new_empty, torch.Tensor.new_empty_strided, torch.Tensor.new_full, torch.Tensor.new_ones, torch.Tensor.new_tensor, torch.Tensor.new_zeros, torch.Tensor.to, torch.Tensor.pin_memory, torch.nn.Module.to, torch.nn.Module.to_empty
[36m(pid=4085097)[0m     *************************************************************************************************************
[36m(pid=4085097)[0m     
[36m(pid=4085097)[0m   warnings.warn(msg, ImportWarning)
[36m(pid=4085097)[0m /usr/local/python3.11.14/lib/python3.11/site-packages/torch_npu/contrib/transfer_to_npu.py:276: RuntimeWarning: torch.jit.script and torch.jit.script_method will be disabled by transfer_to_npu, which currently does not support them, if you need to enable them, please do not use transfer_to_npu.
[36m(pid=4085097)[0m   warnings.warn(msg, RuntimeWarning)
[36m(pid=4085097)[0m /usr/local/python3.11.14/lib/python3.11/site-packages/torch_npu/dynamo/torchair/__init__.py:8: DeprecationWarning: pkg_resources is deprecated as an API. See https://setuptools.pypa.io/en/latest/pkg_resources.html
[36m(pid=4085097)[0m   import pkg_resources
[36m(pid=4085097)[0m /usr/local/python3.11.14/lib/python3.11/site-packages/ray/util/state/util.py:54: DeprecationWarning: Ray state API is no longer experimental. Please import from `ray.util.state`. instead. Importing from `ray.experimental` will be deprecated in future releases. 
[36m(pid=4085097)[0m   warnings.warn(
[36m(pid=4085104)[0m /usr/local/python3.11.14/lib/python3.11/site-packages/ray/util/state/util.py:54: DeprecationWarning: Ray state API is no longer experimental. Please import from `ray.util.state`. instead. Importing from `ray.experimental` will be deprecated in future releases. 
[36m(pid=4085104)[0m   warnings.warn(
[36m(pid=4085100)[0m /usr/local/python3.11.14/lib/python3.11/site-packages/ray/util/state/util.py:54: DeprecationWarning: Ray state API is no longer experimental. Please import from `ray.util.state`. instead. Importing from `ray.experimental` will be deprecated in future releases. 
[36m(pid=4085100)[0m   warnings.warn(
[36m(pid=4085098)[0m /usr/local/python3.11.14/lib/python3.11/site-packages/ray/util/state/util.py:54: DeprecationWarning: Ray state API is no longer experimental. Please import from `ray.util.state`. instead. Importing from `ray.experimental` will be deprecated in future releases. 
[36m(pid=4085098)[0m   warnings.warn(
[36m(pid=4085103)[0m /usr/local/python3.11.14/lib/python3.11/site-packages/ray/util/state/util.py:54: DeprecationWarning: Ray state API is no longer experimental. Please import from `ray.util.state`. instead. Importing from `ray.experimental` will be deprecated in future releases. 
[36m(pid=4085103)[0m   warnings.warn(
[36m(pid=4085106)[0m /usr/local/python3.11.14/lib/python3.11/site-packages/ray/util/state/util.py:54: DeprecationWarning: Ray state API is no longer experimental. Please import from `ray.util.state`. instead. Importing from `ray.experimental` will be deprecated in future releases. 
[36m(pid=4085106)[0m   warnings.warn(
[36m(pid=4085113)[0m /usr/local/python3.11.14/lib/python3.11/site-packages/ray/util/state/util.py:54: DeprecationWarning: Ray state API is no longer experimental. Please import from `ray.util.state`. instead. Importing from `ray.experimental` will be deprecated in future releases. 
[36m(pid=4085113)[0m   warnings.warn(
[36m(pid=4085111)[0m /usr/local/python3.11.14/lib/python3.11/site-packages/ray/util/state/util.py:54: DeprecationWarning: Ray state API is no longer experimental. Please import from `ray.util.state`. instead. Importing from `ray.experimental` will be deprecated in future releases. 
[36m(pid=4085111)[0m   warnings.warn(
[36m(pid=4085108)[0m /usr/local/python3.11.14/lib/python3.11/site-packages/ray/util/state/util.py:54: DeprecationWarning: Ray state API is no longer experimental. Please import from `ray.util.state`. instead. Importing from `ray.experimental` will be deprecated in future releases. 
[36m(pid=4085108)[0m   warnings.warn(
[36m(pid=4085115)[0m /usr/local/python3.11.14/lib/python3.11/site-packages/ray/util/state/util.py:54: DeprecationWarning: Ray state API is no longer experimental. Please import from `ray.util.state`. instead. Importing from `ray.experimental` will be deprecated in future releases. 
[36m(pid=4085115)[0m   warnings.warn(
[36m(pid=4085114)[0m /usr/local/python3.11.14/lib/python3.11/site-packages/ray/util/state/util.py:54: DeprecationWarning: Ray state API is no longer experimental. Please import from `ray.util.state`. instead. Importing from `ray.experimental` will be deprecated in future releases. 
[36m(pid=4085114)[0m   warnings.warn(
[36m(pid=4085110)[0m /usr/local/python3.11.14/lib/python3.11/site-packages/ray/util/state/util.py:54: DeprecationWarning: Ray state API is no longer experimental. Please import from `ray.util.state`. instead. Importing from `ray.experimental` will be deprecated in future releases. 
[36m(pid=4085110)[0m   warnings.warn(
[36m(pid=4085109)[0m /usr/local/python3.11.14/lib/python3.11/site-packages/ray/util/state/util.py:54: DeprecationWarning: Ray state API is no longer experimental. Please import from `ray.util.state`. instead. Importing from `ray.experimental` will be deprecated in future releases. 
[36m(pid=4085109)[0m   warnings.warn(
[36m(pid=4085105)[0m /usr/local/python3.11.14/lib/python3.11/site-packages/ray/util/state/util.py:54: DeprecationWarning: Ray state API is no longer experimental. Please import from `ray.util.state`. instead. Importing from `ray.experimental` will be deprecated in future releases. 
[36m(pid=4085105)[0m   warnings.warn(
[36m(pid=4085107)[0m /usr/local/python3.11.14/lib/python3.11/site-packages/ray/util/state/util.py:54: DeprecationWarning: Ray state API is no longer experimental. Please import from `ray.util.state`. instead. Importing from `ray.experimental` will be deprecated in future releases. 
[36m(pid=4085107)[0m   warnings.warn(
[36m(pid=4085112)[0m /usr/local/python3.11.14/lib/python3.11/site-packages/ray/util/state/util.py:54: DeprecationWarning: Ray state API is no longer experimental. Please import from `ray.util.state`. instead. Importing from `ray.experimental` will be deprecated in future releases. 
[36m(pid=4085112)[0m   warnings.warn(
[36m(WorkerDict pid=4085104)[0m /workspace/cann-recipes-train/llm_rl/qwen3_shrink_aware/verl/models/mcore/config_converter.py:281: UserWarning: The following keys are not supported in the current Megatron version and will be removed: ['use_flash_attn', 'pipeline_num_transformer_layers', 'moe_alltoall_overlap_comm', 'use_fused_rotary_pos_emb', 'use_fused_swiglu', 'seq_length', 'swap_optimizer']
[36m(WorkerDict pid=4085104)[0m   return check_and_construct_configs(args, TransformerConfig)
[36m(WorkerDict pid=4085104)[0m /workspace/cann-recipes-train/llm_rl/qwen3_shrink_aware/megatron/core/transformer/transformer_config.py:1065: UserWarning: Using a large number of experts (e.g. >=32) without fp32 routing. Consider enabling moe_router_dtype for better numerical stability.
[36m(WorkerDict pid=4085104)[0m   warnings.warn(
[36m(WorkerDict pid=4085098)[0m /workspace/cann-recipes-train/llm_rl/qwen3_shrink_aware/verl/models/mcore/config_converter.py:281: UserWarning: The following keys are not supported in the current Megatron version and will be removed: ['use_flash_attn', 'pipeline_num_transformer_layers', 'moe_alltoall_overlap_comm', 'use_fused_rotary_pos_emb', 'use_fused_swiglu', 'seq_length', 'swap_optimizer']
[36m(WorkerDict pid=4085098)[0m   return check_and_construct_configs(args, TransformerConfig)
[36m(WorkerDict pid=4085098)[0m /workspace/cann-recipes-train/llm_rl/qwen3_shrink_aware/megatron/core/transformer/transformer_config.py:1065: UserWarning: Using a large number of experts (e.g. >=32) without fp32 routing. Consider enabling moe_router_dtype for better numerical stability.
[36m(WorkerDict pid=4085098)[0m   warnings.warn(
[36m(WorkerDict pid=4085106)[0m /workspace/cann-recipes-train/llm_rl/qwen3_shrink_aware/verl/models/mcore/config_converter.py:281: UserWarning: The following keys are not supported in the current Megatron version and will be removed: ['use_flash_attn', 'pipeline_num_transformer_layers', 'moe_alltoall_overlap_comm', 'use_fused_rotary_pos_emb', 'use_fused_swiglu', 'seq_length', 'swap_optimizer']
[36m(WorkerDict pid=4085106)[0m   return check_and_construct_configs(args, TransformerConfig)
[36m(WorkerDict pid=4085106)[0m /workspace/cann-recipes-train/llm_rl/qwen3_shrink_aware/megatron/core/transformer/transformer_config.py:1065: UserWarning: Using a large number of experts (e.g. >=32) without fp32 routing. Consider enabling moe_router_dtype for better numerical stability.
[36m(WorkerDict pid=4085106)[0m   warnings.warn(
[36m(WorkerDict pid=4085100)[0m /workspace/cann-recipes-train/llm_rl/qwen3_shrink_aware/verl/models/mcore/config_converter.py:281: UserWarning: The following keys are not supported in the current Megatron version and will be removed: ['use_flash_attn', 'pipeline_num_transformer_layers', 'moe_alltoall_overlap_comm', 'use_fused_rotary_pos_emb', 'use_fused_swiglu', 'seq_length', 'swap_optimizer']
[36m(WorkerDict pid=4085100)[0m   return check_and_construct_configs(args, TransformerConfig)
[36m(WorkerDict pid=4085100)[0m /workspace/cann-recipes-train/llm_rl/qwen3_shrink_aware/megatron/core/transformer/transformer_config.py:1065: UserWarning: Using a large number of experts (e.g. >=32) without fp32 routing. Consider enabling moe_router_dtype for better numerical stability.
[36m(WorkerDict pid=4085100)[0m   warnings.warn(
[36m(WorkerDict pid=4085103)[0m /workspace/cann-recipes-train/llm_rl/qwen3_shrink_aware/verl/models/mcore/config_converter.py:281: UserWarning: The following keys are not supported in the current Megatron version and will be removed: ['use_flash_attn', 'pipeline_num_transformer_layers', 'moe_alltoall_overlap_comm', 'use_fused_rotary_pos_emb', 'use_fused_swiglu', 'seq_length', 'swap_optimizer']
[36m(WorkerDict pid=4085103)[0m   return check_and_construct_configs(args, TransformerConfig)
[36m(WorkerDict pid=4085103)[0m /workspace/cann-recipes-train/llm_rl/qwen3_shrink_aware/megatron/core/transformer/transformer_config.py:1065: UserWarning: Using a large number of experts (e.g. >=32) without fp32 routing. Consider enabling moe_router_dtype for better numerical stability.
[36m(WorkerDict pid=4085103)[0m   warnings.warn(
[36m(WorkerDict pid=4085107)[0m /workspace/cann-recipes-train/llm_rl/qwen3_shrink_aware/verl/models/mcore/config_converter.py:281: UserWarning: The following keys are not supported in the current Megatron version and will be removed: ['use_flash_attn', 'pipeline_num_transformer_layers', 'moe_alltoall_overlap_comm', 'use_fused_rotary_pos_emb', 'use_fused_swiglu', 'seq_length', 'swap_optimizer']
[36m(WorkerDict pid=4085107)[0m   return check_and_construct_configs(args, TransformerConfig)
[36m(WorkerDict pid=4085107)[0m /workspace/cann-recipes-train/llm_rl/qwen3_shrink_aware/megatron/core/transformer/transformer_config.py:1065: UserWarning: Using a large number of experts (e.g. >=32) without fp32 routing. Consider enabling moe_router_dtype for better numerical stability.
[36m(WorkerDict pid=4085107)[0m   warnings.warn(
[36m(WorkerDict pid=4085113)[0m /workspace/cann-recipes-train/llm_rl/qwen3_shrink_aware/verl/models/mcore/config_converter.py:281: UserWarning: The following keys are not supported in the current Megatron version and will be removed: ['use_flash_attn', 'pipeline_num_transformer_layers', 'moe_alltoall_overlap_comm', 'use_fused_rotary_pos_emb', 'use_fused_swiglu', 'seq_length', 'swap_optimizer']
[36m(WorkerDict pid=4085113)[0m   return check_and_construct_configs(args, TransformerConfig)
[36m(WorkerDict pid=4085113)[0m /workspace/cann-recipes-train/llm_rl/qwen3_shrink_aware/megatron/core/transformer/transformer_config.py:1065: UserWarning: Using a large number of experts (e.g. >=32) without fp32 routing. Consider enabling moe_router_dtype for better numerical stability.
[36m(WorkerDict pid=4085113)[0m   warnings.warn(
[36m(WorkerDict pid=4085112)[0m /workspace/cann-recipes-train/llm_rl/qwen3_shrink_aware/verl/models/mcore/config_converter.py:281: UserWarning: The following keys are not supported in the current Megatron version and will be removed: ['use_flash_attn', 'pipeline_num_transformer_layers', 'moe_alltoall_overlap_comm', 'use_fused_rotary_pos_emb', 'use_fused_swiglu', 'seq_length', 'swap_optimizer']
[36m(WorkerDict pid=4085112)[0m   return check_and_construct_configs(args, TransformerConfig)
[36m(WorkerDict pid=4085112)[0m /workspace/cann-recipes-train/llm_rl/qwen3_shrink_aware/megatron/core/transformer/transformer_config.py:1065: UserWarning: Using a large number of experts (e.g. >=32) without fp32 routing. Consider enabling moe_router_dtype for better numerical stability.
[36m(WorkerDict pid=4085112)[0m   warnings.warn(
[36m(WorkerDict pid=4085115)[0m /workspace/cann-recipes-train/llm_rl/qwen3_shrink_aware/verl/models/mcore/config_converter.py:281: UserWarning: The following keys are not supported in the current Megatron version and will be removed: ['use_flash_attn', 'pipeline_num_transformer_layers', 'moe_alltoall_overlap_comm', 'use_fused_rotary_pos_emb', 'use_fused_swiglu', 'seq_length', 'swap_optimizer']
[36m(WorkerDict pid=4085115)[0m   return check_and_construct_configs(args, TransformerConfig)
[36m(WorkerDict pid=4085115)[0m /workspace/cann-recipes-train/llm_rl/qwen3_shrink_aware/megatron/core/transformer/transformer_config.py:1065: UserWarning: Using a large number of experts (e.g. >=32) without fp32 routing. Consider enabling moe_router_dtype for better numerical stability.
[36m(WorkerDict pid=4085115)[0m   warnings.warn(
[36m(WorkerDict pid=4085111)[0m /workspace/cann-recipes-train/llm_rl/qwen3_shrink_aware/verl/models/mcore/config_converter.py:281: UserWarning: The following keys are not supported in the current Megatron version and will be removed: ['use_flash_attn', 'pipeline_num_transformer_layers', 'moe_alltoall_overlap_comm', 'use_fused_rotary_pos_emb', 'use_fused_swiglu', 'seq_length', 'swap_optimizer']
[36m(WorkerDict pid=4085111)[0m   return check_and_construct_configs(args, TransformerConfig)
[36m(WorkerDict pid=4085111)[0m /workspace/cann-recipes-train/llm_rl/qwen3_shrink_aware/megatron/core/transformer/transformer_config.py:1065: UserWarning: Using a large number of experts (e.g. >=32) without fp32 routing. Consider enabling moe_router_dtype for better numerical stability.
[36m(WorkerDict pid=4085111)[0m   warnings.warn(
[36m(WorkerDict pid=4085114)[0m /workspace/cann-recipes-train/llm_rl/qwen3_shrink_aware/verl/models/mcore/config_converter.py:281: UserWarning: The following keys are not supported in the current Megatron version and will be removed: ['use_flash_attn', 'pipeline_num_transformer_layers', 'moe_alltoall_overlap_comm', 'use_fused_rotary_pos_emb', 'use_fused_swiglu', 'seq_length', 'swap_optimizer']
[36m(WorkerDict pid=4085114)[0m   return check_and_construct_configs(args, TransformerConfig)
[36m(WorkerDict pid=4085114)[0m /workspace/cann-recipes-train/llm_rl/qwen3_shrink_aware/megatron/core/transformer/transformer_config.py:1065: UserWarning: Using a large number of experts (e.g. >=32) without fp32 routing. Consider enabling moe_router_dtype for better numerical stability.
[36m(WorkerDict pid=4085114)[0m   warnings.warn(
[36m(WorkerDict pid=4085109)[0m /workspace/cann-recipes-train/llm_rl/qwen3_shrink_aware/verl/models/mcore/config_converter.py:281: UserWarning: The following keys are not supported in the current Megatron version and will be removed: ['use_flash_attn', 'pipeline_num_transformer_layers', 'moe_alltoall_overlap_comm', 'use_fused_rotary_pos_emb', 'use_fused_swiglu', 'seq_length', 'swap_optimizer']
[36m(WorkerDict pid=4085109)[0m   return check_and_construct_configs(args, TransformerConfig)
[36m(WorkerDict pid=4085109)[0m /workspace/cann-recipes-train/llm_rl/qwen3_shrink_aware/megatron/core/transformer/transformer_config.py:1065: UserWarning: Using a large number of experts (e.g. >=32) without fp32 routing. Consider enabling moe_router_dtype for better numerical stability.
[36m(WorkerDict pid=4085109)[0m   warnings.warn(
[36m(WorkerDict pid=4085110)[0m /workspace/cann-recipes-train/llm_rl/qwen3_shrink_aware/verl/models/mcore/config_converter.py:281: UserWarning: The following keys are not supported in the current Megatron version and will be removed: ['use_flash_attn', 'pipeline_num_transformer_layers', 'moe_alltoall_overlap_comm', 'use_fused_rotary_pos_emb', 'use_fused_swiglu', 'seq_length', 'swap_optimizer']
[36m(WorkerDict pid=4085110)[0m   return check_and_construct_configs(args, TransformerConfig)
[36m(WorkerDict pid=4085110)[0m /workspace/cann-recipes-train/llm_rl/qwen3_shrink_aware/megatron/core/transformer/transformer_config.py:1065: UserWarning: Using a large number of experts (e.g. >=32) without fp32 routing. Consider enabling moe_router_dtype for better numerical stability.
[36m(WorkerDict pid=4085110)[0m   warnings.warn(
[36m(WorkerDict pid=4085108)[0m /workspace/cann-recipes-train/llm_rl/qwen3_shrink_aware/verl/models/mcore/config_converter.py:281: UserWarning: The following keys are not supported in the current Megatron version and will be removed: ['use_flash_attn', 'pipeline_num_transformer_layers', 'moe_alltoall_overlap_comm', 'use_fused_rotary_pos_emb', 'use_fused_swiglu', 'seq_length', 'swap_optimizer']
[36m(WorkerDict pid=4085108)[0m   return check_and_construct_configs(args, TransformerConfig)
[36m(WorkerDict pid=4085108)[0m /workspace/cann-recipes-train/llm_rl/qwen3_shrink_aware/megatron/core/transformer/transformer_config.py:1065: UserWarning: Using a large number of experts (e.g. >=32) without fp32 routing. Consider enabling moe_router_dtype for better numerical stability.
[36m(WorkerDict pid=4085108)[0m   warnings.warn(
[36m(WorkerDict pid=4085105)[0m /workspace/cann-recipes-train/llm_rl/qwen3_shrink_aware/verl/models/mcore/config_converter.py:281: UserWarning: The following keys are not supported in the current Megatron version and will be removed: ['use_flash_attn', 'pipeline_num_transformer_layers', 'moe_alltoall_overlap_comm', 'use_fused_rotary_pos_emb', 'use_fused_swiglu', 'seq_length', 'swap_optimizer']
[36m(WorkerDict pid=4085105)[0m   return check_and_construct_configs(args, TransformerConfig)
[36m(WorkerDict pid=4085097)[0m /workspace/cann-recipes-train/llm_rl/qwen3_shrink_aware/verl/models/mcore/config_converter.py:281: UserWarning: The following keys are not supported in the current Megatron version and will be removed: ['use_flash_attn', 'pipeline_num_transformer_layers', 'moe_alltoall_overlap_comm', 'use_fused_rotary_pos_emb', 'use_fused_swiglu', 'seq_length', 'swap_optimizer']
[36m(WorkerDict pid=4085097)[0m   return check_and_construct_configs(args, TransformerConfig)
[36m(WorkerDict pid=4085097)[0m /workspace/cann-recipes-train/llm_rl/qwen3_shrink_aware/megatron/core/transformer/transformer_config.py:1065: UserWarning: Using a large number of experts (e.g. >=32) without fp32 routing. Consider enabling moe_router_dtype for better numerical stability.
[36m(WorkerDict pid=4085097)[0m   warnings.warn(
[36m(WorkerDict pid=4085105)[0m /workspace/cann-recipes-train/llm_rl/qwen3_shrink_aware/megatron/core/transformer/transformer_config.py:1065: UserWarning: Using a large number of experts (e.g. >=32) without fp32 routing. Consider enabling moe_router_dtype for better numerical stability.
[36m(WorkerDict pid=4085105)[0m   warnings.warn(
[36m(WorkerDict pid=4085109)[0m /workspace/cann-recipes-train/llm_rl/qwen3_shrink_aware/megatron/core/dist_checkpointing/strategies/torch.py:892: FutureWarning: `load_state_dict` is deprecated and will be removed in future versions. Please use `load` instead.
[36m(WorkerDict pid=4085109)[0m   checkpoint.load_state_dict(
[36m(WorkerDict pid=4085097)[0m /workspace/cann-recipes-train/llm_rl/qwen3_shrink_aware/megatron/core/dist_checkpointing/strategies/torch.py:892: FutureWarning: `load_state_dict` is deprecated and will be removed in future versions. Please use `load` instead.
[36m(WorkerDict pid=4085097)[0m   checkpoint.load_state_dict(
[36m(WorkerDict pid=4085106)[0m /workspace/cann-recipes-train/llm_rl/qwen3_shrink_aware/megatron/core/dist_checkpointing/strategies/torch.py:892: FutureWarning: `load_state_dict` is deprecated and will be removed in future versions. Please use `load` instead.
[36m(WorkerDict pid=4085106)[0m   checkpoint.load_state_dict(
[36m(WorkerDict pid=4085107)[0m /workspace/cann-recipes-train/llm_rl/qwen3_shrink_aware/megatron/core/dist_checkpointing/strategies/torch.py:892: FutureWarning: `load_state_dict` is deprecated and will be removed in future versions. Please use `load` instead.
[36m(WorkerDict pid=4085107)[0m   checkpoint.load_state_dict(
[36m(WorkerDict pid=4085112)[0m /workspace/cann-recipes-train/llm_rl/qwen3_shrink_aware/megatron/core/dist_checkpointing/strategies/torch.py:892: FutureWarning: `load_state_dict` is deprecated and will be removed in future versions. Please use `load` instead.
[36m(WorkerDict pid=4085112)[0m   checkpoint.load_state_dict(
[36m(WorkerDict pid=4085104)[0m /workspace/cann-recipes-train/llm_rl/qwen3_shrink_aware/megatron/core/dist_checkpointing/strategies/torch.py:892: FutureWarning: `load_state_dict` is deprecated and will be removed in future versions. Please use `load` instead.
[36m(WorkerDict pid=4085104)[0m   checkpoint.load_state_dict(
[36m(WorkerDict pid=4085100)[0m /workspace/cann-recipes-train/llm_rl/qwen3_shrink_aware/megatron/core/dist_checkpointing/strategies/torch.py:892: FutureWarning: `load_state_dict` is deprecated and will be removed in future versions. Please use `load` instead.
[36m(WorkerDict pid=4085100)[0m   checkpoint.load_state_dict(
[36m(WorkerDict pid=4085103)[0m /workspace/cann-recipes-train/llm_rl/qwen3_shrink_aware/megatron/core/dist_checkpointing/strategies/torch.py:892: FutureWarning: `load_state_dict` is deprecated and will be removed in future versions. Please use `load` instead.
[36m(WorkerDict pid=4085103)[0m   checkpoint.load_state_dict(
[36m(WorkerDict pid=4085111)[0m /workspace/cann-recipes-train/llm_rl/qwen3_shrink_aware/megatron/core/dist_checkpointing/strategies/torch.py:892: FutureWarning: `load_state_dict` is deprecated and will be removed in future versions. Please use `load` instead.
[36m(WorkerDict pid=4085111)[0m   checkpoint.load_state_dict(
[36m(WorkerDict pid=4085108)[0m /workspace/cann-recipes-train/llm_rl/qwen3_shrink_aware/megatron/core/dist_checkpointing/strategies/torch.py:892: FutureWarning: `load_state_dict` is deprecated and will be removed in future versions. Please use `load` instead.
[36m(WorkerDict pid=4085108)[0m   checkpoint.load_state_dict(
[36m(WorkerDict pid=4085114)[0m /workspace/cann-recipes-train/llm_rl/qwen3_shrink_aware/megatron/core/dist_checkpointing/strategies/torch.py:892: FutureWarning: `load_state_dict` is deprecated and will be removed in future versions. Please use `load` instead.
[36m(WorkerDict pid=4085114)[0m   checkpoint.load_state_dict(
[36m(WorkerDict pid=4085113)[0m /workspace/cann-recipes-train/llm_rl/qwen3_shrink_aware/megatron/core/dist_checkpointing/strategies/torch.py:892: FutureWarning: `load_state_dict` is deprecated and will be removed in future versions. Please use `load` instead.
[36m(WorkerDict pid=4085113)[0m   checkpoint.load_state_dict(
[36m(WorkerDict pid=4085115)[0m /workspace/cann-recipes-train/llm_rl/qwen3_shrink_aware/megatron/core/dist_checkpointing/strategies/torch.py:892: FutureWarning: `load_state_dict` is deprecated and will be removed in future versions. Please use `load` instead.
[36m(WorkerDict pid=4085115)[0m   checkpoint.load_state_dict(
[36m(WorkerDict pid=4085109)[0m /usr/local/python3.11.14/lib/python3.11/site-packages/torch/distributed/checkpoint/planner_helpers.py:418: FutureWarning: Please use DTensor instead and we are deprecating ShardedTensor.
[36m(WorkerDict pid=4085109)[0m   device = getattr(value, "device", None)
[36m(WorkerDict pid=4085109)[0m /usr/local/python3.11.14/lib/python3.11/site-packages/torch/distributed/checkpoint/default_planner.py:479: FutureWarning: Please use DTensor instead and we are deprecating ShardedTensor.
[36m(WorkerDict pid=4085109)[0m   and md.size != obj.size()
[36m(WorkerDict pid=4085098)[0m /workspace/cann-recipes-train/llm_rl/qwen3_shrink_aware/megatron/core/dist_checkpointing/strategies/torch.py:892: FutureWarning: `load_state_dict` is deprecated and will be removed in future versions. Please use `load` instead.
[36m(WorkerDict pid=4085098)[0m   checkpoint.load_state_dict(
[36m(WorkerDict pid=4085106)[0m /usr/local/python3.11.14/lib/python3.11/site-packages/torch/distributed/checkpoint/planner_helpers.py:418: FutureWarning: Please use DTensor instead and we are deprecating ShardedTensor.
[36m(WorkerDict pid=4085106)[0m   device = getattr(value, "device", None)
[36m(WorkerDict pid=4085097)[0m /usr/local/python3.11.14/lib/python3.11/site-packages/torch/distributed/checkpoint/planner_helpers.py:418: FutureWarning: Please use DTensor instead and we are deprecating ShardedTensor.
[36m(WorkerDict pid=4085097)[0m   device = getattr(value, "device", None)
[36m(WorkerDict pid=4085106)[0m /usr/local/python3.11.14/lib/python3.11/site-packages/torch/distributed/checkpoint/default_planner.py:479: FutureWarning: Please use DTensor instead and we are deprecating ShardedTensor.
[36m(WorkerDict pid=4085106)[0m   and md.size != obj.size()
[36m(WorkerDict pid=4085097)[0m /usr/local/python3.11.14/lib/python3.11/site-packages/torch/distributed/checkpoint/default_planner.py:479: FutureWarning: Please use DTensor instead and we are deprecating ShardedTensor.
[36m(WorkerDict pid=4085097)[0m   and md.size != obj.size()
[36m(WorkerDict pid=4085112)[0m /usr/local/python3.11.14/lib/python3.11/site-packages/torch/distributed/checkpoint/planner_helpers.py:418: FutureWarning: Please use DTensor instead and we are deprecating ShardedTensor.
[36m(WorkerDict pid=4085112)[0m   device = getattr(value, "device", None)
[36m(WorkerDict pid=4085112)[0m /usr/local/python3.11.14/lib/python3.11/site-packages/torch/distributed/checkpoint/default_planner.py:479: FutureWarning: Please use DTensor instead and we are deprecating ShardedTensor.
[36m(WorkerDict pid=4085112)[0m   and md.size != obj.size()
[36m(WorkerDict pid=4085107)[0m /usr/local/python3.11.14/lib/python3.11/site-packages/torch/distributed/checkpoint/planner_helpers.py:418: FutureWarning: Please use DTensor instead and we are deprecating ShardedTensor.
[36m(WorkerDict pid=4085107)[0m   device = getattr(value, "device", None)
[36m(WorkerDict pid=4085107)[0m /usr/local/python3.11.14/lib/python3.11/site-packages/torch/distributed/checkpoint/default_planner.py:479: FutureWarning: Please use DTensor instead and we are deprecating ShardedTensor.
[36m(WorkerDict pid=4085107)[0m   and md.size != obj.size()
[36m(WorkerDict pid=4085104)[0m /usr/local/python3.11.14/lib/python3.11/site-packages/torch/distributed/checkpoint/planner_helpers.py:418: FutureWarning: Please use DTensor instead and we are deprecating ShardedTensor.
[36m(WorkerDict pid=4085104)[0m   device = getattr(value, "device", None)
[36m(WorkerDict pid=4085104)[0m /usr/local/python3.11.14/lib/python3.11/site-packages/torch/distributed/checkpoint/default_planner.py:479: FutureWarning: Please use DTensor instead and we are deprecating ShardedTensor.
[36m(WorkerDict pid=4085104)[0m   and md.size != obj.size()
[36m(WorkerDict pid=4085100)[0m /usr/local/python3.11.14/lib/python3.11/site-packages/torch/distributed/checkpoint/planner_helpers.py:418: FutureWarning: Please use DTensor instead and we are deprecating ShardedTensor.
[36m(WorkerDict pid=4085100)[0m   device = getattr(value, "device", None)
[36m(WorkerDict pid=4085100)[0m /usr/local/python3.11.14/lib/python3.11/site-packages/torch/distributed/checkpoint/default_planner.py:479: FutureWarning: Please use DTensor instead and we are deprecating ShardedTensor.
[36m(WorkerDict pid=4085100)[0m   and md.size != obj.size()
[36m(WorkerDict pid=4085103)[0m /usr/local/python3.11.14/lib/python3.11/site-packages/torch/distributed/checkpoint/planner_helpers.py:418: FutureWarning: Please use DTensor instead and we are deprecating ShardedTensor.
[36m(WorkerDict pid=4085103)[0m   device = getattr(value, "device", None)
[36m(WorkerDict pid=4085103)[0m /usr/local/python3.11.14/lib/python3.11/site-packages/torch/distributed/checkpoint/default_planner.py:479: FutureWarning: Please use DTensor instead and we are deprecating ShardedTensor.
[36m(WorkerDict pid=4085103)[0m   and md.size != obj.size()
[36m(WorkerDict pid=4085108)[0m /usr/local/python3.11.14/lib/python3.11/site-packages/torch/distributed/checkpoint/planner_helpers.py:418: FutureWarning: Please use DTensor instead and we are deprecating ShardedTensor.
[36m(WorkerDict pid=4085108)[0m   device = getattr(value, "device", None)
[36m(WorkerDict pid=4085108)[0m /usr/local/python3.11.14/lib/python3.11/site-packages/torch/distributed/checkpoint/default_planner.py:479: FutureWarning: Please use DTensor instead and we are deprecating ShardedTensor.
[36m(WorkerDict pid=4085108)[0m   and md.size != obj.size()
[36m(WorkerDict pid=4085110)[0m /workspace/cann-recipes-train/llm_rl/qwen3_shrink_aware/megatron/core/dist_checkpointing/strategies/torch.py:892: FutureWarning: `load_state_dict` is deprecated and will be removed in future versions. Please use `load` instead.
[36m(WorkerDict pid=4085110)[0m   checkpoint.load_state_dict(
[36m(WorkerDict pid=4085114)[0m /usr/local/python3.11.14/lib/python3.11/site-packages/torch/distributed/checkpoint/planner_helpers.py:418: FutureWarning: Please use DTensor instead and we are deprecating ShardedTensor.
[36m(WorkerDict pid=4085114)[0m   device = getattr(value, "device", None)
[36m(WorkerDict pid=4085114)[0m /usr/local/python3.11.14/lib/python3.11/site-packages/torch/distributed/checkpoint/default_planner.py:479: FutureWarning: Please use DTensor instead and we are deprecating ShardedTensor.
[36m(WorkerDict pid=4085114)[0m   and md.size != obj.size()
[36m(WorkerDict pid=4085113)[0m /usr/local/python3.11.14/lib/python3.11/site-packages/torch/distributed/checkpoint/planner_helpers.py:418: FutureWarning: Please use DTensor instead and we are deprecating ShardedTensor.
[36m(WorkerDict pid=4085113)[0m   device = getattr(value, "device", None)
[36m(WorkerDict pid=4085113)[0m /usr/local/python3.11.14/lib/python3.11/site-packages/torch/distributed/checkpoint/default_planner.py:479: FutureWarning: Please use DTensor instead and we are deprecating ShardedTensor.
[36m(WorkerDict pid=4085113)[0m   and md.size != obj.size()
[36m(WorkerDict pid=4085105)[0m /workspace/cann-recipes-train/llm_rl/qwen3_shrink_aware/megatron/core/dist_checkpointing/strategies/torch.py:892: FutureWarning: `load_state_dict` is deprecated and will be removed in future versions. Please use `load` instead.
[36m(WorkerDict pid=4085105)[0m   checkpoint.load_state_dict(
[36m(WorkerDict pid=4085111)[0m /usr/local/python3.11.14/lib/python3.11/site-packages/torch/distributed/checkpoint/planner_helpers.py:418: FutureWarning: Please use DTensor instead and we are deprecating ShardedTensor.
[36m(WorkerDict pid=4085111)[0m   device = getattr(value, "device", None)
[36m(WorkerDict pid=4085111)[0m /usr/local/python3.11.14/lib/python3.11/site-packages/torch/distributed/checkpoint/default_planner.py:479: FutureWarning: Please use DTensor instead and we are deprecating ShardedTensor.
[36m(WorkerDict pid=4085111)[0m   and md.size != obj.size()
[36m(WorkerDict pid=4085115)[0m /usr/local/python3.11.14/lib/python3.11/site-packages/torch/distributed/checkpoint/planner_helpers.py:418: FutureWarning: Please use DTensor instead and we are deprecating ShardedTensor.
[36m(WorkerDict pid=4085115)[0m   device = getattr(value, "device", None)
[36m(WorkerDict pid=4085115)[0m /usr/local/python3.11.14/lib/python3.11/site-packages/torch/distributed/checkpoint/default_planner.py:479: FutureWarning: Please use DTensor instead and we are deprecating ShardedTensor.
[36m(WorkerDict pid=4085115)[0m   and md.size != obj.size()
[36m(WorkerDict pid=4085098)[0m /usr/local/python3.11.14/lib/python3.11/site-packages/torch/distributed/checkpoint/planner_helpers.py:418: FutureWarning: Please use DTensor instead and we are deprecating ShardedTensor.
[36m(WorkerDict pid=4085098)[0m   device = getattr(value, "device", None)
[36m(WorkerDict pid=4085098)[0m /usr/local/python3.11.14/lib/python3.11/site-packages/torch/distributed/checkpoint/default_planner.py:479: FutureWarning: Please use DTensor instead and we are deprecating ShardedTensor.
[36m(WorkerDict pid=4085098)[0m   and md.size != obj.size()
[36m(WorkerDict pid=4085105)[0m /usr/local/python3.11.14/lib/python3.11/site-packages/torch/distributed/checkpoint/planner_helpers.py:418: FutureWarning: Please use DTensor instead and we are deprecating ShardedTensor.
[36m(WorkerDict pid=4085105)[0m   device = getattr(value, "device", None)
[36m(WorkerDict pid=4085105)[0m /usr/local/python3.11.14/lib/python3.11/site-packages/torch/distributed/checkpoint/default_planner.py:479: FutureWarning: Please use DTensor instead and we are deprecating ShardedTensor.
[36m(WorkerDict pid=4085105)[0m   and md.size != obj.size()
[36m(WorkerDict pid=4085110)[0m /usr/local/python3.11.14/lib/python3.11/site-packages/torch/distributed/checkpoint/planner_helpers.py:418: FutureWarning: Please use DTensor instead and we are deprecating ShardedTensor.
[36m(WorkerDict pid=4085110)[0m   device = getattr(value, "device", None)
[36m(WorkerDict pid=4085110)[0m /usr/local/python3.11.14/lib/python3.11/site-packages/torch/distributed/checkpoint/default_planner.py:479: FutureWarning: Please use DTensor instead and we are deprecating ShardedTensor.
[36m(WorkerDict pid=4085110)[0m   and md.size != obj.size()
[36m(WorkerDict pid=4085097)[0m /usr/local/python3.11.14/lib/python3.11/site-packages/torch_npu/distributed/distributed_c10d.py:110: UserWarning: HCCL doesn't support gather at the moment. Implemented with allgather instead.
[36m(WorkerDict pid=4085097)[0m   warnings.warn("HCCL doesn't support gather at the moment. Implemented with allgather instead.")
[36m(WorkerDict pid=4085109)[0m [rank12]:[W617 17:41:13.502468156 compiler_depend.ts:338] Warning: Cannot create tensor with interal format while allow_internel_format=False, tensor will be created with base format. (function operator())
[36m(WorkerDict pid=4085104)[0m [rank4]:[W617 17:41:13.502506957 compiler_depend.ts:338] Warning: Cannot create tensor with interal format while allow_internel_format=False, tensor will be created with base format. (function operator())
[36m(WorkerDict pid=4085100)[0m [rank2]:[W617 17:41:13.502605900 compiler_depend.ts:338] Warning: Cannot create tensor with interal format while allow_internel_format=False, tensor will be created with base format. (function operator())
[36m(WorkerDict pid=4085103)[0m [rank3]:[W617 17:41:13.502973682 compiler_depend.ts:338] Warning: Cannot create tensor with interal format while allow_internel_format=False, tensor will be created with base format. (function operator())
[36m(WorkerDict pid=4085105)[0m [rank5]:[W617 17:41:13.502803156 compiler_depend.ts:338] Warning: Cannot create tensor with interal format while allow_internel_format=False, tensor will be created with base format. (function operator())
[36m(WorkerDict pid=4085098)[0m [rank1]:[W617 17:41:13.502956221 compiler_depend.ts:338] Warning: Cannot create tensor with interal format while allow_internel_format=False, tensor will be created with base format. (function operator())
[36m(WorkerDict pid=4085106)[0m [rank6]:[W617 17:41:13.502542698 compiler_depend.ts:338] Warning: Cannot create tensor with interal format while allow_internel_format=False, tensor will be created with base format. (function operator())
[36m(WorkerDict pid=4085111)[0m [rank10]:[W617 17:41:13.511147451 compiler_depend.ts:338] Warning: Cannot create tensor with interal format while allow_internel_format=False, tensor will be created with base format. (function operator())
[36m(WorkerDict pid=4085108)[0m [rank8]:[W617 17:41:13.502751325 compiler_depend.ts:338] Warning: Cannot create tensor with interal format while allow_internel_format=False, tensor will be created with base format. (function operator())
[36m(WorkerDict pid=4085114)[0m [rank14]:[W617 17:41:13.502761895 compiler_depend.ts:338] Warning: Cannot create tensor with interal format while allow_internel_format=False, tensor will be created with base format. (function operator())
[36m(WorkerDict pid=4085107)[0m [rank7]:[W617 17:41:13.502636721 compiler_depend.ts:338] Warning: Cannot create tensor with interal format while allow_internel_format=False, tensor will be created with base format. (function operator())
[36m(WorkerDict pid=4085115)[0m [rank13]:[W617 17:41:13.505904715 compiler_depend.ts:338] Warning: Cannot create tensor with interal format while allow_internel_format=False, tensor will be created with base format. (function operator())
[36m(WorkerDict pid=4085110)[0m [rank9]:[W617 17:41:13.504082877 compiler_depend.ts:338] Warning: Cannot create tensor with interal format while allow_internel_format=False, tensor will be created with base format. (function operator())
[36m(WorkerDict pid=4085113)[0m [rank15]:[W617 17:41:13.510834721 compiler_depend.ts:338] Warning: Cannot create tensor with interal format while allow_internel_format=False, tensor will be created with base format. (function operator())
[36m(WorkerDict pid=4085112)[0m [rank11]:[W617 17:41:13.502636601 compiler_depend.ts:338] Warning: Cannot create tensor with interal format while allow_internel_format=False, tensor will be created with base format. (function operator())
[36m(WorkerDict pid=4085109)[0m /workspace/cann-recipes-train/llm_rl/qwen3_shrink_aware/mindspeed/core/optimizer/swap_optimizer/swap_optimizer.py:128: UserWarning: TypedStorage is deprecated. It will be removed in the future and UntypedStorage will be the only storage class. This should only matter to you if you are using storages directly.  To access UntypedStorage directly, use tensor.untyped_storage() instead of tensor.storage()
[36m(WorkerDict pid=4085109)[0m   if param.storage().size() != 0:
[36m(WorkerDict pid=4085104)[0m /workspace/cann-recipes-train/llm_rl/qwen3_shrink_aware/mindspeed/core/optimizer/swap_optimizer/swap_optimizer.py:128: UserWarning: TypedStorage is deprecated. It will be removed in the future and UntypedStorage will be the only storage class. This should only matter to you if you are using storages directly.  To access UntypedStorage directly, use tensor.untyped_storage() instead of tensor.storage()
[36m(WorkerDict pid=4085104)[0m   if param.storage().size() != 0:
[36m(WorkerDict pid=4085100)[0m /workspace/cann-recipes-train/llm_rl/qwen3_shrink_aware/mindspeed/core/optimizer/swap_optimizer/swap_optimizer.py:128: UserWarning: TypedStorage is deprecated. It will be removed in the future and UntypedStorage will be the only storage class. This should only matter to you if you are using storages directly.  To access UntypedStorage directly, use tensor.untyped_storage() instead of tensor.storage()
[36m(WorkerDict pid=4085100)[0m   if param.storage().size() != 0:
[36m(WorkerDict pid=4085103)[0m /workspace/cann-recipes-train/llm_rl/qwen3_shrink_aware/mindspeed/core/optimizer/swap_optimizer/swap_optimizer.py:128: UserWarning: TypedStorage is deprecated. It will be removed in the future and UntypedStorage will be the only storage class. This should only matter to you if you are using storages directly.  To access UntypedStorage directly, use tensor.untyped_storage() instead of tensor.storage()
[36m(WorkerDict pid=4085103)[0m   if param.storage().size() != 0:
[36m(WorkerDict pid=4085097)[0m /workspace/cann-recipes-train/llm_rl/qwen3_shrink_aware/mindspeed/core/optimizer/swap_optimizer/swap_optimizer.py:128: UserWarning: TypedStorage is deprecated. It will be removed in the future and UntypedStorage will be the only storage class. This should only matter to you if you are using storages directly.  To access UntypedStorage directly, use tensor.untyped_storage() instead of tensor.storage()
[36m(WorkerDict pid=4085097)[0m   if param.storage().size() != 0:
[36m(WorkerDict pid=4085097)[0m /usr/local/python3.11.14/lib/python3.11/site-packages/torch_npu/contrib/transfer_to_npu.py:182: UserWarning: Cannot create tensor with interal format while allow_internel_format=False, tensor will be created with base format. (Triggered internally at build/CMakeFiles/torch_npu.dir/compiler_depend.ts:338.)
[36m(WorkerDict pid=4085097)[0m   return fn(*args, **kwargs)
[36m(WorkerDict pid=4085098)[0m /workspace/cann-recipes-train/llm_rl/qwen3_shrink_aware/mindspeed/core/optimizer/swap_optimizer/swap_optimizer.py:128: UserWarning: TypedStorage is deprecated. It will be removed in the future and UntypedStorage will be the only storage class. This should only matter to you if you are using storages directly.  To access UntypedStorage directly, use tensor.untyped_storage() instead of tensor.storage()
[36m(WorkerDict pid=4085098)[0m   if param.storage().size() != 0:
[36m(WorkerDict pid=4085114)[0m /workspace/cann-recipes-train/llm_rl/qwen3_shrink_aware/mindspeed/core/optimizer/swap_optimizer/swap_optimizer.py:128: UserWarning: TypedStorage is deprecated. It will be removed in the future and UntypedStorage will be the only storage class. This should only matter to you if you are using storages directly.  To access UntypedStorage directly, use tensor.untyped_storage() instead of tensor.storage()
[36m(WorkerDict pid=4085114)[0m   if param.storage().size() != 0:
[36m(WorkerDict pid=4085115)[0m /workspace/cann-recipes-train/llm_rl/qwen3_shrink_aware/mindspeed/core/optimizer/swap_optimizer/swap_optimizer.py:128: UserWarning: TypedStorage is deprecated. It will be removed in the future and UntypedStorage will be the only storage class. This should only matter to you if you are using storages directly.  To access UntypedStorage directly, use tensor.untyped_storage() instead of tensor.storage()
[36m(WorkerDict pid=4085115)[0m   if param.storage().size() != 0:
[36m(WorkerDict pid=4085113)[0m /workspace/cann-recipes-train/llm_rl/qwen3_shrink_aware/mindspeed/core/optimizer/swap_optimizer/swap_optimizer.py:128: UserWarning: TypedStorage is deprecated. It will be removed in the future and UntypedStorage will be the only storage class. This should only matter to you if you are using storages directly.  To access UntypedStorage directly, use tensor.untyped_storage() instead of tensor.storage()
[36m(WorkerDict pid=4085113)[0m   if param.storage().size() != 0:
[36m(WorkerDict pid=4085112)[0m /workspace/cann-recipes-train/llm_rl/qwen3_shrink_aware/mindspeed/core/optimizer/swap_optimizer/swap_optimizer.py:128: UserWarning: TypedStorage is deprecated. It will be removed in the future and UntypedStorage will be the only storage class. This should only matter to you if you are using storages directly.  To access UntypedStorage directly, use tensor.untyped_storage() instead of tensor.storage()
[36m(WorkerDict pid=4085112)[0m   if param.storage().size() != 0:
[36m(WorkerDict pid=4085107)[0m /workspace/cann-recipes-train/llm_rl/qwen3_shrink_aware/mindspeed/core/optimizer/swap_optimizer/swap_optimizer.py:128: UserWarning: TypedStorage is deprecated. It will be removed in the future and UntypedStorage will be the only storage class. This should only matter to you if you are using storages directly.  To access UntypedStorage directly, use tensor.untyped_storage() instead of tensor.storage()
[36m(WorkerDict pid=4085107)[0m   if param.storage().size() != 0:
[36m(WorkerDict pid=4085106)[0m /workspace/cann-recipes-train/llm_rl/qwen3_shrink_aware/mindspeed/core/optimizer/swap_optimizer/swap_optimizer.py:128: UserWarning: TypedStorage is deprecated. It will be removed in the future and UntypedStorage will be the only storage class. This should only matter to you if you are using storages directly.  To access UntypedStorage directly, use tensor.untyped_storage() instead of tensor.storage()
[36m(WorkerDict pid=4085106)[0m   if param.storage().size() != 0:
[36m(WorkerDict pid=4085105)[0m /workspace/cann-recipes-train/llm_rl/qwen3_shrink_aware/mindspeed/core/optimizer/swap_optimizer/swap_optimizer.py:128: UserWarning: TypedStorage is deprecated. It will be removed in the future and UntypedStorage will be the only storage class. This should only matter to you if you are using storages directly.  To access UntypedStorage directly, use tensor.untyped_storage() instead of tensor.storage()
[36m(WorkerDict pid=4085105)[0m   if param.storage().size() != 0:
[36m(WorkerDict pid=4085111)[0m /workspace/cann-recipes-train/llm_rl/qwen3_shrink_aware/mindspeed/core/optimizer/swap_optimizer/swap_optimizer.py:128: UserWarning: TypedStorage is deprecated. It will be removed in the future and UntypedStorage will be the only storage class. This should only matter to you if you are using storages directly.  To access UntypedStorage directly, use tensor.untyped_storage() instead of tensor.storage()
[36m(WorkerDict pid=4085111)[0m   if param.storage().size() != 0:
[36m(WorkerDict pid=4085108)[0m /workspace/cann-recipes-train/llm_rl/qwen3_shrink_aware/mindspeed/core/optimizer/swap_optimizer/swap_optimizer.py:128: UserWarning: TypedStorage is deprecated. It will be removed in the future and UntypedStorage will be the only storage class. This should only matter to you if you are using storages directly.  To access UntypedStorage directly, use tensor.untyped_storage() instead of tensor.storage()
[36m(WorkerDict pid=4085108)[0m   if param.storage().size() != 0:
[36m(WorkerDict pid=4085110)[0m /workspace/cann-recipes-train/llm_rl/qwen3_shrink_aware/mindspeed/core/optimizer/swap_optimizer/swap_optimizer.py:128: UserWarning: TypedStorage is deprecated. It will be removed in the future and UntypedStorage will be the only storage class. This should only matter to you if you are using storages directly.  To access UntypedStorage directly, use tensor.untyped_storage() instead of tensor.storage()
[36m(WorkerDict pid=4085110)[0m   if param.storage().size() != 0:
[36m(WorkerDict pid=4085109)[0m /workspace/cann-recipes-train/llm_rl/qwen3_shrink_aware/verl/utils/profiler/config.py:49: UserWarning: Torch profiler tool config is not fully supported now.
[36m(WorkerDict pid=4085109)[0m   warnings.warn("Torch profiler tool config is not fully supported now.", stacklevel=1)
[36m(WorkerDict pid=4085097)[0m /workspace/cann-recipes-train/llm_rl/qwen3_shrink_aware/verl/utils/profiler/config.py:49: UserWarning: Torch profiler tool config is not fully supported now.
[36m(WorkerDict pid=4085097)[0m   warnings.warn("Torch profiler tool config is not fully supported now.", stacklevel=1)
[36m(WorkerDict pid=4085109)[0m <frozen importlib._bootstrap>:241: DeprecationWarning: builtin type SwigPyPacked has no __module__ attribute
[36m(WorkerDict pid=4085109)[0m <frozen importlib._bootstrap>:241: DeprecationWarning: builtin type SwigPyObject has no __module__ attribute
[36m(WorkerDict pid=4085100)[0m /workspace/cann-recipes-train/llm_rl/qwen3_shrink_aware/verl/utils/profiler/config.py:49: UserWarning: Torch profiler tool config is not fully supported now.
[36m(WorkerDict pid=4085100)[0m   warnings.warn("Torch profiler tool config is not fully supported now.", stacklevel=1)
[36m(WorkerDict pid=4085106)[0m /workspace/cann-recipes-train/llm_rl/qwen3_shrink_aware/verl/utils/profiler/config.py:49: UserWarning: Torch profiler tool config is not fully supported now.
[36m(WorkerDict pid=4085106)[0m   warnings.warn("Torch profiler tool config is not fully supported now.", stacklevel=1)
[36m(WorkerDict pid=4085113)[0m /workspace/cann-recipes-train/llm_rl/qwen3_shrink_aware/verl/utils/profiler/config.py:49: UserWarning: Torch profiler tool config is not fully supported now.
[36m(WorkerDict pid=4085113)[0m   warnings.warn("Torch profiler tool config is not fully supported now.", stacklevel=1)
[36m(WorkerDict pid=4085112)[0m /workspace/cann-recipes-train/llm_rl/qwen3_shrink_aware/verl/utils/profiler/config.py:49: UserWarning: Torch profiler tool config is not fully supported now.
[36m(WorkerDict pid=4085112)[0m   warnings.warn("Torch profiler tool config is not fully supported now.", stacklevel=1)
[36m(WorkerDict pid=4085103)[0m /workspace/cann-recipes-train/llm_rl/qwen3_shrink_aware/verl/utils/profiler/config.py:49: UserWarning: Torch profiler tool config is not fully supported now.
[36m(WorkerDict pid=4085103)[0m   warnings.warn("Torch profiler tool config is not fully supported now.", stacklevel=1)
[36m(WorkerDict pid=4085098)[0m /workspace/cann-recipes-train/llm_rl/qwen3_shrink_aware/verl/utils/profiler/config.py:49: UserWarning: Torch profiler tool config is not fully supported now.
[36m(WorkerDict pid=4085098)[0m   warnings.warn("Torch profiler tool config is not fully supported now.", stacklevel=1)
[36m(WorkerDict pid=4085114)[0m /workspace/cann-recipes-train/llm_rl/qwen3_shrink_aware/verl/utils/profiler/config.py:49: UserWarning: Torch profiler tool config is not fully supported now.
[36m(WorkerDict pid=4085114)[0m   warnings.warn("Torch profiler tool config is not fully supported now.", stacklevel=1)
[36m(WorkerDict pid=4085107)[0m /workspace/cann-recipes-train/llm_rl/qwen3_shrink_aware/verl/utils/profiler/config.py:49: UserWarning: Torch profiler tool config is not fully supported now.
[36m(WorkerDict pid=4085107)[0m   warnings.warn("Torch profiler tool config is not fully supported now.", stacklevel=1)
[36m(WorkerDict pid=4085115)[0m /workspace/cann-recipes-train/llm_rl/qwen3_shrink_aware/verl/utils/profiler/config.py:49: UserWarning: Torch profiler tool config is not fully supported now.
[36m(WorkerDict pid=4085115)[0m   warnings.warn("Torch profiler tool config is not fully supported now.", stacklevel=1)
[36m(WorkerDict pid=4085097)[0m <frozen importlib._bootstrap>:241: DeprecationWarning: builtin type SwigPyPacked has no __module__ attribute
[36m(WorkerDict pid=4085097)[0m <frozen importlib._bootstrap>:241: DeprecationWarning: builtin type SwigPyObject has no __module__ attribute
[36m(WorkerDict pid=4085104)[0m /workspace/cann-recipes-train/llm_rl/qwen3_shrink_aware/verl/utils/profiler/config.py:49: UserWarning: Torch profiler tool config is not fully supported now.
[36m(WorkerDict pid=4085104)[0m   warnings.warn("Torch profiler tool config is not fully supported now.", stacklevel=1)
[36m(WorkerDict pid=4085100)[0m <frozen importlib._bootstrap>:241: DeprecationWarning: builtin type SwigPyPacked has no __module__ attribute
[36m(WorkerDict pid=4085100)[0m <frozen importlib._bootstrap>:241: DeprecationWarning: builtin type SwigPyObject has no __module__ attribute
[36m(WorkerDict pid=4085106)[0m <frozen importlib._bootstrap>:241: DeprecationWarning: builtin type SwigPyPacked has no __module__ attribute
[36m(WorkerDict pid=4085106)[0m <frozen importlib._bootstrap>:241: DeprecationWarning: builtin type SwigPyObject has no __module__ attribute
[36m(WorkerDict pid=4085111)[0m /workspace/cann-recipes-train/llm_rl/qwen3_shrink_aware/verl/utils/profiler/config.py:49: UserWarning: Torch profiler tool config is not fully supported now.
[36m(WorkerDict pid=4085111)[0m   warnings.warn("Torch profiler tool config is not fully supported now.", stacklevel=1)
[36m(WorkerDict pid=4085108)[0m /workspace/cann-recipes-train/llm_rl/qwen3_shrink_aware/verl/utils/profiler/config.py:49: UserWarning: Torch profiler tool config is not fully supported now.
[36m(WorkerDict pid=4085108)[0m   warnings.warn("Torch profiler tool config is not fully supported now.", stacklevel=1)
[36m(WorkerDict pid=4085113)[0m <frozen importlib._bootstrap>:241: DeprecationWarning: builtin type SwigPyPacked has no __module__ attribute
[36m(WorkerDict pid=4085113)[0m <frozen importlib._bootstrap>:241: DeprecationWarning: builtin type SwigPyObject has no __module__ attribute
[36m(WorkerDict pid=4085112)[0m <frozen importlib._bootstrap>:241: DeprecationWarning: builtin type SwigPyPacked has no __module__ attribute
[36m(WorkerDict pid=4085112)[0m <frozen importlib._bootstrap>:241: DeprecationWarning: builtin type SwigPyObject has no __module__ attribute
[36m(WorkerDict pid=4085103)[0m <frozen importlib._bootstrap>:241: DeprecationWarning: builtin type SwigPyPacked has no __module__ attribute
[36m(WorkerDict pid=4085103)[0m <frozen importlib._bootstrap>:241: DeprecationWarning: builtin type SwigPyObject has no __module__ attribute
[36m(WorkerDict pid=4085098)[0m <frozen importlib._bootstrap>:241: DeprecationWarning: builtin type SwigPyPacked has no __module__ attribute
[36m(WorkerDict pid=4085098)[0m <frozen importlib._bootstrap>:241: DeprecationWarning: builtin type SwigPyObject has no __module__ attribute
[36m(WorkerDict pid=4085114)[0m <frozen importlib._bootstrap>:241: DeprecationWarning: builtin type SwigPyPacked has no __module__ attribute
[36m(WorkerDict pid=4085114)[0m <frozen importlib._bootstrap>:241: DeprecationWarning: builtin type SwigPyObject has no __module__ attribute
[36m(WorkerDict pid=4085107)[0m <frozen importlib._bootstrap>:241: DeprecationWarning: builtin type SwigPyPacked has no __module__ attribute
[36m(WorkerDict pid=4085107)[0m <frozen importlib._bootstrap>:241: DeprecationWarning: builtin type SwigPyObject has no __module__ attribute
[36m(WorkerDict pid=4085115)[0m <frozen importlib._bootstrap>:241: DeprecationWarning: builtin type SwigPyPacked has no __module__ attribute
[36m(WorkerDict pid=4085115)[0m <frozen importlib._bootstrap>:241: DeprecationWarning: builtin type SwigPyObject has no __module__ attribute
[36m(WorkerDict pid=4085105)[0m /workspace/cann-recipes-train/llm_rl/qwen3_shrink_aware/verl/utils/profiler/config.py:49: UserWarning: Torch profiler tool config is not fully supported now.
[36m(WorkerDict pid=4085105)[0m   warnings.warn("Torch profiler tool config is not fully supported now.", stacklevel=1)
[36m(WorkerDict pid=4085110)[0m /workspace/cann-recipes-train/llm_rl/qwen3_shrink_aware/verl/utils/profiler/config.py:49: UserWarning: Torch profiler tool config is not fully supported now.
[36m(WorkerDict pid=4085110)[0m   warnings.warn("Torch profiler tool config is not fully supported now.", stacklevel=1)
[36m(WorkerDict pid=4085104)[0m <frozen importlib._bootstrap>:241: DeprecationWarning: builtin type SwigPyPacked has no __module__ attribute
[36m(WorkerDict pid=4085104)[0m <frozen importlib._bootstrap>:241: DeprecationWarning: builtin type SwigPyObject has no __module__ attribute
[36m(WorkerDict pid=4085111)[0m <frozen importlib._bootstrap>:241: DeprecationWarning: builtin type SwigPyPacked has no __module__ attribute
[36m(WorkerDict pid=4085111)[0m <frozen importlib._bootstrap>:241: DeprecationWarning: builtin type SwigPyObject has no __module__ attribute
[36m(WorkerDict pid=4085108)[0m <frozen importlib._bootstrap>:241: DeprecationWarning: builtin type SwigPyPacked has no __module__ attribute
[36m(WorkerDict pid=4085108)[0m <frozen importlib._bootstrap>:241: DeprecationWarning: builtin type SwigPyObject has no __module__ attribute
[36m(WorkerDict pid=4085105)[0m <frozen importlib._bootstrap>:241: DeprecationWarning: builtin type SwigPyPacked has no __module__ attribute
[36m(WorkerDict pid=4085105)[0m <frozen importlib._bootstrap>:241: DeprecationWarning: builtin type SwigPyObject has no __module__ attribute
[36m(WorkerDict pid=4085110)[0m <frozen importlib._bootstrap>:241: DeprecationWarning: builtin type SwigPyPacked has no __module__ attribute
[36m(WorkerDict pid=4085110)[0m <frozen importlib._bootstrap>:241: DeprecationWarning: builtin type SwigPyObject has no __module__ attribute
[36m(WorkerDict pid=4085104)[0m `torch_dtype` is deprecated! Use `dtype` instead!
[36m(WorkerDict pid=4085103)[0m `torch_dtype` is deprecated! Use `dtype` instead!
[36m(WorkerDict pid=4085097)[0m `torch_dtype` is deprecated! Use `dtype` instead!
[36m(WorkerDict pid=4085098)[0m `torch_dtype` is deprecated! Use `dtype` instead!
[36m(WorkerDict pid=4085106)[0m `torch_dtype` is deprecated! Use `dtype` instead!
[36m(WorkerDict pid=4085111)[0m `torch_dtype` is deprecated! Use `dtype` instead!
[36m(WorkerDict pid=4085108)[0m `torch_dtype` is deprecated! Use `dtype` instead!
[36m(WorkerDict pid=4085114)[0m `torch_dtype` is deprecated! Use `dtype` instead!
[36m(WorkerDict pid=4085107)[0m `torch_dtype` is deprecated! Use `dtype` instead!
[36m(WorkerDict pid=4085115)[0m `torch_dtype` is deprecated! Use `dtype` instead!
[36m(WorkerDict pid=4085110)[0m `torch_dtype` is deprecated! Use `dtype` instead!
[36m(WorkerDict pid=4085113)[0m `torch_dtype` is deprecated! Use `dtype` instead!
[36m(WorkerDict pid=4085112)[0m `torch_dtype` is deprecated! Use `dtype` instead!
[36m(WorkerDict pid=4085109)[0m `torch_dtype` is deprecated! Use `dtype` instead!
[36m(WorkerDict pid=4085100)[0m `torch_dtype` is deprecated! Use `dtype` instead!
[36m(WorkerDict pid=4085105)[0m `torch_dtype` is deprecated! Use `dtype` instead!
[36m(WorkerDict pid=4085113)[0m /workspace/cann-recipes-train/llm_rl/qwen3_shrink_aware/megatron/core/transformer/transformer_config.py:1065: UserWarning: Using a large number of experts (e.g. >=32) without fp32 routing. Consider enabling moe_router_dtype for better numerical stability.
[36m(WorkerDict pid=4085113)[0m   warnings.warn(
[36m(WorkerDict pid=4085100)[0m /workspace/cann-recipes-train/llm_rl/qwen3_shrink_aware/megatron/core/transformer/transformer_config.py:1065: UserWarning: Using a large number of experts (e.g. >=32) without fp32 routing. Consider enabling moe_router_dtype for better numerical stability.
[36m(WorkerDict pid=4085100)[0m   warnings.warn(
[36m(WorkerDict pid=4085104)[0m /workspace/cann-recipes-train/llm_rl/qwen3_shrink_aware/megatron/core/transformer/transformer_config.py:1065: UserWarning: Using a large number of experts (e.g. >=32) without fp32 routing. Consider enabling moe_router_dtype for better numerical stability.
[36m(WorkerDict pid=4085104)[0m   warnings.warn(
[36m(WorkerDict pid=4085108)[0m /workspace/cann-recipes-train/llm_rl/qwen3_shrink_aware/megatron/core/transformer/transformer_config.py:1065: UserWarning: Using a large number of experts (e.g. >=32) without fp32 routing. Consider enabling moe_router_dtype for better numerical stability.
[36m(WorkerDict pid=4085108)[0m   warnings.warn(
[36m(WorkerDict pid=4085112)[0m /workspace/cann-recipes-train/llm_rl/qwen3_shrink_aware/megatron/core/transformer/transformer_config.py:1065: UserWarning: Using a large number of experts (e.g. >=32) without fp32 routing. Consider enabling moe_router_dtype for better numerical stability.
[36m(WorkerDict pid=4085112)[0m   warnings.warn(
[36m(WorkerDict pid=4085107)[0m /workspace/cann-recipes-train/llm_rl/qwen3_shrink_aware/megatron/core/transformer/transformer_config.py:1065: UserWarning: Using a large number of experts (e.g. >=32) without fp32 routing. Consider enabling moe_router_dtype for better numerical stability.
[36m(WorkerDict pid=4085107)[0m   warnings.warn(
[36m(WorkerDict pid=4085115)[0m /workspace/cann-recipes-train/llm_rl/qwen3_shrink_aware/megatron/core/transformer/transformer_config.py:1065: UserWarning: Using a large number of experts (e.g. >=32) without fp32 routing. Consider enabling moe_router_dtype for better numerical stability.
[36m(WorkerDict pid=4085115)[0m   warnings.warn(
[36m(WorkerDict pid=4085109)[0m /workspace/cann-recipes-train/llm_rl/qwen3_shrink_aware/megatron/core/transformer/transformer_config.py:1065: UserWarning: Using a large number of experts (e.g. >=32) without fp32 routing. Consider enabling moe_router_dtype for better numerical stability.
[36m(WorkerDict pid=4085109)[0m   warnings.warn(
[36m(WorkerDict pid=4085111)[0m /workspace/cann-recipes-train/llm_rl/qwen3_shrink_aware/megatron/core/transformer/transformer_config.py:1065: UserWarning: Using a large number of experts (e.g. >=32) without fp32 routing. Consider enabling moe_router_dtype for better numerical stability.
[36m(WorkerDict pid=4085111)[0m   warnings.warn(
[36m(WorkerDict pid=4085114)[0m /workspace/cann-recipes-train/llm_rl/qwen3_shrink_aware/megatron/core/transformer/transformer_config.py:1065: UserWarning: Using a large number of experts (e.g. >=32) without fp32 routing. Consider enabling moe_router_dtype for better numerical stability.
[36m(WorkerDict pid=4085114)[0m   warnings.warn(
[36m(WorkerDict pid=4085103)[0m /workspace/cann-recipes-train/llm_rl/qwen3_shrink_aware/megatron/core/transformer/transformer_config.py:1065: UserWarning: Using a large number of experts (e.g. >=32) without fp32 routing. Consider enabling moe_router_dtype for better numerical stability.
[36m(WorkerDict pid=4085103)[0m   warnings.warn(
[36m(WorkerDict pid=4085098)[0m /workspace/cann-recipes-train/llm_rl/qwen3_shrink_aware/megatron/core/transformer/transformer_config.py:1065: UserWarning: Using a large number of experts (e.g. >=32) without fp32 routing. Consider enabling moe_router_dtype for better numerical stability.
[36m(WorkerDict pid=4085098)[0m   warnings.warn(
[36m(WorkerDict pid=4085106)[0m /workspace/cann-recipes-train/llm_rl/qwen3_shrink_aware/megatron/core/transformer/transformer_config.py:1065: UserWarning: Using a large number of experts (e.g. >=32) without fp32 routing. Consider enabling moe_router_dtype for better numerical stability.
[36m(WorkerDict pid=4085106)[0m   warnings.warn(
[36m(WorkerDict pid=4085110)[0m /workspace/cann-recipes-train/llm_rl/qwen3_shrink_aware/megatron/core/transformer/transformer_config.py:1065: UserWarning: Using a large number of experts (e.g. >=32) without fp32 routing. Consider enabling moe_router_dtype for better numerical stability.
[36m(WorkerDict pid=4085110)[0m   warnings.warn(
[36m(WorkerDict pid=4085105)[0m /workspace/cann-recipes-train/llm_rl/qwen3_shrink_aware/megatron/core/transformer/transformer_config.py:1065: UserWarning: Using a large number of experts (e.g. >=32) without fp32 routing. Consider enabling moe_router_dtype for better numerical stability.
[36m(WorkerDict pid=4085105)[0m   warnings.warn(
[36m(WorkerDict pid=4085097)[0m /workspace/cann-recipes-train/llm_rl/qwen3_shrink_aware/megatron/core/transformer/transformer_config.py:1065: UserWarning: Using a large number of experts (e.g. >=32) without fp32 routing. Consider enabling moe_router_dtype for better numerical stability.
[36m(WorkerDict pid=4085097)[0m   warnings.warn(
[36m(TaskRunner pid=4083615)[0m Training Progress:   0%|          | 0/5 [00:00<?, ?it/s]
[36m(WorkerDict pid=4085104)[0m Adding requests:   0%|          | 0/32 [00:00<?, ?it/s]Adding requests: 100%|██████████| 32/32 [00:00<00:00, 8986.79it/s]
[36m(WorkerDict pid=4085104)[0m Processed prompts:   0%|          | 0/32 [00:00<?, ?it/s, est. speed input: 0.00 toks/s, output: 0.00 toks/s]
[36m(WorkerDict pid=4085111)[0m Adding requests:   0%|          | 0/32 [00:00<?, ?it/s]Adding requests: 100%|██████████| 32/32 [00:00<00:00, 9777.64it/s]
[36m(WorkerDict pid=4085111)[0m Processed prompts:   0%|          | 0/32 [00:00<?, ?it/s, est. speed input: 0.00 toks/s, output: 0.00 toks/s]
[36m(WorkerDict pid=4085115)[0m Adding requests:   0%|          | 0/32 [00:00<?, ?it/s]Adding requests: 100%|██████████| 32/32 [00:00<00:00, 9251.29it/s]
[36m(WorkerDict pid=4085115)[0m Processed prompts:   0%|          | 0/32 [00:00<?, ?it/s, est. speed input: 0.00 toks/s, output: 0.00 toks/s]
[36m(WorkerDict pid=4085113)[0m Adding requests:   0%|          | 0/32 [00:00<?, ?it/s]Adding requests: 100%|██████████| 32/32 [00:00<00:00, 8389.66it/s]
[36m(WorkerDict pid=4085113)[0m Processed prompts:   0%|          | 0/32 [00:00<?, ?it/s, est. speed input: 0.00 toks/s, output: 0.00 toks/s]
[36m(WorkerDict pid=4085103)[0m Adding requests:   0%|          | 0/32 [00:00<?, ?it/s]Adding requests: 100%|██████████| 32/32 [00:00<00:00, 9208.76it/s]
[36m(WorkerDict pid=4085103)[0m Processed prompts:   0%|          | 0/32 [00:00<?, ?it/s, est. speed input: 0.00 toks/s, output: 0.00 toks/s]
[36m(WorkerDict pid=4085106)[0m Adding requests:   0%|          | 0/32 [00:00<?, ?it/s]Adding requests: 100%|██████████| 32/32 [00:00<00:00, 8125.05it/s]
[36m(WorkerDict pid=4085106)[0m Processed prompts:   0%|          | 0/32 [00:00<?, ?it/s, est. speed input: 0.00 toks/s, output: 0.00 toks/s]
[36m(WorkerDict pid=4085108)[0m Adding requests:   0%|          | 0/32 [00:00<?, ?it/s]Adding requests: 100%|██████████| 32/32 [00:00<00:00, 8905.69it/s]
[36m(WorkerDict pid=4085108)[0m Processed prompts:   0%|          | 0/32 [00:00<?, ?it/s, est. speed input: 0.00 toks/s, output: 0.00 toks/s]
[36m(WorkerDict pid=4085109)[0m Adding requests:   0%|          | 0/32 [00:00<?, ?it/s]Adding requests: 100%|██████████| 32/32 [00:00<00:00, 10322.85it/s]
[36m(WorkerDict pid=4085109)[0m Processed prompts:   0%|          | 0/32 [00:00<?, ?it/s, est. speed input: 0.00 toks/s, output: 0.00 toks/s]
[36m(WorkerDict pid=4085100)[0m Adding requests:   0%|          | 0/32 [00:00<?, ?it/s]
[36m(WorkerDict pid=4085114)[0m Adding requests:   0%|          | 0/32 [00:00<?, ?it/s]Adding requests: 100%|██████████| 32/32 [00:00<00:00, 9278.15it/s]
[36m(WorkerDict pid=4085114)[0m Processed prompts:   0%|          | 0/32 [00:00<?, ?it/s, est. speed input: 0.00 toks/s, output: 0.00 toks/s]
[36m(WorkerDict pid=4085112)[0m Adding requests:   0%|          | 0/32 [00:00<?, ?it/s]Adding requests: 100%|██████████| 32/32 [00:00<00:00, 9327.80it/s]
[36m(WorkerDict pid=4085112)[0m Processed prompts:   0%|          | 0/32 [00:00<?, ?it/s, est. speed input: 0.00 toks/s, output: 0.00 toks/s]
[36m(WorkerDict pid=4085100)[0m Adding requests: 100%|██████████| 32/32 [00:00<00:00, 9857.35it/s]
[36m(WorkerDict pid=4085100)[0m Processed prompts:   0%|          | 0/32 [00:00<?, ?it/s, est. speed input: 0.00 toks/s, output: 0.00 toks/s]
[36m(WorkerDict pid=4085107)[0m Adding requests:   0%|          | 0/32 [00:00<?, ?it/s]Adding requests: 100%|██████████| 32/32 [00:00<00:00, 8976.57it/s]
[36m(WorkerDict pid=4085107)[0m Processed prompts:   0%|          | 0/32 [00:00<?, ?it/s, est. speed input: 0.00 toks/s, output: 0.00 toks/s]
[36m(WorkerDict pid=4085105)[0m Adding requests:   0%|          | 0/32 [00:00<?, ?it/s]Adding requests: 100%|██████████| 32/32 [00:00<00:00, 8911.61it/s]
[36m(WorkerDict pid=4085105)[0m Processed prompts:   0%|          | 0/32 [00:00<?, ?it/s, est. speed input: 0.00 toks/s, output: 0.00 toks/s]
[36m(WorkerDict pid=4085098)[0m Adding requests:   0%|          | 0/32 [00:00<?, ?it/s]Adding requests: 100%|██████████| 32/32 [00:00<00:00, 9845.78it/s]
[36m(WorkerDict pid=4085098)[0m Processed prompts:   0%|          | 0/32 [00:00<?, ?it/s, est. speed input: 0.00 toks/s, output: 0.00 toks/s]
[36m(WorkerDict pid=4085097)[0m Adding requests:   0%|          | 0/32 [00:00<?, ?it/s]Adding requests: 100%|██████████| 32/32 [00:00<00:00, 9735.80it/s]
[36m(WorkerDict pid=4085097)[0m Processed prompts:   0%|          | 0/32 [00:00<?, ?it/s, est. speed input: 0.00 toks/s, output: 0.00 toks/s]
[36m(WorkerDict pid=4085110)[0m Adding requests:   0%|          | 0/32 [00:00<?, ?it/s]Adding requests: 100%|██████████| 32/32 [00:00<00:00, 9342.73it/s]
[36m(WorkerDict pid=4085110)[0m Processed prompts:   0%|          | 0/32 [00:00<?, ?it/s, est. speed input: 0.00 toks/s, output: 0.00 toks/s]
[36m(WorkerDict pid=4085103)[0m [rank3]:E0617 17:43:29.957000 4085103 site-packages/torch/_dynamo/metrics_context.py:105] [0/0] Unexpected exception logging compilation metrics
[36m(WorkerDict pid=4085103)[0m [rank3]:E0617 17:43:29.957000 4085103 site-packages/torch/_dynamo/metrics_context.py:105] [0/0] Traceback (most recent call last):
[36m(WorkerDict pid=4085103)[0m [rank3]:E0617 17:43:29.957000 4085103 site-packages/torch/_dynamo/metrics_context.py:105] [0/0]   File "/usr/local/python3.11.14/lib/python3.11/site-packages/torch/_dynamo/metrics_context.py", line 101, in __exit__
[36m(WorkerDict pid=4085103)[0m [rank3]:E0617 17:43:29.957000 4085103 site-packages/torch/_dynamo/metrics_context.py:105] [0/0]     self._on_exit(
[36m(WorkerDict pid=4085103)[0m [rank3]:E0617 17:43:29.957000 4085103 site-packages/torch/_dynamo/metrics_context.py:105] [0/0]   File "/usr/local/python3.11.14/lib/python3.11/site-packages/torch/_dynamo/utils.py", line 1632, in record_compilation_metrics
[36m(WorkerDict pid=4085103)[0m [rank3]:E0617 17:43:29.957000 4085103 site-packages/torch/_dynamo/metrics_context.py:105] [0/0]     "triton_version": triton.__version__ if has_triton() else "",
[36m(WorkerDict pid=4085103)[0m [rank3]:E0617 17:43:29.957000 4085103 site-packages/torch/_dynamo/metrics_context.py:105] [0/0]                                             ^^^^^^^^^^^^
[36m(WorkerDict pid=4085103)[0m [rank3]:E0617 17:43:29.957000 4085103 site-packages/torch/_dynamo/metrics_context.py:105] [0/0]   File "/usr/local/python3.11.14/lib/python3.11/site-packages/torch/utils/_triton.py", line 159, in has_triton
[36m(WorkerDict pid=4085103)[0m [rank3]:E0617 17:43:29.957000 4085103 site-packages/torch/_dynamo/metrics_context.py:105] [0/0]     return is_device_compatible_with_triton()
[36m(WorkerDict pid=4085103)[0m [rank3]:E0617 17:43:29.957000 4085103 site-packages/torch/_dynamo/metrics_context.py:105] [0/0]            ^^^^^^^^^^^^^^^^^^^^^^^^^^^^^^^^^^
[36m(WorkerDict pid=4085103)[0m [rank3]:E0617 17:43:29.957000 4085103 site-packages/torch/_dynamo/metrics_context.py:105] [0/0]   File "/usr/local/python3.11.14/lib/python3.11/site-packages/torch/utils/_triton.py", line 155, in is_device_compatible_with_triton
[36m(WorkerDict pid=4085103)[0m [rank3]:E0617 17:43:29.957000 4085103 site-packages/torch/_dynamo/metrics_context.py:105] [0/0]     if device_interface.is_available() and extra_check(device_interface):
[36m(WorkerDict pid=4085103)[0m [rank3]:E0617 17:43:29.957000 4085103 site-packages/torch/_dynamo/metrics_context.py:105] [0/0]                                            ^^^^^^^^^^^^^^^^^^^^^^^^^^^^^
[36m(WorkerDict pid=4085103)[0m [rank3]:E0617 17:43:29.957000 4085103 site-packages/torch/_dynamo/metrics_context.py:105] [0/0]   File "/usr/local/python3.11.14/lib/python3.11/site-packages/torch/utils/_triton.py", line 135, in cuda_extra_check
[36m(WorkerDict pid=4085103)[0m [rank3]:E0617 17:43:29.957000 4085103 site-packages/torch/_dynamo/metrics_context.py:105] [0/0]     return device_interface.Worker.get_device_properties().major >= 7
[36m(WorkerDict pid=4085103)[0m [rank3]:E0617 17:43:29.957000 4085103 site-packages/torch/_dynamo/metrics_context.py:105] [0/0]            ^^^^^^^^^^^^^^^^^^^^^^^^^^^^^^^^^^^^^^^^^^^^^^^^^^^^^^^^^^
[36m(WorkerDict pid=4085103)[0m [rank3]:E0617 17:43:29.957000 4085103 site-packages/torch/_dynamo/metrics_context.py:105] [0/0] TypeError: '>=' not supported between instances of 'NoneType' and 'int'
[36m(WorkerDict pid=4085097)[0m [rank0]:E0617 17:43:29.885000 4085097 site-packages/torch/_dynamo/metrics_context.py:105] [0/0] Unexpected exception logging compilation metrics
[36m(WorkerDict pid=4085097)[0m [rank0]:E0617 17:43:29.885000 4085097 site-packages/torch/_dynamo/metrics_context.py:105] [0/0] Traceback (most recent call last):
[36m(WorkerDict pid=4085097)[0m [rank0]:E0617 17:43:29.885000 4085097 site-packages/torch/_dynamo/metrics_context.py:105] [0/0]   File "/usr/local/python3.11.14/lib/python3.11/site-packages/torch/_dynamo/metrics_context.py", line 101, in __exit__
[36m(WorkerDict pid=4085097)[0m [rank0]:E0617 17:43:29.885000 4085097 site-packages/torch/_dynamo/metrics_context.py:105] [0/0]     self._on_exit(
[36m(WorkerDict pid=4085097)[0m [rank0]:E0617 17:43:29.885000 4085097 site-packages/torch/_dynamo/metrics_context.py:105] [0/0]   File "/usr/local/python3.11.14/lib/python3.11/site-packages/torch/_dynamo/utils.py", line 1632, in record_compilation_metrics
[36m(WorkerDict pid=4085097)[0m [rank0]:E0617 17:43:29.885000 4085097 site-packages/torch/_dynamo/metrics_context.py:105] [0/0]     "triton_version": triton.__version__ if has_triton() else "",
[36m(WorkerDict pid=4085097)[0m [rank0]:E0617 17:43:29.885000 4085097 site-packages/torch/_dynamo/metrics_context.py:105] [0/0]                                             ^^^^^^^^^^^^
[36m(WorkerDict pid=4085097)[0m [rank0]:E0617 17:43:29.885000 4085097 site-packages/torch/_dynamo/metrics_context.py:105] [0/0]   File "/usr/local/python3.11.14/lib/python3.11/site-packages/torch/utils/_triton.py", line 159, in has_triton
[36m(WorkerDict pid=4085097)[0m [rank0]:E0617 17:43:29.885000 4085097 site-packages/torch/_dynamo/metrics_context.py:105] [0/0]     return is_device_compatible_with_triton()
[36m(WorkerDict pid=4085097)[0m [rank0]:E0617 17:43:29.885000 4085097 site-packages/torch/_dynamo/metrics_context.py:105] [0/0]            ^^^^^^^^^^^^^^^^^^^^^^^^^^^^^^^^^^
[36m(WorkerDict pid=4085097)[0m [rank0]:E0617 17:43:29.885000 4085097 site-packages/torch/_dynamo/metrics_context.py:105] [0/0]   File "/usr/local/python3.11.14/lib/python3.11/site-packages/torch/utils/_triton.py", line 155, in is_device_compatible_with_triton
[36m(WorkerDict pid=4085097)[0m [rank0]:E0617 17:43:29.885000 4085097 site-packages/torch/_dynamo/metrics_context.py:105] [0/0]     if device_interface.is_available() and extra_check(device_interface):
[36m(WorkerDict pid=4085097)[0m [rank0]:E0617 17:43:29.885000 4085097 site-packages/torch/_dynamo/metrics_context.py:105] [0/0]                                            ^^^^^^^^^^^^^^^^^^^^^^^^^^^^^
[36m(WorkerDict pid=4085097)[0m [rank0]:E0617 17:43:29.885000 4085097 site-packages/torch/_dynamo/metrics_context.py:105] [0/0]   File "/usr/local/python3.11.14/lib/python3.11/site-packages/torch/utils/_triton.py", line 135, in cuda_extra_check
[36m(WorkerDict pid=4085097)[0m [rank0]:E0617 17:43:29.885000 4085097 site-packages/torch/_dynamo/metrics_context.py:105] [0/0]     return device_interface.Worker.get_device_properties().major >= 7
[36m(WorkerDict pid=4085097)[0m [rank0]:E0617 17:43:29.885000 4085097 site-packages/torch/_dynamo/metrics_context.py:105] [0/0]            ^^^^^^^^^^^^^^^^^^^^^^^^^^^^^^^^^^^^^^^^^^^^^^^^^^^^^^^^^^
[36m(WorkerDict pid=4085097)[0m [rank0]:E0617 17:43:29.885000 4085097 site-packages/torch/_dynamo/metrics_context.py:105] [0/0] TypeError: '>=' not supported between instances of 'NoneType' and 'int'
[36m(WorkerDict pid=4085108)[0m [rank8]:E0617 17:43:29.988000 4085108 site-packages/torch/_dynamo/metrics_context.py:105] [0/0] Unexpected exception logging compilation metrics
[36m(WorkerDict pid=4085108)[0m [rank8]:E0617 17:43:29.988000 4085108 site-packages/torch/_dynamo/metrics_context.py:105] [0/0] Traceback (most recent call last):
[36m(WorkerDict pid=4085108)[0m [rank8]:E0617 17:43:29.988000 4085108 site-packages/torch/_dynamo/metrics_context.py:105] [0/0]   File "/usr/local/python3.11.14/lib/python3.11/site-packages/torch/_dynamo/metrics_context.py", line 101, in __exit__
[36m(WorkerDict pid=4085108)[0m [rank8]:E0617 17:43:29.988000 4085108 site-packages/torch/_dynamo/metrics_context.py:105] [0/0]     self._on_exit(
[36m(WorkerDict pid=4085108)[0m [rank8]:E0617 17:43:29.988000 4085108 site-packages/torch/_dynamo/metrics_context.py:105] [0/0]   File "/usr/local/python3.11.14/lib/python3.11/site-packages/torch/_dynamo/utils.py", line 1632, in record_compilation_metrics
[36m(WorkerDict pid=4085108)[0m [rank8]:E0617 17:43:29.988000 4085108 site-packages/torch/_dynamo/metrics_context.py:105] [0/0]     "triton_version": triton.__version__ if has_triton() else "",
[36m(WorkerDict pid=4085108)[0m [rank8]:E0617 17:43:29.988000 4085108 site-packages/torch/_dynamo/metrics_context.py:105] [0/0]                                             ^^^^^^^^^^^^
[36m(WorkerDict pid=4085108)[0m [rank8]:E0617 17:43:29.988000 4085108 site-packages/torch/_dynamo/metrics_context.py:105] [0/0]   File "/usr/local/python3.11.14/lib/python3.11/site-packages/torch/utils/_triton.py", line 159, in has_triton
[36m(WorkerDict pid=4085108)[0m [rank8]:E0617 17:43:29.988000 4085108 site-packages/torch/_dynamo/metrics_context.py:105] [0/0]     return is_device_compatible_with_triton()
[36m(WorkerDict pid=4085108)[0m [rank8]:E0617 17:43:29.988000 4085108 site-packages/torch/_dynamo/metrics_context.py:105] [0/0]            ^^^^^^^^^^^^^^^^^^^^^^^^^^^^^^^^^^
[36m(WorkerDict pid=4085108)[0m [rank8]:E0617 17:43:29.988000 4085108 site-packages/torch/_dynamo/metrics_context.py:105] [0/0]   File "/usr/local/python3.11.14/lib/python3.11/site-packages/torch/utils/_triton.py", line 155, in is_device_compatible_with_triton
[36m(WorkerDict pid=4085108)[0m [rank8]:E0617 17:43:29.988000 4085108 site-packages/torch/_dynamo/metrics_context.py:105] [0/0]     if device_interface.is_available() and extra_check(device_interface):
[36m(WorkerDict pid=4085108)[0m [rank8]:E0617 17:43:29.988000 4085108 site-packages/torch/_dynamo/metrics_context.py:105] [0/0]                                            ^^^^^^^^^^^^^^^^^^^^^^^^^^^^^
[36m(WorkerDict pid=4085108)[0m [rank8]:E0617 17:43:29.988000 4085108 site-packages/torch/_dynamo/metrics_context.py:105] [0/0]   File "/usr/local/python3.11.14/lib/python3.11/site-packages/torch/utils/_triton.py", line 135, in cuda_extra_check
[36m(WorkerDict pid=4085108)[0m [rank8]:E0617 17:43:29.988000 4085108 site-packages/torch/_dynamo/metrics_context.py:105] [0/0]     return device_interface.Worker.get_device_properties().major >= 7
[36m(WorkerDict pid=4085108)[0m [rank8]:E0617 17:43:29.988000 4085108 site-packages/torch/_dynamo/metrics_context.py:105] [0/0]            ^^^^^^^^^^^^^^^^^^^^^^^^^^^^^^^^^^^^^^^^^^^^^^^^^^^^^^^^^^
[36m(WorkerDict pid=4085108)[0m [rank8]:E0617 17:43:29.988000 4085108 site-packages/torch/_dynamo/metrics_context.py:105] [0/0] TypeError: '>=' not supported between instances of 'NoneType' and 'int'
[36m(WorkerDict pid=4085110)[0m [rank9]:E0617 17:43:29.987000 4085110 site-packages/torch/_dynamo/metrics_context.py:105] [0/0] Unexpected exception logging compilation metrics
[36m(WorkerDict pid=4085110)[0m [rank9]:E0617 17:43:29.987000 4085110 site-packages/torch/_dynamo/metrics_context.py:105] [0/0] Traceback (most recent call last):
[36m(WorkerDict pid=4085110)[0m [rank9]:E0617 17:43:29.987000 4085110 site-packages/torch/_dynamo/metrics_context.py:105] [0/0]   File "/usr/local/python3.11.14/lib/python3.11/site-packages/torch/_dynamo/metrics_context.py", line 101, in __exit__
[36m(WorkerDict pid=4085110)[0m [rank9]:E0617 17:43:29.987000 4085110 site-packages/torch/_dynamo/metrics_context.py:105] [0/0]     self._on_exit(
[36m(WorkerDict pid=4085110)[0m [rank9]:E0617 17:43:29.987000 4085110 site-packages/torch/_dynamo/metrics_context.py:105] [0/0]   File "/usr/local/python3.11.14/lib/python3.11/site-packages/torch/_dynamo/utils.py", line 1632, in record_compilation_metrics
[36m(WorkerDict pid=4085110)[0m [rank9]:E0617 17:43:29.987000 4085110 site-packages/torch/_dynamo/metrics_context.py:105] [0/0]     "triton_version": triton.__version__ if has_triton() else "",
[36m(WorkerDict pid=4085110)[0m [rank9]:E0617 17:43:29.987000 4085110 site-packages/torch/_dynamo/metrics_context.py:105] [0/0]                                             ^^^^^^^^^^^^
[36m(WorkerDict pid=4085110)[0m [rank9]:E0617 17:43:29.987000 4085110 site-packages/torch/_dynamo/metrics_context.py:105] [0/0]   File "/usr/local/python3.11.14/lib/python3.11/site-packages/torch/utils/_triton.py", line 159, in has_triton
[36m(WorkerDict pid=4085110)[0m [rank9]:E0617 17:43:29.987000 4085110 site-packages/torch/_dynamo/metrics_context.py:105] [0/0]     return is_device_compatible_with_triton()
[36m(WorkerDict pid=4085110)[0m [rank9]:E0617 17:43:29.987000 4085110 site-packages/torch/_dynamo/metrics_context.py:105] [0/0]            ^^^^^^^^^^^^^^^^^^^^^^^^^^^^^^^^^^
[36m(WorkerDict pid=4085110)[0m [rank9]:E0617 17:43:29.987000 4085110 site-packages/torch/_dynamo/metrics_context.py:105] [0/0]   File "/usr/local/python3.11.14/lib/python3.11/site-packages/torch/utils/_triton.py", line 155, in is_device_compatible_with_triton
[36m(WorkerDict pid=4085110)[0m [rank9]:E0617 17:43:29.987000 4085110 site-packages/torch/_dynamo/metrics_context.py:105] [0/0]     if device_interface.is_available() and extra_check(device_interface):
[36m(WorkerDict pid=4085110)[0m [rank9]:E0617 17:43:29.987000 4085110 site-packages/torch/_dynamo/metrics_context.py:105] [0/0]                                            ^^^^^^^^^^^^^^^^^^^^^^^^^^^^^
[36m(WorkerDict pid=4085110)[0m [rank9]:E0617 17:43:29.987000 4085110 site-packages/torch/_dynamo/metrics_context.py:105] [0/0]   File "/usr/local/python3.11.14/lib/python3.11/site-packages/torch/utils/_triton.py", line 135, in cuda_extra_check
[36m(WorkerDict pid=4085110)[0m [rank9]:E0617 17:43:29.987000 4085110 site-packages/torch/_dynamo/metrics_context.py:105] [0/0]     return device_interface.Worker.get_device_properties().major >= 7
[36m(WorkerDict pid=4085110)[0m [rank9]:E0617 17:43:29.987000 4085110 site-packages/torch/_dynamo/metrics_context.py:105] [0/0]            ^^^^^^^^^^^^^^^^^^^^^^^^^^^^^^^^^^^^^^^^^^^^^^^^^^^^^^^^^^
[36m(WorkerDict pid=4085110)[0m [rank9]:E0617 17:43:29.987000 4085110 site-packages/torch/_dynamo/metrics_context.py:105] [0/0] TypeError: '>=' not supported between instances of 'NoneType' and 'int'
[36m(WorkerDict pid=4085113)[0m [rank15]:E0617 17:43:29.980000 4085113 site-packages/torch/_dynamo/metrics_context.py:105] [0/0] Unexpected exception logging compilation metrics
[36m(WorkerDict pid=4085113)[0m [rank15]:E0617 17:43:29.980000 4085113 site-packages/torch/_dynamo/metrics_context.py:105] [0/0] Traceback (most recent call last):
[36m(WorkerDict pid=4085113)[0m [rank15]:E0617 17:43:29.980000 4085113 site-packages/torch/_dynamo/metrics_context.py:105] [0/0]   File "/usr/local/python3.11.14/lib/python3.11/site-packages/torch/_dynamo/metrics_context.py", line 101, in __exit__
[36m(WorkerDict pid=4085113)[0m [rank15]:E0617 17:43:29.980000 4085113 site-packages/torch/_dynamo/metrics_context.py:105] [0/0]     self._on_exit(
[36m(WorkerDict pid=4085113)[0m [rank15]:E0617 17:43:29.980000 4085113 site-packages/torch/_dynamo/metrics_context.py:105] [0/0]   File "/usr/local/python3.11.14/lib/python3.11/site-packages/torch/_dynamo/utils.py", line 1632, in record_compilation_metrics
[36m(WorkerDict pid=4085113)[0m [rank15]:E0617 17:43:29.980000 4085113 site-packages/torch/_dynamo/metrics_context.py:105] [0/0]     "triton_version": triton.__version__ if has_triton() else "",
[36m(WorkerDict pid=4085113)[0m [rank15]:E0617 17:43:29.980000 4085113 site-packages/torch/_dynamo/metrics_context.py:105] [0/0]                                             ^^^^^^^^^^^^
[36m(WorkerDict pid=4085113)[0m [rank15]:E0617 17:43:29.980000 4085113 site-packages/torch/_dynamo/metrics_context.py:105] [0/0]   File "/usr/local/python3.11.14/lib/python3.11/site-packages/torch/utils/_triton.py", line 159, in has_triton
[36m(WorkerDict pid=4085113)[0m [rank15]:E0617 17:43:29.980000 4085113 site-packages/torch/_dynamo/metrics_context.py:105] [0/0]     return is_device_compatible_with_triton()
[36m(WorkerDict pid=4085113)[0m [rank15]:E0617 17:43:29.980000 4085113 site-packages/torch/_dynamo/metrics_context.py:105] [0/0]            ^^^^^^^^^^^^^^^^^^^^^^^^^^^^^^^^^^
[36m(WorkerDict pid=4085113)[0m [rank15]:E0617 17:43:29.980000 4085113 site-packages/torch/_dynamo/metrics_context.py:105] [0/0]   File "/usr/local/python3.11.14/lib/python3.11/site-packages/torch/utils/_triton.py", line 155, in is_device_compatible_with_triton
[36m(WorkerDict pid=4085113)[0m [rank15]:E0617 17:43:29.980000 4085113 site-packages/torch/_dynamo/metrics_context.py:105] [0/0]     if device_interface.is_available() and extra_check(device_interface):
[36m(WorkerDict pid=4085113)[0m [rank15]:E0617 17:43:29.980000 4085113 site-packages/torch/_dynamo/metrics_context.py:105] [0/0]                                            ^^^^^^^^^^^^^^^^^^^^^^^^^^^^^
[36m(WorkerDict pid=4085113)[0m [rank15]:E0617 17:43:29.980000 4085113 site-packages/torch/_dynamo/metrics_context.py:105] [0/0]   File "/usr/local/python3.11.14/lib/python3.11/site-packages/torch/utils/_triton.py", line 135, in cuda_extra_check
[36m(WorkerDict pid=4085113)[0m [rank15]:E0617 17:43:29.980000 4085113 site-packages/torch/_dynamo/metrics_context.py:105] [0/0]     return device_interface.Worker.get_device_properties().major >= 7
[36m(WorkerDict pid=4085113)[0m [rank15]:E0617 17:43:29.980000 4085113 site-packages/torch/_dynamo/metrics_context.py:105] [0/0]            ^^^^^^^^^^^^^^^^^^^^^^^^^^^^^^^^^^^^^^^^^^^^^^^^^^^^^^^^^^
[36m(WorkerDict pid=4085113)[0m [rank15]:E0617 17:43:29.980000 4085113 site-packages/torch/_dynamo/metrics_context.py:105] [0/0] TypeError: '>=' not supported between instances of 'NoneType' and 'int'
[36m(WorkerDict pid=4085111)[0m [rank10]:E0617 17:43:29.996000 4085111 site-packages/torch/_dynamo/metrics_context.py:105] [0/0] Unexpected exception logging compilation metrics
[36m(WorkerDict pid=4085111)[0m [rank10]:E0617 17:43:29.996000 4085111 site-packages/torch/_dynamo/metrics_context.py:105] [0/0] Traceback (most recent call last):
[36m(WorkerDict pid=4085111)[0m [rank10]:E0617 17:43:29.996000 4085111 site-packages/torch/_dynamo/metrics_context.py:105] [0/0]   File "/usr/local/python3.11.14/lib/python3.11/site-packages/torch/_dynamo/metrics_context.py", line 101, in __exit__
[36m(WorkerDict pid=4085111)[0m [rank10]:E0617 17:43:29.996000 4085111 site-packages/torch/_dynamo/metrics_context.py:105] [0/0]     self._on_exit(
[36m(WorkerDict pid=4085111)[0m [rank10]:E0617 17:43:29.996000 4085111 site-packages/torch/_dynamo/metrics_context.py:105] [0/0]   File "/usr/local/python3.11.14/lib/python3.11/site-packages/torch/_dynamo/utils.py", line 1632, in record_compilation_metrics
[36m(WorkerDict pid=4085111)[0m [rank10]:E0617 17:43:29.996000 4085111 site-packages/torch/_dynamo/metrics_context.py:105] [0/0]     "triton_version": triton.__version__ if has_triton() else "",
[36m(WorkerDict pid=4085111)[0m [rank10]:E0617 17:43:29.996000 4085111 site-packages/torch/_dynamo/metrics_context.py:105] [0/0]                                             ^^^^^^^^^^^^
[36m(WorkerDict pid=4085111)[0m [rank10]:E0617 17:43:29.996000 4085111 site-packages/torch/_dynamo/metrics_context.py:105] [0/0]   File "/usr/local/python3.11.14/lib/python3.11/site-packages/torch/utils/_triton.py", line 159, in has_triton
[36m(WorkerDict pid=4085111)[0m [rank10]:E0617 17:43:29.996000 4085111 site-packages/torch/_dynamo/metrics_context.py:105] [0/0]     return is_device_compatible_with_triton()
[36m(WorkerDict pid=4085111)[0m [rank10]:E0617 17:43:29.996000 4085111 site-packages/torch/_dynamo/metrics_context.py:105] [0/0]            ^^^^^^^^^^^^^^^^^^^^^^^^^^^^^^^^^^
[36m(WorkerDict pid=4085111)[0m [rank10]:E0617 17:43:29.996000 4085111 site-packages/torch/_dynamo/metrics_context.py:105] [0/0]   File "/usr/local/python3.11.14/lib/python3.11/site-packages/torch/utils/_triton.py", line 155, in is_device_compatible_with_triton
[36m(WorkerDict pid=4085111)[0m [rank10]:E0617 17:43:29.996000 4085111 site-packages/torch/_dynamo/metrics_context.py:105] [0/0]     if device_interface.is_available() and extra_check(device_interface):
[36m(WorkerDict pid=4085111)[0m [rank10]:E0617 17:43:29.996000 4085111 site-packages/torch/_dynamo/metrics_context.py:105] [0/0]                                            ^^^^^^^^^^^^^^^^^^^^^^^^^^^^^
[36m(WorkerDict pid=4085111)[0m [rank10]:E0617 17:43:29.996000 4085111 site-packages/torch/_dynamo/metrics_context.py:105] [0/0]   File "/usr/local/python3.11.14/lib/python3.11/site-packages/torch/utils/_triton.py", line 135, in cuda_extra_check
[36m(WorkerDict pid=4085111)[0m [rank10]:E0617 17:43:29.996000 4085111 site-packages/torch/_dynamo/metrics_context.py:105] [0/0]     return device_interface.Worker.get_device_properties().major >= 7
[36m(WorkerDict pid=4085111)[0m [rank10]:E0617 17:43:29.996000 4085111 site-packages/torch/_dynamo/metrics_context.py:105] [0/0]            ^^^^^^^^^^^^^^^^^^^^^^^^^^^^^^^^^^^^^^^^^^^^^^^^^^^^^^^^^^
[36m(WorkerDict pid=4085111)[0m [rank10]:E0617 17:43:29.996000 4085111 site-packages/torch/_dynamo/metrics_context.py:105] [0/0] TypeError: '>=' not supported between instances of 'NoneType' and 'int'
[36m(WorkerDict pid=4085109)[0m [rank12]:E0617 17:43:30.018000 4085109 site-packages/torch/_dynamo/metrics_context.py:105] [0/0] Unexpected exception logging compilation metrics
[36m(WorkerDict pid=4085109)[0m [rank12]:E0617 17:43:30.018000 4085109 site-packages/torch/_dynamo/metrics_context.py:105] [0/0] Traceback (most recent call last):
[36m(WorkerDict pid=4085109)[0m [rank12]:E0617 17:43:30.018000 4085109 site-packages/torch/_dynamo/metrics_context.py:105] [0/0]   File "/usr/local/python3.11.14/lib/python3.11/site-packages/torch/_dynamo/metrics_context.py", line 101, in __exit__
[36m(WorkerDict pid=4085109)[0m [rank12]:E0617 17:43:30.018000 4085109 site-packages/torch/_dynamo/metrics_context.py:105] [0/0]     self._on_exit(
[36m(WorkerDict pid=4085109)[0m [rank12]:E0617 17:43:30.018000 4085109 site-packages/torch/_dynamo/metrics_context.py:105] [0/0]   File "/usr/local/python3.11.14/lib/python3.11/site-packages/torch/_dynamo/utils.py", line 1632, in record_compilation_metrics
[36m(WorkerDict pid=4085109)[0m [rank12]:E0617 17:43:30.018000 4085109 site-packages/torch/_dynamo/metrics_context.py:105] [0/0]     "triton_version": triton.__version__ if has_triton() else "",
[36m(WorkerDict pid=4085109)[0m [rank12]:E0617 17:43:30.018000 4085109 site-packages/torch/_dynamo/metrics_context.py:105] [0/0]                                             ^^^^^^^^^^^^
[36m(WorkerDict pid=4085109)[0m [rank12]:E0617 17:43:30.018000 4085109 site-packages/torch/_dynamo/metrics_context.py:105] [0/0]   File "/usr/local/python3.11.14/lib/python3.11/site-packages/torch/utils/_triton.py", line 159, in has_triton
[36m(WorkerDict pid=4085109)[0m [rank12]:E0617 17:43:30.018000 4085109 site-packages/torch/_dynamo/metrics_context.py:105] [0/0]     return is_device_compatible_with_triton()
[36m(WorkerDict pid=4085109)[0m [rank12]:E0617 17:43:30.018000 4085109 site-packages/torch/_dynamo/metrics_context.py:105] [0/0]            ^^^^^^^^^^^^^^^^^^^^^^^^^^^^^^^^^^
[36m(WorkerDict pid=4085109)[0m [rank12]:E0617 17:43:30.018000 4085109 site-packages/torch/_dynamo/metrics_context.py:105] [0/0]   File "/usr/local/python3.11.14/lib/python3.11/site-packages/torch/utils/_triton.py", line 155, in is_device_compatible_with_triton
[36m(WorkerDict pid=4085109)[0m [rank12]:E0617 17:43:30.018000 4085109 site-packages/torch/_dynamo/metrics_context.py:105] [0/0]     if device_interface.is_available() and extra_check(device_interface):
[36m(WorkerDict pid=4085109)[0m [rank12]:E0617 17:43:30.018000 4085109 site-packages/torch/_dynamo/metrics_context.py:105] [0/0]                                            ^^^^^^^^^^^^^^^^^^^^^^^^^^^^^
[36m(WorkerDict pid=4085109)[0m [rank12]:E0617 17:43:30.018000 4085109 site-packages/torch/_dynamo/metrics_context.py:105] [0/0]   File "/usr/local/python3.11.14/lib/python3.11/site-packages/torch/utils/_triton.py", line 135, in cuda_extra_check
[36m(WorkerDict pid=4085109)[0m [rank12]:E0617 17:43:30.018000 4085109 site-packages/torch/_dynamo/metrics_context.py:105] [0/0]     return device_interface.Worker.get_device_properties().major >= 7
[36m(WorkerDict pid=4085109)[0m [rank12]:E0617 17:43:30.018000 4085109 site-packages/torch/_dynamo/metrics_context.py:105] [0/0]            ^^^^^^^^^^^^^^^^^^^^^^^^^^^^^^^^^^^^^^^^^^^^^^^^^^^^^^^^^^
[36m(WorkerDict pid=4085109)[0m [rank12]:E0617 17:43:30.018000 4085109 site-packages/torch/_dynamo/metrics_context.py:105] [0/0] TypeError: '>=' not supported between instances of 'NoneType' and 'int'
[36m(WorkerDict pid=4085104)[0m [rank4]:E0617 17:43:30.024000 4085104 site-packages/torch/_dynamo/metrics_context.py:105] [0/0] Unexpected exception logging compilation metrics
[36m(WorkerDict pid=4085104)[0m [rank4]:E0617 17:43:30.024000 4085104 site-packages/torch/_dynamo/metrics_context.py:105] [0/0] Traceback (most recent call last):
[36m(WorkerDict pid=4085104)[0m [rank4]:E0617 17:43:30.024000 4085104 site-packages/torch/_dynamo/metrics_context.py:105] [0/0]   File "/usr/local/python3.11.14/lib/python3.11/site-packages/torch/_dynamo/metrics_context.py", line 101, in __exit__
[36m(WorkerDict pid=4085104)[0m [rank4]:E0617 17:43:30.024000 4085104 site-packages/torch/_dynamo/metrics_context.py:105] [0/0]     self._on_exit(
[36m(WorkerDict pid=4085104)[0m [rank4]:E0617 17:43:30.024000 4085104 site-packages/torch/_dynamo/metrics_context.py:105] [0/0]   File "/usr/local/python3.11.14/lib/python3.11/site-packages/torch/_dynamo/utils.py", line 1632, in record_compilation_metrics
[36m(WorkerDict pid=4085104)[0m [rank4]:E0617 17:43:30.024000 4085104 site-packages/torch/_dynamo/metrics_context.py:105] [0/0]     "triton_version": triton.__version__ if has_triton() else "",
[36m(WorkerDict pid=4085104)[0m [rank4]:E0617 17:43:30.024000 4085104 site-packages/torch/_dynamo/metrics_context.py:105] [0/0]                                             ^^^^^^^^^^^^
[36m(WorkerDict pid=4085104)[0m [rank4]:E0617 17:43:30.024000 4085104 site-packages/torch/_dynamo/metrics_context.py:105] [0/0]   File "/usr/local/python3.11.14/lib/python3.11/site-packages/torch/utils/_triton.py", line 159, in has_triton
[36m(WorkerDict pid=4085104)[0m [rank4]:E0617 17:43:30.024000 4085104 site-packages/torch/_dynamo/metrics_context.py:105] [0/0]     return is_device_compatible_with_triton()
[36m(WorkerDict pid=4085104)[0m [rank4]:E0617 17:43:30.024000 4085104 site-packages/torch/_dynamo/metrics_context.py:105] [0/0]            ^^^^^^^^^^^^^^^^^^^^^^^^^^^^^^^^^^
[36m(WorkerDict pid=4085104)[0m [rank4]:E0617 17:43:30.024000 4085104 site-packages/torch/_dynamo/metrics_context.py:105] [0/0]   File "/usr/local/python3.11.14/lib/python3.11/site-packages/torch/utils/_triton.py", line 155, in is_device_compatible_with_triton
[36m(WorkerDict pid=4085104)[0m [rank4]:E0617 17:43:30.024000 4085104 site-packages/torch/_dynamo/metrics_context.py:105] [0/0]     if device_interface.is_available() and extra_check(device_interface):
[36m(WorkerDict pid=4085104)[0m [rank4]:E0617 17:43:30.024000 4085104 site-packages/torch/_dynamo/metrics_context.py:105] [0/0]                                            ^^^^^^^^^^^^^^^^^^^^^^^^^^^^^
[36m(WorkerDict pid=4085104)[0m [rank4]:E0617 17:43:30.024000 4085104 site-packages/torch/_dynamo/metrics_context.py:105] [0/0]   File "/usr/local/python3.11.14/lib/python3.11/site-packages/torch/utils/_triton.py", line 135, in cuda_extra_check
[36m(WorkerDict pid=4085104)[0m [rank4]:E0617 17:43:30.024000 4085104 site-packages/torch/_dynamo/metrics_context.py:105] [0/0]     return device_interface.Worker.get_device_properties().major >= 7
[36m(WorkerDict pid=4085104)[0m [rank4]:E0617 17:43:30.024000 4085104 site-packages/torch/_dynamo/metrics_context.py:105] [0/0]            ^^^^^^^^^^^^^^^^^^^^^^^^^^^^^^^^^^^^^^^^^^^^^^^^^^^^^^^^^^
[36m(WorkerDict pid=4085104)[0m [rank4]:E0617 17:43:30.024000 4085104 site-packages/torch/_dynamo/metrics_context.py:105] [0/0] TypeError: '>=' not supported between instances of 'NoneType' and 'int'
[36m(WorkerDict pid=4085100)[0m [rank2]:E0617 17:43:30.073000 4085100 site-packages/torch/_dynamo/metrics_context.py:105] [0/0] Unexpected exception logging compilation metrics
[36m(WorkerDict pid=4085100)[0m [rank2]:E0617 17:43:30.073000 4085100 site-packages/torch/_dynamo/metrics_context.py:105] [0/0] Traceback (most recent call last):
[36m(WorkerDict pid=4085100)[0m [rank2]:E0617 17:43:30.073000 4085100 site-packages/torch/_dynamo/metrics_context.py:105] [0/0]   File "/usr/local/python3.11.14/lib/python3.11/site-packages/torch/_dynamo/metrics_context.py", line 101, in __exit__
[36m(WorkerDict pid=4085100)[0m [rank2]:E0617 17:43:30.073000 4085100 site-packages/torch/_dynamo/metrics_context.py:105] [0/0]     self._on_exit(
[36m(WorkerDict pid=4085100)[0m [rank2]:E0617 17:43:30.073000 4085100 site-packages/torch/_dynamo/metrics_context.py:105] [0/0]   File "/usr/local/python3.11.14/lib/python3.11/site-packages/torch/_dynamo/utils.py", line 1632, in record_compilation_metrics
[36m(WorkerDict pid=4085100)[0m [rank2]:E0617 17:43:30.073000 4085100 site-packages/torch/_dynamo/metrics_context.py:105] [0/0]     "triton_version": triton.__version__ if has_triton() else "",
[36m(WorkerDict pid=4085100)[0m [rank2]:E0617 17:43:30.073000 4085100 site-packages/torch/_dynamo/metrics_context.py:105] [0/0]                                             ^^^^^^^^^^^^
[36m(WorkerDict pid=4085100)[0m [rank2]:E0617 17:43:30.073000 4085100 site-packages/torch/_dynamo/metrics_context.py:105] [0/0]   File "/usr/local/python3.11.14/lib/python3.11/site-packages/torch/utils/_triton.py", line 159, in has_triton
[36m(WorkerDict pid=4085100)[0m [rank2]:E0617 17:43:30.073000 4085100 site-packages/torch/_dynamo/metrics_context.py:105] [0/0]     return is_device_compatible_with_triton()
[36m(WorkerDict pid=4085100)[0m [rank2]:E0617 17:43:30.073000 4085100 site-packages/torch/_dynamo/metrics_context.py:105] [0/0]            ^^^^^^^^^^^^^^^^^^^^^^^^^^^^^^^^^^
[36m(WorkerDict pid=4085100)[0m [rank2]:E0617 17:43:30.073000 4085100 site-packages/torch/_dynamo/metrics_context.py:105] [0/0]   File "/usr/local/python3.11.14/lib/python3.11/site-packages/torch/utils/_triton.py", line 155, in is_device_compatible_with_triton
[36m(WorkerDict pid=4085100)[0m [rank2]:E0617 17:43:30.073000 4085100 site-packages/torch/_dynamo/metrics_context.py:105] [0/0]     if device_interface.is_available() and extra_check(device_interface):
[36m(WorkerDict pid=4085100)[0m [rank2]:E0617 17:43:30.073000 4085100 site-packages/torch/_dynamo/metrics_context.py:105] [0/0]                                            ^^^^^^^^^^^^^^^^^^^^^^^^^^^^^
[36m(WorkerDict pid=4085100)[0m [rank2]:E0617 17:43:30.073000 4085100 site-packages/torch/_dynamo/metrics_context.py:105] [0/0]   File "/usr/local/python3.11.14/lib/python3.11/site-packages/torch/utils/_triton.py", line 135, in cuda_extra_check
[36m(WorkerDict pid=4085100)[0m [rank2]:E0617 17:43:30.073000 4085100 site-packages/torch/_dynamo/metrics_context.py:105] [0/0]     return device_interface.Worker.get_device_properties().major >= 7
[36m(WorkerDict pid=4085100)[0m [rank2]:E0617 17:43:30.073000 4085100 site-packages/torch/_dynamo/metrics_context.py:105] [0/0]            ^^^^^^^^^^^^^^^^^^^^^^^^^^^^^^^^^^^^^^^^^^^^^^^^^^^^^^^^^^
[36m(WorkerDict pid=4085100)[0m [rank2]:E0617 17:43:30.073000 4085100 site-packages/torch/_dynamo/metrics_context.py:105] [0/0] TypeError: '>=' not supported between instances of 'NoneType' and 'int'
[36m(WorkerDict pid=4085105)[0m [rank5]:E0617 17:43:30.032000 4085105 site-packages/torch/_dynamo/metrics_context.py:105] [0/0] Unexpected exception logging compilation metrics
[36m(WorkerDict pid=4085105)[0m [rank5]:E0617 17:43:30.032000 4085105 site-packages/torch/_dynamo/metrics_context.py:105] [0/0] Traceback (most recent call last):
[36m(WorkerDict pid=4085105)[0m [rank5]:E0617 17:43:30.032000 4085105 site-packages/torch/_dynamo/metrics_context.py:105] [0/0]   File "/usr/local/python3.11.14/lib/python3.11/site-packages/torch/_dynamo/metrics_context.py", line 101, in __exit__
[36m(WorkerDict pid=4085105)[0m [rank5]:E0617 17:43:30.032000 4085105 site-packages/torch/_dynamo/metrics_context.py:105] [0/0]     self._on_exit(
[36m(WorkerDict pid=4085105)[0m [rank5]:E0617 17:43:30.032000 4085105 site-packages/torch/_dynamo/metrics_context.py:105] [0/0]   File "/usr/local/python3.11.14/lib/python3.11/site-packages/torch/_dynamo/utils.py", line 1632, in record_compilation_metrics
[36m(WorkerDict pid=4085105)[0m [rank5]:E0617 17:43:30.032000 4085105 site-packages/torch/_dynamo/metrics_context.py:105] [0/0]     "triton_version": triton.__version__ if has_triton() else "",
[36m(WorkerDict pid=4085105)[0m [rank5]:E0617 17:43:30.032000 4085105 site-packages/torch/_dynamo/metrics_context.py:105] [0/0]                                             ^^^^^^^^^^^^
[36m(WorkerDict pid=4085105)[0m [rank5]:E0617 17:43:30.032000 4085105 site-packages/torch/_dynamo/metrics_context.py:105] [0/0]   File "/usr/local/python3.11.14/lib/python3.11/site-packages/torch/utils/_triton.py", line 159, in has_triton
[36m(WorkerDict pid=4085105)[0m [rank5]:E0617 17:43:30.032000 4085105 site-packages/torch/_dynamo/metrics_context.py:105] [0/0]     return is_device_compatible_with_triton()
[36m(WorkerDict pid=4085105)[0m [rank5]:E0617 17:43:30.032000 4085105 site-packages/torch/_dynamo/metrics_context.py:105] [0/0]            ^^^^^^^^^^^^^^^^^^^^^^^^^^^^^^^^^^
[36m(WorkerDict pid=4085105)[0m [rank5]:E0617 17:43:30.032000 4085105 site-packages/torch/_dynamo/metrics_context.py:105] [0/0]   File "/usr/local/python3.11.14/lib/python3.11/site-packages/torch/utils/_triton.py", line 155, in is_device_compatible_with_triton
[36m(WorkerDict pid=4085105)[0m [rank5]:E0617 17:43:30.032000 4085105 site-packages/torch/_dynamo/metrics_context.py:105] [0/0]     if device_interface.is_available() and extra_check(device_interface):
[36m(WorkerDict pid=4085105)[0m [rank5]:E0617 17:43:30.032000 4085105 site-packages/torch/_dynamo/metrics_context.py:105] [0/0]                                            ^^^^^^^^^^^^^^^^^^^^^^^^^^^^^
[36m(WorkerDict pid=4085105)[0m [rank5]:E0617 17:43:30.032000 4085105 site-packages/torch/_dynamo/metrics_context.py:105] [0/0]   File "/usr/local/python3.11.14/lib/python3.11/site-packages/torch/utils/_triton.py", line 135, in cuda_extra_check
[36m(WorkerDict pid=4085105)[0m [rank5]:E0617 17:43:30.032000 4085105 site-packages/torch/_dynamo/metrics_context.py:105] [0/0]     return device_interface.Worker.get_device_properties().major >= 7
[36m(WorkerDict pid=4085105)[0m [rank5]:E0617 17:43:30.032000 4085105 site-packages/torch/_dynamo/metrics_context.py:105] [0/0]            ^^^^^^^^^^^^^^^^^^^^^^^^^^^^^^^^^^^^^^^^^^^^^^^^^^^^^^^^^^
[36m(WorkerDict pid=4085105)[0m [rank5]:E0617 17:43:30.032000 4085105 site-packages/torch/_dynamo/metrics_context.py:105] [0/0] TypeError: '>=' not supported between instances of 'NoneType' and 'int'
[36m(WorkerDict pid=4085098)[0m [rank1]:E0617 17:43:30.025000 4085098 site-packages/torch/_dynamo/metrics_context.py:105] [0/0] Unexpected exception logging compilation metrics
[36m(WorkerDict pid=4085098)[0m [rank1]:E0617 17:43:30.025000 4085098 site-packages/torch/_dynamo/metrics_context.py:105] [0/0] Traceback (most recent call last):
[36m(WorkerDict pid=4085098)[0m [rank1]:E0617 17:43:30.025000 4085098 site-packages/torch/_dynamo/metrics_context.py:105] [0/0]   File "/usr/local/python3.11.14/lib/python3.11/site-packages/torch/_dynamo/metrics_context.py", line 101, in __exit__
[36m(WorkerDict pid=4085098)[0m [rank1]:E0617 17:43:30.025000 4085098 site-packages/torch/_dynamo/metrics_context.py:105] [0/0]     self._on_exit(
[36m(WorkerDict pid=4085098)[0m [rank1]:E0617 17:43:30.025000 4085098 site-packages/torch/_dynamo/metrics_context.py:105] [0/0]   File "/usr/local/python3.11.14/lib/python3.11/site-packages/torch/_dynamo/utils.py", line 1632, in record_compilation_metrics
[36m(WorkerDict pid=4085098)[0m [rank1]:E0617 17:43:30.025000 4085098 site-packages/torch/_dynamo/metrics_context.py:105] [0/0]     "triton_version": triton.__version__ if has_triton() else "",
[36m(WorkerDict pid=4085098)[0m [rank1]:E0617 17:43:30.025000 4085098 site-packages/torch/_dynamo/metrics_context.py:105] [0/0]                                             ^^^^^^^^^^^^
[36m(WorkerDict pid=4085098)[0m [rank1]:E0617 17:43:30.025000 4085098 site-packages/torch/_dynamo/metrics_context.py:105] [0/0]   File "/usr/local/python3.11.14/lib/python3.11/site-packages/torch/utils/_triton.py", line 159, in has_triton
[36m(WorkerDict pid=4085098)[0m [rank1]:E0617 17:43:30.025000 4085098 site-packages/torch/_dynamo/metrics_context.py:105] [0/0]     return is_device_compatible_with_triton()
[36m(WorkerDict pid=4085098)[0m [rank1]:E0617 17:43:30.025000 4085098 site-packages/torch/_dynamo/metrics_context.py:105] [0/0]            ^^^^^^^^^^^^^^^^^^^^^^^^^^^^^^^^^^
[36m(WorkerDict pid=4085098)[0m [rank1]:E0617 17:43:30.025000 4085098 site-packages/torch/_dynamo/metrics_context.py:105] [0/0]   File "/usr/local/python3.11.14/lib/python3.11/site-packages/torch/utils/_triton.py", line 155, in is_device_compatible_with_triton
[36m(WorkerDict pid=4085098)[0m [rank1]:E0617 17:43:30.025000 4085098 site-packages/torch/_dynamo/metrics_context.py:105] [0/0]     if device_interface.is_available() and extra_check(device_interface):
[36m(WorkerDict pid=4085098)[0m [rank1]:E0617 17:43:30.025000 4085098 site-packages/torch/_dynamo/metrics_context.py:105] [0/0]                                            ^^^^^^^^^^^^^^^^^^^^^^^^^^^^^
[36m(WorkerDict pid=4085098)[0m [rank1]:E0617 17:43:30.025000 4085098 site-packages/torch/_dynamo/metrics_context.py:105] [0/0]   File "/usr/local/python3.11.14/lib/python3.11/site-packages/torch/utils/_triton.py", line 135, in cuda_extra_check
[36m(WorkerDict pid=4085098)[0m [rank1]:E0617 17:43:30.025000 4085098 site-packages/torch/_dynamo/metrics_context.py:105] [0/0]     return device_interface.Worker.get_device_properties().major >= 7
[36m(WorkerDict pid=4085098)[0m [rank1]:E0617 17:43:30.025000 4085098 site-packages/torch/_dynamo/metrics_context.py:105] [0/0]            ^^^^^^^^^^^^^^^^^^^^^^^^^^^^^^^^^^^^^^^^^^^^^^^^^^^^^^^^^^
[36m(WorkerDict pid=4085098)[0m [rank1]:E0617 17:43:30.025000 4085098 site-packages/torch/_dynamo/metrics_context.py:105] [0/0] TypeError: '>=' not supported between instances of 'NoneType' and 'int'
[36m(WorkerDict pid=4085106)[0m [rank6]:E0617 17:43:30.027000 4085106 site-packages/torch/_dynamo/metrics_context.py:105] [0/0] Unexpected exception logging compilation metrics
[36m(WorkerDict pid=4085106)[0m [rank6]:E0617 17:43:30.027000 4085106 site-packages/torch/_dynamo/metrics_context.py:105] [0/0] Traceback (most recent call last):
[36m(WorkerDict pid=4085106)[0m [rank6]:E0617 17:43:30.027000 4085106 site-packages/torch/_dynamo/metrics_context.py:105] [0/0]   File "/usr/local/python3.11.14/lib/python3.11/site-packages/torch/_dynamo/metrics_context.py", line 101, in __exit__
[36m(WorkerDict pid=4085106)[0m [rank6]:E0617 17:43:30.027000 4085106 site-packages/torch/_dynamo/metrics_context.py:105] [0/0]     self._on_exit(
[36m(WorkerDict pid=4085106)[0m [rank6]:E0617 17:43:30.027000 4085106 site-packages/torch/_dynamo/metrics_context.py:105] [0/0]   File "/usr/local/python3.11.14/lib/python3.11/site-packages/torch/_dynamo/utils.py", line 1632, in record_compilation_metrics
[36m(WorkerDict pid=4085106)[0m [rank6]:E0617 17:43:30.027000 4085106 site-packages/torch/_dynamo/metrics_context.py:105] [0/0]     "triton_version": triton.__version__ if has_triton() else "",
[36m(WorkerDict pid=4085106)[0m [rank6]:E0617 17:43:30.027000 4085106 site-packages/torch/_dynamo/metrics_context.py:105] [0/0]                                             ^^^^^^^^^^^^
[36m(WorkerDict pid=4085106)[0m [rank6]:E0617 17:43:30.027000 4085106 site-packages/torch/_dynamo/metrics_context.py:105] [0/0]   File "/usr/local/python3.11.14/lib/python3.11/site-packages/torch/utils/_triton.py", line 159, in has_triton
[36m(WorkerDict pid=4085106)[0m [rank6]:E0617 17:43:30.027000 4085106 site-packages/torch/_dynamo/metrics_context.py:105] [0/0]     return is_device_compatible_with_triton()
[36m(WorkerDict pid=4085106)[0m [rank6]:E0617 17:43:30.027000 4085106 site-packages/torch/_dynamo/metrics_context.py:105] [0/0]            ^^^^^^^^^^^^^^^^^^^^^^^^^^^^^^^^^^
[36m(WorkerDict pid=4085106)[0m [rank6]:E0617 17:43:30.027000 4085106 site-packages/torch/_dynamo/metrics_context.py:105] [0/0]   File "/usr/local/python3.11.14/lib/python3.11/site-packages/torch/utils/_triton.py", line 155, in is_device_compatible_with_triton
[36m(WorkerDict pid=4085106)[0m [rank6]:E0617 17:43:30.027000 4085106 site-packages/torch/_dynamo/metrics_context.py:105] [0/0]     if device_interface.is_available() and extra_check(device_interface):
[36m(WorkerDict pid=4085106)[0m [rank6]:E0617 17:43:30.027000 4085106 site-packages/torch/_dynamo/metrics_context.py:105] [0/0]                                            ^^^^^^^^^^^^^^^^^^^^^^^^^^^^^
[36m(WorkerDict pid=4085106)[0m [rank6]:E0617 17:43:30.027000 4085106 site-packages/torch/_dynamo/metrics_context.py:105] [0/0]   File "/usr/local/python3.11.14/lib/python3.11/site-packages/torch/utils/_triton.py", line 135, in cuda_extra_check
[36m(WorkerDict pid=4085106)[0m [rank6]:E0617 17:43:30.027000 4085106 site-packages/torch/_dynamo/metrics_context.py:105] [0/0]     return device_interface.Worker.get_device_properties().major >= 7
[36m(WorkerDict pid=4085106)[0m [rank6]:E0617 17:43:30.027000 4085106 site-packages/torch/_dynamo/metrics_context.py:105] [0/0]            ^^^^^^^^^^^^^^^^^^^^^^^^^^^^^^^^^^^^^^^^^^^^^^^^^^^^^^^^^^
[36m(WorkerDict pid=4085106)[0m [rank6]:E0617 17:43:30.027000 4085106 site-packages/torch/_dynamo/metrics_context.py:105] [0/0] TypeError: '>=' not supported between instances of 'NoneType' and 'int'
[36m(WorkerDict pid=4085114)[0m [rank14]:E0617 17:43:30.019000 4085114 site-packages/torch/_dynamo/metrics_context.py:105] [0/0] Unexpected exception logging compilation metrics
[36m(WorkerDict pid=4085114)[0m [rank14]:E0617 17:43:30.019000 4085114 site-packages/torch/_dynamo/metrics_context.py:105] [0/0] Traceback (most recent call last):
[36m(WorkerDict pid=4085114)[0m [rank14]:E0617 17:43:30.019000 4085114 site-packages/torch/_dynamo/metrics_context.py:105] [0/0]   File "/usr/local/python3.11.14/lib/python3.11/site-packages/torch/_dynamo/metrics_context.py", line 101, in __exit__
[36m(WorkerDict pid=4085114)[0m [rank14]:E0617 17:43:30.019000 4085114 site-packages/torch/_dynamo/metrics_context.py:105] [0/0]     self._on_exit(
[36m(WorkerDict pid=4085114)[0m [rank14]:E0617 17:43:30.019000 4085114 site-packages/torch/_dynamo/metrics_context.py:105] [0/0]   File "/usr/local/python3.11.14/lib/python3.11/site-packages/torch/_dynamo/utils.py", line 1632, in record_compilation_metrics
[36m(WorkerDict pid=4085114)[0m [rank14]:E0617 17:43:30.019000 4085114 site-packages/torch/_dynamo/metrics_context.py:105] [0/0]     "triton_version": triton.__version__ if has_triton() else "",
[36m(WorkerDict pid=4085114)[0m [rank14]:E0617 17:43:30.019000 4085114 site-packages/torch/_dynamo/metrics_context.py:105] [0/0]                                             ^^^^^^^^^^^^
[36m(WorkerDict pid=4085114)[0m [rank14]:E0617 17:43:30.019000 4085114 site-packages/torch/_dynamo/metrics_context.py:105] [0/0]   File "/usr/local/python3.11.14/lib/python3.11/site-packages/torch/utils/_triton.py", line 159, in has_triton
[36m(WorkerDict pid=4085114)[0m [rank14]:E0617 17:43:30.019000 4085114 site-packages/torch/_dynamo/metrics_context.py:105] [0/0]     return is_device_compatible_with_triton()
[36m(WorkerDict pid=4085114)[0m [rank14]:E0617 17:43:30.019000 4085114 site-packages/torch/_dynamo/metrics_context.py:105] [0/0]            ^^^^^^^^^^^^^^^^^^^^^^^^^^^^^^^^^^
[36m(WorkerDict pid=4085114)[0m [rank14]:E0617 17:43:30.019000 4085114 site-packages/torch/_dynamo/metrics_context.py:105] [0/0]   File "/usr/local/python3.11.14/lib/python3.11/site-packages/torch/utils/_triton.py", line 155, in is_device_compatible_with_triton
[36m(WorkerDict pid=4085114)[0m [rank14]:E0617 17:43:30.019000 4085114 site-packages/torch/_dynamo/metrics_context.py:105] [0/0]     if device_interface.is_available() and extra_check(device_interface):
[36m(WorkerDict pid=4085114)[0m [rank14]:E0617 17:43:30.019000 4085114 site-packages/torch/_dynamo/metrics_context.py:105] [0/0]                                            ^^^^^^^^^^^^^^^^^^^^^^^^^^^^^
[36m(WorkerDict pid=4085114)[0m [rank14]:E0617 17:43:30.019000 4085114 site-packages/torch/_dynamo/metrics_context.py:105] [0/0]   File "/usr/local/python3.11.14/lib/python3.11/site-packages/torch/utils/_triton.py", line 135, in cuda_extra_check
[36m(WorkerDict pid=4085114)[0m [rank14]:E0617 17:43:30.019000 4085114 site-packages/torch/_dynamo/metrics_context.py:105] [0/0]     return device_interface.Worker.get_device_properties().major >= 7
[36m(WorkerDict pid=4085114)[0m [rank14]:E0617 17:43:30.019000 4085114 site-packages/torch/_dynamo/metrics_context.py:105] [0/0]            ^^^^^^^^^^^^^^^^^^^^^^^^^^^^^^^^^^^^^^^^^^^^^^^^^^^^^^^^^^
[36m(WorkerDict pid=4085114)[0m [rank14]:E0617 17:43:30.019000 4085114 site-packages/torch/_dynamo/metrics_context.py:105] [0/0] TypeError: '>=' not supported between instances of 'NoneType' and 'int'
[36m(WorkerDict pid=4085107)[0m [rank7]:E0617 17:43:30.020000 4085107 site-packages/torch/_dynamo/metrics_context.py:105] [0/0] Unexpected exception logging compilation metrics
[36m(WorkerDict pid=4085107)[0m [rank7]:E0617 17:43:30.020000 4085107 site-packages/torch/_dynamo/metrics_context.py:105] [0/0] Traceback (most recent call last):
[36m(WorkerDict pid=4085107)[0m [rank7]:E0617 17:43:30.020000 4085107 site-packages/torch/_dynamo/metrics_context.py:105] [0/0]   File "/usr/local/python3.11.14/lib/python3.11/site-packages/torch/_dynamo/metrics_context.py", line 101, in __exit__
[36m(WorkerDict pid=4085107)[0m [rank7]:E0617 17:43:30.020000 4085107 site-packages/torch/_dynamo/metrics_context.py:105] [0/0]     self._on_exit(
[36m(WorkerDict pid=4085107)[0m [rank7]:E0617 17:43:30.020000 4085107 site-packages/torch/_dynamo/metrics_context.py:105] [0/0]   File "/usr/local/python3.11.14/lib/python3.11/site-packages/torch/_dynamo/utils.py", line 1632, in record_compilation_metrics
[36m(WorkerDict pid=4085107)[0m [rank7]:E0617 17:43:30.020000 4085107 site-packages/torch/_dynamo/metrics_context.py:105] [0/0]     "triton_version": triton.__version__ if has_triton() else "",
[36m(WorkerDict pid=4085107)[0m [rank7]:E0617 17:43:30.020000 4085107 site-packages/torch/_dynamo/metrics_context.py:105] [0/0]                                             ^^^^^^^^^^^^
[36m(WorkerDict pid=4085107)[0m [rank7]:E0617 17:43:30.020000 4085107 site-packages/torch/_dynamo/metrics_context.py:105] [0/0]   File "/usr/local/python3.11.14/lib/python3.11/site-packages/torch/utils/_triton.py", line 159, in has_triton
[36m(WorkerDict pid=4085107)[0m [rank7]:E0617 17:43:30.020000 4085107 site-packages/torch/_dynamo/metrics_context.py:105] [0/0]     return is_device_compatible_with_triton()
[36m(WorkerDict pid=4085107)[0m [rank7]:E0617 17:43:30.020000 4085107 site-packages/torch/_dynamo/metrics_context.py:105] [0/0]            ^^^^^^^^^^^^^^^^^^^^^^^^^^^^^^^^^^
[36m(WorkerDict pid=4085107)[0m [rank7]:E0617 17:43:30.020000 4085107 site-packages/torch/_dynamo/metrics_context.py:105] [0/0]   File "/usr/local/python3.11.14/lib/python3.11/site-packages/torch/utils/_triton.py", line 155, in is_device_compatible_with_triton
[36m(WorkerDict pid=4085107)[0m [rank7]:E0617 17:43:30.020000 4085107 site-packages/torch/_dynamo/metrics_context.py:105] [0/0]     if device_interface.is_available() and extra_check(device_interface):
[36m(WorkerDict pid=4085107)[0m [rank7]:E0617 17:43:30.020000 4085107 site-packages/torch/_dynamo/metrics_context.py:105] [0/0]                                            ^^^^^^^^^^^^^^^^^^^^^^^^^^^^^
[36m(WorkerDict pid=4085107)[0m [rank7]:E0617 17:43:30.020000 4085107 site-packages/torch/_dynamo/metrics_context.py:105] [0/0]   File "/usr/local/python3.11.14/lib/python3.11/site-packages/torch/utils/_triton.py", line 135, in cuda_extra_check
[36m(WorkerDict pid=4085107)[0m [rank7]:E0617 17:43:30.020000 4085107 site-packages/torch/_dynamo/metrics_context.py:105] [0/0]     return device_interface.Worker.get_device_properties().major >= 7
[36m(WorkerDict pid=4085107)[0m [rank7]:E0617 17:43:30.020000 4085107 site-packages/torch/_dynamo/metrics_context.py:105] [0/0]            ^^^^^^^^^^^^^^^^^^^^^^^^^^^^^^^^^^^^^^^^^^^^^^^^^^^^^^^^^^
[36m(WorkerDict pid=4085107)[0m [rank7]:E0617 17:43:30.020000 4085107 site-packages/torch/_dynamo/metrics_context.py:105] [0/0] TypeError: '>=' not supported between instances of 'NoneType' and 'int'
[36m(WorkerDict pid=4085115)[0m [rank13]:E0617 17:43:30.016000 4085115 site-packages/torch/_dynamo/metrics_context.py:105] [0/0] Unexpected exception logging compilation metrics
[36m(WorkerDict pid=4085115)[0m [rank13]:E0617 17:43:30.016000 4085115 site-packages/torch/_dynamo/metrics_context.py:105] [0/0] Traceback (most recent call last):
[36m(WorkerDict pid=4085115)[0m [rank13]:E0617 17:43:30.016000 4085115 site-packages/torch/_dynamo/metrics_context.py:105] [0/0]   File "/usr/local/python3.11.14/lib/python3.11/site-packages/torch/_dynamo/metrics_context.py", line 101, in __exit__
[36m(WorkerDict pid=4085115)[0m [rank13]:E0617 17:43:30.016000 4085115 site-packages/torch/_dynamo/metrics_context.py:105] [0/0]     self._on_exit(
[36m(WorkerDict pid=4085115)[0m [rank13]:E0617 17:43:30.016000 4085115 site-packages/torch/_dynamo/metrics_context.py:105] [0/0]   File "/usr/local/python3.11.14/lib/python3.11/site-packages/torch/_dynamo/utils.py", line 1632, in record_compilation_metrics
[36m(WorkerDict pid=4085115)[0m [rank13]:E0617 17:43:30.016000 4085115 site-packages/torch/_dynamo/metrics_context.py:105] [0/0]     "triton_version": triton.__version__ if has_triton() else "",
[36m(WorkerDict pid=4085115)[0m [rank13]:E0617 17:43:30.016000 4085115 site-packages/torch/_dynamo/metrics_context.py:105] [0/0]                                             ^^^^^^^^^^^^
[36m(WorkerDict pid=4085115)[0m [rank13]:E0617 17:43:30.016000 4085115 site-packages/torch/_dynamo/metrics_context.py:105] [0/0]   File "/usr/local/python3.11.14/lib/python3.11/site-packages/torch/utils/_triton.py", line 159, in has_triton
[36m(WorkerDict pid=4085115)[0m [rank13]:E0617 17:43:30.016000 4085115 site-packages/torch/_dynamo/metrics_context.py:105] [0/0]     return is_device_compatible_with_triton()
[36m(WorkerDict pid=4085115)[0m [rank13]:E0617 17:43:30.016000 4085115 site-packages/torch/_dynamo/metrics_context.py:105] [0/0]            ^^^^^^^^^^^^^^^^^^^^^^^^^^^^^^^^^^
[36m(WorkerDict pid=4085115)[0m [rank13]:E0617 17:43:30.016000 4085115 site-packages/torch/_dynamo/metrics_context.py:105] [0/0]   File "/usr/local/python3.11.14/lib/python3.11/site-packages/torch/utils/_triton.py", line 155, in is_device_compatible_with_triton
[36m(WorkerDict pid=4085115)[0m [rank13]:E0617 17:43:30.016000 4085115 site-packages/torch/_dynamo/metrics_context.py:105] [0/0]     if device_interface.is_available() and extra_check(device_interface):
[36m(WorkerDict pid=4085115)[0m [rank13]:E0617 17:43:30.016000 4085115 site-packages/torch/_dynamo/metrics_context.py:105] [0/0]                                            ^^^^^^^^^^^^^^^^^^^^^^^^^^^^^
[36m(WorkerDict pid=4085115)[0m [rank13]:E0617 17:43:30.016000 4085115 site-packages/torch/_dynamo/metrics_context.py:105] [0/0]   File "/usr/local/python3.11.14/lib/python3.11/site-packages/torch/utils/_triton.py", line 135, in cuda_extra_check
[36m(WorkerDict pid=4085115)[0m [rank13]:E0617 17:43:30.016000 4085115 site-packages/torch/_dynamo/metrics_context.py:105] [0/0]     return device_interface.Worker.get_device_properties().major >= 7
[36m(WorkerDict pid=4085115)[0m [rank13]:E0617 17:43:30.016000 4085115 site-packages/torch/_dynamo/metrics_context.py:105] [0/0]            ^^^^^^^^^^^^^^^^^^^^^^^^^^^^^^^^^^^^^^^^^^^^^^^^^^^^^^^^^^
[36m(WorkerDict pid=4085115)[0m [rank13]:E0617 17:43:30.016000 4085115 site-packages/torch/_dynamo/metrics_context.py:105] [0/0] TypeError: '>=' not supported between instances of 'NoneType' and 'int'
[36m(WorkerDict pid=4085112)[0m [rank11]:E0617 17:43:30.025000 4085112 site-packages/torch/_dynamo/metrics_context.py:105] [0/0] Unexpected exception logging compilation metrics
[36m(WorkerDict pid=4085112)[0m [rank11]:E0617 17:43:30.025000 4085112 site-packages/torch/_dynamo/metrics_context.py:105] [0/0] Traceback (most recent call last):
[36m(WorkerDict pid=4085112)[0m [rank11]:E0617 17:43:30.025000 4085112 site-packages/torch/_dynamo/metrics_context.py:105] [0/0]   File "/usr/local/python3.11.14/lib/python3.11/site-packages/torch/_dynamo/metrics_context.py", line 101, in __exit__
[36m(WorkerDict pid=4085112)[0m [rank11]:E0617 17:43:30.025000 4085112 site-packages/torch/_dynamo/metrics_context.py:105] [0/0]     self._on_exit(
[36m(WorkerDict pid=4085112)[0m [rank11]:E0617 17:43:30.025000 4085112 site-packages/torch/_dynamo/metrics_context.py:105] [0/0]   File "/usr/local/python3.11.14/lib/python3.11/site-packages/torch/_dynamo/utils.py", line 1632, in record_compilation_metrics
[36m(WorkerDict pid=4085112)[0m [rank11]:E0617 17:43:30.025000 4085112 site-packages/torch/_dynamo/metrics_context.py:105] [0/0]     "triton_version": triton.__version__ if has_triton() else "",
[36m(WorkerDict pid=4085112)[0m [rank11]:E0617 17:43:30.025000 4085112 site-packages/torch/_dynamo/metrics_context.py:105] [0/0]                                             ^^^^^^^^^^^^
[36m(WorkerDict pid=4085112)[0m [rank11]:E0617 17:43:30.025000 4085112 site-packages/torch/_dynamo/metrics_context.py:105] [0/0]   File "/usr/local/python3.11.14/lib/python3.11/site-packages/torch/utils/_triton.py", line 159, in has_triton
[36m(WorkerDict pid=4085112)[0m [rank11]:E0617 17:43:30.025000 4085112 site-packages/torch/_dynamo/metrics_context.py:105] [0/0]     return is_device_compatible_with_triton()
[36m(WorkerDict pid=4085112)[0m [rank11]:E0617 17:43:30.025000 4085112 site-packages/torch/_dynamo/metrics_context.py:105] [0/0]            ^^^^^^^^^^^^^^^^^^^^^^^^^^^^^^^^^^
[36m(WorkerDict pid=4085112)[0m [rank11]:E0617 17:43:30.025000 4085112 site-packages/torch/_dynamo/metrics_context.py:105] [0/0]   File "/usr/local/python3.11.14/lib/python3.11/site-packages/torch/utils/_triton.py", line 155, in is_device_compatible_with_triton
[36m(WorkerDict pid=4085112)[0m [rank11]:E0617 17:43:30.025000 4085112 site-packages/torch/_dynamo/metrics_context.py:105] [0/0]     if device_interface.is_available() and extra_check(device_interface):
[36m(WorkerDict pid=4085112)[0m [rank11]:E0617 17:43:30.025000 4085112 site-packages/torch/_dynamo/metrics_context.py:105] [0/0]                                            ^^^^^^^^^^^^^^^^^^^^^^^^^^^^^
[36m(WorkerDict pid=4085112)[0m [rank11]:E0617 17:43:30.025000 4085112 site-packages/torch/_dynamo/metrics_context.py:105] [0/0]   File "/usr/local/python3.11.14/lib/python3.11/site-packages/torch/utils/_triton.py", line 135, in cuda_extra_check
[36m(WorkerDict pid=4085112)[0m [rank11]:E0617 17:43:30.025000 4085112 site-packages/torch/_dynamo/metrics_context.py:105] [0/0]     return device_interface.Worker.get_device_properties().major >= 7
[36m(WorkerDict pid=4085112)[0m [rank11]:E0617 17:43:30.025000 4085112 site-packages/torch/_dynamo/metrics_context.py:105] [0/0]            ^^^^^^^^^^^^^^^^^^^^^^^^^^^^^^^^^^^^^^^^^^^^^^^^^^^^^^^^^^
[36m(WorkerDict pid=4085112)[0m [rank11]:E0617 17:43:30.025000 4085112 site-packages/torch/_dynamo/metrics_context.py:105] [0/0] TypeError: '>=' not supported between instances of 'NoneType' and 'int'
[36m(WorkerDict pid=4085104)[0m Processed prompts:   3%|▎         | 1/32 [01:39<51:20, 99.36s/it, est. speed input: 0.40 toks/s, output: 10.27 toks/s]
[36m(WorkerDict pid=4085112)[0m Processed prompts:   3%|▎         | 1/32 [01:54<58:58, 114.14s/it, est. speed input: 0.48 toks/s, output: 10.48 toks/s]
[36m(WorkerDict pid=4085112)[0m Processed prompts:   6%|▋         | 2/32 [01:55<23:52, 47.74s/it, est. speed input: 0.95 toks/s, output: 20.86 toks/s] 
[36m(WorkerDict pid=4085112)[0m Processed prompts:   9%|▉         | 3/32 [01:56<12:45, 26.40s/it, est. speed input: 1.42 toks/s, output: 31.18 toks/s]
[36m(WorkerDict pid=4085112)[0m Processed prompts:  12%|█▎        | 4/32 [01:58<07:48, 16.73s/it, est. speed input: 1.86 toks/s, output: 41.20 toks/s]
[36m(WorkerDict pid=4085104)[0m Processed prompts:   6%|▋         | 2/32 [02:02<27:10, 54.36s/it, est. speed input: 0.65 toks/s, output: 18.84 toks/s]
[36m(WorkerDict pid=4085112)[0m Processed prompts:  16%|█▌        | 5/32 [02:03<05:41, 12.65s/it, est. speed input: 2.22 toks/s, output: 49.96 toks/s]
[36m(WorkerDict pid=4085112)[0m Processed prompts:  19%|█▉        | 6/32 [02:04<03:40,  8.47s/it, est. speed input: 2.66 toks/s, output: 60.39 toks/s]
[36m(WorkerDict pid=4085098)[0m Processed prompts:   3%|▎         | 1/32 [02:07<1:05:58, 127.71s/it, est. speed input: 0.27 toks/s, output: 10.65 toks/s]
[36m(WorkerDict pid=4085104)[0m Processed prompts:   9%|▉         | 3/32 [02:11<16:14, 33.59s/it, est. speed input: 0.92 toks/s, output: 28.15 toks/s]
[36m(WorkerDict pid=4085112)[0m Processed prompts:  22%|██▏       | 7/32 [02:12<03:27,  8.29s/it, est. speed input: 2.92 toks/s, output: 67.41 toks/s]
[36m(WorkerDict pid=4085112)[0m Processed prompts:  25%|██▌       | 8/32 [02:15<02:42,  6.79s/it, est. speed input: 3.25 toks/s, output: 76.30 toks/s]
[36m(WorkerDict pid=4085100)[0m Processed prompts:   3%|▎         | 1/32 [02:16<1:10:35, 136.63s/it, est. speed input: 0.65 toks/s, output: 10.69 toks/s]
[36m(WorkerDict pid=4085098)[0m Processed prompts:   6%|▋         | 2/32 [02:17<29:02, 58.09s/it, est. speed input: 0.51 toks/s, output: 20.65 toks/s]   
[36m(WorkerDict pid=4085112)[0m Processed prompts:  28%|██▊       | 9/32 [02:19<02:12,  5.77s/it, est. speed input: 3.56 toks/s, output: 85.06 toks/s]
[36m(WorkerDict pid=4085112)[0m Processed prompts:  31%|███▏      | 10/32 [02:19<01:28,  4.04s/it, est. speed input: 3.95 toks/s, output: 95.67 toks/s]
[36m(WorkerDict pid=4085100)[0m Processed prompts:   6%|▋         | 2/32 [02:25<30:46, 61.54s/it, est. speed input: 1.22 toks/s, output: 20.78 toks/s]   
[36m(WorkerDict pid=4085098)[0m Processed prompts:   9%|▉         | 3/32 [02:26<17:17, 35.76s/it, est. speed input: 0.72 toks/s, output: 30.13 toks/s]
[36m(WorkerDict pid=4085112)[0m Processed prompts:  34%|███▍      | 11/32 [02:26<01:47,  5.10s/it, est. speed input: 4.12 toks/s, output: 101.54 toks/s]
[36m(WorkerDict pid=4085098)[0m Processed prompts:  12%|█▎        | 4/32 [02:27<10:18, 22.09s/it, est. speed input: 0.95 toks/s, output: 40.69 toks/s]
[36m(WorkerDict pid=4085112)[0m Processed prompts:  38%|███▊      | 12/32 [02:29<01:25,  4.27s/it, est. speed input: 4.43 toks/s, output: 110.68 toks/s]
[36m(WorkerDict pid=4085112)[0m Processed prompts:  41%|████      | 13/32 [02:29<00:59,  3.16s/it, est. speed input: 4.77 toks/s, output: 121.01 toks/s]
[36m(WorkerDict pid=4085100)[0m Processed prompts:   9%|▉         | 3/32 [02:30<17:08, 35.46s/it, est. speed input: 1.78 toks/s, output: 30.94 toks/s]
[36m(WorkerDict pid=4085100)[0m Processed prompts:  12%|█▎        | 4/32 [02:30<10:02, 21.53s/it, est. speed input: 2.37 toks/s, output: 41.67 toks/s]
[36m(WorkerDict pid=4085104)[0m Processed prompts:  12%|█▎        | 4/32 [02:32<13:25, 28.76s/it, est. speed input: 1.05 toks/s, output: 34.95 toks/s]
[36m(WorkerDict pid=4085100)[0m Processed prompts:  16%|█▌        | 5/32 [02:33<06:42, 14.91s/it, est. speed input: 2.90 toks/s, output: 51.60 toks/s]
[36m(WorkerDict pid=4085104)[0m Processed prompts:  16%|█▌        | 5/32 [02:34<08:38, 19.20s/it, est. speed input: 1.29 toks/s, output: 45.19 toks/s]
[36m(WorkerDict pid=4085111)[0m Processed prompts:   3%|▎         | 1/32 [02:36<1:20:36, 156.02s/it, est. speed input: 0.22 toks/s, output: 10.76 toks/s]
[36m(WorkerDict pid=4085104)[0m Processed prompts:  19%|█▉        | 6/32 [02:36<05:47, 13.37s/it, est. speed input: 1.53 toks/s, output: 55.36 toks/s]
[36m(WorkerDict pid=4085098)[0m Processed prompts:  16%|█▌        | 5/32 [02:35<07:42, 17.14s/it, est. speed input: 1.12 toks/s, output: 49.33 toks/s]
[36m(WorkerDict pid=4085098)[0m Processed prompts:  19%|█▉        | 6/32 [02:37<05:11, 11.98s/it, est. speed input: 1.33 toks/s, output: 59.56 toks/s]
[36m(WorkerDict pid=4085098)[0m Processed prompts:  22%|██▏       | 7/32 [02:38<03:26,  8.27s/it, est. speed input: 1.55 toks/s, output: 70.17 toks/s]
[36m(WorkerDict pid=4085112)[0m Processed prompts:  44%|████▍     | 14/32 [02:40<01:38,  5.47s/it, est. speed input: 4.80 toks/s, output: 123.67 toks/s]
[36m(WorkerDict pid=4085112)[0m Processed prompts:  47%|████▋     | 15/32 [02:42<01:14,  4.37s/it, est. speed input: 5.08 toks/s, output: 133.13 toks/s]
[36m(WorkerDict pid=4085098)[0m Processed prompts:  25%|██▌       | 8/32 [02:47<03:21,  8.41s/it, est. speed input: 1.68 toks/s, output: 77.39 toks/s]
[36m(WorkerDict pid=4085109)[0m Processed prompts:   3%|▎         | 1/32 [02:51<1:28:31, 171.35s/it, est. speed input: 0.23 toks/s, output: 10.87 toks/s]
[36m(WorkerDict pid=4085100)[0m Processed prompts:  19%|█▉        | 6/32 [02:51<06:54, 15.96s/it, est. speed input: 3.12 toks/s, output: 57.06 toks/s]
[36m(WorkerDict pid=4085100)[0m Processed prompts:  22%|██▏       | 7/32 [02:51<04:32, 10.89s/it, est. speed input: 3.63 toks/s, output: 67.79 toks/s]
[36m(WorkerDict pid=4085100)[0m Processed prompts:  25%|██▌       | 8/32 [02:53<03:07,  7.83s/it, est. speed input: 4.11 toks/s, output: 78.17 toks/s]
[36m(WorkerDict pid=4085109)[0m Processed prompts:   6%|▋         | 2/32 [02:53<35:51, 71.72s/it, est. speed input: 0.45 toks/s, output: 21.63 toks/s]   
[36m(WorkerDict pid=4085098)[0m Processed prompts:  28%|██▊       | 9/32 [02:53<03:02,  7.93s/it, est. speed input: 1.81 toks/s, output: 85.25 toks/s]
[36m(WorkerDict pid=4085111)[0m Processed prompts:   6%|▋         | 2/32 [02:57<38:24, 76.83s/it, est. speed input: 0.38 toks/s, output: 20.33 toks/s]   
[36m(WorkerDict pid=4085098)[0m Processed prompts:  31%|███▏      | 10/32 [02:56<02:20,  6.37s/it, est. speed input: 1.98 toks/s, output: 94.79 toks/s]
[36m(WorkerDict pid=4085109)[0m Processed prompts:  12%|█▎        | 4/32 [02:57<13:08, 28.14s/it, est. speed input: 0.88 toks/s, output: 42.60 toks/s]
[36m(WorkerDict pid=4085104)[0m Processed prompts:  22%|██▏       | 7/32 [02:58<06:46, 16.25s/it, est. speed input: 1.56 toks/s, output: 59.37 toks/s]
[36m(WorkerDict pid=4085104)[0m Processed prompts:  25%|██▌       | 8/32 [02:59<04:27, 11.13s/it, est. speed input: 1.79 toks/s, output: 70.17 toks/s]
[36m(WorkerDict pid=4085097)[0m Processed prompts:   3%|▎         | 1/32 [02:57<1:31:53, 177.84s/it, est. speed input: 0.22 toks/s, output: 10.95 toks/s]
[36m(WorkerDict pid=4085098)[0m Processed prompts:  34%|███▍      | 11/32 [02:58<01:43,  4.95s/it, est. speed input: 2.16 toks/s, output: 104.80 toks/s]
[36m(WorkerDict pid=4085111)[0m Processed prompts:   9%|▉         | 3/32 [03:02<21:12, 43.87s/it, est. speed input: 0.56 toks/s, output: 30.69 toks/s]
[36m(WorkerDict pid=4085098)[0m Processed prompts:  38%|███▊      | 12/32 [03:01<01:29,  4.46s/it, est. speed input: 2.31 toks/s, output: 113.82 toks/s]
[36m(WorkerDict pid=4085109)[0m Processed prompts:  16%|█▌        | 5/32 [03:03<09:32, 21.19s/it, est. speed input: 1.06 toks/s, output: 52.20 toks/s]
[36m(WorkerDict pid=4085112)[0m Processed prompts:  50%|█████     | 16/32 [03:09<02:59, 11.21s/it, est. speed input: 4.64 toks/s, output: 125.04 toks/s]
[36m(WorkerDict pid=4085104)[0m Processed prompts:  28%|██▊       | 9/32 [03:10<04:15, 11.12s/it, est. speed input: 1.89 toks/s, output: 76.99 toks/s]
[36m(WorkerDict pid=4085109)[0m Processed prompts:  19%|█▉        | 6/32 [03:10<07:16, 16.80s/it, est. speed input: 1.23 toks/s, output: 61.27 toks/s]
[36m(WorkerDict pid=4085104)[0m Processed prompts:  31%|███▏      | 10/32 [03:11<02:56,  8.00s/it, est. speed input: 2.09 toks/s, output: 87.50 toks/s]
[36m(WorkerDict pid=4085100)[0m Processed prompts:  28%|██▊       | 9/32 [03:11<04:15, 11.13s/it, est. speed input: 4.18 toks/s, output: 81.62 toks/s]
[36m(WorkerDict pid=4085103)[0m Processed prompts:   3%|▎         | 1/32 [03:12<1:39:31, 192.63s/it, est. speed input: 0.25 toks/s, output: 10.93 toks/s]
[36m(WorkerDict pid=4085104)[0m Processed prompts:  34%|███▍      | 11/32 [03:14<02:14,  6.41s/it, est. speed input: 2.27 toks/s, output: 97.16 toks/s]
[36m(WorkerDict pid=4085104)[0m Processed prompts:  38%|███▊      | 12/32 [03:17<01:52,  5.62s/it, est. speed input: 2.43 toks/s, output: 106.24 toks/s]
[36m(WorkerDict pid=4085105)[0m Processed prompts:   3%|▎         | 1/32 [03:17<1:41:56, 197.30s/it, est. speed input: 0.24 toks/s, output: 10.99 toks/s]
[36m(WorkerDict pid=4085111)[0m Processed prompts:  12%|█▎        | 4/32 [03:18<15:24, 33.00s/it, est. speed input: 0.69 toks/s, output: 39.11 toks/s]
[36m(WorkerDict pid=4085109)[0m Processed prompts:  22%|██▏       | 7/32 [03:18<05:51, 14.08s/it, est. speed input: 1.38 toks/s, output: 69.82 toks/s]
[36m(WorkerDict pid=4085098)[0m Processed prompts:  41%|████      | 13/32 [03:18<02:32,  8.01s/it, est. speed input: 2.30 toks/s, output: 115.52 toks/s]
[36m(WorkerDict pid=4085104)[0m Processed prompts:  41%|████      | 13/32 [03:19<01:22,  4.37s/it, est. speed input: 2.61 toks/s, output: 116.40 toks/s]
[36m(WorkerDict pid=4085100)[0m Processed prompts:  31%|███▏      | 10/32 [03:19<03:42, 10.11s/it, est. speed input: 4.47 toks/s, output: 89.40 toks/s]
[36m(WorkerDict pid=4085100)[0m Processed prompts:  34%|███▍      | 11/32 [03:20<02:37,  7.52s/it, est. speed input: 4.87 toks/s, output: 99.65 toks/s]
[36m(WorkerDict pid=4085098)[0m Processed prompts:  44%|████▍     | 14/32 [03:22<02:06,  7.03s/it, est. speed input: 2.42 toks/s, output: 123.82 toks/s]
[36m(WorkerDict pid=4085111)[0m Processed prompts:  16%|█▌        | 5/32 [03:25<10:43, 23.83s/it, est. speed input: 0.83 toks/s, output: 48.64 toks/s]
[36m(WorkerDict pid=4085104)[0m Processed prompts:  44%|████▍     | 14/32 [03:28<01:42,  5.72s/it, est. speed input: 2.69 toks/s, output: 122.43 toks/s]
[36m(WorkerDict pid=4085098)[0m Processed prompts:  47%|████▋     | 15/32 [03:27<01:48,  6.37s/it, est. speed input: 2.53 toks/s, output: 131.95 toks/s]
[36m(WorkerDict pid=4085097)[0m Processed prompts:   6%|▋         | 2/32 [03:27<45:18, 90.63s/it, est. speed input: 0.39 toks/s, output: 20.44 toks/s]   
[36m(WorkerDict pid=4085100)[0m Processed prompts:  38%|███▊      | 12/32 [03:28<02:31,  7.57s/it, est. speed input: 5.12 toks/s, output: 106.99 toks/s]
[36m(WorkerDict pid=4085109)[0m Processed prompts:  25%|██▌       | 8/32 [03:28<05:12, 13.04s/it, est. speed input: 1.49 toks/s, output: 77.26 toks/s]
[36m(WorkerDict pid=4085097)[0m Processed prompts:   9%|▉         | 3/32 [03:28<24:03, 49.79s/it, est. speed input: 0.58 toks/s, output: 31.38 toks/s]
[36m(WorkerDict pid=4085104)[0m Processed prompts:  47%|████▋     | 15/32 [03:30<01:21,  4.80s/it, est. speed input: 2.85 toks/s, output: 131.86 toks/s]
[36m(WorkerDict pid=4085109)[0m Processed prompts:  28%|██▊       | 9/32 [03:31<03:47,  9.89s/it, est. speed input: 1.66 toks/s, output: 87.32 toks/s]
[36m(WorkerDict pid=4085097)[0m Processed prompts:  12%|█▎        | 4/32 [03:30<14:27, 31.00s/it, est. speed input: 0.76 toks/s, output: 42.12 toks/s]
[36m(WorkerDict pid=4085111)[0m Processed prompts:  19%|█▉        | 6/32 [03:32<07:48, 18.02s/it, est. speed input: 0.96 toks/s, output: 58.09 toks/s]
[36m(WorkerDict pid=4085109)[0m Processed prompts:  31%|███▏      | 10/32 [03:35<02:57,  8.08s/it, est. speed input: 1.81 toks/s, output: 96.77 toks/s]
[36m(WorkerDict pid=4085097)[0m Processed prompts:  16%|█▌        | 5/32 [03:39<10:20, 22.99s/it, est. speed input: 0.91 toks/s, output: 51.52 toks/s]
[36m(WorkerDict pid=4085108)[0m Processed prompts:   3%|▎         | 1/32 [03:40<1:54:10, 220.97s/it, est. speed input: 0.22 toks/s, output: 11.02 toks/s]
[36m(WorkerDict pid=4085104)[0m Processed prompts:  50%|█████     | 16/32 [03:41<01:45,  6.61s/it, est. speed input: 2.89 toks/s, output: 136.45 toks/s]
[36m(WorkerDict pid=4085111)[0m Processed prompts:  22%|██▏       | 7/32 [03:44<06:42, 16.11s/it, est. speed input: 1.06 toks/s, output: 65.97 toks/s]
[36m(WorkerDict pid=4085105)[0m Processed prompts:   6%|▋         | 2/32 [03:45<48:46, 97.55s/it, est. speed input: 0.42 toks/s, output: 20.71 toks/s]   
[36m(WorkerDict pid=4085111)[0m Processed prompts:  25%|██▌       | 8/32 [03:45<04:30, 11.26s/it, est. speed input: 1.20 toks/s, output: 76.74 toks/s]
[36m(WorkerDict pid=4085105)[0m Processed prompts:   9%|▉         | 3/32 [03:46<26:00, 53.82s/it, est. speed input: 0.62 toks/s, output: 31.62 toks/s]
[36m(WorkerDict pid=4085111)[0m Processed prompts:  28%|██▊       | 9/32 [03:49<03:25,  8.94s/it, est. speed input: 1.33 toks/s, output: 86.50 toks/s]
[36m(WorkerDict pid=4085109)[0m Processed prompts:  34%|███▍      | 11/32 [03:51<03:38, 10.42s/it, est. speed input: 1.86 toks/s, output: 101.21 toks/s]
[36m(WorkerDict pid=4085109)[0m Processed prompts:  38%|███▊      | 12/32 [03:51<02:27,  7.36s/it, est. speed input: 2.02 toks/s, output: 112.17 toks/s]
[36m(WorkerDict pid=4085097)[0m Processed prompts:  19%|█▉        | 6/32 [03:50<08:10, 18.87s/it, est. speed input: 1.04 toks/s, output: 60.21 toks/s]
[36m(WorkerDict pid=4085111)[0m Processed prompts:  31%|███▏      | 10/32 [03:52<02:35,  7.09s/it, est. speed input: 1.46 toks/s, output: 96.46 toks/s]
[36m(WorkerDict pid=4085105)[0m Processed prompts:  12%|█▎        | 4/32 [03:53<16:31, 35.40s/it, est. speed input: 0.80 toks/s, output: 41.75 toks/s]
[36m(WorkerDict pid=4085097)[0m Processed prompts:  22%|██▏       | 7/32 [03:56<06:03, 14.53s/it, est. speed input: 1.19 toks/s, output: 69.91 toks/s]
[36m(WorkerDict pid=4085098)[0m Processed prompts:  50%|█████     | 16/32 [03:57<03:34, 13.44s/it, est. speed input: 2.36 toks/s, output: 126.49 toks/s]
[36m(WorkerDict pid=4085097)[0m Processed prompts:  25%|██▌       | 8/32 [03:57<04:08, 10.36s/it, est. speed input: 1.35 toks/s, output: 80.62 toks/s]
[36m(WorkerDict pid=4085103)[0m Processed prompts:   6%|▋         | 2/32 [04:00<53:47, 107.58s/it, est. speed input: 0.40 toks/s, output: 19.83 toks/s]  
[36m(WorkerDict pid=4085103)[0m Processed prompts:   9%|▉         | 3/32 [04:03<28:51, 59.71s/it, est. speed input: 0.59 toks/s, output: 30.70 toks/s] 
[36m(WorkerDict pid=4085109)[0m Processed prompts:  41%|████      | 13/32 [04:05<02:57,  9.35s/it, est. speed input: 2.07 toks/s, output: 116.89 toks/s]
[36m(WorkerDict pid=4085097)[0m Processed prompts:  28%|██▊       | 9/32 [04:04<03:37,  9.44s/it, est. speed input: 1.47 toks/s, output: 89.33 toks/s]
[36m(WorkerDict pid=4085108)[0m Processed prompts:   6%|▋         | 2/32 [04:10<54:11, 108.37s/it, est. speed input: 0.38 toks/s, output: 20.83 toks/s]  
[36m(WorkerDict pid=4085114)[0m Processed prompts:   3%|▎         | 1/32 [04:12<2:10:21, 252.32s/it, est. speed input: 0.12 toks/s, output: 11.13 toks/s]
[36m(WorkerDict pid=4085103)[0m Processed prompts:  12%|█▎        | 4/32 [04:14<18:55, 40.55s/it, est. speed input: 0.75 toks/s, output: 40.46 toks/s]
[36m(WorkerDict pid=4085109)[0m Processed prompts:  44%|████▍     | 14/32 [04:14<02:46,  9.24s/it, est. speed input: 2.15 toks/s, output: 123.90 toks/s]
[36m(WorkerDict pid=4085103)[0m Processed prompts:  16%|█▌        | 5/32 [04:16<12:00, 26.70s/it, est. speed input: 0.93 toks/s, output: 51.25 toks/s]
[36m(WorkerDict pid=4085111)[0m Processed prompts:  34%|███▍      | 11/32 [04:16<04:20, 12.39s/it, est. speed input: 1.46 toks/s, output: 98.41 toks/s]
[36m(WorkerDict pid=4085100)[0m Processed prompts:  41%|████      | 13/32 [04:17<06:22, 20.13s/it, est. speed input: 4.49 toks/s, output: 97.78 toks/s] 
[36m(WorkerDict pid=4085097)[0m Processed prompts:  31%|███▏      | 10/32 [04:19<04:00, 10.93s/it, est. speed input: 1.59 toks/s, output: 95.60 toks/s]
[36m(WorkerDict pid=4085109)[0m Processed prompts:  47%|████▋     | 15/32 [04:20<02:19,  8.22s/it, est. speed input: 2.25 toks/s, output: 132.26 toks/s]
[36m(WorkerDict pid=4085111)[0m Processed prompts:  38%|███▊      | 12/32 [04:20<03:15,  9.77s/it, est. speed input: 1.56 toks/s, output: 108.11 toks/s]
[36m(WorkerDict pid=4085111)[0m Processed prompts:  41%|████      | 13/32 [04:24<02:30,  7.90s/it, est. speed input: 1.67 toks/s, output: 117.77 toks/s]
[36m(WorkerDict pid=4085109)[0m Processed prompts:  50%|█████     | 16/32 [04:25<01:56,  7.27s/it, est. speed input: 2.35 toks/s, output: 140.90 toks/s]
[36m(WorkerDict pid=4085103)[0m Processed prompts:  19%|█▉        | 6/32 [04:28<09:20, 21.55s/it, est. speed input: 1.07 toks/s, output: 60.19 toks/s]
[36m(WorkerDict pid=4085100)[0m Processed prompts:  44%|████▍     | 14/32 [04:28<05:09, 17.22s/it, est. speed input: 4.65 toks/s, output: 105.12 toks/s]
[36m(WorkerDict pid=4085100)[0m Processed prompts:  47%|████▋     | 15/32 [04:29<03:32, 12.50s/it, est. speed input: 4.95 toks/s, output: 115.68 toks/s]
[36m(WorkerDict pid=4085108)[0m Processed prompts:   9%|▉         | 3/32 [04:31<32:58, 68.24s/it, est. speed input: 0.68 toks/s, output: 30.41 toks/s] 
[36m(WorkerDict pid=4085105)[0m Processed prompts:  16%|█▌        | 5/32 [04:30<16:05, 35.77s/it, est. speed input: 0.87 toks/s, output: 47.31 toks/s]
[36m(WorkerDict pid=4085103)[0m Processed prompts:  22%|██▏       | 7/32 [04:31<06:27, 15.50s/it, est. speed input: 1.24 toks/s, output: 70.67 toks/s]
[36m(WorkerDict pid=4085111)[0m Processed prompts:  44%|████▍     | 14/32 [04:32<02:22,  7.93s/it, est. speed input: 1.75 toks/s, output: 125.46 toks/s]
[36m(WorkerDict pid=4085114)[0m Processed prompts:   6%|▋         | 2/32 [04:32<57:48, 115.61s/it, est. speed input: 0.23 toks/s, output: 21.49 toks/s]  
[36m(WorkerDict pid=4085104)[0m Processed prompts:  53%|█████▎    | 17/32 [04:32<05:00, 20.04s/it, est. speed input: 2.60 toks/s, output: 121.96 toks/s]
[36m(WorkerDict pid=4085114)[0m Processed prompts:   9%|▉         | 3/32 [04:34<30:47, 63.71s/it, est. speed input: 0.34 toks/s, output: 32.51 toks/s] 
[36m(WorkerDict pid=4085100)[0m Processed prompts:  50%|█████     | 16/32 [04:36<02:50, 10.66s/it, est. speed input: 5.16 toks/s, output: 124.18 toks/s]
[36m(WorkerDict pid=4085105)[0m Processed prompts:  19%|█▉        | 6/32 [04:36<11:07, 25.69s/it, est. speed input: 1.02 toks/s, output: 57.45 toks/s]
[36m(WorkerDict pid=4085114)[0m Processed prompts:  12%|█▎        | 4/32 [04:36<18:29, 39.63s/it, est. speed input: 0.45 toks/s, output: 43.37 toks/s]
[36m(WorkerDict pid=4085108)[0m Processed prompts:  12%|█▎        | 4/32 [04:37<20:28, 43.86s/it, est. speed input: 0.83 toks/s, output: 40.86 toks/s]
[36m(WorkerDict pid=4085105)[0m Processed prompts:  22%|██▏       | 7/32 [04:37<07:18, 17.52s/it, est. speed input: 1.19 toks/s, output: 68.49 toks/s]
[36m(WorkerDict pid=4085108)[0m Processed prompts:  16%|█▌        | 5/32 [04:38<12:47, 28.44s/it, est. speed input: 1.00 toks/s, output: 51.86 toks/s]
[36m(WorkerDict pid=4085097)[0m Processed prompts:  34%|███▍      | 11/32 [04:37<04:39, 13.31s/it, est. speed input: 1.63 toks/s, output: 100.37 toks/s]
[36m(WorkerDict pid=4085103)[0m Processed prompts:  25%|██▌       | 8/32 [04:39<05:17, 13.22s/it, est. speed input: 1.37 toks/s, output: 79.73 toks/s]
[36m(WorkerDict pid=4085105)[0m Processed prompts:  25%|██▌       | 8/32 [04:40<05:09, 12.89s/it, est. speed input: 1.34 toks/s, output: 78.96 toks/s]
[36m(WorkerDict pid=4085114)[0m Processed prompts:  16%|█▌        | 5/32 [04:40<12:02, 26.75s/it, est. speed input: 0.55 toks/s, output: 53.95 toks/s]
[36m(WorkerDict pid=4085114)[0m Processed prompts:  19%|█▉        | 6/32 [04:41<07:41, 17.74s/it, est. speed input: 0.66 toks/s, output: 65.09 toks/s]
[36m(WorkerDict pid=4085103)[0m Processed prompts:  28%|██▊       | 9/32 [04:41<03:42,  9.67s/it, est. speed input: 1.53 toks/s, output: 90.38 toks/s]
[36m(WorkerDict pid=4085114)[0m Processed prompts:  22%|██▏       | 7/32 [04:41<05:05, 12.21s/it, est. speed input: 0.77 toks/s, output: 76.08 toks/s]
[36m(WorkerDict pid=4085103)[0m Processed prompts:  31%|███▏      | 10/32 [04:43<02:39,  7.25s/it, est. speed input: 1.69 toks/s, output: 100.96 toks/s]
[36m(WorkerDict pid=4085097)[0m Processed prompts:  38%|███▊      | 12/32 [04:42<03:33, 10.68s/it, est. speed input: 1.79 toks/s, output: 109.94 toks/s]
[36m(WorkerDict pid=4085108)[0m Processed prompts:  19%|█▉        | 6/32 [04:45<09:08, 21.08s/it, est. speed input: 1.15 toks/s, output: 61.80 toks/s]
[36m(WorkerDict pid=4085105)[0m Processed prompts:  28%|██▊       | 9/32 [04:45<04:04, 10.62s/it, est. speed input: 1.48 toks/s, output: 88.62 toks/s]
[36m(WorkerDict pid=4085105)[0m Processed prompts:  31%|███▏      | 10/32 [04:47<02:53,  7.89s/it, est. speed input: 1.63 toks/s, output: 99.28 toks/s]
[36m(WorkerDict pid=4085103)[0m Processed prompts:  34%|███▍      | 11/32 [04:49<02:26,  6.99s/it, est. speed input: 1.82 toks/s, output: 109.93 toks/s]
[36m(WorkerDict pid=4085097)[0m Processed prompts:  41%|████      | 13/32 [04:49<03:00,  9.48s/it, est. speed input: 1.89 toks/s, output: 118.63 toks/s]
[36m(WorkerDict pid=4085104)[0m Processed prompts:  56%|█████▋    | 18/32 [04:51<04:34, 19.60s/it, est. speed input: 2.68 toks/s, output: 125.37 toks/s]
[36m(WorkerDict pid=4085105)[0m Processed prompts:  34%|███▍      | 11/32 [04:52<02:28,  7.07s/it, est. speed input: 1.77 toks/s, output: 108.73 toks/s]
[36m(WorkerDict pid=4085103)[0m Processed prompts:  38%|███▊      | 12/32 [04:54<02:06,  6.33s/it, est. speed input: 1.96 toks/s, output: 119.31 toks/s]
[36m(WorkerDict pid=4085111)[0m Processed prompts:  47%|████▋     | 15/32 [04:54<03:30, 12.37s/it, est. speed input: 1.73 toks/s, output: 127.01 toks/s]
[36m(WorkerDict pid=4085108)[0m Processed prompts:  22%|██▏       | 7/32 [04:54<07:13, 17.32s/it, est. speed input: 1.27 toks/s, output: 70.99 toks/s]
[36m(WorkerDict pid=4085103)[0m Processed prompts:  41%|████      | 13/32 [04:58<01:45,  5.57s/it, est. speed input: 2.09 toks/s, output: 128.99 toks/s]
[36m(WorkerDict pid=4085108)[0m Processed prompts:  25%|██▌       | 8/32 [05:01<05:30, 13.76s/it, est. speed input: 1.40 toks/s, output: 80.75 toks/s]
[36m(WorkerDict pid=4085111)[0m Processed prompts:  50%|█████     | 16/32 [05:02<02:54, 10.94s/it, est. speed input: 1.93 toks/s, output: 135.03 toks/s]
[36m(WorkerDict pid=4085103)[0m Processed prompts:  44%|████▍     | 14/32 [05:04<01:44,  5.82s/it, est. speed input: 2.20 toks/s, output: 137.51 toks/s]
[36m(WorkerDict pid=4085097)[0m Processed prompts:  44%|████▍     | 14/32 [05:03<03:17, 10.95s/it, est. speed input: 1.93 toks/s, output: 124.28 toks/s]
[36m(WorkerDict pid=4085114)[0m Processed prompts:  25%|██▌       | 8/32 [05:05<06:20, 15.84s/it, est. speed input: 0.81 toks/s, output: 81.44 toks/s]
[36m(WorkerDict pid=4085106)[0m Processed prompts:   3%|▎         | 1/32 [05:07<2:38:38, 307.04s/it, est. speed input: 0.11 toks/s, output: 11.22 toks/s]
[36m(WorkerDict pid=4085111)[0m Processed prompts:  53%|█████▎    | 17/32 [05:07<02:17,  9.17s/it, est. speed input: 2.15 toks/s, output: 144.02 toks/s]
[36m(WorkerDict pid=4085097)[0m Processed prompts:  47%|████▋     | 15/32 [05:07<02:32,  8.96s/it, est. speed input: 2.08 toks/s, output: 133.81 toks/s]
[36m(WorkerDict pid=4085105)[0m Processed prompts:  38%|███▊      | 12/32 [05:08<03:16,  9.83s/it, est. speed input: 1.83 toks/s, output: 114.30 toks/s]
[36m(WorkerDict pid=4085097)[0m Processed prompts:  50%|█████     | 16/32 [05:08<01:43,  6.44s/it, est. speed input: 2.24 toks/s, output: 144.82 toks/s]
[36m(WorkerDict pid=4085114)[0m Processed prompts:  28%|██▊       | 9/32 [05:10<04:42, 12.30s/it, est. speed input: 0.90 toks/s, output: 91.49 toks/s]
[36m(WorkerDict pid=4085114)[0m Processed prompts:  31%|███▏      | 10/32 [05:10<03:09,  8.61s/it, est. speed input: 1.00 toks/s, output: 102.64 toks/s]
[36m(WorkerDict pid=4085108)[0m Processed prompts:  28%|██▊       | 9/32 [05:11<04:50, 12.62s/it, est. speed input: 1.51 toks/s, output: 89.35 toks/s]
[36m(WorkerDict pid=4085097)[0m Processed prompts:  53%|█████▎    | 17/32 [05:10<01:14,  4.97s/it, est. speed input: 2.40 toks/s, output: 155.37 toks/s]
[36m(WorkerDict pid=4085111)[0m Processed prompts:  56%|█████▋    | 18/32 [05:12<01:51,  7.96s/it, est. speed input: 2.35 toks/s, output: 152.88 toks/s]
[36m(WorkerDict pid=4085108)[0m Processed prompts:  31%|███▏      | 10/32 [05:13<03:27,  9.45s/it, est. speed input: 1.78 toks/s, output: 99.91 toks/s]
[36m(WorkerDict pid=4085104)[0m Processed prompts:  59%|█████▉    | 19/32 [05:16<04:37, 21.34s/it, est. speed input: 2.68 toks/s, output: 126.54 toks/s]
[36m(WorkerDict pid=4085103)[0m Processed prompts:  47%|████▋     | 15/32 [05:16<02:10,  7.70s/it, est. speed input: 2.27 toks/s, output: 143.50 toks/s]
[36m(WorkerDict pid=4085108)[0m Processed prompts:  38%|███▊      | 12/32 [05:17<01:58,  5.91s/it, est. speed input: 2.18 toks/s, output: 121.05 toks/s]
[36m(WorkerDict pid=4085108)[0m Processed prompts:  41%|████      | 13/32 [05:18<01:30,  4.76s/it, est. speed input: 2.45 toks/s, output: 131.78 toks/s]
[36m(WorkerDict pid=4085104)[0m Processed prompts:  62%|██████▎   | 20/32 [05:19<03:07, 15.62s/it, est. speed input: 2.88 toks/s, output: 136.87 toks/s]
[36m(WorkerDict pid=4085104)[0m Processed prompts:  66%|██████▌   | 21/32 [05:22<02:10, 11.88s/it, est. speed input: 3.07 toks/s, output: 146.76 toks/s]
[36m(WorkerDict pid=4085108)[0m Processed prompts:  44%|████▍     | 14/32 [05:23<01:24,  4.69s/it, est. speed input: 2.56 toks/s, output: 141.18 toks/s]
[36m(WorkerDict pid=4085111)[0m Processed prompts:  59%|█████▉    | 19/32 [05:24<01:56,  8.95s/it, est. speed input: 2.50 toks/s, output: 158.80 toks/s]
[36m(WorkerDict pid=4085105)[0m Processed prompts:  41%|████      | 13/32 [05:23<03:35, 11.32s/it, est. speed input: 1.89 toks/s, output: 120.36 toks/s]
[36m(WorkerDict pid=4085103)[0m Processed prompts:  50%|█████     | 16/32 [05:24<02:04,  7.80s/it, est. speed input: 2.36 toks/s, output: 151.20 toks/s]
[36m(WorkerDict pid=4085105)[0m Processed prompts:  44%|████▍     | 14/32 [05:24<02:25,  8.06s/it, est. speed input: 2.03 toks/s, output: 131.43 toks/s]
[36m(WorkerDict pid=4085111)[0m Processed prompts:  62%|██████▎   | 20/32 [05:25<01:21,  6.79s/it, est. speed input: 2.72 toks/s, output: 169.19 toks/s]
[36m(WorkerDict pid=4085111)[0m Processed prompts:  66%|██████▌   | 21/32 [05:26<00:53,  4.88s/it, est. speed input: 2.82 toks/s, output: 180.20 toks/s]
[36m(WorkerDict pid=4085108)[0m Processed prompts:  47%|████▋     | 15/32 [05:26<01:11,  4.22s/it, est. speed input: 2.81 toks/s, output: 151.14 toks/s]
[36m(WorkerDict pid=4085100)[0m Processed prompts:  53%|█████▎    | 17/32 [05:26<05:40, 22.70s/it, est. speed input: 4.64 toks/s, output: 116.18 toks/s]
[36m(WorkerDict pid=4085097)[0m Processed prompts:  56%|█████▋    | 18/32 [05:27<02:00,  8.60s/it, est. speed input: 2.40 toks/s, output: 158.56 toks/s]
[36m(WorkerDict pid=4085111)[0m Processed prompts:  69%|██████▉   | 22/32 [05:29<00:42,  4.28s/it, est. speed input: 3.02 toks/s, output: 189.86 toks/s]
[36m(WorkerDict pid=4085100)[0m Processed prompts:  56%|█████▋    | 18/32 [05:32<04:07, 17.66s/it, est. speed input: 4.83 toks/s, output: 125.37 toks/s]
[36m(WorkerDict pid=4085106)[0m Processed prompts:   6%|▋         | 2/32 [05:33<1:10:58, 141.95s/it, est. speed input: 0.20 toks/s, output: 21.58 toks/s]
[36m(WorkerDict pid=4085114)[0m Processed prompts:  34%|███▍      | 11/32 [05:33<04:36, 13.16s/it, est. speed input: 1.02 toks/s, output: 106.68 toks/s]
[36m(WorkerDict pid=4085108)[0m Processed prompts:  50%|█████     | 16/32 [05:34<01:26,  5.43s/it, est. speed input: 2.88 toks/s, output: 158.53 toks/s]
[36m(WorkerDict pid=4085111)[0m Processed prompts:  72%|███████▏  | 23/32 [05:35<00:44,  4.99s/it, est. speed input: 3.18 toks/s, output: 197.36 toks/s]
[36m(WorkerDict pid=4085097)[0m Processed prompts:  62%|██████▎   | 20/32 [05:35<01:19,  6.63s/it, est. speed input: 2.61 toks/s, output: 176.77 toks/s]
[36m(WorkerDict pid=4085104)[0m Processed prompts:  69%|██████▉   | 22/32 [05:40<02:18, 13.86s/it, est. speed input: 3.11 toks/s, output: 150.07 toks/s]
[36m(WorkerDict pid=4085097)[0m Processed prompts:  66%|██████▌   | 21/32 [05:39<01:05,  5.92s/it, est. speed input: 2.74 toks/s, output: 186.11 toks/s]
[36m(WorkerDict pid=4085097)[0m Processed prompts:  69%|██████▉   | 22/32 [05:40<00:47,  4.73s/it, est. speed input: 2.89 toks/s, output: 196.67 toks/s]
[36m(WorkerDict pid=4085104)[0m Processed prompts:  72%|███████▏  | 23/32 [05:42<01:32, 10.32s/it, est. speed input: 3.30 toks/s, output: 160.43 toks/s]
[36m(WorkerDict pid=4085104)[0m Processed prompts:  75%|███████▌  | 24/32 [05:43<00:59,  7.46s/it, est. speed input: 3.49 toks/s, output: 171.32 toks/s]
[36m(WorkerDict pid=4085111)[0m Processed prompts:  75%|███████▌  | 24/32 [05:43<00:47,  5.89s/it, est. speed input: 3.33 toks/s, output: 204.04 toks/s]
[36m(WorkerDict pid=4085097)[0m Processed prompts:  72%|███████▏  | 23/32 [05:42<00:35,  3.96s/it, est. speed input: 2.99 toks/s, output: 206.88 toks/s]
[36m(WorkerDict pid=4085108)[0m Processed prompts:  53%|█████▎    | 17/32 [05:47<01:53,  7.58s/it, est. speed input: 3.02 toks/s, output: 163.91 toks/s]
[36m(WorkerDict pid=4085100)[0m Processed prompts:  59%|█████▉    | 19/32 [05:50<03:50, 17.74s/it, est. speed input: 4.85 toks/s, output: 130.26 toks/s]
[36m(WorkerDict pid=4085097)[0m Processed prompts:  75%|███████▌  | 24/32 [05:50<00:40,  5.03s/it, est. speed input: 3.07 toks/s, output: 213.63 toks/s]
[36m(WorkerDict pid=4085104)[0m Processed prompts:  78%|███████▊  | 25/32 [05:52<00:55,  7.97s/it, est. speed input: 3.60 toks/s, output: 178.15 toks/s]
[36m(WorkerDict pid=4085113)[0m Processed prompts:   3%|▎         | 1/32 [05:58<3:05:04, 358.22s/it, est. speed input: 0.28 toks/s, output: 11.28 toks/s]
[36m(WorkerDict pid=4085097)[0m Processed prompts:  78%|███████▊  | 25/32 [05:58<00:41,  5.87s/it, est. speed input: 3.15 toks/s, output: 220.21 toks/s]
[36m(WorkerDict pid=4085108)[0m Processed prompts:  56%|█████▋    | 18/32 [06:00<02:08,  9.19s/it, est. speed input: 3.04 toks/s, output: 169.25 toks/s]
[36m(WorkerDict pid=4085104)[0m Processed prompts:  81%|████████▏ | 26/32 [06:01<00:48,  8.08s/it, est. speed input: 3.71 toks/s, output: 185.32 toks/s]
[36m(WorkerDict pid=4085106)[0m Processed prompts:   9%|▉         | 3/32 [06:02<43:46, 90.58s/it, est. speed input: 0.37 toks/s, output: 31.12 toks/s]   
[36m(WorkerDict pid=4085097)[0m Processed prompts:  81%|████████▏ | 26/32 [06:04<00:34,  5.79s/it, est. speed input: 3.25 toks/s, output: 228.17 toks/s]
[36m(WorkerDict pid=4085114)[0m Processed prompts:  38%|███▊      | 12/32 [06:05<06:18, 18.94s/it, est. speed input: 1.22 toks/s, output: 108.62 toks/s]
[36m(WorkerDict pid=4085114)[0m Processed prompts:  41%|████      | 13/32 [06:06<04:12, 13.31s/it, est. speed input: 1.51 toks/s, output: 119.83 toks/s]
[36m(WorkerDict pid=4085112)[0m Processed prompts:  53%|█████▎    | 17/32 [06:07<15:19, 61.33s/it, est. speed input: 2.82 toks/s, output: 75.81 toks/s] 
[36m(WorkerDict pid=4085097)[0m Processed prompts:  84%|████████▍ | 27/32 [06:09<00:28,  5.66s/it, est. speed input: 3.34 toks/s, output: 236.21 toks/s]
[36m(WorkerDict pid=4085108)[0m Processed prompts:  59%|█████▉    | 19/32 [06:14<02:15, 10.44s/it, est. speed input: 3.17 toks/s, output: 174.47 toks/s]
[36m(WorkerDict pid=4085104)[0m Processed prompts:  84%|████████▍ | 27/32 [06:16<00:50, 10.12s/it, est. speed input: 3.75 toks/s, output: 189.28 toks/s]
[36m(WorkerDict pid=4085106)[0m Processed prompts:  12%|█▎        | 4/32 [06:17<28:19, 60.71s/it, est. speed input: 0.44 toks/s, output: 41.21 toks/s]
[36m(WorkerDict pid=4085104)[0m Processed prompts:  88%|████████▊ | 28/32 [06:18<00:31,  7.78s/it, est. speed input: 3.91 toks/s, output: 199.44 toks/s]
[36m(WorkerDict pid=4085114)[0m Processed prompts:  44%|████▍     | 14/32 [06:21<04:07, 13.77s/it, est. speed input: 1.73 toks/s, output: 126.50 toks/s]
[36m(WorkerDict pid=4085108)[0m Processed prompts:  62%|██████▎   | 20/32 [06:26<02:10, 10.89s/it, est. speed input: 3.29 toks/s, output: 180.33 toks/s]
[36m(WorkerDict pid=4085105)[0m Processed prompts:  47%|████▋     | 15/32 [06:26<06:53, 24.32s/it, est. speed input: 1.83 toks/s, output: 121.63 toks/s]
[36m(WorkerDict pid=4085097)[0m Processed prompts:  88%|████████▊ | 28/32 [06:25<00:35,  8.84s/it, est. speed input: 3.34 toks/s, output: 237.45 toks/s]
[36m(WorkerDict pid=4085114)[0m Processed prompts:  47%|████▋     | 15/32 [06:27<03:14, 11.44s/it, est. speed input: 1.78 toks/s, output: 135.81 toks/s]
[36m(WorkerDict pid=4085097)[0m Processed prompts:  91%|█████████ | 29/32 [06:27<00:19,  6.66s/it, est. speed input: 3.46 toks/s, output: 247.85 toks/s]
[36m(WorkerDict pid=4085111)[0m Processed prompts:  78%|███████▊  | 25/32 [06:28<02:03, 17.68s/it, est. speed input: 3.13 toks/s, output: 191.60 toks/s]
[36m(WorkerDict pid=4085111)[0m Processed prompts:  81%|████████▏ | 26/32 [06:29<01:14, 12.48s/it, est. speed input: 3.32 toks/s, output: 202.70 toks/s]
[36m(WorkerDict pid=4085108)[0m Processed prompts:  66%|██████▌   | 21/32 [06:29<01:36,  8.79s/it, est. speed input: 3.38 toks/s, output: 189.84 toks/s]
[36m(WorkerDict pid=4085100)[0m Processed prompts:  62%|██████▎   | 20/32 [06:30<04:51, 24.30s/it, est. speed input: 4.59 toks/s, output: 128.34 toks/s]
[36m(WorkerDict pid=4085107)[0m Processed prompts:   3%|▎         | 1/32 [06:32<3:22:52, 392.66s/it, est. speed input: 0.19 toks/s, output: 11.26 toks/s]
[36m(WorkerDict pid=4085108)[0m Processed prompts:  69%|██████▉   | 22/32 [06:34<01:15,  7.53s/it, est. speed input: 3.47 toks/s, output: 198.90 toks/s]
[36m(WorkerDict pid=4085114)[0m Processed prompts:  50%|█████     | 16/32 [06:36<02:50, 10.64s/it, est. speed input: 1.82 toks/s, output: 144.06 toks/s]
[36m(WorkerDict pid=4085111)[0m Processed prompts:  84%|████████▍ | 27/32 [06:37<00:56, 11.27s/it, est. speed input: 3.44 toks/s, output: 209.64 toks/s]
[36m(WorkerDict pid=4085097)[0m Processed prompts:  94%|█████████▍| 30/32 [06:36<00:14,  7.40s/it, est. speed input: 3.48 toks/s, output: 253.43 toks/s]
[36m(WorkerDict pid=4085104)[0m Processed prompts:  91%|█████████ | 29/32 [06:39<00:35, 11.70s/it, est. speed input: 3.88 toks/s, output: 200.28 toks/s]
[36m(WorkerDict pid=4085106)[0m Processed prompts:  16%|█▌        | 5/32 [06:39<20:54, 46.48s/it, est. speed input: 0.59 toks/s, output: 50.27 toks/s]
[36m(WorkerDict pid=4085100)[0m Processed prompts:  66%|██████▌   | 21/32 [06:40<03:39, 19.95s/it, est. speed input: 4.71 toks/s, output: 136.46 toks/s]
[36m(WorkerDict pid=4085105)[0m Processed prompts:  50%|█████     | 16/32 [06:40<05:40, 21.26s/it, est. speed input: 1.88 toks/s, output: 128.60 toks/s]
[36m(WorkerDict pid=4085106)[0m Processed prompts:  19%|█▉        | 6/32 [06:43<13:53, 32.05s/it, est. speed input: 0.67 toks/s, output: 61.02 toks/s]
[36m(WorkerDict pid=4085108)[0m Processed prompts:  72%|███████▏  | 23/32 [06:43<01:10,  7.86s/it, est. speed input: 3.51 toks/s, output: 205.90 toks/s]
[36m(WorkerDict pid=4085100)[0m Processed prompts:  69%|██████▉   | 22/32 [06:45<02:35, 15.54s/it, est. speed input: 4.87 toks/s, output: 145.96 toks/s]
[36m(WorkerDict pid=4085104)[0m Processed prompts:  94%|█████████▍| 30/32 [06:47<00:21, 10.72s/it, est. speed input: 3.97 toks/s, output: 207.39 toks/s]
[36m(WorkerDict pid=4085106)[0m Processed prompts:  22%|██▏       | 7/32 [06:47<09:35, 23.03s/it, est. speed input: 0.74 toks/s, output: 71.61 toks/s]
[36m(WorkerDict pid=4085114)[0m Processed prompts:  53%|█████▎    | 17/32 [06:50<02:55, 11.71s/it, est. speed input: 1.83 toks/s, output: 150.36 toks/s]
[36m(WorkerDict pid=4085097)[0m Processed prompts:  97%|█████████▋| 31/32 [06:51<00:09,  9.49s/it, est. speed input: 3.49 toks/s, output: 255.84 toks/s]
[36m(WorkerDict pid=4085097)[0m [rank0]:E0617 17:50:11.005000 4085097 site-packages/torch/_dynamo/metrics_context.py:105] [0/1] Unexpected exception logging compilation metrics
[36m(WorkerDict pid=4085097)[0m [rank0]:E0617 17:50:11.005000 4085097 site-packages/torch/_dynamo/metrics_context.py:105] [0/1] Traceback (most recent call last):
[36m(WorkerDict pid=4085097)[0m [rank0]:E0617 17:50:11.005000 4085097 site-packages/torch/_dynamo/metrics_context.py:105] [0/1]   File "/usr/local/python3.11.14/lib/python3.11/site-packages/torch/_dynamo/metrics_context.py", line 101, in __exit__
[36m(WorkerDict pid=4085097)[0m [rank0]:E0617 17:50:11.005000 4085097 site-packages/torch/_dynamo/metrics_context.py:105] [0/1]     self._on_exit(
[36m(WorkerDict pid=4085097)[0m [rank0]:E0617 17:50:11.005000 4085097 site-packages/torch/_dynamo/metrics_context.py:105] [0/1]   File "/usr/local/python3.11.14/lib/python3.11/site-packages/torch/_dynamo/utils.py", line 1632, in record_compilation_metrics
[36m(WorkerDict pid=4085097)[0m [rank0]:E0617 17:50:11.005000 4085097 site-packages/torch/_dynamo/metrics_context.py:105] [0/1]     "triton_version": triton.__version__ if has_triton() else "",
[36m(WorkerDict pid=4085097)[0m [rank0]:E0617 17:50:11.005000 4085097 site-packages/torch/_dynamo/metrics_context.py:105] [0/1]                                             ^^^^^^^^^^^^
[36m(WorkerDict pid=4085097)[0m [rank0]:E0617 17:50:11.005000 4085097 site-packages/torch/_dynamo/metrics_context.py:105] [0/1]   File "/usr/local/python3.11.14/lib/python3.11/site-packages/torch/utils/_triton.py", line 159, in has_triton
[36m(WorkerDict pid=4085097)[0m [rank0]:E0617 17:50:11.005000 4085097 site-packages/torch/_dynamo/metrics_context.py:105] [0/1]     return is_device_compatible_with_triton()
[36m(WorkerDict pid=4085097)[0m [rank0]:E0617 17:50:11.005000 4085097 site-packages/torch/_dynamo/metrics_context.py:105] [0/1]            ^^^^^^^^^^^^^^^^^^^^^^^^^^^^^^^^^^
[36m(WorkerDict pid=4085097)[0m [rank0]:E0617 17:50:11.005000 4085097 site-packages/torch/_dynamo/metrics_context.py:105] [0/1]   File "/usr/local/python3.11.14/lib/python3.11/site-packages/torch/utils/_triton.py", line 155, in is_device_compatible_with_triton
[36m(WorkerDict pid=4085097)[0m [rank0]:E0617 17:50:11.005000 4085097 site-packages/torch/_dynamo/metrics_context.py:105] [0/1]     if device_interface.is_available() and extra_check(device_interface):
[36m(WorkerDict pid=4085097)[0m [rank0]:E0617 17:50:11.005000 4085097 site-packages/torch/_dynamo/metrics_context.py:105] [0/1]                                            ^^^^^^^^^^^^^^^^^^^^^^^^^^^^^
[36m(WorkerDict pid=4085097)[0m [rank0]:E0617 17:50:11.005000 4085097 site-packages/torch/_dynamo/metrics_context.py:105] [0/1]   File "/usr/local/python3.11.14/lib/python3.11/site-packages/torch/utils/_triton.py", line 135, in cuda_extra_check
[36m(WorkerDict pid=4085097)[0m [rank0]:E0617 17:50:11.005000 4085097 site-packages/torch/_dynamo/metrics_context.py:105] [0/1]     return device_interface.Worker.get_device_properties().major >= 7
[36m(WorkerDict pid=4085097)[0m [rank0]:E0617 17:50:11.005000 4085097 site-packages/torch/_dynamo/metrics_context.py:105] [0/1]            ^^^^^^^^^^^^^^^^^^^^^^^^^^^^^^^^^^^^^^^^^^^^^^^^^^^^^^^^^^
[36m(WorkerDict pid=4085097)[0m [rank0]:E0617 17:50:11.005000 4085097 site-packages/torch/_dynamo/metrics_context.py:105] [0/1] TypeError: '>=' not supported between instances of 'NoneType' and 'int'
[36m(WorkerDict pid=4085097)[0m Processed prompts: 100%|██████████| 32/32 [06:52<00:00,  6.99s/it, est. speed input: 3.61 toks/s, output: 266.46 toks/s]Processed prompts: 100%|██████████| 32/32 [06:52<00:00,  6.99s/it, est. speed input: 3.61 toks/s, output: 266.46 toks/s]
[36m(WorkerDict pid=4085100)[0m Processed prompts:  72%|███████▏  | 23/32 [06:54<02:01, 13.48s/it, est. speed input: 5.00 toks/s, output: 154.19 toks/s]
[36m(WorkerDict pid=4085106)[0m Processed prompts:  25%|██▌       | 8/32 [06:58<07:40, 19.18s/it, est. speed input: 0.80 toks/s, output: 81.01 toks/s]
[36m(WorkerDict pid=4085106)[0m Processed prompts:  28%|██▊       | 9/32 [06:59<05:12, 13.59s/it, est. speed input: 0.88 toks/s, output: 92.04 toks/s]
[36m(WorkerDict pid=4085113)[0m Processed prompts:   6%|▋         | 2/32 [07:00<1:31:56, 183.89s/it, est. speed input: 0.48 toks/s, output: 20.90 toks/s]
[36m(WorkerDict pid=4085104)[0m Processed prompts:  97%|█████████▋| 31/32 [07:01<00:11, 11.74s/it, est. speed input: 4.01 toks/s, output: 211.71 toks/s]
[36m(WorkerDict pid=4085104)[0m [rank4]:E0617 17:50:20.271000 4085104 site-packages/torch/_dynamo/metrics_context.py:105] [0/1] Unexpected exception logging compilation metrics
[36m(WorkerDict pid=4085104)[0m [rank4]:E0617 17:50:20.271000 4085104 site-packages/torch/_dynamo/metrics_context.py:105] [0/1] Traceback (most recent call last):
[36m(WorkerDict pid=4085104)[0m [rank4]:E0617 17:50:20.271000 4085104 site-packages/torch/_dynamo/metrics_context.py:105] [0/1]   File "/usr/local/python3.11.14/lib/python3.11/site-packages/torch/_dynamo/metrics_context.py", line 101, in __exit__
[36m(WorkerDict pid=4085104)[0m [rank4]:E0617 17:50:20.271000 4085104 site-packages/torch/_dynamo/metrics_context.py:105] [0/1]     self._on_exit(
[36m(WorkerDict pid=4085104)[0m [rank4]:E0617 17:50:20.271000 4085104 site-packages/torch/_dynamo/metrics_context.py:105] [0/1]   File "/usr/local/python3.11.14/lib/python3.11/site-packages/torch/_dynamo/utils.py", line 1632, in record_compilation_metrics
[36m(WorkerDict pid=4085104)[0m [rank4]:E0617 17:50:20.271000 4085104 site-packages/torch/_dynamo/metrics_context.py:105] [0/1]     "triton_version": triton.__version__ if has_triton() else "",
[36m(WorkerDict pid=4085104)[0m [rank4]:E0617 17:50:20.271000 4085104 site-packages/torch/_dynamo/metrics_context.py:105] [0/1]                                             ^^^^^^^^^^^^
[36m(WorkerDict pid=4085104)[0m [rank4]:E0617 17:50:20.271000 4085104 site-packages/torch/_dynamo/metrics_context.py:105] [0/1]   File "/usr/local/python3.11.14/lib/python3.11/site-packages/torch/utils/_triton.py", line 159, in has_triton
[36m(WorkerDict pid=4085104)[0m [rank4]:E0617 17:50:20.271000 4085104 site-packages/torch/_dynamo/metrics_context.py:105] [0/1]     return is_device_compatible_with_triton()
[36m(WorkerDict pid=4085104)[0m [rank4]:E0617 17:50:20.271000 4085104 site-packages/torch/_dynamo/metrics_context.py:105] [0/1]            ^^^^^^^^^^^^^^^^^^^^^^^^^^^^^^^^^^
[36m(WorkerDict pid=4085104)[0m [rank4]:E0617 17:50:20.271000 4085104 site-packages/torch/_dynamo/metrics_context.py:105] [0/1]   File "/usr/local/python3.11.14/lib/python3.11/site-packages/torch/utils/_triton.py", line 155, in is_device_compatible_with_triton
[36m(WorkerDict pid=4085104)[0m [rank4]:E0617 17:50:20.271000 4085104 site-packages/torch/_dynamo/metrics_context.py:105] [0/1]     if device_interface.is_available() and extra_check(device_interface):
[36m(WorkerDict pid=4085104)[0m [rank4]:E0617 17:50:20.271000 4085104 site-packages/torch/_dynamo/metrics_context.py:105] [0/1]                                            ^^^^^^^^^^^^^^^^^^^^^^^^^^^^^
[36m(WorkerDict pid=4085104)[0m [rank4]:E0617 17:50:20.271000 4085104 site-packages/torch/_dynamo/metrics_context.py:105] [0/1]   File "/usr/local/python3.11.14/lib/python3.11/site-packages/torch/utils/_triton.py", line 135, in cuda_extra_check
[36m(WorkerDict pid=4085104)[0m [rank4]:E0617 17:50:20.271000 4085104 site-packages/torch/_dynamo/metrics_context.py:105] [0/1]     return device_interface.Worker.get_device_properties().major >= 7
[36m(WorkerDict pid=4085104)[0m [rank4]:E0617 17:50:20.271000 4085104 site-packages/torch/_dynamo/metrics_context.py:105] [0/1]            ^^^^^^^^^^^^^^^^^^^^^^^^^^^^^^^^^^^^^^^^^^^^^^^^^^^^^^^^^^
[36m(WorkerDict pid=4085104)[0m [rank4]:E0617 17:50:20.271000 4085104 site-packages/torch/_dynamo/metrics_context.py:105] [0/1] TypeError: '>=' not supported between instances of 'NoneType' and 'int'
[36m(WorkerDict pid=4085108)[0m Processed prompts:  75%|███████▌  | 24/32 [07:02<01:29, 11.19s/it, est. speed input: 3.56 toks/s, output: 207.90 toks/s]
[36m(WorkerDict pid=4085100)[0m Processed prompts:  75%|███████▌  | 24/32 [07:02<01:36, 12.04s/it, est. speed input: 5.11 toks/s, output: 162.31 toks/s]
[36m(WorkerDict pid=4085106)[0m Processed prompts:  31%|███▏      | 10/32 [07:03<03:49, 10.42s/it, est. speed input: 0.95 toks/s, output: 102.60 toks/s]
[36m(WorkerDict pid=4085111)[0m Processed prompts:  88%|████████▊ | 28/32 [07:03<01:02, 15.70s/it, est. speed input: 3.41 toks/s, output: 208.04 toks/s]
[36m(WorkerDict pid=4085106)[0m Processed prompts:  34%|███▍      | 11/32 [07:04<02:38,  7.57s/it, est. speed input: 1.11 toks/s, output: 113.61 toks/s]
[36m(WorkerDict pid=4085108)[0m Processed prompts:  78%|███████▊  | 25/32 [07:05<01:01,  8.73s/it, est. speed input: 3.74 toks/s, output: 217.73 toks/s]
[36m(WorkerDict pid=4085100)[0m Processed prompts:  78%|███████▊  | 25/32 [07:05<01:05,  9.37s/it, est. speed input: 5.29 toks/s, output: 172.41 toks/s]
[36m(WorkerDict pid=4085108)[0m Processed prompts:  81%|████████▏ | 26/32 [07:07<00:40,  6.83s/it, est. speed input: 3.92 toks/s, output: 227.80 toks/s]
[36m(WorkerDict pid=4085106)[0m Processed prompts:  38%|███▊      | 12/32 [07:09<02:15,  6.76s/it, est. speed input: 1.26 toks/s, output: 123.60 toks/s]
[36m(WorkerDict pid=4085114)[0m Processed prompts:  56%|█████▋    | 18/32 [07:10<03:18, 14.15s/it, est. speed input: 2.00 toks/s, output: 154.72 toks/s]
[36m(WorkerDict pid=4085100)[0m Processed prompts:  81%|████████▏ | 26/32 [07:10<00:47,  7.85s/it, est. speed input: 5.45 toks/s, output: 181.99 toks/s]
[36m(WorkerDict pid=4085108)[0m Processed prompts:  84%|████████▍ | 27/32 [07:16<00:36,  7.36s/it, est. speed input: 4.04 toks/s, output: 234.60 toks/s]
[36m(WorkerDict pid=4085114)[0m Processed prompts:  62%|██████▎   | 20/32 [07:17<01:51,  9.31s/it, est. speed input: 2.10 toks/s, output: 174.54 toks/s]
[36m(WorkerDict pid=4085100)[0m Processed prompts:  84%|████████▍ | 27/32 [07:18<00:39,  7.90s/it, est. speed input: 5.56 toks/s, output: 189.97 toks/s]
[36m(WorkerDict pid=4085115)[0m Processed prompts:   3%|▎         | 1/32 [07:20<3:47:47, 440.88s/it, est. speed input: 0.26 toks/s, output: 11.30 toks/s]
[36m(WorkerDict pid=4085113)[0m Processed prompts:   9%|▉         | 3/32 [07:26<54:08, 112.03s/it, est. speed input: 0.68 toks/s, output: 30.97 toks/s]  
[36m(WorkerDict pid=4085114)[0m Processed prompts:  66%|██████▌   | 21/32 [07:30<01:53, 10.31s/it, est. speed input: 2.28 toks/s, output: 180.71 toks/s]
[36m(WorkerDict pid=4085106)[0m Processed prompts:  41%|████      | 13/32 [07:33<03:51, 12.18s/it, est. speed input: 1.26 toks/s, output: 128.20 toks/s]
[36m(WorkerDict pid=4085115)[0m Processed prompts:   6%|▋         | 2/32 [07:37<1:35:45, 191.53s/it, est. speed input: 0.51 toks/s, output: 22.21 toks/s]
[36m(WorkerDict pid=4085104)[0m Processed prompts: 100%|██████████| 32/32 [07:38<00:00, 19.33s/it, est. speed input: 3.84 toks/s, output: 205.96 toks/s]Processed prompts: 100%|██████████| 32/32 [07:38<00:00, 19.33s/it, est. speed input: 3.84 toks/s, output: 205.96 toks/s]
[36m(WorkerDict pid=4085108)[0m Processed prompts:  88%|████████▊ | 28/32 [07:42<00:52, 13.14s/it, est. speed input: 3.92 toks/s, output: 232.42 toks/s]
[36m(WorkerDict pid=4085100)[0m Processed prompts:  88%|████████▊ | 28/32 [07:42<00:51, 12.80s/it, est. speed input: 5.47 toks/s, output: 191.36 toks/s]
[36m(WorkerDict pid=4085112)[0m Processed prompts:  56%|█████▋    | 18/32 [07:42<16:40, 71.50s/it, est. speed input: 2.57 toks/s, output: 71.54 toks/s]
[36m(WorkerDict pid=4085115)[0m Processed prompts:   9%|▉         | 3/32 [07:43<51:30, 106.57s/it, est. speed input: 0.75 toks/s, output: 33.26 toks/s]  
[36m(WorkerDict pid=4085106)[0m Processed prompts:  44%|████▍     | 14/32 [07:46<03:44, 12.47s/it, est. speed input: 1.37 toks/s, output: 135.92 toks/s]
[36m(WorkerDict pid=4085108)[0m Processed prompts:  91%|█████████ | 29/32 [07:48<00:32, 10.80s/it, est. speed input: 4.06 toks/s, output: 241.10 toks/s]
[36m(WorkerDict pid=4085106)[0m Processed prompts:  47%|████▋     | 15/32 [07:52<02:54, 10.26s/it, est. speed input: 1.43 toks/s, output: 145.79 toks/s]
[36m(WorkerDict pid=4085100)[0m Processed prompts:  91%|█████████ | 29/32 [07:52<00:35, 11.96s/it, est. speed input: 5.55 toks/s, output: 198.65 toks/s]
[36m(WorkerDict pid=4085113)[0m Processed prompts:  12%|█▎        | 4/32 [07:53<36:40, 78.59s/it, est. speed input: 0.85 toks/s, output: 40.52 toks/s] 
[36m(WorkerDict pid=4085106)[0m Processed prompts:  50%|█████     | 16/32 [07:54<02:04,  7.77s/it, est. speed input: 1.57 toks/s, output: 156.52 toks/s]
[36m(WorkerDict pid=4085112)[0m Processed prompts:  59%|█████▉    | 19/32 [07:57<11:46, 54.37s/it, est. speed input: 2.82 toks/s, output: 80.73 toks/s]
[36m(WorkerDict pid=4085114)[0m Processed prompts:  69%|██████▉   | 22/32 [08:00<02:35, 15.52s/it, est. speed input: 2.35 toks/s, output: 180.70 toks/s]
[36m(WorkerDict pid=4085107)[0m Processed prompts:   6%|▋         | 2/32 [08:00<1:46:48, 213.61s/it, est. speed input: 0.32 toks/s, output: 20.54 toks/s]
[36m(WorkerDict pid=4085114)[0m Processed prompts:  72%|███████▏  | 23/32 [08:02<01:45, 11.76s/it, est. speed input: 2.57 toks/s, output: 191.40 toks/s]
[36m(WorkerDict pid=4085106)[0m Processed prompts:  53%|█████▎    | 17/32 [08:04<02:06,  8.45s/it, est. speed input: 1.68 toks/s, output: 164.61 toks/s]
[36m(WorkerDict pid=4085112)[0m Processed prompts:  62%|██████▎   | 20/32 [08:07<08:13, 41.11s/it, est. speed input: 3.08 toks/s, output: 90.39 toks/s]
[36m(WorkerDict pid=4085100)[0m Processed prompts:  94%|█████████▍| 30/32 [08:08<00:26, 13.11s/it, est. speed input: 5.56 toks/s, output: 203.58 toks/s]
[36m(WorkerDict pid=4085106)[0m Processed prompts:  56%|█████▋    | 18/32 [08:11<01:52,  8.02s/it, est. speed input: 1.80 toks/s, output: 173.61 toks/s]
[36m(WorkerDict pid=4085113)[0m Processed prompts:  16%|█▌        | 5/32 [08:12<25:39, 57.03s/it, est. speed input: 1.02 toks/s, output: 50.30 toks/s]
[36m(WorkerDict pid=4085114)[0m Processed prompts:  75%|███████▌  | 24/32 [08:13<01:32, 11.62s/it, est. speed input: 2.72 toks/s, output: 198.39 toks/s]
[36m(WorkerDict pid=4085113)[0m Processed prompts:  19%|█▉        | 6/32 [08:16<16:54, 39.01s/it, est. speed input: 1.22 toks/s, output: 61.23 toks/s]
[36m(WorkerDict pid=4085114)[0m Processed prompts:  78%|███████▊  | 25/32 [08:17<01:04,  9.26s/it, est. speed input: 2.92 toks/s, output: 208.40 toks/s]
[36m(WorkerDict pid=4085106)[0m Processed prompts:  59%|█████▉    | 19/32 [08:18<01:40,  7.70s/it, est. speed input: 1.84 toks/s, output: 182.52 toks/s]
[36m(WorkerDict pid=4085106)[0m Processed prompts:  62%|██████▎   | 20/32 [08:18<01:05,  5.46s/it, est. speed input: 1.97 toks/s, output: 193.78 toks/s]
[36m(WorkerDict pid=4085106)[0m Processed prompts:  66%|██████▌   | 21/32 [08:23<00:57,  5.26s/it, est. speed input: 2.02 toks/s, output: 203.29 toks/s]
[36m(WorkerDict pid=4085115)[0m Processed prompts:  12%|█▎        | 4/32 [08:23<37:31, 80.42s/it, est. speed input: 0.92 toks/s, output: 41.95 toks/s] 
[36m(WorkerDict pid=4085115)[0m Processed prompts:  16%|█▌        | 5/32 [08:24<23:13, 51.60s/it, est. speed input: 1.15 toks/s, output: 53.26 toks/s]
[36m(WorkerDict pid=4085108)[0m Processed prompts:  94%|█████████▍| 30/32 [08:24<00:37, 18.61s/it, est. speed input: 3.93 toks/s, output: 234.86 toks/s]
[36m(WorkerDict pid=4085114)[0m Processed prompts:  81%|████████▏ | 26/32 [08:24<00:52,  8.73s/it, est. speed input: 3.08 toks/s, output: 216.69 toks/s]
[36m(WorkerDict pid=4085106)[0m Processed prompts:  69%|██████▉   | 22/32 [08:30<00:57,  5.78s/it, est. speed input: 2.06 toks/s, output: 211.86 toks/s]
[36m(WorkerDict pid=4085113)[0m Processed prompts:  22%|██▏       | 7/32 [08:31<12:54, 30.98s/it, est. speed input: 1.38 toks/s, output: 70.87 toks/s]
[36m(WorkerDict pid=4085112)[0m Processed prompts:  66%|██████▌   | 21/32 [08:30<06:34, 35.83s/it, est. speed input: 3.24 toks/s, output: 97.60 toks/s]
[36m(WorkerDict pid=4085106)[0m Processed prompts:  72%|███████▏  | 23/32 [08:31<00:40,  4.52s/it, est. speed input: 2.12 toks/s, output: 222.57 toks/s]
[36m(WorkerDict pid=4085112)[0m Processed prompts:  69%|██████▉   | 22/32 [08:33<04:18, 25.84s/it, est. speed input: 3.53 toks/s, output: 108.49 toks/s]
[36m(WorkerDict pid=4085107)[0m Processed prompts:   9%|▉         | 3/32 [08:34<1:03:30, 131.39s/it, est. speed input: 0.44 toks/s, output: 30.58 toks/s]
[36m(WorkerDict pid=4085112)[0m Processed prompts:  72%|███████▏  | 23/32 [08:38<02:55, 19.52s/it, est. speed input: 3.79 toks/s, output: 118.87 toks/s]
[36m(WorkerDict pid=4085100)[0m Processed prompts:  97%|█████████▋| 31/32 [08:38<00:18, 18.19s/it, est. speed input: 5.41 toks/s, output: 203.16 toks/s]
[36m(WorkerDict pid=4085100)[0m [rank2]:E0617 17:51:57.386000 4085100 site-packages/torch/_dynamo/metrics_context.py:105] [0/1] Unexpected exception logging compilation metrics
[36m(WorkerDict pid=4085100)[0m [rank2]:E0617 17:51:57.386000 4085100 site-packages/torch/_dynamo/metrics_context.py:105] [0/1] Traceback (most recent call last):
[36m(WorkerDict pid=4085100)[0m [rank2]:E0617 17:51:57.386000 4085100 site-packages/torch/_dynamo/metrics_context.py:105] [0/1]   File "/usr/local/python3.11.14/lib/python3.11/site-packages/torch/_dynamo/metrics_context.py", line 101, in __exit__
[36m(WorkerDict pid=4085100)[0m [rank2]:E0617 17:51:57.386000 4085100 site-packages/torch/_dynamo/metrics_context.py:105] [0/1]     self._on_exit(
[36m(WorkerDict pid=4085100)[0m [rank2]:E0617 17:51:57.386000 4085100 site-packages/torch/_dynamo/metrics_context.py:105] [0/1]   File "/usr/local/python3.11.14/lib/python3.11/site-packages/torch/_dynamo/utils.py", line 1632, in record_compilation_metrics
[36m(WorkerDict pid=4085100)[0m [rank2]:E0617 17:51:57.386000 4085100 site-packages/torch/_dynamo/metrics_context.py:105] [0/1]     "triton_version": triton.__version__ if has_triton() else "",
[36m(WorkerDict pid=4085100)[0m [rank2]:E0617 17:51:57.386000 4085100 site-packages/torch/_dynamo/metrics_context.py:105] [0/1]                                             ^^^^^^^^^^^^
[36m(WorkerDict pid=4085100)[0m [rank2]:E0617 17:51:57.386000 4085100 site-packages/torch/_dynamo/metrics_context.py:105] [0/1]   File "/usr/local/python3.11.14/lib/python3.11/site-packages/torch/utils/_triton.py", line 159, in has_triton
[36m(WorkerDict pid=4085100)[0m [rank2]:E0617 17:51:57.386000 4085100 site-packages/torch/_dynamo/metrics_context.py:105] [0/1]     return is_device_compatible_with_triton()
[36m(WorkerDict pid=4085100)[0m [rank2]:E0617 17:51:57.386000 4085100 site-packages/torch/_dynamo/metrics_context.py:105] [0/1]            ^^^^^^^^^^^^^^^^^^^^^^^^^^^^^^^^^^
[36m(WorkerDict pid=4085100)[0m [rank2]:E0617 17:51:57.386000 4085100 site-packages/torch/_dynamo/metrics_context.py:105] [0/1]   File "/usr/local/python3.11.14/lib/python3.11/site-packages/torch/utils/_triton.py", line 155, in is_device_compatible_with_triton
[36m(WorkerDict pid=4085100)[0m [rank2]:E0617 17:51:57.386000 4085100 site-packages/torch/_dynamo/metrics_context.py:105] [0/1]     if device_interface.is_available() and extra_check(device_interface):
[36m(WorkerDict pid=4085100)[0m [rank2]:E0617 17:51:57.386000 4085100 site-packages/torch/_dynamo/metrics_context.py:105] [0/1]                                            ^^^^^^^^^^^^^^^^^^^^^^^^^^^^^
[36m(WorkerDict pid=4085100)[0m [rank2]:E0617 17:51:57.386000 4085100 site-packages/torch/_dynamo/metrics_context.py:105] [0/1]   File "/usr/local/python3.11.14/lib/python3.11/site-packages/torch/utils/_triton.py", line 135, in cuda_extra_check
[36m(WorkerDict pid=4085100)[0m [rank2]:E0617 17:51:57.386000 4085100 site-packages/torch/_dynamo/metrics_context.py:105] [0/1]     return device_interface.Worker.get_device_properties().major >= 7
[36m(WorkerDict pid=4085100)[0m [rank2]:E0617 17:51:57.386000 4085100 site-packages/torch/_dynamo/metrics_context.py:105] [0/1]            ^^^^^^^^^^^^^^^^^^^^^^^^^^^^^^^^^^^^^^^^^^^^^^^^^^^^^^^^^^
[36m(WorkerDict pid=4085100)[0m [rank2]:E0617 17:51:57.386000 4085100 site-packages/torch/_dynamo/metrics_context.py:105] [0/1] TypeError: '>=' not supported between instances of 'NoneType' and 'int'
[36m(WorkerDict pid=4085112)[0m Processed prompts:  75%|███████▌  | 24/32 [08:40<01:55, 14.49s/it, est. speed input: 4.07 toks/s, output: 129.63 toks/s]
[36m(WorkerDict pid=4085113)[0m Processed prompts:  25%|██▌       | 8/32 [08:42<09:55, 24.81s/it, est. speed input: 1.55 toks/s, output: 80.67 toks/s]
[36m(WorkerDict pid=4085108)[0m Processed prompts:  97%|█████████▋| 31/32 [08:44<00:18, 18.99s/it, est. speed input: 3.95 toks/s, output: 237.34 toks/s]
[36m(WorkerDict pid=4085108)[0m [rank8]:E0617 17:52:03.508000 4085108 site-packages/torch/_dynamo/metrics_context.py:105] [0/1] Unexpected exception logging compilation metrics
[36m(WorkerDict pid=4085108)[0m [rank8]:E0617 17:52:03.508000 4085108 site-packages/torch/_dynamo/metrics_context.py:105] [0/1] Traceback (most recent call last):
[36m(WorkerDict pid=4085108)[0m [rank8]:E0617 17:52:03.508000 4085108 site-packages/torch/_dynamo/metrics_context.py:105] [0/1]   File "/usr/local/python3.11.14/lib/python3.11/site-packages/torch/_dynamo/metrics_context.py", line 101, in __exit__
[36m(WorkerDict pid=4085108)[0m [rank8]:E0617 17:52:03.508000 4085108 site-packages/torch/_dynamo/metrics_context.py:105] [0/1]     self._on_exit(
[36m(WorkerDict pid=4085108)[0m [rank8]:E0617 17:52:03.508000 4085108 site-packages/torch/_dynamo/metrics_context.py:105] [0/1]   File "/usr/local/python3.11.14/lib/python3.11/site-packages/torch/_dynamo/utils.py", line 1632, in record_compilation_metrics
[36m(WorkerDict pid=4085108)[0m [rank8]:E0617 17:52:03.508000 4085108 site-packages/torch/_dynamo/metrics_context.py:105] [0/1]     "triton_version": triton.__version__ if has_triton() else "",
[36m(WorkerDict pid=4085108)[0m [rank8]:E0617 17:52:03.508000 4085108 site-packages/torch/_dynamo/metrics_context.py:105] [0/1]                                             ^^^^^^^^^^^^
[36m(WorkerDict pid=4085108)[0m [rank8]:E0617 17:52:03.508000 4085108 site-packages/torch/_dynamo/metrics_context.py:105] [0/1]   File "/usr/local/python3.11.14/lib/python3.11/site-packages/torch/utils/_triton.py", line 159, in has_triton
[36m(WorkerDict pid=4085108)[0m [rank8]:E0617 17:52:03.508000 4085108 site-packages/torch/_dynamo/metrics_context.py:105] [0/1]     return is_device_compatible_with_triton()
[36m(WorkerDict pid=4085108)[0m [rank8]:E0617 17:52:03.508000 4085108 site-packages/torch/_dynamo/metrics_context.py:105] [0/1]            ^^^^^^^^^^^^^^^^^^^^^^^^^^^^^^^^^^
[36m(WorkerDict pid=4085108)[0m [rank8]:E0617 17:52:03.508000 4085108 site-packages/torch/_dynamo/metrics_context.py:105] [0/1]   File "/usr/local/python3.11.14/lib/python3.11/site-packages/torch/utils/_triton.py", line 155, in is_device_compatible_with_triton
[36m(WorkerDict pid=4085108)[0m [rank8]:E0617 17:52:03.508000 4085108 site-packages/torch/_dynamo/metrics_context.py:105] [0/1]     if device_interface.is_available() and extra_check(device_interface):
[36m(WorkerDict pid=4085108)[0m [rank8]:E0617 17:52:03.508000 4085108 site-packages/torch/_dynamo/metrics_context.py:105] [0/1]                                            ^^^^^^^^^^^^^^^^^^^^^^^^^^^^^
[36m(WorkerDict pid=4085108)[0m [rank8]:E0617 17:52:03.508000 4085108 site-packages/torch/_dynamo/metrics_context.py:105] [0/1]   File "/usr/local/python3.11.14/lib/python3.11/site-packages/torch/utils/_triton.py", line 135, in cuda_extra_check
[36m(WorkerDict pid=4085108)[0m [rank8]:E0617 17:52:03.508000 4085108 site-packages/torch/_dynamo/metrics_context.py:105] [0/1]     return device_interface.Worker.get_device_properties().major >= 7
[36m(WorkerDict pid=4085108)[0m [rank8]:E0617 17:52:03.508000 4085108 site-packages/torch/_dynamo/metrics_context.py:105] [0/1]            ^^^^^^^^^^^^^^^^^^^^^^^^^^^^^^^^^^^^^^^^^^^^^^^^^^^^^^^^^^
[36m(WorkerDict pid=4085108)[0m [rank8]:E0617 17:52:03.508000 4085108 site-packages/torch/_dynamo/metrics_context.py:105] [0/1] TypeError: '>=' not supported between instances of 'NoneType' and 'int'
[36m(WorkerDict pid=4085112)[0m Processed prompts:  78%|███████▊  | 25/32 [08:48<01:26, 12.41s/it, est. speed input: 4.31 toks/s, output: 139.17 toks/s]
[36m(WorkerDict pid=4085106)[0m Processed prompts:  75%|███████▌  | 24/32 [08:49<01:07,  8.44s/it, est. speed input: 2.18 toks/s, output: 226.57 toks/s]
[36m(WorkerDict pid=4085106)[0m Processed prompts:  78%|███████▊  | 25/32 [08:49<00:42,  6.08s/it, est. speed input: 2.30 toks/s, output: 237.71 toks/s]
[36m(WorkerDict pid=4085100)[0m Processed prompts: 100%|██████████| 32/32 [08:52<00:00, 17.04s/it, est. speed input: 5.44 toks/s, output: 209.09 toks/s]Processed prompts: 100%|██████████| 32/32 [08:52<00:00, 17.04s/it, est. speed input: 5.44 toks/s, output: 209.09 toks/s]
[36m(WorkerDict pid=4085114)[0m Processed prompts:  84%|████████▍ | 27/32 [08:52<01:12, 14.43s/it, est. speed input: 3.12 toks/s, output: 216.63 toks/s]
[36m(WorkerDict pid=4085113)[0m Processed prompts:  28%|██▊       | 9/32 [08:56<08:13, 21.44s/it, est. speed input: 1.69 toks/s, output: 89.95 toks/s]
[36m(WorkerDict pid=4085107)[0m Processed prompts:  12%|█▎        | 4/32 [08:57<41:18, 88.52s/it, est. speed input: 0.57 toks/s, output: 40.69 toks/s]   
[36m(WorkerDict pid=4085113)[0m Processed prompts:  31%|███▏      | 10/32 [09:00<05:52, 16.01s/it, est. speed input: 1.87 toks/s, output: 100.71 toks/s]
[36m(WorkerDict pid=4085107)[0m Processed prompts:  16%|█▌        | 5/32 [09:00<25:58, 57.72s/it, est. speed input: 0.70 toks/s, output: 51.87 toks/s]
[36m(WorkerDict pid=4085115)[0m Processed prompts:  22%|██▏       | 7/32 [09:04<14:51, 35.68s/it, est. speed input: 1.49 toks/s, output: 71.22 toks/s]
[36m(WorkerDict pid=4085114)[0m Processed prompts:  88%|████████▊ | 28/32 [09:07<00:58, 14.58s/it, est. speed input: 3.23 toks/s, output: 222.15 toks/s]
[36m(WorkerDict pid=4085107)[0m Processed prompts:  19%|█▉        | 6/32 [09:08<17:42, 40.85s/it, est. speed input: 0.83 toks/s, output: 62.53 toks/s]
[36m(WorkerDict pid=4085115)[0m Processed prompts:  25%|██▌       | 8/32 [09:09<11:01, 27.58s/it, est. speed input: 1.69 toks/s, output: 81.96 toks/s]
[36m(WorkerDict pid=4085108)[0m Processed prompts: 100%|██████████| 32/32 [09:12<00:00, 21.47s/it, est. speed input: 3.91 toks/s, output: 237.05 toks/s]Processed prompts: 100%|██████████| 32/32 [09:12<00:00, 21.47s/it, est. speed input: 3.91 toks/s, output: 237.05 toks/s]
[36m(WorkerDict pid=4085113)[0m Processed prompts:  34%|███▍      | 11/32 [09:13<05:14, 14.98s/it, est. speed input: 2.01 toks/s, output: 109.83 toks/s]
[36m(WorkerDict pid=4085107)[0m Processed prompts:  22%|██▏       | 7/32 [09:20<13:07, 31.50s/it, est. speed input: 0.95 toks/s, output: 72.61 toks/s]
[36m(WorkerDict pid=4085115)[0m Processed prompts:  28%|██▊       | 9/32 [09:23<09:04, 23.66s/it, est. speed input: 1.85 toks/s, output: 91.45 toks/s]
[36m(WorkerDict pid=4085107)[0m Processed prompts:  25%|██▌       | 8/32 [09:25<09:13, 23.06s/it, est. speed input: 1.07 toks/s, output: 83.42 toks/s]
[36m(WorkerDict pid=4085107)[0m Processed prompts:  28%|██▊       | 9/32 [09:28<06:25, 16.74s/it, est. speed input: 1.20 toks/s, output: 94.46 toks/s]
[36m(WorkerDict pid=4085106)[0m Processed prompts:  81%|████████▏ | 26/32 [09:31<01:40, 16.76s/it, est. speed input: 2.26 toks/s, output: 231.82 toks/s]
[36m(WorkerDict pid=4085107)[0m Processed prompts:  31%|███▏      | 10/32 [09:33<04:47, 13.05s/it, est. speed input: 1.33 toks/s, output: 105.14 toks/s]
[36m(WorkerDict pid=4085112)[0m Processed prompts:  81%|████████▏ | 26/32 [09:35<02:17, 22.88s/it, est. speed input: 4.22 toks/s, output: 139.20 toks/s]
[36m(WorkerDict pid=4085111)[0m Processed prompts:  91%|█████████ | 29/32 [09:37<02:51, 57.19s/it, est. speed input: 2.63 toks/s, output: 164.06 toks/s]
[36m(WorkerDict pid=4085114)[0m Processed prompts:  91%|█████████ | 29/32 [09:38<00:57, 19.33s/it, est. speed input: 3.24 toks/s, output: 221.87 toks/s]
[36m(WorkerDict pid=4085098)[0m Processed prompts:  53%|█████▎    | 17/32 [09:40<28:08, 112.54s/it, est. speed input: 1.11 toks/s, output: 63.24 toks/s]
[36m(WorkerDict pid=4085112)[0m Processed prompts:  84%|████████▍ | 27/32 [09:41<01:28, 17.66s/it, est. speed input: 4.45 toks/s, output: 149.37 toks/s]
[36m(WorkerDict pid=4085107)[0m Processed prompts:  34%|███▍      | 11/32 [09:43<04:17, 12.25s/it, est. speed input: 1.43 toks/s, output: 114.74 toks/s]
[36m(WorkerDict pid=4085106)[0m Processed prompts:  84%|████████▍ | 27/32 [09:44<01:18, 15.66s/it, est. speed input: 2.26 toks/s, output: 238.11 toks/s]
[36m(WorkerDict pid=4085111)[0m Processed prompts:  94%|█████████▍| 30/32 [09:53<01:29, 44.67s/it, est. speed input: 2.69 toks/s, output: 171.27 toks/s]
[36m(WorkerDict pid=4085098)[0m Processed prompts:  56%|█████▋    | 18/32 [09:53<19:17, 82.71s/it, est. speed input: 1.23 toks/s, output: 73.34 toks/s] 
[36m(WorkerDict pid=4085115)[0m Processed prompts:  31%|███▏      | 10/32 [10:00<10:07, 27.63s/it, est. speed input: 1.93 toks/s, output: 97.20 toks/s]
[36m(WorkerDict pid=4085106)[0m Processed prompts:  88%|████████▊ | 28/32 [10:02<01:05, 16.28s/it, est. speed input: 2.25 toks/s, output: 242.61 toks/s]
[36m(WorkerDict pid=4085112)[0m Processed prompts:  88%|████████▊ | 28/32 [10:02<01:14, 18.69s/it, est. speed input: 4.55 toks/s, output: 155.66 toks/s]
[36m(WorkerDict pid=4085115)[0m Processed prompts:  34%|███▍      | 11/32 [10:10<07:48, 22.31s/it, est. speed input: 2.09 toks/s, output: 107.27 toks/s]
[36m(WorkerDict pid=4085113)[0m Processed prompts:  38%|███▊      | 12/32 [10:11<09:23, 28.16s/it, est. speed input: 1.98 toks/s, output: 110.89 toks/s]
[36m(WorkerDict pid=4085098)[0m Processed prompts:  59%|█████▉    | 19/32 [10:27<14:43, 67.95s/it, est. speed input: 1.30 toks/s, output: 80.98 toks/s]
[36m(WorkerDict pid=4085114)[0m Processed prompts:  94%|█████████▍| 30/32 [10:28<00:56, 28.41s/it, est. speed input: 3.15 toks/s, output: 215.83 toks/s]
[36m(WorkerDict pid=4085112)[0m Processed prompts:  91%|█████████ | 29/32 [10:29<01:03, 21.26s/it, est. speed input: 4.60 toks/s, output: 160.49 toks/s]
[36m(WorkerDict pid=4085112)[0m Processed prompts:  94%|█████████▍| 30/32 [10:35<00:33, 16.61s/it, est. speed input: 4.80 toks/s, output: 170.61 toks/s]
[36m(WorkerDict pid=4085112)[0m Processed prompts:  97%|█████████▋| 31/32 [10:39<00:12, 12.75s/it, est. speed input: 5.02 toks/s, output: 181.20 toks/s]
[36m(WorkerDict pid=4085112)[0m [rank11]:E0617 17:53:58.089000 4085112 site-packages/torch/_dynamo/metrics_context.py:105] [0/1] Unexpected exception logging compilation metrics
[36m(WorkerDict pid=4085112)[0m [rank11]:E0617 17:53:58.089000 4085112 site-packages/torch/_dynamo/metrics_context.py:105] [0/1] Traceback (most recent call last):
[36m(WorkerDict pid=4085112)[0m [rank11]:E0617 17:53:58.089000 4085112 site-packages/torch/_dynamo/metrics_context.py:105] [0/1]   File "/usr/local/python3.11.14/lib/python3.11/site-packages/torch/_dynamo/metrics_context.py", line 101, in __exit__
[36m(WorkerDict pid=4085112)[0m [rank11]:E0617 17:53:58.089000 4085112 site-packages/torch/_dynamo/metrics_context.py:105] [0/1]     self._on_exit(
[36m(WorkerDict pid=4085112)[0m [rank11]:E0617 17:53:58.089000 4085112 site-packages/torch/_dynamo/metrics_context.py:105] [0/1]   File "/usr/local/python3.11.14/lib/python3.11/site-packages/torch/_dynamo/utils.py", line 1632, in record_compilation_metrics
[36m(WorkerDict pid=4085112)[0m [rank11]:E0617 17:53:58.089000 4085112 site-packages/torch/_dynamo/metrics_context.py:105] [0/1]     "triton_version": triton.__version__ if has_triton() else "",
[36m(WorkerDict pid=4085112)[0m [rank11]:E0617 17:53:58.089000 4085112 site-packages/torch/_dynamo/metrics_context.py:105] [0/1]                                             ^^^^^^^^^^^^
[36m(WorkerDict pid=4085112)[0m [rank11]:E0617 17:53:58.089000 4085112 site-packages/torch/_dynamo/metrics_context.py:105] [0/1]   File "/usr/local/python3.11.14/lib/python3.11/site-packages/torch/utils/_triton.py", line 159, in has_triton
[36m(WorkerDict pid=4085112)[0m [rank11]:E0617 17:53:58.089000 4085112 site-packages/torch/_dynamo/metrics_context.py:105] [0/1]     return is_device_compatible_with_triton()
[36m(WorkerDict pid=4085112)[0m [rank11]:E0617 17:53:58.089000 4085112 site-packages/torch/_dynamo/metrics_context.py:105] [0/1]            ^^^^^^^^^^^^^^^^^^^^^^^^^^^^^^^^^^
[36m(WorkerDict pid=4085112)[0m [rank11]:E0617 17:53:58.089000 4085112 site-packages/torch/_dynamo/metrics_context.py:105] [0/1]   File "/usr/local/python3.11.14/lib/python3.11/site-packages/torch/utils/_triton.py", line 155, in is_device_compatible_with_triton
[36m(WorkerDict pid=4085112)[0m [rank11]:E0617 17:53:58.089000 4085112 site-packages/torch/_dynamo/metrics_context.py:105] [0/1]     if device_interface.is_available() and extra_check(device_interface):
[36m(WorkerDict pid=4085112)[0m [rank11]:E0617 17:53:58.089000 4085112 site-packages/torch/_dynamo/metrics_context.py:105] [0/1]                                            ^^^^^^^^^^^^^^^^^^^^^^^^^^^^^
[36m(WorkerDict pid=4085112)[0m [rank11]:E0617 17:53:58.089000 4085112 site-packages/torch/_dynamo/metrics_context.py:105] [0/1]   File "/usr/local/python3.11.14/lib/python3.11/site-packages/torch/utils/_triton.py", line 135, in cuda_extra_check
[36m(WorkerDict pid=4085112)[0m [rank11]:E0617 17:53:58.089000 4085112 site-packages/torch/_dynamo/metrics_context.py:105] [0/1]     return device_interface.Worker.get_device_properties().major >= 7
[36m(WorkerDict pid=4085112)[0m [rank11]:E0617 17:53:58.089000 4085112 site-packages/torch/_dynamo/metrics_context.py:105] [0/1]            ^^^^^^^^^^^^^^^^^^^^^^^^^^^^^^^^^^^^^^^^^^^^^^^^^^^^^^^^^^
[36m(WorkerDict pid=4085112)[0m [rank11]:E0617 17:53:58.089000 4085112 site-packages/torch/_dynamo/metrics_context.py:105] [0/1] TypeError: '>=' not supported between instances of 'NoneType' and 'int'
[36m(WorkerDict pid=4085107)[0m Processed prompts:  38%|███▊      | 12/32 [10:39<08:29, 25.45s/it, est. speed input: 1.43 toks/s, output: 116.35 toks/s]
[36m(WorkerDict pid=4085098)[0m Processed prompts:  62%|██████▎   | 20/32 [10:39<10:13, 51.13s/it, est. speed input: 1.41 toks/s, output: 91.07 toks/s]
[36m(WorkerDict pid=4085111)[0m Processed prompts:  97%|█████████▋| 31/32 [10:42<00:45, 45.96s/it, est. speed input: 2.60 toks/s, output: 169.80 toks/s]
[36m(WorkerDict pid=4085111)[0m [rank10]:E0617 17:54:00.777000 4085111 site-packages/torch/_dynamo/metrics_context.py:105] [0/1] Unexpected exception logging compilation metrics
[36m(WorkerDict pid=4085111)[0m [rank10]:E0617 17:54:00.777000 4085111 site-packages/torch/_dynamo/metrics_context.py:105] [0/1] Traceback (most recent call last):
[36m(WorkerDict pid=4085111)[0m [rank10]:E0617 17:54:00.777000 4085111 site-packages/torch/_dynamo/metrics_context.py:105] [0/1]   File "/usr/local/python3.11.14/lib/python3.11/site-packages/torch/_dynamo/metrics_context.py", line 101, in __exit__
[36m(WorkerDict pid=4085111)[0m [rank10]:E0617 17:54:00.777000 4085111 site-packages/torch/_dynamo/metrics_context.py:105] [0/1]     self._on_exit(
[36m(WorkerDict pid=4085111)[0m [rank10]:E0617 17:54:00.777000 4085111 site-packages/torch/_dynamo/metrics_context.py:105] [0/1]   File "/usr/local/python3.11.14/lib/python3.11/site-packages/torch/_dynamo/utils.py", line 1632, in record_compilation_metrics
[36m(WorkerDict pid=4085111)[0m [rank10]:E0617 17:54:00.777000 4085111 site-packages/torch/_dynamo/metrics_context.py:105] [0/1]     "triton_version": triton.__version__ if has_triton() else "",
[36m(WorkerDict pid=4085111)[0m [rank10]:E0617 17:54:00.777000 4085111 site-packages/torch/_dynamo/metrics_context.py:105] [0/1]                                             ^^^^^^^^^^^^
[36m(WorkerDict pid=4085111)[0m [rank10]:E0617 17:54:00.777000 4085111 site-packages/torch/_dynamo/metrics_context.py:105] [0/1]   File "/usr/local/python3.11.14/lib/python3.11/site-packages/torch/utils/_triton.py", line 159, in has_triton
[36m(WorkerDict pid=4085111)[0m [rank10]:E0617 17:54:00.777000 4085111 site-packages/torch/_dynamo/metrics_context.py:105] [0/1]     return is_device_compatible_with_triton()
[36m(WorkerDict pid=4085111)[0m [rank10]:E0617 17:54:00.777000 4085111 site-packages/torch/_dynamo/metrics_context.py:105] [0/1]            ^^^^^^^^^^^^^^^^^^^^^^^^^^^^^^^^^^
[36m(WorkerDict pid=4085111)[0m [rank10]:E0617 17:54:00.777000 4085111 site-packages/torch/_dynamo/metrics_context.py:105] [0/1]   File "/usr/local/python3.11.14/lib/python3.11/site-packages/torch/utils/_triton.py", line 155, in is_device_compatible_with_triton
[36m(WorkerDict pid=4085111)[0m [rank10]:E0617 17:54:00.777000 4085111 site-packages/torch/_dynamo/metrics_context.py:105] [0/1]     if device_interface.is_available() and extra_check(device_interface):
[36m(WorkerDict pid=4085111)[0m [rank10]:E0617 17:54:00.777000 4085111 site-packages/torch/_dynamo/metrics_context.py:105] [0/1]                                            ^^^^^^^^^^^^^^^^^^^^^^^^^^^^^
[36m(WorkerDict pid=4085111)[0m [rank10]:E0617 17:54:00.777000 4085111 site-packages/torch/_dynamo/metrics_context.py:105] [0/1]   File "/usr/local/python3.11.14/lib/python3.11/site-packages/torch/utils/_triton.py", line 135, in cuda_extra_check
[36m(WorkerDict pid=4085111)[0m [rank10]:E0617 17:54:00.777000 4085111 site-packages/torch/_dynamo/metrics_context.py:105] [0/1]     return device_interface.Worker.get_device_properties().major >= 7
[36m(WorkerDict pid=4085111)[0m [rank10]:E0617 17:54:00.777000 4085111 site-packages/torch/_dynamo/metrics_context.py:105] [0/1]            ^^^^^^^^^^^^^^^^^^^^^^^^^^^^^^^^^^^^^^^^^^^^^^^^^^^^^^^^^^
[36m(WorkerDict pid=4085111)[0m [rank10]:E0617 17:54:00.777000 4085111 site-packages/torch/_dynamo/metrics_context.py:105] [0/1] TypeError: '>=' not supported between instances of 'NoneType' and 'int'
[36m(WorkerDict pid=4085098)[0m Processed prompts:  66%|██████▌   | 21/32 [10:51<07:12, 39.33s/it, est. speed input: 1.52 toks/s, output: 101.04 toks/s]
[36m(WorkerDict pid=4085111)[0m Processed prompts: 100%|██████████| 32/32 [10:55<00:00, 36.26s/it, est. speed input: 2.66 toks/s, output: 177.88 toks/s]Processed prompts: 100%|██████████| 32/32 [10:55<00:00, 36.26s/it, est. speed input: 2.66 toks/s, output: 177.88 toks/s]
[36m(WorkerDict pid=4085114)[0m Processed prompts:  97%|█████████▋| 31/32 [10:59<00:29, 29.18s/it, est. speed input: 3.16 toks/s, output: 217.31 toks/s]
[36m(WorkerDict pid=4085114)[0m [rank14]:E0617 17:54:18.373000 4085114 site-packages/torch/_dynamo/metrics_context.py:105] [0/1] Unexpected exception logging compilation metrics
[36m(WorkerDict pid=4085114)[0m [rank14]:E0617 17:54:18.373000 4085114 site-packages/torch/_dynamo/metrics_context.py:105] [0/1] Traceback (most recent call last):
[36m(WorkerDict pid=4085114)[0m [rank14]:E0617 17:54:18.373000 4085114 site-packages/torch/_dynamo/metrics_context.py:105] [0/1]   File "/usr/local/python3.11.14/lib/python3.11/site-packages/torch/_dynamo/metrics_context.py", line 101, in __exit__
[36m(WorkerDict pid=4085114)[0m [rank14]:E0617 17:54:18.373000 4085114 site-packages/torch/_dynamo/metrics_context.py:105] [0/1]     self._on_exit(
[36m(WorkerDict pid=4085114)[0m [rank14]:E0617 17:54:18.373000 4085114 site-packages/torch/_dynamo/metrics_context.py:105] [0/1]   File "/usr/local/python3.11.14/lib/python3.11/site-packages/torch/_dynamo/utils.py", line 1632, in record_compilation_metrics
[36m(WorkerDict pid=4085114)[0m [rank14]:E0617 17:54:18.373000 4085114 site-packages/torch/_dynamo/metrics_context.py:105] [0/1]     "triton_version": triton.__version__ if has_triton() else "",
[36m(WorkerDict pid=4085114)[0m [rank14]:E0617 17:54:18.373000 4085114 site-packages/torch/_dynamo/metrics_context.py:105] [0/1]                                             ^^^^^^^^^^^^
[36m(WorkerDict pid=4085114)[0m [rank14]:E0617 17:54:18.373000 4085114 site-packages/torch/_dynamo/metrics_context.py:105] [0/1]   File "/usr/local/python3.11.14/lib/python3.11/site-packages/torch/utils/_triton.py", line 159, in has_triton
[36m(WorkerDict pid=4085114)[0m [rank14]:E0617 17:54:18.373000 4085114 site-packages/torch/_dynamo/metrics_context.py:105] [0/1]     return is_device_compatible_with_triton()
[36m(WorkerDict pid=4085114)[0m [rank14]:E0617 17:54:18.373000 4085114 site-packages/torch/_dynamo/metrics_context.py:105] [0/1]            ^^^^^^^^^^^^^^^^^^^^^^^^^^^^^^^^^^
[36m(WorkerDict pid=4085114)[0m [rank14]:E0617 17:54:18.373000 4085114 site-packages/torch/_dynamo/metrics_context.py:105] [0/1]   File "/usr/local/python3.11.14/lib/python3.11/site-packages/torch/utils/_triton.py", line 155, in is_device_compatible_with_triton
[36m(WorkerDict pid=4085114)[0m [rank14]:E0617 17:54:18.373000 4085114 site-packages/torch/_dynamo/metrics_context.py:105] [0/1]     if device_interface.is_available() and extra_check(device_interface):
[36m(WorkerDict pid=4085114)[0m [rank14]:E0617 17:54:18.373000 4085114 site-packages/torch/_dynamo/metrics_context.py:105] [0/1]                                            ^^^^^^^^^^^^^^^^^^^^^^^^^^^^^
[36m(WorkerDict pid=4085114)[0m [rank14]:E0617 17:54:18.373000 4085114 site-packages/torch/_dynamo/metrics_context.py:105] [0/1]   File "/usr/local/python3.11.14/lib/python3.11/site-packages/torch/utils/_triton.py", line 135, in cuda_extra_check
[36m(WorkerDict pid=4085114)[0m [rank14]:E0617 17:54:18.373000 4085114 site-packages/torch/_dynamo/metrics_context.py:105] [0/1]     return device_interface.Worker.get_device_properties().major >= 7
[36m(WorkerDict pid=4085114)[0m [rank14]:E0617 17:54:18.373000 4085114 site-packages/torch/_dynamo/metrics_context.py:105] [0/1]            ^^^^^^^^^^^^^^^^^^^^^^^^^^^^^^^^^^^^^^^^^^^^^^^^^^^^^^^^^^
[36m(WorkerDict pid=4085114)[0m [rank14]:E0617 17:54:18.373000 4085114 site-packages/torch/_dynamo/metrics_context.py:105] [0/1] TypeError: '>=' not supported between instances of 'NoneType' and 'int'
[36m(WorkerDict pid=4085115)[0m Processed prompts:  38%|███▊      | 12/32 [11:00<10:12, 30.65s/it, est. speed input: 2.11 toks/s, output: 110.62 toks/s]
[36m(WorkerDict pid=4085107)[0m Processed prompts:  41%|████      | 13/32 [11:00<07:40, 24.22s/it, est. speed input: 1.50 toks/s, output: 124.21 toks/s]
[36m(WorkerDict pid=4085115)[0m Processed prompts:  41%|████      | 13/32 [11:01<06:55, 21.86s/it, est. speed input: 2.28 toks/s, output: 122.11 toks/s]
[36m(WorkerDict pid=4085115)[0m Processed prompts:  44%|████▍     | 14/32 [11:03<04:48, 16.03s/it, est. speed input: 2.45 toks/s, output: 133.34 toks/s]
[36m(WorkerDict pid=4085114)[0m Processed prompts: 100%|██████████| 32/32 [11:08<00:00, 23.19s/it, est. speed input: 3.28 toks/s, output: 225.98 toks/s]Processed prompts: 100%|██████████| 32/32 [11:08<00:00, 23.19s/it, est. speed input: 3.28 toks/s, output: 225.98 toks/s]
[36m(WorkerDict pid=4085106)[0m Processed prompts:  91%|█████████ | 29/32 [11:09<01:34, 31.43s/it, est. speed input: 2.13 toks/s, output: 230.03 toks/s]
[36m(WorkerDict pid=4085115)[0m Processed prompts:  47%|████▋     | 15/32 [11:12<03:56, 13.92s/it, est. speed input: 2.59 toks/s, output: 143.21 toks/s]
[36m(WorkerDict pid=4085106)[0m Processed prompts:  94%|█████████▍| 30/32 [11:15<00:47, 23.95s/it, est. speed input: 2.21 toks/s, output: 239.46 toks/s]
[36m(WorkerDict pid=4085113)[0m Processed prompts:  41%|████      | 13/32 [11:15<12:22, 39.06s/it, est. speed input: 1.94 toks/s, output: 112.01 toks/s]
[36m(WorkerDict pid=4085098)[0m Processed prompts:  69%|██████▉   | 22/32 [11:15<05:48, 34.88s/it, est. speed input: 1.59 toks/s, output: 109.04 toks/s]
[36m(WorkerDict pid=4085107)[0m Processed prompts:  44%|████▍     | 14/32 [11:39<08:34, 28.60s/it, est. speed input: 1.52 toks/s, output: 129.05 toks/s]
[36m(WorkerDict pid=4085106)[0m Processed prompts:  97%|█████████▋| 31/32 [11:40<00:24, 24.32s/it, est. speed input: 2.23 toks/s, output: 242.56 toks/s]
[36m(WorkerDict pid=4085106)[0m [rank6]:E0617 17:54:59.424000 4085106 site-packages/torch/_dynamo/metrics_context.py:105] [0/1] Unexpected exception logging compilation metrics
[36m(WorkerDict pid=4085106)[0m [rank6]:E0617 17:54:59.424000 4085106 site-packages/torch/_dynamo/metrics_context.py:105] [0/1] Traceback (most recent call last):
[36m(WorkerDict pid=4085106)[0m [rank6]:E0617 17:54:59.424000 4085106 site-packages/torch/_dynamo/metrics_context.py:105] [0/1]   File "/usr/local/python3.11.14/lib/python3.11/site-packages/torch/_dynamo/metrics_context.py", line 101, in __exit__
[36m(WorkerDict pid=4085106)[0m [rank6]:E0617 17:54:59.424000 4085106 site-packages/torch/_dynamo/metrics_context.py:105] [0/1]     self._on_exit(
[36m(WorkerDict pid=4085106)[0m [rank6]:E0617 17:54:59.424000 4085106 site-packages/torch/_dynamo/metrics_context.py:105] [0/1]   File "/usr/local/python3.11.14/lib/python3.11/site-packages/torch/_dynamo/utils.py", line 1632, in record_compilation_metrics
[36m(WorkerDict pid=4085106)[0m [rank6]:E0617 17:54:59.424000 4085106 site-packages/torch/_dynamo/metrics_context.py:105] [0/1]     "triton_version": triton.__version__ if has_triton() else "",
[36m(WorkerDict pid=4085106)[0m [rank6]:E0617 17:54:59.424000 4085106 site-packages/torch/_dynamo/metrics_context.py:105] [0/1]                                             ^^^^^^^^^^^^
[36m(WorkerDict pid=4085106)[0m [rank6]:E0617 17:54:59.424000 4085106 site-packages/torch/_dynamo/metrics_context.py:105] [0/1]   File "/usr/local/python3.11.14/lib/python3.11/site-packages/torch/utils/_triton.py", line 159, in has_triton
[36m(WorkerDict pid=4085106)[0m [rank6]:E0617 17:54:59.424000 4085106 site-packages/torch/_dynamo/metrics_context.py:105] [0/1]     return is_device_compatible_with_triton()
[36m(WorkerDict pid=4085106)[0m [rank6]:E0617 17:54:59.424000 4085106 site-packages/torch/_dynamo/metrics_context.py:105] [0/1]            ^^^^^^^^^^^^^^^^^^^^^^^^^^^^^^^^^^
[36m(WorkerDict pid=4085106)[0m [rank6]:E0617 17:54:59.424000 4085106 site-packages/torch/_dynamo/metrics_context.py:105] [0/1]   File "/usr/local/python3.11.14/lib/python3.11/site-packages/torch/utils/_triton.py", line 155, in is_device_compatible_with_triton
[36m(WorkerDict pid=4085106)[0m [rank6]:E0617 17:54:59.424000 4085106 site-packages/torch/_dynamo/metrics_context.py:105] [0/1]     if device_interface.is_available() and extra_check(device_interface):
[36m(WorkerDict pid=4085106)[0m [rank6]:E0617 17:54:59.424000 4085106 site-packages/torch/_dynamo/metrics_context.py:105] [0/1]                                            ^^^^^^^^^^^^^^^^^^^^^^^^^^^^^
[36m(WorkerDict pid=4085106)[0m [rank6]:E0617 17:54:59.424000 4085106 site-packages/torch/_dynamo/metrics_context.py:105] [0/1]   File "/usr/local/python3.11.14/lib/python3.11/site-packages/torch/utils/_triton.py", line 135, in cuda_extra_check
[36m(WorkerDict pid=4085106)[0m [rank6]:E0617 17:54:59.424000 4085106 site-packages/torch/_dynamo/metrics_context.py:105] [0/1]     return device_interface.Worker.get_device_properties().major >= 7
[36m(WorkerDict pid=4085106)[0m [rank6]:E0617 17:54:59.424000 4085106 site-packages/torch/_dynamo/metrics_context.py:105] [0/1]            ^^^^^^^^^^^^^^^^^^^^^^^^^^^^^^^^^^^^^^^^^^^^^^^^^^^^^^^^^^
[36m(WorkerDict pid=4085106)[0m [rank6]:E0617 17:54:59.424000 4085106 site-packages/torch/_dynamo/metrics_context.py:105] [0/1] TypeError: '>=' not supported between instances of 'NoneType' and 'int'
[36m(WorkerDict pid=4085112)[0m Processed prompts: 100%|██████████| 32/32 [11:48<00:00, 29.88s/it, est. speed input: 4.74 toks/s, output: 175.07 toks/s]Processed prompts: 100%|██████████| 32/32 [11:48<00:00, 29.88s/it, est. speed input: 4.74 toks/s, output: 175.07 toks/s]
[36m(WorkerDict pid=4085107)[0m Processed prompts:  47%|████▋     | 15/32 [11:52<06:48, 24.02s/it, est. speed input: 1.60 toks/s, output: 138.35 toks/s]
[36m(WorkerDict pid=4085098)[0m Processed prompts:  72%|███████▏  | 23/32 [11:54<05:25, 36.17s/it, est. speed input: 1.63 toks/s, output: 114.80 toks/s]
[36m(WorkerDict pid=4085107)[0m Processed prompts:  50%|█████     | 16/32 [11:57<04:51, 18.20s/it, est. speed input: 1.69 toks/s, output: 149.20 toks/s]
[36m(WorkerDict pid=4085113)[0m Processed prompts:  44%|████▍     | 14/32 [11:59<12:10, 40.61s/it, est. speed input: 2.03 toks/s, output: 116.88 toks/s]
[36m(WorkerDict pid=4085113)[0m Processed prompts:  47%|████▋     | 15/32 [12:00<08:06, 28.61s/it, est. speed input: 2.22 toks/s, output: 128.49 toks/s]
[36m(WorkerDict pid=4085098)[0m Processed prompts:  75%|███████▌  | 24/32 [12:05<03:48, 28.52s/it, est. speed input: 1.72 toks/s, output: 124.89 toks/s]
[36m(WorkerDict pid=4085098)[0m Processed prompts:  78%|███████▊  | 25/32 [12:06<02:20, 20.14s/it, est. speed input: 1.84 toks/s, output: 136.56 toks/s]
[36m(WorkerDict pid=4085098)[0m Processed prompts:  81%|████████▏ | 26/32 [12:18<01:47, 17.96s/it, est. speed input: 1.92 toks/s, output: 145.99 toks/s]
[36m(WorkerDict pid=4085113)[0m Processed prompts:  50%|█████     | 16/32 [12:21<06:58, 26.17s/it, est. speed input: 2.36 toks/s, output: 136.73 toks/s]
[36m(WorkerDict pid=4085113)[0m Processed prompts:  53%|█████▎    | 17/32 [12:30<05:16, 21.13s/it, est. speed input: 2.46 toks/s, output: 146.82 toks/s]
[36m(WorkerDict pid=4085098)[0m Processed prompts:  84%|████████▍ | 27/32 [12:49<01:48, 21.72s/it, est. speed input: 1.96 toks/s, output: 152.07 toks/s]
[36m(WorkerDict pid=4085098)[0m Processed prompts:  88%|████████▊ | 28/32 [12:51<01:03, 15.86s/it, est. speed input: 2.06 toks/s, output: 163.51 toks/s]
[36m(WorkerDict pid=4085110)[0m Processed prompts:   3%|▎         | 1/32 [12:56<6:41:00, 776.14s/it, est. speed input: 0.06 toks/s, output: 11.89 toks/s]
[36m(WorkerDict pid=4085098)[0m Processed prompts:  91%|█████████ | 29/32 [13:06<00:46, 15.66s/it, est. speed input: 2.13 toks/s, output: 172.26 toks/s]
[36m(WorkerDict pid=4085110)[0m Processed prompts:   6%|▋         | 2/32 [13:12<2:44:44, 329.47s/it, est. speed input: 0.13 toks/s, output: 23.57 toks/s]
[36m(WorkerDict pid=4085113)[0m Processed prompts:  56%|█████▋    | 18/32 [13:19<06:52, 29.45s/it, est. speed input: 2.49 toks/s, output: 149.77 toks/s]
[36m(WorkerDict pid=4085113)[0m Processed prompts:  59%|█████▉    | 19/32 [13:19<04:29, 20.69s/it, est. speed input: 2.67 toks/s, output: 161.64 toks/s]
[36m(WorkerDict pid=4085098)[0m Processed prompts:  94%|█████████▍| 30/32 [13:21<00:30, 15.26s/it, est. speed input: 2.20 toks/s, output: 181.12 toks/s]
[36m(WorkerDict pid=4085109)[0m Processed prompts:  53%|█████▎    | 17/32 [13:27<41:57, 167.84s/it, est. speed input: 0.85 toks/s, output: 58.23 toks/s]
[36m(WorkerDict pid=4085110)[0m Processed prompts:   9%|▉         | 3/32 [14:05<1:38:03, 202.86s/it, est. speed input: 0.18 toks/s, output: 34.14 toks/s]
[36m(WorkerDict pid=4085110)[0m Processed prompts:  12%|█▎        | 4/32 [14:10<58:13, 124.75s/it, est. speed input: 0.24 toks/s, output: 45.98 toks/s]  
[36m(WorkerDict pid=4085115)[0m Processed prompts:  50%|█████     | 16/32 [14:15<17:08, 64.29s/it, est. speed input: 2.17 toks/s, output: 124.60 toks/s]
[36m(WorkerDict pid=4085110)[0m Processed prompts:  16%|█▌        | 5/32 [14:28<38:50, 86.30s/it, est. speed input: 0.27 toks/s, output: 57.10 toks/s] 
[36m(WorkerDict pid=4085113)[0m Processed prompts:  62%|██████▎   | 20/32 [14:29<07:06, 35.51s/it, est. speed input: 2.63 toks/s, output: 160.68 toks/s]
[36m(WorkerDict pid=4085115)[0m Processed prompts:  53%|█████▎    | 17/32 [14:34<12:40, 50.69s/it, est. speed input: 2.26 toks/s, output: 134.00 toks/s]
[36m(WorkerDict pid=4085115)[0m Processed prompts:  56%|█████▋    | 18/32 [14:43<08:56, 38.29s/it, est. speed input: 2.38 toks/s, output: 144.69 toks/s]
[36m(WorkerDict pid=4085113)[0m Processed prompts:  66%|██████▌   | 21/32 [15:02<06:19, 34.51s/it, est. speed input: 2.69 toks/s, output: 167.07 toks/s]
[36m(WorkerDict pid=4085113)[0m Processed prompts:  69%|██████▉   | 22/32 [15:08<04:21, 26.11s/it, est. speed input: 2.83 toks/s, output: 177.99 toks/s]
[36m(WorkerDict pid=4085110)[0m Processed prompts:  19%|█▉        | 6/32 [15:09<30:43, 70.91s/it, est. speed input: 0.30 toks/s, output: 66.67 toks/s]
[36m(WorkerDict pid=4085109)[0m Processed prompts:  56%|█████▋    | 18/32 [15:12<34:44, 148.93s/it, est. speed input: 0.82 toks/s, output: 63.67 toks/s]
[36m(WorkerDict pid=4085115)[0m Processed prompts:  59%|█████▉    | 19/32 [15:12<07:42, 35.58s/it, est. speed input: 2.43 toks/s, output: 152.18 toks/s]
[36m(WorkerDict pid=4085110)[0m Processed prompts:  22%|██▏       | 7/32 [15:17<21:01, 50.45s/it, est. speed input: 0.33 toks/s, output: 78.21 toks/s]
[36m(WorkerDict pid=4085110)[0m Processed prompts:  25%|██▌       | 8/32 [15:17<13:46, 34.44s/it, est. speed input: 0.39 toks/s, output: 90.35 toks/s]
[36m(WorkerDict pid=4085110)[0m Processed prompts:  28%|██▊       | 9/32 [15:22<09:40, 25.22s/it, est. speed input: 0.42 toks/s, output: 102.03 toks/s]
[36m(WorkerDict pid=4085113)[0m Processed prompts:  72%|███████▏  | 23/32 [15:24<03:27, 23.03s/it, est. speed input: 2.94 toks/s, output: 187.08 toks/s]
[36m(WorkerDict pid=4085115)[0m Processed prompts:  62%|██████▎   | 20/32 [15:25<05:42, 28.53s/it, est. speed input: 2.53 toks/s, output: 162.34 toks/s]
[36m(WorkerDict pid=4085113)[0m Processed prompts:  75%|███████▌  | 24/32 [15:26<02:13, 16.74s/it, est. speed input: 3.04 toks/s, output: 198.81 toks/s]
[36m(WorkerDict pid=4085115)[0m Processed prompts:  66%|██████▌   | 21/32 [15:28<03:52, 21.10s/it, est. speed input: 2.65 toks/s, output: 173.85 toks/s]
[36m(WorkerDict pid=4085110)[0m Processed prompts:  31%|███▏      | 10/32 [15:29<07:11, 19.60s/it, est. speed input: 0.47 toks/s, output: 113.44 toks/s]
[36m(WorkerDict pid=4085115)[0m Processed prompts:  69%|██████▉   | 22/32 [15:33<02:43, 16.32s/it, est. speed input: 2.76 toks/s, output: 185.05 toks/s]
[36m(WorkerDict pid=4085106)[0m Processed prompts: 100%|██████████| 32/32 [15:34<00:00, 87.02s/it, est. speed input: 1.75 toks/s, output: 194.14 toks/s]Processed prompts: 100%|██████████| 32/32 [15:34<00:00, 87.02s/it, est. speed input: 1.75 toks/s, output: 194.14 toks/s]
[36m(WorkerDict pid=4085100)[0m Processed prompts: 100%|██████████| 32/32 [15:44<00:00, 29.51s/it, est. speed input: 5.44 toks/s, output: 209.09 toks/s]
[36m(WorkerDict pid=4085097)[0m Processed prompts: 100%|██████████| 32/32 [15:43<00:00, 29.48s/it, est. speed input: 3.61 toks/s, output: 266.46 toks/s]
[36m(WorkerDict pid=4085106)[0m Processed prompts: 100%|██████████| 32/32 [15:44<00:00, 29.52s/it, est. speed input: 1.75 toks/s, output: 194.14 toks/s]
[36m(WorkerDict pid=4085111)[0m Processed prompts: 100%|██████████| 32/32 [15:44<00:00, 29.53s/it, est. speed input: 2.66 toks/s, output: 177.88 toks/s]
[36m(WorkerDict pid=4085108)[0m Processed prompts: 100%|██████████| 32/32 [15:44<00:00, 29.52s/it, est. speed input: 3.91 toks/s, output: 237.05 toks/s]
[36m(WorkerDict pid=4085114)[0m Processed prompts: 100%|██████████| 32/32 [15:44<00:00, 29.51s/it, est. speed input: 3.28 toks/s, output: 225.98 toks/s]
[36m(WorkerDict pid=4085112)[0m Processed prompts: 100%|██████████| 32/32 [15:44<00:00, 29.51s/it, est. speed input: 4.74 toks/s, output: 175.07 toks/s]
[36m(WorkerDict pid=4085104)[0m Processed prompts: 100%|██████████| 32/32 [15:44<00:00, 29.53s/it, est. speed input: 3.84 toks/s, output: 205.96 toks/s]
[36m(WorkerDict pid=4085098)[0m Processed prompts:  97%|█████████▋| 31/32 [15:48<00:54, 54.89s/it, est. speed input: 1.95 toks/s, output: 165.00 toks/s]
[36m(WorkerDict pid=4085098)[0m [rank1]:E0617 17:59:08.029000 4085098 site-packages/torch/_dynamo/metrics_context.py:105] [0/1] Unexpected exception logging compilation metrics
[36m(WorkerDict pid=4085098)[0m [rank1]:E0617 17:59:08.029000 4085098 site-packages/torch/_dynamo/metrics_context.py:105] [0/1] Traceback (most recent call last):
[36m(WorkerDict pid=4085098)[0m [rank1]:E0617 17:59:08.029000 4085098 site-packages/torch/_dynamo/metrics_context.py:105] [0/1]   File "/usr/local/python3.11.14/lib/python3.11/site-packages/torch/_dynamo/metrics_context.py", line 101, in __exit__
[36m(WorkerDict pid=4085098)[0m [rank1]:E0617 17:59:08.029000 4085098 site-packages/torch/_dynamo/metrics_context.py:105] [0/1]     self._on_exit(
[36m(WorkerDict pid=4085098)[0m [rank1]:E0617 17:59:08.029000 4085098 site-packages/torch/_dynamo/metrics_context.py:105] [0/1]   File "/usr/local/python3.11.14/lib/python3.11/site-packages/torch/_dynamo/utils.py", line 1632, in record_compilation_metrics
[36m(WorkerDict pid=4085098)[0m [rank1]:E0617 17:59:08.029000 4085098 site-packages/torch/_dynamo/metrics_context.py:105] [0/1]     "triton_version": triton.__version__ if has_triton() else "",
[36m(WorkerDict pid=4085098)[0m [rank1]:E0617 17:59:08.029000 4085098 site-packages/torch/_dynamo/metrics_context.py:105] [0/1]                                             ^^^^^^^^^^^^
[36m(WorkerDict pid=4085098)[0m [rank1]:E0617 17:59:08.029000 4085098 site-packages/torch/_dynamo/metrics_context.py:105] [0/1]   File "/usr/local/python3.11.14/lib/python3.11/site-packages/torch/utils/_triton.py", line 159, in has_triton
[36m(WorkerDict pid=4085098)[0m [rank1]:E0617 17:59:08.029000 4085098 site-packages/torch/_dynamo/metrics_context.py:105] [0/1]     return is_device_compatible_with_triton()
[36m(WorkerDict pid=4085098)[0m [rank1]:E0617 17:59:08.029000 4085098 site-packages/torch/_dynamo/metrics_context.py:105] [0/1]            ^^^^^^^^^^^^^^^^^^^^^^^^^^^^^^^^^^
[36m(WorkerDict pid=4085098)[0m [rank1]:E0617 17:59:08.029000 4085098 site-packages/torch/_dynamo/metrics_context.py:105] [0/1]   File "/usr/local/python3.11.14/lib/python3.11/site-packages/torch/utils/_triton.py", line 155, in is_device_compatible_with_triton
[36m(WorkerDict pid=4085098)[0m [rank1]:E0617 17:59:08.029000 4085098 site-packages/torch/_dynamo/metrics_context.py:105] [0/1]     if device_interface.is_available() and extra_check(device_interface):
[36m(WorkerDict pid=4085098)[0m [rank1]:E0617 17:59:08.029000 4085098 site-packages/torch/_dynamo/metrics_context.py:105] [0/1]                                            ^^^^^^^^^^^^^^^^^^^^^^^^^^^^^
[36m(WorkerDict pid=4085098)[0m [rank1]:E0617 17:59:08.029000 4085098 site-packages/torch/_dynamo/metrics_context.py:105] [0/1]   File "/usr/local/python3.11.14/lib/python3.11/site-packages/torch/utils/_triton.py", line 135, in cuda_extra_check
[36m(WorkerDict pid=4085098)[0m [rank1]:E0617 17:59:08.029000 4085098 site-packages/torch/_dynamo/metrics_context.py:105] [0/1]     return device_interface.Worker.get_device_properties().major >= 7
[36m(WorkerDict pid=4085098)[0m [rank1]:E0617 17:59:08.029000 4085098 site-packages/torch/_dynamo/metrics_context.py:105] [0/1]            ^^^^^^^^^^^^^^^^^^^^^^^^^^^^^^^^^^^^^^^^^^^^^^^^^^^^^^^^^^
[36m(WorkerDict pid=4085098)[0m [rank1]:E0617 17:59:08.029000 4085098 site-packages/torch/_dynamo/metrics_context.py:105] [0/1] TypeError: '>=' not supported between instances of 'NoneType' and 'int'
[36m(WorkerDict pid=4085115)[0m Processed prompts:  72%|███████▏  | 23/32 [15:56<02:44, 18.28s/it, est. speed input: 2.82 toks/s, output: 192.63 toks/s]
[36m(WorkerDict pid=4085110)[0m Processed prompts:  34%|███▍      | 11/32 [15:56<07:37, 21.77s/it, est. speed input: 0.51 toks/s, output: 122.29 toks/s]
[36m(WorkerDict pid=4085098)[0m Processed prompts: 100%|██████████| 32/32 [15:56<00:00, 40.96s/it, est. speed input: 2.02 toks/s, output: 175.55 toks/s]Processed prompts: 100%|██████████| 32/32 [15:56<00:00, 40.96s/it, est. speed input: 2.02 toks/s, output: 175.55 toks/s]
[36m(WorkerDict pid=4085110)[0m Processed prompts:  38%|███▊      | 12/32 [16:10<06:28, 19.42s/it, est. speed input: 0.54 toks/s, output: 132.54 toks/s]
[36m(WorkerDict pid=4085113)[0m Processed prompts:  78%|███████▊  | 25/32 [16:12<02:58, 25.43s/it, est. speed input: 3.05 toks/s, output: 201.47 toks/s]
[36m(WorkerDict pid=4085103)[0m Processed prompts:  53%|█████▎    | 17/32 [16:12<50:03, 200.24s/it, est. speed input: 0.91 toks/s, output: 62.51 toks/s]
[36m(WorkerDict pid=4085110)[0m Processed prompts:  41%|████      | 13/32 [16:13<04:34, 14.43s/it, est. speed input: 0.59 toks/s, output: 144.16 toks/s]
[36m(WorkerDict pid=4085110)[0m Processed prompts:  44%|████▍     | 14/32 [16:15<03:15, 10.84s/it, est. speed input: 0.63 toks/s, output: 155.81 toks/s]
[36m(WorkerDict pid=4085109)[0m Processed prompts:  59%|█████▉    | 19/32 [16:19<26:57, 124.43s/it, est. speed input: 0.83 toks/s, output: 71.31 toks/s]
[36m(WorkerDict pid=4085110)[0m Processed prompts:  47%|████▋     | 15/32 [16:20<02:30,  8.88s/it, est. speed input: 0.67 toks/s, output: 167.14 toks/s]
[36m(WorkerDict pid=4085109)[0m Processed prompts:  62%|██████▎   | 20/32 [16:25<17:47, 88.96s/it, est. speed input: 0.88 toks/s, output: 82.88 toks/s] 
[36m(WorkerDict pid=4085110)[0m Processed prompts:  50%|█████     | 16/32 [16:26<02:10,  8.18s/it, est. speed input: 0.70 toks/s, output: 178.06 toks/s]
[36m(WorkerDict pid=4085109)[0m Processed prompts:  66%|██████▌   | 21/32 [16:37<12:04, 65.87s/it, est. speed input: 0.94 toks/s, output: 93.90 toks/s]
[36m(WorkerDict pid=4085109)[0m Processed prompts:  69%|██████▉   | 22/32 [16:38<07:41, 46.15s/it, est. speed input: 1.00 toks/s, output: 105.91 toks/s]
[36m(WorkerDict pid=4085109)[0m Processed prompts:  72%|███████▏  | 23/32 [16:39<04:55, 32.84s/it, est. speed input: 1.06 toks/s, output: 117.75 toks/s]
[36m(WorkerDict pid=4085115)[0m Processed prompts:  75%|███████▌  | 24/32 [16:42<03:31, 26.42s/it, est. speed input: 2.81 toks/s, output: 195.92 toks/s]
[36m(WorkerDict pid=4085109)[0m Processed prompts:  75%|███████▌  | 24/32 [16:42<03:09, 23.73s/it, est. speed input: 1.12 toks/s, output: 129.48 toks/s]
[36m(WorkerDict pid=4085110)[0m Processed prompts:  53%|█████▎    | 17/32 [16:44<02:46, 11.08s/it, est. speed input: 0.73 toks/s, output: 186.94 toks/s]
[36m(WorkerDict pid=4085110)[0m Processed prompts:  56%|█████▋    | 18/32 [16:46<01:56,  8.31s/it, est. speed input: 0.77 toks/s, output: 198.63 toks/s]
[36m(WorkerDict pid=4085110)[0m Processed prompts:  59%|█████▉    | 19/32 [16:46<01:17,  5.93s/it, est. speed input: 0.82 toks/s, output: 210.59 toks/s]
[36m(WorkerDict pid=4085110)[0m Processed prompts:  62%|██████▎   | 20/32 [16:49<01:00,  5.03s/it, est. speed input: 0.87 toks/s, output: 222.01 toks/s]
[36m(WorkerDict pid=4085109)[0m Processed prompts:  78%|███████▊  | 25/32 [16:57<02:29, 21.31s/it, est. speed input: 1.16 toks/s, output: 139.52 toks/s]
[36m(WorkerDict pid=4085110)[0m Processed prompts:  66%|██████▌   | 21/32 [16:59<01:10,  6.41s/it, est. speed input: 0.91 toks/s, output: 231.96 toks/s]
[36m(WorkerDict pid=4085113)[0m Processed prompts:  81%|████████▏ | 26/32 [17:07<03:26, 34.48s/it, est. speed input: 3.03 toks/s, output: 202.60 toks/s]
[36m(WorkerDict pid=4085115)[0m Processed prompts:  78%|███████▊  | 25/32 [17:09<03:07, 26.80s/it, est. speed input: 2.85 toks/s, output: 202.68 toks/s]
[36m(WorkerDict pid=4085115)[0m Processed prompts:  81%|████████▏ | 26/32 [17:19<02:10, 21.79s/it, est. speed input: 2.94 toks/s, output: 212.75 toks/s]
[36m(WorkerDict pid=4085110)[0m Processed prompts:  69%|██████▉   | 22/32 [17:23<01:57, 11.72s/it, est. speed input: 0.92 toks/s, output: 238.66 toks/s]
[36m(WorkerDict pid=4085103)[0m Processed prompts:  56%|█████▋    | 18/32 [17:44<39:06, 167.58s/it, est. speed input: 0.93 toks/s, output: 69.18 toks/s]
[36m(WorkerDict pid=4085113)[0m Processed prompts:  84%|████████▍ | 27/32 [17:44<02:55, 35.13s/it, est. speed input: 3.06 toks/s, output: 207.67 toks/s]
[36m(WorkerDict pid=4085113)[0m Processed prompts:  88%|████████▊ | 28/32 [17:45<01:40, 25.07s/it, est. speed input: 3.19 toks/s, output: 219.41 toks/s]
[36m(WorkerDict pid=4085115)[0m Processed prompts:  84%|████████▍ | 27/32 [17:54<02:07, 25.51s/it, est. speed input: 2.96 toks/s, output: 218.03 toks/s]
[36m(WorkerDict pid=4085110)[0m Processed prompts:  72%|███████▏  | 23/32 [17:58<02:47, 18.64s/it, est. speed input: 0.93 toks/s, output: 243.03 toks/s]
[36m(WorkerDict pid=4085110)[0m Processed prompts:  75%|███████▌  | 24/32 [17:59<01:47, 13.38s/it, est. speed input: 0.96 toks/s, output: 254.86 toks/s]
[36m(WorkerDict pid=4085115)[0m Processed prompts:  88%|████████▊ | 28/32 [18:07<01:27, 21.91s/it, est. speed input: 3.03 toks/s, output: 227.39 toks/s]
[36m(WorkerDict pid=4085115)[0m Processed prompts:  91%|█████████ | 29/32 [18:08<00:46, 15.45s/it, est. speed input: 3.14 toks/s, output: 239.37 toks/s]
[36m(WorkerDict pid=4085110)[0m Processed prompts:  78%|███████▊  | 25/32 [18:09<01:27, 12.45s/it, est. speed input: 1.00 toks/s, output: 264.53 toks/s]
[36m(WorkerDict pid=4085110)[0m Processed prompts:  81%|████████▏ | 26/32 [18:12<00:58,  9.67s/it, est. speed input: 1.02 toks/s, output: 275.84 toks/s]
[36m(WorkerDict pid=4085105)[0m Processed prompts:  53%|█████▎    | 17/32 [18:14<55:51, 223.44s/it, est. speed input: 0.77 toks/s, output: 59.14 toks/s]
[36m(WorkerDict pid=4085110)[0m Processed prompts:  84%|████████▍ | 27/32 [18:14<00:35,  7.12s/it, est. speed input: 1.07 toks/s, output: 287.62 toks/s]
[36m(WorkerDict pid=4085110)[0m Processed prompts:  88%|████████▊ | 28/32 [18:15<00:21,  5.27s/it, est. speed input: 1.10 toks/s, output: 299.45 toks/s]
[36m(WorkerDict pid=4085103)[0m Processed prompts:  59%|█████▉    | 19/32 [18:26<28:10, 130.06s/it, est. speed input: 1.00 toks/s, output: 78.59 toks/s]
[36m(WorkerDict pid=4085113)[0m Processed prompts:  91%|█████████ | 29/32 [18:32<01:34, 31.42s/it, est. speed input: 3.19 toks/s, output: 222.36 toks/s]
[36m(WorkerDict pid=4085110)[0m Processed prompts:  91%|█████████ | 29/32 [18:34<00:28,  9.54s/it, est. speed input: 1.11 toks/s, output: 306.30 toks/s]
[36m(WorkerDict pid=4085110)[0m Processed prompts:  94%|█████████▍| 30/32 [18:38<00:15,  7.79s/it, est. speed input: 1.14 toks/s, output: 317.37 toks/s]
[36m(WorkerDict pid=4085115)[0m Processed prompts:  94%|█████████▍| 30/32 [18:43<00:42, 21.42s/it, est. speed input: 3.15 toks/s, output: 243.91 toks/s]
[36m(WorkerDict pid=4085110)[0m Processed prompts:  97%|█████████▋| 31/32 [18:42<00:06,  6.59s/it, est. speed input: 1.18 toks/s, output: 328.39 toks/s]
[36m(WorkerDict pid=4085110)[0m [rank9]:E0617 18:02:02.048000 4085110 site-packages/torch/_dynamo/metrics_context.py:105] [0/1] Unexpected exception logging compilation metrics
[36m(WorkerDict pid=4085110)[0m [rank9]:E0617 18:02:02.048000 4085110 site-packages/torch/_dynamo/metrics_context.py:105] [0/1] Traceback (most recent call last):
[36m(WorkerDict pid=4085110)[0m [rank9]:E0617 18:02:02.048000 4085110 site-packages/torch/_dynamo/metrics_context.py:105] [0/1]   File "/usr/local/python3.11.14/lib/python3.11/site-packages/torch/_dynamo/metrics_context.py", line 101, in __exit__
[36m(WorkerDict pid=4085110)[0m [rank9]:E0617 18:02:02.048000 4085110 site-packages/torch/_dynamo/metrics_context.py:105] [0/1]     self._on_exit(
[36m(WorkerDict pid=4085110)[0m [rank9]:E0617 18:02:02.048000 4085110 site-packages/torch/_dynamo/metrics_context.py:105] [0/1]   File "/usr/local/python3.11.14/lib/python3.11/site-packages/torch/_dynamo/utils.py", line 1632, in record_compilation_metrics
[36m(WorkerDict pid=4085110)[0m [rank9]:E0617 18:02:02.048000 4085110 site-packages/torch/_dynamo/metrics_context.py:105] [0/1]     "triton_version": triton.__version__ if has_triton() else "",
[36m(WorkerDict pid=4085110)[0m [rank9]:E0617 18:02:02.048000 4085110 site-packages/torch/_dynamo/metrics_context.py:105] [0/1]                                             ^^^^^^^^^^^^
[36m(WorkerDict pid=4085110)[0m [rank9]:E0617 18:02:02.048000 4085110 site-packages/torch/_dynamo/metrics_context.py:105] [0/1]   File "/usr/local/python3.11.14/lib/python3.11/site-packages/torch/utils/_triton.py", line 159, in has_triton
[36m(WorkerDict pid=4085110)[0m [rank9]:E0617 18:02:02.048000 4085110 site-packages/torch/_dynamo/metrics_context.py:105] [0/1]     return is_device_compatible_with_triton()
[36m(WorkerDict pid=4085110)[0m [rank9]:E0617 18:02:02.048000 4085110 site-packages/torch/_dynamo/metrics_context.py:105] [0/1]            ^^^^^^^^^^^^^^^^^^^^^^^^^^^^^^^^^^
[36m(WorkerDict pid=4085110)[0m [rank9]:E0617 18:02:02.048000 4085110 site-packages/torch/_dynamo/metrics_context.py:105] [0/1]   File "/usr/local/python3.11.14/lib/python3.11/site-packages/torch/utils/_triton.py", line 155, in is_device_compatible_with_triton
[36m(WorkerDict pid=4085110)[0m [rank9]:E0617 18:02:02.048000 4085110 site-packages/torch/_dynamo/metrics_context.py:105] [0/1]     if device_interface.is_available() and extra_check(device_interface):
[36m(WorkerDict pid=4085110)[0m [rank9]:E0617 18:02:02.048000 4085110 site-packages/torch/_dynamo/metrics_context.py:105] [0/1]                                            ^^^^^^^^^^^^^^^^^^^^^^^^^^^^^
[36m(WorkerDict pid=4085110)[0m [rank9]:E0617 18:02:02.048000 4085110 site-packages/torch/_dynamo/metrics_context.py:105] [0/1]   File "/usr/local/python3.11.14/lib/python3.11/site-packages/torch/utils/_triton.py", line 135, in cuda_extra_check
[36m(WorkerDict pid=4085110)[0m [rank9]:E0617 18:02:02.048000 4085110 site-packages/torch/_dynamo/metrics_context.py:105] [0/1]     return device_interface.Worker.get_device_properties().major >= 7
[36m(WorkerDict pid=4085110)[0m [rank9]:E0617 18:02:02.048000 4085110 site-packages/torch/_dynamo/metrics_context.py:105] [0/1]            ^^^^^^^^^^^^^^^^^^^^^^^^^^^^^^^^^^^^^^^^^^^^^^^^^^^^^^^^^^
[36m(WorkerDict pid=4085110)[0m [rank9]:E0617 18:02:02.048000 4085110 site-packages/torch/_dynamo/metrics_context.py:105] [0/1] TypeError: '>=' not supported between instances of 'NoneType' and 'int'
[36m(WorkerDict pid=4085110)[0m Processed prompts: 100%|██████████| 32/32 [18:46<00:00,  5.79s/it, est. speed input: 1.21 toks/s, output: 339.34 toks/s]Processed prompts: 100%|██████████| 32/32 [18:46<00:00,  5.79s/it, est. speed input: 1.21 toks/s, output: 339.34 toks/s]
[36m(WorkerDict pid=4085109)[0m Processed prompts:  81%|████████▏ | 26/32 [18:50<04:51, 48.66s/it, est. speed input: 1.10 toks/s, output: 137.72 toks/s]
[36m(WorkerDict pid=4085103)[0m Processed prompts:  62%|██████▎   | 20/32 [18:58<20:04, 100.41s/it, est. speed input: 1.07 toks/s, output: 88.51 toks/s]
[36m(WorkerDict pid=4085115)[0m Processed prompts:  97%|█████████▋| 31/32 [19:01<00:20, 20.55s/it, est. speed input: 3.21 toks/s, output: 252.04 toks/s]
[36m(WorkerDict pid=4085115)[0m [rank13]:E0617 18:02:20.468000 4085115 site-packages/torch/_dynamo/metrics_context.py:105] [0/1] Unexpected exception logging compilation metrics
[36m(WorkerDict pid=4085115)[0m [rank13]:E0617 18:02:20.468000 4085115 site-packages/torch/_dynamo/metrics_context.py:105] [0/1] Traceback (most recent call last):
[36m(WorkerDict pid=4085115)[0m [rank13]:E0617 18:02:20.468000 4085115 site-packages/torch/_dynamo/metrics_context.py:105] [0/1]   File "/usr/local/python3.11.14/lib/python3.11/site-packages/torch/_dynamo/metrics_context.py", line 101, in __exit__
[36m(WorkerDict pid=4085115)[0m [rank13]:E0617 18:02:20.468000 4085115 site-packages/torch/_dynamo/metrics_context.py:105] [0/1]     self._on_exit(
[36m(WorkerDict pid=4085115)[0m [rank13]:E0617 18:02:20.468000 4085115 site-packages/torch/_dynamo/metrics_context.py:105] [0/1]   File "/usr/local/python3.11.14/lib/python3.11/site-packages/torch/_dynamo/utils.py", line 1632, in record_compilation_metrics
[36m(WorkerDict pid=4085115)[0m [rank13]:E0617 18:02:20.468000 4085115 site-packages/torch/_dynamo/metrics_context.py:105] [0/1]     "triton_version": triton.__version__ if has_triton() else "",
[36m(WorkerDict pid=4085115)[0m [rank13]:E0617 18:02:20.468000 4085115 site-packages/torch/_dynamo/metrics_context.py:105] [0/1]                                             ^^^^^^^^^^^^
[36m(WorkerDict pid=4085115)[0m [rank13]:E0617 18:02:20.468000 4085115 site-packages/torch/_dynamo/metrics_context.py:105] [0/1]   File "/usr/local/python3.11.14/lib/python3.11/site-packages/torch/utils/_triton.py", line 159, in has_triton
[36m(WorkerDict pid=4085115)[0m [rank13]:E0617 18:02:20.468000 4085115 site-packages/torch/_dynamo/metrics_context.py:105] [0/1]     return is_device_compatible_with_triton()
[36m(WorkerDict pid=4085115)[0m [rank13]:E0617 18:02:20.468000 4085115 site-packages/torch/_dynamo/metrics_context.py:105] [0/1]            ^^^^^^^^^^^^^^^^^^^^^^^^^^^^^^^^^^
[36m(WorkerDict pid=4085115)[0m [rank13]:E0617 18:02:20.468000 4085115 site-packages/torch/_dynamo/metrics_context.py:105] [0/1]   File "/usr/local/python3.11.14/lib/python3.11/site-packages/torch/utils/_triton.py", line 155, in is_device_compatible_with_triton
[36m(WorkerDict pid=4085115)[0m [rank13]:E0617 18:02:20.468000 4085115 site-packages/torch/_dynamo/metrics_context.py:105] [0/1]     if device_interface.is_available() and extra_check(device_interface):
[36m(WorkerDict pid=4085115)[0m [rank13]:E0617 18:02:20.468000 4085115 site-packages/torch/_dynamo/metrics_context.py:105] [0/1]                                            ^^^^^^^^^^^^^^^^^^^^^^^^^^^^^
[36m(WorkerDict pid=4085115)[0m [rank13]:E0617 18:02:20.468000 4085115 site-packages/torch/_dynamo/metrics_context.py:105] [0/1]   File "/usr/local/python3.11.14/lib/python3.11/site-packages/torch/utils/_triton.py", line 135, in cuda_extra_check
[36m(WorkerDict pid=4085115)[0m [rank13]:E0617 18:02:20.468000 4085115 site-packages/torch/_dynamo/metrics_context.py:105] [0/1]     return device_interface.Worker.get_device_properties().major >= 7
[36m(WorkerDict pid=4085115)[0m [rank13]:E0617 18:02:20.468000 4085115 site-packages/torch/_dynamo/metrics_context.py:105] [0/1]            ^^^^^^^^^^^^^^^^^^^^^^^^^^^^^^^^^^^^^^^^^^^^^^^^^^^^^^^^^^
[36m(WorkerDict pid=4085115)[0m [rank13]:E0617 18:02:20.468000 4085115 site-packages/torch/_dynamo/metrics_context.py:105] [0/1] TypeError: '>=' not supported between instances of 'NoneType' and 'int'
[36m(WorkerDict pid=4085109)[0m Processed prompts:  84%|████████▍ | 27/32 [19:06<03:14, 38.90s/it, est. speed input: 1.14 toks/s, output: 147.88 toks/s]
[36m(WorkerDict pid=4085105)[0m Processed prompts:  56%|█████▋    | 18/32 [19:09<40:21, 172.97s/it, est. speed input: 0.82 toks/s, output: 68.38 toks/s]
[36m(WorkerDict pid=4085103)[0m Processed prompts:  66%|██████▌   | 21/32 [19:11<13:37, 74.30s/it, est. speed input: 1.16 toks/s, output: 99.57 toks/s] 
[36m(WorkerDict pid=4085109)[0m Processed prompts:  88%|████████▊ | 28/32 [19:11<01:54, 28.75s/it, est. speed input: 1.19 toks/s, output: 159.32 toks/s]
[36m(WorkerDict pid=4085103)[0m Processed prompts:  69%|██████▉   | 22/32 [19:22<09:12, 55.29s/it, est. speed input: 1.24 toks/s, output: 110.73 toks/s]
[36m(WorkerDict pid=4085109)[0m Processed prompts:  91%|█████████ | 29/32 [19:51<01:36, 32.01s/it, est. speed input: 1.20 toks/s, output: 166.13 toks/s]
[36m(WorkerDict pid=4085103)[0m Processed prompts:  72%|███████▏  | 23/32 [19:58<07:26, 49.57s/it, est. speed input: 1.30 toks/s, output: 119.49 toks/s]
[36m(WorkerDict pid=4085103)[0m Processed prompts:  75%|███████▌  | 24/32 [20:00<04:42, 35.29s/it, est. speed input: 1.39 toks/s, output: 131.40 toks/s]
[36m(WorkerDict pid=4085107)[0m Processed prompts:  53%|█████▎    | 17/32 [20:12<40:21, 161.43s/it, est. speed input: 1.05 toks/s, output: 100.45 toks/s]
[36m(WorkerDict pid=4085103)[0m Processed prompts:  78%|███████▊  | 25/32 [20:36<04:08, 35.54s/it, est. speed input: 1.44 toks/s, output: 139.69 toks/s]
[36m(WorkerDict pid=4085105)[0m Processed prompts:  59%|█████▉    | 19/32 [20:41<32:12, 148.62s/it, est. speed input: 0.83 toks/s, output: 75.45 toks/s]
[36m(WorkerDict pid=4085113)[0m Processed prompts:  94%|█████████▍| 30/32 [20:43<02:02, 61.30s/it, est. speed input: 2.93 toks/s, output: 211.06 toks/s]
[36m(WorkerDict pid=4085109)[0m Processed prompts:  94%|█████████▍| 30/32 [20:44<01:16, 38.44s/it, est. speed input: 1.20 toks/s, output: 171.13 toks/s]
[36m(WorkerDict pid=4085103)[0m Processed prompts:  81%|████████▏ | 26/32 [20:51<02:56, 29.41s/it, est. speed input: 1.52 toks/s, output: 150.13 toks/s]
[36m(WorkerDict pid=4085105)[0m Processed prompts:  62%|██████▎   | 20/32 [20:56<21:43, 108.60s/it, est. speed input: 0.90 toks/s, output: 86.66 toks/s]
[36m(WorkerDict pid=4085105)[0m Processed prompts:  66%|██████▌   | 21/32 [21:08<14:34, 79.46s/it, est. speed input: 0.96 toks/s, output: 98.02 toks/s] 
[36m(WorkerDict pid=4085105)[0m Processed prompts:  69%|██████▉   | 22/32 [21:46<11:11, 67.14s/it, est. speed input: 1.01 toks/s, output: 107.29 toks/s]
[36m(WorkerDict pid=4085109)[0m Processed prompts:  97%|█████████▋| 31/32 [21:48<00:46, 46.05s/it, est. speed input: 1.19 toks/s, output: 174.93 toks/s]
[36m(WorkerDict pid=4085109)[0m [rank12]:E0617 18:05:07.562000 4085109 site-packages/torch/_dynamo/metrics_context.py:105] [0/1] Unexpected exception logging compilation metrics
[36m(WorkerDict pid=4085109)[0m [rank12]:E0617 18:05:07.562000 4085109 site-packages/torch/_dynamo/metrics_context.py:105] [0/1] Traceback (most recent call last):
[36m(WorkerDict pid=4085109)[0m [rank12]:E0617 18:05:07.562000 4085109 site-packages/torch/_dynamo/metrics_context.py:105] [0/1]   File "/usr/local/python3.11.14/lib/python3.11/site-packages/torch/_dynamo/metrics_context.py", line 101, in __exit__
[36m(WorkerDict pid=4085109)[0m [rank12]:E0617 18:05:07.562000 4085109 site-packages/torch/_dynamo/metrics_context.py:105] [0/1]     self._on_exit(
[36m(WorkerDict pid=4085109)[0m [rank12]:E0617 18:05:07.562000 4085109 site-packages/torch/_dynamo/metrics_context.py:105] [0/1]   File "/usr/local/python3.11.14/lib/python3.11/site-packages/torch/_dynamo/utils.py", line 1632, in record_compilation_metrics
[36m(WorkerDict pid=4085109)[0m [rank12]:E0617 18:05:07.562000 4085109 site-packages/torch/_dynamo/metrics_context.py:105] [0/1]     "triton_version": triton.__version__ if has_triton() else "",
[36m(WorkerDict pid=4085109)[0m [rank12]:E0617 18:05:07.562000 4085109 site-packages/torch/_dynamo/metrics_context.py:105] [0/1]                                             ^^^^^^^^^^^^
[36m(WorkerDict pid=4085109)[0m [rank12]:E0617 18:05:07.562000 4085109 site-packages/torch/_dynamo/metrics_context.py:105] [0/1]   File "/usr/local/python3.11.14/lib/python3.11/site-packages/torch/utils/_triton.py", line 159, in has_triton
[36m(WorkerDict pid=4085109)[0m [rank12]:E0617 18:05:07.562000 4085109 site-packages/torch/_dynamo/metrics_context.py:105] [0/1]     return is_device_compatible_with_triton()
[36m(WorkerDict pid=4085109)[0m [rank12]:E0617 18:05:07.562000 4085109 site-packages/torch/_dynamo/metrics_context.py:105] [0/1]            ^^^^^^^^^^^^^^^^^^^^^^^^^^^^^^^^^^
[36m(WorkerDict pid=4085109)[0m [rank12]:E0617 18:05:07.562000 4085109 site-packages/torch/_dynamo/metrics_context.py:105] [0/1]   File "/usr/local/python3.11.14/lib/python3.11/site-packages/torch/utils/_triton.py", line 155, in is_device_compatible_with_triton
[36m(WorkerDict pid=4085109)[0m [rank12]:E0617 18:05:07.562000 4085109 site-packages/torch/_dynamo/metrics_context.py:105] [0/1]     if device_interface.is_available() and extra_check(device_interface):
[36m(WorkerDict pid=4085109)[0m [rank12]:E0617 18:05:07.562000 4085109 site-packages/torch/_dynamo/metrics_context.py:105] [0/1]                                            ^^^^^^^^^^^^^^^^^^^^^^^^^^^^^
[36m(WorkerDict pid=4085109)[0m [rank12]:E0617 18:05:07.562000 4085109 site-packages/torch/_dynamo/metrics_context.py:105] [0/1]   File "/usr/local/python3.11.14/lib/python3.11/site-packages/torch/utils/_triton.py", line 135, in cuda_extra_check
[36m(WorkerDict pid=4085109)[0m [rank12]:E0617 18:05:07.562000 4085109 site-packages/torch/_dynamo/metrics_context.py:105] [0/1]     return device_interface.Worker.get_device_properties().major >= 7
[36m(WorkerDict pid=4085109)[0m [rank12]:E0617 18:05:07.562000 4085109 site-packages/torch/_dynamo/metrics_context.py:105] [0/1]            ^^^^^^^^^^^^^^^^^^^^^^^^^^^^^^^^^^^^^^^^^^^^^^^^^^^^^^^^^^
[36m(WorkerDict pid=4085109)[0m [rank12]:E0617 18:05:07.562000 4085109 site-packages/torch/_dynamo/metrics_context.py:105] [0/1] TypeError: '>=' not supported between instances of 'NoneType' and 'int'
[36m(WorkerDict pid=4085115)[0m Processed prompts: 100%|██████████| 32/32 [22:10<00:00, 70.99s/it, est. speed input: 2.84 toks/s, output: 228.45 toks/s]Processed prompts: 100%|██████████| 32/32 [22:10<00:00, 70.99s/it, est. speed input: 2.84 toks/s, output: 228.45 toks/s]
[36m(WorkerDict pid=4085105)[0m Processed prompts:  72%|███████▏  | 23/32 [22:16<08:22, 55.84s/it, est. speed input: 1.06 toks/s, output: 117.08 toks/s]
[36m(WorkerDict pid=4085109)[0m Processed prompts: 100%|██████████| 32/32 [22:27<00:00, 43.90s/it, est. speed input: 1.20 toks/s, output: 182.04 toks/s]Processed prompts: 100%|██████████| 32/32 [22:27<00:00, 43.90s/it, est. speed input: 1.20 toks/s, output: 182.04 toks/s]Processed prompts: 100%|██████████| 32/32 [22:27<00:00, 42.11s/it, est. speed input: 1.20 toks/s, output: 182.04 toks/s]
[36m(WorkerDict pid=4085103)[0m Processed prompts:  84%|████████▍ | 27/32 [22:27<04:06, 49.32s/it, est. speed input: 1.49 toks/s, output: 151.62 toks/s]Processed prompts: 100%|██████████| 32/32 [22:27<00:00, 49.32s/it, est. speed input: 1.91 toks/s, output: 212.40 toks/s]Processed prompts: 100%|██████████| 32/32 [22:27<00:00, 42.12s/it, est. speed input: 1.91 toks/s, output: 212.40 toks/s]
[36m(WorkerDict pid=4085105)[0m Processed prompts:  75%|███████▌  | 24/32 [22:27<05:38, 42.37s/it, est. speed input: 1.12 toks/s, output: 128.29 toks/s]Processed prompts: 100%|██████████| 32/32 [22:27<00:00, 42.37s/it, est. speed input: 1.67 toks/s, output: 225.59 toks/s]Processed prompts: 100%|██████████| 32/32 [22:27<00:00, 42.10s/it, est. speed input: 1.67 toks/s, output: 225.59 toks/s]
[36m(WorkerDict pid=4085098)[0m Processed prompts: 100%|██████████| 32/32 [22:26<00:00, 42.09s/it, est. speed input: 2.02 toks/s, output: 175.55 toks/s]
[36m(WorkerDict pid=4085107)[0m Processed prompts:  56%|█████▋    | 18/32 [22:27<35:49, 153.52s/it, est. speed input: 0.99 toks/s, output: 102.54 toks/s]Processed prompts: 100%|██████████| 32/32 [22:27<00:00, 153.52s/it, est. speed input: 1.63 toks/s, output: 272.79 toks/s]Processed prompts: 100%|██████████| 32/32 [22:27<00:00, 42.10s/it, est. speed input: 1.63 toks/s, output: 272.79 toks/s] 
[36m(WorkerDict pid=4085115)[0m Processed prompts: 100%|██████████| 32/32 [22:27<00:00, 42.12s/it, est. speed input: 2.84 toks/s, output: 228.45 toks/s]
[36m(WorkerDict pid=4085110)[0m Processed prompts: 100%|██████████| 32/32 [22:26<00:00, 42.08s/it, est. speed input: 1.21 toks/s, output: 339.34 toks/s]
[36m(WorkerDict pid=4085113)[0m Processed prompts:  97%|█████████▋| 31/32 [22:27<01:14, 74.31s/it, est. speed input: 2.81 toks/s, output: 206.82 toks/s]Processed prompts: 100%|██████████| 32/32 [22:27<00:00, 74.31s/it, est. speed input: 2.92 toks/s, output: 218.98 toks/s]Processed prompts: 100%|██████████| 32/32 [22:27<00:00, 42.12s/it, est. speed input: 2.92 toks/s, output: 218.98 toks/s]
[36m(WorkerDict pid=4085097)[0m [rank0]:[W617 18:07:42.630449338 compiler_depend.ts:67] Warning: c10d::broadcast_: an autograd kernel was not registered to the Autograd key(s) but we are trying to backprop through it. This may lead to silently incorrect behavior. This behavior is deprecated and will be removed in a future version of PyTorch. If your operator is differentiable, please ensure you have registered an autograd kernel to the correct Autograd key (e.g. DispatchKey::Autograd, DispatchKey::CompositeImplicitAutograd). If your operator is not differentiable, or to squash this warning and use the previous behavior, please register torch::CppFunction::makeFallthrough() to DispatchKey::Autograd. (function operator())
[36m(TaskRunner pid=4083615)[0m Training Progress:  20%|██        | 1/5 [26:28<1:45:52, 1588.11s/it]
[36m(WorkerDict pid=4085104)[0m Adding requests:   0%|          | 0/32 [00:00<?, ?it/s]Adding requests: 100%|██████████| 32/32 [00:00<00:00, 12497.00it/s]
[36m(WorkerDict pid=4085104)[0m Processed prompts:   0%|          | 0/32 [00:00<?, ?it/s, est. speed input: 0.00 toks/s, output: 0.00 toks/s]
[36m(WorkerDict pid=4085100)[0m Adding requests:   0%|          | 0/32 [00:00<?, ?it/s]Adding requests: 100%|██████████| 32/32 [00:00<00:00, 12148.60it/s]
[36m(WorkerDict pid=4085100)[0m Processed prompts:   0%|          | 0/32 [00:00<?, ?it/s, est. speed input: 0.00 toks/s, output: 0.00 toks/s]
[36m(WorkerDict pid=4085097)[0m Adding requests:   0%|          | 0/32 [00:00<?, ?it/s]Adding requests: 100%|██████████| 32/32 [00:00<00:00, 11895.57it/s]
[36m(WorkerDict pid=4085097)[0m Processed prompts:   0%|          | 0/32 [00:00<?, ?it/s, est. speed input: 0.00 toks/s, output: 0.00 toks/s]
[36m(WorkerDict pid=4085098)[0m Adding requests:   0%|          | 0/32 [00:00<?, ?it/s]Adding requests: 100%|██████████| 32/32 [00:00<00:00, 12089.51it/s]
[36m(WorkerDict pid=4085098)[0m Processed prompts:   0%|          | 0/32 [00:00<?, ?it/s, est. speed input: 0.00 toks/s, output: 0.00 toks/s]
[36m(WorkerDict pid=4085109)[0m Adding requests:   0%|          | 0/32 [00:00<?, ?it/s]Adding requests: 100%|██████████| 32/32 [00:00<00:00, 12587.24it/s]
[36m(WorkerDict pid=4085109)[0m Processed prompts:   0%|          | 0/32 [00:00<?, ?it/s, est. speed input: 0.00 toks/s, output: 0.00 toks/s]
[36m(WorkerDict pid=4085107)[0m Adding requests:   0%|          | 0/32 [00:00<?, ?it/s]Adding requests: 100%|██████████| 32/32 [00:00<00:00, 12243.91it/s]
[36m(WorkerDict pid=4085107)[0m Processed prompts:   0%|          | 0/32 [00:00<?, ?it/s, est. speed input: 0.00 toks/s, output: 0.00 toks/s]
[36m(WorkerDict pid=4085113)[0m Adding requests:   0%|          | 0/32 [00:00<?, ?it/s]Adding requests: 100%|██████████| 32/32 [00:00<00:00, 12695.59it/s]
[36m(WorkerDict pid=4085113)[0m Processed prompts:   0%|          | 0/32 [00:00<?, ?it/s, est. speed input: 0.00 toks/s, output: 0.00 toks/s]
[36m(WorkerDict pid=4085111)[0m Adding requests:   0%|          | 0/32 [00:00<?, ?it/s]Adding requests: 100%|██████████| 32/32 [00:00<00:00, 11489.28it/s]
[36m(WorkerDict pid=4085111)[0m Processed prompts:   0%|          | 0/32 [00:00<?, ?it/s, est. speed input: 0.00 toks/s, output: 0.00 toks/s]
[36m(WorkerDict pid=4085103)[0m Adding requests:   0%|          | 0/32 [00:00<?, ?it/s]Adding requests: 100%|██████████| 32/32 [00:00<00:00, 12230.52it/s]
[36m(WorkerDict pid=4085103)[0m Processed prompts:   0%|          | 0/32 [00:00<?, ?it/s, est. speed input: 0.00 toks/s, output: 0.00 toks/s]
[36m(WorkerDict pid=4085106)[0m Adding requests:   0%|          | 0/32 [00:00<?, ?it/s]Adding requests: 100%|██████████| 32/32 [00:00<00:00, 11825.35it/s]
[36m(WorkerDict pid=4085106)[0m Processed prompts:   0%|          | 0/32 [00:00<?, ?it/s, est. speed input: 0.00 toks/s, output: 0.00 toks/s]
[36m(WorkerDict pid=4085105)[0m Adding requests:   0%|          | 0/32 [00:00<?, ?it/s]Adding requests: 100%|██████████| 32/32 [00:00<00:00, 11348.42it/s]
[36m(WorkerDict pid=4085105)[0m Processed prompts:   0%|          | 0/32 [00:00<?, ?it/s, est. speed input: 0.00 toks/s, output: 0.00 toks/s]
[36m(WorkerDict pid=4085114)[0m Adding requests:   0%|          | 0/32 [00:00<?, ?it/s]Adding requests: 100%|██████████| 32/32 [00:00<00:00, 12249.50it/s]
[36m(WorkerDict pid=4085114)[0m Processed prompts:   0%|          | 0/32 [00:00<?, ?it/s, est. speed input: 0.00 toks/s, output: 0.00 toks/s]
[36m(WorkerDict pid=4085110)[0m Adding requests:   0%|          | 0/32 [00:00<?, ?it/s]Adding requests: 100%|██████████| 32/32 [00:00<00:00, 12344.13it/s]
[36m(WorkerDict pid=4085110)[0m Processed prompts:   0%|          | 0/32 [00:00<?, ?it/s, est. speed input: 0.00 toks/s, output: 0.00 toks/s]
[36m(WorkerDict pid=4085112)[0m Adding requests:   0%|          | 0/32 [00:00<?, ?it/s]Adding requests: 100%|██████████| 32/32 [00:00<00:00, 12080.80it/s]
[36m(WorkerDict pid=4085112)[0m Processed prompts:   0%|          | 0/32 [00:00<?, ?it/s, est. speed input: 0.00 toks/s, output: 0.00 toks/s]
[36m(WorkerDict pid=4085115)[0m Adding requests:   0%|          | 0/32 [00:00<?, ?it/s]Adding requests: 100%|██████████| 32/32 [00:00<00:00, 12449.47it/s]
[36m(WorkerDict pid=4085115)[0m Processed prompts:   0%|          | 0/32 [00:00<?, ?it/s, est. speed input: 0.00 toks/s, output: 0.00 toks/s]
[36m(WorkerDict pid=4085108)[0m Adding requests:   0%|          | 0/32 [00:00<?, ?it/s]
[36m(WorkerDict pid=4085108)[0m Adding requests: 100%|██████████| 32/32 [00:00<00:00, 12526.15it/s]
[36m(WorkerDict pid=4085108)[0m Processed prompts:   0%|          | 0/32 [00:00<?, ?it/s, est. speed input: 0.00 toks/s, output: 0.00 toks/s]
[36m(WorkerDict pid=4085100)[0m Processed prompts:   3%|▎         | 1/32 [01:00<31:29, 60.95s/it, est. speed input: 1.20 toks/s, output: 10.60 toks/s]
[36m(WorkerDict pid=4085100)[0m Processed prompts:   6%|▋         | 2/32 [01:12<15:58, 31.94s/it, est. speed input: 2.01 toks/s, output: 19.69 toks/s]
[36m(WorkerDict pid=4085100)[0m Processed prompts:   9%|▉         | 3/32 [01:12<08:26, 17.47s/it, est. speed input: 3.01 toks/s, output: 30.41 toks/s]
[36m(WorkerDict pid=4085115)[0m Processed prompts:   3%|▎         | 1/32 [01:16<39:22, 76.20s/it, est. speed input: 1.19 toks/s, output: 11.02 toks/s]
[36m(WorkerDict pid=4085115)[0m Processed prompts:   6%|▋         | 2/32 [01:18<16:19, 32.66s/it, est. speed input: 2.32 toks/s, output: 21.77 toks/s]
[36m(WorkerDict pid=4085100)[0m Processed prompts:  12%|█▎        | 4/32 [01:28<07:54, 16.93s/it, est. speed input: 3.28 toks/s, output: 35.91 toks/s]
[36m(WorkerDict pid=4085115)[0m Processed prompts:   9%|▉         | 3/32 [01:28<10:51, 22.45s/it, est. speed input: 3.08 toks/s, output: 30.40 toks/s]
[36m(WorkerDict pid=4085100)[0m Processed prompts:  16%|█▌        | 5/32 [01:30<05:05, 11.32s/it, est. speed input: 4.04 toks/s, output: 46.40 toks/s]
[36m(WorkerDict pid=4085100)[0m Processed prompts:  19%|█▉        | 6/32 [01:32<03:29,  8.07s/it, est. speed input: 4.76 toks/s, output: 56.56 toks/s]
[36m(WorkerDict pid=4085115)[0m Processed prompts:  12%|█▎        | 4/32 [01:31<06:52, 14.74s/it, est. speed input: 3.97 toks/s, output: 40.63 toks/s]
[36m(WorkerDict pid=4085100)[0m Processed prompts:  22%|██▏       | 7/32 [01:36<02:54,  6.99s/it, est. speed input: 5.28 toks/s, output: 64.88 toks/s]
[36m(WorkerDict pid=4085100)[0m Processed prompts:  25%|██▌       | 8/32 [01:37<01:57,  4.88s/it, est. speed input: 6.01 toks/s, output: 75.75 toks/s]
[36m(WorkerDict pid=4085100)[0m Processed prompts:  31%|███▏      | 10/32 [01:38<01:04,  2.91s/it, est. speed input: 7.40 toks/s, output: 96.64 toks/s]
[36m(WorkerDict pid=4085100)[0m Processed prompts:  34%|███▍      | 11/32 [01:38<00:46,  2.21s/it, est. speed input: 8.12 toks/s, output: 107.60 toks/s]
[36m(WorkerDict pid=4085100)[0m Processed prompts:  38%|███▊      | 12/32 [01:43<00:55,  2.79s/it, est. speed input: 8.49 toks/s, output: 114.18 toks/s]
[36m(WorkerDict pid=4085100)[0m Processed prompts:  41%|████      | 13/32 [01:48<01:04,  3.39s/it, est. speed input: 8.77 toks/s, output: 120.14 toks/s]
[36m(WorkerDict pid=4085115)[0m Processed prompts:  16%|█▌        | 5/32 [01:52<07:42, 17.13s/it, est. speed input: 4.03 toks/s, output: 44.26 toks/s]
[36m(WorkerDict pid=4085100)[0m Processed prompts:  44%|████▍     | 14/32 [01:55<01:20,  4.48s/it, est. speed input: 8.85 toks/s, output: 123.80 toks/s]
[36m(WorkerDict pid=4085098)[0m Processed prompts:   3%|▎         | 1/32 [01:55<59:32, 115.24s/it, est. speed input: 0.54 toks/s, output: 11.25 toks/s]
[36m(WorkerDict pid=4085115)[0m Processed prompts:  19%|█▉        | 6/32 [01:55<05:20, 12.31s/it, est. speed input: 4.71 toks/s, output: 54.47 toks/s]
[36m(WorkerDict pid=4085100)[0m Processed prompts:  47%|████▋     | 15/32 [02:02<01:28,  5.20s/it, est. speed input: 8.94 toks/s, output: 128.00 toks/s]
[36m(WorkerDict pid=4085115)[0m Processed prompts:  22%|██▏       | 7/32 [02:05<04:41, 11.27s/it, est. speed input: 5.09 toks/s, output: 61.87 toks/s]
[36m(WorkerDict pid=4085098)[0m Processed prompts:   6%|▋         | 2/32 [02:10<28:12, 56.43s/it, est. speed input: 0.95 toks/s, output: 21.27 toks/s] 
[36m(WorkerDict pid=4085098)[0m Processed prompts:   9%|▉         | 3/32 [02:10<14:53, 30.82s/it, est. speed input: 1.42 toks/s, output: 32.54 toks/s]
[36m(WorkerDict pid=4085098)[0m Processed prompts:  12%|█▎        | 4/32 [02:14<09:26, 20.24s/it, est. speed input: 1.84 toks/s, output: 42.91 toks/s]
[36m(WorkerDict pid=4085110)[0m Processed prompts:   3%|▎         | 1/32 [02:22<1:13:47, 142.82s/it, est. speed input: 0.44 toks/s, output: 11.41 toks/s]
[36m(WorkerDict pid=4085098)[0m Processed prompts:  16%|█▌        | 5/32 [02:25<07:32, 16.77s/it, est. speed input: 2.13 toks/s, output: 51.15 toks/s]
[36m(WorkerDict pid=4085110)[0m Processed prompts:   9%|▉         | 3/32 [02:24<18:14, 37.76s/it, est. speed input: 1.31 toks/s, output: 33.94 toks/s]   
[36m(WorkerDict pid=4085098)[0m Processed prompts:  19%|█▉        | 6/32 [02:26<04:53, 11.30s/it, est. speed input: 2.55 toks/s, output: 62.28 toks/s]
[36m(WorkerDict pid=4085110)[0m Processed prompts:  12%|█▎        | 4/32 [02:25<11:42, 25.08s/it, est. speed input: 1.73 toks/s, output: 45.10 toks/s]
[36m(WorkerDict pid=4085114)[0m Processed prompts:   3%|▎         | 1/32 [02:26<1:15:43, 146.57s/it, est. speed input: 0.46 toks/s, output: 11.43 toks/s]
[36m(WorkerDict pid=4085100)[0m Processed prompts:  50%|█████     | 16/32 [02:28<02:59, 11.25s/it, est. speed input: 7.87 toks/s, output: 116.94 toks/s]
[36m(WorkerDict pid=4085115)[0m Processed prompts:  25%|██▌       | 8/32 [02:28<06:01, 15.06s/it, est. speed input: 4.91 toks/s, output: 63.64 toks/s]
[36m(WorkerDict pid=4085115)[0m Processed prompts:  28%|██▊       | 9/32 [02:28<04:02, 10.54s/it, est. speed input: 5.50 toks/s, output: 74.83 toks/s]
[36m(WorkerDict pid=4085110)[0m Processed prompts:  16%|█▌        | 5/32 [02:28<08:00, 17.79s/it, est. speed input: 2.11 toks/s, output: 55.60 toks/s]
[36m(WorkerDict pid=4085115)[0m Processed prompts:  31%|███▏      | 10/32 [02:29<02:44,  7.47s/it, est. speed input: 6.09 toks/s, output: 85.97 toks/s]
[36m(WorkerDict pid=4085098)[0m Processed prompts:  22%|██▏       | 7/32 [02:31<03:49,  9.20s/it, est. speed input: 2.87 toks/s, output: 71.66 toks/s]
[36m(WorkerDict pid=4085110)[0m Processed prompts:  19%|█▉        | 6/32 [02:31<05:32, 12.78s/it, est. speed input: 2.50 toks/s, output: 66.25 toks/s]
[36m(WorkerDict pid=4085115)[0m Processed prompts:  34%|███▍      | 11/32 [02:31<02:04,  5.95s/it, est. speed input: 6.59 toks/s, output: 96.01 toks/s]
[36m(WorkerDict pid=4085110)[0m Processed prompts:  22%|██▏       | 7/32 [02:32<03:49,  9.17s/it, est. speed input: 2.89 toks/s, output: 77.12 toks/s]
[36m(WorkerDict pid=4085098)[0m Processed prompts:  25%|██▌       | 8/32 [02:34<02:55,  7.31s/it, est. speed input: 3.21 toks/s, output: 81.54 toks/s]
[36m(WorkerDict pid=4085098)[0m Processed prompts:  28%|██▊       | 9/32 [02:35<02:04,  5.41s/it, est. speed input: 3.59 toks/s, output: 92.28 toks/s]
[36m(WorkerDict pid=4085098)[0m Processed prompts:  31%|███▏      | 10/32 [02:36<01:31,  4.16s/it, est. speed input: 3.95 toks/s, output: 102.89 toks/s]
[36m(WorkerDict pid=4085114)[0m Processed prompts:   6%|▋         | 2/32 [02:36<33:06, 66.22s/it, est. speed input: 0.84 toks/s, output: 22.15 toks/s]   
[36m(WorkerDict pid=4085110)[0m Processed prompts:  25%|██▌       | 8/32 [02:38<03:19,  8.30s/it, est. speed input: 3.17 toks/s, output: 85.48 toks/s]
[36m(WorkerDict pid=4085114)[0m Processed prompts:   9%|▉         | 3/32 [02:38<17:55, 37.09s/it, est. speed input: 1.26 toks/s, output: 33.28 toks/s]
[36m(WorkerDict pid=4085114)[0m Processed prompts:  12%|█▎        | 4/32 [02:41<11:00, 23.58s/it, est. speed input: 1.63 toks/s, output: 44.15 toks/s]
[36m(WorkerDict pid=4085115)[0m Processed prompts:  38%|███▊      | 12/32 [02:43<02:32,  7.65s/it, est. speed input: 6.68 toks/s, output: 100.71 toks/s]
[36m(WorkerDict pid=4085110)[0m Processed prompts:  28%|██▊       | 9/32 [02:43<02:48,  7.31s/it, est. speed input: 3.46 toks/s, output: 94.30 toks/s]
[36m(WorkerDict pid=4085115)[0m Processed prompts:  41%|████      | 13/32 [02:45<01:51,  5.87s/it, est. speed input: 7.16 toks/s, output: 111.11 toks/s]
[36m(WorkerDict pid=4085114)[0m Processed prompts:  16%|█▌        | 5/32 [02:46<07:35, 16.86s/it, est. speed input: 1.97 toks/s, output: 54.32 toks/s]
[36m(WorkerDict pid=4085110)[0m Processed prompts:  31%|███▏      | 10/32 [02:47<02:16,  6.23s/it, est. speed input: 3.76 toks/s, output: 103.67 toks/s]
[36m(WorkerDict pid=4085110)[0m Processed prompts:  34%|███▍      | 11/32 [02:48<01:36,  4.60s/it, est. speed input: 4.11 toks/s, output: 114.61 toks/s]
[36m(WorkerDict pid=4085098)[0m Processed prompts:  34%|███▍      | 11/32 [02:49<02:23,  6.83s/it, est. speed input: 4.02 toks/s, output: 106.52 toks/s]
[36m(WorkerDict pid=4085110)[0m Processed prompts:  38%|███▊      | 12/32 [02:49<01:10,  3.55s/it, est. speed input: 4.46 toks/s, output: 125.34 toks/s]
[36m(WorkerDict pid=4085113)[0m Processed prompts:   3%|▎         | 1/32 [02:50<1:28:10, 170.65s/it, est. speed input: 0.32 toks/s, output: 11.44 toks/s]
[36m(WorkerDict pid=4085110)[0m Processed prompts:  41%|████      | 13/32 [02:50<00:53,  2.79s/it, est. speed input: 4.80 toks/s, output: 136.05 toks/s]
[36m(WorkerDict pid=4085114)[0m Processed prompts:  19%|█▉        | 6/32 [02:51<05:28, 12.65s/it, est. speed input: 2.31 toks/s, output: 64.39 toks/s]
[36m(WorkerDict pid=4085104)[0m Processed prompts:   3%|▎         | 1/32 [02:53<1:29:53, 173.97s/it, est. speed input: 0.32 toks/s, output: 11.42 toks/s]
[36m(WorkerDict pid=4085104)[0m Processed prompts:   6%|▋         | 2/32 [02:54<36:05, 72.17s/it, est. speed input: 0.63 toks/s, output: 22.78 toks/s]   
[36m(WorkerDict pid=4085114)[0m Processed prompts:  22%|██▏       | 7/32 [02:54<03:57,  9.52s/it, est. speed input: 2.66 toks/s, output: 74.75 toks/s]
[36m(WorkerDict pid=4085114)[0m Processed prompts:  25%|██▌       | 8/32 [02:56<02:50,  7.12s/it, est. speed input: 2.99 toks/s, output: 85.42 toks/s]
[36m(WorkerDict pid=4085114)[0m Processed prompts:  28%|██▊       | 9/32 [02:58<02:06,  5.49s/it, est. speed input: 3.34 toks/s, output: 96.01 toks/s]
[36m(WorkerDict pid=4085113)[0m Processed prompts:   6%|▋         | 2/32 [03:01<38:24, 76.82s/it, est. speed input: 0.61 toks/s, output: 22.22 toks/s]   
[36m(WorkerDict pid=4085110)[0m Processed prompts:  44%|████▍     | 14/32 [03:01<01:34,  5.28s/it, est. speed input: 4.85 toks/s, output: 139.30 toks/s]
[36m(WorkerDict pid=4085109)[0m Processed prompts:   3%|▎         | 1/32 [03:02<1:34:14, 182.40s/it, est. speed input: 0.29 toks/s, output: 11.49 toks/s]
[36m(WorkerDict pid=4085114)[0m Processed prompts:  31%|███▏      | 10/32 [03:02<01:54,  5.21s/it, est. speed input: 3.61 toks/s, output: 105.12 toks/s]
[36m(WorkerDict pid=4085113)[0m Processed prompts:   9%|▉         | 3/32 [03:05<20:58, 43.40s/it, est. speed input: 0.89 toks/s, output: 33.28 toks/s]
[36m(WorkerDict pid=4085113)[0m Processed prompts:  12%|█▎        | 4/32 [03:06<12:29, 26.77s/it, est. speed input: 1.18 toks/s, output: 44.54 toks/s]
[36m(WorkerDict pid=4085098)[0m Processed prompts:  38%|███▊      | 12/32 [03:15<04:10, 12.53s/it, est. speed input: 3.81 toks/s, output: 104.08 toks/s]
[36m(WorkerDict pid=4085108)[0m Processed prompts:   3%|▎         | 1/32 [03:14<1:40:41, 194.90s/it, est. speed input: 0.18 toks/s, output: 11.60 toks/s]
[36m(WorkerDict pid=4085109)[0m Processed prompts:   6%|▋         | 2/32 [03:17<41:54, 83.81s/it, est. speed input: 0.53 toks/s, output: 22.13 toks/s]   
[36m(WorkerDict pid=4085098)[0m Processed prompts:  41%|████      | 13/32 [03:18<03:03,  9.67s/it, est. speed input: 4.06 toks/s, output: 113.95 toks/s]
[36m(WorkerDict pid=4085110)[0m Processed prompts:  47%|████▋     | 15/32 [03:18<02:27,  8.65s/it, est. speed input: 4.64 toks/s, output: 139.24 toks/s]
[36m(WorkerDict pid=4085108)[0m Processed prompts:   6%|▋         | 2/32 [03:17<40:58, 81.96s/it, est. speed input: 0.36 toks/s, output: 23.02 toks/s]   
[36m(WorkerDict pid=4085110)[0m Processed prompts:  50%|█████     | 16/32 [03:19<01:44,  6.56s/it, est. speed input: 4.78 toks/s, output: 149.61 toks/s]
[36m(WorkerDict pid=4085105)[0m Processed prompts:   3%|▎         | 1/32 [03:21<1:43:51, 201.03s/it, est. speed input: 0.48 toks/s, output: 11.55 toks/s]
[36m(WorkerDict pid=4085110)[0m Processed prompts:  53%|█████▎    | 17/32 [03:22<01:19,  5.32s/it, est. speed input: 4.91 toks/s, output: 159.35 toks/s]
[36m(WorkerDict pid=4085113)[0m Processed prompts:  16%|█▌        | 5/32 [03:22<10:20, 22.99s/it, est. speed input: 1.35 toks/s, output: 52.48 toks/s]
[36m(WorkerDict pid=4085115)[0m Processed prompts:  44%|████▍     | 14/32 [03:22<04:35, 15.32s/it, est. speed input: 6.29 toks/s, output: 102.26 toks/s]
[36m(WorkerDict pid=4085110)[0m Processed prompts:  56%|█████▋    | 18/32 [03:25<01:05,  4.70s/it, est. speed input: 5.01 toks/s, output: 168.38 toks/s]
[36m(WorkerDict pid=4085114)[0m Processed prompts:  34%|███▍      | 11/32 [03:25<03:44, 10.70s/it, est. speed input: 3.52 toks/s, output: 104.85 toks/s]
[36m(WorkerDict pid=4085114)[0m Processed prompts:  38%|███▊      | 12/32 [03:27<02:37,  7.85s/it, est. speed input: 3.80 toks/s, output: 115.74 toks/s]
[36m(WorkerDict pid=4085104)[0m Processed prompts:   9%|▉         | 3/32 [03:29<26:32, 54.92s/it, est. speed input: 0.79 toks/s, output: 30.53 toks/s]
[36m(WorkerDict pid=4085098)[0m Processed prompts:  44%|████▍     | 14/32 [03:29<03:00, 10.01s/it, est. speed input: 4.15 toks/s, output: 119.59 toks/s]
[36m(WorkerDict pid=4085114)[0m Processed prompts:  41%|████      | 13/32 [03:29<01:56,  6.15s/it, est. speed input: 4.07 toks/s, output: 126.05 toks/s]
[36m(WorkerDict pid=4085110)[0m Processed prompts:  59%|█████▉    | 19/32 [03:30<01:01,  4.76s/it, est. speed input: 5.07 toks/s, output: 176.02 toks/s]
[36m(WorkerDict pid=4085104)[0m Processed prompts:  12%|█▎        | 4/32 [03:31<15:57, 34.19s/it, est. speed input: 1.04 toks/s, output: 41.68 toks/s]
[36m(WorkerDict pid=4085110)[0m Processed prompts:  62%|██████▎   | 20/32 [03:31<00:43,  3.60s/it, est. speed input: 5.22 toks/s, output: 186.81 toks/s]
[36m(WorkerDict pid=4085114)[0m Processed prompts:  44%|████▍     | 14/32 [03:32<01:33,  5.18s/it, est. speed input: 4.33 toks/s, output: 135.87 toks/s]
[36m(WorkerDict pid=4085114)[0m Processed prompts:  47%|████▋     | 15/32 [03:33<01:07,  3.95s/it, est. speed input: 4.63 toks/s, output: 146.74 toks/s]
[36m(WorkerDict pid=4085110)[0m Processed prompts:  66%|██████▌   | 21/32 [03:33<00:35,  3.19s/it, est. speed input: 5.34 toks/s, output: 196.44 toks/s]
[36m(WorkerDict pid=4085108)[0m Processed prompts:   9%|▉         | 3/32 [03:33<24:54, 51.53s/it, est. speed input: 0.51 toks/s, output: 32.99 toks/s]
[36m(WorkerDict pid=4085110)[0m Processed prompts:  69%|██████▉   | 22/32 [03:35<00:27,  2.74s/it, est. speed input: 5.59 toks/s, output: 206.46 toks/s]
[36m(WorkerDict pid=4085104)[0m Processed prompts:  19%|█▉        | 6/32 [03:37<07:35, 17.52s/it, est. speed input: 1.52 toks/s, output: 63.34 toks/s]
[36m(WorkerDict pid=4085114)[0m Processed prompts:  50%|█████     | 16/32 [03:36<00:56,  3.50s/it, est. speed input: 4.89 toks/s, output: 156.64 toks/s]
[36m(WorkerDict pid=4085098)[0m Processed prompts:  47%|████▋     | 15/32 [03:37<02:43,  9.60s/it, est. speed input: 4.27 toks/s, output: 126.39 toks/s]
[36m(WorkerDict pid=4085104)[0m Processed prompts:  22%|██▏       | 7/32 [03:38<05:29, 13.19s/it, est. speed input: 1.76 toks/s, output: 74.34 toks/s]
[36m(WorkerDict pid=4085109)[0m Processed prompts:   9%|▉         | 3/32 [03:38<26:47, 55.43s/it, est. speed input: 0.71 toks/s, output: 31.48 toks/s]
[36m(WorkerDict pid=4085114)[0m Processed prompts:  53%|█████▎    | 17/32 [03:39<00:50,  3.38s/it, est. speed input: 5.13 toks/s, output: 166.00 toks/s]
[36m(WorkerDict pid=4085109)[0m Processed prompts:  12%|█▎        | 4/32 [03:39<15:50, 33.93s/it, est. speed input: 0.95 toks/s, output: 42.89 toks/s]
[36m(WorkerDict pid=4085113)[0m Processed prompts:  19%|█▉        | 6/32 [03:40<09:05, 20.98s/it, est. speed input: 1.50 toks/s, output: 59.95 toks/s]
[36m(WorkerDict pid=4085114)[0m Processed prompts:  56%|█████▋    | 18/32 [03:40<00:37,  2.71s/it, est. speed input: 5.41 toks/s, output: 176.71 toks/s]
[36m(WorkerDict pid=4085110)[0m Processed prompts:  72%|███████▏  | 23/32 [03:40<00:31,  3.52s/it, est. speed input: 5.63 toks/s, output: 213.03 toks/s]
[36m(WorkerDict pid=4085114)[0m Processed prompts:  59%|█████▉    | 19/32 [03:40<00:26,  2.07s/it, est. speed input: 5.70 toks/s, output: 187.81 toks/s]
[36m(WorkerDict pid=4085108)[0m Processed prompts:  12%|█▎        | 4/32 [03:40<15:51, 33.99s/it, est. speed input: 0.65 toks/s, output: 43.55 toks/s]
[36m(WorkerDict pid=4085114)[0m Processed prompts:  62%|██████▎   | 20/32 [03:41<00:19,  1.60s/it, est. speed input: 5.98 toks/s, output: 198.95 toks/s]
[36m(WorkerDict pid=4085114)[0m Processed prompts:  66%|██████▌   | 21/32 [03:41<00:14,  1.30s/it, est. speed input: 6.27 toks/s, output: 210.01 toks/s]
[36m(WorkerDict pid=4085113)[0m Processed prompts:  22%|██▏       | 7/32 [03:45<06:35, 15.82s/it, est. speed input: 1.71 toks/s, output: 70.12 toks/s]
[36m(WorkerDict pid=4085110)[0m Processed prompts:  75%|███████▌  | 24/32 [03:46<00:32,  4.11s/it, est. speed input: 5.65 toks/s, output: 219.45 toks/s]
[36m(WorkerDict pid=4085110)[0m Processed prompts:  78%|███████▊  | 25/32 [03:47<00:22,  3.22s/it, est. speed input: 5.79 toks/s, output: 229.93 toks/s]
[36m(WorkerDict pid=4085113)[0m Processed prompts:  25%|██▌       | 8/32 [03:48<04:46, 11.92s/it, est. speed input: 1.92 toks/s, output: 80.59 toks/s]
[36m(WorkerDict pid=4085113)[0m Processed prompts:  28%|██▊       | 9/32 [03:51<03:29,  9.09s/it, est. speed input: 2.14 toks/s, output: 91.15 toks/s]
[36m(WorkerDict pid=4085109)[0m Processed prompts:  16%|█▌        | 5/32 [03:51<11:43, 26.05s/it, est. speed input: 1.12 toks/s, output: 52.22 toks/s]
[36m(WorkerDict pid=4085114)[0m Processed prompts:  69%|██████▉   | 22/32 [03:51<00:38,  3.82s/it, est. speed input: 6.28 toks/s, output: 212.80 toks/s]
[36m(WorkerDict pid=4085110)[0m Processed prompts:  84%|████████▍ | 27/32 [03:51<00:14,  2.82s/it, est. speed input: 5.99 toks/s, output: 248.21 toks/s]
[36m(WorkerDict pid=4085114)[0m Processed prompts:  72%|███████▏  | 23/32 [03:52<00:26,  2.91s/it, est. speed input: 6.56 toks/s, output: 223.69 toks/s]
[36m(WorkerDict pid=4085104)[0m Processed prompts:  25%|██▌       | 8/32 [03:53<05:28, 13.67s/it, est. speed input: 1.88 toks/s, output: 81.14 toks/s]
[36m(WorkerDict pid=4085109)[0m Processed prompts:  19%|█▉        | 6/32 [03:54<07:51, 18.13s/it, est. speed input: 1.33 toks/s, output: 63.17 toks/s]
[36m(WorkerDict pid=4085110)[0m Processed prompts:  88%|████████▊ | 28/32 [03:54<00:11,  2.76s/it, est. speed input: 6.08 toks/s, output: 257.08 toks/s]
[36m(WorkerDict pid=4085104)[0m Processed prompts:  28%|██▊       | 9/32 [03:57<04:08, 10.81s/it, est. speed input: 2.08 toks/s, output: 91.42 toks/s]
[36m(WorkerDict pid=4085115)[0m Processed prompts:  47%|████▋     | 15/32 [03:57<06:00, 21.21s/it, est. speed input: 5.75 toks/s, output: 98.84 toks/s] 
[36m(WorkerDict pid=4085104)[0m Processed prompts:  31%|███▏      | 10/32 [04:00<03:07,  8.53s/it, est. speed input: 2.29 toks/s, output: 101.83 toks/s]
[36m(WorkerDict pid=4085109)[0m Processed prompts:  22%|██▏       | 7/32 [04:00<05:53, 14.12s/it, est. speed input: 1.51 toks/s, output: 73.20 toks/s]
[36m(WorkerDict pid=4085108)[0m Processed prompts:  19%|█▉        | 6/32 [03:59<09:04, 20.95s/it, est. speed input: 0.90 toks/s, output: 62.50 toks/s]
[36m(WorkerDict pid=4085114)[0m Processed prompts:  75%|███████▌  | 24/32 [04:00<00:34,  4.32s/it, est. speed input: 6.61 toks/s, output: 228.20 toks/s]
[36m(WorkerDict pid=4085098)[0m Processed prompts:  50%|█████     | 16/32 [04:00<03:37, 13.60s/it, est. speed input: 4.12 toks/s, output: 125.93 toks/s]
[36m(WorkerDict pid=4085104)[0m Processed prompts:  34%|███▍      | 11/32 [04:01<02:12,  6.31s/it, est. speed input: 2.51 toks/s, output: 112.97 toks/s]
[36m(WorkerDict pid=4085104)[0m Processed prompts:  38%|███▊      | 12/32 [04:02<01:33,  4.68s/it, est. speed input: 2.72 toks/s, output: 124.15 toks/s]
[36m(WorkerDict pid=4085115)[0m Processed prompts:  50%|█████     | 16/32 [04:04<04:30, 16.88s/it, est. speed input: 5.97 toks/s, output: 107.69 toks/s]
[36m(WorkerDict pid=4085105)[0m Processed prompts:   6%|▋         | 2/32 [04:04<54:18, 108.61s/it, est. speed input: 0.79 toks/s, output: 21.09 toks/s]  
[36m(WorkerDict pid=4085114)[0m Processed prompts:  78%|███████▊  | 25/32 [04:06<00:34,  4.93s/it, est. speed input: 6.70 toks/s, output: 233.94 toks/s]
[36m(WorkerDict pid=4085114)[0m Processed prompts:  81%|████████▏ | 26/32 [04:07<00:22,  3.69s/it, est. speed input: 6.96 toks/s, output: 244.78 toks/s]
[36m(WorkerDict pid=4085104)[0m Processed prompts:  41%|████      | 13/32 [04:09<01:41,  5.33s/it, est. speed input: 2.87 toks/s, output: 132.29 toks/s]
[36m(WorkerDict pid=4085109)[0m Processed prompts:  25%|██▌       | 8/32 [04:09<04:59, 12.50s/it, est. speed input: 1.67 toks/s, output: 82.15 toks/s]
[36m(WorkerDict pid=4085113)[0m Processed prompts:  31%|███▏      | 10/32 [04:09<04:21, 11.90s/it, est. speed input: 2.20 toks/s, output: 96.11 toks/s]
[36m(WorkerDict pid=4085113)[0m Processed prompts:  34%|███▍      | 11/32 [04:10<02:54,  8.31s/it, est. speed input: 2.42 toks/s, output: 107.63 toks/s]
[36m(WorkerDict pid=4085114)[0m Processed prompts:  84%|████████▍ | 27/32 [04:09<00:16,  3.36s/it, est. speed input: 7.16 toks/s, output: 253.86 toks/s]
[36m(WorkerDict pid=4085110)[0m Processed prompts:  91%|█████████ | 29/32 [04:13<00:21,  7.04s/it, est. speed input: 5.77 toks/s, output: 249.31 toks/s]
[36m(WorkerDict pid=4085114)[0m Processed prompts:  88%|████████▊ | 28/32 [04:14<00:15,  3.81s/it, est. speed input: 7.27 toks/s, output: 260.63 toks/s]
[36m(WorkerDict pid=4085108)[0m Processed prompts:  22%|██▏       | 7/32 [04:15<08:09, 19.60s/it, est. speed input: 0.99 toks/s, output: 70.23 toks/s]
[36m(WorkerDict pid=4085114)[0m Processed prompts:  91%|█████████ | 29/32 [04:16<00:09,  3.30s/it, est. speed input: 7.46 toks/s, output: 270.12 toks/s]
[36m(WorkerDict pid=4085110)[0m Processed prompts:  94%|█████████▍| 30/32 [04:21<00:14,  7.22s/it, est. speed input: 5.74 toks/s, output: 253.57 toks/s]
[36m(WorkerDict pid=4085104)[0m Processed prompts:  44%|████▍     | 14/32 [04:23<02:25,  8.07s/it, est. speed input: 2.95 toks/s, output: 136.57 toks/s]
[36m(WorkerDict pid=4085105)[0m Processed prompts:   9%|▉         | 3/32 [04:22<32:29, 67.21s/it, est. speed input: 1.11 toks/s, output: 31.27 toks/s] 
[36m(WorkerDict pid=4085103)[0m Processed prompts:   3%|▎         | 1/32 [04:23<2:16:14, 263.71s/it, est. speed input: 0.21 toks/s, output: 11.62 toks/s]
[36m(WorkerDict pid=4085104)[0m Processed prompts:  47%|████▋     | 15/32 [04:25<01:45,  6.21s/it, est. speed input: 3.13 toks/s, output: 147.22 toks/s]
[36m(WorkerDict pid=4085110)[0m Processed prompts:  97%|█████████▋| 31/32 [04:25<00:06,  6.50s/it, est. speed input: 5.78 toks/s, output: 260.77 toks/s]
[36m(WorkerDict pid=4085108)[0m Processed prompts:  25%|██▌       | 8/32 [04:25<06:49, 17.05s/it, est. speed input: 1.08 toks/s, output: 79.11 toks/s]
[36m(WorkerDict pid=4085104)[0m Processed prompts:  50%|█████     | 16/32 [04:30<01:32,  5.79s/it, est. speed input: 3.28 toks/s, output: 156.19 toks/s]
[36m(WorkerDict pid=4085109)[0m Processed prompts:  28%|██▊       | 9/32 [04:34<06:17, 16.40s/it, est. speed input: 1.70 toks/s, output: 86.29 toks/s]
[36m(WorkerDict pid=4085105)[0m Processed prompts:  12%|█▎        | 4/32 [04:34<21:03, 45.14s/it, est. speed input: 1.42 toks/s, output: 41.62 toks/s]
[36m(WorkerDict pid=4085104)[0m Processed prompts:  53%|█████▎    | 17/32 [04:35<01:25,  5.70s/it, est. speed input: 3.44 toks/s, output: 164.66 toks/s]
[36m(WorkerDict pid=4085108)[0m Processed prompts:  28%|██▊       | 9/32 [04:34<05:39, 14.75s/it, est. speed input: 1.18 toks/s, output: 88.20 toks/s]
[36m(WorkerDict pid=4085109)[0m Processed prompts:  31%|███▏      | 10/32 [04:37<04:27, 12.17s/it, est. speed input: 1.88 toks/s, output: 97.07 toks/s]
[36m(WorkerDict pid=4085113)[0m Processed prompts:  38%|███▊      | 12/32 [04:37<04:44, 14.22s/it, est. speed input: 2.56 toks/s, output: 108.50 toks/s]
[36m(WorkerDict pid=4085104)[0m Processed prompts:  56%|█████▋    | 18/32 [04:39<01:12,  5.15s/it, est. speed input: 3.62 toks/s, output: 173.99 toks/s]
[36m(WorkerDict pid=4085104)[0m Processed prompts:  59%|█████▉    | 19/32 [04:40<00:50,  3.91s/it, est. speed input: 3.82 toks/s, output: 184.96 toks/s]
[36m(WorkerDict pid=4085105)[0m Processed prompts:  16%|█▌        | 5/32 [04:40<13:58, 31.07s/it, est. speed input: 1.73 toks/s, output: 52.35 toks/s]
[36m(WorkerDict pid=4085109)[0m Processed prompts:  34%|███▍      | 11/32 [04:43<03:37, 10.34s/it, est. speed input: 2.02 toks/s, output: 106.58 toks/s]
[36m(WorkerDict pid=4085113)[0m Processed prompts:  41%|████      | 13/32 [04:44<03:46, 11.92s/it, est. speed input: 2.69 toks/s, output: 117.59 toks/s]
[36m(WorkerDict pid=4085104)[0m Processed prompts:  62%|██████▎   | 20/32 [04:45<00:48,  4.05s/it, est. speed input: 3.96 toks/s, output: 193.73 toks/s]
[36m(WorkerDict pid=4085108)[0m Processed prompts:  31%|███▏      | 10/32 [04:43<04:49, 13.17s/it, est. speed input: 1.27 toks/s, output: 96.99 toks/s]
[36m(WorkerDict pid=4085104)[0m Processed prompts:  66%|██████▌   | 21/32 [04:49<00:46,  4.22s/it, est. speed input: 4.11 toks/s, output: 202.24 toks/s]
[36m(WorkerDict pid=4085113)[0m Processed prompts:  44%|████▍     | 14/32 [04:49<02:55,  9.74s/it, est. speed input: 2.84 toks/s, output: 127.31 toks/s]
[36m(WorkerDict pid=4085113)[0m Processed prompts:  47%|████▋     | 15/32 [04:49<01:58,  6.98s/it, est. speed input: 3.02 toks/s, output: 138.68 toks/s]
[36m(WorkerDict pid=4085113)[0m Processed prompts:  50%|█████     | 16/32 [04:51<01:26,  5.38s/it, est. speed input: 3.36 toks/s, output: 149.53 toks/s]
[36m(WorkerDict pid=4085109)[0m Processed prompts:  41%|████      | 13/32 [04:53<02:27,  7.78s/it, est. speed input: 2.31 toks/s, output: 125.93 toks/s]
[36m(WorkerDict pid=4085103)[0m Processed prompts:   6%|▋         | 2/32 [04:53<1:03:07, 126.24s/it, est. speed input: 0.38 toks/s, output: 22.07 toks/s]
[36m(WorkerDict pid=4085108)[0m Processed prompts:  34%|███▍      | 11/32 [04:53<04:15, 12.18s/it, est. speed input: 1.35 toks/s, output: 105.45 toks/s]
[36m(WorkerDict pid=4085104)[0m Processed prompts:  69%|██████▉   | 22/32 [04:57<00:51,  5.19s/it, est. speed input: 4.21 toks/s, output: 208.78 toks/s]
[36m(WorkerDict pid=4085105)[0m Processed prompts:  19%|█▉        | 6/32 [04:58<11:31, 26.59s/it, est. speed input: 1.95 toks/s, output: 60.87 toks/s]
[36m(WorkerDict pid=4085114)[0m Processed prompts:  94%|█████████▍| 30/32 [04:59<00:29, 15.00s/it, est. speed input: 6.62 toks/s, output: 243.59 toks/s]
[36m(WorkerDict pid=4085108)[0m Processed prompts:  38%|███▊      | 12/32 [04:58<03:19,  9.96s/it, est. speed input: 1.45 toks/s, output: 115.50 toks/s]
[36m(WorkerDict pid=4085108)[0m Processed prompts:  41%|████      | 13/32 [05:01<02:28,  7.84s/it, est. speed input: 1.56 toks/s, output: 126.13 toks/s]
[36m(WorkerDict pid=4085109)[0m Processed prompts:  44%|████▍     | 14/32 [05:03<02:30,  8.37s/it, est. speed input: 2.40 toks/s, output: 133.36 toks/s]
[36m(WorkerDict pid=4085103)[0m Processed prompts:   9%|▉         | 3/32 [05:03<35:17, 73.01s/it, est. speed input: 0.55 toks/s, output: 33.02 toks/s]   
[36m(WorkerDict pid=4085108)[0m Processed prompts:  44%|████▍     | 14/32 [05:08<02:19,  7.76s/it, est. speed input: 1.64 toks/s, output: 134.73 toks/s]
[36m(WorkerDict pid=4085113)[0m Processed prompts:  53%|█████▎    | 17/32 [05:13<02:34, 10.27s/it, est. speed input: 3.31 toks/s, output: 150.83 toks/s]
[36m(WorkerDict pid=4085105)[0m Processed prompts:  22%|██▏       | 7/32 [05:13<09:29, 22.77s/it, est. speed input: 2.17 toks/s, output: 69.65 toks/s]
[36m(WorkerDict pid=4085104)[0m Processed prompts:  72%|███████▏  | 23/32 [05:15<01:21,  9.07s/it, est. speed input: 4.17 toks/s, output: 208.41 toks/s]
[36m(WorkerDict pid=4085105)[0m Processed prompts:  25%|██▌       | 8/32 [05:15<06:30, 16.26s/it, est. speed input: 2.46 toks/s, output: 80.81 toks/s]
[36m(WorkerDict pid=4085108)[0m Processed prompts:  47%|████▋     | 15/32 [05:14<02:03,  7.24s/it, est. speed input: 1.72 toks/s, output: 143.86 toks/s]
[36m(WorkerDict pid=4085103)[0m Processed prompts:  12%|█▎        | 4/32 [05:16<22:58, 49.23s/it, est. speed input: 0.71 toks/s, output: 43.36 toks/s]
[36m(WorkerDict pid=4085100)[0m Processed prompts:  53%|█████▎    | 17/32 [05:17<14:25, 57.68s/it, est. speed input: 3.86 toks/s, output: 66.26 toks/s] 
[36m(WorkerDict pid=4085097)[0m Processed prompts:   3%|▎         | 1/32 [05:18<2:44:43, 318.82s/it, est. speed input: 0.20 toks/s, output: 11.65 toks/s]
[36m(WorkerDict pid=4085097)[0m Processed prompts:   6%|▋         | 2/32 [05:19<1:05:51, 131.73s/it, est. speed input: 0.41 toks/s, output: 23.26 toks/s]
[36m(WorkerDict pid=4085105)[0m Processed prompts:  28%|██▊       | 9/32 [05:18<04:42, 12.27s/it, est. speed input: 2.74 toks/s, output: 91.60 toks/s]
[36m(WorkerDict pid=4085103)[0m Processed prompts:  16%|█▌        | 5/32 [05:20<14:52, 33.07s/it, est. speed input: 0.87 toks/s, output: 54.43 toks/s]
[36m(WorkerDict pid=4085100)[0m Processed prompts:  56%|█████▋    | 18/32 [05:27<10:09, 43.57s/it, est. speed input: 3.92 toks/s, output: 75.90 toks/s]
[36m(WorkerDict pid=4085103)[0m Processed prompts:  19%|█▉        | 6/32 [05:30<10:51, 25.07s/it, est. speed input: 1.02 toks/s, output: 64.53 toks/s]
[36m(WorkerDict pid=4085104)[0m Processed prompts:  75%|███████▌  | 24/32 [05:33<01:34, 11.84s/it, est. speed input: 4.13 toks/s, output: 208.61 toks/s]
[36m(WorkerDict pid=4085114)[0m Processed prompts:  97%|█████████▋| 31/32 [05:32<00:20, 20.56s/it, est. speed input: 6.15 toks/s, output: 230.71 toks/s]
[36m(WorkerDict pid=4085105)[0m Processed prompts:  31%|███▏      | 10/32 [05:32<04:41, 12.81s/it, est. speed input: 2.91 toks/s, output: 99.43 toks/s]
[36m(WorkerDict pid=4085105)[0m Processed prompts:  34%|███▍      | 11/32 [05:35<03:22,  9.63s/it, est. speed input: 3.18 toks/s, output: 110.41 toks/s]
[36m(WorkerDict pid=4085100)[0m Processed prompts:  59%|█████▉    | 19/32 [05:39<07:22, 34.03s/it, est. speed input: 3.96 toks/s, output: 85.00 toks/s]
[36m(WorkerDict pid=4085114)[0m Processed prompts: 100%|██████████| 32/32 [05:38<00:00, 16.11s/it, est. speed input: 6.24 toks/s, output: 238.50 toks/s]Processed prompts: 100%|██████████| 32/32 [05:38<00:00, 16.11s/it, est. speed input: 6.24 toks/s, output: 238.50 toks/s]
[36m(WorkerDict pid=4085103)[0m Processed prompts:  22%|██▏       | 7/32 [05:38<08:13, 19.75s/it, est. speed input: 1.16 toks/s, output: 74.55 toks/s]
[36m(WorkerDict pid=4085100)[0m Processed prompts:  62%|██████▎   | 20/32 [05:40<04:51, 24.30s/it, est. speed input: 4.11 toks/s, output: 96.32 toks/s]
[36m(WorkerDict pid=4085104)[0m Processed prompts:  78%|███████▊  | 25/32 [05:41<01:14, 10.63s/it, est. speed input: 4.21 toks/s, output: 215.50 toks/s]
[36m(WorkerDict pid=4085103)[0m Processed prompts:  25%|██▌       | 8/32 [05:40<05:36, 14.02s/it, est. speed input: 1.32 toks/s, output: 85.85 toks/s]
[36m(WorkerDict pid=4085100)[0m Processed prompts:  66%|██████▌   | 21/32 [05:46<03:26, 18.73s/it, est. speed input: 4.21 toks/s, output: 106.41 toks/s]
[36m(WorkerDict pid=4085112)[0m Processed prompts:   3%|▎         | 1/32 [05:45<2:58:15, 345.01s/it, est. speed input: 0.14 toks/s, output: 11.70 toks/s]
[36m(WorkerDict pid=4085113)[0m Processed prompts:  56%|█████▋    | 18/32 [05:46<04:02, 17.32s/it, est. speed input: 3.29 toks/s, output: 147.84 toks/s]
[36m(WorkerDict pid=4085105)[0m Processed prompts:  38%|███▊      | 12/32 [05:46<03:22, 10.13s/it, est. speed input: 3.36 toks/s, output: 118.51 toks/s]
[36m(WorkerDict pid=4085112)[0m Processed prompts:   6%|▋         | 2/32 [05:49<1:12:26, 144.87s/it, est. speed input: 0.29 toks/s, output: 23.24 toks/s]
[36m(WorkerDict pid=4085108)[0m Processed prompts:  50%|█████     | 16/32 [05:51<04:19, 16.19s/it, est. speed input: 1.65 toks/s, output: 140.41 toks/s]
[36m(WorkerDict pid=4085104)[0m Processed prompts:  81%|████████▏ | 26/32 [05:56<01:11, 11.88s/it, est. speed input: 4.21 toks/s, output: 218.22 toks/s]
[36m(WorkerDict pid=4085109)[0m Processed prompts:  47%|████▋     | 15/32 [05:56<05:41, 20.08s/it, est. speed input: 2.19 toks/s, output: 125.25 toks/s]
[36m(WorkerDict pid=4085109)[0m Processed prompts:  50%|█████     | 16/32 [05:58<04:02, 15.13s/it, est. speed input: 2.32 toks/s, output: 136.26 toks/s]
[36m(WorkerDict pid=4085105)[0m Processed prompts:  41%|████      | 13/32 [05:57<03:17, 10.37s/it, est. speed input: 3.53 toks/s, output: 126.60 toks/s]
[36m(WorkerDict pid=4085105)[0m Processed prompts:  44%|████▍     | 14/32 [05:59<02:20,  7.81s/it, est. speed input: 3.78 toks/s, output: 137.65 toks/s]
[36m(WorkerDict pid=4085113)[0m Processed prompts:  59%|█████▉    | 19/32 [06:00<03:32, 16.31s/it, est. speed input: 3.45 toks/s, output: 153.81 toks/s]
[36m(WorkerDict pid=4085113)[0m Processed prompts:  62%|██████▎   | 20/32 [06:01<02:19, 11.62s/it, est. speed input: 3.74 toks/s, output: 165.22 toks/s]
[36m(WorkerDict pid=4085097)[0m Processed prompts:   9%|▉         | 3/32 [06:07<45:15, 93.64s/it, est. speed input: 0.53 toks/s, output: 31.91 toks/s]   
[36m(WorkerDict pid=4085113)[0m Processed prompts:  66%|██████▌   | 21/32 [06:08<01:53, 10.34s/it, est. speed input: 3.95 toks/s, output: 173.63 toks/s]
[36m(WorkerDict pid=4085104)[0m Processed prompts:  84%|████████▍ | 27/32 [06:12<01:06, 13.26s/it, est. speed input: 4.19 toks/s, output: 220.26 toks/s]
[36m(WorkerDict pid=4085113)[0m Processed prompts:  69%|██████▉   | 22/32 [06:13<01:26,  8.64s/it, est. speed input: 4.18 toks/s, output: 183.16 toks/s]
[36m(WorkerDict pid=4085100)[0m Processed prompts:  69%|██████▉   | 22/32 [06:14<03:36, 21.65s/it, est. speed input: 4.05 toks/s, output: 110.01 toks/s]
[36m(WorkerDict pid=4085103)[0m Processed prompts:  28%|██▊       | 9/32 [06:14<07:44, 20.19s/it, est. speed input: 1.35 toks/s, output: 89.83 toks/s]
[36m(WorkerDict pid=4085113)[0m Processed prompts:  72%|███████▏  | 23/32 [06:15<01:01,  6.79s/it, est. speed input: 4.30 toks/s, output: 193.67 toks/s]
[36m(WorkerDict pid=4085097)[0m Processed prompts:  12%|█▎        | 4/32 [06:16<27:59, 59.98s/it, est. speed input: 0.69 toks/s, output: 42.90 toks/s]
[36m(WorkerDict pid=4085113)[0m Processed prompts:  75%|███████▌  | 24/32 [06:16<00:40,  5.06s/it, est. speed input: 4.56 toks/s, output: 204.85 toks/s]
[36m(WorkerDict pid=4085112)[0m Processed prompts:   9%|▉         | 3/32 [06:17<44:05, 91.24s/it, est. speed input: 0.40 toks/s, output: 33.28 toks/s]   
[36m(WorkerDict pid=4085113)[0m Processed prompts:  78%|███████▊  | 25/32 [06:21<00:34,  4.88s/it, est. speed input: 4.79 toks/s, output: 214.15 toks/s]
[36m(WorkerDict pid=4085097)[0m Processed prompts:  16%|█▌        | 5/32 [06:23<18:23, 40.85s/it, est. speed input: 0.85 toks/s, output: 53.81 toks/s]
[36m(WorkerDict pid=4085100)[0m Processed prompts:  72%|███████▏  | 23/32 [06:23<02:41, 17.92s/it, est. speed input: 4.10 toks/s, output: 119.06 toks/s]
[36m(WorkerDict pid=4085103)[0m Processed prompts:  31%|███▏      | 10/32 [06:24<06:17, 17.14s/it, est. speed input: 1.46 toks/s, output: 99.11 toks/s]
[36m(WorkerDict pid=4085105)[0m Processed prompts:  47%|████▋     | 15/32 [06:24<03:42, 13.10s/it, est. speed input: 3.78 toks/s, output: 140.27 toks/s]
[36m(WorkerDict pid=4085103)[0m Processed prompts:  34%|███▍      | 11/32 [06:28<04:30, 12.89s/it, est. speed input: 1.59 toks/s, output: 109.95 toks/s]
[36m(WorkerDict pid=4085108)[0m Processed prompts:  53%|█████▎    | 17/32 [06:31<05:46, 23.12s/it, est. speed input: 1.58 toks/s, output: 138.01 toks/s]
[36m(WorkerDict pid=4085112)[0m Processed prompts:  12%|█▎        | 4/32 [06:34<28:56, 62.03s/it, est. speed input: 0.51 toks/s, output: 43.52 toks/s]
[36m(WorkerDict pid=4085105)[0m Processed prompts:  50%|█████     | 16/32 [06:34<03:14, 12.18s/it, est. speed input: 3.92 toks/s, output: 148.39 toks/s]
[36m(WorkerDict pid=4085104)[0m Processed prompts:  88%|████████▊ | 28/32 [06:36<01:05, 16.47s/it, est. speed input: 4.09 toks/s, output: 218.61 toks/s]
[36m(WorkerDict pid=4085108)[0m Processed prompts:  56%|█████▋    | 18/32 [06:34<04:01, 17.26s/it, est. speed input: 1.66 toks/s, output: 148.49 toks/s]
[36m(WorkerDict pid=4085112)[0m Processed prompts:  16%|█▌        | 5/32 [06:38<18:34, 41.28s/it, est. speed input: 0.63 toks/s, output: 54.72 toks/s]
[36m(WorkerDict pid=4085105)[0m Processed prompts:  53%|█████▎    | 17/32 [06:41<02:38, 10.57s/it, est. speed input: 4.09 toks/s, output: 157.57 toks/s]
[36m(WorkerDict pid=4085104)[0m Processed prompts:  91%|█████████ | 29/32 [06:43<00:40, 13.50s/it, est. speed input: 4.18 toks/s, output: 226.72 toks/s]
[36m(WorkerDict pid=4085113)[0m Processed prompts:  81%|████████▏ | 26/32 [06:43<00:59,  9.94s/it, est. speed input: 4.79 toks/s, output: 214.28 toks/s]
[36m(WorkerDict pid=4085100)[0m Processed prompts:  75%|███████▌  | 24/32 [06:44<02:30, 18.83s/it, est. speed input: 4.03 toks/s, output: 124.57 toks/s]
[36m(WorkerDict pid=4085108)[0m Processed prompts:  59%|█████▉    | 19/32 [06:43<03:10, 14.69s/it, est. speed input: 1.71 toks/s, output: 157.02 toks/s]
[36m(WorkerDict pid=4085100)[0m Processed prompts:  78%|███████▊  | 25/32 [06:47<01:37, 13.89s/it, est. speed input: 4.15 toks/s, output: 135.52 toks/s]
[36m(WorkerDict pid=4085100)[0m Processed prompts:  81%|████████▏ | 26/32 [06:53<01:09, 11.56s/it, est. speed input: 4.23 toks/s, output: 145.18 toks/s]
[36m(WorkerDict pid=4085108)[0m Processed prompts:  62%|██████▎   | 20/32 [06:51<02:32, 12.73s/it, est. speed input: 1.77 toks/s, output: 165.64 toks/s]
[36m(WorkerDict pid=4085113)[0m Processed prompts:  84%|████████▍ | 27/32 [06:53<00:50, 10.06s/it, est. speed input: 4.92 toks/s, output: 220.60 toks/s]
[36m(WorkerDict pid=4085108)[0m Processed prompts:  66%|██████▌   | 21/32 [06:52<01:41,  9.25s/it, est. speed input: 1.86 toks/s, output: 176.92 toks/s]
[36m(WorkerDict pid=4085100)[0m Processed prompts:  84%|████████▍ | 27/32 [06:56<00:45,  9.13s/it, est. speed input: 4.33 toks/s, output: 155.65 toks/s]
[36m(WorkerDict pid=4085112)[0m Processed prompts:  19%|█▉        | 6/32 [06:56<14:20, 33.09s/it, est. speed input: 0.72 toks/s, output: 64.16 toks/s]
[36m(WorkerDict pid=4085112)[0m Processed prompts:  22%|██▏       | 7/32 [06:57<09:27, 22.70s/it, est. speed input: 0.84 toks/s, output: 75.66 toks/s]
[36m(WorkerDict pid=4085103)[0m Processed prompts:  38%|███▊      | 12/32 [06:57<06:00, 18.02s/it, est. speed input: 1.61 toks/s, output: 113.82 toks/s]
[36m(WorkerDict pid=4085100)[0m Processed prompts:  88%|████████▊ | 28/32 [07:00<00:30,  7.55s/it, est. speed input: 4.43 toks/s, output: 165.90 toks/s]
[36m(WorkerDict pid=4085113)[0m Processed prompts:  88%|████████▊ | 28/32 [07:00<00:36,  9.02s/it, est. speed input: 5.09 toks/s, output: 228.83 toks/s]
[36m(WorkerDict pid=4085112)[0m Processed prompts:  25%|██▌       | 8/32 [07:00<06:33, 16.39s/it, est. speed input: 0.95 toks/s, output: 86.86 toks/s]
[36m(WorkerDict pid=4085108)[0m Processed prompts:  69%|██████▉   | 22/32 [06:59<01:24,  8.48s/it, est. speed input: 1.92 toks/s, output: 185.83 toks/s]
[36m(WorkerDict pid=4085100)[0m Processed prompts:  91%|█████████ | 29/32 [07:01<00:16,  5.65s/it, est. speed input: 4.56 toks/s, output: 177.10 toks/s]
[36m(WorkerDict pid=4085100)[0m Processed prompts:  94%|█████████▍| 30/32 [07:03<00:09,  4.63s/it, est. speed input: 4.67 toks/s, output: 187.84 toks/s]
[36m(WorkerDict pid=4085100)[0m Processed prompts:  97%|█████████▋| 31/32 [07:04<00:03,  3.29s/it, est. speed input: 4.80 toks/s, output: 199.45 toks/s]
[36m(WorkerDict pid=4085112)[0m Processed prompts:  28%|██▊       | 9/32 [07:12<05:44, 15.00s/it, est. speed input: 1.04 toks/s, output: 96.17 toks/s]
[36m(WorkerDict pid=4085112)[0m Processed prompts:  31%|███▏      | 10/32 [07:12<03:52, 10.55s/it, est. speed input: 1.16 toks/s, output: 107.76 toks/s]
[36m(WorkerDict pid=4085097)[0m Processed prompts:  19%|█▉        | 6/32 [07:13<19:08, 44.17s/it, est. speed input: 0.90 toks/s, output: 59.23 toks/s]
[36m(WorkerDict pid=4085097)[0m Processed prompts:  22%|██▏       | 7/32 [07:15<12:35, 30.23s/it, est. speed input: 1.05 toks/s, output: 70.71 toks/s]
[36m(WorkerDict pid=4085113)[0m Processed prompts:  91%|█████████ | 29/32 [07:15<00:32, 10.93s/it, est. speed input: 5.16 toks/s, output: 232.45 toks/s]
[36m(WorkerDict pid=4085098)[0m Processed prompts:  53%|█████▎    | 17/32 [07:17<17:09, 68.64s/it, est. speed input: 2.39 toks/s, output: 81.02 toks/s] 
[36m(WorkerDict pid=4085103)[0m Processed prompts:  41%|████      | 13/32 [07:17<05:50, 18.43s/it, est. speed input: 1.67 toks/s, output: 120.50 toks/s]
[36m(WorkerDict pid=4085104)[0m Processed prompts:  94%|█████████▍| 30/32 [07:18<00:40, 20.17s/it, est. speed input: 3.98 toks/s, output: 219.95 toks/s]
[36m(WorkerDict pid=4085097)[0m Processed prompts:  25%|██▌       | 8/32 [07:19<08:43, 21.80s/it, est. speed input: 1.18 toks/s, output: 81.81 toks/s]
[36m(WorkerDict pid=4085097)[0m Processed prompts:  28%|██▊       | 9/32 [07:26<06:37, 17.27s/it, est. speed input: 1.31 toks/s, output: 92.17 toks/s]
[36m(WorkerDict pid=4085108)[0m Processed prompts:  72%|███████▏  | 23/32 [07:25<02:02, 13.65s/it, est. speed input: 1.89 toks/s, output: 186.86 toks/s]
[36m(WorkerDict pid=4085097)[0m Processed prompts:  31%|███▏      | 10/32 [07:28<04:36, 12.58s/it, est. speed input: 1.45 toks/s, output: 103.43 toks/s]
[36m(WorkerDict pid=4085112)[0m Processed prompts:  34%|███▍      | 11/32 [07:31<04:35, 13.10s/it, est. speed input: 1.22 toks/s, output: 114.97 toks/s]
[36m(WorkerDict pid=4085098)[0m Processed prompts:  56%|█████▋    | 18/32 [07:33<12:21, 52.95s/it, est. speed input: 2.42 toks/s, output: 89.79 toks/s]
[36m(WorkerDict pid=4085112)[0m Processed prompts:  38%|███▊      | 12/32 [07:35<03:23, 10.17s/it, est. speed input: 1.32 toks/s, output: 125.81 toks/s]
[36m(WorkerDict pid=4085098)[0m Processed prompts:  59%|█████▉    | 19/32 [07:40<08:26, 38.95s/it, est. speed input: 2.50 toks/s, output: 100.26 toks/s]
[36m(WorkerDict pid=4085104)[0m Processed prompts:  97%|█████████▋| 31/32 [07:41<00:20, 20.81s/it, est. speed input: 3.92 toks/s, output: 220.99 toks/s]
[36m(WorkerDict pid=4085112)[0m Processed prompts:  41%|████      | 13/32 [07:43<03:01,  9.57s/it, est. speed input: 1.40 toks/s, output: 135.30 toks/s]
[36m(WorkerDict pid=4085112)[0m Processed prompts:  44%|████▍     | 14/32 [07:47<02:23,  7.97s/it, est. speed input: 1.50 toks/s, output: 145.80 toks/s]
[36m(WorkerDict pid=4085103)[0m Processed prompts:  44%|████▍     | 14/32 [07:51<06:56, 23.15s/it, est. speed input: 1.66 toks/s, output: 123.51 toks/s]
[36m(WorkerDict pid=4085097)[0m Processed prompts:  34%|███▍      | 11/32 [07:53<05:46, 16.49s/it, est. speed input: 1.48 toks/s, output: 109.61 toks/s]
[36m(WorkerDict pid=4085098)[0m Processed prompts:  62%|██████▎   | 20/32 [07:55<06:22, 31.86s/it, est. speed input: 2.53 toks/s, output: 108.74 toks/s]
[36m(WorkerDict pid=4085113)[0m Processed prompts:  94%|█████████▍| 30/32 [07:58<00:40, 20.47s/it, est. speed input: 4.91 toks/s, output: 223.40 toks/s]
[36m(WorkerDict pid=4085108)[0m Processed prompts:  75%|███████▌  | 24/32 [07:57<02:34, 19.26s/it, est. speed input: 1.84 toks/s, output: 185.96 toks/s]
[36m(WorkerDict pid=4085111)[0m Processed prompts:   3%|▎         | 1/32 [08:02<4:09:20, 482.61s/it, est. speed input: 0.27 toks/s, output: 11.73 toks/s]
[36m(WorkerDict pid=4085108)[0m Processed prompts:  78%|███████▊  | 25/32 [08:06<01:53, 16.23s/it, est. speed input: 1.89 toks/s, output: 194.24 toks/s]
[36m(WorkerDict pid=4085104)[0m Processed prompts: 100%|██████████| 32/32 [08:09<00:00, 23.02s/it, est. speed input: 3.83 toks/s, output: 219.99 toks/s]Processed prompts: 100%|██████████| 32/32 [08:09<00:00, 23.02s/it, est. speed input: 3.83 toks/s, output: 219.99 toks/s]
[36m(WorkerDict pid=4085108)[0m Processed prompts:  81%|████████▏ | 26/32 [08:07<01:09, 11.51s/it, est. speed input: 1.96 toks/s, output: 205.80 toks/s]
[36m(WorkerDict pid=4085108)[0m Processed prompts:  84%|████████▍ | 27/32 [08:08<00:42,  8.43s/it, est. speed input: 2.03 toks/s, output: 217.05 toks/s]
[36m(WorkerDict pid=4085113)[0m Processed prompts:  97%|█████████▋| 31/32 [08:10<00:17, 17.93s/it, est. speed input: 5.01 toks/s, output: 229.67 toks/s]
[36m(WorkerDict pid=4085113)[0m [rank15]:E0617 18:17:50.320000 4085113 site-packages/torch/_dynamo/metrics_context.py:105] [0/1] Unexpected exception logging compilation metrics
[36m(WorkerDict pid=4085113)[0m [rank15]:E0617 18:17:50.320000 4085113 site-packages/torch/_dynamo/metrics_context.py:105] [0/1] Traceback (most recent call last):
[36m(WorkerDict pid=4085113)[0m [rank15]:E0617 18:17:50.320000 4085113 site-packages/torch/_dynamo/metrics_context.py:105] [0/1]   File "/usr/local/python3.11.14/lib/python3.11/site-packages/torch/_dynamo/metrics_context.py", line 101, in __exit__
[36m(WorkerDict pid=4085113)[0m [rank15]:E0617 18:17:50.320000 4085113 site-packages/torch/_dynamo/metrics_context.py:105] [0/1]     self._on_exit(
[36m(WorkerDict pid=4085113)[0m [rank15]:E0617 18:17:50.320000 4085113 site-packages/torch/_dynamo/metrics_context.py:105] [0/1]   File "/usr/local/python3.11.14/lib/python3.11/site-packages/torch/_dynamo/utils.py", line 1632, in record_compilation_metrics
[36m(WorkerDict pid=4085113)[0m [rank15]:E0617 18:17:50.320000 4085113 site-packages/torch/_dynamo/metrics_context.py:105] [0/1]     "triton_version": triton.__version__ if has_triton() else "",
[36m(WorkerDict pid=4085113)[0m [rank15]:E0617 18:17:50.320000 4085113 site-packages/torch/_dynamo/metrics_context.py:105] [0/1]                                             ^^^^^^^^^^^^
[36m(WorkerDict pid=4085113)[0m [rank15]:E0617 18:17:50.320000 4085113 site-packages/torch/_dynamo/metrics_context.py:105] [0/1]   File "/usr/local/python3.11.14/lib/python3.11/site-packages/torch/utils/_triton.py", line 159, in has_triton
[36m(WorkerDict pid=4085113)[0m [rank15]:E0617 18:17:50.320000 4085113 site-packages/torch/_dynamo/metrics_context.py:105] [0/1]     return is_device_compatible_with_triton()
[36m(WorkerDict pid=4085113)[0m [rank15]:E0617 18:17:50.320000 4085113 site-packages/torch/_dynamo/metrics_context.py:105] [0/1]            ^^^^^^^^^^^^^^^^^^^^^^^^^^^^^^^^^^
[36m(WorkerDict pid=4085113)[0m [rank15]:E0617 18:17:50.320000 4085113 site-packages/torch/_dynamo/metrics_context.py:105] [0/1]   File "/usr/local/python3.11.14/lib/python3.11/site-packages/torch/utils/_triton.py", line 155, in is_device_compatible_with_triton
[36m(WorkerDict pid=4085113)[0m [rank15]:E0617 18:17:50.320000 4085113 site-packages/torch/_dynamo/metrics_context.py:105] [0/1]     if device_interface.is_available() and extra_check(device_interface):
[36m(WorkerDict pid=4085113)[0m [rank15]:E0617 18:17:50.320000 4085113 site-packages/torch/_dynamo/metrics_context.py:105] [0/1]                                            ^^^^^^^^^^^^^^^^^^^^^^^^^^^^^
[36m(WorkerDict pid=4085113)[0m [rank15]:E0617 18:17:50.320000 4085113 site-packages/torch/_dynamo/metrics_context.py:105] [0/1]   File "/usr/local/python3.11.14/lib/python3.11/site-packages/torch/utils/_triton.py", line 135, in cuda_extra_check
[36m(WorkerDict pid=4085113)[0m [rank15]:E0617 18:17:50.320000 4085113 site-packages/torch/_dynamo/metrics_context.py:105] [0/1]     return device_interface.Worker.get_device_properties().major >= 7
[36m(WorkerDict pid=4085113)[0m [rank15]:E0617 18:17:50.320000 4085113 site-packages/torch/_dynamo/metrics_context.py:105] [0/1]            ^^^^^^^^^^^^^^^^^^^^^^^^^^^^^^^^^^^^^^^^^^^^^^^^^^^^^^^^^^
[36m(WorkerDict pid=4085113)[0m [rank15]:E0617 18:17:50.320000 4085113 site-packages/torch/_dynamo/metrics_context.py:105] [0/1] TypeError: '>=' not supported between instances of 'NoneType' and 'int'
[36m(WorkerDict pid=4085107)[0m Processed prompts:   3%|▎         | 1/32 [08:12<4:14:26, 492.47s/it, est. speed input: 0.21 toks/s, output: 11.73 toks/s]
[36m(WorkerDict pid=4085106)[0m Processed prompts:   3%|▎         | 1/32 [08:13<4:14:46, 493.12s/it, est. speed input: 0.23 toks/s, output: 11.74 toks/s]
[36m(WorkerDict pid=4085097)[0m Processed prompts:  38%|███▊      | 12/32 [08:15<06:03, 18.18s/it, est. speed input: 1.54 toks/s, output: 116.47 toks/s]
[36m(WorkerDict pid=4085105)[0m Processed prompts:  56%|█████▋    | 18/32 [08:16<08:21, 35.83s/it, est. speed input: 3.49 toks/s, output: 139.28 toks/s]
[36m(WorkerDict pid=4085112)[0m Processed prompts:  47%|████▋     | 15/32 [08:17<04:09, 14.67s/it, est. speed input: 1.51 toks/s, output: 148.70 toks/s]
[36m(WorkerDict pid=4085107)[0m Processed prompts:   6%|▋         | 2/32 [08:18<1:43:10, 206.34s/it, est. speed input: 0.42 toks/s, output: 23.33 toks/s]
[36m(WorkerDict pid=4085097)[0m Processed prompts:  41%|████      | 13/32 [08:19<04:20, 13.71s/it, est. speed input: 1.63 toks/s, output: 127.40 toks/s]
[36m(WorkerDict pid=4085113)[0m Processed prompts: 100%|██████████| 32/32 [08:20<00:00, 15.78s/it, est. speed input: 5.11 toks/s, output: 236.47 toks/s]Processed prompts: 100%|██████████| 32/32 [08:20<00:00, 15.78s/it, est. speed input: 5.11 toks/s, output: 236.47 toks/s]
[36m(WorkerDict pid=4085106)[0m Processed prompts:   6%|▋         | 2/32 [08:20<1:43:49, 207.66s/it, est. speed input: 0.35 toks/s, output: 23.31 toks/s]
[36m(WorkerDict pid=4085106)[0m Processed prompts:   9%|▉         | 3/32 [08:21<54:36, 112.98s/it, est. speed input: 0.58 toks/s, output: 35.04 toks/s]  
[36m(WorkerDict pid=4085105)[0m Processed prompts:  59%|█████▉    | 19/32 [08:25<06:00, 27.75s/it, est. speed input: 3.61 toks/s, output: 148.58 toks/s]
[36m(WorkerDict pid=4085103)[0m Processed prompts:  47%|████▋     | 15/32 [08:26<07:38, 26.97s/it, est. speed input: 1.66 toks/s, output: 126.54 toks/s]
[36m(WorkerDict pid=4085103)[0m Processed prompts:  50%|█████     | 16/32 [08:27<05:03, 19.00s/it, est. speed input: 1.77 toks/s, output: 138.18 toks/s]
[36m(WorkerDict pid=4085111)[0m Processed prompts:   6%|▋         | 2/32 [08:28<1:47:01, 214.05s/it, est. speed input: 0.51 toks/s, output: 22.89 toks/s]
[36m(WorkerDict pid=4085106)[0m Processed prompts:  12%|█▎        | 4/32 [08:28<33:17, 71.33s/it, est. speed input: 0.79 toks/s, output: 46.29 toks/s] 
[36m(WorkerDict pid=4085103)[0m Processed prompts:  53%|█████▎    | 17/32 [08:32<03:41, 14.74s/it, est. speed input: 1.86 toks/s, output: 148.64 toks/s]
[36m(WorkerDict pid=4085097)[0m Processed prompts:  44%|████▍     | 14/32 [08:34<04:15, 14.18s/it, est. speed input: 1.68 toks/s, output: 135.38 toks/s]
[36m(WorkerDict pid=4085097)[0m Processed prompts:  47%|████▋     | 15/32 [08:35<02:53, 10.23s/it, est. speed input: 1.80 toks/s, output: 146.86 toks/s]
[36m(WorkerDict pid=4085112)[0m Processed prompts:  50%|█████     | 16/32 [08:35<04:08, 15.55s/it, est. speed input: 1.55 toks/s, output: 155.40 toks/s]
[36m(WorkerDict pid=4085108)[0m Processed prompts:  88%|████████▊ | 28/32 [08:39<01:00, 15.16s/it, est. speed input: 1.99 toks/s, output: 215.96 toks/s]
[36m(WorkerDict pid=4085111)[0m Processed prompts:   9%|▉         | 3/32 [08:41<59:06, 122.28s/it, est. speed input: 0.74 toks/s, output: 34.10 toks/s]  
[36m(WorkerDict pid=4085098)[0m Processed prompts:  66%|██████▌   | 21/32 [08:42<06:41, 36.47s/it, est. speed input: 2.40 toks/s, output: 110.69 toks/s]
[36m(WorkerDict pid=4085097)[0m Processed prompts:  50%|█████     | 16/32 [08:45<02:40, 10.04s/it, est. speed input: 1.86 toks/s, output: 155.95 toks/s]
[36m(WorkerDict pid=4085106)[0m Processed prompts:  16%|█▌        | 5/32 [08:49<23:58, 53.27s/it, est. speed input: 0.98 toks/s, output: 56.23 toks/s]
[36m(WorkerDict pid=4085098)[0m Processed prompts:  69%|██████▉   | 22/32 [08:53<04:48, 28.82s/it, est. speed input: 2.45 toks/s, output: 120.21 toks/s]
[36m(WorkerDict pid=4085097)[0m Processed prompts:  53%|█████▎    | 17/32 [08:54<02:24,  9.65s/it, est. speed input: 1.95 toks/s, output: 165.18 toks/s]
[36m(WorkerDict pid=4085098)[0m Processed prompts:  72%|███████▏  | 23/32 [08:56<03:08, 20.98s/it, est. speed input: 2.54 toks/s, output: 131.40 toks/s]
[36m(WorkerDict pid=4085106)[0m Processed prompts:  19%|█▉        | 6/32 [08:57<16:19, 37.67s/it, est. speed input: 1.17 toks/s, output: 67.27 toks/s]
[36m(WorkerDict pid=4085097)[0m Processed prompts:  56%|█████▋    | 18/32 [09:00<02:00,  8.58s/it, est. speed input: 2.02 toks/s, output: 175.12 toks/s]
[36m(WorkerDict pid=4085108)[0m Processed prompts:  91%|█████████ | 29/32 [08:58<00:48, 16.31s/it, est. speed input: 1.99 toks/s, output: 220.18 toks/s]
[36m(WorkerDict pid=4085097)[0m Processed prompts:  59%|█████▉    | 19/32 [09:01<01:24,  6.47s/it, est. speed input: 2.10 toks/s, output: 186.42 toks/s]
[36m(WorkerDict pid=4085098)[0m Processed prompts:  75%|███████▌  | 24/32 [09:05<02:18, 17.32s/it, est. speed input: 2.60 toks/s, output: 141.09 toks/s]
[36m(WorkerDict pid=4085097)[0m Processed prompts:  62%|██████▎   | 20/32 [09:06<01:10,  5.86s/it, est. speed input: 2.18 toks/s, output: 196.71 toks/s]
[36m(WorkerDict pid=4085100)[0m Processed prompts: 100%|██████████| 32/32 [09:06<00:00, 39.07s/it, est. speed input: 3.83 toks/s, output: 166.54 toks/s]Processed prompts: 100%|██████████| 32/32 [09:06<00:00, 39.07s/it, est. speed input: 3.83 toks/s, output: 166.54 toks/s]
[36m(WorkerDict pid=4085097)[0m Processed prompts:  66%|██████▌   | 21/32 [09:08<00:51,  4.71s/it, est. speed input: 2.29 toks/s, output: 207.79 toks/s]
[36m(WorkerDict pid=4085098)[0m Processed prompts:  78%|███████▊  | 25/32 [09:09<01:32, 13.28s/it, est. speed input: 2.68 toks/s, output: 151.92 toks/s]
[36m(WorkerDict pid=4085106)[0m Processed prompts:  22%|██▏       | 7/32 [09:09<12:16, 29.45s/it, est. speed input: 1.35 toks/s, output: 77.57 toks/s]
[36m(WorkerDict pid=4085107)[0m Processed prompts:   9%|▉         | 3/32 [09:10<1:05:42, 135.95s/it, est. speed input: 0.57 toks/s, output: 32.95 toks/s]
[36m(WorkerDict pid=4085098)[0m Processed prompts:  81%|████████▏ | 26/32 [09:13<01:04, 10.72s/it, est. speed input: 2.75 toks/s, output: 162.45 toks/s]
[36m(WorkerDict pid=4085097)[0m Processed prompts:  69%|██████▉   | 22/32 [09:20<01:09,  6.97s/it, est. speed input: 2.35 toks/s, output: 215.10 toks/s]
[36m(WorkerDict pid=4085097)[0m Processed prompts:  72%|███████▏  | 23/32 [09:20<00:44,  4.92s/it, est. speed input: 2.47 toks/s, output: 226.89 toks/s]
[36m(WorkerDict pid=4085098)[0m Processed prompts:  84%|████████▍ | 27/32 [09:21<00:48,  9.76s/it, est. speed input: 2.81 toks/s, output: 172.13 toks/s]
[36m(WorkerDict pid=4085107)[0m Processed prompts:  12%|█▎        | 4/32 [09:22<40:32, 86.87s/it, est. speed input: 0.75 toks/s, output: 44.12 toks/s]   
[36m(WorkerDict pid=4085105)[0m Processed prompts:  62%|██████▎   | 20/32 [09:23<07:21, 36.81s/it, est. speed input: 3.40 toks/s, output: 145.17 toks/s]
[36m(WorkerDict pid=4085098)[0m Processed prompts:  88%|████████▊ | 28/32 [09:25<00:32,  8.13s/it, est. speed input: 2.88 toks/s, output: 182.67 toks/s]
[36m(WorkerDict pid=4085108)[0m Processed prompts:  94%|█████████▍| 30/32 [09:24<00:38, 19.31s/it, est. speed input: 1.96 toks/s, output: 221.81 toks/s]
[36m(WorkerDict pid=4085105)[0m Processed prompts:  66%|██████▌   | 21/32 [09:30<05:06, 27.89s/it, est. speed input: 3.52 toks/s, output: 155.25 toks/s]
[36m(WorkerDict pid=4085106)[0m Processed prompts:  25%|██▌       | 8/32 [09:32<10:55, 27.32s/it, est. speed input: 1.50 toks/s, output: 86.37 toks/s]
[36m(WorkerDict pid=4085106)[0m Processed prompts:  28%|██▊       | 9/32 [09:35<07:34, 19.75s/it, est. speed input: 1.69 toks/s, output: 97.79 toks/s]
[36m(WorkerDict pid=4085107)[0m Processed prompts:  16%|█▌        | 5/32 [09:39<27:48, 61.81s/it, est. speed input: 0.91 toks/s, output: 54.68 toks/s]
[36m(WorkerDict pid=4085108)[0m Processed prompts:  97%|█████████▋| 31/32 [09:40<00:18, 18.18s/it, est. speed input: 1.98 toks/s, output: 227.80 toks/s]
[36m(WorkerDict pid=4085107)[0m Processed prompts:  19%|█▉        | 6/32 [09:42<18:01, 41.59s/it, est. speed input: 1.08 toks/s, output: 66.35 toks/s]
[36m(WorkerDict pid=4085106)[0m Processed prompts:  31%|███▏      | 10/32 [09:42<05:43, 15.61s/it, est. speed input: 1.87 toks/s, output: 108.62 toks/s]
[36m(WorkerDict pid=4085106)[0m Processed prompts:  34%|███▍      | 11/32 [09:43<03:58, 11.38s/it, est. speed input: 2.06 toks/s, output: 120.20 toks/s]
[36m(WorkerDict pid=4085107)[0m Processed prompts:  22%|██▏       | 7/32 [09:45<12:05, 29.03s/it, est. speed input: 1.26 toks/s, output: 77.89 toks/s]
[36m(WorkerDict pid=4085098)[0m Processed prompts:  91%|█████████ | 29/32 [09:48<00:37, 12.53s/it, est. speed input: 2.86 toks/s, output: 187.50 toks/s]
[36m(WorkerDict pid=4085097)[0m Processed prompts:  75%|███████▌  | 24/32 [09:49<01:37, 12.16s/it, est. speed input: 2.43 toks/s, output: 227.62 toks/s]
[36m(WorkerDict pid=4085106)[0m Processed prompts:  38%|███▊      | 12/32 [09:51<03:26, 10.31s/it, est. speed input: 2.22 toks/s, output: 130.53 toks/s]
[36m(WorkerDict pid=4085111)[0m Processed prompts:  12%|█▎        | 4/32 [09:53<47:40, 102.17s/it, est. speed input: 0.87 toks/s, output: 41.93 toks/s]
[36m(WorkerDict pid=4085111)[0m Processed prompts:  16%|█▌        | 5/32 [09:55<29:44, 66.08s/it, est. speed input: 1.08 toks/s, output: 53.72 toks/s] 
[36m(WorkerDict pid=4085111)[0m Processed prompts:  19%|█▉        | 6/32 [09:55<18:56, 43.71s/it, est. speed input: 1.30 toks/s, output: 65.63 toks/s]
[36m(WorkerDict pid=4085111)[0m Processed prompts:  22%|██▏       | 7/32 [09:56<12:21, 29.65s/it, est. speed input: 1.51 toks/s, output: 77.50 toks/s]
[36m(WorkerDict pid=4085097)[0m Processed prompts:  78%|███████▊  | 25/32 [09:59<01:21, 11.58s/it, est. speed input: 2.47 toks/s, output: 235.67 toks/s]
[36m(WorkerDict pid=4085097)[0m Processed prompts:  81%|████████▏ | 26/32 [10:11<01:09, 11.57s/it, est. speed input: 2.50 toks/s, output: 243.17 toks/s]
[36m(WorkerDict pid=4085097)[0m Processed prompts:  84%|████████▍ | 27/32 [10:12<00:41,  8.34s/it, est. speed input: 2.58 toks/s, output: 254.80 toks/s]
[36m(WorkerDict pid=4085109)[0m Processed prompts:  53%|█████▎    | 17/32 [10:15<20:45, 83.03s/it, est. speed input: 1.56 toks/s, output: 91.28 toks/s] 
[36m(WorkerDict pid=4085105)[0m Processed prompts:  69%|██████▉   | 22/32 [10:17<05:35, 33.57s/it, est. speed input: 3.40 toks/s, output: 155.44 toks/s]
[36m(WorkerDict pid=4085107)[0m Processed prompts:  25%|██▌       | 8/32 [10:18<12:07, 30.30s/it, est. speed input: 1.36 toks/s, output: 85.70 toks/s]
[36m(WorkerDict pid=4085107)[0m Processed prompts:  28%|██▊       | 9/32 [10:21<08:20, 21.78s/it, est. speed input: 1.52 toks/s, output: 97.25 toks/s]
[36m(WorkerDict pid=4085109)[0m Processed prompts:  56%|█████▋    | 18/32 [10:22<14:19, 61.40s/it, est. speed input: 1.75 toks/s, output: 102.16 toks/s]
[36m(WorkerDict pid=4085103)[0m Processed prompts:  56%|█████▋    | 18/32 [10:23<10:11, 43.67s/it, est. speed input: 1.63 toks/s, output: 134.15 toks/s]
[36m(WorkerDict pid=4085105)[0m Processed prompts:  72%|███████▏  | 23/32 [10:23<03:47, 25.28s/it, est. speed input: 3.51 toks/s, output: 165.94 toks/s]
[36m(WorkerDict pid=4085098)[0m Processed prompts:  94%|█████████▍| 30/32 [10:23<00:38, 19.41s/it, est. speed input: 2.78 toks/s, output: 188.82 toks/s]
[36m(WorkerDict pid=4085098)[0m Processed prompts:  97%|█████████▋| 31/32 [10:25<00:14, 14.06s/it, est. speed input: 2.86 toks/s, output: 200.31 toks/s]
[36m(WorkerDict pid=4085105)[0m Processed prompts:  75%|███████▌  | 24/32 [10:26<02:29, 18.70s/it, est. speed input: 3.64 toks/s, output: 177.04 toks/s]
[36m(WorkerDict pid=4085109)[0m Processed prompts:  59%|█████▉    | 19/32 [10:29<09:53, 45.64s/it, est. speed input: 1.93 toks/s, output: 113.00 toks/s]
[36m(WorkerDict pid=4085105)[0m Processed prompts:  78%|███████▊  | 25/32 [10:31<01:43, 14.73s/it, est. speed input: 3.75 toks/s, output: 187.51 toks/s]
[36m(WorkerDict pid=4085109)[0m Processed prompts:  62%|██████▎   | 20/32 [10:34<06:45, 33.77s/it, est. speed input: 2.12 toks/s, output: 124.09 toks/s]
[36m(WorkerDict pid=4085106)[0m Processed prompts:  41%|████      | 13/32 [10:35<06:27, 20.37s/it, est. speed input: 2.25 toks/s, output: 133.60 toks/s]
[36m(WorkerDict pid=4085105)[0m Processed prompts:  81%|████████▏ | 26/32 [10:35<01:07, 11.33s/it, est. speed input: 3.88 toks/s, output: 198.53 toks/s]
[36m(WorkerDict pid=4085106)[0m Processed prompts:  44%|████▍     | 14/32 [10:35<04:17, 14.32s/it, est. speed input: 2.43 toks/s, output: 145.54 toks/s]
[36m(WorkerDict pid=4085106)[0m Processed prompts:  47%|████▋     | 15/32 [10:36<02:52, 10.13s/it, est. speed input: 2.61 toks/s, output: 157.46 toks/s]
[36m(WorkerDict pid=4085115)[0m Processed prompts:  53%|█████▎    | 17/32 [10:46<33:12, 132.85s/it, est. speed input: 2.44 toks/s, output: 52.68 toks/s]
[36m(WorkerDict pid=4085115)[0m Processed prompts:  56%|█████▋    | 18/32 [10:49<21:51, 93.68s/it, est. speed input: 2.62 toks/s, output: 64.51 toks/s] 
[36m(WorkerDict pid=4085109)[0m Processed prompts:  66%|██████▌   | 21/32 [10:51<05:15, 28.68s/it, est. speed input: 2.26 toks/s, output: 132.96 toks/s]
[36m(WorkerDict pid=4085109)[0m Processed prompts:  69%|██████▉   | 22/32 [10:58<03:42, 22.20s/it, est. speed input: 2.43 toks/s, output: 143.62 toks/s]
[36m(WorkerDict pid=4085103)[0m Processed prompts:  59%|█████▉    | 19/32 [11:01<09:06, 42.04s/it, est. speed input: 1.62 toks/s, output: 138.44 toks/s]
[36m(WorkerDict pid=4085109)[0m Processed prompts:  72%|███████▏  | 23/32 [11:02<02:31, 16.82s/it, est. speed input: 2.61 toks/s, output: 154.78 toks/s]
[36m(WorkerDict pid=4085106)[0m Processed prompts:  50%|█████     | 16/32 [11:02<03:58, 14.93s/it, est. speed input: 2.59 toks/s, output: 163.31 toks/s]
[36m(WorkerDict pid=4085111)[0m Processed prompts:  25%|██▌       | 8/32 [11:02<16:34, 41.45s/it, est. speed input: 1.56 toks/s, output: 81.75 toks/s]
[36m(WorkerDict pid=4085115)[0m Processed prompts:  59%|█████▉    | 19/32 [11:03<15:08, 69.89s/it, est. speed input: 2.75 toks/s, output: 75.17 toks/s]
[36m(WorkerDict pid=4085105)[0m Processed prompts:  84%|████████▍ | 27/32 [11:04<01:22, 16.60s/it, est. speed input: 3.84 toks/s, output: 201.95 toks/s]
[36m(WorkerDict pid=4085115)[0m Processed prompts:  62%|██████▎   | 20/32 [11:04<09:51, 49.29s/it, est. speed input: 2.93 toks/s, output: 87.08 toks/s]
[36m(WorkerDict pid=4085107)[0m Processed prompts:  31%|███▏      | 10/32 [11:11<11:14, 30.67s/it, est. speed input: 1.56 toks/s, output: 101.99 toks/s]
[36m(WorkerDict pid=4085103)[0m Processed prompts:  62%|██████▎   | 20/32 [11:11<06:30, 32.53s/it, est. speed input: 1.68 toks/s, output: 148.38 toks/s]
[36m(WorkerDict pid=4085097)[0m Processed prompts:  88%|████████▊ | 28/32 [11:12<01:35, 23.96s/it, est. speed input: 2.42 toks/s, output: 243.97 toks/s]
[36m(WorkerDict pid=4085097)[0m Processed prompts:  91%|█████████ | 29/32 [11:14<00:52, 17.50s/it, est. speed input: 2.48 toks/s, output: 255.15 toks/s]
[36m(WorkerDict pid=4085109)[0m Processed prompts:  75%|███████▌  | 24/32 [11:15<02:07, 15.89s/it, est. speed input: 2.75 toks/s, output: 163.71 toks/s]
[36m(WorkerDict pid=4085105)[0m Processed prompts:  88%|████████▊ | 28/32 [11:15<01:00, 15.10s/it, est. speed input: 3.91 toks/s, output: 210.56 toks/s]
[36m(WorkerDict pid=4085107)[0m Processed prompts:  34%|███▍      | 11/32 [11:16<07:56, 22.70s/it, est. speed input: 1.71 toks/s, output: 113.36 toks/s]
[36m(WorkerDict pid=4085097)[0m Processed prompts:  94%|█████████▍| 30/32 [11:17<00:26, 13.01s/it, est. speed input: 2.55 toks/s, output: 266.26 toks/s]
[36m(WorkerDict pid=4085109)[0m Processed prompts:  78%|███████▊  | 25/32 [11:22<01:30, 12.94s/it, est. speed input: 2.91 toks/s, output: 174.35 toks/s]
[36m(WorkerDict pid=4085109)[0m Processed prompts:  81%|████████▏ | 26/32 [11:23<00:56,  9.38s/it, est. speed input: 3.09 toks/s, output: 186.17 toks/s]
[36m(WorkerDict pid=4085106)[0m Processed prompts:  53%|█████▎    | 17/32 [11:27<04:31, 18.07s/it, est. speed input: 2.59 toks/s, output: 169.38 toks/s]
[36m(WorkerDict pid=4085109)[0m Processed prompts:  84%|████████▍ | 27/32 [11:28<00:40,  8.09s/it, est. speed input: 3.26 toks/s, output: 196.89 toks/s]
[36m(WorkerDict pid=4085097)[0m Processed prompts:  97%|█████████▋| 31/32 [11:30<00:13, 13.08s/it, est. speed input: 2.57 toks/s, output: 273.26 toks/s]
[36m(WorkerDict pid=4085115)[0m Processed prompts:  66%|██████▌   | 21/32 [11:30<07:43, 42.10s/it, est. speed input: 3.00 toks/s, output: 96.00 toks/s]
[36m(WorkerDict pid=4085105)[0m Processed prompts:  91%|█████████ | 29/32 [11:30<00:45, 15.06s/it, est. speed input: 3.96 toks/s, output: 218.11 toks/s]
[36m(WorkerDict pid=4085103)[0m Processed prompts:  66%|██████▌   | 21/32 [11:32<05:17, 28.90s/it, est. speed input: 1.72 toks/s, output: 156.10 toks/s]
[36m(WorkerDict pid=4085112)[0m Processed prompts:  53%|█████▎    | 17/32 [11:32<16:03, 64.21s/it, est. speed input: 1.22 toks/s, output: 127.73 toks/s]
[36m(WorkerDict pid=4085108)[0m Processed prompts: 100%|██████████| 32/32 [11:38<00:00, 48.32s/it, est. speed input: 1.69 toks/s, output: 201.26 toks/s]Processed prompts: 100%|██████████| 32/32 [11:38<00:00, 48.32s/it, est. speed input: 1.69 toks/s, output: 201.26 toks/s]
[36m(WorkerDict pid=4085107)[0m Processed prompts:  38%|███▊      | 12/32 [11:41<07:49, 23.50s/it, est. speed input: 1.80 toks/s, output: 121.39 toks/s]
[36m(WorkerDict pid=4085115)[0m Processed prompts:  69%|██████▉   | 22/32 [11:41<05:27, 32.77s/it, est. speed input: 3.13 toks/s, output: 106.61 toks/s]
[36m(WorkerDict pid=4085097)[0m Processed prompts: 100%|██████████| 32/32 [11:43<00:00, 13.09s/it, est. speed input: 2.59 toks/s, output: 280.28 toks/s]Processed prompts: 100%|██████████| 32/32 [11:43<00:00, 13.09s/it, est. speed input: 2.59 toks/s, output: 280.28 toks/s]
[36m(WorkerDict pid=4085103)[0m Processed prompts:  69%|██████▉   | 22/32 [11:44<03:58, 23.90s/it, est. speed input: 1.77 toks/s, output: 165.52 toks/s]
[36m(WorkerDict pid=4085111)[0m Processed prompts:  28%|██▊       | 9/32 [11:45<16:00, 41.75s/it, est. speed input: 1.65 toks/s, output: 88.96 toks/s]
[36m(WorkerDict pid=4085107)[0m Processed prompts:  41%|████      | 13/32 [11:45<05:33, 17.57s/it, est. speed input: 1.93 toks/s, output: 132.83 toks/s]
[36m(WorkerDict pid=4085103)[0m Processed prompts:  72%|███████▏  | 23/32 [11:45<02:33, 17.10s/it, est. speed input: 1.85 toks/s, output: 177.35 toks/s]
[36m(WorkerDict pid=4085111)[0m Processed prompts:  31%|███▏      | 10/32 [11:49<11:01, 30.08s/it, est. speed input: 1.82 toks/s, output: 100.59 toks/s]
[36m(WorkerDict pid=4085112)[0m Processed prompts:  56%|█████▋    | 18/32 [11:49<11:39, 49.99s/it, est. speed input: 1.26 toks/s, output: 136.82 toks/s]
[36m(WorkerDict pid=4085106)[0m Processed prompts:  56%|█████▋    | 18/32 [11:52<04:42, 20.19s/it, est. speed input: 2.58 toks/s, output: 175.55 toks/s]
[36m(WorkerDict pid=4085112)[0m Processed prompts:  59%|█████▉    | 19/32 [11:54<07:54, 36.50s/it, est. speed input: 1.32 toks/s, output: 148.00 toks/s]
[36m(WorkerDict pid=4085115)[0m Processed prompts:  72%|███████▏  | 23/32 [11:56<04:06, 27.39s/it, est. speed input: 3.24 toks/s, output: 116.56 toks/s]
[36m(WorkerDict pid=4085112)[0m Processed prompts:  62%|██████▎   | 20/32 [11:56<05:12, 26.03s/it, est. speed input: 1.38 toks/s, output: 159.82 toks/s]
[36m(WorkerDict pid=4085115)[0m Processed prompts:  75%|███████▌  | 24/32 [11:56<02:35, 19.38s/it, est. speed input: 3.40 toks/s, output: 128.61 toks/s]
[36m(WorkerDict pid=4085106)[0m Processed prompts:  59%|█████▉    | 19/32 [11:57<03:24, 15.72s/it, est. speed input: 2.72 toks/s, output: 186.41 toks/s]
[36m(WorkerDict pid=4085115)[0m Processed prompts:  78%|███████▊  | 25/32 [11:57<01:36, 13.81s/it, est. speed input: 3.57 toks/s, output: 140.62 toks/s]
[36m(WorkerDict pid=4085106)[0m Processed prompts:  66%|██████▌   | 21/32 [12:01<01:41,  9.22s/it, est. speed input: 2.95 toks/s, output: 209.83 toks/s]
[36m(WorkerDict pid=4085105)[0m Processed prompts:  94%|█████████▍| 30/32 [12:03<00:40, 20.34s/it, est. speed input: 3.91 toks/s, output: 220.43 toks/s]
[36m(WorkerDict pid=4085098)[0m Processed prompts: 100%|██████████| 32/32 [12:04<00:00, 39.62s/it, est. speed input: 2.54 toks/s, output: 185.04 toks/s]Processed prompts: 100%|██████████| 32/32 [12:04<00:00, 39.62s/it, est. speed input: 2.54 toks/s, output: 185.04 toks/s]
[36m(WorkerDict pid=4085112)[0m Processed prompts:  66%|██████▌   | 21/32 [12:05<03:48, 20.81s/it, est. speed input: 1.43 toks/s, output: 170.09 toks/s]
[36m(WorkerDict pid=4085115)[0m Processed prompts:  81%|████████▏ | 26/32 [12:07<01:16, 12.74s/it, est. speed input: 3.69 toks/s, output: 150.82 toks/s]
[36m(WorkerDict pid=4085107)[0m Processed prompts:  44%|████▍     | 14/32 [12:10<05:56, 19.83s/it, est. speed input: 2.01 toks/s, output: 140.46 toks/s]
[36m(WorkerDict pid=4085107)[0m Processed prompts:  47%|████▋     | 15/32 [12:16<04:25, 15.59s/it, est. speed input: 2.14 toks/s, output: 151.55 toks/s]
[36m(WorkerDict pid=4085115)[0m Processed prompts:  84%|████████▍ | 27/32 [12:20<01:02, 12.60s/it, est. speed input: 3.80 toks/s, output: 160.54 toks/s]
[36m(WorkerDict pid=4085103)[0m Processed prompts:  75%|███████▌  | 24/32 [12:23<03:05, 23.18s/it, est. speed input: 1.84 toks/s, output: 180.66 toks/s]
[36m(WorkerDict pid=4085103)[0m Processed prompts:  78%|███████▊  | 25/32 [12:28<02:03, 17.67s/it, est. speed input: 1.91 toks/s, output: 191.73 toks/s]
[36m(WorkerDict pid=4085106)[0m Processed prompts:  69%|██████▉   | 22/32 [12:28<02:16, 13.69s/it, est. speed input: 2.93 toks/s, output: 214.42 toks/s]
[36m(WorkerDict pid=4085111)[0m Processed prompts:  34%|███▍      | 11/32 [12:29<11:38, 33.25s/it, est. speed input: 1.89 toks/s, output: 107.41 toks/s]
[36m(WorkerDict pid=4085107)[0m Processed prompts:  50%|█████     | 16/32 [12:34<04:22, 16.39s/it, est. speed input: 2.23 toks/s, output: 160.14 toks/s]
[36m(WorkerDict pid=4085106)[0m Processed prompts:  72%|███████▏  | 23/32 [12:36<01:48, 12.10s/it, est. speed input: 2.98 toks/s, output: 224.53 toks/s]
[36m(WorkerDict pid=4085107)[0m Processed prompts:  53%|█████▎    | 17/32 [12:37<03:06, 12.41s/it, est. speed input: 2.36 toks/s, output: 171.73 toks/s]
[36m(WorkerDict pid=4085107)[0m Processed prompts:  56%|█████▋    | 18/32 [12:39<02:08,  9.19s/it, est. speed input: 2.49 toks/s, output: 183.61 toks/s]
[36m(WorkerDict pid=4085107)[0m Processed prompts:  59%|█████▉    | 19/32 [12:41<01:31,  7.01s/it, est. speed input: 2.62 toks/s, output: 195.41 toks/s]
[36m(WorkerDict pid=4085112)[0m Processed prompts:  72%|███████▏  | 23/32 [12:45<03:05, 20.58s/it, est. speed input: 1.47 toks/s, output: 184.87 toks/s]
[36m(WorkerDict pid=4085109)[0m Processed prompts:  88%|████████▊ | 28/32 [12:46<01:56, 29.23s/it, est. speed input: 3.09 toks/s, output: 188.97 toks/s]
[36m(WorkerDict pid=4085107)[0m Processed prompts:  62%|██████▎   | 20/32 [12:47<01:19,  6.65s/it, est. speed input: 2.74 toks/s, output: 206.20 toks/s]
[36m(WorkerDict pid=4085107)[0m Processed prompts:  66%|██████▌   | 21/32 [12:48<00:54,  4.92s/it, est. speed input: 2.87 toks/s, output: 218.24 toks/s]
[36m(WorkerDict pid=4085111)[0m Processed prompts:  38%|███▊      | 12/32 [12:49<09:40, 29.02s/it, est. speed input: 2.01 toks/s, output: 116.98 toks/s]
[36m(WorkerDict pid=4085106)[0m Processed prompts:  75%|███████▌  | 24/32 [12:49<01:38, 12.33s/it, est. speed input: 3.01 toks/s, output: 233.03 toks/s]
[36m(WorkerDict pid=4085103)[0m Processed prompts:  81%|████████▏ | 26/32 [12:55<02:03, 20.62s/it, est. speed input: 1.92 toks/s, output: 197.23 toks/s]
[36m(WorkerDict pid=4085115)[0m Processed prompts:  88%|████████▊ | 28/32 [12:55<01:17, 19.40s/it, est. speed input: 3.78 toks/s, output: 165.54 toks/s]
[36m(WorkerDict pid=4085106)[0m Processed prompts:  78%|███████▊  | 25/32 [12:57<01:18, 11.19s/it, est. speed input: 3.05 toks/s, output: 242.86 toks/s]
[36m(WorkerDict pid=4085106)[0m Processed prompts:  81%|████████▏ | 26/32 [13:00<00:54,  9.06s/it, est. speed input: 3.12 toks/s, output: 254.02 toks/s]
[36m(WorkerDict pid=4085115)[0m Processed prompts:  91%|█████████ | 29/32 [13:02<00:47, 15.70s/it, est. speed input: 3.90 toks/s, output: 176.37 toks/s]
[36m(WorkerDict pid=4085115)[0m Processed prompts:  94%|█████████▍| 30/32 [13:06<00:24, 12.32s/it, est. speed input: 4.04 toks/s, output: 187.71 toks/s]
[36m(WorkerDict pid=4085107)[0m Processed prompts:  69%|██████▉   | 22/32 [13:08<01:33,  9.39s/it, est. speed input: 2.93 toks/s, output: 225.07 toks/s]
[36m(WorkerDict pid=4085103)[0m Processed prompts:  84%|████████▍ | 27/32 [13:11<01:35, 19.19s/it, est. speed input: 1.95 toks/s, output: 205.61 toks/s]
[36m(WorkerDict pid=4085107)[0m Processed prompts:  72%|███████▏  | 23/32 [13:11<01:09,  7.73s/it, est. speed input: 3.05 toks/s, output: 236.30 toks/s]
[36m(WorkerDict pid=4085112)[0m Processed prompts:  75%|███████▌  | 24/32 [13:11<02:55, 21.96s/it, est. speed input: 1.49 toks/s, output: 191.10 toks/s]
[36m(WorkerDict pid=4085107)[0m Processed prompts:  75%|███████▌  | 24/32 [13:13<00:47,  5.89s/it, est. speed input: 3.18 toks/s, output: 248.16 toks/s]
[36m(WorkerDict pid=4085112)[0m Processed prompts:  78%|███████▊  | 25/32 [13:13<01:55, 16.55s/it, est. speed input: 1.54 toks/s, output: 203.13 toks/s]
[36m(WorkerDict pid=4085111)[0m Processed prompts:  41%|████      | 13/32 [13:13<08:47, 27.74s/it, est. speed input: 2.11 toks/s, output: 125.66 toks/s]
[36m(WorkerDict pid=4085106)[0m Processed prompts:  84%|████████▍ | 27/32 [13:13<00:50, 10.12s/it, est. speed input: 3.14 toks/s, output: 262.28 toks/s]
[36m(WorkerDict pid=4085109)[0m Processed prompts:  91%|█████████ | 29/32 [13:16<01:27, 29.31s/it, est. speed input: 3.13 toks/s, output: 194.31 toks/s]
[36m(WorkerDict pid=4085106)[0m Processed prompts:  88%|████████▊ | 28/32 [13:19<00:34,  8.72s/it, est. speed input: 3.20 toks/s, output: 272.89 toks/s]
[36m(WorkerDict pid=4085109)[0m Processed prompts:  94%|█████████▍| 30/32 [13:23<00:45, 22.80s/it, est. speed input: 3.26 toks/s, output: 204.84 toks/s]
[36m(WorkerDict pid=4085111)[0m Processed prompts:  44%|████▍     | 14/32 [13:24<06:44, 22.49s/it, est. speed input: 2.25 toks/s, output: 136.41 toks/s]
[36m(WorkerDict pid=4085112)[0m Processed prompts:  81%|████████▏ | 26/32 [13:24<01:30, 15.06s/it, est. speed input: 1.58 toks/s, output: 212.71 toks/s]
[36m(WorkerDict pid=4085107)[0m Processed prompts:  78%|███████▊  | 25/32 [13:28<00:59,  8.55s/it, est. speed input: 3.25 toks/s, output: 256.01 toks/s]
[36m(WorkerDict pid=4085112)[0m Processed prompts:  84%|████████▍ | 27/32 [13:27<00:59, 11.86s/it, est. speed input: 1.63 toks/s, output: 224.15 toks/s]
[36m(WorkerDict pid=4085107)[0m Processed prompts:  81%|████████▏ | 26/32 [13:28<00:37,  6.18s/it, est. speed input: 3.37 toks/s, output: 268.19 toks/s]
[36m(WorkerDict pid=4085106)[0m Processed prompts:  91%|█████████ | 29/32 [13:32<00:30, 10.07s/it, est. speed input: 3.22 toks/s, output: 280.81 toks/s]
[36m(WorkerDict pid=4085107)[0m Processed prompts:  84%|████████▍ | 27/32 [13:36<00:32,  6.46s/it, est. speed input: 3.47 toks/s, output: 278.24 toks/s]
[36m(WorkerDict pid=4085107)[0m Processed prompts:  88%|████████▊ | 28/32 [13:39<00:21,  5.45s/it, est. speed input: 3.59 toks/s, output: 289.60 toks/s]
[36m(WorkerDict pid=4085106)[0m Processed prompts:  94%|█████████▍| 30/32 [13:38<00:18,  9.02s/it, est. speed input: 3.27 toks/s, output: 290.98 toks/s]
[36m(WorkerDict pid=4085112)[0m Processed prompts:  88%|████████▊ | 28/32 [13:41<00:49, 12.34s/it, est. speed input: 1.66 toks/s, output: 232.87 toks/s]
[36m(WorkerDict pid=4085112)[0m Processed prompts:  91%|█████████ | 29/32 [13:45<00:30, 10.08s/it, est. speed input: 1.71 toks/s, output: 244.01 toks/s]
[36m(WorkerDict pid=4085112)[0m Processed prompts:  94%|█████████▍| 30/32 [13:53<00:18,  9.42s/it, est. speed input: 1.75 toks/s, output: 254.16 toks/s]
[36m(WorkerDict pid=4085107)[0m Processed prompts:  91%|█████████ | 29/32 [13:56<00:26,  8.92s/it, est. speed input: 3.64 toks/s, output: 296.14 toks/s]
[36m(WorkerDict pid=4085103)[0m Processed prompts:  88%|████████▊ | 28/32 [14:00<01:52, 28.24s/it, est. speed input: 1.91 toks/s, output: 206.00 toks/s]
[36m(WorkerDict pid=4085107)[0m Processed prompts:  94%|█████████▍| 30/32 [14:01<00:15,  7.92s/it, est. speed input: 3.74 toks/s, output: 306.63 toks/s]
[36m(WorkerDict pid=4085112)[0m Processed prompts:  97%|█████████▋| 31/32 [14:02<00:09,  9.37s/it, est. speed input: 1.79 toks/s, output: 263.85 toks/s]
[36m(WorkerDict pid=4085106)[0m Processed prompts:  97%|█████████▋| 31/32 [14:03<00:13, 13.61s/it, est. speed input: 3.25 toks/s, output: 295.02 toks/s]
[36m(WorkerDict pid=4085111)[0m Processed prompts:  47%|████▋     | 15/32 [14:10<08:22, 29.56s/it, est. speed input: 2.28 toks/s, output: 141.52 toks/s]
[36m(WorkerDict pid=4085107)[0m Processed prompts:  97%|█████████▋| 31/32 [14:10<00:08,  8.20s/it, est. speed input: 3.83 toks/s, output: 315.91 toks/s]
[36m(WorkerDict pid=4085107)[0m [rank7]:E0617 18:23:50.823000 4085107 site-packages/torch/_dynamo/metrics_context.py:105] [0/1] Unexpected exception logging compilation metrics
[36m(WorkerDict pid=4085107)[0m [rank7]:E0617 18:23:50.823000 4085107 site-packages/torch/_dynamo/metrics_context.py:105] [0/1] Traceback (most recent call last):
[36m(WorkerDict pid=4085107)[0m [rank7]:E0617 18:23:50.823000 4085107 site-packages/torch/_dynamo/metrics_context.py:105] [0/1]   File "/usr/local/python3.11.14/lib/python3.11/site-packages/torch/_dynamo/metrics_context.py", line 101, in __exit__
[36m(WorkerDict pid=4085107)[0m [rank7]:E0617 18:23:50.823000 4085107 site-packages/torch/_dynamo/metrics_context.py:105] [0/1]     self._on_exit(
[36m(WorkerDict pid=4085107)[0m [rank7]:E0617 18:23:50.823000 4085107 site-packages/torch/_dynamo/metrics_context.py:105] [0/1]   File "/usr/local/python3.11.14/lib/python3.11/site-packages/torch/_dynamo/utils.py", line 1632, in record_compilation_metrics
[36m(WorkerDict pid=4085107)[0m [rank7]:E0617 18:23:50.823000 4085107 site-packages/torch/_dynamo/metrics_context.py:105] [0/1]     "triton_version": triton.__version__ if has_triton() else "",
[36m(WorkerDict pid=4085107)[0m [rank7]:E0617 18:23:50.823000 4085107 site-packages/torch/_dynamo/metrics_context.py:105] [0/1]                                             ^^^^^^^^^^^^
[36m(WorkerDict pid=4085107)[0m [rank7]:E0617 18:23:50.823000 4085107 site-packages/torch/_dynamo/metrics_context.py:105] [0/1]   File "/usr/local/python3.11.14/lib/python3.11/site-packages/torch/utils/_triton.py", line 159, in has_triton
[36m(WorkerDict pid=4085107)[0m [rank7]:E0617 18:23:50.823000 4085107 site-packages/torch/_dynamo/metrics_context.py:105] [0/1]     return is_device_compatible_with_triton()
[36m(WorkerDict pid=4085107)[0m [rank7]:E0617 18:23:50.823000 4085107 site-packages/torch/_dynamo/metrics_context.py:105] [0/1]            ^^^^^^^^^^^^^^^^^^^^^^^^^^^^^^^^^^
[36m(WorkerDict pid=4085107)[0m [rank7]:E0617 18:23:50.823000 4085107 site-packages/torch/_dynamo/metrics_context.py:105] [0/1]   File "/usr/local/python3.11.14/lib/python3.11/site-packages/torch/utils/_triton.py", line 155, in is_device_compatible_with_triton
[36m(WorkerDict pid=4085107)[0m [rank7]:E0617 18:23:50.823000 4085107 site-packages/torch/_dynamo/metrics_context.py:105] [0/1]     if device_interface.is_available() and extra_check(device_interface):
[36m(WorkerDict pid=4085107)[0m [rank7]:E0617 18:23:50.823000 4085107 site-packages/torch/_dynamo/metrics_context.py:105] [0/1]                                            ^^^^^^^^^^^^^^^^^^^^^^^^^^^^^
[36m(WorkerDict pid=4085107)[0m [rank7]:E0617 18:23:50.823000 4085107 site-packages/torch/_dynamo/metrics_context.py:105] [0/1]   File "/usr/local/python3.11.14/lib/python3.11/site-packages/torch/utils/_triton.py", line 135, in cuda_extra_check
[36m(WorkerDict pid=4085107)[0m [rank7]:E0617 18:23:50.823000 4085107 site-packages/torch/_dynamo/metrics_context.py:105] [0/1]     return device_interface.Worker.get_device_properties().major >= 7
[36m(WorkerDict pid=4085107)[0m [rank7]:E0617 18:23:50.823000 4085107 site-packages/torch/_dynamo/metrics_context.py:105] [0/1]            ^^^^^^^^^^^^^^^^^^^^^^^^^^^^^^^^^^^^^^^^^^^^^^^^^^^^^^^^^^
[36m(WorkerDict pid=4085107)[0m [rank7]:E0617 18:23:50.823000 4085107 site-packages/torch/_dynamo/metrics_context.py:105] [0/1] TypeError: '>=' not supported between instances of 'NoneType' and 'int'
[36m(WorkerDict pid=4085109)[0m Processed prompts:  97%|█████████▋| 31/32 [14:11<00:30, 30.18s/it, est. speed input: 3.23 toks/s, output: 205.91 toks/s]
[36m(WorkerDict pid=4085103)[0m Processed prompts:  91%|█████████ | 29/32 [14:12<01:10, 23.36s/it, est. speed input: 1.95 toks/s, output: 215.59 toks/s]
[36m(WorkerDict pid=4085115)[0m Processed prompts:  97%|█████████▋| 31/32 [14:22<00:31, 31.44s/it, est. speed input: 3.83 toks/s, output: 183.68 toks/s]
[36m(WorkerDict pid=4085105)[0m Processed prompts:  97%|█████████▋| 31/32 [14:29<00:58, 58.04s/it, est. speed input: 3.36 toks/s, output: 195.94 toks/s]
[36m(WorkerDict pid=4085105)[0m [rank5]:E0617 18:24:10.087000 4085105 site-packages/torch/_dynamo/metrics_context.py:105] [0/1] Unexpected exception logging compilation metrics
[36m(WorkerDict pid=4085105)[0m [rank5]:E0617 18:24:10.087000 4085105 site-packages/torch/_dynamo/metrics_context.py:105] [0/1] Traceback (most recent call last):
[36m(WorkerDict pid=4085105)[0m [rank5]:E0617 18:24:10.087000 4085105 site-packages/torch/_dynamo/metrics_context.py:105] [0/1]   File "/usr/local/python3.11.14/lib/python3.11/site-packages/torch/_dynamo/metrics_context.py", line 101, in __exit__
[36m(WorkerDict pid=4085105)[0m [rank5]:E0617 18:24:10.087000 4085105 site-packages/torch/_dynamo/metrics_context.py:105] [0/1]     self._on_exit(
[36m(WorkerDict pid=4085105)[0m [rank5]:E0617 18:24:10.087000 4085105 site-packages/torch/_dynamo/metrics_context.py:105] [0/1]   File "/usr/local/python3.11.14/lib/python3.11/site-packages/torch/_dynamo/utils.py", line 1632, in record_compilation_metrics
[36m(WorkerDict pid=4085105)[0m [rank5]:E0617 18:24:10.087000 4085105 site-packages/torch/_dynamo/metrics_context.py:105] [0/1]     "triton_version": triton.__version__ if has_triton() else "",
[36m(WorkerDict pid=4085105)[0m [rank5]:E0617 18:24:10.087000 4085105 site-packages/torch/_dynamo/metrics_context.py:105] [0/1]                                             ^^^^^^^^^^^^
[36m(WorkerDict pid=4085105)[0m [rank5]:E0617 18:24:10.087000 4085105 site-packages/torch/_dynamo/metrics_context.py:105] [0/1]   File "/usr/local/python3.11.14/lib/python3.11/site-packages/torch/utils/_triton.py", line 159, in has_triton
[36m(WorkerDict pid=4085105)[0m [rank5]:E0617 18:24:10.087000 4085105 site-packages/torch/_dynamo/metrics_context.py:105] [0/1]     return is_device_compatible_with_triton()
[36m(WorkerDict pid=4085105)[0m [rank5]:E0617 18:24:10.087000 4085105 site-packages/torch/_dynamo/metrics_context.py:105] [0/1]            ^^^^^^^^^^^^^^^^^^^^^^^^^^^^^^^^^^
[36m(WorkerDict pid=4085105)[0m [rank5]:E0617 18:24:10.087000 4085105 site-packages/torch/_dynamo/metrics_context.py:105] [0/1]   File "/usr/local/python3.11.14/lib/python3.11/site-packages/torch/utils/_triton.py", line 155, in is_device_compatible_with_triton
[36m(WorkerDict pid=4085105)[0m [rank5]:E0617 18:24:10.087000 4085105 site-packages/torch/_dynamo/metrics_context.py:105] [0/1]     if device_interface.is_available() and extra_check(device_interface):
[36m(WorkerDict pid=4085105)[0m [rank5]:E0617 18:24:10.087000 4085105 site-packages/torch/_dynamo/metrics_context.py:105] [0/1]                                            ^^^^^^^^^^^^^^^^^^^^^^^^^^^^^
[36m(WorkerDict pid=4085105)[0m [rank5]:E0617 18:24:10.087000 4085105 site-packages/torch/_dynamo/metrics_context.py:105] [0/1]   File "/usr/local/python3.11.14/lib/python3.11/site-packages/torch/utils/_triton.py", line 135, in cuda_extra_check
[36m(WorkerDict pid=4085105)[0m [rank5]:E0617 18:24:10.087000 4085105 site-packages/torch/_dynamo/metrics_context.py:105] [0/1]     return device_interface.Worker.get_device_properties().major >= 7
[36m(WorkerDict pid=4085105)[0m [rank5]:E0617 18:24:10.087000 4085105 site-packages/torch/_dynamo/metrics_context.py:105] [0/1]            ^^^^^^^^^^^^^^^^^^^^^^^^^^^^^^^^^^^^^^^^^^^^^^^^^^^^^^^^^^
[36m(WorkerDict pid=4085105)[0m [rank5]:E0617 18:24:10.087000 4085105 site-packages/torch/_dynamo/metrics_context.py:105] [0/1] TypeError: '>=' not supported between instances of 'NoneType' and 'int'
[36m(WorkerDict pid=4085103)[0m Processed prompts:  94%|█████████▍| 30/32 [14:38<00:48, 24.09s/it, est. speed input: 1.96 toks/s, output: 221.80 toks/s]
[36m(WorkerDict pid=4085109)[0m Processed prompts: 100%|██████████| 32/32 [14:39<00:00, 29.67s/it, est. speed input: 3.27 toks/s, output: 211.78 toks/s]Processed prompts: 100%|██████████| 32/32 [14:39<00:00, 29.67s/it, est. speed input: 3.27 toks/s, output: 211.78 toks/s]
[36m(WorkerDict pid=4085109)[0m Processed prompts: 100%|██████████| 32/32 [14:51<00:00, 27.86s/it, est. speed input: 3.27 toks/s, output: 211.78 toks/s]
[36m(WorkerDict pid=4085104)[0m Processed prompts: 100%|██████████| 32/32 [14:52<00:00, 27.88s/it, est. speed input: 3.83 toks/s, output: 219.99 toks/s]
[36m(WorkerDict pid=4085100)[0m Processed prompts: 100%|██████████| 32/32 [14:52<00:00, 27.88s/it, est. speed input: 3.83 toks/s, output: 166.54 toks/s]
[36m(WorkerDict pid=4085097)[0m Processed prompts: 100%|██████████| 32/32 [14:51<00:00, 27.87s/it, est. speed input: 2.59 toks/s, output: 280.28 toks/s]
[36m(WorkerDict pid=4085098)[0m Processed prompts: 100%|██████████| 32/32 [14:51<00:00, 27.86s/it, est. speed input: 2.54 toks/s, output: 185.04 toks/s]
[36m(WorkerDict pid=4085108)[0m Processed prompts: 100%|██████████| 32/32 [14:49<00:00, 27.81s/it, est. speed input: 1.69 toks/s, output: 201.26 toks/s]
[36m(WorkerDict pid=4085114)[0m Processed prompts: 100%|██████████| 32/32 [14:50<00:00, 27.84s/it, est. speed input: 6.24 toks/s, output: 238.50 toks/s]
[36m(WorkerDict pid=4085113)[0m Processed prompts: 100%|██████████| 32/32 [14:51<00:00, 27.86s/it, est. speed input: 5.11 toks/s, output: 236.47 toks/s]
[36m(WorkerDict pid=4085106)[0m [rank6]:[E617 18:24:35.365094864 compiler_depend.ts:444] NPU out of memory. NPUWorkspaceAllocator tried to allocate 206.85 MiB(NPU 0; 61.27 GiB total capacity; 103.44 MiB free). If you want to reduce memory usage, take a try to set the environment variable TASK_QUEUE_ENABLE=1.
[36m(WorkerDict pid=4085106)[0m 
[36m(WorkerDict pid=4085106)[0m [ERROR] 2026-06-17-18:24:35 (PID:4085106, Device:0, RankID:6) ERR00006 PTA memory error
[36m(WorkerDict pid=4085106)[0m Exception raised from malloc at build/CMakeFiles/torch_npu.dir/compiler_depend.ts:437 (most recent call first):
[36m(WorkerDict pid=4085106)[0m frame #0: c10::Error::Error(c10::SourceLocation, std::__cxx11::basic_string<char, std::char_traits<char>, std::allocator<char> >) + 0xb0 (0xffff7c4ac700 in /usr/local/python3.11.14/lib/python3.11/site-packages/torch/lib/libc10.so)
[36m(WorkerDict pid=4085106)[0m frame #1: c10::detail::torchCheckFail(char const*, char const*, unsigned int, std::__cxx11::basic_string<char, std::char_traits<char>, std::allocator<char> > const&) + 0x68 (0xffff7c44a860 in /usr/local/python3.11.14/lib/python3.11/site-packages/torch/lib/libc10.so)
[36m(WorkerDict pid=4085106)[0m frame #2: <unknown function> + 0xa85ebc (0xffd0aa465ebc in /usr/local/python3.11.14/lib/python3.11/site-packages/torch_npu/lib/libtorch_npu.so)
[36m(WorkerDict pid=4085106)[0m frame #3: <unknown function> + 0xa86880 (0xffd0aa466880 in /usr/local/python3.11.14/lib/python3.11/site-packages/torch_npu/lib/libtorch_npu.so)
[36m(WorkerDict pid=4085106)[0m frame #4: <unknown function> + 0xa7fc0c (0xffd0aa45fc0c in /usr/local/python3.11.14/lib/python3.11/site-packages/torch_npu/lib/libtorch_npu.so)
[36m(WorkerDict pid=4085106)[0m frame #5: <unknown function> + 0x2cccf34 (0xffd0ac6acf34 in /usr/local/python3.11.14/lib/python3.11/site-packages/torch_npu/lib/libtorch_npu.so)
[36m(WorkerDict pid=4085106)[0m frame #6: at_npu::native::allocate_workspace(unsigned long, void*) + 0x2c (0xffd0aa45c24c in /usr/local/python3.11.14/lib/python3.11/site-packages/torch_npu/lib/libtorch_npu.so)
[36m(WorkerDict pid=4085106)[0m frame #7: <unknown function> + 0xb1c8c (0xffd08a281c8c in /usr/local/python3.11.14/lib/python3.11/site-packages/torch_npu/lib/libop_plugin_atb.so)
[36m(WorkerDict pid=4085106)[0m frame #8: <unknown function> + 0x2c77e24 (0xffd0ac657e24 in /usr/local/python3.11.14/lib/python3.11/site-packages/torch_npu/lib/libtorch_npu.so)
[36m(WorkerDict pid=4085106)[0m frame #9: <unknown function> + 0xa607d0 (0xffd0aa4407d0 in /usr/local/python3.11.14/lib/python3.11/site-packages/torch_npu/lib/libtorch_npu.so)
[36m(WorkerDict pid=4085106)[0m frame #10: <unknown function> + 0xa613ac (0xffd0aa4413ac in /usr/local/python3.11.14/lib/python3.11/site-packages/torch_npu/lib/libtorch_npu.so)
[36m(WorkerDict pid=4085106)[0m frame #11: <unknown function> + 0xa5f2c8 (0xffd0aa43f2c8 in /usr/local/python3.11.14/lib/python3.11/site-packages/torch_npu/lib/libtorch_npu.so)
[36m(WorkerDict pid=4085106)[0m frame #12: <unknown function> + 0xd442c (0xffff89c7442c in /lib64/libstdc++.so.6)
[36m(WorkerDict pid=4085106)[0m frame #13: <unknown function> + 0x7fbb4 (0xffff89e5fbb4 in /lib64/libc.so.6)
[36m(WorkerDict pid=4085106)[0m frame #14: <unknown function> + 0xe7f4c (0xffff89ec7f4c in /lib64/libc.so.6)
[36m(WorkerDict pid=4085106)[0m 
[36m(WorkerDict pid=4085106)[0m Processed prompts:  97%|█████████▋| 31/32 [14:54<00:28, 28.87s/it, est. speed input: 3.25 toks/s, output: 295.02 toks/s]
Error executing job with overrides: ['algorithm.adv_estimator=grpo', 'data.train_files=/data/deepscaler/train.parquet', 'data.val_files=/data/deepscaler/test.parquet', 'data.train_batch_size=32', 'data.max_prompt_length=1024', 'data.max_response_length=16384', 'data.filter_overlong_prompts=True', 'data.truncation=error', 'data.shuffle=False', 'data.dataloader_num_workers=0', 'data.sampler.class_path=null', 'data.sampler.class_name=null', '+data.dataset_fraction=0.005', 'custom_reward_function.path=deepscaler.py', 'custom_reward_function.name=compute_score', 'actor_rollout_ref.model.path=/data/Qwen3-30B-A3B', 'actor_rollout_ref.actor.optim.lr=1e-6', 'actor_rollout_ref.actor.optim.clip_grad=10000', 'actor_rollout_ref.actor.ppo_mini_batch_size=32', 'actor_rollout_ref.actor.ppo_micro_batch_size_per_gpu=1', 'actor_rollout_ref.actor.use_dynamic_bsz=True', 'actor_rollout_ref.actor.ppo_max_token_len_per_gpu=20480', 'actor_rollout_ref.actor.megatron.sequence_parallel=True', 'actor_rollout_ref.actor.megatron.expert_model_parallel_size=4', 'actor_rollout_ref.actor.megatron.tensor_model_parallel_size=4', 'actor_rollout_ref.actor.megatron.pipeline_model_parallel_size=4', 'actor_rollout_ref.actor.megatron.expert_tensor_parallel_size=1', 'actor_rollout_ref.actor.megatron.param_offload=True', 'actor_rollout_ref.actor.megatron.grad_offload=True', 'actor_rollout_ref.actor.megatron.optimizer_offload=False', 'actor_rollout_ref.actor.megatron.use_dist_checkpointing=True', 'actor_rollout_ref.actor.megatron.dist_checkpointing_path=/data/Qwen3-30B-A3B_megatron', 'actor_rollout_ref.actor.use_kl_loss=True', 'actor_rollout_ref.actor.kl_loss_coef=0.001', 'actor_rollout_ref.actor.kl_loss_type=low_var_kl', 'actor_rollout_ref.actor.load_weight=True', 'actor_rollout_ref.actor.megatron.override_transformer_config.recompute_granularity=full', 'actor_rollout_ref.actor.megatron.override_transformer_config.recompute_method=block', 'actor_rollout_ref.actor.megatron.override_transformer_config.recompute_num_layers=1', 'actor_rollout_ref.rollout.log_prob_micro_batch_size_per_gpu=4', 'actor_rollout_ref.rollout.log_prob_use_dynamic_bsz=True', 'actor_rollout_ref.rollout.log_prob_max_token_len_per_gpu=20480', 'actor_rollout_ref.rollout.tensor_model_parallel_size=1', 'actor_rollout_ref.rollout.name=vllm', 'actor_rollout_ref.rollout.gpu_memory_utilization=0.95', 'actor_rollout_ref.rollout.max_num_batched_tokens=1024', 'actor_rollout_ref.rollout.enforce_eager=True', 'actor_rollout_ref.rollout.max_num_seqs=32', 'actor_rollout_ref.rollout.n=16', 'actor_rollout_ref.rollout.temperature=0.9', 'actor_rollout_ref.rollout.top_k=50', 'actor_rollout_ref.rollout.top_p=0.9', 'actor_rollout_ref.rollout.ignore_eos=False', 'actor_rollout_ref.ref.log_prob_micro_batch_size_per_gpu=8', 'actor_rollout_ref.ref.megatron.param_offload=True', 'actor_rollout_ref.ref.load_weight=True', 'actor_rollout_ref.ref.megatron.use_dist_checkpointing=True', 'actor_rollout_ref.ref.megatron.dist_checkpointing_path=/data/Qwen3-30B-A3B_megatron', 'algorithm.kl_ctrl.kl_coef=0.001', 'trainer.balance_batch=False', 'trainer.device=npu', 'trainer.val_before_train=False', 'trainer.critic_warmup=0', 'trainer.logger=[console,tensorboard]', 'trainer.project_name=verl_grpo_example', 'trainer.experiment_name=qwen3_30_verl_mindspeedllm_vllm', 'trainer.n_gpus_per_node=16', 'trainer.nnodes=1', 'trainer.save_freq=-1', 'trainer.max_actor_ckpt_to_keep=3', 'trainer.max_critic_ckpt_to_keep=1', 'actor_rollout_ref.actor.checkpoint.save_contents=[model]', 'actor_rollout_ref.actor.checkpoint.load_contents=[model]', 'critic.checkpoint.save_contents=[model]', 'critic.checkpoint.load_contents=[model]', '+trainer.save_epoch_freq=0', 'trainer.default_local_dir=/workspace/cann-recipes-train/llm_rl/qwen3_shrink_aware/mode1_baseline_random_batch_floor4', 'trainer.test_freq=-1', 'trainer.total_epochs=3', '+trainer.rollout_data_dir=/workspace/cann-recipes-train/llm_rl/qwen3_shrink_aware/mode1_baseline_random_batch_floor4/rollout_data', '+trainer.rollout_length_dir=/workspace/cann-recipes-train/llm_rl/qwen3_shrink_aware/mode1_baseline_random_batch_floor4/rollout_length', '+actor_rollout_ref.actor.megatron.override_transformer_config.use_flash_attn=True', '+actor_rollout_ref.actor.megatron.override_transformer_config.pipeline_num_transformer_layers=[[11],[13],[13],[11]]', '+actor_rollout_ref.actor.megatron.override_transformer_config.moe_token_dispatcher_type=alltoall', '+actor_rollout_ref.actor.megatron.override_transformer_config.moe_alltoall_overlap_comm=True', '+actor_rollout_ref.actor.megatron.override_transformer_config.use_fused_rotary_pos_emb=True', '+actor_rollout_ref.actor.megatron.override_transformer_config.use_fused_swiglu=True', '+actor_rollout_ref.actor.megatron.override_transformer_config.seq_length=2048', '+actor_rollout_ref.actor.megatron.override_transformer_config.num_layers_in_first_pipeline_stage=11', '+actor_rollout_ref.actor.megatron.override_transformer_config.num_layers_in_last_pipeline_stage=11', '+actor_rollout_ref.actor.megatron.override_transformer_config.swap_optimizer=True', 'data.train_files=/data/deepscaler/train.parquet', 'data.val_files=/data/deepscaler/test.parquet', 'data.train_batch_size=32', 'data.max_prompt_length=1024', 'data.max_response_length=16384', 'data.shuffle=True', 'actor_rollout_ref.model.path=/data/Qwen3-30B-A3B', 'actor_rollout_ref.actor.megatron.dist_checkpointing_path=/data/Qwen3-30B-A3B_megatron', 'actor_rollout_ref.ref.megatron.dist_checkpointing_path=/data/Qwen3-30B-A3B_megatron', 'actor_rollout_ref.rollout.max_num_batched_tokens=17408', 'actor_rollout_ref.rollout.max_num_seqs=32', 'actor_rollout_ref.rollout.n=16', 'actor_rollout_ref.rollout.gpu_memory_utilization=0.95', 'actor_rollout_ref.rollout.shrink_aware.enable_shrink_aware_scheduling=false', 'actor_rollout_ref.rollout.shrink_aware.shrink_aware_mode=off', 'actor_rollout_ref.rollout.shrink_aware.enable_shrink_aware_logging=false', 'trainer.total_epochs=1']
Traceback (most recent call last):
  File "<frozen runpy>", line 198, in _run_module_as_main
  File "<frozen runpy>", line 88, in _run_code
  File "/workspace/cann-recipes-train/llm_rl/qwen3_shrink_aware/verl/trainer/main_ppo.py", line 478, in <module>
    main()
  File "/usr/local/python3.11.14/lib/python3.11/site-packages/hydra/main.py", line 94, in decorated_main
    _run_hydra(
  File "/usr/local/python3.11.14/lib/python3.11/site-packages/hydra/_internal/utils.py", line 394, in _run_hydra
    _run_app(
  File "/usr/local/python3.11.14/lib/python3.11/site-packages/hydra/_internal/utils.py", line 457, in _run_app
    run_and_report(
  File "/usr/local/python3.11.14/lib/python3.11/site-packages/hydra/_internal/utils.py", line 223, in run_and_report
    raise ex
  File "/usr/local/python3.11.14/lib/python3.11/site-packages/hydra/_internal/utils.py", line 220, in run_and_report
    return func()
           ^^^^^^
  File "/usr/local/python3.11.14/lib/python3.11/site-packages/hydra/_internal/utils.py", line 458, in <lambda>
    lambda: hydra.run(
            ^^^^^^^^^^
  File "/usr/local/python3.11.14/lib/python3.11/site-packages/hydra/_internal/hydra.py", line 132, in run
    _ = ret.return_value
        ^^^^^^^^^^^^^^^^
  File "/usr/local/python3.11.14/lib/python3.11/site-packages/hydra/core/utils.py", line 260, in return_value
    raise self._return_value
  File "/usr/local/python3.11.14/lib/python3.11/site-packages/hydra/core/utils.py", line 186, in run_job
    ret.return_value = task_function(task_cfg)
                       ^^^^^^^^^^^^^^^^^^^^^^^
  File "/workspace/cann-recipes-train/llm_rl/qwen3_shrink_aware/verl/trainer/main_ppo.py", line 50, in main
    run_ppo(config)
  File "/workspace/cann-recipes-train/llm_rl/qwen3_shrink_aware/verl/trainer/main_ppo.py", line 112, in run_ppo
    ray.get(task_ref)
  File "/usr/local/python3.11.14/lib/python3.11/site-packages/ray/_private/auto_init_hook.py", line 22, in auto_init_wrapper
    return fn(*args, **kwargs)
           ^^^^^^^^^^^^^^^^^^^
  File "/usr/local/python3.11.14/lib/python3.11/site-packages/ray/_private/client_mode_hook.py", line 104, in wrapper
    return func(*args, **kwargs)
           ^^^^^^^^^^^^^^^^^^^^^
  File "/usr/local/python3.11.14/lib/python3.11/site-packages/ray/_private/worker.py", line 2858, in get
    values, debugger_breakpoint = worker.get_objects(object_refs, timeout=timeout)
                                  ^^^^^^^^^^^^^^^^^^^^^^^^^^^^^^^^^^^^^^^^^^^^^^^^
  File "/usr/local/python3.11.14/lib/python3.11/site-packages/ray/_private/worker.py", line 958, in get_objects
    raise value.as_instanceof_cause()
ray.exceptions.RayTaskError(RuntimeError): [36mray::TaskRunner.run()[39m (pid=4083615, ip=192.168.0.138, actor_id=bd9dff5988e29947ec1e0cae01000000, repr=<main_ppo.TaskRunner object at 0xffff9c231090>)
           ^^^^^^^^^^^^^^^^^^^^^^^^^^^^^^^^^^^^
           ^^^^^^^^^^^^^^^^^^^^^^^^^^^^^^^
  File "/workspace/cann-recipes-train/llm_rl/qwen3_shrink_aware/verl/trainer/main_ppo.py", line 380, in run
    trainer.fit()
  File "/workspace/cann-recipes-train/llm_rl/qwen3_shrink_aware/verl/trainer/ppo/ray_trainer.py", line 1279, in fit
    gen_batch_output = self.actor_rollout_wg.generate_sequences(gen_batch)
                       ^^^^^^^^^^^^^^^^^^^^^^^^^^^^^^^^^^^^^^^^^^^^^^^^^^^
  File "/workspace/cann-recipes-train/llm_rl/qwen3_shrink_aware/verl/single_controller/ray/base.py", line 66, in __call__
    output = ray.get(output)
             ^^^^^^^^^^^^^^^
           ^^^^^^^^^^^^^^^^^^^
           ^^^^^^^^^^^^^^^^^^^^^
                                  ^^^^^^^^^^^^^^^^^^^^^^^^^^^^^^^^^^^^^^^^^^^^^^^^
ray.exceptions.RayTaskError(RuntimeError): [36mray::WorkerDict.actor_rollout_generate_sequences()[39m (pid=4085106, ip=192.168.0.138, actor_id=f4aefead21f1821b7a7cad1401000000, repr=<verl.single_controller.ray.base.WorkerDict object at 0xffd035b13d90>)
           ^^^^^^^^^^^^^^^^^^^^^^^^^^^^^^^^^^^^
           ^^^^^^^^^^^^^^^^^^^^^^^^^^^^^^^
  File "/workspace/cann-recipes-train/llm_rl/qwen3_shrink_aware/verl/single_controller/ray/base.py", line 743, in func
    return getattr(self.worker_dict[key], name)(*args, **kwargs)
           ^^^^^^^^^^^^^^^^^^^^^^^^^^^^^^^^^^^^^^^^^^^^^^^^^^^^^
  File "/workspace/cann-recipes-train/llm_rl/qwen3_shrink_aware/verl/single_controller/base/decorator.py", line 433, in inner
    return func(*args, **kwargs)
           ^^^^^^^^^^^^^^^^^^^^^
  File "/workspace/cann-recipes-train/llm_rl/qwen3_shrink_aware/verl/utils/profiler/performance.py", line 105, in f
    return self.log(decorated_function, *args, **kwargs)
           ^^^^^^^^^^^^^^^^^^^^^^^^^^^^^^^^^^^^^^^^^^^^^
  File "/workspace/cann-recipes-train/llm_rl/qwen3_shrink_aware/verl/utils/profiler/performance.py", line 118, in log
    output = func(*args, **kwargs)
             ^^^^^^^^^^^^^^^^^^^^^
  File "/workspace/cann-recipes-train/llm_rl/qwen3_shrink_aware/verl/utils/profiler/profile.py", line 256, in wrapper
    return func(self_instance, *args, **kwargs_inner)
           ^^^^^^^^^^^^^^^^^^^^^^^^^^^^^^^^^^^^^^^^^^
  File "/workspace/cann-recipes-train/llm_rl/qwen3_shrink_aware/verl/workers/megatron_workers.py", line 733, in generate_sequences
    output = self.rollout.generate_sequences(prompts=prompts)
             ^^^^^^^^^^^^^^^^^^^^^^^^^^^^^^^^^^^^^^^^^^^^^^^^
  File "/workspace/cann-recipes-train/llm_rl/qwen3_shrink_aware/verl/utils/profiler/performance.py", line 105, in f
    return self.log(decorated_function, *args, **kwargs)
           ^^^^^^^^^^^^^^^^^^^^^^^^^^^^^^^^^^^^^^^^^^^^^
  File "/workspace/cann-recipes-train/llm_rl/qwen3_shrink_aware/verl/utils/profiler/performance.py", line 118, in log
    output = func(*args, **kwargs)
             ^^^^^^^^^^^^^^^^^^^^^
  File "/usr/local/python3.11.14/lib/python3.11/site-packages/torch/utils/_contextlib.py", line 120, in decorate_context
    return func(*args, **kwargs)
           ^^^^^^^^^^^^^^^^^^^^^
  File "/workspace/cann-recipes-train/llm_rl/qwen3_shrink_aware/verl/workers/rollout/vllm_rollout/vllm_rollout_spmd.py", line 1156, in generate_sequences
    outputs = self.inference_engine.generate(
              ^^^^^^^^^^^^^^^^^^^^^^^^^^^^^^^
  File "/workspace/cann-recipes-train/llm_rl/qwen3_shrink_aware/vllm/entrypoints/llm.py", line 408, in generate
    outputs = self._run_engine(use_tqdm=use_tqdm)
              ^^^^^^^^^^^^^^^^^^^^^^^^^^^^^^^^^^^
  File "/workspace/cann-recipes-train/llm_rl/qwen3_shrink_aware/vllm/entrypoints/llm.py", line 1649, in _run_engine
    step_outputs = self.llm_engine.step()
                   ^^^^^^^^^^^^^^^^^^^^^^
  File "/workspace/cann-recipes-train/llm_rl/qwen3_shrink_aware/vllm/v1/engine/llm_engine.py", line 933, in step
    outputs = self.engine_core.get_output()
              ^^^^^^^^^^^^^^^^^^^^^^^^^^^^^
  File "/workspace/cann-recipes-train/llm_rl/qwen3_shrink_aware/vllm/v1/engine/core_client.py", line 249, in get_output
    outputs, model_executed = self.engine_core.step_fn()
                              ^^^^^^^^^^^^^^^^^^^^^^^^^^
  File "/workspace/cann-recipes-train/llm_rl/qwen3_shrink_aware/vllm/v1/engine/core.py", line 307, in step
    model_output = self.execute_model_with_error_logging(
                   ^^^^^^^^^^^^^^^^^^^^^^^^^^^^^^^^^^^^^^
  File "/workspace/cann-recipes-train/llm_rl/qwen3_shrink_aware/vllm/v1/engine/core.py", line 293, in execute_model_with_error_logging
    raise err
  File "/workspace/cann-recipes-train/llm_rl/qwen3_shrink_aware/vllm/v1/engine/core.py", line 278, in execute_model_with_error_logging
    output = model_fn(scheduler_output)
             ^^^^^^^^^^^^^^^^^^^^^^^^^^
  File "/workspace/cann-recipes-train/llm_rl/qwen3_shrink_aware/vllm/v1/executor/abstract.py", line 103, in execute_model
    output = self.collective_rpc("execute_model",
             ^^^^^^^^^^^^^^^^^^^^^^^^^^^^^^^^^^^^
  File "/workspace/cann-recipes-train/llm_rl/qwen3_shrink_aware/vllm/executor/uniproc_executor.py", line 83, in collective_rpc
    return [run_method(self.driver_worker, method, args, kwargs)]
            ^^^^^^^^^^^^^^^^^^^^^^^^^^^^^^^^^^^^^^^^^^^^^^^^^^^^
  File "/workspace/cann-recipes-train/llm_rl/qwen3_shrink_aware/vllm/utils/__init__.py", line 3122, in run_method
    return func(*args, **kwargs)
           ^^^^^^^^^^^^^^^^^^^^^
  File "/workspace/cann-recipes-train/llm_rl/qwen3_shrink_aware/vllm_ascend/worker/worker_v1.py", line 1902, in execute_model
    output = self.model_runner.execute_model(scheduler_output,
             ^^^^^^^^^^^^^^^^^^^^^^^^^^^^^^^^^^^^^^^^^^^^^^^^^
  File "/usr/local/python3.11.14/lib/python3.11/site-packages/torch/utils/_contextlib.py", line 120, in decorate_context
    return func(*args, **kwargs)
           ^^^^^^^^^^^^^^^^^^^^^
  File "/workspace/cann-recipes-train/llm_rl/qwen3_shrink_aware/vllm_ascend/worker/model_runner_v1.py", line 2398, in execute_model
    hidden_states = self._generate_process_reqs_hidden_states(
                    ^^^^^^^^^^^^^^^^^^^^^^^^^^^^^^^^^^^^^^^^^^
  File "/workspace/cann-recipes-train/llm_rl/qwen3_shrink_aware/vllm_ascend/worker/model_runner_v1.py", line 1900, in _generate_process_reqs_hidden_states
    hidden_states = self.model(
                    ^^^^^^^^^^^
  File "/usr/local/python3.11.14/lib/python3.11/site-packages/torch/nn/modules/module.py", line 1775, in _wrapped_call_impl
    return self._call_impl(*args, **kwargs)
           ^^^^^^^^^^^^^^^^^^^^^^^^^^^^^^^^
  File "/usr/local/python3.11.14/lib/python3.11/site-packages/torch/nn/modules/module.py", line 1786, in _call_impl
    return forward_call(*args, **kwargs)
           ^^^^^^^^^^^^^^^^^^^^^^^^^^^^^
  File "/workspace/cann-recipes-train/llm_rl/qwen3_shrink_aware/vllm/model_executor/models/qwen3_moe.py", line 910, in forward
    hidden_states = self.model(input_ids, positions, intermediate_tensors,
                    ^^^^^^^^^^^^^^^^^^^^^^^^^^^^^^^^^^^^^^^^^^^^^^^^^^^^^^
  File "/workspace/cann-recipes-train/llm_rl/qwen3_shrink_aware/vllm/compilation/decorators.py", line 225, in __call__
    return self.forward(*args, **kwargs)
           ^^^^^^^^^^^^^^^^^^^^^^^^^^^^^
  File "/workspace/cann-recipes-train/llm_rl/qwen3_shrink_aware/vllm/model_executor/models/qwen3_moe.py", line 595, in forward
    hidden_states, residual = layer(positions, hidden_states, residual, is_dummy=is_dummy)
                              ^^^^^^^^^^^^^^^^^^^^^^^^^^^^^^^^^^^^^^^^^^^^^^^^^^^^^^^^^^^^
  File "/usr/local/python3.11.14/lib/python3.11/site-packages/torch/nn/modules/module.py", line 1775, in _wrapped_call_impl
    return self._call_impl(*args, **kwargs)
           ^^^^^^^^^^^^^^^^^^^^^^^^^^^^^^^^
  File "/usr/local/python3.11.14/lib/python3.11/site-packages/torch/nn/modules/module.py", line 1786, in _call_impl
    return forward_call(*args, **kwargs)
           ^^^^^^^^^^^^^^^^^^^^^^^^^^^^^
  File "/workspace/cann-recipes-train/llm_rl/qwen3_shrink_aware/vllm_ascend/models/qwen3_moe.py", line 519, in forward
    return super().forward(positions, hidden_states, residual, is_dummy)
           ^^^^^^^^^^^^^^^^^^^^^^^^^^^^^^^^^^^^^^^^^^^^^^^^^^^^^^^^^^^^^
  File "/workspace/cann-recipes-train/llm_rl/qwen3_shrink_aware/vllm/model_executor/models/qwen3_moe.py", line 532, in forward
    hidden_states = self.mlp(hidden_states, is_dummy=is_dummy)
                    ^^^^^^^^^^^^^^^^^^^^^^^^^^^^^^^^^^^^^^^^^^
  File "/usr/local/python3.11.14/lib/python3.11/site-packages/torch/nn/modules/module.py", line 1775, in _wrapped_call_impl
    return self._call_impl(*args, **kwargs)
           ^^^^^^^^^^^^^^^^^^^^^^^^^^^^^^^^
  File "/usr/local/python3.11.14/lib/python3.11/site-packages/torch/nn/modules/module.py", line 1786, in _call_impl
    return forward_call(*args, **kwargs)
           ^^^^^^^^^^^^^^^^^^^^^^^^^^^^^
  File "/workspace/cann-recipes-train/llm_rl/qwen3_shrink_aware/vllm_ascend/models/qwen3_moe.py", line 386, in forward
    hidden_states = self.experts(
                    ^^^^^^^^^^^^^
  File "/usr/local/python3.11.14/lib/python3.11/site-packages/torch/nn/modules/module.py", line 1775, in _wrapped_call_impl
    return self._call_impl(*args, **kwargs)
           ^^^^^^^^^^^^^^^^^^^^^^^^^^^^^^^^
  File "/usr/local/python3.11.14/lib/python3.11/site-packages/torch/nn/modules/module.py", line 1786, in _call_impl
    return forward_call(*args, **kwargs)
           ^^^^^^^^^^^^^^^^^^^^^^^^^^^^^
  File "/workspace/cann-recipes-train/llm_rl/qwen3_shrink_aware/vllm_ascend/ops/fused_moe.py", line 8570, in forward
    e_hidden_states = self.quant_method.apply(
                      ^^^^^^^^^^^^^^^^^^^^^^^^
  File "/workspace/cann-recipes-train/llm_rl/qwen3_shrink_aware/vllm_ascend/ops/fused_moe.py", line 4373, in apply
    if torch.any(mask):
RuntimeError: The Inner error is reported as above. The process exits for this inner error, and the current working operator name is PagedAttentionOperation.
Since the operator is called asynchronously, the stacktrace may be inaccurate. If you want to get the accurate stacktrace, please set the environment variable ASCEND_LAUNCH_BLOCKING=1.
Note: ASCEND_LAUNCH_BLOCKING=1 will force ops to run in synchronous mode, resulting in performance degradation. Please unset ASCEND_LAUNCH_BLOCKING in time after debugging.
[ERROR] 2026-06-17-18:24:35 (PID:4085106, Device:0, RankID:6) ERR00100 PTA call acl api failed.
[PID: 4085106] 2026-06-17-18:24:35.315.924 Memory_Allocation_Failure(EL0004): Failed to allocate memory requested by APP module.
        Possible Cause: Available memory is insufficient.
        Solution: Close applications not in use.
        TraceBack (most recent call last):
        alloc device memory failed, runtime result = 207001[FUNC:ReportCallError][FILE:log_inner.cpp][LINE:148]
[36m(TaskRunner pid=4083615)[0m Training Progress:  20%|██        | 1/5 [41:36<2:46:25, 2496.45s/it]
/usr/local/python3.11.14/lib/python3.11/subprocess.py:1127: ResourceWarning: subprocess 4072311 is still running
  _warn("subprocess %s is still running" % self.pid,
