+ export CUDA_DEVICE_MAX_CONNECTIONS=1
+ CUDA_DEVICE_MAX_CONNECTIONS=1
+ export PYTORCH_NPU_ALLOC_CONF=expandable_segments:True
+ PYTORCH_NPU_ALLOC_CONF=expandable_segments:True
+ export ASCEND_HOME_PATH=/usr/local/Ascend/ascend-toolkit
+ ASCEND_HOME_PATH=/usr/local/Ascend/ascend-toolkit
+ source /usr/local/Ascend/ascend-toolkit/set_env.sh
++ setenv_main data.train_files=/data/deepscaler/train.parquet data.val_files=/data/deepscaler/test.parquet data.train_batch_size=32 data.max_prompt_length=1024 data.max_response_length=16384 data.shuffle=True actor_rollout_ref.model.path=/data/Qwen3-30B-A3B actor_rollout_ref.actor.megatron.dist_checkpointing_path=/data/Qwen3-30B-A3B_megatron actor_rollout_ref.ref.megatron.dist_checkpointing_path=/data/Qwen3-30B-A3B_megatron actor_rollout_ref.rollout.max_num_batched_tokens=17408 actor_rollout_ref.rollout.max_num_seqs=32 actor_rollout_ref.rollout.n=16 actor_rollout_ref.rollout.gpu_memory_utilization=0.85 actor_rollout_ref.rollout.shrink_aware.enable_shrink_aware_scheduling=false actor_rollout_ref.rollout.shrink_aware.shrink_aware_mode=off actor_rollout_ref.rollout.shrink_aware.enable_shrink_aware_logging=false trainer.total_epochs=1
++ local version_dirpath install_dirpath ld_library_path path driver_install_path_param dep_hal_path
++ local dep_hal_name=libascend_hal.so
++ local dep_info_file=/etc/ascend_install.info
++ local is_install_driver=n
++ local architecture remove_regex
++ version_dirpath=/usr/local/Ascend/cann-8.5.0
+++ dirname /usr/local/Ascend/cann-8.5.0
++ install_dirpath=/usr/local/Ascend
++ remove_regex='^/usr/local/Ascend/cann[/_-]'
++ remove_env PATH '^/usr/local/Ascend/cann[/_-]'
++ local name=PATH
++ local 'regex=^/usr/local/Ascend/cann[/_-]'
+++ eval echo '${PATH}'
++++ echo /usr/local/Ascend/nnal/atb/latest/atb/cxx_abi_1/bin:/usr/local/Ascend/cann-8.5.0/tools/bishengir/bin:/usr/local/Ascend/cann-8.5.0/bin:/usr/local/Ascend/cann-8.5.0/tools/ccec_compiler/bin:/usr/local/Ascend/cann-8.5.0/tools/profiler/bin:/usr/local/Ascend/cann-8.5.0/tools/ascend_system_advisor/asys:/usr/local/Ascend/cann-8.5.0/tools/show_kernel_debug_data:/usr/local/Ascend/cann-8.5.0/tools/msobjdump:/usr/local/Ascend/nnal/atb/latest/atb/cxx_abi_1/bin:/usr/local/Ascend/nnal/atb/latest/atb/cxx_abi_1/bin:/root/.vscode-server/data/User/globalStorage/github.copilot-chat/debugCommand:/root/.vscode-server/data/User/globalStorage/github.copilot-chat/copilotCli:/root/.vscode-server/bin/8761a5560cfd65fdd19ce7e2bd18dab5c0a4d84e/bin/remote-cli:/usr/local/Ascend/nnal/atb/latest/atb/cxx_abi_1/bin:/usr/local/Ascend/nnal/atb/latest/atb/cxx_abi_1/bin:/usr/local/Ascend/nnal/atb/latest/atb/cxx_abi_1/bin:/usr/local/Ascend/ascend-toolkit/latest/bin:/usr/local/Ascend/ascend-toolkit/latest/compiler/ccec_compiler/bin:/usr/local/Ascend/ascend-toolkit/latest/tools/ccec_compiler/bin:/usr/local/python3.11.14/bin:/usr/local/sbin:/usr/local/bin:/usr/sbin:/usr/bin:/sbin:/bin:/usr/local/go/bin:/root/bin:/usr/local/go/bin:/usr/local/go/bin:/root/bin
++ local env_value=/usr/local/Ascend/nnal/atb/latest/atb/cxx_abi_1/bin:/usr/local/Ascend/cann-8.5.0/tools/bishengir/bin:/usr/local/Ascend/cann-8.5.0/bin:/usr/local/Ascend/cann-8.5.0/tools/ccec_compiler/bin:/usr/local/Ascend/cann-8.5.0/tools/profiler/bin:/usr/local/Ascend/cann-8.5.0/tools/ascend_system_advisor/asys:/usr/local/Ascend/cann-8.5.0/tools/show_kernel_debug_data:/usr/local/Ascend/cann-8.5.0/tools/msobjdump:/usr/local/Ascend/nnal/atb/latest/atb/cxx_abi_1/bin:/usr/local/Ascend/nnal/atb/latest/atb/cxx_abi_1/bin:/root/.vscode-server/data/User/globalStorage/github.copilot-chat/debugCommand:/root/.vscode-server/data/User/globalStorage/github.copilot-chat/copilotCli:/root/.vscode-server/bin/8761a5560cfd65fdd19ce7e2bd18dab5c0a4d84e/bin/remote-cli:/usr/local/Ascend/nnal/atb/latest/atb/cxx_abi_1/bin:/usr/local/Ascend/nnal/atb/latest/atb/cxx_abi_1/bin:/usr/local/Ascend/nnal/atb/latest/atb/cxx_abi_1/bin:/usr/local/Ascend/ascend-toolkit/latest/bin:/usr/local/Ascend/ascend-toolkit/latest/compiler/ccec_compiler/bin:/usr/local/Ascend/ascend-toolkit/latest/tools/ccec_compiler/bin:/usr/local/python3.11.14/bin:/usr/local/sbin:/usr/local/bin:/usr/sbin:/usr/bin:/sbin:/bin:/usr/local/go/bin:/root/bin:/usr/local/go/bin:/usr/local/go/bin:/root/bin
++ read -r PATH
+++ echo /usr/local/Ascend/nnal/atb/latest/atb/cxx_abi_1/bin:/usr/local/Ascend/cann-8.5.0/tools/bishengir/bin:/usr/local/Ascend/cann-8.5.0/bin:/usr/local/Ascend/cann-8.5.0/tools/ccec_compiler/bin:/usr/local/Ascend/cann-8.5.0/tools/profiler/bin:/usr/local/Ascend/cann-8.5.0/tools/ascend_system_advisor/asys:/usr/local/Ascend/cann-8.5.0/tools/show_kernel_debug_data:/usr/local/Ascend/cann-8.5.0/tools/msobjdump:/usr/local/Ascend/nnal/atb/latest/atb/cxx_abi_1/bin:/usr/local/Ascend/nnal/atb/latest/atb/cxx_abi_1/bin:/root/.vscode-server/data/User/globalStorage/github.copilot-chat/debugCommand:/root/.vscode-server/data/User/globalStorage/github.copilot-chat/copilotCli:/root/.vscode-server/bin/8761a5560cfd65fdd19ce7e2bd18dab5c0a4d84e/bin/remote-cli:/usr/local/Ascend/nnal/atb/latest/atb/cxx_abi_1/bin:/usr/local/Ascend/nnal/atb/latest/atb/cxx_abi_1/bin:/usr/local/Ascend/nnal/atb/latest/atb/cxx_abi_1/bin:/usr/local/Ascend/ascend-toolkit/latest/bin:/usr/local/Ascend/ascend-toolkit/latest/compiler/ccec_compiler/bin:/usr/local/Ascend/ascend-toolkit/latest/tools/ccec_compiler/bin:/usr/local/python3.11.14/bin:/usr/local/sbin:/usr/local/bin:/usr/sbin:/usr/bin:/sbin:/bin:/usr/local/go/bin:/root/bin:/usr/local/go/bin:/usr/local/go/bin:/root/bin
+++ tr : '\n'
+++ grep -v -E '^/usr/local/Ascend/cann[/_-]'
+++ tr '\n' :
+++ sed 's/:$//'
++ export PATH
++ remove_env LD_LIBRARY_PATH '^/usr/local/Ascend/cann[/_-]'
++ local name=LD_LIBRARY_PATH
++ local 'regex=^/usr/local/Ascend/cann[/_-]'
+++ eval echo '${LD_LIBRARY_PATH}'
++++ echo /usr/local/Ascend/nnal/atb/latest/atb/cxx_abi_1/lib:/usr/local/Ascend/nnal/atb/latest/atb/cxx_abi_1/examples:/usr/local/Ascend/nnal/atb/latest/atb/cxx_abi_1/tests/atbopstest:/usr/local/Ascend/cann-8.5.0/lib64:/usr/local/Ascend/cann-8.5.0/lib64/plugin/opskernel:/usr/local/Ascend/cann-8.5.0/lib64/plugin/nnengine:/usr/local/Ascend/cann-8.5.0/opp/built-in/op_impl/ai_core/tbe/op_tiling/lib/linux/aarch64:/usr/local/Ascend/cann-8.5.0/tools/aml/lib64:/usr/local/Ascend/cann-8.5.0/tools/aml/lib64/plugin:/usr/local/Ascend/driver/lib64:/usr/local/Ascend/driver/lib64/common:/usr/local/Ascend/driver/lib64/driver:/usr/local/Ascend/nnal/atb/latest/atb/cxx_abi_1/lib:/usr/local/Ascend/nnal/atb/latest/atb/cxx_abi_1/examples:/usr/local/Ascend/nnal/atb/latest/atb/cxx_abi_1/tests/atbopstest:/usr/local/Ascend/driver/lib64:/usr/local/Ascend/driver/lib64/common:/usr/local/Ascend/driver/lib64/driver:/usr/local/Ascend/nnal/atb/latest/atb/cxx_abi_1/lib:/usr/local/Ascend/nnal/atb/latest/atb/cxx_abi_1/examples:/usr/local/Ascend/nnal/atb/latest/atb/cxx_abi_1/tests/atbopstest:/usr/local/Ascend/driver/lib64:/usr/local/Ascend/driver/lib64/common:/usr/local/Ascend/driver/lib64/driver:/usr/local/Ascend/nnal/atb/latest/atb/cxx_abi_1/lib:/usr/local/Ascend/nnal/atb/latest/atb/cxx_abi_1/examples:/usr/local/Ascend/nnal/atb/latest/atb/cxx_abi_1/tests/atbopstest:/usr/local/Ascend/driver/lib64:/usr/local/Ascend/driver/lib64/common:/usr/local/Ascend/driver/lib64/driver:/usr/local/Ascend/nnal/atb/latest/atb/cxx_abi_1/lib:/usr/local/Ascend/nnal/atb/latest/atb/cxx_abi_1/examples:/usr/local/Ascend/nnal/atb/latest/atb/cxx_abi_1/tests/atbopstest:/usr/local/Ascend/driver/lib64:/usr/local/Ascend/driver/lib64/common:/usr/local/Ascend/driver/lib64/driver:/usr/local/Ascend/nnal/atb/latest/atb/cxx_abi_1/lib:/usr/local/Ascend/nnal/atb/latest/atb/cxx_abi_1/examples:/usr/local/Ascend/nnal/atb/latest/atb/cxx_abi_1/tests/atbopstest:/usr/local/Ascend/ascend-toolkit/latest/tools/aml/lib64:/usr/local/Ascend/ascend-toolkit/latest/tools/aml/lib64/plugin:/usr/local/Ascend/ascend-toolkit/latest/lib64:/usr/local/Ascend/ascend-toolkit/latest/lib64/plugin/opskernel:/usr/local/Ascend/ascend-toolkit/latest/lib64/plugin/nnengine:/usr/local/Ascend/ascend-toolkit/latest/opp/built-in/op_impl/ai_core/tbe/op_tiling:/usr/local/Ascend/driver/lib64:/usr/local/Ascend/driver/lib64/common/:/usr/local/Ascend/driver/lib64/driver/:
++ local env_value=/usr/local/Ascend/nnal/atb/latest/atb/cxx_abi_1/lib:/usr/local/Ascend/nnal/atb/latest/atb/cxx_abi_1/examples:/usr/local/Ascend/nnal/atb/latest/atb/cxx_abi_1/tests/atbopstest:/usr/local/Ascend/cann-8.5.0/lib64:/usr/local/Ascend/cann-8.5.0/lib64/plugin/opskernel:/usr/local/Ascend/cann-8.5.0/lib64/plugin/nnengine:/usr/local/Ascend/cann-8.5.0/opp/built-in/op_impl/ai_core/tbe/op_tiling/lib/linux/aarch64:/usr/local/Ascend/cann-8.5.0/tools/aml/lib64:/usr/local/Ascend/cann-8.5.0/tools/aml/lib64/plugin:/usr/local/Ascend/driver/lib64:/usr/local/Ascend/driver/lib64/common:/usr/local/Ascend/driver/lib64/driver:/usr/local/Ascend/nnal/atb/latest/atb/cxx_abi_1/lib:/usr/local/Ascend/nnal/atb/latest/atb/cxx_abi_1/examples:/usr/local/Ascend/nnal/atb/latest/atb/cxx_abi_1/tests/atbopstest:/usr/local/Ascend/driver/lib64:/usr/local/Ascend/driver/lib64/common:/usr/local/Ascend/driver/lib64/driver:/usr/local/Ascend/nnal/atb/latest/atb/cxx_abi_1/lib:/usr/local/Ascend/nnal/atb/latest/atb/cxx_abi_1/examples:/usr/local/Ascend/nnal/atb/latest/atb/cxx_abi_1/tests/atbopstest:/usr/local/Ascend/driver/lib64:/usr/local/Ascend/driver/lib64/common:/usr/local/Ascend/driver/lib64/driver:/usr/local/Ascend/nnal/atb/latest/atb/cxx_abi_1/lib:/usr/local/Ascend/nnal/atb/latest/atb/cxx_abi_1/examples:/usr/local/Ascend/nnal/atb/latest/atb/cxx_abi_1/tests/atbopstest:/usr/local/Ascend/driver/lib64:/usr/local/Ascend/driver/lib64/common:/usr/local/Ascend/driver/lib64/driver:/usr/local/Ascend/nnal/atb/latest/atb/cxx_abi_1/lib:/usr/local/Ascend/nnal/atb/latest/atb/cxx_abi_1/examples:/usr/local/Ascend/nnal/atb/latest/atb/cxx_abi_1/tests/atbopstest:/usr/local/Ascend/driver/lib64:/usr/local/Ascend/driver/lib64/common:/usr/local/Ascend/driver/lib64/driver:/usr/local/Ascend/nnal/atb/latest/atb/cxx_abi_1/lib:/usr/local/Ascend/nnal/atb/latest/atb/cxx_abi_1/examples:/usr/local/Ascend/nnal/atb/latest/atb/cxx_abi_1/tests/atbopstest:/usr/local/Ascend/ascend-toolkit/latest/tools/aml/lib64:/usr/local/Ascend/ascend-toolkit/latest/tools/aml/lib64/plugin:/usr/local/Ascend/ascend-toolkit/latest/lib64:/usr/local/Ascend/ascend-toolkit/latest/lib64/plugin/opskernel:/usr/local/Ascend/ascend-toolkit/latest/lib64/plugin/nnengine:/usr/local/Ascend/ascend-toolkit/latest/opp/built-in/op_impl/ai_core/tbe/op_tiling:/usr/local/Ascend/driver/lib64:/usr/local/Ascend/driver/lib64/common/:/usr/local/Ascend/driver/lib64/driver/:
++ read -r LD_LIBRARY_PATH
+++ echo /usr/local/Ascend/nnal/atb/latest/atb/cxx_abi_1/lib:/usr/local/Ascend/nnal/atb/latest/atb/cxx_abi_1/examples:/usr/local/Ascend/nnal/atb/latest/atb/cxx_abi_1/tests/atbopstest:/usr/local/Ascend/cann-8.5.0/lib64:/usr/local/Ascend/cann-8.5.0/lib64/plugin/opskernel:/usr/local/Ascend/cann-8.5.0/lib64/plugin/nnengine:/usr/local/Ascend/cann-8.5.0/opp/built-in/op_impl/ai_core/tbe/op_tiling/lib/linux/aarch64:/usr/local/Ascend/cann-8.5.0/tools/aml/lib64:/usr/local/Ascend/cann-8.5.0/tools/aml/lib64/plugin:/usr/local/Ascend/driver/lib64:/usr/local/Ascend/driver/lib64/common:/usr/local/Ascend/driver/lib64/driver:/usr/local/Ascend/nnal/atb/latest/atb/cxx_abi_1/lib:/usr/local/Ascend/nnal/atb/latest/atb/cxx_abi_1/examples:/usr/local/Ascend/nnal/atb/latest/atb/cxx_abi_1/tests/atbopstest:/usr/local/Ascend/driver/lib64:/usr/local/Ascend/driver/lib64/common:/usr/local/Ascend/driver/lib64/driver:/usr/local/Ascend/nnal/atb/latest/atb/cxx_abi_1/lib:/usr/local/Ascend/nnal/atb/latest/atb/cxx_abi_1/examples:/usr/local/Ascend/nnal/atb/latest/atb/cxx_abi_1/tests/atbopstest:/usr/local/Ascend/driver/lib64:/usr/local/Ascend/driver/lib64/common:/usr/local/Ascend/driver/lib64/driver:/usr/local/Ascend/nnal/atb/latest/atb/cxx_abi_1/lib:/usr/local/Ascend/nnal/atb/latest/atb/cxx_abi_1/examples:/usr/local/Ascend/nnal/atb/latest/atb/cxx_abi_1/tests/atbopstest:/usr/local/Ascend/driver/lib64:/usr/local/Ascend/driver/lib64/common:/usr/local/Ascend/driver/lib64/driver:/usr/local/Ascend/nnal/atb/latest/atb/cxx_abi_1/lib:/usr/local/Ascend/nnal/atb/latest/atb/cxx_abi_1/examples:/usr/local/Ascend/nnal/atb/latest/atb/cxx_abi_1/tests/atbopstest:/usr/local/Ascend/driver/lib64:/usr/local/Ascend/driver/lib64/common:/usr/local/Ascend/driver/lib64/driver:/usr/local/Ascend/nnal/atb/latest/atb/cxx_abi_1/lib:/usr/local/Ascend/nnal/atb/latest/atb/cxx_abi_1/examples:/usr/local/Ascend/nnal/atb/latest/atb/cxx_abi_1/tests/atbopstest:/usr/local/Ascend/ascend-toolkit/latest/tools/aml/lib64:/usr/local/Ascend/ascend-toolkit/latest/tools/aml/lib64/plugin:/usr/local/Ascend/ascend-toolkit/latest/lib64:/usr/local/Ascend/ascend-toolkit/latest/lib64/plugin/opskernel:/usr/local/Ascend/ascend-toolkit/latest/lib64/plugin/nnengine:/usr/local/Ascend/ascend-toolkit/latest/opp/built-in/op_impl/ai_core/tbe/op_tiling:/usr/local/Ascend/driver/lib64:/usr/local/Ascend/driver/lib64/common/:/usr/local/Ascend/driver/lib64/driver/:
+++ tr : '\n'
+++ grep -v -E '^/usr/local/Ascend/cann[/_-]'
+++ tr '\n' :
+++ sed 's/:$//'
++ export LD_LIBRARY_PATH
++ remove_env PYTHONPATH '^/usr/local/Ascend/cann[/_-]'
++ local name=PYTHONPATH
++ local 'regex=^/usr/local/Ascend/cann[/_-]'
+++ eval echo '${PYTHONPATH}'
++++ echo /workspace/cann-recipes-train/llm_rl/qwen3_shrink_aware:/usr/local/Ascend/cann-8.5.0/python/site-packages:/usr/local/Ascend/cann-8.5.0/opp/built-in/op_impl/ai_core/tbe:/usr/local/Ascend/ascend-toolkit/latest/python/site-packages:/usr/local/Ascend/ascend-toolkit/latest/opp/built-in/op_impl/ai_core/tbe:
++ local env_value=/workspace/cann-recipes-train/llm_rl/qwen3_shrink_aware:/usr/local/Ascend/cann-8.5.0/python/site-packages:/usr/local/Ascend/cann-8.5.0/opp/built-in/op_impl/ai_core/tbe:/usr/local/Ascend/ascend-toolkit/latest/python/site-packages:/usr/local/Ascend/ascend-toolkit/latest/opp/built-in/op_impl/ai_core/tbe:
++ read -r PYTHONPATH
+++ echo /workspace/cann-recipes-train/llm_rl/qwen3_shrink_aware:/usr/local/Ascend/cann-8.5.0/python/site-packages:/usr/local/Ascend/cann-8.5.0/opp/built-in/op_impl/ai_core/tbe:/usr/local/Ascend/ascend-toolkit/latest/python/site-packages:/usr/local/Ascend/ascend-toolkit/latest/opp/built-in/op_impl/ai_core/tbe:
+++ tr : '\n'
+++ grep -v -E '^/usr/local/Ascend/cann[/_-]'
+++ tr '\n' :
+++ sed 's/:$//'
++ export PYTHONPATH
++ ld_library_path=/usr/local/Ascend/nnal/atb/latest/atb/cxx_abi_1/lib:/usr/local/Ascend/nnal/atb/latest/atb/cxx_abi_1/examples:/usr/local/Ascend/nnal/atb/latest/atb/cxx_abi_1/tests/atbopstest:/usr/local/Ascend/driver/lib64:/usr/local/Ascend/driver/lib64/common:/usr/local/Ascend/driver/lib64/driver:/usr/local/Ascend/nnal/atb/latest/atb/cxx_abi_1/lib:/usr/local/Ascend/nnal/atb/latest/atb/cxx_abi_1/examples:/usr/local/Ascend/nnal/atb/latest/atb/cxx_abi_1/tests/atbopstest:/usr/local/Ascend/driver/lib64:/usr/local/Ascend/driver/lib64/common:/usr/local/Ascend/driver/lib64/driver:/usr/local/Ascend/nnal/atb/latest/atb/cxx_abi_1/lib:/usr/local/Ascend/nnal/atb/latest/atb/cxx_abi_1/examples:/usr/local/Ascend/nnal/atb/latest/atb/cxx_abi_1/tests/atbopstest:/usr/local/Ascend/driver/lib64:/usr/local/Ascend/driver/lib64/common:/usr/local/Ascend/driver/lib64/driver:/usr/local/Ascend/nnal/atb/latest/atb/cxx_abi_1/lib:/usr/local/Ascend/nnal/atb/latest/atb/cxx_abi_1/examples:/usr/local/Ascend/nnal/atb/latest/atb/cxx_abi_1/tests/atbopstest:/usr/local/Ascend/driver/lib64:/usr/local/Ascend/driver/lib64/common:/usr/local/Ascend/driver/lib64/driver:/usr/local/Ascend/nnal/atb/latest/atb/cxx_abi_1/lib:/usr/local/Ascend/nnal/atb/latest/atb/cxx_abi_1/examples:/usr/local/Ascend/nnal/atb/latest/atb/cxx_abi_1/tests/atbopstest:/usr/local/Ascend/driver/lib64:/usr/local/Ascend/driver/lib64/common:/usr/local/Ascend/driver/lib64/driver:/usr/local/Ascend/nnal/atb/latest/atb/cxx_abi_1/lib:/usr/local/Ascend/nnal/atb/latest/atb/cxx_abi_1/examples:/usr/local/Ascend/nnal/atb/latest/atb/cxx_abi_1/tests/atbopstest:/usr/local/Ascend/ascend-toolkit/latest/tools/aml/lib64:/usr/local/Ascend/ascend-toolkit/latest/tools/aml/lib64/plugin:/usr/local/Ascend/ascend-toolkit/latest/lib64:/usr/local/Ascend/ascend-toolkit/latest/lib64/plugin/opskernel:/usr/local/Ascend/ascend-toolkit/latest/lib64/plugin/nnengine:/usr/local/Ascend/ascend-toolkit/latest/opp/built-in/op_impl/ai_core/tbe/op_tiling:/usr/local/Ascend/driver/lib64:/usr/local/Ascend/driver/lib64/common/:/usr/local/Ascend/driver/lib64/driver/:
++ '[' '!' -z /usr/local/Ascend/nnal/atb/latest/atb/cxx_abi_1/lib:/usr/local/Ascend/nnal/atb/latest/atb/cxx_abi_1/examples:/usr/local/Ascend/nnal/atb/latest/atb/cxx_abi_1/tests/atbopstest:/usr/local/Ascend/driver/lib64:/usr/local/Ascend/driver/lib64/common:/usr/local/Ascend/driver/lib64/driver:/usr/local/Ascend/nnal/atb/latest/atb/cxx_abi_1/lib:/usr/local/Ascend/nnal/atb/latest/atb/cxx_abi_1/examples:/usr/local/Ascend/nnal/atb/latest/atb/cxx_abi_1/tests/atbopstest:/usr/local/Ascend/driver/lib64:/usr/local/Ascend/driver/lib64/common:/usr/local/Ascend/driver/lib64/driver:/usr/local/Ascend/nnal/atb/latest/atb/cxx_abi_1/lib:/usr/local/Ascend/nnal/atb/latest/atb/cxx_abi_1/examples:/usr/local/Ascend/nnal/atb/latest/atb/cxx_abi_1/tests/atbopstest:/usr/local/Ascend/driver/lib64:/usr/local/Ascend/driver/lib64/common:/usr/local/Ascend/driver/lib64/driver:/usr/local/Ascend/nnal/atb/latest/atb/cxx_abi_1/lib:/usr/local/Ascend/nnal/atb/latest/atb/cxx_abi_1/examples:/usr/local/Ascend/nnal/atb/latest/atb/cxx_abi_1/tests/atbopstest:/usr/local/Ascend/driver/lib64:/usr/local/Ascend/driver/lib64/common:/usr/local/Ascend/driver/lib64/driver:/usr/local/Ascend/nnal/atb/latest/atb/cxx_abi_1/lib:/usr/local/Ascend/nnal/atb/latest/atb/cxx_abi_1/examples:/usr/local/Ascend/nnal/atb/latest/atb/cxx_abi_1/tests/atbopstest:/usr/local/Ascend/driver/lib64:/usr/local/Ascend/driver/lib64/common:/usr/local/Ascend/driver/lib64/driver:/usr/local/Ascend/nnal/atb/latest/atb/cxx_abi_1/lib:/usr/local/Ascend/nnal/atb/latest/atb/cxx_abi_1/examples:/usr/local/Ascend/nnal/atb/latest/atb/cxx_abi_1/tests/atbopstest:/usr/local/Ascend/ascend-toolkit/latest/tools/aml/lib64:/usr/local/Ascend/ascend-toolkit/latest/tools/aml/lib64/plugin:/usr/local/Ascend/ascend-toolkit/latest/lib64:/usr/local/Ascend/ascend-toolkit/latest/lib64/plugin/opskernel:/usr/local/Ascend/ascend-toolkit/latest/lib64/plugin/nnengine:/usr/local/Ascend/ascend-toolkit/latest/opp/built-in/op_impl/ai_core/tbe/op_tiling:/usr/local/Ascend/driver/lib64:/usr/local/Ascend/driver/lib64/common/:/usr/local/Ascend/driver/lib64/driver/: ']'
+++ echo /usr/local/Ascend/nnal/atb/latest/atb/cxx_abi_1/lib:/usr/local/Ascend/nnal/atb/latest/atb/cxx_abi_1/examples:/usr/local/Ascend/nnal/atb/latest/atb/cxx_abi_1/tests/atbopstest:/usr/local/Ascend/driver/lib64:/usr/local/Ascend/driver/lib64/common:/usr/local/Ascend/driver/lib64/driver:/usr/local/Ascend/nnal/atb/latest/atb/cxx_abi_1/lib:/usr/local/Ascend/nnal/atb/latest/atb/cxx_abi_1/examples:/usr/local/Ascend/nnal/atb/latest/atb/cxx_abi_1/tests/atbopstest:/usr/local/Ascend/driver/lib64:/usr/local/Ascend/driver/lib64/common:/usr/local/Ascend/driver/lib64/driver:/usr/local/Ascend/nnal/atb/latest/atb/cxx_abi_1/lib:/usr/local/Ascend/nnal/atb/latest/atb/cxx_abi_1/examples:/usr/local/Ascend/nnal/atb/latest/atb/cxx_abi_1/tests/atbopstest:/usr/local/Ascend/driver/lib64:/usr/local/Ascend/driver/lib64/common:/usr/local/Ascend/driver/lib64/driver:/usr/local/Ascend/nnal/atb/latest/atb/cxx_abi_1/lib:/usr/local/Ascend/nnal/atb/latest/atb/cxx_abi_1/examples:/usr/local/Ascend/nnal/atb/latest/atb/cxx_abi_1/tests/atbopstest:/usr/local/Ascend/driver/lib64:/usr/local/Ascend/driver/lib64/common:/usr/local/Ascend/driver/lib64/driver:/usr/local/Ascend/nnal/atb/latest/atb/cxx_abi_1/lib:/usr/local/Ascend/nnal/atb/latest/atb/cxx_abi_1/examples:/usr/local/Ascend/nnal/atb/latest/atb/cxx_abi_1/tests/atbopstest:/usr/local/Ascend/driver/lib64:/usr/local/Ascend/driver/lib64/common:/usr/local/Ascend/driver/lib64/driver:/usr/local/Ascend/nnal/atb/latest/atb/cxx_abi_1/lib:/usr/local/Ascend/nnal/atb/latest/atb/cxx_abi_1/examples:/usr/local/Ascend/nnal/atb/latest/atb/cxx_abi_1/tests/atbopstest:/usr/local/Ascend/ascend-toolkit/latest/tools/aml/lib64:/usr/local/Ascend/ascend-toolkit/latest/tools/aml/lib64/plugin:/usr/local/Ascend/ascend-toolkit/latest/lib64:/usr/local/Ascend/ascend-toolkit/latest/lib64/plugin/opskernel:/usr/local/Ascend/ascend-toolkit/latest/lib64/plugin/nnengine:/usr/local/Ascend/ascend-toolkit/latest/opp/built-in/op_impl/ai_core/tbe/op_tiling:/usr/local/Ascend/driver/lib64:/usr/local/Ascend/driver/lib64/common/:/usr/local/Ascend/driver/lib64/driver/:
+++ tr : ' '
++ ld_library_path='/usr/local/Ascend/nnal/atb/latest/atb/cxx_abi_1/lib /usr/local/Ascend/nnal/atb/latest/atb/cxx_abi_1/examples /usr/local/Ascend/nnal/atb/latest/atb/cxx_abi_1/tests/atbopstest /usr/local/Ascend/driver/lib64 /usr/local/Ascend/driver/lib64/common /usr/local/Ascend/driver/lib64/driver /usr/local/Ascend/nnal/atb/latest/atb/cxx_abi_1/lib /usr/local/Ascend/nnal/atb/latest/atb/cxx_abi_1/examples /usr/local/Ascend/nnal/atb/latest/atb/cxx_abi_1/tests/atbopstest /usr/local/Ascend/driver/lib64 /usr/local/Ascend/driver/lib64/common /usr/local/Ascend/driver/lib64/driver /usr/local/Ascend/nnal/atb/latest/atb/cxx_abi_1/lib /usr/local/Ascend/nnal/atb/latest/atb/cxx_abi_1/examples /usr/local/Ascend/nnal/atb/latest/atb/cxx_abi_1/tests/atbopstest /usr/local/Ascend/driver/lib64 /usr/local/Ascend/driver/lib64/common /usr/local/Ascend/driver/lib64/driver /usr/local/Ascend/nnal/atb/latest/atb/cxx_abi_1/lib /usr/local/Ascend/nnal/atb/latest/atb/cxx_abi_1/examples /usr/local/Ascend/nnal/atb/latest/atb/cxx_abi_1/tests/atbopstest /usr/local/Ascend/driver/lib64 /usr/local/Ascend/driver/lib64/common /usr/local/Ascend/driver/lib64/driver /usr/local/Ascend/nnal/atb/latest/atb/cxx_abi_1/lib /usr/local/Ascend/nnal/atb/latest/atb/cxx_abi_1/examples /usr/local/Ascend/nnal/atb/latest/atb/cxx_abi_1/tests/atbopstest /usr/local/Ascend/driver/lib64 /usr/local/Ascend/driver/lib64/common /usr/local/Ascend/driver/lib64/driver /usr/local/Ascend/nnal/atb/latest/atb/cxx_abi_1/lib /usr/local/Ascend/nnal/atb/latest/atb/cxx_abi_1/examples /usr/local/Ascend/nnal/atb/latest/atb/cxx_abi_1/tests/atbopstest /usr/local/Ascend/ascend-toolkit/latest/tools/aml/lib64 /usr/local/Ascend/ascend-toolkit/latest/tools/aml/lib64/plugin /usr/local/Ascend/ascend-toolkit/latest/lib64 /usr/local/Ascend/ascend-toolkit/latest/lib64/plugin/opskernel /usr/local/Ascend/ascend-toolkit/latest/lib64/plugin/nnengine /usr/local/Ascend/ascend-toolkit/latest/opp/built-in/op_impl/ai_core/tbe/op_tiling /usr/local/Ascend/driver/lib64 /usr/local/Ascend/driver/lib64/common/ /usr/local/Ascend/driver/lib64/driver/ '
++ for path in ${ld_library_path}
++ echo /usr/local/Ascend/nnal/atb/latest/atb/cxx_abi_1/lib
++ grep -q driver
++ for path in ${ld_library_path}
++ echo /usr/local/Ascend/nnal/atb/latest/atb/cxx_abi_1/examples
++ grep -q driver
++ for path in ${ld_library_path}
++ echo /usr/local/Ascend/nnal/atb/latest/atb/cxx_abi_1/tests/atbopstest
++ grep -q driver
++ for path in ${ld_library_path}
++ echo /usr/local/Ascend/driver/lib64
++ grep -q driver
++ '[' -d /usr/local/Ascend/driver/lib64 ']'
+++ find /usr/local/Ascend/driver/lib64 -name libascend_hal.so
++ dep_hal_path=/usr/local/Ascend/driver/lib64/driver/libascend_hal.so
++ '[' '!' -z /usr/local/Ascend/driver/lib64/driver/libascend_hal.so ']'
++ is_install_driver=y
++ for path in ${ld_library_path}
++ echo /usr/local/Ascend/driver/lib64/common
++ grep -q driver
++ '[' -d /usr/local/Ascend/driver/lib64/common ']'
+++ find /usr/local/Ascend/driver/lib64/common -name libascend_hal.so
++ dep_hal_path=
++ '[' '!' -z '' ']'
++ for path in ${ld_library_path}
++ echo /usr/local/Ascend/driver/lib64/driver
++ grep -q driver
++ '[' -d /usr/local/Ascend/driver/lib64/driver ']'
+++ find /usr/local/Ascend/driver/lib64/driver -name libascend_hal.so
++ dep_hal_path=/usr/local/Ascend/driver/lib64/driver/libascend_hal.so
++ '[' '!' -z /usr/local/Ascend/driver/lib64/driver/libascend_hal.so ']'
++ is_install_driver=y
++ for path in ${ld_library_path}
++ echo /usr/local/Ascend/nnal/atb/latest/atb/cxx_abi_1/lib
++ grep -q driver
++ for path in ${ld_library_path}
++ echo /usr/local/Ascend/nnal/atb/latest/atb/cxx_abi_1/examples
++ grep -q driver
++ for path in ${ld_library_path}
++ echo /usr/local/Ascend/nnal/atb/latest/atb/cxx_abi_1/tests/atbopstest
++ grep -q driver
++ for path in ${ld_library_path}
++ echo /usr/local/Ascend/driver/lib64
++ grep -q driver
++ '[' -d /usr/local/Ascend/driver/lib64 ']'
+++ find /usr/local/Ascend/driver/lib64 -name libascend_hal.so
++ dep_hal_path=/usr/local/Ascend/driver/lib64/driver/libascend_hal.so
++ '[' '!' -z /usr/local/Ascend/driver/lib64/driver/libascend_hal.so ']'
++ is_install_driver=y
++ for path in ${ld_library_path}
++ echo /usr/local/Ascend/driver/lib64/common
++ grep -q driver
++ '[' -d /usr/local/Ascend/driver/lib64/common ']'
+++ find /usr/local/Ascend/driver/lib64/common -name libascend_hal.so
++ dep_hal_path=
++ '[' '!' -z '' ']'
++ for path in ${ld_library_path}
++ echo /usr/local/Ascend/driver/lib64/driver
++ grep -q driver
++ '[' -d /usr/local/Ascend/driver/lib64/driver ']'
+++ find /usr/local/Ascend/driver/lib64/driver -name libascend_hal.so
++ dep_hal_path=/usr/local/Ascend/driver/lib64/driver/libascend_hal.so
++ '[' '!' -z /usr/local/Ascend/driver/lib64/driver/libascend_hal.so ']'
++ is_install_driver=y
++ for path in ${ld_library_path}
++ echo /usr/local/Ascend/nnal/atb/latest/atb/cxx_abi_1/lib
++ grep -q driver
++ for path in ${ld_library_path}
++ echo /usr/local/Ascend/nnal/atb/latest/atb/cxx_abi_1/examples
++ grep -q driver
++ for path in ${ld_library_path}
++ echo /usr/local/Ascend/nnal/atb/latest/atb/cxx_abi_1/tests/atbopstest
++ grep -q driver
++ for path in ${ld_library_path}
++ echo /usr/local/Ascend/driver/lib64
++ grep -q driver
++ '[' -d /usr/local/Ascend/driver/lib64 ']'
+++ find /usr/local/Ascend/driver/lib64 -name libascend_hal.so
++ dep_hal_path=/usr/local/Ascend/driver/lib64/driver/libascend_hal.so
++ '[' '!' -z /usr/local/Ascend/driver/lib64/driver/libascend_hal.so ']'
++ is_install_driver=y
++ for path in ${ld_library_path}
++ echo /usr/local/Ascend/driver/lib64/common
++ grep -q driver
++ '[' -d /usr/local/Ascend/driver/lib64/common ']'
+++ find /usr/local/Ascend/driver/lib64/common -name libascend_hal.so
++ dep_hal_path=
++ '[' '!' -z '' ']'
++ for path in ${ld_library_path}
++ echo /usr/local/Ascend/driver/lib64/driver
++ grep -q driver
++ '[' -d /usr/local/Ascend/driver/lib64/driver ']'
+++ find /usr/local/Ascend/driver/lib64/driver -name libascend_hal.so
++ dep_hal_path=/usr/local/Ascend/driver/lib64/driver/libascend_hal.so
++ '[' '!' -z /usr/local/Ascend/driver/lib64/driver/libascend_hal.so ']'
++ is_install_driver=y
++ for path in ${ld_library_path}
++ echo /usr/local/Ascend/nnal/atb/latest/atb/cxx_abi_1/lib
++ grep -q driver
++ for path in ${ld_library_path}
++ echo /usr/local/Ascend/nnal/atb/latest/atb/cxx_abi_1/examples
++ grep -q driver
++ for path in ${ld_library_path}
++ echo /usr/local/Ascend/nnal/atb/latest/atb/cxx_abi_1/tests/atbopstest
++ grep -q driver
++ for path in ${ld_library_path}
++ echo /usr/local/Ascend/driver/lib64
++ grep -q driver
++ '[' -d /usr/local/Ascend/driver/lib64 ']'
+++ find /usr/local/Ascend/driver/lib64 -name libascend_hal.so
++ dep_hal_path=/usr/local/Ascend/driver/lib64/driver/libascend_hal.so
++ '[' '!' -z /usr/local/Ascend/driver/lib64/driver/libascend_hal.so ']'
++ is_install_driver=y
++ for path in ${ld_library_path}
++ echo /usr/local/Ascend/driver/lib64/common
++ grep -q driver
++ '[' -d /usr/local/Ascend/driver/lib64/common ']'
+++ find /usr/local/Ascend/driver/lib64/common -name libascend_hal.so
++ dep_hal_path=
++ '[' '!' -z '' ']'
++ for path in ${ld_library_path}
++ echo /usr/local/Ascend/driver/lib64/driver
++ grep -q driver
++ '[' -d /usr/local/Ascend/driver/lib64/driver ']'
+++ find /usr/local/Ascend/driver/lib64/driver -name libascend_hal.so
++ dep_hal_path=/usr/local/Ascend/driver/lib64/driver/libascend_hal.so
++ '[' '!' -z /usr/local/Ascend/driver/lib64/driver/libascend_hal.so ']'
++ is_install_driver=y
++ for path in ${ld_library_path}
++ echo /usr/local/Ascend/nnal/atb/latest/atb/cxx_abi_1/lib
++ grep -q driver
++ for path in ${ld_library_path}
++ echo /usr/local/Ascend/nnal/atb/latest/atb/cxx_abi_1/examples
++ grep -q driver
++ for path in ${ld_library_path}
++ echo /usr/local/Ascend/nnal/atb/latest/atb/cxx_abi_1/tests/atbopstest
++ grep -q driver
++ for path in ${ld_library_path}
++ echo /usr/local/Ascend/driver/lib64
++ grep -q driver
++ '[' -d /usr/local/Ascend/driver/lib64 ']'
+++ find /usr/local/Ascend/driver/lib64 -name libascend_hal.so
++ dep_hal_path=/usr/local/Ascend/driver/lib64/driver/libascend_hal.so
++ '[' '!' -z /usr/local/Ascend/driver/lib64/driver/libascend_hal.so ']'
++ is_install_driver=y
++ for path in ${ld_library_path}
++ echo /usr/local/Ascend/driver/lib64/common
++ grep -q driver
++ '[' -d /usr/local/Ascend/driver/lib64/common ']'
+++ find /usr/local/Ascend/driver/lib64/common -name libascend_hal.so
++ dep_hal_path=
++ '[' '!' -z '' ']'
++ for path in ${ld_library_path}
++ echo /usr/local/Ascend/driver/lib64/driver
++ grep -q driver
++ '[' -d /usr/local/Ascend/driver/lib64/driver ']'
+++ find /usr/local/Ascend/driver/lib64/driver -name libascend_hal.so
++ dep_hal_path=/usr/local/Ascend/driver/lib64/driver/libascend_hal.so
++ '[' '!' -z /usr/local/Ascend/driver/lib64/driver/libascend_hal.so ']'
++ is_install_driver=y
++ for path in ${ld_library_path}
++ echo /usr/local/Ascend/nnal/atb/latest/atb/cxx_abi_1/lib
++ grep -q driver
++ for path in ${ld_library_path}
++ echo /usr/local/Ascend/nnal/atb/latest/atb/cxx_abi_1/examples
++ grep -q driver
++ for path in ${ld_library_path}
++ echo /usr/local/Ascend/nnal/atb/latest/atb/cxx_abi_1/tests/atbopstest
++ grep -q driver
++ for path in ${ld_library_path}
++ echo /usr/local/Ascend/ascend-toolkit/latest/tools/aml/lib64
++ grep -q driver
++ for path in ${ld_library_path}
++ echo /usr/local/Ascend/ascend-toolkit/latest/tools/aml/lib64/plugin
++ grep -q driver
++ for path in ${ld_library_path}
++ echo /usr/local/Ascend/ascend-toolkit/latest/lib64
++ grep -q driver
++ for path in ${ld_library_path}
++ echo /usr/local/Ascend/ascend-toolkit/latest/lib64/plugin/opskernel
++ grep -q driver
++ for path in ${ld_library_path}
++ echo /usr/local/Ascend/ascend-toolkit/latest/lib64/plugin/nnengine
++ grep -q driver
++ for path in ${ld_library_path}
++ echo /usr/local/Ascend/ascend-toolkit/latest/opp/built-in/op_impl/ai_core/tbe/op_tiling
++ grep -q driver
++ for path in ${ld_library_path}
++ echo /usr/local/Ascend/driver/lib64
++ grep -q driver
++ '[' -d /usr/local/Ascend/driver/lib64 ']'
+++ find /usr/local/Ascend/driver/lib64 -name libascend_hal.so
++ dep_hal_path=/usr/local/Ascend/driver/lib64/driver/libascend_hal.so
++ '[' '!' -z /usr/local/Ascend/driver/lib64/driver/libascend_hal.so ']'
++ is_install_driver=y
++ for path in ${ld_library_path}
++ echo /usr/local/Ascend/driver/lib64/common/
++ grep -q driver
++ '[' -d /usr/local/Ascend/driver/lib64/common/ ']'
+++ find /usr/local/Ascend/driver/lib64/common/ -name libascend_hal.so
++ dep_hal_path=
++ '[' '!' -z '' ']'
++ for path in ${ld_library_path}
++ echo /usr/local/Ascend/driver/lib64/driver/
++ grep -q driver
++ '[' -d /usr/local/Ascend/driver/lib64/driver/ ']'
+++ find /usr/local/Ascend/driver/lib64/driver/ -name libascend_hal.so
++ dep_hal_path=/usr/local/Ascend/driver/lib64/driver/libascend_hal.so
++ '[' '!' -z /usr/local/Ascend/driver/lib64/driver/libascend_hal.so ']'
++ is_install_driver=y
++ '[' -f /etc/ascend_install.info ']'
++ case ":$PATH:" in
++ command -v ldconfig
++ ldconfig -p
++ grep -q -- libascend_hal.so
++ command -v arch
+++ arch
++ architecture=aarch64
++ prepend_env PATH /usr/local/Ascend/cann-8.5.0/bin:/usr/local/Ascend/cann-8.5.0/tools/ccec_compiler/bin:/usr/local/Ascend/cann-8.5.0/tools/profiler/bin:/usr/local/Ascend/cann-8.5.0/tools/ascend_system_advisor/asys:/usr/local/Ascend/cann-8.5.0/tools/show_kernel_debug_data:/usr/local/Ascend/cann-8.5.0/tools/msobjdump
++ local name=PATH
++ local value=/usr/local/Ascend/cann-8.5.0/bin:/usr/local/Ascend/cann-8.5.0/tools/ccec_compiler/bin:/usr/local/Ascend/cann-8.5.0/tools/profiler/bin:/usr/local/Ascend/cann-8.5.0/tools/ascend_system_advisor/asys:/usr/local/Ascend/cann-8.5.0/tools/show_kernel_debug_data:/usr/local/Ascend/cann-8.5.0/tools/msobjdump
+++ eval echo '${PATH}'
++++ echo /usr/local/Ascend/nnal/atb/latest/atb/cxx_abi_1/bin:/usr/local/Ascend/nnal/atb/latest/atb/cxx_abi_1/bin:/usr/local/Ascend/nnal/atb/latest/atb/cxx_abi_1/bin:/root/.vscode-server/data/User/globalStorage/github.copilot-chat/debugCommand:/root/.vscode-server/data/User/globalStorage/github.copilot-chat/copilotCli:/root/.vscode-server/bin/8761a5560cfd65fdd19ce7e2bd18dab5c0a4d84e/bin/remote-cli:/usr/local/Ascend/nnal/atb/latest/atb/cxx_abi_1/bin:/usr/local/Ascend/nnal/atb/latest/atb/cxx_abi_1/bin:/usr/local/Ascend/nnal/atb/latest/atb/cxx_abi_1/bin:/usr/local/Ascend/ascend-toolkit/latest/bin:/usr/local/Ascend/ascend-toolkit/latest/compiler/ccec_compiler/bin:/usr/local/Ascend/ascend-toolkit/latest/tools/ccec_compiler/bin:/usr/local/python3.11.14/bin:/usr/local/sbin:/usr/local/bin:/usr/sbin:/usr/bin:/sbin:/bin:/usr/local/go/bin:/root/bin:/usr/local/go/bin:/usr/local/go/bin:/root/bin
++ local env_value=/usr/local/Ascend/nnal/atb/latest/atb/cxx_abi_1/bin:/usr/local/Ascend/nnal/atb/latest/atb/cxx_abi_1/bin:/usr/local/Ascend/nnal/atb/latest/atb/cxx_abi_1/bin:/root/.vscode-server/data/User/globalStorage/github.copilot-chat/debugCommand:/root/.vscode-server/data/User/globalStorage/github.copilot-chat/copilotCli:/root/.vscode-server/bin/8761a5560cfd65fdd19ce7e2bd18dab5c0a4d84e/bin/remote-cli:/usr/local/Ascend/nnal/atb/latest/atb/cxx_abi_1/bin:/usr/local/Ascend/nnal/atb/latest/atb/cxx_abi_1/bin:/usr/local/Ascend/nnal/atb/latest/atb/cxx_abi_1/bin:/usr/local/Ascend/ascend-toolkit/latest/bin:/usr/local/Ascend/ascend-toolkit/latest/compiler/ccec_compiler/bin:/usr/local/Ascend/ascend-toolkit/latest/tools/ccec_compiler/bin:/usr/local/python3.11.14/bin:/usr/local/sbin:/usr/local/bin:/usr/sbin:/usr/bin:/sbin:/bin:/usr/local/go/bin:/root/bin:/usr/local/go/bin:/usr/local/go/bin:/root/bin
++ '[' /usr/local/Ascend/nnal/atb/latest/atb/cxx_abi_1/bin:/usr/local/Ascend/nnal/atb/latest/atb/cxx_abi_1/bin:/usr/local/Ascend/nnal/atb/latest/atb/cxx_abi_1/bin:/root/.vscode-server/data/User/globalStorage/github.copilot-chat/debugCommand:/root/.vscode-server/data/User/globalStorage/github.copilot-chat/copilotCli:/root/.vscode-server/bin/8761a5560cfd65fdd19ce7e2bd18dab5c0a4d84e/bin/remote-cli:/usr/local/Ascend/nnal/atb/latest/atb/cxx_abi_1/bin:/usr/local/Ascend/nnal/atb/latest/atb/cxx_abi_1/bin:/usr/local/Ascend/nnal/atb/latest/atb/cxx_abi_1/bin:/usr/local/Ascend/ascend-toolkit/latest/bin:/usr/local/Ascend/ascend-toolkit/latest/compiler/ccec_compiler/bin:/usr/local/Ascend/ascend-toolkit/latest/tools/ccec_compiler/bin:/usr/local/python3.11.14/bin:/usr/local/sbin:/usr/local/bin:/usr/sbin:/usr/bin:/sbin:/bin:/usr/local/go/bin:/root/bin:/usr/local/go/bin:/usr/local/go/bin:/root/bin = '' ']'
++ read -r PATH
++ export PATH
++ prepend_env LD_LIBRARY_PATH /usr/local/Ascend/cann-8.5.0/lib64:/usr/local/Ascend/cann-8.5.0/lib64/plugin/opskernel:/usr/local/Ascend/cann-8.5.0/lib64/plugin/nnengine:/usr/local/Ascend/cann-8.5.0/opp/built-in/op_impl/ai_core/tbe/op_tiling/lib/linux/aarch64:/usr/local/Ascend/cann-8.5.0/tools/aml/lib64:/usr/local/Ascend/cann-8.5.0/tools/aml/lib64/plugin:/usr/local/Ascend/driver/lib64:/usr/local/Ascend/driver/lib64/common:/usr/local/Ascend/driver/lib64/driver
++ local name=LD_LIBRARY_PATH
++ local value=/usr/local/Ascend/cann-8.5.0/lib64:/usr/local/Ascend/cann-8.5.0/lib64/plugin/opskernel:/usr/local/Ascend/cann-8.5.0/lib64/plugin/nnengine:/usr/local/Ascend/cann-8.5.0/opp/built-in/op_impl/ai_core/tbe/op_tiling/lib/linux/aarch64:/usr/local/Ascend/cann-8.5.0/tools/aml/lib64:/usr/local/Ascend/cann-8.5.0/tools/aml/lib64/plugin:/usr/local/Ascend/driver/lib64:/usr/local/Ascend/driver/lib64/common:/usr/local/Ascend/driver/lib64/driver
+++ eval echo '${LD_LIBRARY_PATH}'
++++ echo /usr/local/Ascend/nnal/atb/latest/atb/cxx_abi_1/lib:/usr/local/Ascend/nnal/atb/latest/atb/cxx_abi_1/examples:/usr/local/Ascend/nnal/atb/latest/atb/cxx_abi_1/tests/atbopstest:/usr/local/Ascend/driver/lib64:/usr/local/Ascend/driver/lib64/common:/usr/local/Ascend/driver/lib64/driver:/usr/local/Ascend/nnal/atb/latest/atb/cxx_abi_1/lib:/usr/local/Ascend/nnal/atb/latest/atb/cxx_abi_1/examples:/usr/local/Ascend/nnal/atb/latest/atb/cxx_abi_1/tests/atbopstest:/usr/local/Ascend/driver/lib64:/usr/local/Ascend/driver/lib64/common:/usr/local/Ascend/driver/lib64/driver:/usr/local/Ascend/nnal/atb/latest/atb/cxx_abi_1/lib:/usr/local/Ascend/nnal/atb/latest/atb/cxx_abi_1/examples:/usr/local/Ascend/nnal/atb/latest/atb/cxx_abi_1/tests/atbopstest:/usr/local/Ascend/driver/lib64:/usr/local/Ascend/driver/lib64/common:/usr/local/Ascend/driver/lib64/driver:/usr/local/Ascend/nnal/atb/latest/atb/cxx_abi_1/lib:/usr/local/Ascend/nnal/atb/latest/atb/cxx_abi_1/examples:/usr/local/Ascend/nnal/atb/latest/atb/cxx_abi_1/tests/atbopstest:/usr/local/Ascend/driver/lib64:/usr/local/Ascend/driver/lib64/common:/usr/local/Ascend/driver/lib64/driver:/usr/local/Ascend/nnal/atb/latest/atb/cxx_abi_1/lib:/usr/local/Ascend/nnal/atb/latest/atb/cxx_abi_1/examples:/usr/local/Ascend/nnal/atb/latest/atb/cxx_abi_1/tests/atbopstest:/usr/local/Ascend/driver/lib64:/usr/local/Ascend/driver/lib64/common:/usr/local/Ascend/driver/lib64/driver:/usr/local/Ascend/nnal/atb/latest/atb/cxx_abi_1/lib:/usr/local/Ascend/nnal/atb/latest/atb/cxx_abi_1/examples:/usr/local/Ascend/nnal/atb/latest/atb/cxx_abi_1/tests/atbopstest:/usr/local/Ascend/ascend-toolkit/latest/tools/aml/lib64:/usr/local/Ascend/ascend-toolkit/latest/tools/aml/lib64/plugin:/usr/local/Ascend/ascend-toolkit/latest/lib64:/usr/local/Ascend/ascend-toolkit/latest/lib64/plugin/opskernel:/usr/local/Ascend/ascend-toolkit/latest/lib64/plugin/nnengine:/usr/local/Ascend/ascend-toolkit/latest/opp/built-in/op_impl/ai_core/tbe/op_tiling:/usr/local/Ascend/driver/lib64:/usr/local/Ascend/driver/lib64/common/:/usr/local/Ascend/driver/lib64/driver/:
++ local env_value=/usr/local/Ascend/nnal/atb/latest/atb/cxx_abi_1/lib:/usr/local/Ascend/nnal/atb/latest/atb/cxx_abi_1/examples:/usr/local/Ascend/nnal/atb/latest/atb/cxx_abi_1/tests/atbopstest:/usr/local/Ascend/driver/lib64:/usr/local/Ascend/driver/lib64/common:/usr/local/Ascend/driver/lib64/driver:/usr/local/Ascend/nnal/atb/latest/atb/cxx_abi_1/lib:/usr/local/Ascend/nnal/atb/latest/atb/cxx_abi_1/examples:/usr/local/Ascend/nnal/atb/latest/atb/cxx_abi_1/tests/atbopstest:/usr/local/Ascend/driver/lib64:/usr/local/Ascend/driver/lib64/common:/usr/local/Ascend/driver/lib64/driver:/usr/local/Ascend/nnal/atb/latest/atb/cxx_abi_1/lib:/usr/local/Ascend/nnal/atb/latest/atb/cxx_abi_1/examples:/usr/local/Ascend/nnal/atb/latest/atb/cxx_abi_1/tests/atbopstest:/usr/local/Ascend/driver/lib64:/usr/local/Ascend/driver/lib64/common:/usr/local/Ascend/driver/lib64/driver:/usr/local/Ascend/nnal/atb/latest/atb/cxx_abi_1/lib:/usr/local/Ascend/nnal/atb/latest/atb/cxx_abi_1/examples:/usr/local/Ascend/nnal/atb/latest/atb/cxx_abi_1/tests/atbopstest:/usr/local/Ascend/driver/lib64:/usr/local/Ascend/driver/lib64/common:/usr/local/Ascend/driver/lib64/driver:/usr/local/Ascend/nnal/atb/latest/atb/cxx_abi_1/lib:/usr/local/Ascend/nnal/atb/latest/atb/cxx_abi_1/examples:/usr/local/Ascend/nnal/atb/latest/atb/cxx_abi_1/tests/atbopstest:/usr/local/Ascend/driver/lib64:/usr/local/Ascend/driver/lib64/common:/usr/local/Ascend/driver/lib64/driver:/usr/local/Ascend/nnal/atb/latest/atb/cxx_abi_1/lib:/usr/local/Ascend/nnal/atb/latest/atb/cxx_abi_1/examples:/usr/local/Ascend/nnal/atb/latest/atb/cxx_abi_1/tests/atbopstest:/usr/local/Ascend/ascend-toolkit/latest/tools/aml/lib64:/usr/local/Ascend/ascend-toolkit/latest/tools/aml/lib64/plugin:/usr/local/Ascend/ascend-toolkit/latest/lib64:/usr/local/Ascend/ascend-toolkit/latest/lib64/plugin/opskernel:/usr/local/Ascend/ascend-toolkit/latest/lib64/plugin/nnengine:/usr/local/Ascend/ascend-toolkit/latest/opp/built-in/op_impl/ai_core/tbe/op_tiling:/usr/local/Ascend/driver/lib64:/usr/local/Ascend/driver/lib64/common/:/usr/local/Ascend/driver/lib64/driver/:
++ '[' /usr/local/Ascend/nnal/atb/latest/atb/cxx_abi_1/lib:/usr/local/Ascend/nnal/atb/latest/atb/cxx_abi_1/examples:/usr/local/Ascend/nnal/atb/latest/atb/cxx_abi_1/tests/atbopstest:/usr/local/Ascend/driver/lib64:/usr/local/Ascend/driver/lib64/common:/usr/local/Ascend/driver/lib64/driver:/usr/local/Ascend/nnal/atb/latest/atb/cxx_abi_1/lib:/usr/local/Ascend/nnal/atb/latest/atb/cxx_abi_1/examples:/usr/local/Ascend/nnal/atb/latest/atb/cxx_abi_1/tests/atbopstest:/usr/local/Ascend/driver/lib64:/usr/local/Ascend/driver/lib64/common:/usr/local/Ascend/driver/lib64/driver:/usr/local/Ascend/nnal/atb/latest/atb/cxx_abi_1/lib:/usr/local/Ascend/nnal/atb/latest/atb/cxx_abi_1/examples:/usr/local/Ascend/nnal/atb/latest/atb/cxx_abi_1/tests/atbopstest:/usr/local/Ascend/driver/lib64:/usr/local/Ascend/driver/lib64/common:/usr/local/Ascend/driver/lib64/driver:/usr/local/Ascend/nnal/atb/latest/atb/cxx_abi_1/lib:/usr/local/Ascend/nnal/atb/latest/atb/cxx_abi_1/examples:/usr/local/Ascend/nnal/atb/latest/atb/cxx_abi_1/tests/atbopstest:/usr/local/Ascend/driver/lib64:/usr/local/Ascend/driver/lib64/common:/usr/local/Ascend/driver/lib64/driver:/usr/local/Ascend/nnal/atb/latest/atb/cxx_abi_1/lib:/usr/local/Ascend/nnal/atb/latest/atb/cxx_abi_1/examples:/usr/local/Ascend/nnal/atb/latest/atb/cxx_abi_1/tests/atbopstest:/usr/local/Ascend/driver/lib64:/usr/local/Ascend/driver/lib64/common:/usr/local/Ascend/driver/lib64/driver:/usr/local/Ascend/nnal/atb/latest/atb/cxx_abi_1/lib:/usr/local/Ascend/nnal/atb/latest/atb/cxx_abi_1/examples:/usr/local/Ascend/nnal/atb/latest/atb/cxx_abi_1/tests/atbopstest:/usr/local/Ascend/ascend-toolkit/latest/tools/aml/lib64:/usr/local/Ascend/ascend-toolkit/latest/tools/aml/lib64/plugin:/usr/local/Ascend/ascend-toolkit/latest/lib64:/usr/local/Ascend/ascend-toolkit/latest/lib64/plugin/opskernel:/usr/local/Ascend/ascend-toolkit/latest/lib64/plugin/nnengine:/usr/local/Ascend/ascend-toolkit/latest/opp/built-in/op_impl/ai_core/tbe/op_tiling:/usr/local/Ascend/driver/lib64:/usr/local/Ascend/driver/lib64/common/:/usr/local/Ascend/driver/lib64/driver/: = '' ']'
++ read -r LD_LIBRARY_PATH
++ export LD_LIBRARY_PATH
++ export PYTHONPATH=/usr/local/Ascend/cann-8.5.0/python/site-packages:/usr/local/Ascend/cann-8.5.0/opp/built-in/op_impl/ai_core/tbe:/workspace/cann-recipes-train/llm_rl/qwen3_shrink_aware:/usr/local/Ascend/ascend-toolkit/latest/python/site-packages:/usr/local/Ascend/ascend-toolkit/latest/opp/built-in/op_impl/ai_core/tbe:
++ PYTHONPATH=/usr/local/Ascend/cann-8.5.0/python/site-packages:/usr/local/Ascend/cann-8.5.0/opp/built-in/op_impl/ai_core/tbe:/workspace/cann-recipes-train/llm_rl/qwen3_shrink_aware:/usr/local/Ascend/ascend-toolkit/latest/python/site-packages:/usr/local/Ascend/ascend-toolkit/latest/opp/built-in/op_impl/ai_core/tbe:
++ '[' y = n ']'
++ export ASCEND_OPP_PATH=/usr/local/Ascend/cann-8.5.0/opp
++ ASCEND_OPP_PATH=/usr/local/Ascend/cann-8.5.0/opp
++ export ASCEND_AICPU_PATH=/usr/local/Ascend/cann-8.5.0
++ ASCEND_AICPU_PATH=/usr/local/Ascend/cann-8.5.0
++ export TOOLCHAIN_HOME=/usr/local/Ascend/cann-8.5.0/toolkit
++ TOOLCHAIN_HOME=/usr/local/Ascend/cann-8.5.0/toolkit
++ export ASCEND_HOME_PATH=/usr/local/Ascend/cann-8.5.0
++ ASCEND_HOME_PATH=/usr/local/Ascend/cann-8.5.0
++ export ASCEND_TOOLKIT_HOME=/usr/local/Ascend/cann-8.5.0
++ ASCEND_TOOLKIT_HOME=/usr/local/Ascend/cann-8.5.0
++ prepend_env CMAKE_PREFIX_PATH /usr/local/Ascend/cann-8.5.0/lib64/cmake
++ local name=CMAKE_PREFIX_PATH
++ local value=/usr/local/Ascend/cann-8.5.0/lib64/cmake
+++ eval echo '${CMAKE_PREFIX_PATH}'
++++ echo /usr/local/Ascend/cann-8.5.0/toolkit/tools/tikicpulib/lib/cmake:/usr/local/Ascend/cann-8.5.0/lib64/cmake:/usr/local/Ascend/cann-8.5.0/toolkit/tools/tikicpulib/lib/cmake:/usr/local/Ascend/cann-8.5.0/lib64/cmake:/usr/local/Ascend/cann-8.5.0/toolkit/tools/tikicpulib/lib/cmake:/usr/local/Ascend/cann-8.5.0/lib64/cmake:/usr/local/Ascend/cann-8.5.0/toolkit/tools/tikicpulib/lib/cmake:/usr/local/Ascend/cann-8.5.0/lib64/cmake:/usr/local/Ascend/cann-8.5.0/toolkit/tools/tikicpulib/lib/cmake:/usr/local/Ascend/cann-8.5.0/lib64/cmake
++ local env_value=/usr/local/Ascend/cann-8.5.0/toolkit/tools/tikicpulib/lib/cmake:/usr/local/Ascend/cann-8.5.0/lib64/cmake:/usr/local/Ascend/cann-8.5.0/toolkit/tools/tikicpulib/lib/cmake:/usr/local/Ascend/cann-8.5.0/lib64/cmake:/usr/local/Ascend/cann-8.5.0/toolkit/tools/tikicpulib/lib/cmake:/usr/local/Ascend/cann-8.5.0/lib64/cmake:/usr/local/Ascend/cann-8.5.0/toolkit/tools/tikicpulib/lib/cmake:/usr/local/Ascend/cann-8.5.0/lib64/cmake:/usr/local/Ascend/cann-8.5.0/toolkit/tools/tikicpulib/lib/cmake:/usr/local/Ascend/cann-8.5.0/lib64/cmake
++ '[' /usr/local/Ascend/cann-8.5.0/toolkit/tools/tikicpulib/lib/cmake:/usr/local/Ascend/cann-8.5.0/lib64/cmake:/usr/local/Ascend/cann-8.5.0/toolkit/tools/tikicpulib/lib/cmake:/usr/local/Ascend/cann-8.5.0/lib64/cmake:/usr/local/Ascend/cann-8.5.0/toolkit/tools/tikicpulib/lib/cmake:/usr/local/Ascend/cann-8.5.0/lib64/cmake:/usr/local/Ascend/cann-8.5.0/toolkit/tools/tikicpulib/lib/cmake:/usr/local/Ascend/cann-8.5.0/lib64/cmake:/usr/local/Ascend/cann-8.5.0/toolkit/tools/tikicpulib/lib/cmake:/usr/local/Ascend/cann-8.5.0/lib64/cmake = '' ']'
++ read -r CMAKE_PREFIX_PATH
++ export CMAKE_PREFIX_PATH
++ prepend_env CMAKE_PREFIX_PATH /usr/local/Ascend/cann-8.5.0/toolkit/tools/tikicpulib/lib/cmake
++ local name=CMAKE_PREFIX_PATH
++ local value=/usr/local/Ascend/cann-8.5.0/toolkit/tools/tikicpulib/lib/cmake
+++ eval echo '${CMAKE_PREFIX_PATH}'
++++ echo /usr/local/Ascend/cann-8.5.0/lib64/cmake:/usr/local/Ascend/cann-8.5.0/toolkit/tools/tikicpulib/lib/cmake:/usr/local/Ascend/cann-8.5.0/lib64/cmake:/usr/local/Ascend/cann-8.5.0/toolkit/tools/tikicpulib/lib/cmake:/usr/local/Ascend/cann-8.5.0/lib64/cmake:/usr/local/Ascend/cann-8.5.0/toolkit/tools/tikicpulib/lib/cmake:/usr/local/Ascend/cann-8.5.0/lib64/cmake:/usr/local/Ascend/cann-8.5.0/toolkit/tools/tikicpulib/lib/cmake:/usr/local/Ascend/cann-8.5.0/lib64/cmake:/usr/local/Ascend/cann-8.5.0/toolkit/tools/tikicpulib/lib/cmake:/usr/local/Ascend/cann-8.5.0/lib64/cmake
++ local env_value=/usr/local/Ascend/cann-8.5.0/lib64/cmake:/usr/local/Ascend/cann-8.5.0/toolkit/tools/tikicpulib/lib/cmake:/usr/local/Ascend/cann-8.5.0/lib64/cmake:/usr/local/Ascend/cann-8.5.0/toolkit/tools/tikicpulib/lib/cmake:/usr/local/Ascend/cann-8.5.0/lib64/cmake:/usr/local/Ascend/cann-8.5.0/toolkit/tools/tikicpulib/lib/cmake:/usr/local/Ascend/cann-8.5.0/lib64/cmake:/usr/local/Ascend/cann-8.5.0/toolkit/tools/tikicpulib/lib/cmake:/usr/local/Ascend/cann-8.5.0/lib64/cmake:/usr/local/Ascend/cann-8.5.0/toolkit/tools/tikicpulib/lib/cmake:/usr/local/Ascend/cann-8.5.0/lib64/cmake
++ '[' /usr/local/Ascend/cann-8.5.0/lib64/cmake:/usr/local/Ascend/cann-8.5.0/toolkit/tools/tikicpulib/lib/cmake:/usr/local/Ascend/cann-8.5.0/lib64/cmake:/usr/local/Ascend/cann-8.5.0/toolkit/tools/tikicpulib/lib/cmake:/usr/local/Ascend/cann-8.5.0/lib64/cmake:/usr/local/Ascend/cann-8.5.0/toolkit/tools/tikicpulib/lib/cmake:/usr/local/Ascend/cann-8.5.0/lib64/cmake:/usr/local/Ascend/cann-8.5.0/toolkit/tools/tikicpulib/lib/cmake:/usr/local/Ascend/cann-8.5.0/lib64/cmake:/usr/local/Ascend/cann-8.5.0/toolkit/tools/tikicpulib/lib/cmake:/usr/local/Ascend/cann-8.5.0/lib64/cmake = '' ']'
++ read -r CMAKE_PREFIX_PATH
++ export CMAKE_PREFIX_PATH
+ source /usr/local/Ascend/nnal/asdsip/set_env.sh
++ path=/usr/local/Ascend/nnal/asdsip/set_env.sh
++ [[ -f /usr/local/Ascend/nnal/asdsip/set_env.sh ]]
++ [[ /usr/local/Ascend/nnal/asdsip/set_env.sh =~ set_env\.sh ]]
++++ dirname /usr/local/Ascend/nnal/asdsip/set_env.sh
+++ cd /usr/local/Ascend/nnal/asdsip
+++ pwd
++ asdsip_dir_path=/usr/local/Ascend/nnal/asdsip
++ export ASDSIP_HOME_PATH=/usr/local/Ascend/nnal/asdsip/latest/
++ ASDSIP_HOME_PATH=/usr/local/Ascend/nnal/asdsip/latest/
++ export LD_LIBRARY_PATH=/usr/local/Ascend/nnal/asdsip/latest//lib:/usr/local/Ascend/cann-8.5.0/lib64:/usr/local/Ascend/cann-8.5.0/lib64/plugin/opskernel:/usr/local/Ascend/cann-8.5.0/lib64/plugin/nnengine:/usr/local/Ascend/cann-8.5.0/opp/built-in/op_impl/ai_core/tbe/op_tiling/lib/linux/aarch64:/usr/local/Ascend/cann-8.5.0/tools/aml/lib64:/usr/local/Ascend/cann-8.5.0/tools/aml/lib64/plugin:/usr/local/Ascend/driver/lib64:/usr/local/Ascend/driver/lib64/common:/usr/local/Ascend/driver/lib64/driver:/usr/local/Ascend/nnal/atb/latest/atb/cxx_abi_1/lib:/usr/local/Ascend/nnal/atb/latest/atb/cxx_abi_1/examples:/usr/local/Ascend/nnal/atb/latest/atb/cxx_abi_1/tests/atbopstest:/usr/local/Ascend/driver/lib64:/usr/local/Ascend/driver/lib64/common:/usr/local/Ascend/driver/lib64/driver:/usr/local/Ascend/nnal/atb/latest/atb/cxx_abi_1/lib:/usr/local/Ascend/nnal/atb/latest/atb/cxx_abi_1/examples:/usr/local/Ascend/nnal/atb/latest/atb/cxx_abi_1/tests/atbopstest:/usr/local/Ascend/driver/lib64:/usr/local/Ascend/driver/lib64/common:/usr/local/Ascend/driver/lib64/driver:/usr/local/Ascend/nnal/atb/latest/atb/cxx_abi_1/lib:/usr/local/Ascend/nnal/atb/latest/atb/cxx_abi_1/examples:/usr/local/Ascend/nnal/atb/latest/atb/cxx_abi_1/tests/atbopstest:/usr/local/Ascend/driver/lib64:/usr/local/Ascend/driver/lib64/common:/usr/local/Ascend/driver/lib64/driver:/usr/local/Ascend/nnal/atb/latest/atb/cxx_abi_1/lib:/usr/local/Ascend/nnal/atb/latest/atb/cxx_abi_1/examples:/usr/local/Ascend/nnal/atb/latest/atb/cxx_abi_1/tests/atbopstest:/usr/local/Ascend/driver/lib64:/usr/local/Ascend/driver/lib64/common:/usr/local/Ascend/driver/lib64/driver:/usr/local/Ascend/nnal/atb/latest/atb/cxx_abi_1/lib:/usr/local/Ascend/nnal/atb/latest/atb/cxx_abi_1/examples:/usr/local/Ascend/nnal/atb/latest/atb/cxx_abi_1/tests/atbopstest:/usr/local/Ascend/driver/lib64:/usr/local/Ascend/driver/lib64/common:/usr/local/Ascend/driver/lib64/driver:/usr/local/Ascend/nnal/atb/latest/atb/cxx_abi_1/lib:/usr/local/Ascend/nnal/atb/latest/atb/cxx_abi_1/examples:/usr/local/Ascend/nnal/atb/latest/atb/cxx_abi_1/tests/atbopstest:/usr/local/Ascend/ascend-toolkit/latest/tools/aml/lib64:/usr/local/Ascend/ascend-toolkit/latest/tools/aml/lib64/plugin:/usr/local/Ascend/ascend-toolkit/latest/lib64:/usr/local/Ascend/ascend-toolkit/latest/lib64/plugin/opskernel:/usr/local/Ascend/ascend-toolkit/latest/lib64/plugin/nnengine:/usr/local/Ascend/ascend-toolkit/latest/opp/built-in/op_impl/ai_core/tbe/op_tiling:/usr/local/Ascend/driver/lib64:/usr/local/Ascend/driver/lib64/common/:/usr/local/Ascend/driver/lib64/driver/:
++ LD_LIBRARY_PATH=/usr/local/Ascend/nnal/asdsip/latest//lib:/usr/local/Ascend/cann-8.5.0/lib64:/usr/local/Ascend/cann-8.5.0/lib64/plugin/opskernel:/usr/local/Ascend/cann-8.5.0/lib64/plugin/nnengine:/usr/local/Ascend/cann-8.5.0/opp/built-in/op_impl/ai_core/tbe/op_tiling/lib/linux/aarch64:/usr/local/Ascend/cann-8.5.0/tools/aml/lib64:/usr/local/Ascend/cann-8.5.0/tools/aml/lib64/plugin:/usr/local/Ascend/driver/lib64:/usr/local/Ascend/driver/lib64/common:/usr/local/Ascend/driver/lib64/driver:/usr/local/Ascend/nnal/atb/latest/atb/cxx_abi_1/lib:/usr/local/Ascend/nnal/atb/latest/atb/cxx_abi_1/examples:/usr/local/Ascend/nnal/atb/latest/atb/cxx_abi_1/tests/atbopstest:/usr/local/Ascend/driver/lib64:/usr/local/Ascend/driver/lib64/common:/usr/local/Ascend/driver/lib64/driver:/usr/local/Ascend/nnal/atb/latest/atb/cxx_abi_1/lib:/usr/local/Ascend/nnal/atb/latest/atb/cxx_abi_1/examples:/usr/local/Ascend/nnal/atb/latest/atb/cxx_abi_1/tests/atbopstest:/usr/local/Ascend/driver/lib64:/usr/local/Ascend/driver/lib64/common:/usr/local/Ascend/driver/lib64/driver:/usr/local/Ascend/nnal/atb/latest/atb/cxx_abi_1/lib:/usr/local/Ascend/nnal/atb/latest/atb/cxx_abi_1/examples:/usr/local/Ascend/nnal/atb/latest/atb/cxx_abi_1/tests/atbopstest:/usr/local/Ascend/driver/lib64:/usr/local/Ascend/driver/lib64/common:/usr/local/Ascend/driver/lib64/driver:/usr/local/Ascend/nnal/atb/latest/atb/cxx_abi_1/lib:/usr/local/Ascend/nnal/atb/latest/atb/cxx_abi_1/examples:/usr/local/Ascend/nnal/atb/latest/atb/cxx_abi_1/tests/atbopstest:/usr/local/Ascend/driver/lib64:/usr/local/Ascend/driver/lib64/common:/usr/local/Ascend/driver/lib64/driver:/usr/local/Ascend/nnal/atb/latest/atb/cxx_abi_1/lib:/usr/local/Ascend/nnal/atb/latest/atb/cxx_abi_1/examples:/usr/local/Ascend/nnal/atb/latest/atb/cxx_abi_1/tests/atbopstest:/usr/local/Ascend/driver/lib64:/usr/local/Ascend/driver/lib64/common:/usr/local/Ascend/driver/lib64/driver:/usr/local/Ascend/nnal/atb/latest/atb/cxx_abi_1/lib:/usr/local/Ascend/nnal/atb/latest/atb/cxx_abi_1/examples:/usr/local/Ascend/nnal/atb/latest/atb/cxx_abi_1/tests/atbopstest:/usr/local/Ascend/ascend-toolkit/latest/tools/aml/lib64:/usr/local/Ascend/ascend-toolkit/latest/tools/aml/lib64/plugin:/usr/local/Ascend/ascend-toolkit/latest/lib64:/usr/local/Ascend/ascend-toolkit/latest/lib64/plugin/opskernel:/usr/local/Ascend/ascend-toolkit/latest/lib64/plugin/nnengine:/usr/local/Ascend/ascend-toolkit/latest/opp/built-in/op_impl/ai_core/tbe/op_tiling:/usr/local/Ascend/driver/lib64:/usr/local/Ascend/driver/lib64/common/:/usr/local/Ascend/driver/lib64/driver/:
+ source /usr/local/Ascend/nnal/atb/set_env.sh --cxx_abi=1
++ set_env_path=/usr/local/Ascend/nnal/atb/set_env.sh
++ [[ -n '' ]]
++ [[ -f /usr/local/Ascend/nnal/atb/set_env.sh ]]
++ [[ /usr/local/Ascend/nnal/atb/set_env.sh =~ (^|/)set_env\.sh$ ]]
++++ dirname /usr/local/Ascend/nnal/atb/set_env.sh
+++ cd /usr/local/Ascend/nnal/atb
+++ pwd
++ atb_path=/usr/local/Ascend/nnal/atb
++ get_cxx_abi_option --cxx_abi=1
++ cxx_abi=
++ [[ -z --cxx_abi=1 ]]
++ case "$1" in
++ cxx_abi=1
++ shift
++ [[ -z '' ]]
++ [[ 1 == '' ]]
++ export ATB_HOME_PATH=/usr/local/Ascend/nnal/atb/latest/atb/cxx_abi_1
++ ATB_HOME_PATH=/usr/local/Ascend/nnal/atb/latest/atb/cxx_abi_1
++ export LD_LIBRARY_PATH=/usr/local/Ascend/nnal/atb/latest/atb/cxx_abi_1/lib:/usr/local/Ascend/nnal/atb/latest/atb/cxx_abi_1/examples:/usr/local/Ascend/nnal/atb/latest/atb/cxx_abi_1/tests/atbopstest:/usr/local/Ascend/nnal/asdsip/latest//lib:/usr/local/Ascend/cann-8.5.0/lib64:/usr/local/Ascend/cann-8.5.0/lib64/plugin/opskernel:/usr/local/Ascend/cann-8.5.0/lib64/plugin/nnengine:/usr/local/Ascend/cann-8.5.0/opp/built-in/op_impl/ai_core/tbe/op_tiling/lib/linux/aarch64:/usr/local/Ascend/cann-8.5.0/tools/aml/lib64:/usr/local/Ascend/cann-8.5.0/tools/aml/lib64/plugin:/usr/local/Ascend/driver/lib64:/usr/local/Ascend/driver/lib64/common:/usr/local/Ascend/driver/lib64/driver:/usr/local/Ascend/nnal/atb/latest/atb/cxx_abi_1/lib:/usr/local/Ascend/nnal/atb/latest/atb/cxx_abi_1/examples:/usr/local/Ascend/nnal/atb/latest/atb/cxx_abi_1/tests/atbopstest:/usr/local/Ascend/driver/lib64:/usr/local/Ascend/driver/lib64/common:/usr/local/Ascend/driver/lib64/driver:/usr/local/Ascend/nnal/atb/latest/atb/cxx_abi_1/lib:/usr/local/Ascend/nnal/atb/latest/atb/cxx_abi_1/examples:/usr/local/Ascend/nnal/atb/latest/atb/cxx_abi_1/tests/atbopstest:/usr/local/Ascend/driver/lib64:/usr/local/Ascend/driver/lib64/common:/usr/local/Ascend/driver/lib64/driver:/usr/local/Ascend/nnal/atb/latest/atb/cxx_abi_1/lib:/usr/local/Ascend/nnal/atb/latest/atb/cxx_abi_1/examples:/usr/local/Ascend/nnal/atb/latest/atb/cxx_abi_1/tests/atbopstest:/usr/local/Ascend/driver/lib64:/usr/local/Ascend/driver/lib64/common:/usr/local/Ascend/driver/lib64/driver:/usr/local/Ascend/nnal/atb/latest/atb/cxx_abi_1/lib:/usr/local/Ascend/nnal/atb/latest/atb/cxx_abi_1/examples:/usr/local/Ascend/nnal/atb/latest/atb/cxx_abi_1/tests/atbopstest:/usr/local/Ascend/driver/lib64:/usr/local/Ascend/driver/lib64/common:/usr/local/Ascend/driver/lib64/driver:/usr/local/Ascend/nnal/atb/latest/atb/cxx_abi_1/lib:/usr/local/Ascend/nnal/atb/latest/atb/cxx_abi_1/examples:/usr/local/Ascend/nnal/atb/latest/atb/cxx_abi_1/tests/atbopstest:/usr/local/Ascend/driver/lib64:/usr/local/Ascend/driver/lib64/common:/usr/local/Ascend/driver/lib64/driver:/usr/local/Ascend/nnal/atb/latest/atb/cxx_abi_1/lib:/usr/local/Ascend/nnal/atb/latest/atb/cxx_abi_1/examples:/usr/local/Ascend/nnal/atb/latest/atb/cxx_abi_1/tests/atbopstest:/usr/local/Ascend/ascend-toolkit/latest/tools/aml/lib64:/usr/local/Ascend/ascend-toolkit/latest/tools/aml/lib64/plugin:/usr/local/Ascend/ascend-toolkit/latest/lib64:/usr/local/Ascend/ascend-toolkit/latest/lib64/plugin/opskernel:/usr/local/Ascend/ascend-toolkit/latest/lib64/plugin/nnengine:/usr/local/Ascend/ascend-toolkit/latest/opp/built-in/op_impl/ai_core/tbe/op_tiling:/usr/local/Ascend/driver/lib64:/usr/local/Ascend/driver/lib64/common/:/usr/local/Ascend/driver/lib64/driver/:
++ LD_LIBRARY_PATH=/usr/local/Ascend/nnal/atb/latest/atb/cxx_abi_1/lib:/usr/local/Ascend/nnal/atb/latest/atb/cxx_abi_1/examples:/usr/local/Ascend/nnal/atb/latest/atb/cxx_abi_1/tests/atbopstest:/usr/local/Ascend/nnal/asdsip/latest//lib:/usr/local/Ascend/cann-8.5.0/lib64:/usr/local/Ascend/cann-8.5.0/lib64/plugin/opskernel:/usr/local/Ascend/cann-8.5.0/lib64/plugin/nnengine:/usr/local/Ascend/cann-8.5.0/opp/built-in/op_impl/ai_core/tbe/op_tiling/lib/linux/aarch64:/usr/local/Ascend/cann-8.5.0/tools/aml/lib64:/usr/local/Ascend/cann-8.5.0/tools/aml/lib64/plugin:/usr/local/Ascend/driver/lib64:/usr/local/Ascend/driver/lib64/common:/usr/local/Ascend/driver/lib64/driver:/usr/local/Ascend/nnal/atb/latest/atb/cxx_abi_1/lib:/usr/local/Ascend/nnal/atb/latest/atb/cxx_abi_1/examples:/usr/local/Ascend/nnal/atb/latest/atb/cxx_abi_1/tests/atbopstest:/usr/local/Ascend/driver/lib64:/usr/local/Ascend/driver/lib64/common:/usr/local/Ascend/driver/lib64/driver:/usr/local/Ascend/nnal/atb/latest/atb/cxx_abi_1/lib:/usr/local/Ascend/nnal/atb/latest/atb/cxx_abi_1/examples:/usr/local/Ascend/nnal/atb/latest/atb/cxx_abi_1/tests/atbopstest:/usr/local/Ascend/driver/lib64:/usr/local/Ascend/driver/lib64/common:/usr/local/Ascend/driver/lib64/driver:/usr/local/Ascend/nnal/atb/latest/atb/cxx_abi_1/lib:/usr/local/Ascend/nnal/atb/latest/atb/cxx_abi_1/examples:/usr/local/Ascend/nnal/atb/latest/atb/cxx_abi_1/tests/atbopstest:/usr/local/Ascend/driver/lib64:/usr/local/Ascend/driver/lib64/common:/usr/local/Ascend/driver/lib64/driver:/usr/local/Ascend/nnal/atb/latest/atb/cxx_abi_1/lib:/usr/local/Ascend/nnal/atb/latest/atb/cxx_abi_1/examples:/usr/local/Ascend/nnal/atb/latest/atb/cxx_abi_1/tests/atbopstest:/usr/local/Ascend/driver/lib64:/usr/local/Ascend/driver/lib64/common:/usr/local/Ascend/driver/lib64/driver:/usr/local/Ascend/nnal/atb/latest/atb/cxx_abi_1/lib:/usr/local/Ascend/nnal/atb/latest/atb/cxx_abi_1/examples:/usr/local/Ascend/nnal/atb/latest/atb/cxx_abi_1/tests/atbopstest:/usr/local/Ascend/driver/lib64:/usr/local/Ascend/driver/lib64/common:/usr/local/Ascend/driver/lib64/driver:/usr/local/Ascend/nnal/atb/latest/atb/cxx_abi_1/lib:/usr/local/Ascend/nnal/atb/latest/atb/cxx_abi_1/examples:/usr/local/Ascend/nnal/atb/latest/atb/cxx_abi_1/tests/atbopstest:/usr/local/Ascend/ascend-toolkit/latest/tools/aml/lib64:/usr/local/Ascend/ascend-toolkit/latest/tools/aml/lib64/plugin:/usr/local/Ascend/ascend-toolkit/latest/lib64:/usr/local/Ascend/ascend-toolkit/latest/lib64/plugin/opskernel:/usr/local/Ascend/ascend-toolkit/latest/lib64/plugin/nnengine:/usr/local/Ascend/ascend-toolkit/latest/opp/built-in/op_impl/ai_core/tbe/op_tiling:/usr/local/Ascend/driver/lib64:/usr/local/Ascend/driver/lib64/common/:/usr/local/Ascend/driver/lib64/driver/:
++ export PATH=/usr/local/Ascend/nnal/atb/latest/atb/cxx_abi_1/bin:/usr/local/Ascend/cann-8.5.0/bin:/usr/local/Ascend/cann-8.5.0/tools/ccec_compiler/bin:/usr/local/Ascend/cann-8.5.0/tools/profiler/bin:/usr/local/Ascend/cann-8.5.0/tools/ascend_system_advisor/asys:/usr/local/Ascend/cann-8.5.0/tools/show_kernel_debug_data:/usr/local/Ascend/cann-8.5.0/tools/msobjdump:/usr/local/Ascend/nnal/atb/latest/atb/cxx_abi_1/bin:/usr/local/Ascend/nnal/atb/latest/atb/cxx_abi_1/bin:/usr/local/Ascend/nnal/atb/latest/atb/cxx_abi_1/bin:/root/.vscode-server/data/User/globalStorage/github.copilot-chat/debugCommand:/root/.vscode-server/data/User/globalStorage/github.copilot-chat/copilotCli:/root/.vscode-server/bin/8761a5560cfd65fdd19ce7e2bd18dab5c0a4d84e/bin/remote-cli:/usr/local/Ascend/nnal/atb/latest/atb/cxx_abi_1/bin:/usr/local/Ascend/nnal/atb/latest/atb/cxx_abi_1/bin:/usr/local/Ascend/nnal/atb/latest/atb/cxx_abi_1/bin:/usr/local/Ascend/ascend-toolkit/latest/bin:/usr/local/Ascend/ascend-toolkit/latest/compiler/ccec_compiler/bin:/usr/local/Ascend/ascend-toolkit/latest/tools/ccec_compiler/bin:/usr/local/python3.11.14/bin:/usr/local/sbin:/usr/local/bin:/usr/sbin:/usr/bin:/sbin:/bin:/usr/local/go/bin:/root/bin:/usr/local/go/bin:/usr/local/go/bin:/root/bin
++ PATH=/usr/local/Ascend/nnal/atb/latest/atb/cxx_abi_1/bin:/usr/local/Ascend/cann-8.5.0/bin:/usr/local/Ascend/cann-8.5.0/tools/ccec_compiler/bin:/usr/local/Ascend/cann-8.5.0/tools/profiler/bin:/usr/local/Ascend/cann-8.5.0/tools/ascend_system_advisor/asys:/usr/local/Ascend/cann-8.5.0/tools/show_kernel_debug_data:/usr/local/Ascend/cann-8.5.0/tools/msobjdump:/usr/local/Ascend/nnal/atb/latest/atb/cxx_abi_1/bin:/usr/local/Ascend/nnal/atb/latest/atb/cxx_abi_1/bin:/usr/local/Ascend/nnal/atb/latest/atb/cxx_abi_1/bin:/root/.vscode-server/data/User/globalStorage/github.copilot-chat/debugCommand:/root/.vscode-server/data/User/globalStorage/github.copilot-chat/copilotCli:/root/.vscode-server/bin/8761a5560cfd65fdd19ce7e2bd18dab5c0a4d84e/bin/remote-cli:/usr/local/Ascend/nnal/atb/latest/atb/cxx_abi_1/bin:/usr/local/Ascend/nnal/atb/latest/atb/cxx_abi_1/bin:/usr/local/Ascend/nnal/atb/latest/atb/cxx_abi_1/bin:/usr/local/Ascend/ascend-toolkit/latest/bin:/usr/local/Ascend/ascend-toolkit/latest/compiler/ccec_compiler/bin:/usr/local/Ascend/ascend-toolkit/latest/tools/ccec_compiler/bin:/usr/local/python3.11.14/bin:/usr/local/sbin:/usr/local/bin:/usr/sbin:/usr/bin:/sbin:/bin:/usr/local/go/bin:/root/bin:/usr/local/go/bin:/usr/local/go/bin:/root/bin
++ export ATB_STREAM_SYNC_EVERY_KERNEL_ENABLE=0
++ ATB_STREAM_SYNC_EVERY_KERNEL_ENABLE=0
++ export ATB_STREAM_SYNC_EVERY_RUNNER_ENABLE=0
++ ATB_STREAM_SYNC_EVERY_RUNNER_ENABLE=0
++ export ATB_STREAM_SYNC_EVERY_OPERATION_ENABLE=0
++ ATB_STREAM_SYNC_EVERY_OPERATION_ENABLE=0
++ export ATB_OPSRUNNER_KERNEL_CACHE_LOCAL_COUNT=1
++ ATB_OPSRUNNER_KERNEL_CACHE_LOCAL_COUNT=1
++ export ATB_OPSRUNNER_KERNEL_CACHE_GLOABL_COUNT=5
++ ATB_OPSRUNNER_KERNEL_CACHE_GLOABL_COUNT=5
++ export ATB_WORKSPACE_MEM_ALLOC_ALG_TYPE=1
++ ATB_WORKSPACE_MEM_ALLOC_ALG_TYPE=1
++ export ATB_COMPARE_TILING_EVERY_KERNEL=0
++ ATB_COMPARE_TILING_EVERY_KERNEL=0
++ export ATB_SHARE_MEMORY_NAME_SUFFIX=
++ ATB_SHARE_MEMORY_NAME_SUFFIX=
++ export ATB_MATMUL_SHUFFLE_K_ENABLE=1
++ ATB_MATMUL_SHUFFLE_K_ENABLE=1
++ export LCCL_DETERMINISTIC=0
++ LCCL_DETERMINISTIC=0
++ export LCCL_PARALLEL=0
++ LCCL_PARALLEL=0
+ export HYDRA_FULL_ERROR=1
+ HYDRA_FULL_ERROR=1
+ export RAY_DEDUP_LOGS=0
+ RAY_DEDUP_LOGS=0
+ export ASCEND_GLOBAL_EVENT_ENABLE=0
+ ASCEND_GLOBAL_EVENT_ENABLE=0
+ export ASCEND_SLOG_PRINT_TO_STDOUT=0
+ ASCEND_SLOG_PRINT_TO_STDOUT=0
+ export ASCEND_GLOBAL_LOG_LEVEL=3
+ ASCEND_GLOBAL_LOG_LEVEL=3
+ export HCCL_IF_BASE_PORT=64021
+ HCCL_IF_BASE_PORT=64021
+ export CUDA_DEVICE_MAX_CONNECTIONS=1
+ CUDA_DEVICE_MAX_CONNECTIONS=1
+ export MASTER_PORT=23300
+ MASTER_PORT=23300
+ export D2D_DATA_TRANSFER=1
+ D2D_DATA_TRANSFER=1
+ export VLLM_USE_V1=1
+ VLLM_USE_V1=1
+ export PRINT_MEMORY=1
+ PRINT_MEMORY=1
+ export USE_ALLTOALL_OVERLAP=1
+ USE_ALLTOALL_OVERLAP=1
+ export HCCL_OP_EXPANSION_MODE=AIV
+ HCCL_OP_EXPANSION_MODE=AIV
+ export VLLM_LOGGING_LEVEL=INFO
+ VLLM_LOGGING_LEVEL=INFO
+ export VLLM_ENABLE_MC2=1
+ VLLM_ENABLE_MC2=1
+ export VLLM_DP_SIZE=16
+ VLLM_DP_SIZE=16
+ export HCCL_BUFFSIZE=800
+ HCCL_BUFFSIZE=800
+ export TASK_QUEUE_ENABLE=2
+ TASK_QUEUE_ENABLE=2
+ export VLLM_ENABLE_FIX_ROUTE=0
+ VLLM_ENABLE_FIX_ROUTE=0
+ export VLLM_MODEL_EXECUTE_TIME_OBSERVE=0
+ VLLM_MODEL_EXECUTE_TIME_OBSERVE=0
+ export VLLM_ENABLE_GRAPH_MODE=0
+ VLLM_ENABLE_GRAPH_MODE=0
+ export VLLM_ENABLE_EXPERT_PARALLEL=1
+ VLLM_ENABLE_EXPERT_PARALLEL=1
+ export VLLM_CHUNK_MOE_SIZE=512
+ VLLM_CHUNK_MOE_SIZE=512
+ export ALL_TO_ALL_RESHARD=1
+ ALL_TO_ALL_RESHARD=1
+ export USE_ALLTOALL_OVERLAP=1
+ USE_ALLTOALL_OVERLAP=1
+ export VLLM_ENABLE_EPLB=0
+ VLLM_ENABLE_EPLB=0
+ export USE_HDP=0
+ USE_HDP=0
+ export ROLLOUT_REBALANCE_ENABLE=0
+ ROLLOUT_REBALANCE_ENABLE=0
+ export HCCL_ASYNC_ERROR_HANDLING=0
+ HCCL_ASYNC_ERROR_HANDLING=0
+ export HCCL_EXEC_TIMEOUT=7200
+ HCCL_EXEC_TIMEOUT=7200
+ export HCCL_CONNECT_TIMEOUT=7200
+ HCCL_CONNECT_TIMEOUT=7200
+ export VLLM_ASCEND_LLM_PROFILE_ENABLE=0
+ VLLM_ASCEND_LLM_PROFILE_ENABLE=0
+ OUTPUT_ROOT=/workspace/cann-recipes-train/llm_rl/qwen3_shrink_aware
+ OUTPUT_SUBDIR=mode1_baseline_random_batch_floor4
+ OUTPUT_DIR=/workspace/cann-recipes-train/llm_rl/qwen3_shrink_aware/mode1_baseline_random_batch_floor4
+ ROLL_OUT_DIR=/workspace/cann-recipes-train/llm_rl/qwen3_shrink_aware/mode1_baseline_random_batch_floor4/rollout_data
+ ROLL_LEN_DIR=/workspace/cann-recipes-train/llm_rl/qwen3_shrink_aware/mode1_baseline_random_batch_floor4/rollout_length
+ DRAFT_DUMP_DIR=/workspace/cann-recipes-train/llm_rl/qwen3_shrink_aware/mode1_baseline_random_batch_floor4/draft_hidden
+ CKPT_DIR=/workspace/cann-recipes-train/llm_rl/qwen3_shrink_aware/mode1_baseline_random_batch_floor4/checkpoints/qwen3moe_for_eagle3
+ TB_DIR=/workspace/cann-recipes-train/llm_rl/qwen3_shrink_aware/mode1_baseline_random_batch_floor4/tensorboard
+ LOG_DIR=/workspace/cann-recipes-train/llm_rl/qwen3_shrink_aware/mode1_baseline_random_batch_floor4/logs
+ SAVE_CKPT_ENABLE=0
+ SAVE_DRAFT_HIDDEN_ENABLE=0
+ mkdir -p /workspace/cann-recipes-train/llm_rl/qwen3_shrink_aware/mode1_baseline_random_batch_floor4/rollout_data /workspace/cann-recipes-train/llm_rl/qwen3_shrink_aware/mode1_baseline_random_batch_floor4/rollout_length /workspace/cann-recipes-train/llm_rl/qwen3_shrink_aware/mode1_baseline_random_batch_floor4/tensorboard /workspace/cann-recipes-train/llm_rl/qwen3_shrink_aware/mode1_baseline_random_batch_floor4/logs
+ '[' 0 = 1 ']'
+ '[' 0 = 1 ']'
+ export VLLM_ASCEND_ENABLE_DRAFT_TRAIN=0
+ VLLM_ASCEND_ENABLE_DRAFT_TRAIN=0
+ export VLLM_ASCEND_DRAFT_DUMP_ENABLE=0
+ VLLM_ASCEND_DRAFT_DUMP_ENABLE=0
+ export VLLM_ASCEND_DRAFT_DUMP_DIR=/workspace/cann-recipes-train/llm_rl/qwen3_shrink_aware/mode1_baseline_random_batch_floor4/draft_hidden
+ VLLM_ASCEND_DRAFT_DUMP_DIR=/workspace/cann-recipes-train/llm_rl/qwen3_shrink_aware/mode1_baseline_random_batch_floor4/draft_hidden
+ export VLLM_ASCEND_DRAFT_DUMP_EVERY=1
+ VLLM_ASCEND_DRAFT_DUMP_EVERY=1
+ export VLLM_ASCEND_DRAFT_DUMP_HIDDEN_DTYPE=bf16
+ VLLM_ASCEND_DRAFT_DUMP_HIDDEN_DTYPE=bf16
+ export VLLM_ASCEND_DRAFT_QUEUE_SIZE=4096
+ VLLM_ASCEND_DRAFT_QUEUE_SIZE=4096
+ export TENSORBOARD_DIR=/workspace/cann-recipes-train/llm_rl/qwen3_shrink_aware/mode1_baseline_random_batch_floor4/tensorboard
+ TENSORBOARD_DIR=/workspace/cann-recipes-train/llm_rl/qwen3_shrink_aware/mode1_baseline_random_batch_floor4/tensorboard
+ export VLLM_EPOCH_LENGTH_REGROUP_ENABLE=0
+ VLLM_EPOCH_LENGTH_REGROUP_ENABLE=0
+ export VLLM_EPOCH_LENGTH_REGROUP_BUCKET_SIZE=1024
+ VLLM_EPOCH_LENGTH_REGROUP_BUCKET_SIZE=1024
+ export VLLM_EPOCH_LENGTH_REGROUP_EMA_DECAY=0.7
+ VLLM_EPOCH_LENGTH_REGROUP_EMA_DECAY=0.7
+ export VLLM_EPOCH_LENGTH_REGROUP_SHUFFLE_BLOCKS=1
+ VLLM_EPOCH_LENGTH_REGROUP_SHUFFLE_BLOCKS=1
+ export VLLM_ROLLOUT_EARLY_STOP_ENABLE=0
+ VLLM_ROLLOUT_EARLY_STOP_ENABLE=0
+ export VLLM_ROLLOUT_EARLY_STOP_FACTOR=2.0
+ VLLM_ROLLOUT_EARLY_STOP_FACTOR=2.0
+ export VLLM_ROLLOUT_EARLY_STOP_MIN_TOKENS=10000
+ VLLM_ROLLOUT_EARLY_STOP_MIN_TOKENS=10000
+ export VLLM_EAGER_BASELINE_NO_RESAMPLE=1
+ VLLM_EAGER_BASELINE_NO_RESAMPLE=1
+ '[' 1 = 1 ']'
+ SAMPLER_CLASS_PATH=null
+ SAMPLER_CLASS_NAME=null
+ SAMPLER_EXTRA_ARGS=
+ ROLLOUT_ENFORCE_EAGER=True
+ ACTOR_CKPT_SAVE_CONTENTS='[model]'
+ ACTOR_CKPT_LOAD_CONTENTS='[model]'
+ CRITIC_CKPT_SAVE_CONTENTS='[model]'
+ CRITIC_CKPT_LOAD_CONTENTS='[model]'
+ MAX_ACTOR_CKPT_TO_KEEP=3
+ MAX_CRITIC_CKPT_TO_KEEP=1
+ '[' 0 = 1 ']'
+ TRAINER_SAVE_FREQ=-1
+ TRAINER_DEFAULT_LOCAL_DIR=/workspace/cann-recipes-train/llm_rl/qwen3_shrink_aware/mode1_baseline_random_batch_floor4
++ pwd
+ HOME=/workspace/cann-recipes-train/llm_rl/qwen3_shrink_aware
+ MODEL_PATH=/data/Qwen3-30B-A3B
+ CONFIG_DIR=/workspace/cann-recipes-train/llm_rl/qwen3_shrink_aware/verl/trainer/config
+ DISTCP_PATH=/data/Qwen3-30B-A3B_megatron
+ TRAIN_FILE=/data/deepscaler/train.parquet
+ TEST_FILE=/data/deepscaler/test.parquet
++ date +%Y%m%d%H%M%S
+ time=20260616213155
+ logfile=/workspace/cann-recipes-train/llm_rl/qwen3_shrink_aware/mode1_baseline_random_batch_floor4/logs/wjqwen30b-a3b-record_graph_save4eagle3_20260616213155.txt
+ set -x
+ python3 -m verl.trainer.main_ppo --config-path=/workspace/cann-recipes-train/llm_rl/qwen3_shrink_aware/verl/trainer/config --config-name=ppo_megatron_trainer.yaml algorithm.adv_estimator=grpo data.train_files=/data/deepscaler/train.parquet data.val_files=/data/deepscaler/test.parquet data.train_batch_size=32 data.max_prompt_length=1024 data.max_response_length=16384 data.filter_overlong_prompts=True data.truncation=error data.shuffle=False data.dataloader_num_workers=0 data.sampler.class_path=null data.sampler.class_name=null +data.dataset_fraction=0.005 custom_reward_function.path=deepscaler.py custom_reward_function.name=compute_score actor_rollout_ref.model.path=/data/Qwen3-30B-A3B actor_rollout_ref.actor.optim.lr=1e-6 actor_rollout_ref.actor.optim.clip_grad=10000 actor_rollout_ref.actor.ppo_mini_batch_size=32 actor_rollout_ref.actor.ppo_micro_batch_size_per_gpu=1 actor_rollout_ref.actor.use_dynamic_bsz=True actor_rollout_ref.actor.ppo_max_token_len_per_gpu=20480 actor_rollout_ref.actor.megatron.sequence_parallel=True actor_rollout_ref.actor.megatron.expert_model_parallel_size=4 actor_rollout_ref.actor.megatron.tensor_model_parallel_size=4 actor_rollout_ref.actor.megatron.pipeline_model_parallel_size=4 actor_rollout_ref.actor.megatron.expert_tensor_parallel_size=1 actor_rollout_ref.actor.megatron.param_offload=True actor_rollout_ref.actor.megatron.grad_offload=True actor_rollout_ref.actor.megatron.optimizer_offload=False actor_rollout_ref.actor.megatron.use_dist_checkpointing=True actor_rollout_ref.actor.megatron.dist_checkpointing_path=/data/Qwen3-30B-A3B_megatron actor_rollout_ref.actor.use_kl_loss=True actor_rollout_ref.actor.kl_loss_coef=0.001 actor_rollout_ref.actor.kl_loss_type=low_var_kl actor_rollout_ref.actor.load_weight=True actor_rollout_ref.actor.megatron.override_transformer_config.recompute_granularity=full actor_rollout_ref.actor.megatron.override_transformer_config.recompute_method=block actor_rollout_ref.actor.megatron.override_transformer_config.recompute_num_layers=1 actor_rollout_ref.rollout.log_prob_micro_batch_size_per_gpu=4 actor_rollout_ref.rollout.log_prob_use_dynamic_bsz=True actor_rollout_ref.rollout.log_prob_max_token_len_per_gpu=20480 actor_rollout_ref.rollout.tensor_model_parallel_size=1 actor_rollout_ref.rollout.name=vllm actor_rollout_ref.rollout.gpu_memory_utilization=0.85 actor_rollout_ref.rollout.max_num_batched_tokens=1024 actor_rollout_ref.rollout.enforce_eager=True actor_rollout_ref.rollout.max_num_seqs=32 actor_rollout_ref.rollout.n=16 actor_rollout_ref.rollout.temperature=0.9 actor_rollout_ref.rollout.top_k=50 actor_rollout_ref.rollout.top_p=0.9 actor_rollout_ref.rollout.ignore_eos=False actor_rollout_ref.ref.log_prob_micro_batch_size_per_gpu=8 actor_rollout_ref.ref.megatron.param_offload=True actor_rollout_ref.ref.load_weight=True actor_rollout_ref.ref.megatron.use_dist_checkpointing=True actor_rollout_ref.ref.megatron.dist_checkpointing_path=/data/Qwen3-30B-A3B_megatron algorithm.kl_ctrl.kl_coef=0.001 trainer.balance_batch=False trainer.device=npu trainer.val_before_train=False trainer.critic_warmup=0 'trainer.logger=[console,tensorboard]' trainer.project_name=verl_grpo_example trainer.experiment_name=qwen3_30_verl_mindspeedllm_vllm trainer.n_gpus_per_node=16 trainer.nnodes=1 trainer.save_freq=-1 trainer.max_actor_ckpt_to_keep=3 trainer.max_critic_ckpt_to_keep=1 'actor_rollout_ref.actor.checkpoint.save_contents=[model]' 'actor_rollout_ref.actor.checkpoint.load_contents=[model]' 'critic.checkpoint.save_contents=[model]' 'critic.checkpoint.load_contents=[model]' +trainer.save_epoch_freq=0 trainer.default_local_dir=/workspace/cann-recipes-train/llm_rl/qwen3_shrink_aware/mode1_baseline_random_batch_floor4 trainer.test_freq=-1 trainer.total_epochs=3 +trainer.rollout_data_dir=/workspace/cann-recipes-train/llm_rl/qwen3_shrink_aware/mode1_baseline_random_batch_floor4/rollout_data +trainer.rollout_length_dir=/workspace/cann-recipes-train/llm_rl/qwen3_shrink_aware/mode1_baseline_random_batch_floor4/rollout_length +actor_rollout_ref.actor.megatron.override_transformer_config.use_flash_attn=True '+actor_rollout_ref.actor.megatron.override_transformer_config.pipeline_num_transformer_layers=[[11],[13],[13],[11]]' +actor_rollout_ref.actor.megatron.override_transformer_config.moe_token_dispatcher_type=alltoall +actor_rollout_ref.actor.megatron.override_transformer_config.moe_alltoall_overlap_comm=True +actor_rollout_ref.actor.megatron.override_transformer_config.use_fused_rotary_pos_emb=True +actor_rollout_ref.actor.megatron.override_transformer_config.use_fused_swiglu=True +actor_rollout_ref.actor.megatron.override_transformer_config.seq_length=2048 +actor_rollout_ref.actor.megatron.override_transformer_config.num_layers_in_first_pipeline_stage=11 +actor_rollout_ref.actor.megatron.override_transformer_config.num_layers_in_last_pipeline_stage=11 +actor_rollout_ref.actor.megatron.override_transformer_config.swap_optimizer=True data.train_files=/data/deepscaler/train.parquet data.val_files=/data/deepscaler/test.parquet data.train_batch_size=32 data.max_prompt_length=1024 data.max_response_length=16384 data.shuffle=True actor_rollout_ref.model.path=/data/Qwen3-30B-A3B actor_rollout_ref.actor.megatron.dist_checkpointing_path=/data/Qwen3-30B-A3B_megatron actor_rollout_ref.ref.megatron.dist_checkpointing_path=/data/Qwen3-30B-A3B_megatron actor_rollout_ref.rollout.max_num_batched_tokens=17408 actor_rollout_ref.rollout.max_num_seqs=32 actor_rollout_ref.rollout.n=16 actor_rollout_ref.rollout.gpu_memory_utilization=0.85 actor_rollout_ref.rollout.shrink_aware.enable_shrink_aware_scheduling=false actor_rollout_ref.rollout.shrink_aware.shrink_aware_mode=off actor_rollout_ref.rollout.shrink_aware.enable_shrink_aware_logging=false trainer.total_epochs=1
/workspace/cann-recipes-train/llm_rl/qwen3_shrink_aware/megatron/core/optimizer/__init__.py:18: UserWarning: Transformer Engine and Apex are not installed. Falling back to Torch optimizers.
  warnings.warn(
/workspace/cann-recipes-train/llm_rl/qwen3_shrink_aware/megatron/core/optimizer/optimizer.py:28: UserWarning: Transformer Engine and Apex are not installed. Falling back to local implementations of multi_tensor_applier and multi_tensor_scale
  warnings.warn(
/workspace/cann-recipes-train/llm_rl/qwen3_shrink_aware/megatron/core/optimizer/clip_grads.py:29: UserWarning: Transformer Engine and Apex are not installed. Falling back to local implementations of multi_tensor_applier, multi_tensor_l2norm, and multi_tensor_scale
  warnings.warn(
/workspace/cann-recipes-train/llm_rl/qwen3_shrink_aware/megatron/core/transformer/multi_token_prediction.py:60: UserWarning: Apex is not installed. Falling back to Torch Norm
  warnings.warn('Apex is not installed. Falling back to Torch Norm')
/workspace/cann-recipes-train/llm_rl/qwen3_shrink_aware/megatron/core/models/gpt/gpt_layer_specs.py:65: UserWarning: Apex is not installed. Falling back to Torch Norm
  warnings.warn('Apex is not installed. Falling back to Torch Norm')
/usr/local/python3.11.14/lib/python3.11/site-packages/torch_npu/contrib/transfer_to_npu.py:347: ImportWarning: 
    *************************************************************************************************************
    The torch.Tensor.cuda and torch.nn.Module.cuda are replaced with torch.Tensor.npu and torch.nn.Module.npu now..
    The torch.cuda.DoubleTensor is replaced with torch.npu.FloatTensor cause the double type is not supported now..
    The backend in torch.distributed.init_process_group set to hccl now..
    The torch.cuda.* and torch.cuda.amp.* are replaced with torch.npu.* and torch.npu.amp.* now..
    The device parameters have been replaced with npu in the function below:
    torch.logspace, torch.randint, torch.hann_window, torch.rand, torch.full_like, torch.ones_like, torch.rand_like, torch.randperm, torch.arange, torch.frombuffer, torch.normal, torch._empty_per_channel_affine_quantized, torch.empty_strided, torch.empty_like, torch.scalar_tensor, torch.tril_indices, torch.bartlett_window, torch.ones, torch.sparse_coo_tensor, torch.randn, torch.kaiser_window, torch.tensor, torch.triu_indices, torch.as_tensor, torch.zeros, torch.randint_like, torch.full, torch.eye, torch._sparse_csr_tensor_unsafe, torch.empty, torch._sparse_coo_tensor_unsafe, torch.blackman_window, torch.zeros_like, torch.range, torch.sparse_csr_tensor, torch.randn_like, torch.from_file, torch._cudnn_init_dropout_state, torch._empty_affine_quantized, torch.linspace, torch.hamming_window, torch.empty_quantized, torch._pin_memory, torch.load, torch.set_default_device, torch.get_device_module, torch.sparse_compressed_tensor, torch.Tensor.new_empty, torch.Tensor.new_empty_strided, torch.Tensor.new_full, torch.Tensor.new_ones, torch.Tensor.new_tensor, torch.Tensor.new_zeros, torch.Tensor.to, torch.Tensor.pin_memory, torch.nn.Module.to, torch.nn.Module.to_empty
    *************************************************************************************************************
    
  warnings.warn(msg, ImportWarning)
/usr/local/python3.11.14/lib/python3.11/site-packages/torch_npu/contrib/transfer_to_npu.py:276: RuntimeWarning: torch.jit.script and torch.jit.script_method will be disabled by transfer_to_npu, which currently does not support them, if you need to enable them, please do not use transfer_to_npu.
  warnings.warn(msg, RuntimeWarning)
/usr/local/python3.11.14/lib/python3.11/site-packages/ray/_private/node.py:1209: ResourceWarning: unclosed file <_io.TextIOWrapper name='/dev/null' mode='w' encoding='UTF-8'>
  process_info = ray._private.services.start_gcs_server(
/usr/local/python3.11.14/lib/python3.11/site-packages/ray/_private/node.py:1273: ResourceWarning: unclosed file <_io.TextIOWrapper name='/dev/null' mode='w' encoding='UTF-8'>
  process_info = ray._private.services.start_raylet(
2026-06-16 21:32:06,142	INFO worker.py:1927 -- Started a local Ray instance.
[36m(pid=3104355)[0m /workspace/cann-recipes-train/llm_rl/qwen3_shrink_aware/megatron/core/optimizer/__init__.py:18: UserWarning: Transformer Engine and Apex are not installed. Falling back to Torch optimizers.
[36m(pid=3104355)[0m   warnings.warn(
[36m(pid=3104355)[0m /workspace/cann-recipes-train/llm_rl/qwen3_shrink_aware/megatron/core/optimizer/optimizer.py:28: UserWarning: Transformer Engine and Apex are not installed. Falling back to local implementations of multi_tensor_applier and multi_tensor_scale
[36m(pid=3104355)[0m   warnings.warn(
[36m(pid=3104355)[0m /workspace/cann-recipes-train/llm_rl/qwen3_shrink_aware/megatron/core/optimizer/clip_grads.py:29: UserWarning: Transformer Engine and Apex are not installed. Falling back to local implementations of multi_tensor_applier, multi_tensor_l2norm, and multi_tensor_scale
[36m(pid=3104355)[0m   warnings.warn(
[36m(pid=3104355)[0m /workspace/cann-recipes-train/llm_rl/qwen3_shrink_aware/megatron/core/transformer/multi_token_prediction.py:60: UserWarning: Apex is not installed. Falling back to Torch Norm
[36m(pid=3104355)[0m   warnings.warn('Apex is not installed. Falling back to Torch Norm')
[36m(pid=3104355)[0m /workspace/cann-recipes-train/llm_rl/qwen3_shrink_aware/megatron/core/models/gpt/gpt_layer_specs.py:65: UserWarning: Apex is not installed. Falling back to Torch Norm
[36m(pid=3104355)[0m   warnings.warn('Apex is not installed. Falling back to Torch Norm')
[36m(pid=3104355)[0m /usr/local/python3.11.14/lib/python3.11/site-packages/torch_npu/contrib/transfer_to_npu.py:347: ImportWarning: 
[36m(pid=3104355)[0m     *************************************************************************************************************
[36m(pid=3104355)[0m     The torch.Tensor.cuda and torch.nn.Module.cuda are replaced with torch.Tensor.npu and torch.nn.Module.npu now..
[36m(pid=3104355)[0m     The torch.cuda.DoubleTensor is replaced with torch.npu.FloatTensor cause the double type is not supported now..
[36m(pid=3104355)[0m     The backend in torch.distributed.init_process_group set to hccl now..
[36m(pid=3104355)[0m     The torch.cuda.* and torch.cuda.amp.* are replaced with torch.npu.* and torch.npu.amp.* now..
[36m(pid=3104355)[0m     The device parameters have been replaced with npu in the function below:
[36m(pid=3104355)[0m     torch.logspace, torch.randint, torch.hann_window, torch.rand, torch.full_like, torch.ones_like, torch.rand_like, torch.randperm, torch.arange, torch.frombuffer, torch.normal, torch._empty_per_channel_affine_quantized, torch.empty_strided, torch.empty_like, torch.scalar_tensor, torch.tril_indices, torch.bartlett_window, torch.ones, torch.sparse_coo_tensor, torch.randn, torch.kaiser_window, torch.tensor, torch.triu_indices, torch.as_tensor, torch.zeros, torch.randint_like, torch.full, torch.eye, torch._sparse_csr_tensor_unsafe, torch.empty, torch._sparse_coo_tensor_unsafe, torch.blackman_window, torch.zeros_like, torch.range, torch.sparse_csr_tensor, torch.randn_like, torch.from_file, torch._cudnn_init_dropout_state, torch._empty_affine_quantized, torch.linspace, torch.hamming_window, torch.empty_quantized, torch._pin_memory, torch.load, torch.set_default_device, torch.get_device_module, torch.sparse_compressed_tensor, torch.Tensor.new_empty, torch.Tensor.new_empty_strided, torch.Tensor.new_full, torch.Tensor.new_ones, torch.Tensor.new_tensor, torch.Tensor.new_zeros, torch.Tensor.to, torch.Tensor.pin_memory, torch.nn.Module.to, torch.nn.Module.to_empty
[36m(pid=3104355)[0m     *************************************************************************************************************
[36m(pid=3104355)[0m     
[36m(pid=3104355)[0m   warnings.warn(msg, ImportWarning)
[36m(pid=3104355)[0m /usr/local/python3.11.14/lib/python3.11/site-packages/torch_npu/contrib/transfer_to_npu.py:276: RuntimeWarning: torch.jit.script and torch.jit.script_method will be disabled by transfer_to_npu, which currently does not support them, if you need to enable them, please do not use transfer_to_npu.
[36m(pid=3104355)[0m   warnings.warn(msg, RuntimeWarning)
[36m(TaskRunner pid=3104355)[0m /workspace/cann-recipes-train/llm_rl/qwen3_shrink_aware/verl/trainer/main_ppo.py:306: UserWarning: Disabled critic as algorithm.adv_estimator != gae. If it is not intended, please set critic.enable=True
[36m(TaskRunner pid=3104355)[0m   use_critic=need_critic(config),
[36m(TaskRunner pid=3104355)[0m /workspace/cann-recipes-train/llm_rl/qwen3_shrink_aware/verl/utils/profiler/config.py:49: UserWarning: Torch profiler tool config is not fully supported now.
[36m(TaskRunner pid=3104355)[0m   warnings.warn("Torch profiler tool config is not fully supported now.", stacklevel=1)
[36m(TaskRunner pid=3104355)[0m Setting TOKENIZERS_PARALLELISM=false for forked processes.
[36m(TaskRunner pid=3104355)[0m Filtering prompts longer than 1024 tokens (num_proc=1):   0%|          | 0/181 [00:00<?, ? examples/s]
[36m(TaskRunner pid=3104355)[0m Filtering prompts longer than 1024 tokens (num_proc=1): 100%|██████████| 181/181 [00:00<00:00, 320.91 examples/s]
[36m(TaskRunner pid=3104355)[0m Filtering prompts longer than 1024 tokens (num_proc=1): 100%|██████████| 181/181 [00:00<00:00, 267.98 examples/s]
[36m(TaskRunner pid=3104355)[0m Setting TOKENIZERS_PARALLELISM=false for forked processes.
[36m(TaskRunner pid=3104355)[0m Filtering prompts longer than 1024 tokens (num_proc=1):   0%|          | 0/20 [00:00<?, ? examples/s]
[36m(TaskRunner pid=3104355)[0m Filtering prompts longer than 1024 tokens (num_proc=1): 100%|██████████| 20/20 [00:00<00:00, 39.26 examples/s]
[36m(TaskRunner pid=3104355)[0m Filtering prompts longer than 1024 tokens (num_proc=1): 100%|██████████| 20/20 [00:00<00:00, 32.26 examples/s]
[36m(TaskRunner pid=3104355)[0m /workspace/cann-recipes-train/llm_rl/qwen3_shrink_aware/verl/trainer/ppo/ray_trainer.py:365: UserWarning: Disabled critic as algorithm.adv_estimator != gae. If it is not intended, please set critic.enable=True
[36m(TaskRunner pid=3104355)[0m   self.use_critic = need_critic(self.config)
[36m(pid=3105815)[0m /usr/local/python3.11.14/lib/python3.11/site-packages/torch_npu/contrib/transfer_to_npu.py:345: ImportWarning: 
[36m(pid=3105815)[0m     *************************************************************************************************************
[36m(pid=3105815)[0m     The torch.Tensor.cuda and torch.nn.Module.cuda are replaced with torch.Tensor.npu and torch.nn.Module.npu now..
[36m(pid=3105815)[0m     The torch.cuda.DoubleTensor is replaced with torch.npu.FloatTensor cause the double type is not supported now..
[36m(pid=3105815)[0m     The backend in torch.distributed.init_process_group set to hccl now..
[36m(pid=3105815)[0m     The torch.cuda.* and torch.cuda.amp.* are replaced with torch.npu.* and torch.npu.amp.* now..
[36m(pid=3105815)[0m     The device parameters have been replaced with npu in the function below:
[36m(pid=3105815)[0m     torch.logspace, torch.randint, torch.hann_window, torch.rand, torch.full_like, torch.ones_like, torch.rand_like, torch.randperm, torch.arange, torch.frombuffer, torch.normal, torch._empty_per_channel_affine_quantized, torch.empty_strided, torch.empty_like, torch.scalar_tensor, torch.tril_indices, torch.bartlett_window, torch.ones, torch.sparse_coo_tensor, torch.randn, torch.kaiser_window, torch.tensor, torch.triu_indices, torch.as_tensor, torch.zeros, torch.randint_like, torch.full, torch.eye, torch._sparse_csr_tensor_unsafe, torch.empty, torch._sparse_coo_tensor_unsafe, torch.blackman_window, torch.zeros_like, torch.range, torch.sparse_csr_tensor, torch.randn_like, torch.from_file, torch._cudnn_init_dropout_state, torch._empty_affine_quantized, torch.linspace, torch.hamming_window, torch.empty_quantized, torch._pin_memory, torch.load, torch.set_default_device, torch.get_device_module, torch.sparse_compressed_tensor, torch.Tensor.new_empty, torch.Tensor.new_empty_strided, torch.Tensor.new_full, torch.Tensor.new_ones, torch.Tensor.new_tensor, torch.Tensor.new_zeros, torch.Tensor.to, torch.Tensor.pin_memory, torch.nn.Module.to, torch.nn.Module.to_empty
[36m(pid=3105815)[0m     *************************************************************************************************************
[36m(pid=3105815)[0m     
[36m(pid=3105815)[0m   warnings.warn(msg, ImportWarning)
[36m(pid=3105815)[0m /usr/local/python3.11.14/lib/python3.11/site-packages/torch_npu/contrib/transfer_to_npu.py:276: RuntimeWarning: torch.jit.script and torch.jit.script_method will be disabled by transfer_to_npu, which currently does not support them, if you need to enable them, please do not use transfer_to_npu.
[36m(pid=3105815)[0m   warnings.warn(msg, RuntimeWarning)
[36m(pid=3105815)[0m /usr/local/python3.11.14/lib/python3.11/site-packages/torch_npu/dynamo/torchair/__init__.py:8: DeprecationWarning: pkg_resources is deprecated as an API. See https://setuptools.pypa.io/en/latest/pkg_resources.html
[36m(pid=3105815)[0m   import pkg_resources
[36m(pid=3105815)[0m /usr/local/python3.11.14/lib/python3.11/site-packages/ray/util/state/util.py:54: DeprecationWarning: Ray state API is no longer experimental. Please import from `ray.util.state`. instead. Importing from `ray.experimental` will be deprecated in future releases. 
[36m(pid=3105815)[0m   warnings.warn(
[36m(pid=3105823)[0m /usr/local/python3.11.14/lib/python3.11/site-packages/ray/util/state/util.py:54: DeprecationWarning: Ray state API is no longer experimental. Please import from `ray.util.state`. instead. Importing from `ray.experimental` will be deprecated in future releases. 
[36m(pid=3105823)[0m   warnings.warn(
[36m(pid=3105816)[0m /usr/local/python3.11.14/lib/python3.11/site-packages/ray/util/state/util.py:54: DeprecationWarning: Ray state API is no longer experimental. Please import from `ray.util.state`. instead. Importing from `ray.experimental` will be deprecated in future releases. 
[36m(pid=3105816)[0m   warnings.warn(
[36m(pid=3105817)[0m /usr/local/python3.11.14/lib/python3.11/site-packages/ray/util/state/util.py:54: DeprecationWarning: Ray state API is no longer experimental. Please import from `ray.util.state`. instead. Importing from `ray.experimental` will be deprecated in future releases. 
[36m(pid=3105817)[0m   warnings.warn(
[36m(pid=3105818)[0m /usr/local/python3.11.14/lib/python3.11/site-packages/ray/util/state/util.py:54: DeprecationWarning: Ray state API is no longer experimental. Please import from `ray.util.state`. instead. Importing from `ray.experimental` will be deprecated in future releases. 
[36m(pid=3105818)[0m   warnings.warn(
[36m(pid=3105824)[0m /usr/local/python3.11.14/lib/python3.11/site-packages/ray/util/state/util.py:54: DeprecationWarning: Ray state API is no longer experimental. Please import from `ray.util.state`. instead. Importing from `ray.experimental` will be deprecated in future releases. 
[36m(pid=3105824)[0m   warnings.warn(
[36m(pid=3105819)[0m /usr/local/python3.11.14/lib/python3.11/site-packages/ray/util/state/util.py:54: DeprecationWarning: Ray state API is no longer experimental. Please import from `ray.util.state`. instead. Importing from `ray.experimental` will be deprecated in future releases. 
[36m(pid=3105819)[0m   warnings.warn(
[36m(pid=3105822)[0m /usr/local/python3.11.14/lib/python3.11/site-packages/ray/util/state/util.py:54: DeprecationWarning: Ray state API is no longer experimental. Please import from `ray.util.state`. instead. Importing from `ray.experimental` will be deprecated in future releases. 
[36m(pid=3105822)[0m   warnings.warn(
[36m(pid=3105829)[0m /usr/local/python3.11.14/lib/python3.11/site-packages/ray/util/state/util.py:54: DeprecationWarning: Ray state API is no longer experimental. Please import from `ray.util.state`. instead. Importing from `ray.experimental` will be deprecated in future releases. 
[36m(pid=3105829)[0m   warnings.warn(
[36m(pid=3105825)[0m /usr/local/python3.11.14/lib/python3.11/site-packages/ray/util/state/util.py:54: DeprecationWarning: Ray state API is no longer experimental. Please import from `ray.util.state`. instead. Importing from `ray.experimental` will be deprecated in future releases. 
[36m(pid=3105825)[0m   warnings.warn(
[36m(pid=3105828)[0m /usr/local/python3.11.14/lib/python3.11/site-packages/ray/util/state/util.py:54: DeprecationWarning: Ray state API is no longer experimental. Please import from `ray.util.state`. instead. Importing from `ray.experimental` will be deprecated in future releases. 
[36m(pid=3105828)[0m   warnings.warn(
[36m(pid=3105827)[0m /usr/local/python3.11.14/lib/python3.11/site-packages/ray/util/state/util.py:54: DeprecationWarning: Ray state API is no longer experimental. Please import from `ray.util.state`. instead. Importing from `ray.experimental` will be deprecated in future releases. 
[36m(pid=3105827)[0m   warnings.warn(
[36m(pid=3105830)[0m /usr/local/python3.11.14/lib/python3.11/site-packages/ray/util/state/util.py:54: DeprecationWarning: Ray state API is no longer experimental. Please import from `ray.util.state`. instead. Importing from `ray.experimental` will be deprecated in future releases. 
[36m(pid=3105830)[0m   warnings.warn(
[36m(pid=3105821)[0m /usr/local/python3.11.14/lib/python3.11/site-packages/ray/util/state/util.py:54: DeprecationWarning: Ray state API is no longer experimental. Please import from `ray.util.state`. instead. Importing from `ray.experimental` will be deprecated in future releases. 
[36m(pid=3105821)[0m   warnings.warn(
[36m(pid=3105820)[0m /usr/local/python3.11.14/lib/python3.11/site-packages/ray/util/state/util.py:54: DeprecationWarning: Ray state API is no longer experimental. Please import from `ray.util.state`. instead. Importing from `ray.experimental` will be deprecated in future releases. 
[36m(pid=3105820)[0m   warnings.warn(
[36m(pid=3105826)[0m /usr/local/python3.11.14/lib/python3.11/site-packages/ray/util/state/util.py:54: DeprecationWarning: Ray state API is no longer experimental. Please import from `ray.util.state`. instead. Importing from `ray.experimental` will be deprecated in future releases. 
[36m(pid=3105826)[0m   warnings.warn(
[36m(WorkerDict pid=3105816)[0m /workspace/cann-recipes-train/llm_rl/qwen3_shrink_aware/verl/models/mcore/config_converter.py:281: UserWarning: The following keys are not supported in the current Megatron version and will be removed: ['use_flash_attn', 'pipeline_num_transformer_layers', 'moe_alltoall_overlap_comm', 'use_fused_rotary_pos_emb', 'use_fused_swiglu', 'seq_length', 'swap_optimizer']
[36m(WorkerDict pid=3105816)[0m   return check_and_construct_configs(args, TransformerConfig)
[36m(WorkerDict pid=3105816)[0m /workspace/cann-recipes-train/llm_rl/qwen3_shrink_aware/megatron/core/transformer/transformer_config.py:1065: UserWarning: Using a large number of experts (e.g. >=32) without fp32 routing. Consider enabling moe_router_dtype for better numerical stability.
[36m(WorkerDict pid=3105816)[0m   warnings.warn(
[36m(WorkerDict pid=3105824)[0m /workspace/cann-recipes-train/llm_rl/qwen3_shrink_aware/verl/models/mcore/config_converter.py:281: UserWarning: The following keys are not supported in the current Megatron version and will be removed: ['use_flash_attn', 'pipeline_num_transformer_layers', 'moe_alltoall_overlap_comm', 'use_fused_rotary_pos_emb', 'use_fused_swiglu', 'seq_length', 'swap_optimizer']
[36m(WorkerDict pid=3105824)[0m   return check_and_construct_configs(args, TransformerConfig)
[36m(WorkerDict pid=3105824)[0m /workspace/cann-recipes-train/llm_rl/qwen3_shrink_aware/megatron/core/transformer/transformer_config.py:1065: UserWarning: Using a large number of experts (e.g. >=32) without fp32 routing. Consider enabling moe_router_dtype for better numerical stability.
[36m(WorkerDict pid=3105824)[0m   warnings.warn(
[36m(WorkerDict pid=3105819)[0m /workspace/cann-recipes-train/llm_rl/qwen3_shrink_aware/verl/models/mcore/config_converter.py:281: UserWarning: The following keys are not supported in the current Megatron version and will be removed: ['use_flash_attn', 'pipeline_num_transformer_layers', 'moe_alltoall_overlap_comm', 'use_fused_rotary_pos_emb', 'use_fused_swiglu', 'seq_length', 'swap_optimizer']
[36m(WorkerDict pid=3105819)[0m   return check_and_construct_configs(args, TransformerConfig)
[36m(WorkerDict pid=3105819)[0m /workspace/cann-recipes-train/llm_rl/qwen3_shrink_aware/megatron/core/transformer/transformer_config.py:1065: UserWarning: Using a large number of experts (e.g. >=32) without fp32 routing. Consider enabling moe_router_dtype for better numerical stability.
[36m(WorkerDict pid=3105819)[0m   warnings.warn(
[36m(WorkerDict pid=3105817)[0m /workspace/cann-recipes-train/llm_rl/qwen3_shrink_aware/verl/models/mcore/config_converter.py:281: UserWarning: The following keys are not supported in the current Megatron version and will be removed: ['use_flash_attn', 'pipeline_num_transformer_layers', 'moe_alltoall_overlap_comm', 'use_fused_rotary_pos_emb', 'use_fused_swiglu', 'seq_length', 'swap_optimizer']
[36m(WorkerDict pid=3105817)[0m   return check_and_construct_configs(args, TransformerConfig)
[36m(WorkerDict pid=3105817)[0m /workspace/cann-recipes-train/llm_rl/qwen3_shrink_aware/megatron/core/transformer/transformer_config.py:1065: UserWarning: Using a large number of experts (e.g. >=32) without fp32 routing. Consider enabling moe_router_dtype for better numerical stability.
[36m(WorkerDict pid=3105817)[0m   warnings.warn(
[36m(WorkerDict pid=3105823)[0m /workspace/cann-recipes-train/llm_rl/qwen3_shrink_aware/verl/models/mcore/config_converter.py:281: UserWarning: The following keys are not supported in the current Megatron version and will be removed: ['use_flash_attn', 'pipeline_num_transformer_layers', 'moe_alltoall_overlap_comm', 'use_fused_rotary_pos_emb', 'use_fused_swiglu', 'seq_length', 'swap_optimizer']
[36m(WorkerDict pid=3105823)[0m   return check_and_construct_configs(args, TransformerConfig)
[36m(WorkerDict pid=3105823)[0m /workspace/cann-recipes-train/llm_rl/qwen3_shrink_aware/megatron/core/transformer/transformer_config.py:1065: UserWarning: Using a large number of experts (e.g. >=32) without fp32 routing. Consider enabling moe_router_dtype for better numerical stability.
[36m(WorkerDict pid=3105823)[0m   warnings.warn(
[36m(WorkerDict pid=3105822)[0m /workspace/cann-recipes-train/llm_rl/qwen3_shrink_aware/verl/models/mcore/config_converter.py:281: UserWarning: The following keys are not supported in the current Megatron version and will be removed: ['use_flash_attn', 'pipeline_num_transformer_layers', 'moe_alltoall_overlap_comm', 'use_fused_rotary_pos_emb', 'use_fused_swiglu', 'seq_length', 'swap_optimizer']
[36m(WorkerDict pid=3105822)[0m   return check_and_construct_configs(args, TransformerConfig)
[36m(WorkerDict pid=3105822)[0m /workspace/cann-recipes-train/llm_rl/qwen3_shrink_aware/megatron/core/transformer/transformer_config.py:1065: UserWarning: Using a large number of experts (e.g. >=32) without fp32 routing. Consider enabling moe_router_dtype for better numerical stability.
[36m(WorkerDict pid=3105822)[0m   warnings.warn(
[36m(WorkerDict pid=3105818)[0m /workspace/cann-recipes-train/llm_rl/qwen3_shrink_aware/verl/models/mcore/config_converter.py:281: UserWarning: The following keys are not supported in the current Megatron version and will be removed: ['use_flash_attn', 'pipeline_num_transformer_layers', 'moe_alltoall_overlap_comm', 'use_fused_rotary_pos_emb', 'use_fused_swiglu', 'seq_length', 'swap_optimizer']
[36m(WorkerDict pid=3105818)[0m   return check_and_construct_configs(args, TransformerConfig)
[36m(WorkerDict pid=3105818)[0m /workspace/cann-recipes-train/llm_rl/qwen3_shrink_aware/megatron/core/transformer/transformer_config.py:1065: UserWarning: Using a large number of experts (e.g. >=32) without fp32 routing. Consider enabling moe_router_dtype for better numerical stability.
[36m(WorkerDict pid=3105818)[0m   warnings.warn(
[36m(WorkerDict pid=3105829)[0m /workspace/cann-recipes-train/llm_rl/qwen3_shrink_aware/verl/models/mcore/config_converter.py:281: UserWarning: The following keys are not supported in the current Megatron version and will be removed: ['use_flash_attn', 'pipeline_num_transformer_layers', 'moe_alltoall_overlap_comm', 'use_fused_rotary_pos_emb', 'use_fused_swiglu', 'seq_length', 'swap_optimizer']
[36m(WorkerDict pid=3105829)[0m   return check_and_construct_configs(args, TransformerConfig)
[36m(WorkerDict pid=3105829)[0m /workspace/cann-recipes-train/llm_rl/qwen3_shrink_aware/megatron/core/transformer/transformer_config.py:1065: UserWarning: Using a large number of experts (e.g. >=32) without fp32 routing. Consider enabling moe_router_dtype for better numerical stability.
[36m(WorkerDict pid=3105829)[0m   warnings.warn(
[36m(WorkerDict pid=3105828)[0m /workspace/cann-recipes-train/llm_rl/qwen3_shrink_aware/verl/models/mcore/config_converter.py:281: UserWarning: The following keys are not supported in the current Megatron version and will be removed: ['use_flash_attn', 'pipeline_num_transformer_layers', 'moe_alltoall_overlap_comm', 'use_fused_rotary_pos_emb', 'use_fused_swiglu', 'seq_length', 'swap_optimizer']
[36m(WorkerDict pid=3105828)[0m   return check_and_construct_configs(args, TransformerConfig)
[36m(WorkerDict pid=3105828)[0m /workspace/cann-recipes-train/llm_rl/qwen3_shrink_aware/megatron/core/transformer/transformer_config.py:1065: UserWarning: Using a large number of experts (e.g. >=32) without fp32 routing. Consider enabling moe_router_dtype for better numerical stability.
[36m(WorkerDict pid=3105828)[0m   warnings.warn(
[36m(WorkerDict pid=3105825)[0m /workspace/cann-recipes-train/llm_rl/qwen3_shrink_aware/verl/models/mcore/config_converter.py:281: UserWarning: The following keys are not supported in the current Megatron version and will be removed: ['use_flash_attn', 'pipeline_num_transformer_layers', 'moe_alltoall_overlap_comm', 'use_fused_rotary_pos_emb', 'use_fused_swiglu', 'seq_length', 'swap_optimizer']
[36m(WorkerDict pid=3105825)[0m   return check_and_construct_configs(args, TransformerConfig)
[36m(WorkerDict pid=3105825)[0m /workspace/cann-recipes-train/llm_rl/qwen3_shrink_aware/megatron/core/transformer/transformer_config.py:1065: UserWarning: Using a large number of experts (e.g. >=32) without fp32 routing. Consider enabling moe_router_dtype for better numerical stability.
[36m(WorkerDict pid=3105825)[0m   warnings.warn(
[36m(WorkerDict pid=3105827)[0m /workspace/cann-recipes-train/llm_rl/qwen3_shrink_aware/verl/models/mcore/config_converter.py:281: UserWarning: The following keys are not supported in the current Megatron version and will be removed: ['use_flash_attn', 'pipeline_num_transformer_layers', 'moe_alltoall_overlap_comm', 'use_fused_rotary_pos_emb', 'use_fused_swiglu', 'seq_length', 'swap_optimizer']
[36m(WorkerDict pid=3105827)[0m   return check_and_construct_configs(args, TransformerConfig)
[36m(WorkerDict pid=3105827)[0m /workspace/cann-recipes-train/llm_rl/qwen3_shrink_aware/megatron/core/transformer/transformer_config.py:1065: UserWarning: Using a large number of experts (e.g. >=32) without fp32 routing. Consider enabling moe_router_dtype for better numerical stability.
[36m(WorkerDict pid=3105827)[0m   warnings.warn(
[36m(WorkerDict pid=3105815)[0m /workspace/cann-recipes-train/llm_rl/qwen3_shrink_aware/verl/models/mcore/config_converter.py:281: UserWarning: The following keys are not supported in the current Megatron version and will be removed: ['use_flash_attn', 'pipeline_num_transformer_layers', 'moe_alltoall_overlap_comm', 'use_fused_rotary_pos_emb', 'use_fused_swiglu', 'seq_length', 'swap_optimizer']
[36m(WorkerDict pid=3105815)[0m   return check_and_construct_configs(args, TransformerConfig)
[36m(WorkerDict pid=3105815)[0m /workspace/cann-recipes-train/llm_rl/qwen3_shrink_aware/megatron/core/transformer/transformer_config.py:1065: UserWarning: Using a large number of experts (e.g. >=32) without fp32 routing. Consider enabling moe_router_dtype for better numerical stability.
[36m(WorkerDict pid=3105815)[0m   warnings.warn(
[36m(WorkerDict pid=3105826)[0m /workspace/cann-recipes-train/llm_rl/qwen3_shrink_aware/verl/models/mcore/config_converter.py:281: UserWarning: The following keys are not supported in the current Megatron version and will be removed: ['use_flash_attn', 'pipeline_num_transformer_layers', 'moe_alltoall_overlap_comm', 'use_fused_rotary_pos_emb', 'use_fused_swiglu', 'seq_length', 'swap_optimizer']
[36m(WorkerDict pid=3105826)[0m   return check_and_construct_configs(args, TransformerConfig)
[36m(WorkerDict pid=3105826)[0m /workspace/cann-recipes-train/llm_rl/qwen3_shrink_aware/megatron/core/transformer/transformer_config.py:1065: UserWarning: Using a large number of experts (e.g. >=32) without fp32 routing. Consider enabling moe_router_dtype for better numerical stability.
[36m(WorkerDict pid=3105826)[0m   warnings.warn(
[36m(WorkerDict pid=3105830)[0m /workspace/cann-recipes-train/llm_rl/qwen3_shrink_aware/verl/models/mcore/config_converter.py:281: UserWarning: The following keys are not supported in the current Megatron version and will be removed: ['use_flash_attn', 'pipeline_num_transformer_layers', 'moe_alltoall_overlap_comm', 'use_fused_rotary_pos_emb', 'use_fused_swiglu', 'seq_length', 'swap_optimizer']
[36m(WorkerDict pid=3105830)[0m   return check_and_construct_configs(args, TransformerConfig)
[36m(WorkerDict pid=3105830)[0m /workspace/cann-recipes-train/llm_rl/qwen3_shrink_aware/megatron/core/transformer/transformer_config.py:1065: UserWarning: Using a large number of experts (e.g. >=32) without fp32 routing. Consider enabling moe_router_dtype for better numerical stability.
[36m(WorkerDict pid=3105830)[0m   warnings.warn(
[36m(WorkerDict pid=3105821)[0m /workspace/cann-recipes-train/llm_rl/qwen3_shrink_aware/verl/models/mcore/config_converter.py:281: UserWarning: The following keys are not supported in the current Megatron version and will be removed: ['use_flash_attn', 'pipeline_num_transformer_layers', 'moe_alltoall_overlap_comm', 'use_fused_rotary_pos_emb', 'use_fused_swiglu', 'seq_length', 'swap_optimizer']
[36m(WorkerDict pid=3105821)[0m   return check_and_construct_configs(args, TransformerConfig)
[36m(WorkerDict pid=3105821)[0m /workspace/cann-recipes-train/llm_rl/qwen3_shrink_aware/megatron/core/transformer/transformer_config.py:1065: UserWarning: Using a large number of experts (e.g. >=32) without fp32 routing. Consider enabling moe_router_dtype for better numerical stability.
[36m(WorkerDict pid=3105821)[0m   warnings.warn(
[36m(WorkerDict pid=3105820)[0m /workspace/cann-recipes-train/llm_rl/qwen3_shrink_aware/verl/models/mcore/config_converter.py:281: UserWarning: The following keys are not supported in the current Megatron version and will be removed: ['use_flash_attn', 'pipeline_num_transformer_layers', 'moe_alltoall_overlap_comm', 'use_fused_rotary_pos_emb', 'use_fused_swiglu', 'seq_length', 'swap_optimizer']
[36m(WorkerDict pid=3105820)[0m   return check_and_construct_configs(args, TransformerConfig)
[36m(WorkerDict pid=3105820)[0m /workspace/cann-recipes-train/llm_rl/qwen3_shrink_aware/megatron/core/transformer/transformer_config.py:1065: UserWarning: Using a large number of experts (e.g. >=32) without fp32 routing. Consider enabling moe_router_dtype for better numerical stability.
[36m(WorkerDict pid=3105820)[0m   warnings.warn(
[36m(WorkerDict pid=3105822)[0m /workspace/cann-recipes-train/llm_rl/qwen3_shrink_aware/megatron/core/dist_checkpointing/strategies/torch.py:892: FutureWarning: `load_state_dict` is deprecated and will be removed in future versions. Please use `load` instead.
[36m(WorkerDict pid=3105822)[0m   checkpoint.load_state_dict(
[36m(WorkerDict pid=3105815)[0m /workspace/cann-recipes-train/llm_rl/qwen3_shrink_aware/megatron/core/dist_checkpointing/strategies/torch.py:892: FutureWarning: `load_state_dict` is deprecated and will be removed in future versions. Please use `load` instead.
[36m(WorkerDict pid=3105815)[0m   checkpoint.load_state_dict(
[36m(WorkerDict pid=3105817)[0m /workspace/cann-recipes-train/llm_rl/qwen3_shrink_aware/megatron/core/dist_checkpointing/strategies/torch.py:892: FutureWarning: `load_state_dict` is deprecated and will be removed in future versions. Please use `load` instead.
[36m(WorkerDict pid=3105817)[0m   checkpoint.load_state_dict(
[36m(WorkerDict pid=3105829)[0m /workspace/cann-recipes-train/llm_rl/qwen3_shrink_aware/megatron/core/dist_checkpointing/strategies/torch.py:892: FutureWarning: `load_state_dict` is deprecated and will be removed in future versions. Please use `load` instead.
[36m(WorkerDict pid=3105829)[0m   checkpoint.load_state_dict(
[36m(WorkerDict pid=3105820)[0m /workspace/cann-recipes-train/llm_rl/qwen3_shrink_aware/megatron/core/dist_checkpointing/strategies/torch.py:892: FutureWarning: `load_state_dict` is deprecated and will be removed in future versions. Please use `load` instead.
[36m(WorkerDict pid=3105820)[0m   checkpoint.load_state_dict(
[36m(WorkerDict pid=3105819)[0m /workspace/cann-recipes-train/llm_rl/qwen3_shrink_aware/megatron/core/dist_checkpointing/strategies/torch.py:892: FutureWarning: `load_state_dict` is deprecated and will be removed in future versions. Please use `load` instead.
[36m(WorkerDict pid=3105819)[0m   checkpoint.load_state_dict(
[36m(WorkerDict pid=3105818)[0m /workspace/cann-recipes-train/llm_rl/qwen3_shrink_aware/megatron/core/dist_checkpointing/strategies/torch.py:892: FutureWarning: `load_state_dict` is deprecated and will be removed in future versions. Please use `load` instead.
[36m(WorkerDict pid=3105818)[0m   checkpoint.load_state_dict(
[36m(WorkerDict pid=3105824)[0m /workspace/cann-recipes-train/llm_rl/qwen3_shrink_aware/megatron/core/dist_checkpointing/strategies/torch.py:892: FutureWarning: `load_state_dict` is deprecated and will be removed in future versions. Please use `load` instead.
[36m(WorkerDict pid=3105824)[0m   checkpoint.load_state_dict(
[36m(WorkerDict pid=3105823)[0m /workspace/cann-recipes-train/llm_rl/qwen3_shrink_aware/megatron/core/dist_checkpointing/strategies/torch.py:892: FutureWarning: `load_state_dict` is deprecated and will be removed in future versions. Please use `load` instead.
[36m(WorkerDict pid=3105823)[0m   checkpoint.load_state_dict(
[36m(WorkerDict pid=3105825)[0m /workspace/cann-recipes-train/llm_rl/qwen3_shrink_aware/megatron/core/dist_checkpointing/strategies/torch.py:892: FutureWarning: `load_state_dict` is deprecated and will be removed in future versions. Please use `load` instead.
[36m(WorkerDict pid=3105825)[0m   checkpoint.load_state_dict(
[36m(WorkerDict pid=3105828)[0m /workspace/cann-recipes-train/llm_rl/qwen3_shrink_aware/megatron/core/dist_checkpointing/strategies/torch.py:892: FutureWarning: `load_state_dict` is deprecated and will be removed in future versions. Please use `load` instead.
[36m(WorkerDict pid=3105828)[0m   checkpoint.load_state_dict(
[36m(WorkerDict pid=3105816)[0m /workspace/cann-recipes-train/llm_rl/qwen3_shrink_aware/megatron/core/dist_checkpointing/strategies/torch.py:892: FutureWarning: `load_state_dict` is deprecated and will be removed in future versions. Please use `load` instead.
[36m(WorkerDict pid=3105816)[0m   checkpoint.load_state_dict(
[36m(WorkerDict pid=3105827)[0m /workspace/cann-recipes-train/llm_rl/qwen3_shrink_aware/megatron/core/dist_checkpointing/strategies/torch.py:892: FutureWarning: `load_state_dict` is deprecated and will be removed in future versions. Please use `load` instead.
[36m(WorkerDict pid=3105827)[0m   checkpoint.load_state_dict(
[36m(WorkerDict pid=3105830)[0m /workspace/cann-recipes-train/llm_rl/qwen3_shrink_aware/megatron/core/dist_checkpointing/strategies/torch.py:892: FutureWarning: `load_state_dict` is deprecated and will be removed in future versions. Please use `load` instead.
[36m(WorkerDict pid=3105830)[0m   checkpoint.load_state_dict(
[36m(WorkerDict pid=3105815)[0m /usr/local/python3.11.14/lib/python3.11/site-packages/torch/distributed/checkpoint/planner_helpers.py:418: FutureWarning: Please use DTensor instead and we are deprecating ShardedTensor.
[36m(WorkerDict pid=3105815)[0m   device = getattr(value, "device", None)
[36m(WorkerDict pid=3105815)[0m /usr/local/python3.11.14/lib/python3.11/site-packages/torch/distributed/checkpoint/default_planner.py:479: FutureWarning: Please use DTensor instead and we are deprecating ShardedTensor.
[36m(WorkerDict pid=3105815)[0m   and md.size != obj.size()
[36m(WorkerDict pid=3105822)[0m /usr/local/python3.11.14/lib/python3.11/site-packages/torch/distributed/checkpoint/planner_helpers.py:418: FutureWarning: Please use DTensor instead and we are deprecating ShardedTensor.
[36m(WorkerDict pid=3105822)[0m   device = getattr(value, "device", None)
[36m(WorkerDict pid=3105822)[0m /usr/local/python3.11.14/lib/python3.11/site-packages/torch/distributed/checkpoint/default_planner.py:479: FutureWarning: Please use DTensor instead and we are deprecating ShardedTensor.
[36m(WorkerDict pid=3105822)[0m   and md.size != obj.size()
[36m(WorkerDict pid=3105817)[0m /usr/local/python3.11.14/lib/python3.11/site-packages/torch/distributed/checkpoint/planner_helpers.py:418: FutureWarning: Please use DTensor instead and we are deprecating ShardedTensor.
[36m(WorkerDict pid=3105817)[0m   device = getattr(value, "device", None)
[36m(WorkerDict pid=3105817)[0m /usr/local/python3.11.14/lib/python3.11/site-packages/torch/distributed/checkpoint/default_planner.py:479: FutureWarning: Please use DTensor instead and we are deprecating ShardedTensor.
[36m(WorkerDict pid=3105817)[0m   and md.size != obj.size()
[36m(WorkerDict pid=3105824)[0m /usr/local/python3.11.14/lib/python3.11/site-packages/torch/distributed/checkpoint/planner_helpers.py:418: FutureWarning: Please use DTensor instead and we are deprecating ShardedTensor.
[36m(WorkerDict pid=3105824)[0m   device = getattr(value, "device", None)
[36m(WorkerDict pid=3105824)[0m /usr/local/python3.11.14/lib/python3.11/site-packages/torch/distributed/checkpoint/default_planner.py:479: FutureWarning: Please use DTensor instead and we are deprecating ShardedTensor.
[36m(WorkerDict pid=3105824)[0m   and md.size != obj.size()
[36m(WorkerDict pid=3105829)[0m /usr/local/python3.11.14/lib/python3.11/site-packages/torch/distributed/checkpoint/planner_helpers.py:418: FutureWarning: Please use DTensor instead and we are deprecating ShardedTensor.
[36m(WorkerDict pid=3105829)[0m   device = getattr(value, "device", None)
[36m(WorkerDict pid=3105829)[0m /usr/local/python3.11.14/lib/python3.11/site-packages/torch/distributed/checkpoint/default_planner.py:479: FutureWarning: Please use DTensor instead and we are deprecating ShardedTensor.
[36m(WorkerDict pid=3105829)[0m   and md.size != obj.size()
[36m(WorkerDict pid=3105823)[0m /usr/local/python3.11.14/lib/python3.11/site-packages/torch/distributed/checkpoint/planner_helpers.py:418: FutureWarning: Please use DTensor instead and we are deprecating ShardedTensor.
[36m(WorkerDict pid=3105823)[0m   device = getattr(value, "device", None)
[36m(WorkerDict pid=3105823)[0m /usr/local/python3.11.14/lib/python3.11/site-packages/torch/distributed/checkpoint/default_planner.py:479: FutureWarning: Please use DTensor instead and we are deprecating ShardedTensor.
[36m(WorkerDict pid=3105823)[0m   and md.size != obj.size()
[36m(WorkerDict pid=3105821)[0m /workspace/cann-recipes-train/llm_rl/qwen3_shrink_aware/megatron/core/dist_checkpointing/strategies/torch.py:892: FutureWarning: `load_state_dict` is deprecated and will be removed in future versions. Please use `load` instead.
[36m(WorkerDict pid=3105821)[0m   checkpoint.load_state_dict(
[36m(WorkerDict pid=3105828)[0m /usr/local/python3.11.14/lib/python3.11/site-packages/torch/distributed/checkpoint/planner_helpers.py:418: FutureWarning: Please use DTensor instead and we are deprecating ShardedTensor.
[36m(WorkerDict pid=3105828)[0m   device = getattr(value, "device", None)
[36m(WorkerDict pid=3105828)[0m /usr/local/python3.11.14/lib/python3.11/site-packages/torch/distributed/checkpoint/default_planner.py:479: FutureWarning: Please use DTensor instead and we are deprecating ShardedTensor.
[36m(WorkerDict pid=3105828)[0m   and md.size != obj.size()
[36m(WorkerDict pid=3105819)[0m /usr/local/python3.11.14/lib/python3.11/site-packages/torch/distributed/checkpoint/planner_helpers.py:418: FutureWarning: Please use DTensor instead and we are deprecating ShardedTensor.
[36m(WorkerDict pid=3105819)[0m   device = getattr(value, "device", None)
[36m(WorkerDict pid=3105819)[0m /usr/local/python3.11.14/lib/python3.11/site-packages/torch/distributed/checkpoint/default_planner.py:479: FutureWarning: Please use DTensor instead and we are deprecating ShardedTensor.
[36m(WorkerDict pid=3105819)[0m   and md.size != obj.size()
[36m(WorkerDict pid=3105818)[0m /usr/local/python3.11.14/lib/python3.11/site-packages/torch/distributed/checkpoint/planner_helpers.py:418: FutureWarning: Please use DTensor instead and we are deprecating ShardedTensor.
[36m(WorkerDict pid=3105818)[0m   device = getattr(value, "device", None)
[36m(WorkerDict pid=3105818)[0m /usr/local/python3.11.14/lib/python3.11/site-packages/torch/distributed/checkpoint/default_planner.py:479: FutureWarning: Please use DTensor instead and we are deprecating ShardedTensor.
[36m(WorkerDict pid=3105818)[0m   and md.size != obj.size()
[36m(WorkerDict pid=3105825)[0m /usr/local/python3.11.14/lib/python3.11/site-packages/torch/distributed/checkpoint/planner_helpers.py:418: FutureWarning: Please use DTensor instead and we are deprecating ShardedTensor.
[36m(WorkerDict pid=3105825)[0m   device = getattr(value, "device", None)
[36m(WorkerDict pid=3105825)[0m /usr/local/python3.11.14/lib/python3.11/site-packages/torch/distributed/checkpoint/default_planner.py:479: FutureWarning: Please use DTensor instead and we are deprecating ShardedTensor.
[36m(WorkerDict pid=3105825)[0m   and md.size != obj.size()
[36m(WorkerDict pid=3105827)[0m /usr/local/python3.11.14/lib/python3.11/site-packages/torch/distributed/checkpoint/planner_helpers.py:418: FutureWarning: Please use DTensor instead and we are deprecating ShardedTensor.
[36m(WorkerDict pid=3105827)[0m   device = getattr(value, "device", None)
[36m(WorkerDict pid=3105827)[0m /usr/local/python3.11.14/lib/python3.11/site-packages/torch/distributed/checkpoint/default_planner.py:479: FutureWarning: Please use DTensor instead and we are deprecating ShardedTensor.
[36m(WorkerDict pid=3105827)[0m   and md.size != obj.size()
[36m(WorkerDict pid=3105820)[0m /usr/local/python3.11.14/lib/python3.11/site-packages/torch/distributed/checkpoint/planner_helpers.py:418: FutureWarning: Please use DTensor instead and we are deprecating ShardedTensor.
[36m(WorkerDict pid=3105820)[0m   device = getattr(value, "device", None)
[36m(WorkerDict pid=3105820)[0m /usr/local/python3.11.14/lib/python3.11/site-packages/torch/distributed/checkpoint/default_planner.py:479: FutureWarning: Please use DTensor instead and we are deprecating ShardedTensor.
[36m(WorkerDict pid=3105820)[0m   and md.size != obj.size()
[36m(WorkerDict pid=3105826)[0m /workspace/cann-recipes-train/llm_rl/qwen3_shrink_aware/megatron/core/dist_checkpointing/strategies/torch.py:892: FutureWarning: `load_state_dict` is deprecated and will be removed in future versions. Please use `load` instead.
[36m(WorkerDict pid=3105826)[0m   checkpoint.load_state_dict(
[36m(WorkerDict pid=3105816)[0m /usr/local/python3.11.14/lib/python3.11/site-packages/torch/distributed/checkpoint/planner_helpers.py:418: FutureWarning: Please use DTensor instead and we are deprecating ShardedTensor.
[36m(WorkerDict pid=3105816)[0m   device = getattr(value, "device", None)
[36m(WorkerDict pid=3105816)[0m /usr/local/python3.11.14/lib/python3.11/site-packages/torch/distributed/checkpoint/default_planner.py:479: FutureWarning: Please use DTensor instead and we are deprecating ShardedTensor.
[36m(WorkerDict pid=3105816)[0m   and md.size != obj.size()
[36m(WorkerDict pid=3105830)[0m /usr/local/python3.11.14/lib/python3.11/site-packages/torch/distributed/checkpoint/planner_helpers.py:418: FutureWarning: Please use DTensor instead and we are deprecating ShardedTensor.
[36m(WorkerDict pid=3105830)[0m   device = getattr(value, "device", None)
[36m(WorkerDict pid=3105830)[0m /usr/local/python3.11.14/lib/python3.11/site-packages/torch/distributed/checkpoint/default_planner.py:479: FutureWarning: Please use DTensor instead and we are deprecating ShardedTensor.
[36m(WorkerDict pid=3105830)[0m   and md.size != obj.size()
[36m(WorkerDict pid=3105821)[0m /usr/local/python3.11.14/lib/python3.11/site-packages/torch/distributed/checkpoint/planner_helpers.py:418: FutureWarning: Please use DTensor instead and we are deprecating ShardedTensor.
[36m(WorkerDict pid=3105821)[0m   device = getattr(value, "device", None)
[36m(WorkerDict pid=3105821)[0m /usr/local/python3.11.14/lib/python3.11/site-packages/torch/distributed/checkpoint/default_planner.py:479: FutureWarning: Please use DTensor instead and we are deprecating ShardedTensor.
[36m(WorkerDict pid=3105821)[0m   and md.size != obj.size()
[36m(WorkerDict pid=3105826)[0m /usr/local/python3.11.14/lib/python3.11/site-packages/torch/distributed/checkpoint/planner_helpers.py:418: FutureWarning: Please use DTensor instead and we are deprecating ShardedTensor.
[36m(WorkerDict pid=3105826)[0m   device = getattr(value, "device", None)
[36m(WorkerDict pid=3105826)[0m /usr/local/python3.11.14/lib/python3.11/site-packages/torch/distributed/checkpoint/default_planner.py:479: FutureWarning: Please use DTensor instead and we are deprecating ShardedTensor.
[36m(WorkerDict pid=3105826)[0m   and md.size != obj.size()
[36m(WorkerDict pid=3105815)[0m /usr/local/python3.11.14/lib/python3.11/site-packages/torch_npu/distributed/distributed_c10d.py:110: UserWarning: HCCL doesn't support gather at the moment. Implemented with allgather instead.
[36m(WorkerDict pid=3105815)[0m   warnings.warn("HCCL doesn't support gather at the moment. Implemented with allgather instead.")
[36m(WorkerDict pid=3105820)[0m [rank5]:[W616 21:33:16.286725228 compiler_depend.ts:338] Warning: Cannot create tensor with interal format while allow_internel_format=False, tensor will be created with base format. (function operator())
[36m(WorkerDict pid=3105819)[0m [rank4]:[W616 21:33:16.284413843 compiler_depend.ts:338] Warning: Cannot create tensor with interal format while allow_internel_format=False, tensor will be created with base format. (function operator())
[36m(WorkerDict pid=3105818)[0m [rank3]:[W616 21:33:16.284743854 compiler_depend.ts:338] Warning: Cannot create tensor with interal format while allow_internel_format=False, tensor will be created with base format. (function operator())
[36m(WorkerDict pid=3105816)[0m [rank1]:[W616 21:33:16.284482735 compiler_depend.ts:338] Warning: Cannot create tensor with interal format while allow_internel_format=False, tensor will be created with base format. (function operator())
[36m(WorkerDict pid=3105822)[0m [rank7]:[W616 21:33:16.284394402 compiler_depend.ts:338] Warning: Cannot create tensor with interal format while allow_internel_format=False, tensor will be created with base format. (function operator())
[36m(WorkerDict pid=3105817)[0m [rank2]:[W616 21:33:16.284242367 compiler_depend.ts:338] Warning: Cannot create tensor with interal format while allow_internel_format=False, tensor will be created with base format. (function operator())
[36m(WorkerDict pid=3105824)[0m [rank9]:[W616 21:33:16.284243617 compiler_depend.ts:338] Warning: Cannot create tensor with interal format while allow_internel_format=False, tensor will be created with base format. (function operator())
[36m(WorkerDict pid=3105823)[0m [rank8]:[W616 21:33:16.288318259 compiler_depend.ts:338] Warning: Cannot create tensor with interal format while allow_internel_format=False, tensor will be created with base format. (function operator())
[36m(WorkerDict pid=3105825)[0m [rank10]:[W616 21:33:16.284337080 compiler_depend.ts:338] Warning: Cannot create tensor with interal format while allow_internel_format=False, tensor will be created with base format. (function operator())
[36m(WorkerDict pid=3105826)[0m [rank11]:[W616 21:33:16.284999362 compiler_depend.ts:338] Warning: Cannot create tensor with interal format while allow_internel_format=False, tensor will be created with base format. (function operator())
[36m(WorkerDict pid=3105821)[0m [rank6]:[W616 21:33:16.284451274 compiler_depend.ts:338] Warning: Cannot create tensor with interal format while allow_internel_format=False, tensor will be created with base format. (function operator())
[36m(WorkerDict pid=3105827)[0m [rank14]:[W616 21:33:16.284452204 compiler_depend.ts:338] Warning: Cannot create tensor with interal format while allow_internel_format=False, tensor will be created with base format. (function operator())
[36m(WorkerDict pid=3105830)[0m [rank15]:[W616 21:33:16.284309130 compiler_depend.ts:338] Warning: Cannot create tensor with interal format while allow_internel_format=False, tensor will be created with base format. (function operator())
[36m(WorkerDict pid=3105829)[0m [rank12]:[W616 21:33:16.284351701 compiler_depend.ts:338] Warning: Cannot create tensor with interal format while allow_internel_format=False, tensor will be created with base format. (function operator())
[36m(WorkerDict pid=3105828)[0m [rank13]:[W616 21:33:16.284479005 compiler_depend.ts:338] Warning: Cannot create tensor with interal format while allow_internel_format=False, tensor will be created with base format. (function operator())
[36m(WorkerDict pid=3105815)[0m /workspace/cann-recipes-train/llm_rl/qwen3_shrink_aware/mindspeed/core/optimizer/swap_optimizer/swap_optimizer.py:128: UserWarning: TypedStorage is deprecated. It will be removed in the future and UntypedStorage will be the only storage class. This should only matter to you if you are using storages directly.  To access UntypedStorage directly, use tensor.untyped_storage() instead of tensor.storage()
[36m(WorkerDict pid=3105815)[0m   if param.storage().size() != 0:
[36m(WorkerDict pid=3105818)[0m /workspace/cann-recipes-train/llm_rl/qwen3_shrink_aware/mindspeed/core/optimizer/swap_optimizer/swap_optimizer.py:128: UserWarning: TypedStorage is deprecated. It will be removed in the future and UntypedStorage will be the only storage class. This should only matter to you if you are using storages directly.  To access UntypedStorage directly, use tensor.untyped_storage() instead of tensor.storage()
[36m(WorkerDict pid=3105818)[0m   if param.storage().size() != 0:
[36m(WorkerDict pid=3105816)[0m /workspace/cann-recipes-train/llm_rl/qwen3_shrink_aware/mindspeed/core/optimizer/swap_optimizer/swap_optimizer.py:128: UserWarning: TypedStorage is deprecated. It will be removed in the future and UntypedStorage will be the only storage class. This should only matter to you if you are using storages directly.  To access UntypedStorage directly, use tensor.untyped_storage() instead of tensor.storage()
[36m(WorkerDict pid=3105816)[0m   if param.storage().size() != 0:
[36m(WorkerDict pid=3105817)[0m /workspace/cann-recipes-train/llm_rl/qwen3_shrink_aware/mindspeed/core/optimizer/swap_optimizer/swap_optimizer.py:128: UserWarning: TypedStorage is deprecated. It will be removed in the future and UntypedStorage will be the only storage class. This should only matter to you if you are using storages directly.  To access UntypedStorage directly, use tensor.untyped_storage() instead of tensor.storage()
[36m(WorkerDict pid=3105817)[0m   if param.storage().size() != 0:
[36m(WorkerDict pid=3105830)[0m /workspace/cann-recipes-train/llm_rl/qwen3_shrink_aware/mindspeed/core/optimizer/swap_optimizer/swap_optimizer.py:128: UserWarning: TypedStorage is deprecated. It will be removed in the future and UntypedStorage will be the only storage class. This should only matter to you if you are using storages directly.  To access UntypedStorage directly, use tensor.untyped_storage() instead of tensor.storage()
[36m(WorkerDict pid=3105830)[0m   if param.storage().size() != 0:
[36m(WorkerDict pid=3105828)[0m /workspace/cann-recipes-train/llm_rl/qwen3_shrink_aware/mindspeed/core/optimizer/swap_optimizer/swap_optimizer.py:128: UserWarning: TypedStorage is deprecated. It will be removed in the future and UntypedStorage will be the only storage class. This should only matter to you if you are using storages directly.  To access UntypedStorage directly, use tensor.untyped_storage() instead of tensor.storage()
[36m(WorkerDict pid=3105828)[0m   if param.storage().size() != 0:
[36m(WorkerDict pid=3105825)[0m /workspace/cann-recipes-train/llm_rl/qwen3_shrink_aware/mindspeed/core/optimizer/swap_optimizer/swap_optimizer.py:128: UserWarning: TypedStorage is deprecated. It will be removed in the future and UntypedStorage will be the only storage class. This should only matter to you if you are using storages directly.  To access UntypedStorage directly, use tensor.untyped_storage() instead of tensor.storage()
[36m(WorkerDict pid=3105825)[0m   if param.storage().size() != 0:
[36m(WorkerDict pid=3105829)[0m /workspace/cann-recipes-train/llm_rl/qwen3_shrink_aware/mindspeed/core/optimizer/swap_optimizer/swap_optimizer.py:128: UserWarning: TypedStorage is deprecated. It will be removed in the future and UntypedStorage will be the only storage class. This should only matter to you if you are using storages directly.  To access UntypedStorage directly, use tensor.untyped_storage() instead of tensor.storage()
[36m(WorkerDict pid=3105829)[0m   if param.storage().size() != 0:
[36m(WorkerDict pid=3105815)[0m /usr/local/python3.11.14/lib/python3.11/site-packages/torch_npu/contrib/transfer_to_npu.py:182: UserWarning: Cannot create tensor with interal format while allow_internel_format=False, tensor will be created with base format. (Triggered internally at build/CMakeFiles/torch_npu.dir/compiler_depend.ts:338.)
[36m(WorkerDict pid=3105815)[0m   return fn(*args, **kwargs)
[36m(WorkerDict pid=3105822)[0m /workspace/cann-recipes-train/llm_rl/qwen3_shrink_aware/mindspeed/core/optimizer/swap_optimizer/swap_optimizer.py:128: UserWarning: TypedStorage is deprecated. It will be removed in the future and UntypedStorage will be the only storage class. This should only matter to you if you are using storages directly.  To access UntypedStorage directly, use tensor.untyped_storage() instead of tensor.storage()
[36m(WorkerDict pid=3105822)[0m   if param.storage().size() != 0:
[36m(WorkerDict pid=3105823)[0m /workspace/cann-recipes-train/llm_rl/qwen3_shrink_aware/mindspeed/core/optimizer/swap_optimizer/swap_optimizer.py:128: UserWarning: TypedStorage is deprecated. It will be removed in the future and UntypedStorage will be the only storage class. This should only matter to you if you are using storages directly.  To access UntypedStorage directly, use tensor.untyped_storage() instead of tensor.storage()
[36m(WorkerDict pid=3105823)[0m   if param.storage().size() != 0:
[36m(WorkerDict pid=3105827)[0m /workspace/cann-recipes-train/llm_rl/qwen3_shrink_aware/mindspeed/core/optimizer/swap_optimizer/swap_optimizer.py:128: UserWarning: TypedStorage is deprecated. It will be removed in the future and UntypedStorage will be the only storage class. This should only matter to you if you are using storages directly.  To access UntypedStorage directly, use tensor.untyped_storage() instead of tensor.storage()
[36m(WorkerDict pid=3105827)[0m   if param.storage().size() != 0:
[36m(WorkerDict pid=3105819)[0m /workspace/cann-recipes-train/llm_rl/qwen3_shrink_aware/mindspeed/core/optimizer/swap_optimizer/swap_optimizer.py:128: UserWarning: TypedStorage is deprecated. It will be removed in the future and UntypedStorage will be the only storage class. This should only matter to you if you are using storages directly.  To access UntypedStorage directly, use tensor.untyped_storage() instead of tensor.storage()
[36m(WorkerDict pid=3105819)[0m   if param.storage().size() != 0:
[36m(WorkerDict pid=3105820)[0m /workspace/cann-recipes-train/llm_rl/qwen3_shrink_aware/mindspeed/core/optimizer/swap_optimizer/swap_optimizer.py:128: UserWarning: TypedStorage is deprecated. It will be removed in the future and UntypedStorage will be the only storage class. This should only matter to you if you are using storages directly.  To access UntypedStorage directly, use tensor.untyped_storage() instead of tensor.storage()
[36m(WorkerDict pid=3105820)[0m   if param.storage().size() != 0:
[36m(WorkerDict pid=3105824)[0m /workspace/cann-recipes-train/llm_rl/qwen3_shrink_aware/mindspeed/core/optimizer/swap_optimizer/swap_optimizer.py:128: UserWarning: TypedStorage is deprecated. It will be removed in the future and UntypedStorage will be the only storage class. This should only matter to you if you are using storages directly.  To access UntypedStorage directly, use tensor.untyped_storage() instead of tensor.storage()
[36m(WorkerDict pid=3105824)[0m   if param.storage().size() != 0:
[36m(WorkerDict pid=3105826)[0m /workspace/cann-recipes-train/llm_rl/qwen3_shrink_aware/mindspeed/core/optimizer/swap_optimizer/swap_optimizer.py:128: UserWarning: TypedStorage is deprecated. It will be removed in the future and UntypedStorage will be the only storage class. This should only matter to you if you are using storages directly.  To access UntypedStorage directly, use tensor.untyped_storage() instead of tensor.storage()
[36m(WorkerDict pid=3105826)[0m   if param.storage().size() != 0:
[36m(WorkerDict pid=3105821)[0m /workspace/cann-recipes-train/llm_rl/qwen3_shrink_aware/mindspeed/core/optimizer/swap_optimizer/swap_optimizer.py:128: UserWarning: TypedStorage is deprecated. It will be removed in the future and UntypedStorage will be the only storage class. This should only matter to you if you are using storages directly.  To access UntypedStorage directly, use tensor.untyped_storage() instead of tensor.storage()
[36m(WorkerDict pid=3105821)[0m   if param.storage().size() != 0:
[36m(WorkerDict pid=3105816)[0m /workspace/cann-recipes-train/llm_rl/qwen3_shrink_aware/verl/utils/profiler/config.py:49: UserWarning: Torch profiler tool config is not fully supported now.
[36m(WorkerDict pid=3105816)[0m   warnings.warn("Torch profiler tool config is not fully supported now.", stacklevel=1)
[36m(WorkerDict pid=3105829)[0m /workspace/cann-recipes-train/llm_rl/qwen3_shrink_aware/verl/utils/profiler/config.py:49: UserWarning: Torch profiler tool config is not fully supported now.
[36m(WorkerDict pid=3105829)[0m   warnings.warn("Torch profiler tool config is not fully supported now.", stacklevel=1)
[36m(WorkerDict pid=3105816)[0m <frozen importlib._bootstrap>:241: DeprecationWarning: builtin type SwigPyPacked has no __module__ attribute
[36m(WorkerDict pid=3105816)[0m <frozen importlib._bootstrap>:241: DeprecationWarning: builtin type SwigPyObject has no __module__ attribute
[36m(WorkerDict pid=3105827)[0m /workspace/cann-recipes-train/llm_rl/qwen3_shrink_aware/verl/utils/profiler/config.py:49: UserWarning: Torch profiler tool config is not fully supported now.
[36m(WorkerDict pid=3105827)[0m   warnings.warn("Torch profiler tool config is not fully supported now.", stacklevel=1)
[36m(WorkerDict pid=3105818)[0m /workspace/cann-recipes-train/llm_rl/qwen3_shrink_aware/verl/utils/profiler/config.py:49: UserWarning: Torch profiler tool config is not fully supported now.
[36m(WorkerDict pid=3105818)[0m   warnings.warn("Torch profiler tool config is not fully supported now.", stacklevel=1)
[36m(WorkerDict pid=3105828)[0m /workspace/cann-recipes-train/llm_rl/qwen3_shrink_aware/verl/utils/profiler/config.py:49: UserWarning: Torch profiler tool config is not fully supported now.
[36m(WorkerDict pid=3105828)[0m   warnings.warn("Torch profiler tool config is not fully supported now.", stacklevel=1)
[36m(WorkerDict pid=3105822)[0m /workspace/cann-recipes-train/llm_rl/qwen3_shrink_aware/verl/utils/profiler/config.py:49: UserWarning: Torch profiler tool config is not fully supported now.
[36m(WorkerDict pid=3105822)[0m   warnings.warn("Torch profiler tool config is not fully supported now.", stacklevel=1)
[36m(WorkerDict pid=3105817)[0m /workspace/cann-recipes-train/llm_rl/qwen3_shrink_aware/verl/utils/profiler/config.py:49: UserWarning: Torch profiler tool config is not fully supported now.
[36m(WorkerDict pid=3105817)[0m   warnings.warn("Torch profiler tool config is not fully supported now.", stacklevel=1)
[36m(WorkerDict pid=3105829)[0m <frozen importlib._bootstrap>:241: DeprecationWarning: builtin type SwigPyPacked has no __module__ attribute
[36m(WorkerDict pid=3105829)[0m <frozen importlib._bootstrap>:241: DeprecationWarning: builtin type SwigPyObject has no __module__ attribute
[36m(WorkerDict pid=3105830)[0m /workspace/cann-recipes-train/llm_rl/qwen3_shrink_aware/verl/utils/profiler/config.py:49: UserWarning: Torch profiler tool config is not fully supported now.
[36m(WorkerDict pid=3105830)[0m   warnings.warn("Torch profiler tool config is not fully supported now.", stacklevel=1)
[36m(WorkerDict pid=3105824)[0m /workspace/cann-recipes-train/llm_rl/qwen3_shrink_aware/verl/utils/profiler/config.py:49: UserWarning: Torch profiler tool config is not fully supported now.
[36m(WorkerDict pid=3105824)[0m   warnings.warn("Torch profiler tool config is not fully supported now.", stacklevel=1)
[36m(WorkerDict pid=3105819)[0m /workspace/cann-recipes-train/llm_rl/qwen3_shrink_aware/verl/utils/profiler/config.py:49: UserWarning: Torch profiler tool config is not fully supported now.
[36m(WorkerDict pid=3105819)[0m   warnings.warn("Torch profiler tool config is not fully supported now.", stacklevel=1)
[36m(WorkerDict pid=3105826)[0m /workspace/cann-recipes-train/llm_rl/qwen3_shrink_aware/verl/utils/profiler/config.py:49: UserWarning: Torch profiler tool config is not fully supported now.
[36m(WorkerDict pid=3105826)[0m   warnings.warn("Torch profiler tool config is not fully supported now.", stacklevel=1)
[36m(WorkerDict pid=3105821)[0m /workspace/cann-recipes-train/llm_rl/qwen3_shrink_aware/verl/utils/profiler/config.py:49: UserWarning: Torch profiler tool config is not fully supported now.
[36m(WorkerDict pid=3105821)[0m   warnings.warn("Torch profiler tool config is not fully supported now.", stacklevel=1)
[36m(WorkerDict pid=3105827)[0m <frozen importlib._bootstrap>:241: DeprecationWarning: builtin type SwigPyPacked has no __module__ attribute
[36m(WorkerDict pid=3105827)[0m <frozen importlib._bootstrap>:241: DeprecationWarning: builtin type SwigPyObject has no __module__ attribute
[36m(WorkerDict pid=3105818)[0m <frozen importlib._bootstrap>:241: DeprecationWarning: builtin type SwigPyPacked has no __module__ attribute
[36m(WorkerDict pid=3105818)[0m <frozen importlib._bootstrap>:241: DeprecationWarning: builtin type SwigPyObject has no __module__ attribute
[36m(WorkerDict pid=3105828)[0m <frozen importlib._bootstrap>:241: DeprecationWarning: builtin type SwigPyPacked has no __module__ attribute
[36m(WorkerDict pid=3105828)[0m <frozen importlib._bootstrap>:241: DeprecationWarning: builtin type SwigPyObject has no __module__ attribute
[36m(WorkerDict pid=3105823)[0m /workspace/cann-recipes-train/llm_rl/qwen3_shrink_aware/verl/utils/profiler/config.py:49: UserWarning: Torch profiler tool config is not fully supported now.
[36m(WorkerDict pid=3105823)[0m   warnings.warn("Torch profiler tool config is not fully supported now.", stacklevel=1)
[36m(WorkerDict pid=3105822)[0m <frozen importlib._bootstrap>:241: DeprecationWarning: builtin type SwigPyPacked has no __module__ attribute
[36m(WorkerDict pid=3105822)[0m <frozen importlib._bootstrap>:241: DeprecationWarning: builtin type SwigPyObject has no __module__ attribute
[36m(WorkerDict pid=3105825)[0m /workspace/cann-recipes-train/llm_rl/qwen3_shrink_aware/verl/utils/profiler/config.py:49: UserWarning: Torch profiler tool config is not fully supported now.
[36m(WorkerDict pid=3105825)[0m   warnings.warn("Torch profiler tool config is not fully supported now.", stacklevel=1)
[36m(WorkerDict pid=3105815)[0m /workspace/cann-recipes-train/llm_rl/qwen3_shrink_aware/verl/utils/profiler/config.py:49: UserWarning: Torch profiler tool config is not fully supported now.
[36m(WorkerDict pid=3105815)[0m   warnings.warn("Torch profiler tool config is not fully supported now.", stacklevel=1)
[36m(WorkerDict pid=3105817)[0m <frozen importlib._bootstrap>:241: DeprecationWarning: builtin type SwigPyPacked has no __module__ attribute
[36m(WorkerDict pid=3105817)[0m <frozen importlib._bootstrap>:241: DeprecationWarning: builtin type SwigPyObject has no __module__ attribute
[36m(WorkerDict pid=3105820)[0m /workspace/cann-recipes-train/llm_rl/qwen3_shrink_aware/verl/utils/profiler/config.py:49: UserWarning: Torch profiler tool config is not fully supported now.
[36m(WorkerDict pid=3105820)[0m   warnings.warn("Torch profiler tool config is not fully supported now.", stacklevel=1)
[36m(WorkerDict pid=3105824)[0m <frozen importlib._bootstrap>:241: DeprecationWarning: builtin type SwigPyPacked has no __module__ attribute
[36m(WorkerDict pid=3105824)[0m <frozen importlib._bootstrap>:241: DeprecationWarning: builtin type SwigPyObject has no __module__ attribute
[36m(WorkerDict pid=3105830)[0m <frozen importlib._bootstrap>:241: DeprecationWarning: builtin type SwigPyPacked has no __module__ attribute
[36m(WorkerDict pid=3105830)[0m <frozen importlib._bootstrap>:241: DeprecationWarning: builtin type SwigPyObject has no __module__ attribute
[36m(WorkerDict pid=3105819)[0m <frozen importlib._bootstrap>:241: DeprecationWarning: builtin type SwigPyPacked has no __module__ attribute
[36m(WorkerDict pid=3105819)[0m <frozen importlib._bootstrap>:241: DeprecationWarning: builtin type SwigPyObject has no __module__ attribute
[36m(WorkerDict pid=3105826)[0m <frozen importlib._bootstrap>:241: DeprecationWarning: builtin type SwigPyPacked has no __module__ attribute
[36m(WorkerDict pid=3105826)[0m <frozen importlib._bootstrap>:241: DeprecationWarning: builtin type SwigPyObject has no __module__ attribute
[36m(WorkerDict pid=3105823)[0m <frozen importlib._bootstrap>:241: DeprecationWarning: builtin type SwigPyPacked has no __module__ attribute
[36m(WorkerDict pid=3105823)[0m <frozen importlib._bootstrap>:241: DeprecationWarning: builtin type SwigPyObject has no __module__ attribute
[36m(WorkerDict pid=3105825)[0m <frozen importlib._bootstrap>:241: DeprecationWarning: builtin type SwigPyPacked has no __module__ attribute
[36m(WorkerDict pid=3105825)[0m <frozen importlib._bootstrap>:241: DeprecationWarning: builtin type SwigPyObject has no __module__ attribute
[36m(WorkerDict pid=3105821)[0m <frozen importlib._bootstrap>:241: DeprecationWarning: builtin type SwigPyPacked has no __module__ attribute
[36m(WorkerDict pid=3105821)[0m <frozen importlib._bootstrap>:241: DeprecationWarning: builtin type SwigPyObject has no __module__ attribute
[36m(WorkerDict pid=3105815)[0m <frozen importlib._bootstrap>:241: DeprecationWarning: builtin type SwigPyPacked has no __module__ attribute
[36m(WorkerDict pid=3105815)[0m <frozen importlib._bootstrap>:241: DeprecationWarning: builtin type SwigPyObject has no __module__ attribute
[36m(WorkerDict pid=3105820)[0m <frozen importlib._bootstrap>:241: DeprecationWarning: builtin type SwigPyPacked has no __module__ attribute
[36m(WorkerDict pid=3105820)[0m <frozen importlib._bootstrap>:241: DeprecationWarning: builtin type SwigPyObject has no __module__ attribute
[36m(WorkerDict pid=3105815)[0m `torch_dtype` is deprecated! Use `dtype` instead!
[36m(WorkerDict pid=3105820)[0m `torch_dtype` is deprecated! Use `dtype` instead!
[36m(WorkerDict pid=3105819)[0m `torch_dtype` is deprecated! Use `dtype` instead!
[36m(WorkerDict pid=3105818)[0m `torch_dtype` is deprecated! Use `dtype` instead!
[36m(WorkerDict pid=3105816)[0m `torch_dtype` is deprecated! Use `dtype` instead!
[36m(WorkerDict pid=3105822)[0m `torch_dtype` is deprecated! Use `dtype` instead!
[36m(WorkerDict pid=3105817)[0m `torch_dtype` is deprecated! Use `dtype` instead!
[36m(WorkerDict pid=3105824)[0m `torch_dtype` is deprecated! Use `dtype` instead!
[36m(WorkerDict pid=3105823)[0m `torch_dtype` is deprecated! Use `dtype` instead!
[36m(WorkerDict pid=3105825)[0m `torch_dtype` is deprecated! Use `dtype` instead!
[36m(WorkerDict pid=3105826)[0m `torch_dtype` is deprecated! Use `dtype` instead!
[36m(WorkerDict pid=3105821)[0m `torch_dtype` is deprecated! Use `dtype` instead!
[36m(WorkerDict pid=3105827)[0m `torch_dtype` is deprecated! Use `dtype` instead!
[36m(WorkerDict pid=3105830)[0m `torch_dtype` is deprecated! Use `dtype` instead!
[36m(WorkerDict pid=3105829)[0m `torch_dtype` is deprecated! Use `dtype` instead!
[36m(WorkerDict pid=3105828)[0m `torch_dtype` is deprecated! Use `dtype` instead!
[36m(WorkerDict pid=3105824)[0m /workspace/cann-recipes-train/llm_rl/qwen3_shrink_aware/megatron/core/transformer/transformer_config.py:1065: UserWarning: Using a large number of experts (e.g. >=32) without fp32 routing. Consider enabling moe_router_dtype for better numerical stability.
[36m(WorkerDict pid=3105824)[0m   warnings.warn(
[36m(WorkerDict pid=3105819)[0m /workspace/cann-recipes-train/llm_rl/qwen3_shrink_aware/megatron/core/transformer/transformer_config.py:1065: UserWarning: Using a large number of experts (e.g. >=32) without fp32 routing. Consider enabling moe_router_dtype for better numerical stability.
[36m(WorkerDict pid=3105819)[0m   warnings.warn(
[36m(WorkerDict pid=3105822)[0m /workspace/cann-recipes-train/llm_rl/qwen3_shrink_aware/megatron/core/transformer/transformer_config.py:1065: UserWarning: Using a large number of experts (e.g. >=32) without fp32 routing. Consider enabling moe_router_dtype for better numerical stability.
[36m(WorkerDict pid=3105822)[0m   warnings.warn(
[36m(WorkerDict pid=3105826)[0m /workspace/cann-recipes-train/llm_rl/qwen3_shrink_aware/megatron/core/transformer/transformer_config.py:1065: UserWarning: Using a large number of experts (e.g. >=32) without fp32 routing. Consider enabling moe_router_dtype for better numerical stability.
[36m(WorkerDict pid=3105826)[0m   warnings.warn(
[36m(WorkerDict pid=3105828)[0m /workspace/cann-recipes-train/llm_rl/qwen3_shrink_aware/megatron/core/transformer/transformer_config.py:1065: UserWarning: Using a large number of experts (e.g. >=32) without fp32 routing. Consider enabling moe_router_dtype for better numerical stability.
[36m(WorkerDict pid=3105828)[0m   warnings.warn(
[36m(WorkerDict pid=3105827)[0m /workspace/cann-recipes-train/llm_rl/qwen3_shrink_aware/megatron/core/transformer/transformer_config.py:1065: UserWarning: Using a large number of experts (e.g. >=32) without fp32 routing. Consider enabling moe_router_dtype for better numerical stability.
[36m(WorkerDict pid=3105827)[0m   warnings.warn(
[36m(WorkerDict pid=3105816)[0m /workspace/cann-recipes-train/llm_rl/qwen3_shrink_aware/megatron/core/transformer/transformer_config.py:1065: UserWarning: Using a large number of experts (e.g. >=32) without fp32 routing. Consider enabling moe_router_dtype for better numerical stability.
[36m(WorkerDict pid=3105816)[0m   warnings.warn(
[36m(WorkerDict pid=3105817)[0m /workspace/cann-recipes-train/llm_rl/qwen3_shrink_aware/megatron/core/transformer/transformer_config.py:1065: UserWarning: Using a large number of experts (e.g. >=32) without fp32 routing. Consider enabling moe_router_dtype for better numerical stability.
[36m(WorkerDict pid=3105817)[0m   warnings.warn(
[36m(WorkerDict pid=3105829)[0m /workspace/cann-recipes-train/llm_rl/qwen3_shrink_aware/megatron/core/transformer/transformer_config.py:1065: UserWarning: Using a large number of experts (e.g. >=32) without fp32 routing. Consider enabling moe_router_dtype for better numerical stability.
[36m(WorkerDict pid=3105829)[0m   warnings.warn(
[36m(WorkerDict pid=3105820)[0m /workspace/cann-recipes-train/llm_rl/qwen3_shrink_aware/megatron/core/transformer/transformer_config.py:1065: UserWarning: Using a large number of experts (e.g. >=32) without fp32 routing. Consider enabling moe_router_dtype for better numerical stability.
[36m(WorkerDict pid=3105820)[0m   warnings.warn(
[36m(WorkerDict pid=3105825)[0m /workspace/cann-recipes-train/llm_rl/qwen3_shrink_aware/megatron/core/transformer/transformer_config.py:1065: UserWarning: Using a large number of experts (e.g. >=32) without fp32 routing. Consider enabling moe_router_dtype for better numerical stability.
[36m(WorkerDict pid=3105825)[0m   warnings.warn(
[36m(WorkerDict pid=3105830)[0m /workspace/cann-recipes-train/llm_rl/qwen3_shrink_aware/megatron/core/transformer/transformer_config.py:1065: UserWarning: Using a large number of experts (e.g. >=32) without fp32 routing. Consider enabling moe_router_dtype for better numerical stability.
[36m(WorkerDict pid=3105830)[0m   warnings.warn(
[36m(WorkerDict pid=3105823)[0m /workspace/cann-recipes-train/llm_rl/qwen3_shrink_aware/megatron/core/transformer/transformer_config.py:1065: UserWarning: Using a large number of experts (e.g. >=32) without fp32 routing. Consider enabling moe_router_dtype for better numerical stability.
[36m(WorkerDict pid=3105823)[0m   warnings.warn(
[36m(WorkerDict pid=3105821)[0m /workspace/cann-recipes-train/llm_rl/qwen3_shrink_aware/megatron/core/transformer/transformer_config.py:1065: UserWarning: Using a large number of experts (e.g. >=32) without fp32 routing. Consider enabling moe_router_dtype for better numerical stability.
[36m(WorkerDict pid=3105821)[0m   warnings.warn(
[36m(WorkerDict pid=3105818)[0m /workspace/cann-recipes-train/llm_rl/qwen3_shrink_aware/megatron/core/transformer/transformer_config.py:1065: UserWarning: Using a large number of experts (e.g. >=32) without fp32 routing. Consider enabling moe_router_dtype for better numerical stability.
[36m(WorkerDict pid=3105818)[0m   warnings.warn(
[36m(WorkerDict pid=3105815)[0m /workspace/cann-recipes-train/llm_rl/qwen3_shrink_aware/megatron/core/transformer/transformer_config.py:1065: UserWarning: Using a large number of experts (e.g. >=32) without fp32 routing. Consider enabling moe_router_dtype for better numerical stability.
[36m(WorkerDict pid=3105815)[0m   warnings.warn(
[36m(TaskRunner pid=3104355)[0m Training Progress:   0%|          | 0/5 [00:00<?, ?it/s]
[36m(WorkerDict pid=3105824)[0m Adding requests:   0%|          | 0/32 [00:00<?, ?it/s]Adding requests: 100%|██████████| 32/32 [00:00<00:00, 9945.74it/s]
[36m(WorkerDict pid=3105824)[0m Processed prompts:   0%|          | 0/32 [00:00<?, ?it/s, est. speed input: 0.00 toks/s, output: 0.00 toks/s]
[36m(WorkerDict pid=3105817)[0m Adding requests:   0%|          | 0/32 [00:00<?, ?it/s]Adding requests: 100%|██████████| 32/32 [00:00<00:00, 9571.94it/s]
[36m(WorkerDict pid=3105817)[0m Processed prompts:   0%|          | 0/32 [00:00<?, ?it/s, est. speed input: 0.00 toks/s, output: 0.00 toks/s]
[36m(WorkerDict pid=3105827)[0m Adding requests:   0%|          | 0/32 [00:00<?, ?it/s]Adding requests: 100%|██████████| 32/32 [00:00<00:00, 9677.53it/s]
[36m(WorkerDict pid=3105827)[0m Processed prompts:   0%|          | 0/32 [00:00<?, ?it/s, est. speed input: 0.00 toks/s, output: 0.00 toks/s]
[36m(WorkerDict pid=3105819)[0m Adding requests:   0%|          | 0/32 [00:00<?, ?it/s]Adding requests: 100%|██████████| 32/32 [00:00<00:00, 9332.99it/s]
[36m(WorkerDict pid=3105819)[0m Processed prompts:   0%|          | 0/32 [00:00<?, ?it/s, est. speed input: 0.00 toks/s, output: 0.00 toks/s]
[36m(WorkerDict pid=3105822)[0m Adding requests:   0%|          | 0/32 [00:00<?, ?it/s]Adding requests: 100%|██████████| 32/32 [00:00<00:00, 9720.99it/s]
[36m(WorkerDict pid=3105822)[0m Processed prompts:   0%|          | 0/32 [00:00<?, ?it/s, est. speed input: 0.00 toks/s, output: 0.00 toks/s]
[36m(WorkerDict pid=3105828)[0m Adding requests:   0%|          | 0/32 [00:00<?, ?it/s]Adding requests: 100%|██████████| 32/32 [00:00<00:00, 8815.61it/s]
[36m(WorkerDict pid=3105828)[0m Processed prompts:   0%|          | 0/32 [00:00<?, ?it/s, est. speed input: 0.00 toks/s, output: 0.00 toks/s]
[36m(WorkerDict pid=3105825)[0m Adding requests:   0%|          | 0/32 [00:00<?, ?it/s]Adding requests: 100%|██████████| 32/32 [00:00<00:00, 9387.82it/s]
[36m(WorkerDict pid=3105825)[0m Processed prompts:   0%|          | 0/32 [00:00<?, ?it/s, est. speed input: 0.00 toks/s, output: 0.00 toks/s]
[36m(WorkerDict pid=3105823)[0m Adding requests:   0%|          | 0/32 [00:00<?, ?it/s]Adding requests: 100%|██████████| 32/32 [00:00<00:00, 9517.64it/s]
[36m(WorkerDict pid=3105823)[0m Processed prompts:   0%|          | 0/32 [00:00<?, ?it/s, est. speed input: 0.00 toks/s, output: 0.00 toks/s]
[36m(WorkerDict pid=3105821)[0m Adding requests:   0%|          | 0/32 [00:00<?, ?it/s]Adding requests: 100%|██████████| 32/32 [00:00<00:00, 8762.66it/s]
[36m(WorkerDict pid=3105821)[0m Processed prompts:   0%|          | 0/32 [00:00<?, ?it/s, est. speed input: 0.00 toks/s, output: 0.00 toks/s]
[36m(WorkerDict pid=3105830)[0m Adding requests:   0%|          | 0/32 [00:00<?, ?it/s]Adding requests: 100%|██████████| 32/32 [00:00<00:00, 8794.24it/s]
[36m(WorkerDict pid=3105830)[0m Processed prompts:   0%|          | 0/32 [00:00<?, ?it/s, est. speed input: 0.00 toks/s, output: 0.00 toks/s]
[36m(WorkerDict pid=3105820)[0m Adding requests:   0%|          | 0/32 [00:00<?, ?it/s]Adding requests: 100%|██████████| 32/32 [00:00<00:00, 9215.09it/s]
[36m(WorkerDict pid=3105820)[0m Processed prompts:   0%|          | 0/32 [00:00<?, ?it/s, est. speed input: 0.00 toks/s, output: 0.00 toks/s]
[36m(WorkerDict pid=3105829)[0m Adding requests:   0%|          | 0/32 [00:00<?, ?it/s]Adding requests: 100%|██████████| 32/32 [00:00<00:00, 9203.08it/s]
[36m(WorkerDict pid=3105829)[0m Processed prompts:   0%|          | 0/32 [00:00<?, ?it/s, est. speed input: 0.00 toks/s, output: 0.00 toks/s]
[36m(WorkerDict pid=3105818)[0m Adding requests:   0%|          | 0/32 [00:00<?, ?it/s]Adding requests: 100%|██████████| 32/32 [00:00<00:00, 8631.37it/s]
[36m(WorkerDict pid=3105818)[0m Processed prompts:   0%|          | 0/32 [00:00<?, ?it/s, est. speed input: 0.00 toks/s, output: 0.00 toks/s]
[36m(WorkerDict pid=3105816)[0m Adding requests:   0%|          | 0/32 [00:00<?, ?it/s]Adding requests: 100%|██████████| 32/32 [00:00<00:00, 9483.34it/s]
[36m(WorkerDict pid=3105816)[0m Processed prompts:   0%|          | 0/32 [00:00<?, ?it/s, est. speed input: 0.00 toks/s, output: 0.00 toks/s]
[36m(WorkerDict pid=3105826)[0m Adding requests:   0%|          | 0/32 [00:00<?, ?it/s]Adding requests: 100%|██████████| 32/32 [00:00<00:00, 9084.11it/s]
[36m(WorkerDict pid=3105826)[0m Processed prompts:   0%|          | 0/32 [00:00<?, ?it/s, est. speed input: 0.00 toks/s, output: 0.00 toks/s]
[36m(WorkerDict pid=3105815)[0m Adding requests:   0%|          | 0/32 [00:00<?, ?it/s]Adding requests: 100%|██████████| 32/32 [00:00<00:00, 9420.77it/s]
[36m(WorkerDict pid=3105815)[0m Processed prompts:   0%|          | 0/32 [00:00<?, ?it/s, est. speed input: 0.00 toks/s, output: 0.00 toks/s]
[36m(WorkerDict pid=3105815)[0m [rank0]:E0616 21:35:35.639000 3105815 site-packages/torch/_dynamo/metrics_context.py:105] [0/0] Unexpected exception logging compilation metrics
[36m(WorkerDict pid=3105815)[0m [rank0]:E0616 21:35:35.639000 3105815 site-packages/torch/_dynamo/metrics_context.py:105] [0/0] Traceback (most recent call last):
[36m(WorkerDict pid=3105815)[0m [rank0]:E0616 21:35:35.639000 3105815 site-packages/torch/_dynamo/metrics_context.py:105] [0/0]   File "/usr/local/python3.11.14/lib/python3.11/site-packages/torch/_dynamo/metrics_context.py", line 101, in __exit__
[36m(WorkerDict pid=3105815)[0m [rank0]:E0616 21:35:35.639000 3105815 site-packages/torch/_dynamo/metrics_context.py:105] [0/0]     self._on_exit(
[36m(WorkerDict pid=3105815)[0m [rank0]:E0616 21:35:35.639000 3105815 site-packages/torch/_dynamo/metrics_context.py:105] [0/0]   File "/usr/local/python3.11.14/lib/python3.11/site-packages/torch/_dynamo/utils.py", line 1632, in record_compilation_metrics
[36m(WorkerDict pid=3105815)[0m [rank0]:E0616 21:35:35.639000 3105815 site-packages/torch/_dynamo/metrics_context.py:105] [0/0]     "triton_version": triton.__version__ if has_triton() else "",
[36m(WorkerDict pid=3105815)[0m [rank0]:E0616 21:35:35.639000 3105815 site-packages/torch/_dynamo/metrics_context.py:105] [0/0]                                             ^^^^^^^^^^^^
[36m(WorkerDict pid=3105815)[0m [rank0]:E0616 21:35:35.639000 3105815 site-packages/torch/_dynamo/metrics_context.py:105] [0/0]   File "/usr/local/python3.11.14/lib/python3.11/site-packages/torch/utils/_triton.py", line 159, in has_triton
[36m(WorkerDict pid=3105815)[0m [rank0]:E0616 21:35:35.639000 3105815 site-packages/torch/_dynamo/metrics_context.py:105] [0/0]     return is_device_compatible_with_triton()
[36m(WorkerDict pid=3105815)[0m [rank0]:E0616 21:35:35.639000 3105815 site-packages/torch/_dynamo/metrics_context.py:105] [0/0]            ^^^^^^^^^^^^^^^^^^^^^^^^^^^^^^^^^^
[36m(WorkerDict pid=3105815)[0m [rank0]:E0616 21:35:35.639000 3105815 site-packages/torch/_dynamo/metrics_context.py:105] [0/0]   File "/usr/local/python3.11.14/lib/python3.11/site-packages/torch/utils/_triton.py", line 155, in is_device_compatible_with_triton
[36m(WorkerDict pid=3105815)[0m [rank0]:E0616 21:35:35.639000 3105815 site-packages/torch/_dynamo/metrics_context.py:105] [0/0]     if device_interface.is_available() and extra_check(device_interface):
[36m(WorkerDict pid=3105815)[0m [rank0]:E0616 21:35:35.639000 3105815 site-packages/torch/_dynamo/metrics_context.py:105] [0/0]                                            ^^^^^^^^^^^^^^^^^^^^^^^^^^^^^
[36m(WorkerDict pid=3105815)[0m [rank0]:E0616 21:35:35.639000 3105815 site-packages/torch/_dynamo/metrics_context.py:105] [0/0]   File "/usr/local/python3.11.14/lib/python3.11/site-packages/torch/utils/_triton.py", line 135, in cuda_extra_check
[36m(WorkerDict pid=3105815)[0m [rank0]:E0616 21:35:35.639000 3105815 site-packages/torch/_dynamo/metrics_context.py:105] [0/0]     return device_interface.Worker.get_device_properties().major >= 7
[36m(WorkerDict pid=3105815)[0m [rank0]:E0616 21:35:35.639000 3105815 site-packages/torch/_dynamo/metrics_context.py:105] [0/0]            ^^^^^^^^^^^^^^^^^^^^^^^^^^^^^^^^^^^^^^^^^^^^^^^^^^^^^^^^^^
[36m(WorkerDict pid=3105815)[0m [rank0]:E0616 21:35:35.639000 3105815 site-packages/torch/_dynamo/metrics_context.py:105] [0/0] TypeError: '>=' not supported between instances of 'NoneType' and 'int'
[36m(WorkerDict pid=3105818)[0m [rank3]:E0616 21:35:35.623000 3105818 site-packages/torch/_dynamo/metrics_context.py:105] [0/0] Unexpected exception logging compilation metrics
[36m(WorkerDict pid=3105818)[0m [rank3]:E0616 21:35:35.623000 3105818 site-packages/torch/_dynamo/metrics_context.py:105] [0/0] Traceback (most recent call last):
[36m(WorkerDict pid=3105818)[0m [rank3]:E0616 21:35:35.623000 3105818 site-packages/torch/_dynamo/metrics_context.py:105] [0/0]   File "/usr/local/python3.11.14/lib/python3.11/site-packages/torch/_dynamo/metrics_context.py", line 101, in __exit__
[36m(WorkerDict pid=3105818)[0m [rank3]:E0616 21:35:35.623000 3105818 site-packages/torch/_dynamo/metrics_context.py:105] [0/0]     self._on_exit(
[36m(WorkerDict pid=3105818)[0m [rank3]:E0616 21:35:35.623000 3105818 site-packages/torch/_dynamo/metrics_context.py:105] [0/0]   File "/usr/local/python3.11.14/lib/python3.11/site-packages/torch/_dynamo/utils.py", line 1632, in record_compilation_metrics
[36m(WorkerDict pid=3105818)[0m [rank3]:E0616 21:35:35.623000 3105818 site-packages/torch/_dynamo/metrics_context.py:105] [0/0]     "triton_version": triton.__version__ if has_triton() else "",
[36m(WorkerDict pid=3105818)[0m [rank3]:E0616 21:35:35.623000 3105818 site-packages/torch/_dynamo/metrics_context.py:105] [0/0]                                             ^^^^^^^^^^^^
[36m(WorkerDict pid=3105818)[0m [rank3]:E0616 21:35:35.623000 3105818 site-packages/torch/_dynamo/metrics_context.py:105] [0/0]   File "/usr/local/python3.11.14/lib/python3.11/site-packages/torch/utils/_triton.py", line 159, in has_triton
[36m(WorkerDict pid=3105818)[0m [rank3]:E0616 21:35:35.623000 3105818 site-packages/torch/_dynamo/metrics_context.py:105] [0/0]     return is_device_compatible_with_triton()
[36m(WorkerDict pid=3105818)[0m [rank3]:E0616 21:35:35.623000 3105818 site-packages/torch/_dynamo/metrics_context.py:105] [0/0]            ^^^^^^^^^^^^^^^^^^^^^^^^^^^^^^^^^^
[36m(WorkerDict pid=3105818)[0m [rank3]:E0616 21:35:35.623000 3105818 site-packages/torch/_dynamo/metrics_context.py:105] [0/0]   File "/usr/local/python3.11.14/lib/python3.11/site-packages/torch/utils/_triton.py", line 155, in is_device_compatible_with_triton
[36m(WorkerDict pid=3105818)[0m [rank3]:E0616 21:35:35.623000 3105818 site-packages/torch/_dynamo/metrics_context.py:105] [0/0]     if device_interface.is_available() and extra_check(device_interface):
[36m(WorkerDict pid=3105818)[0m [rank3]:E0616 21:35:35.623000 3105818 site-packages/torch/_dynamo/metrics_context.py:105] [0/0]                                            ^^^^^^^^^^^^^^^^^^^^^^^^^^^^^
[36m(WorkerDict pid=3105818)[0m [rank3]:E0616 21:35:35.623000 3105818 site-packages/torch/_dynamo/metrics_context.py:105] [0/0]   File "/usr/local/python3.11.14/lib/python3.11/site-packages/torch/utils/_triton.py", line 135, in cuda_extra_check
[36m(WorkerDict pid=3105818)[0m [rank3]:E0616 21:35:35.623000 3105818 site-packages/torch/_dynamo/metrics_context.py:105] [0/0]     return device_interface.Worker.get_device_properties().major >= 7
[36m(WorkerDict pid=3105818)[0m [rank3]:E0616 21:35:35.623000 3105818 site-packages/torch/_dynamo/metrics_context.py:105] [0/0]            ^^^^^^^^^^^^^^^^^^^^^^^^^^^^^^^^^^^^^^^^^^^^^^^^^^^^^^^^^^
[36m(WorkerDict pid=3105818)[0m [rank3]:E0616 21:35:35.623000 3105818 site-packages/torch/_dynamo/metrics_context.py:105] [0/0] TypeError: '>=' not supported between instances of 'NoneType' and 'int'
[36m(WorkerDict pid=3105824)[0m [rank9]:E0616 21:35:35.634000 3105824 site-packages/torch/_dynamo/metrics_context.py:105] [0/0] Unexpected exception logging compilation metrics
[36m(WorkerDict pid=3105824)[0m [rank9]:E0616 21:35:35.634000 3105824 site-packages/torch/_dynamo/metrics_context.py:105] [0/0] Traceback (most recent call last):
[36m(WorkerDict pid=3105824)[0m [rank9]:E0616 21:35:35.634000 3105824 site-packages/torch/_dynamo/metrics_context.py:105] [0/0]   File "/usr/local/python3.11.14/lib/python3.11/site-packages/torch/_dynamo/metrics_context.py", line 101, in __exit__
[36m(WorkerDict pid=3105824)[0m [rank9]:E0616 21:35:35.634000 3105824 site-packages/torch/_dynamo/metrics_context.py:105] [0/0]     self._on_exit(
[36m(WorkerDict pid=3105824)[0m [rank9]:E0616 21:35:35.634000 3105824 site-packages/torch/_dynamo/metrics_context.py:105] [0/0]   File "/usr/local/python3.11.14/lib/python3.11/site-packages/torch/_dynamo/utils.py", line 1632, in record_compilation_metrics
[36m(WorkerDict pid=3105824)[0m [rank9]:E0616 21:35:35.634000 3105824 site-packages/torch/_dynamo/metrics_context.py:105] [0/0]     "triton_version": triton.__version__ if has_triton() else "",
[36m(WorkerDict pid=3105824)[0m [rank9]:E0616 21:35:35.634000 3105824 site-packages/torch/_dynamo/metrics_context.py:105] [0/0]                                             ^^^^^^^^^^^^
[36m(WorkerDict pid=3105824)[0m [rank9]:E0616 21:35:35.634000 3105824 site-packages/torch/_dynamo/metrics_context.py:105] [0/0]   File "/usr/local/python3.11.14/lib/python3.11/site-packages/torch/utils/_triton.py", line 159, in has_triton
[36m(WorkerDict pid=3105824)[0m [rank9]:E0616 21:35:35.634000 3105824 site-packages/torch/_dynamo/metrics_context.py:105] [0/0]     return is_device_compatible_with_triton()
[36m(WorkerDict pid=3105824)[0m [rank9]:E0616 21:35:35.634000 3105824 site-packages/torch/_dynamo/metrics_context.py:105] [0/0]            ^^^^^^^^^^^^^^^^^^^^^^^^^^^^^^^^^^
[36m(WorkerDict pid=3105824)[0m [rank9]:E0616 21:35:35.634000 3105824 site-packages/torch/_dynamo/metrics_context.py:105] [0/0]   File "/usr/local/python3.11.14/lib/python3.11/site-packages/torch/utils/_triton.py", line 155, in is_device_compatible_with_triton
[36m(WorkerDict pid=3105824)[0m [rank9]:E0616 21:35:35.634000 3105824 site-packages/torch/_dynamo/metrics_context.py:105] [0/0]     if device_interface.is_available() and extra_check(device_interface):
[36m(WorkerDict pid=3105824)[0m [rank9]:E0616 21:35:35.634000 3105824 site-packages/torch/_dynamo/metrics_context.py:105] [0/0]                                            ^^^^^^^^^^^^^^^^^^^^^^^^^^^^^
[36m(WorkerDict pid=3105824)[0m [rank9]:E0616 21:35:35.634000 3105824 site-packages/torch/_dynamo/metrics_context.py:105] [0/0]   File "/usr/local/python3.11.14/lib/python3.11/site-packages/torch/utils/_triton.py", line 135, in cuda_extra_check
[36m(WorkerDict pid=3105824)[0m [rank9]:E0616 21:35:35.634000 3105824 site-packages/torch/_dynamo/metrics_context.py:105] [0/0]     return device_interface.Worker.get_device_properties().major >= 7
[36m(WorkerDict pid=3105824)[0m [rank9]:E0616 21:35:35.634000 3105824 site-packages/torch/_dynamo/metrics_context.py:105] [0/0]            ^^^^^^^^^^^^^^^^^^^^^^^^^^^^^^^^^^^^^^^^^^^^^^^^^^^^^^^^^^
[36m(WorkerDict pid=3105824)[0m [rank9]:E0616 21:35:35.634000 3105824 site-packages/torch/_dynamo/metrics_context.py:105] [0/0] TypeError: '>=' not supported between instances of 'NoneType' and 'int'
[36m(WorkerDict pid=3105830)[0m [rank15]:E0616 21:35:35.653000 3105830 site-packages/torch/_dynamo/metrics_context.py:105] [0/0] Unexpected exception logging compilation metrics
[36m(WorkerDict pid=3105830)[0m [rank15]:E0616 21:35:35.653000 3105830 site-packages/torch/_dynamo/metrics_context.py:105] [0/0] Traceback (most recent call last):
[36m(WorkerDict pid=3105830)[0m [rank15]:E0616 21:35:35.653000 3105830 site-packages/torch/_dynamo/metrics_context.py:105] [0/0]   File "/usr/local/python3.11.14/lib/python3.11/site-packages/torch/_dynamo/metrics_context.py", line 101, in __exit__
[36m(WorkerDict pid=3105830)[0m [rank15]:E0616 21:35:35.653000 3105830 site-packages/torch/_dynamo/metrics_context.py:105] [0/0]     self._on_exit(
[36m(WorkerDict pid=3105830)[0m [rank15]:E0616 21:35:35.653000 3105830 site-packages/torch/_dynamo/metrics_context.py:105] [0/0]   File "/usr/local/python3.11.14/lib/python3.11/site-packages/torch/_dynamo/utils.py", line 1632, in record_compilation_metrics
[36m(WorkerDict pid=3105830)[0m [rank15]:E0616 21:35:35.653000 3105830 site-packages/torch/_dynamo/metrics_context.py:105] [0/0]     "triton_version": triton.__version__ if has_triton() else "",
[36m(WorkerDict pid=3105830)[0m [rank15]:E0616 21:35:35.653000 3105830 site-packages/torch/_dynamo/metrics_context.py:105] [0/0]                                             ^^^^^^^^^^^^
[36m(WorkerDict pid=3105830)[0m [rank15]:E0616 21:35:35.653000 3105830 site-packages/torch/_dynamo/metrics_context.py:105] [0/0]   File "/usr/local/python3.11.14/lib/python3.11/site-packages/torch/utils/_triton.py", line 159, in has_triton
[36m(WorkerDict pid=3105830)[0m [rank15]:E0616 21:35:35.653000 3105830 site-packages/torch/_dynamo/metrics_context.py:105] [0/0]     return is_device_compatible_with_triton()
[36m(WorkerDict pid=3105830)[0m [rank15]:E0616 21:35:35.653000 3105830 site-packages/torch/_dynamo/metrics_context.py:105] [0/0]            ^^^^^^^^^^^^^^^^^^^^^^^^^^^^^^^^^^
[36m(WorkerDict pid=3105830)[0m [rank15]:E0616 21:35:35.653000 3105830 site-packages/torch/_dynamo/metrics_context.py:105] [0/0]   File "/usr/local/python3.11.14/lib/python3.11/site-packages/torch/utils/_triton.py", line 155, in is_device_compatible_with_triton
[36m(WorkerDict pid=3105830)[0m [rank15]:E0616 21:35:35.653000 3105830 site-packages/torch/_dynamo/metrics_context.py:105] [0/0]     if device_interface.is_available() and extra_check(device_interface):
[36m(WorkerDict pid=3105830)[0m [rank15]:E0616 21:35:35.653000 3105830 site-packages/torch/_dynamo/metrics_context.py:105] [0/0]                                            ^^^^^^^^^^^^^^^^^^^^^^^^^^^^^
[36m(WorkerDict pid=3105830)[0m [rank15]:E0616 21:35:35.653000 3105830 site-packages/torch/_dynamo/metrics_context.py:105] [0/0]   File "/usr/local/python3.11.14/lib/python3.11/site-packages/torch/utils/_triton.py", line 135, in cuda_extra_check
[36m(WorkerDict pid=3105830)[0m [rank15]:E0616 21:35:35.653000 3105830 site-packages/torch/_dynamo/metrics_context.py:105] [0/0]     return device_interface.Worker.get_device_properties().major >= 7
[36m(WorkerDict pid=3105830)[0m [rank15]:E0616 21:35:35.653000 3105830 site-packages/torch/_dynamo/metrics_context.py:105] [0/0]            ^^^^^^^^^^^^^^^^^^^^^^^^^^^^^^^^^^^^^^^^^^^^^^^^^^^^^^^^^^
[36m(WorkerDict pid=3105830)[0m [rank15]:E0616 21:35:35.653000 3105830 site-packages/torch/_dynamo/metrics_context.py:105] [0/0] TypeError: '>=' not supported between instances of 'NoneType' and 'int'
[36m(WorkerDict pid=3105819)[0m [rank4]:E0616 21:35:35.661000 3105819 site-packages/torch/_dynamo/metrics_context.py:105] [0/0] Unexpected exception logging compilation metrics
[36m(WorkerDict pid=3105819)[0m [rank4]:E0616 21:35:35.661000 3105819 site-packages/torch/_dynamo/metrics_context.py:105] [0/0] Traceback (most recent call last):
[36m(WorkerDict pid=3105819)[0m [rank4]:E0616 21:35:35.661000 3105819 site-packages/torch/_dynamo/metrics_context.py:105] [0/0]   File "/usr/local/python3.11.14/lib/python3.11/site-packages/torch/_dynamo/metrics_context.py", line 101, in __exit__
[36m(WorkerDict pid=3105819)[0m [rank4]:E0616 21:35:35.661000 3105819 site-packages/torch/_dynamo/metrics_context.py:105] [0/0]     self._on_exit(
[36m(WorkerDict pid=3105819)[0m [rank4]:E0616 21:35:35.661000 3105819 site-packages/torch/_dynamo/metrics_context.py:105] [0/0]   File "/usr/local/python3.11.14/lib/python3.11/site-packages/torch/_dynamo/utils.py", line 1632, in record_compilation_metrics
[36m(WorkerDict pid=3105819)[0m [rank4]:E0616 21:35:35.661000 3105819 site-packages/torch/_dynamo/metrics_context.py:105] [0/0]     "triton_version": triton.__version__ if has_triton() else "",
[36m(WorkerDict pid=3105819)[0m [rank4]:E0616 21:35:35.661000 3105819 site-packages/torch/_dynamo/metrics_context.py:105] [0/0]                                             ^^^^^^^^^^^^
[36m(WorkerDict pid=3105819)[0m [rank4]:E0616 21:35:35.661000 3105819 site-packages/torch/_dynamo/metrics_context.py:105] [0/0]   File "/usr/local/python3.11.14/lib/python3.11/site-packages/torch/utils/_triton.py", line 159, in has_triton
[36m(WorkerDict pid=3105819)[0m [rank4]:E0616 21:35:35.661000 3105819 site-packages/torch/_dynamo/metrics_context.py:105] [0/0]     return is_device_compatible_with_triton()
[36m(WorkerDict pid=3105819)[0m [rank4]:E0616 21:35:35.661000 3105819 site-packages/torch/_dynamo/metrics_context.py:105] [0/0]            ^^^^^^^^^^^^^^^^^^^^^^^^^^^^^^^^^^
[36m(WorkerDict pid=3105819)[0m [rank4]:E0616 21:35:35.661000 3105819 site-packages/torch/_dynamo/metrics_context.py:105] [0/0]   File "/usr/local/python3.11.14/lib/python3.11/site-packages/torch/utils/_triton.py", line 155, in is_device_compatible_with_triton
[36m(WorkerDict pid=3105819)[0m [rank4]:E0616 21:35:35.661000 3105819 site-packages/torch/_dynamo/metrics_context.py:105] [0/0]     if device_interface.is_available() and extra_check(device_interface):
[36m(WorkerDict pid=3105819)[0m [rank4]:E0616 21:35:35.661000 3105819 site-packages/torch/_dynamo/metrics_context.py:105] [0/0]                                            ^^^^^^^^^^^^^^^^^^^^^^^^^^^^^
[36m(WorkerDict pid=3105819)[0m [rank4]:E0616 21:35:35.661000 3105819 site-packages/torch/_dynamo/metrics_context.py:105] [0/0]   File "/usr/local/python3.11.14/lib/python3.11/site-packages/torch/utils/_triton.py", line 135, in cuda_extra_check
[36m(WorkerDict pid=3105819)[0m [rank4]:E0616 21:35:35.661000 3105819 site-packages/torch/_dynamo/metrics_context.py:105] [0/0]     return device_interface.Worker.get_device_properties().major >= 7
[36m(WorkerDict pid=3105819)[0m [rank4]:E0616 21:35:35.661000 3105819 site-packages/torch/_dynamo/metrics_context.py:105] [0/0]            ^^^^^^^^^^^^^^^^^^^^^^^^^^^^^^^^^^^^^^^^^^^^^^^^^^^^^^^^^^
[36m(WorkerDict pid=3105819)[0m [rank4]:E0616 21:35:35.661000 3105819 site-packages/torch/_dynamo/metrics_context.py:105] [0/0] TypeError: '>=' not supported between instances of 'NoneType' and 'int'
[36m(WorkerDict pid=3105817)[0m [rank2]:E0616 21:35:35.659000 3105817 site-packages/torch/_dynamo/metrics_context.py:105] [0/0] Unexpected exception logging compilation metrics
[36m(WorkerDict pid=3105817)[0m [rank2]:E0616 21:35:35.659000 3105817 site-packages/torch/_dynamo/metrics_context.py:105] [0/0] Traceback (most recent call last):
[36m(WorkerDict pid=3105817)[0m [rank2]:E0616 21:35:35.659000 3105817 site-packages/torch/_dynamo/metrics_context.py:105] [0/0]   File "/usr/local/python3.11.14/lib/python3.11/site-packages/torch/_dynamo/metrics_context.py", line 101, in __exit__
[36m(WorkerDict pid=3105817)[0m [rank2]:E0616 21:35:35.659000 3105817 site-packages/torch/_dynamo/metrics_context.py:105] [0/0]     self._on_exit(
[36m(WorkerDict pid=3105817)[0m [rank2]:E0616 21:35:35.659000 3105817 site-packages/torch/_dynamo/metrics_context.py:105] [0/0]   File "/usr/local/python3.11.14/lib/python3.11/site-packages/torch/_dynamo/utils.py", line 1632, in record_compilation_metrics
[36m(WorkerDict pid=3105817)[0m [rank2]:E0616 21:35:35.659000 3105817 site-packages/torch/_dynamo/metrics_context.py:105] [0/0]     "triton_version": triton.__version__ if has_triton() else "",
[36m(WorkerDict pid=3105817)[0m [rank2]:E0616 21:35:35.659000 3105817 site-packages/torch/_dynamo/metrics_context.py:105] [0/0]                                             ^^^^^^^^^^^^
[36m(WorkerDict pid=3105817)[0m [rank2]:E0616 21:35:35.659000 3105817 site-packages/torch/_dynamo/metrics_context.py:105] [0/0]   File "/usr/local/python3.11.14/lib/python3.11/site-packages/torch/utils/_triton.py", line 159, in has_triton
[36m(WorkerDict pid=3105817)[0m [rank2]:E0616 21:35:35.659000 3105817 site-packages/torch/_dynamo/metrics_context.py:105] [0/0]     return is_device_compatible_with_triton()
[36m(WorkerDict pid=3105817)[0m [rank2]:E0616 21:35:35.659000 3105817 site-packages/torch/_dynamo/metrics_context.py:105] [0/0]            ^^^^^^^^^^^^^^^^^^^^^^^^^^^^^^^^^^
[36m(WorkerDict pid=3105817)[0m [rank2]:E0616 21:35:35.659000 3105817 site-packages/torch/_dynamo/metrics_context.py:105] [0/0]   File "/usr/local/python3.11.14/lib/python3.11/site-packages/torch/utils/_triton.py", line 155, in is_device_compatible_with_triton
[36m(WorkerDict pid=3105817)[0m [rank2]:E0616 21:35:35.659000 3105817 site-packages/torch/_dynamo/metrics_context.py:105] [0/0]     if device_interface.is_available() and extra_check(device_interface):
[36m(WorkerDict pid=3105817)[0m [rank2]:E0616 21:35:35.659000 3105817 site-packages/torch/_dynamo/metrics_context.py:105] [0/0]                                            ^^^^^^^^^^^^^^^^^^^^^^^^^^^^^
[36m(WorkerDict pid=3105817)[0m [rank2]:E0616 21:35:35.659000 3105817 site-packages/torch/_dynamo/metrics_context.py:105] [0/0]   File "/usr/local/python3.11.14/lib/python3.11/site-packages/torch/utils/_triton.py", line 135, in cuda_extra_check
[36m(WorkerDict pid=3105817)[0m [rank2]:E0616 21:35:35.659000 3105817 site-packages/torch/_dynamo/metrics_context.py:105] [0/0]     return device_interface.Worker.get_device_properties().major >= 7
[36m(WorkerDict pid=3105817)[0m [rank2]:E0616 21:35:35.659000 3105817 site-packages/torch/_dynamo/metrics_context.py:105] [0/0]            ^^^^^^^^^^^^^^^^^^^^^^^^^^^^^^^^^^^^^^^^^^^^^^^^^^^^^^^^^^
[36m(WorkerDict pid=3105817)[0m [rank2]:E0616 21:35:35.659000 3105817 site-packages/torch/_dynamo/metrics_context.py:105] [0/0] TypeError: '>=' not supported between instances of 'NoneType' and 'int'
[36m(WorkerDict pid=3105828)[0m [rank13]:E0616 21:35:35.673000 3105828 site-packages/torch/_dynamo/metrics_context.py:105] [0/0] Unexpected exception logging compilation metrics
[36m(WorkerDict pid=3105828)[0m [rank13]:E0616 21:35:35.673000 3105828 site-packages/torch/_dynamo/metrics_context.py:105] [0/0] Traceback (most recent call last):
[36m(WorkerDict pid=3105828)[0m [rank13]:E0616 21:35:35.673000 3105828 site-packages/torch/_dynamo/metrics_context.py:105] [0/0]   File "/usr/local/python3.11.14/lib/python3.11/site-packages/torch/_dynamo/metrics_context.py", line 101, in __exit__
[36m(WorkerDict pid=3105828)[0m [rank13]:E0616 21:35:35.673000 3105828 site-packages/torch/_dynamo/metrics_context.py:105] [0/0]     self._on_exit(
[36m(WorkerDict pid=3105828)[0m [rank13]:E0616 21:35:35.673000 3105828 site-packages/torch/_dynamo/metrics_context.py:105] [0/0]   File "/usr/local/python3.11.14/lib/python3.11/site-packages/torch/_dynamo/utils.py", line 1632, in record_compilation_metrics
[36m(WorkerDict pid=3105828)[0m [rank13]:E0616 21:35:35.673000 3105828 site-packages/torch/_dynamo/metrics_context.py:105] [0/0]     "triton_version": triton.__version__ if has_triton() else "",
[36m(WorkerDict pid=3105828)[0m [rank13]:E0616 21:35:35.673000 3105828 site-packages/torch/_dynamo/metrics_context.py:105] [0/0]                                             ^^^^^^^^^^^^
[36m(WorkerDict pid=3105828)[0m [rank13]:E0616 21:35:35.673000 3105828 site-packages/torch/_dynamo/metrics_context.py:105] [0/0]   File "/usr/local/python3.11.14/lib/python3.11/site-packages/torch/utils/_triton.py", line 159, in has_triton
[36m(WorkerDict pid=3105828)[0m [rank13]:E0616 21:35:35.673000 3105828 site-packages/torch/_dynamo/metrics_context.py:105] [0/0]     return is_device_compatible_with_triton()
[36m(WorkerDict pid=3105828)[0m [rank13]:E0616 21:35:35.673000 3105828 site-packages/torch/_dynamo/metrics_context.py:105] [0/0]            ^^^^^^^^^^^^^^^^^^^^^^^^^^^^^^^^^^
[36m(WorkerDict pid=3105828)[0m [rank13]:E0616 21:35:35.673000 3105828 site-packages/torch/_dynamo/metrics_context.py:105] [0/0]   File "/usr/local/python3.11.14/lib/python3.11/site-packages/torch/utils/_triton.py", line 155, in is_device_compatible_with_triton
[36m(WorkerDict pid=3105828)[0m [rank13]:E0616 21:35:35.673000 3105828 site-packages/torch/_dynamo/metrics_context.py:105] [0/0]     if device_interface.is_available() and extra_check(device_interface):
[36m(WorkerDict pid=3105828)[0m [rank13]:E0616 21:35:35.673000 3105828 site-packages/torch/_dynamo/metrics_context.py:105] [0/0]                                            ^^^^^^^^^^^^^^^^^^^^^^^^^^^^^
[36m(WorkerDict pid=3105828)[0m [rank13]:E0616 21:35:35.673000 3105828 site-packages/torch/_dynamo/metrics_context.py:105] [0/0]   File "/usr/local/python3.11.14/lib/python3.11/site-packages/torch/utils/_triton.py", line 135, in cuda_extra_check
[36m(WorkerDict pid=3105828)[0m [rank13]:E0616 21:35:35.673000 3105828 site-packages/torch/_dynamo/metrics_context.py:105] [0/0]     return device_interface.Worker.get_device_properties().major >= 7
[36m(WorkerDict pid=3105828)[0m [rank13]:E0616 21:35:35.673000 3105828 site-packages/torch/_dynamo/metrics_context.py:105] [0/0]            ^^^^^^^^^^^^^^^^^^^^^^^^^^^^^^^^^^^^^^^^^^^^^^^^^^^^^^^^^^
[36m(WorkerDict pid=3105828)[0m [rank13]:E0616 21:35:35.673000 3105828 site-packages/torch/_dynamo/metrics_context.py:105] [0/0] TypeError: '>=' not supported between instances of 'NoneType' and 'int'
[36m(WorkerDict pid=3105823)[0m [rank8]:E0616 21:35:35.681000 3105823 site-packages/torch/_dynamo/metrics_context.py:105] [0/0] Unexpected exception logging compilation metrics
[36m(WorkerDict pid=3105823)[0m [rank8]:E0616 21:35:35.681000 3105823 site-packages/torch/_dynamo/metrics_context.py:105] [0/0] Traceback (most recent call last):
[36m(WorkerDict pid=3105823)[0m [rank8]:E0616 21:35:35.681000 3105823 site-packages/torch/_dynamo/metrics_context.py:105] [0/0]   File "/usr/local/python3.11.14/lib/python3.11/site-packages/torch/_dynamo/metrics_context.py", line 101, in __exit__
[36m(WorkerDict pid=3105823)[0m [rank8]:E0616 21:35:35.681000 3105823 site-packages/torch/_dynamo/metrics_context.py:105] [0/0]     self._on_exit(
[36m(WorkerDict pid=3105823)[0m [rank8]:E0616 21:35:35.681000 3105823 site-packages/torch/_dynamo/metrics_context.py:105] [0/0]   File "/usr/local/python3.11.14/lib/python3.11/site-packages/torch/_dynamo/utils.py", line 1632, in record_compilation_metrics
[36m(WorkerDict pid=3105823)[0m [rank8]:E0616 21:35:35.681000 3105823 site-packages/torch/_dynamo/metrics_context.py:105] [0/0]     "triton_version": triton.__version__ if has_triton() else "",
[36m(WorkerDict pid=3105823)[0m [rank8]:E0616 21:35:35.681000 3105823 site-packages/torch/_dynamo/metrics_context.py:105] [0/0]                                             ^^^^^^^^^^^^
[36m(WorkerDict pid=3105823)[0m [rank8]:E0616 21:35:35.681000 3105823 site-packages/torch/_dynamo/metrics_context.py:105] [0/0]   File "/usr/local/python3.11.14/lib/python3.11/site-packages/torch/utils/_triton.py", line 159, in has_triton
[36m(WorkerDict pid=3105823)[0m [rank8]:E0616 21:35:35.681000 3105823 site-packages/torch/_dynamo/metrics_context.py:105] [0/0]     return is_device_compatible_with_triton()
[36m(WorkerDict pid=3105823)[0m [rank8]:E0616 21:35:35.681000 3105823 site-packages/torch/_dynamo/metrics_context.py:105] [0/0]            ^^^^^^^^^^^^^^^^^^^^^^^^^^^^^^^^^^
[36m(WorkerDict pid=3105823)[0m [rank8]:E0616 21:35:35.681000 3105823 site-packages/torch/_dynamo/metrics_context.py:105] [0/0]   File "/usr/local/python3.11.14/lib/python3.11/site-packages/torch/utils/_triton.py", line 155, in is_device_compatible_with_triton
[36m(WorkerDict pid=3105823)[0m [rank8]:E0616 21:35:35.681000 3105823 site-packages/torch/_dynamo/metrics_context.py:105] [0/0]     if device_interface.is_available() and extra_check(device_interface):
[36m(WorkerDict pid=3105823)[0m [rank8]:E0616 21:35:35.681000 3105823 site-packages/torch/_dynamo/metrics_context.py:105] [0/0]                                            ^^^^^^^^^^^^^^^^^^^^^^^^^^^^^
[36m(WorkerDict pid=3105823)[0m [rank8]:E0616 21:35:35.681000 3105823 site-packages/torch/_dynamo/metrics_context.py:105] [0/0]   File "/usr/local/python3.11.14/lib/python3.11/site-packages/torch/utils/_triton.py", line 135, in cuda_extra_check
[36m(WorkerDict pid=3105823)[0m [rank8]:E0616 21:35:35.681000 3105823 site-packages/torch/_dynamo/metrics_context.py:105] [0/0]     return device_interface.Worker.get_device_properties().major >= 7
[36m(WorkerDict pid=3105823)[0m [rank8]:E0616 21:35:35.681000 3105823 site-packages/torch/_dynamo/metrics_context.py:105] [0/0]            ^^^^^^^^^^^^^^^^^^^^^^^^^^^^^^^^^^^^^^^^^^^^^^^^^^^^^^^^^^
[36m(WorkerDict pid=3105823)[0m [rank8]:E0616 21:35:35.681000 3105823 site-packages/torch/_dynamo/metrics_context.py:105] [0/0] TypeError: '>=' not supported between instances of 'NoneType' and 'int'
[36m(WorkerDict pid=3105825)[0m [rank10]:E0616 21:35:35.691000 3105825 site-packages/torch/_dynamo/metrics_context.py:105] [0/0] Unexpected exception logging compilation metrics
[36m(WorkerDict pid=3105825)[0m [rank10]:E0616 21:35:35.691000 3105825 site-packages/torch/_dynamo/metrics_context.py:105] [0/0] Traceback (most recent call last):
[36m(WorkerDict pid=3105825)[0m [rank10]:E0616 21:35:35.691000 3105825 site-packages/torch/_dynamo/metrics_context.py:105] [0/0]   File "/usr/local/python3.11.14/lib/python3.11/site-packages/torch/_dynamo/metrics_context.py", line 101, in __exit__
[36m(WorkerDict pid=3105825)[0m [rank10]:E0616 21:35:35.691000 3105825 site-packages/torch/_dynamo/metrics_context.py:105] [0/0]     self._on_exit(
[36m(WorkerDict pid=3105825)[0m [rank10]:E0616 21:35:35.691000 3105825 site-packages/torch/_dynamo/metrics_context.py:105] [0/0]   File "/usr/local/python3.11.14/lib/python3.11/site-packages/torch/_dynamo/utils.py", line 1632, in record_compilation_metrics
[36m(WorkerDict pid=3105825)[0m [rank10]:E0616 21:35:35.691000 3105825 site-packages/torch/_dynamo/metrics_context.py:105] [0/0]     "triton_version": triton.__version__ if has_triton() else "",
[36m(WorkerDict pid=3105825)[0m [rank10]:E0616 21:35:35.691000 3105825 site-packages/torch/_dynamo/metrics_context.py:105] [0/0]                                             ^^^^^^^^^^^^
[36m(WorkerDict pid=3105825)[0m [rank10]:E0616 21:35:35.691000 3105825 site-packages/torch/_dynamo/metrics_context.py:105] [0/0]   File "/usr/local/python3.11.14/lib/python3.11/site-packages/torch/utils/_triton.py", line 159, in has_triton
[36m(WorkerDict pid=3105825)[0m [rank10]:E0616 21:35:35.691000 3105825 site-packages/torch/_dynamo/metrics_context.py:105] [0/0]     return is_device_compatible_with_triton()
[36m(WorkerDict pid=3105825)[0m [rank10]:E0616 21:35:35.691000 3105825 site-packages/torch/_dynamo/metrics_context.py:105] [0/0]            ^^^^^^^^^^^^^^^^^^^^^^^^^^^^^^^^^^
[36m(WorkerDict pid=3105825)[0m [rank10]:E0616 21:35:35.691000 3105825 site-packages/torch/_dynamo/metrics_context.py:105] [0/0]   File "/usr/local/python3.11.14/lib/python3.11/site-packages/torch/utils/_triton.py", line 155, in is_device_compatible_with_triton
[36m(WorkerDict pid=3105825)[0m [rank10]:E0616 21:35:35.691000 3105825 site-packages/torch/_dynamo/metrics_context.py:105] [0/0]     if device_interface.is_available() and extra_check(device_interface):
[36m(WorkerDict pid=3105825)[0m [rank10]:E0616 21:35:35.691000 3105825 site-packages/torch/_dynamo/metrics_context.py:105] [0/0]                                            ^^^^^^^^^^^^^^^^^^^^^^^^^^^^^
[36m(WorkerDict pid=3105825)[0m [rank10]:E0616 21:35:35.691000 3105825 site-packages/torch/_dynamo/metrics_context.py:105] [0/0]   File "/usr/local/python3.11.14/lib/python3.11/site-packages/torch/utils/_triton.py", line 135, in cuda_extra_check
[36m(WorkerDict pid=3105825)[0m [rank10]:E0616 21:35:35.691000 3105825 site-packages/torch/_dynamo/metrics_context.py:105] [0/0]     return device_interface.Worker.get_device_properties().major >= 7
[36m(WorkerDict pid=3105825)[0m [rank10]:E0616 21:35:35.691000 3105825 site-packages/torch/_dynamo/metrics_context.py:105] [0/0]            ^^^^^^^^^^^^^^^^^^^^^^^^^^^^^^^^^^^^^^^^^^^^^^^^^^^^^^^^^^
[36m(WorkerDict pid=3105825)[0m [rank10]:E0616 21:35:35.691000 3105825 site-packages/torch/_dynamo/metrics_context.py:105] [0/0] TypeError: '>=' not supported between instances of 'NoneType' and 'int'
[36m(WorkerDict pid=3105820)[0m [rank5]:E0616 21:35:35.699000 3105820 site-packages/torch/_dynamo/metrics_context.py:105] [0/0] Unexpected exception logging compilation metrics
[36m(WorkerDict pid=3105820)[0m [rank5]:E0616 21:35:35.699000 3105820 site-packages/torch/_dynamo/metrics_context.py:105] [0/0] Traceback (most recent call last):
[36m(WorkerDict pid=3105820)[0m [rank5]:E0616 21:35:35.699000 3105820 site-packages/torch/_dynamo/metrics_context.py:105] [0/0]   File "/usr/local/python3.11.14/lib/python3.11/site-packages/torch/_dynamo/metrics_context.py", line 101, in __exit__
[36m(WorkerDict pid=3105820)[0m [rank5]:E0616 21:35:35.699000 3105820 site-packages/torch/_dynamo/metrics_context.py:105] [0/0]     self._on_exit(
[36m(WorkerDict pid=3105820)[0m [rank5]:E0616 21:35:35.699000 3105820 site-packages/torch/_dynamo/metrics_context.py:105] [0/0]   File "/usr/local/python3.11.14/lib/python3.11/site-packages/torch/_dynamo/utils.py", line 1632, in record_compilation_metrics
[36m(WorkerDict pid=3105820)[0m [rank5]:E0616 21:35:35.699000 3105820 site-packages/torch/_dynamo/metrics_context.py:105] [0/0]     "triton_version": triton.__version__ if has_triton() else "",
[36m(WorkerDict pid=3105820)[0m [rank5]:E0616 21:35:35.699000 3105820 site-packages/torch/_dynamo/metrics_context.py:105] [0/0]                                             ^^^^^^^^^^^^
[36m(WorkerDict pid=3105820)[0m [rank5]:E0616 21:35:35.699000 3105820 site-packages/torch/_dynamo/metrics_context.py:105] [0/0]   File "/usr/local/python3.11.14/lib/python3.11/site-packages/torch/utils/_triton.py", line 159, in has_triton
[36m(WorkerDict pid=3105820)[0m [rank5]:E0616 21:35:35.699000 3105820 site-packages/torch/_dynamo/metrics_context.py:105] [0/0]     return is_device_compatible_with_triton()
[36m(WorkerDict pid=3105820)[0m [rank5]:E0616 21:35:35.699000 3105820 site-packages/torch/_dynamo/metrics_context.py:105] [0/0]            ^^^^^^^^^^^^^^^^^^^^^^^^^^^^^^^^^^
[36m(WorkerDict pid=3105820)[0m [rank5]:E0616 21:35:35.699000 3105820 site-packages/torch/_dynamo/metrics_context.py:105] [0/0]   File "/usr/local/python3.11.14/lib/python3.11/site-packages/torch/utils/_triton.py", line 155, in is_device_compatible_with_triton
[36m(WorkerDict pid=3105820)[0m [rank5]:E0616 21:35:35.699000 3105820 site-packages/torch/_dynamo/metrics_context.py:105] [0/0]     if device_interface.is_available() and extra_check(device_interface):
[36m(WorkerDict pid=3105820)[0m [rank5]:E0616 21:35:35.699000 3105820 site-packages/torch/_dynamo/metrics_context.py:105] [0/0]                                            ^^^^^^^^^^^^^^^^^^^^^^^^^^^^^
[36m(WorkerDict pid=3105820)[0m [rank5]:E0616 21:35:35.699000 3105820 site-packages/torch/_dynamo/metrics_context.py:105] [0/0]   File "/usr/local/python3.11.14/lib/python3.11/site-packages/torch/utils/_triton.py", line 135, in cuda_extra_check
[36m(WorkerDict pid=3105820)[0m [rank5]:E0616 21:35:35.699000 3105820 site-packages/torch/_dynamo/metrics_context.py:105] [0/0]     return device_interface.Worker.get_device_properties().major >= 7
[36m(WorkerDict pid=3105820)[0m [rank5]:E0616 21:35:35.699000 3105820 site-packages/torch/_dynamo/metrics_context.py:105] [0/0]            ^^^^^^^^^^^^^^^^^^^^^^^^^^^^^^^^^^^^^^^^^^^^^^^^^^^^^^^^^^
[36m(WorkerDict pid=3105820)[0m [rank5]:E0616 21:35:35.699000 3105820 site-packages/torch/_dynamo/metrics_context.py:105] [0/0] TypeError: '>=' not supported between instances of 'NoneType' and 'int'
[36m(WorkerDict pid=3105826)[0m [rank11]:E0616 21:35:35.704000 3105826 site-packages/torch/_dynamo/metrics_context.py:105] [0/0] Unexpected exception logging compilation metrics
[36m(WorkerDict pid=3105826)[0m [rank11]:E0616 21:35:35.704000 3105826 site-packages/torch/_dynamo/metrics_context.py:105] [0/0] Traceback (most recent call last):
[36m(WorkerDict pid=3105826)[0m [rank11]:E0616 21:35:35.704000 3105826 site-packages/torch/_dynamo/metrics_context.py:105] [0/0]   File "/usr/local/python3.11.14/lib/python3.11/site-packages/torch/_dynamo/metrics_context.py", line 101, in __exit__
[36m(WorkerDict pid=3105826)[0m [rank11]:E0616 21:35:35.704000 3105826 site-packages/torch/_dynamo/metrics_context.py:105] [0/0]     self._on_exit(
[36m(WorkerDict pid=3105826)[0m [rank11]:E0616 21:35:35.704000 3105826 site-packages/torch/_dynamo/metrics_context.py:105] [0/0]   File "/usr/local/python3.11.14/lib/python3.11/site-packages/torch/_dynamo/utils.py", line 1632, in record_compilation_metrics
[36m(WorkerDict pid=3105826)[0m [rank11]:E0616 21:35:35.704000 3105826 site-packages/torch/_dynamo/metrics_context.py:105] [0/0]     "triton_version": triton.__version__ if has_triton() else "",
[36m(WorkerDict pid=3105826)[0m [rank11]:E0616 21:35:35.704000 3105826 site-packages/torch/_dynamo/metrics_context.py:105] [0/0]                                             ^^^^^^^^^^^^
[36m(WorkerDict pid=3105826)[0m [rank11]:E0616 21:35:35.704000 3105826 site-packages/torch/_dynamo/metrics_context.py:105] [0/0]   File "/usr/local/python3.11.14/lib/python3.11/site-packages/torch/utils/_triton.py", line 159, in has_triton
[36m(WorkerDict pid=3105826)[0m [rank11]:E0616 21:35:35.704000 3105826 site-packages/torch/_dynamo/metrics_context.py:105] [0/0]     return is_device_compatible_with_triton()
[36m(WorkerDict pid=3105826)[0m [rank11]:E0616 21:35:35.704000 3105826 site-packages/torch/_dynamo/metrics_context.py:105] [0/0]            ^^^^^^^^^^^^^^^^^^^^^^^^^^^^^^^^^^
[36m(WorkerDict pid=3105826)[0m [rank11]:E0616 21:35:35.704000 3105826 site-packages/torch/_dynamo/metrics_context.py:105] [0/0]   File "/usr/local/python3.11.14/lib/python3.11/site-packages/torch/utils/_triton.py", line 155, in is_device_compatible_with_triton
[36m(WorkerDict pid=3105826)[0m [rank11]:E0616 21:35:35.704000 3105826 site-packages/torch/_dynamo/metrics_context.py:105] [0/0]     if device_interface.is_available() and extra_check(device_interface):
[36m(WorkerDict pid=3105826)[0m [rank11]:E0616 21:35:35.704000 3105826 site-packages/torch/_dynamo/metrics_context.py:105] [0/0]                                            ^^^^^^^^^^^^^^^^^^^^^^^^^^^^^
[36m(WorkerDict pid=3105826)[0m [rank11]:E0616 21:35:35.704000 3105826 site-packages/torch/_dynamo/metrics_context.py:105] [0/0]   File "/usr/local/python3.11.14/lib/python3.11/site-packages/torch/utils/_triton.py", line 135, in cuda_extra_check
[36m(WorkerDict pid=3105826)[0m [rank11]:E0616 21:35:35.704000 3105826 site-packages/torch/_dynamo/metrics_context.py:105] [0/0]     return device_interface.Worker.get_device_properties().major >= 7
[36m(WorkerDict pid=3105826)[0m [rank11]:E0616 21:35:35.704000 3105826 site-packages/torch/_dynamo/metrics_context.py:105] [0/0]            ^^^^^^^^^^^^^^^^^^^^^^^^^^^^^^^^^^^^^^^^^^^^^^^^^^^^^^^^^^
[36m(WorkerDict pid=3105826)[0m [rank11]:E0616 21:35:35.704000 3105826 site-packages/torch/_dynamo/metrics_context.py:105] [0/0] TypeError: '>=' not supported between instances of 'NoneType' and 'int'
[36m(WorkerDict pid=3105827)[0m [rank14]:E0616 21:35:35.710000 3105827 site-packages/torch/_dynamo/metrics_context.py:105] [0/0] Unexpected exception logging compilation metrics
[36m(WorkerDict pid=3105827)[0m [rank14]:E0616 21:35:35.710000 3105827 site-packages/torch/_dynamo/metrics_context.py:105] [0/0] Traceback (most recent call last):
[36m(WorkerDict pid=3105827)[0m [rank14]:E0616 21:35:35.710000 3105827 site-packages/torch/_dynamo/metrics_context.py:105] [0/0]   File "/usr/local/python3.11.14/lib/python3.11/site-packages/torch/_dynamo/metrics_context.py", line 101, in __exit__
[36m(WorkerDict pid=3105827)[0m [rank14]:E0616 21:35:35.710000 3105827 site-packages/torch/_dynamo/metrics_context.py:105] [0/0]     self._on_exit(
[36m(WorkerDict pid=3105827)[0m [rank14]:E0616 21:35:35.710000 3105827 site-packages/torch/_dynamo/metrics_context.py:105] [0/0]   File "/usr/local/python3.11.14/lib/python3.11/site-packages/torch/_dynamo/utils.py", line 1632, in record_compilation_metrics
[36m(WorkerDict pid=3105827)[0m [rank14]:E0616 21:35:35.710000 3105827 site-packages/torch/_dynamo/metrics_context.py:105] [0/0]     "triton_version": triton.__version__ if has_triton() else "",
[36m(WorkerDict pid=3105827)[0m [rank14]:E0616 21:35:35.710000 3105827 site-packages/torch/_dynamo/metrics_context.py:105] [0/0]                                             ^^^^^^^^^^^^
[36m(WorkerDict pid=3105827)[0m [rank14]:E0616 21:35:35.710000 3105827 site-packages/torch/_dynamo/metrics_context.py:105] [0/0]   File "/usr/local/python3.11.14/lib/python3.11/site-packages/torch/utils/_triton.py", line 159, in has_triton
[36m(WorkerDict pid=3105827)[0m [rank14]:E0616 21:35:35.710000 3105827 site-packages/torch/_dynamo/metrics_context.py:105] [0/0]     return is_device_compatible_with_triton()
[36m(WorkerDict pid=3105827)[0m [rank14]:E0616 21:35:35.710000 3105827 site-packages/torch/_dynamo/metrics_context.py:105] [0/0]            ^^^^^^^^^^^^^^^^^^^^^^^^^^^^^^^^^^
[36m(WorkerDict pid=3105827)[0m [rank14]:E0616 21:35:35.710000 3105827 site-packages/torch/_dynamo/metrics_context.py:105] [0/0]   File "/usr/local/python3.11.14/lib/python3.11/site-packages/torch/utils/_triton.py", line 155, in is_device_compatible_with_triton
[36m(WorkerDict pid=3105827)[0m [rank14]:E0616 21:35:35.710000 3105827 site-packages/torch/_dynamo/metrics_context.py:105] [0/0]     if device_interface.is_available() and extra_check(device_interface):
[36m(WorkerDict pid=3105827)[0m [rank14]:E0616 21:35:35.710000 3105827 site-packages/torch/_dynamo/metrics_context.py:105] [0/0]                                            ^^^^^^^^^^^^^^^^^^^^^^^^^^^^^
[36m(WorkerDict pid=3105827)[0m [rank14]:E0616 21:35:35.710000 3105827 site-packages/torch/_dynamo/metrics_context.py:105] [0/0]   File "/usr/local/python3.11.14/lib/python3.11/site-packages/torch/utils/_triton.py", line 135, in cuda_extra_check
[36m(WorkerDict pid=3105827)[0m [rank14]:E0616 21:35:35.710000 3105827 site-packages/torch/_dynamo/metrics_context.py:105] [0/0]     return device_interface.Worker.get_device_properties().major >= 7
[36m(WorkerDict pid=3105827)[0m [rank14]:E0616 21:35:35.710000 3105827 site-packages/torch/_dynamo/metrics_context.py:105] [0/0]            ^^^^^^^^^^^^^^^^^^^^^^^^^^^^^^^^^^^^^^^^^^^^^^^^^^^^^^^^^^
[36m(WorkerDict pid=3105827)[0m [rank14]:E0616 21:35:35.710000 3105827 site-packages/torch/_dynamo/metrics_context.py:105] [0/0] TypeError: '>=' not supported between instances of 'NoneType' and 'int'
[36m(WorkerDict pid=3105829)[0m [rank12]:E0616 21:35:35.713000 3105829 site-packages/torch/_dynamo/metrics_context.py:105] [0/0] Unexpected exception logging compilation metrics
[36m(WorkerDict pid=3105829)[0m [rank12]:E0616 21:35:35.713000 3105829 site-packages/torch/_dynamo/metrics_context.py:105] [0/0] Traceback (most recent call last):
[36m(WorkerDict pid=3105829)[0m [rank12]:E0616 21:35:35.713000 3105829 site-packages/torch/_dynamo/metrics_context.py:105] [0/0]   File "/usr/local/python3.11.14/lib/python3.11/site-packages/torch/_dynamo/metrics_context.py", line 101, in __exit__
[36m(WorkerDict pid=3105829)[0m [rank12]:E0616 21:35:35.713000 3105829 site-packages/torch/_dynamo/metrics_context.py:105] [0/0]     self._on_exit(
[36m(WorkerDict pid=3105829)[0m [rank12]:E0616 21:35:35.713000 3105829 site-packages/torch/_dynamo/metrics_context.py:105] [0/0]   File "/usr/local/python3.11.14/lib/python3.11/site-packages/torch/_dynamo/utils.py", line 1632, in record_compilation_metrics
[36m(WorkerDict pid=3105829)[0m [rank12]:E0616 21:35:35.713000 3105829 site-packages/torch/_dynamo/metrics_context.py:105] [0/0]     "triton_version": triton.__version__ if has_triton() else "",
[36m(WorkerDict pid=3105829)[0m [rank12]:E0616 21:35:35.713000 3105829 site-packages/torch/_dynamo/metrics_context.py:105] [0/0]                                             ^^^^^^^^^^^^
[36m(WorkerDict pid=3105829)[0m [rank12]:E0616 21:35:35.713000 3105829 site-packages/torch/_dynamo/metrics_context.py:105] [0/0]   File "/usr/local/python3.11.14/lib/python3.11/site-packages/torch/utils/_triton.py", line 159, in has_triton
[36m(WorkerDict pid=3105829)[0m [rank12]:E0616 21:35:35.713000 3105829 site-packages/torch/_dynamo/metrics_context.py:105] [0/0]     return is_device_compatible_with_triton()
[36m(WorkerDict pid=3105829)[0m [rank12]:E0616 21:35:35.713000 3105829 site-packages/torch/_dynamo/metrics_context.py:105] [0/0]            ^^^^^^^^^^^^^^^^^^^^^^^^^^^^^^^^^^
[36m(WorkerDict pid=3105829)[0m [rank12]:E0616 21:35:35.713000 3105829 site-packages/torch/_dynamo/metrics_context.py:105] [0/0]   File "/usr/local/python3.11.14/lib/python3.11/site-packages/torch/utils/_triton.py", line 155, in is_device_compatible_with_triton
[36m(WorkerDict pid=3105829)[0m [rank12]:E0616 21:35:35.713000 3105829 site-packages/torch/_dynamo/metrics_context.py:105] [0/0]     if device_interface.is_available() and extra_check(device_interface):
[36m(WorkerDict pid=3105829)[0m [rank12]:E0616 21:35:35.713000 3105829 site-packages/torch/_dynamo/metrics_context.py:105] [0/0]                                            ^^^^^^^^^^^^^^^^^^^^^^^^^^^^^
[36m(WorkerDict pid=3105829)[0m [rank12]:E0616 21:35:35.713000 3105829 site-packages/torch/_dynamo/metrics_context.py:105] [0/0]   File "/usr/local/python3.11.14/lib/python3.11/site-packages/torch/utils/_triton.py", line 135, in cuda_extra_check
[36m(WorkerDict pid=3105829)[0m [rank12]:E0616 21:35:35.713000 3105829 site-packages/torch/_dynamo/metrics_context.py:105] [0/0]     return device_interface.Worker.get_device_properties().major >= 7
[36m(WorkerDict pid=3105829)[0m [rank12]:E0616 21:35:35.713000 3105829 site-packages/torch/_dynamo/metrics_context.py:105] [0/0]            ^^^^^^^^^^^^^^^^^^^^^^^^^^^^^^^^^^^^^^^^^^^^^^^^^^^^^^^^^^
[36m(WorkerDict pid=3105829)[0m [rank12]:E0616 21:35:35.713000 3105829 site-packages/torch/_dynamo/metrics_context.py:105] [0/0] TypeError: '>=' not supported between instances of 'NoneType' and 'int'
[36m(WorkerDict pid=3105816)[0m [rank1]:E0616 21:35:35.729000 3105816 site-packages/torch/_dynamo/metrics_context.py:105] [0/0] Unexpected exception logging compilation metrics
[36m(WorkerDict pid=3105816)[0m [rank1]:E0616 21:35:35.729000 3105816 site-packages/torch/_dynamo/metrics_context.py:105] [0/0] Traceback (most recent call last):
[36m(WorkerDict pid=3105816)[0m [rank1]:E0616 21:35:35.729000 3105816 site-packages/torch/_dynamo/metrics_context.py:105] [0/0]   File "/usr/local/python3.11.14/lib/python3.11/site-packages/torch/_dynamo/metrics_context.py", line 101, in __exit__
[36m(WorkerDict pid=3105816)[0m [rank1]:E0616 21:35:35.729000 3105816 site-packages/torch/_dynamo/metrics_context.py:105] [0/0]     self._on_exit(
[36m(WorkerDict pid=3105816)[0m [rank1]:E0616 21:35:35.729000 3105816 site-packages/torch/_dynamo/metrics_context.py:105] [0/0]   File "/usr/local/python3.11.14/lib/python3.11/site-packages/torch/_dynamo/utils.py", line 1632, in record_compilation_metrics
[36m(WorkerDict pid=3105816)[0m [rank1]:E0616 21:35:35.729000 3105816 site-packages/torch/_dynamo/metrics_context.py:105] [0/0]     "triton_version": triton.__version__ if has_triton() else "",
[36m(WorkerDict pid=3105816)[0m [rank1]:E0616 21:35:35.729000 3105816 site-packages/torch/_dynamo/metrics_context.py:105] [0/0]                                             ^^^^^^^^^^^^
[36m(WorkerDict pid=3105816)[0m [rank1]:E0616 21:35:35.729000 3105816 site-packages/torch/_dynamo/metrics_context.py:105] [0/0]   File "/usr/local/python3.11.14/lib/python3.11/site-packages/torch/utils/_triton.py", line 159, in has_triton
[36m(WorkerDict pid=3105816)[0m [rank1]:E0616 21:35:35.729000 3105816 site-packages/torch/_dynamo/metrics_context.py:105] [0/0]     return is_device_compatible_with_triton()
[36m(WorkerDict pid=3105816)[0m [rank1]:E0616 21:35:35.729000 3105816 site-packages/torch/_dynamo/metrics_context.py:105] [0/0]            ^^^^^^^^^^^^^^^^^^^^^^^^^^^^^^^^^^
[36m(WorkerDict pid=3105816)[0m [rank1]:E0616 21:35:35.729000 3105816 site-packages/torch/_dynamo/metrics_context.py:105] [0/0]   File "/usr/local/python3.11.14/lib/python3.11/site-packages/torch/utils/_triton.py", line 155, in is_device_compatible_with_triton
[36m(WorkerDict pid=3105816)[0m [rank1]:E0616 21:35:35.729000 3105816 site-packages/torch/_dynamo/metrics_context.py:105] [0/0]     if device_interface.is_available() and extra_check(device_interface):
[36m(WorkerDict pid=3105816)[0m [rank1]:E0616 21:35:35.729000 3105816 site-packages/torch/_dynamo/metrics_context.py:105] [0/0]                                            ^^^^^^^^^^^^^^^^^^^^^^^^^^^^^
[36m(WorkerDict pid=3105816)[0m [rank1]:E0616 21:35:35.729000 3105816 site-packages/torch/_dynamo/metrics_context.py:105] [0/0]   File "/usr/local/python3.11.14/lib/python3.11/site-packages/torch/utils/_triton.py", line 135, in cuda_extra_check
[36m(WorkerDict pid=3105816)[0m [rank1]:E0616 21:35:35.729000 3105816 site-packages/torch/_dynamo/metrics_context.py:105] [0/0]     return device_interface.Worker.get_device_properties().major >= 7
[36m(WorkerDict pid=3105816)[0m [rank1]:E0616 21:35:35.729000 3105816 site-packages/torch/_dynamo/metrics_context.py:105] [0/0]            ^^^^^^^^^^^^^^^^^^^^^^^^^^^^^^^^^^^^^^^^^^^^^^^^^^^^^^^^^^
[36m(WorkerDict pid=3105816)[0m [rank1]:E0616 21:35:35.729000 3105816 site-packages/torch/_dynamo/metrics_context.py:105] [0/0] TypeError: '>=' not supported between instances of 'NoneType' and 'int'
[36m(WorkerDict pid=3105822)[0m [rank7]:E0616 21:35:35.752000 3105822 site-packages/torch/_dynamo/metrics_context.py:105] [0/0] Unexpected exception logging compilation metrics
[36m(WorkerDict pid=3105822)[0m [rank7]:E0616 21:35:35.752000 3105822 site-packages/torch/_dynamo/metrics_context.py:105] [0/0] Traceback (most recent call last):
[36m(WorkerDict pid=3105822)[0m [rank7]:E0616 21:35:35.752000 3105822 site-packages/torch/_dynamo/metrics_context.py:105] [0/0]   File "/usr/local/python3.11.14/lib/python3.11/site-packages/torch/_dynamo/metrics_context.py", line 101, in __exit__
[36m(WorkerDict pid=3105822)[0m [rank7]:E0616 21:35:35.752000 3105822 site-packages/torch/_dynamo/metrics_context.py:105] [0/0]     self._on_exit(
[36m(WorkerDict pid=3105822)[0m [rank7]:E0616 21:35:35.752000 3105822 site-packages/torch/_dynamo/metrics_context.py:105] [0/0]   File "/usr/local/python3.11.14/lib/python3.11/site-packages/torch/_dynamo/utils.py", line 1632, in record_compilation_metrics
[36m(WorkerDict pid=3105822)[0m [rank7]:E0616 21:35:35.752000 3105822 site-packages/torch/_dynamo/metrics_context.py:105] [0/0]     "triton_version": triton.__version__ if has_triton() else "",
[36m(WorkerDict pid=3105822)[0m [rank7]:E0616 21:35:35.752000 3105822 site-packages/torch/_dynamo/metrics_context.py:105] [0/0]                                             ^^^^^^^^^^^^
[36m(WorkerDict pid=3105822)[0m [rank7]:E0616 21:35:35.752000 3105822 site-packages/torch/_dynamo/metrics_context.py:105] [0/0]   File "/usr/local/python3.11.14/lib/python3.11/site-packages/torch/utils/_triton.py", line 159, in has_triton
[36m(WorkerDict pid=3105822)[0m [rank7]:E0616 21:35:35.752000 3105822 site-packages/torch/_dynamo/metrics_context.py:105] [0/0]     return is_device_compatible_with_triton()
[36m(WorkerDict pid=3105822)[0m [rank7]:E0616 21:35:35.752000 3105822 site-packages/torch/_dynamo/metrics_context.py:105] [0/0]            ^^^^^^^^^^^^^^^^^^^^^^^^^^^^^^^^^^
[36m(WorkerDict pid=3105822)[0m [rank7]:E0616 21:35:35.752000 3105822 site-packages/torch/_dynamo/metrics_context.py:105] [0/0]   File "/usr/local/python3.11.14/lib/python3.11/site-packages/torch/utils/_triton.py", line 155, in is_device_compatible_with_triton
[36m(WorkerDict pid=3105822)[0m [rank7]:E0616 21:35:35.752000 3105822 site-packages/torch/_dynamo/metrics_context.py:105] [0/0]     if device_interface.is_available() and extra_check(device_interface):
[36m(WorkerDict pid=3105822)[0m [rank7]:E0616 21:35:35.752000 3105822 site-packages/torch/_dynamo/metrics_context.py:105] [0/0]                                            ^^^^^^^^^^^^^^^^^^^^^^^^^^^^^
[36m(WorkerDict pid=3105822)[0m [rank7]:E0616 21:35:35.752000 3105822 site-packages/torch/_dynamo/metrics_context.py:105] [0/0]   File "/usr/local/python3.11.14/lib/python3.11/site-packages/torch/utils/_triton.py", line 135, in cuda_extra_check
[36m(WorkerDict pid=3105822)[0m [rank7]:E0616 21:35:35.752000 3105822 site-packages/torch/_dynamo/metrics_context.py:105] [0/0]     return device_interface.Worker.get_device_properties().major >= 7
[36m(WorkerDict pid=3105822)[0m [rank7]:E0616 21:35:35.752000 3105822 site-packages/torch/_dynamo/metrics_context.py:105] [0/0]            ^^^^^^^^^^^^^^^^^^^^^^^^^^^^^^^^^^^^^^^^^^^^^^^^^^^^^^^^^^
[36m(WorkerDict pid=3105822)[0m [rank7]:E0616 21:35:35.752000 3105822 site-packages/torch/_dynamo/metrics_context.py:105] [0/0] TypeError: '>=' not supported between instances of 'NoneType' and 'int'
[36m(WorkerDict pid=3105821)[0m [rank6]:E0616 21:35:35.730000 3105821 site-packages/torch/_dynamo/metrics_context.py:105] [0/0] Unexpected exception logging compilation metrics
[36m(WorkerDict pid=3105821)[0m [rank6]:E0616 21:35:35.730000 3105821 site-packages/torch/_dynamo/metrics_context.py:105] [0/0] Traceback (most recent call last):
[36m(WorkerDict pid=3105821)[0m [rank6]:E0616 21:35:35.730000 3105821 site-packages/torch/_dynamo/metrics_context.py:105] [0/0]   File "/usr/local/python3.11.14/lib/python3.11/site-packages/torch/_dynamo/metrics_context.py", line 101, in __exit__
[36m(WorkerDict pid=3105821)[0m [rank6]:E0616 21:35:35.730000 3105821 site-packages/torch/_dynamo/metrics_context.py:105] [0/0]     self._on_exit(
[36m(WorkerDict pid=3105821)[0m [rank6]:E0616 21:35:35.730000 3105821 site-packages/torch/_dynamo/metrics_context.py:105] [0/0]   File "/usr/local/python3.11.14/lib/python3.11/site-packages/torch/_dynamo/utils.py", line 1632, in record_compilation_metrics
[36m(WorkerDict pid=3105821)[0m [rank6]:E0616 21:35:35.730000 3105821 site-packages/torch/_dynamo/metrics_context.py:105] [0/0]     "triton_version": triton.__version__ if has_triton() else "",
[36m(WorkerDict pid=3105821)[0m [rank6]:E0616 21:35:35.730000 3105821 site-packages/torch/_dynamo/metrics_context.py:105] [0/0]                                             ^^^^^^^^^^^^
[36m(WorkerDict pid=3105821)[0m [rank6]:E0616 21:35:35.730000 3105821 site-packages/torch/_dynamo/metrics_context.py:105] [0/0]   File "/usr/local/python3.11.14/lib/python3.11/site-packages/torch/utils/_triton.py", line 159, in has_triton
[36m(WorkerDict pid=3105821)[0m [rank6]:E0616 21:35:35.730000 3105821 site-packages/torch/_dynamo/metrics_context.py:105] [0/0]     return is_device_compatible_with_triton()
[36m(WorkerDict pid=3105821)[0m [rank6]:E0616 21:35:35.730000 3105821 site-packages/torch/_dynamo/metrics_context.py:105] [0/0]            ^^^^^^^^^^^^^^^^^^^^^^^^^^^^^^^^^^
[36m(WorkerDict pid=3105821)[0m [rank6]:E0616 21:35:35.730000 3105821 site-packages/torch/_dynamo/metrics_context.py:105] [0/0]   File "/usr/local/python3.11.14/lib/python3.11/site-packages/torch/utils/_triton.py", line 155, in is_device_compatible_with_triton
[36m(WorkerDict pid=3105821)[0m [rank6]:E0616 21:35:35.730000 3105821 site-packages/torch/_dynamo/metrics_context.py:105] [0/0]     if device_interface.is_available() and extra_check(device_interface):
[36m(WorkerDict pid=3105821)[0m [rank6]:E0616 21:35:35.730000 3105821 site-packages/torch/_dynamo/metrics_context.py:105] [0/0]                                            ^^^^^^^^^^^^^^^^^^^^^^^^^^^^^
[36m(WorkerDict pid=3105821)[0m [rank6]:E0616 21:35:35.730000 3105821 site-packages/torch/_dynamo/metrics_context.py:105] [0/0]   File "/usr/local/python3.11.14/lib/python3.11/site-packages/torch/utils/_triton.py", line 135, in cuda_extra_check
[36m(WorkerDict pid=3105821)[0m [rank6]:E0616 21:35:35.730000 3105821 site-packages/torch/_dynamo/metrics_context.py:105] [0/0]     return device_interface.Worker.get_device_properties().major >= 7
[36m(WorkerDict pid=3105821)[0m [rank6]:E0616 21:35:35.730000 3105821 site-packages/torch/_dynamo/metrics_context.py:105] [0/0]            ^^^^^^^^^^^^^^^^^^^^^^^^^^^^^^^^^^^^^^^^^^^^^^^^^^^^^^^^^^
[36m(WorkerDict pid=3105821)[0m [rank6]:E0616 21:35:35.730000 3105821 site-packages/torch/_dynamo/metrics_context.py:105] [0/0] TypeError: '>=' not supported between instances of 'NoneType' and 'int'
[36m(WorkerDict pid=3105819)[0m Processed prompts:   3%|▎         | 1/32 [01:37<50:36, 97.94s/it, est. speed input: 0.41 toks/s, output: 10.41 toks/s]
[36m(WorkerDict pid=3105826)[0m Processed prompts:   3%|▎         | 1/32 [01:51<57:42, 111.68s/it, est. speed input: 0.49 toks/s, output: 10.71 toks/s]
[36m(WorkerDict pid=3105826)[0m Processed prompts:   6%|▋         | 2/32 [01:52<23:22, 46.74s/it, est. speed input: 0.97 toks/s, output: 21.31 toks/s] 
[36m(WorkerDict pid=3105826)[0m Processed prompts:   9%|▉         | 3/32 [01:53<12:30, 25.87s/it, est. speed input: 1.45 toks/s, output: 31.84 toks/s]
[36m(WorkerDict pid=3105826)[0m Processed prompts:  12%|█▎        | 4/32 [01:55<07:38, 16.39s/it, est. speed input: 1.90 toks/s, output: 42.08 toks/s]
[36m(WorkerDict pid=3105819)[0m Processed prompts:   6%|▋         | 2/32 [02:00<26:42, 53.41s/it, est. speed input: 0.67 toks/s, output: 19.16 toks/s]
[36m(WorkerDict pid=3105826)[0m Processed prompts:  16%|█▌        | 5/32 [02:01<05:34, 12.38s/it, est. speed input: 2.27 toks/s, output: 51.04 toks/s]
[36m(WorkerDict pid=3105826)[0m Processed prompts:  19%|█▉        | 6/32 [02:01<03:35,  8.29s/it, est. speed input: 2.72 toks/s, output: 61.68 toks/s]
[36m(WorkerDict pid=3105816)[0m Processed prompts:   3%|▎         | 1/32 [02:05<1:04:51, 125.54s/it, est. speed input: 0.28 toks/s, output: 10.83 toks/s]
[36m(WorkerDict pid=3105819)[0m Processed prompts:   9%|▉         | 3/32 [02:09<15:58, 33.06s/it, est. speed input: 0.93 toks/s, output: 28.61 toks/s]
[36m(WorkerDict pid=3105826)[0m Processed prompts:  22%|██▏       | 7/32 [02:09<03:23,  8.14s/it, est. speed input: 2.98 toks/s, output: 68.81 toks/s]
[36m(WorkerDict pid=3105826)[0m Processed prompts:  25%|██▌       | 8/32 [02:12<02:39,  6.66s/it, est. speed input: 3.31 toks/s, output: 77.90 toks/s]
[36m(WorkerDict pid=3105817)[0m Processed prompts:   3%|▎         | 1/32 [02:15<1:09:50, 135.16s/it, est. speed input: 0.66 toks/s, output: 10.80 toks/s]
[36m(WorkerDict pid=3105816)[0m Processed prompts:   6%|▋         | 2/32 [02:14<28:34, 57.14s/it, est. speed input: 0.52 toks/s, output: 20.99 toks/s]   
[36m(WorkerDict pid=3105826)[0m Processed prompts:  28%|██▊       | 9/32 [02:16<02:11,  5.71s/it, est. speed input: 3.63 toks/s, output: 86.74 toks/s]
[36m(WorkerDict pid=3105826)[0m Processed prompts:  31%|███▏      | 10/32 [02:16<01:28,  4.00s/it, est. speed input: 4.03 toks/s, output: 97.55 toks/s]
[36m(WorkerDict pid=3105817)[0m Processed prompts:   6%|▋         | 2/32 [02:24<30:26, 60.90s/it, est. speed input: 1.24 toks/s, output: 21.00 toks/s]   
[36m(WorkerDict pid=3105816)[0m Processed prompts:   9%|▉         | 3/32 [02:23<17:00, 35.19s/it, est. speed input: 0.73 toks/s, output: 30.63 toks/s]
[36m(WorkerDict pid=3105826)[0m Processed prompts:  34%|███▍      | 11/32 [02:23<01:45,  5.03s/it, est. speed input: 4.20 toks/s, output: 103.53 toks/s]
[36m(WorkerDict pid=3105816)[0m Processed prompts:  12%|█▎        | 4/32 [02:24<10:08, 21.74s/it, est. speed input: 0.97 toks/s, output: 41.36 toks/s]
[36m(WorkerDict pid=3105826)[0m Processed prompts:  38%|███▊      | 12/32 [02:26<01:23,  4.18s/it, est. speed input: 4.51 toks/s, output: 112.91 toks/s]
[36m(WorkerDict pid=3105826)[0m Processed prompts:  41%|████      | 13/32 [02:26<00:58,  3.10s/it, est. speed input: 4.87 toks/s, output: 123.44 toks/s]
[36m(WorkerDict pid=3105817)[0m Processed prompts:   9%|▉         | 3/32 [02:28<16:56, 35.06s/it, est. speed input: 1.80 toks/s, output: 31.28 toks/s]
[36m(WorkerDict pid=3105817)[0m Processed prompts:  12%|█▎        | 4/32 [02:28<09:55, 21.28s/it, est. speed input: 2.40 toks/s, output: 42.14 toks/s]
[36m(WorkerDict pid=3105819)[0m Processed prompts:  12%|█▎        | 4/32 [02:29<13:11, 28.28s/it, est. speed input: 1.07 toks/s, output: 35.53 toks/s]
[36m(WorkerDict pid=3105817)[0m Processed prompts:  16%|█▌        | 5/32 [02:31<06:37, 14.73s/it, est. speed input: 2.93 toks/s, output: 52.18 toks/s]
[36m(WorkerDict pid=3105819)[0m Processed prompts:  16%|█▌        | 5/32 [02:32<08:29, 18.87s/it, est. speed input: 1.31 toks/s, output: 45.94 toks/s]
[36m(WorkerDict pid=3105825)[0m Processed prompts:   3%|▎         | 1/32 [02:33<1:19:17, 153.47s/it, est. speed input: 0.22 toks/s, output: 10.94 toks/s]
[36m(WorkerDict pid=3105819)[0m Processed prompts:  19%|█▉        | 6/32 [02:34<05:42, 13.15s/it, est. speed input: 1.56 toks/s, output: 56.27 toks/s]
[36m(WorkerDict pid=3105816)[0m Processed prompts:  16%|█▌        | 5/32 [02:33<07:34, 16.84s/it, est. speed input: 1.14 toks/s, output: 50.18 toks/s]
[36m(WorkerDict pid=3105816)[0m Processed prompts:  19%|█▉        | 6/32 [02:35<05:05, 11.77s/it, est. speed input: 1.35 toks/s, output: 60.58 toks/s]
[36m(WorkerDict pid=3105816)[0m Processed prompts:  22%|██▏       | 7/32 [02:35<03:22,  8.11s/it, est. speed input: 1.57 toks/s, output: 71.38 toks/s]
[36m(WorkerDict pid=3105826)[0m Processed prompts:  44%|████▍     | 14/32 [02:37<01:36,  5.36s/it, est. speed input: 4.89 toks/s, output: 126.18 toks/s]
[36m(WorkerDict pid=3105826)[0m Processed prompts:  47%|████▋     | 15/32 [02:39<01:13,  4.30s/it, est. speed input: 5.18 toks/s, output: 135.75 toks/s]
[36m(WorkerDict pid=3105816)[0m Processed prompts:  25%|██▌       | 8/32 [02:44<03:17,  8.25s/it, est. speed input: 1.71 toks/s, output: 78.75 toks/s]
[36m(WorkerDict pid=3105829)[0m Processed prompts:   3%|▎         | 1/32 [02:48<1:26:58, 168.34s/it, est. speed input: 0.23 toks/s, output: 11.07 toks/s]
[36m(WorkerDict pid=3105817)[0m Processed prompts:  19%|█▉        | 6/32 [02:49<06:46, 15.64s/it, est. speed input: 3.16 toks/s, output: 57.83 toks/s]
[36m(WorkerDict pid=3105817)[0m Processed prompts:  22%|██▏       | 7/32 [02:49<04:26, 10.67s/it, est. speed input: 3.68 toks/s, output: 68.72 toks/s]
[36m(WorkerDict pid=3105817)[0m Processed prompts:  25%|██▌       | 8/32 [02:50<03:04,  7.68s/it, est. speed input: 4.17 toks/s, output: 79.24 toks/s]
[36m(WorkerDict pid=3105829)[0m Processed prompts:   6%|▋         | 2/32 [02:50<35:14, 70.47s/it, est. speed input: 0.46 toks/s, output: 22.01 toks/s]   
[36m(WorkerDict pid=3105816)[0m Processed prompts:  28%|██▊       | 9/32 [02:50<02:57,  7.72s/it, est. speed input: 1.84 toks/s, output: 86.84 toks/s]
[36m(WorkerDict pid=3105825)[0m Processed prompts:   6%|▋         | 2/32 [02:54<37:42, 75.42s/it, est. speed input: 0.39 toks/s, output: 20.69 toks/s]   
[36m(WorkerDict pid=3105816)[0m Processed prompts:  31%|███▏      | 10/32 [02:53<02:16,  6.19s/it, est. speed input: 2.02 toks/s, output: 96.58 toks/s]
[36m(WorkerDict pid=3105829)[0m Processed prompts:  12%|█▎        | 4/32 [02:54<12:54, 27.65s/it, est. speed input: 0.89 toks/s, output: 43.36 toks/s]
[36m(WorkerDict pid=3105819)[0m Processed prompts:  22%|██▏       | 7/32 [02:55<06:37, 15.89s/it, est. speed input: 1.59 toks/s, output: 60.44 toks/s]
[36m(WorkerDict pid=3105819)[0m Processed prompts:  25%|██▌       | 8/32 [02:55<04:21, 10.89s/it, est. speed input: 1.82 toks/s, output: 71.44 toks/s]
[36m(WorkerDict pid=3105815)[0m Processed prompts:   3%|▎         | 1/32 [02:54<1:30:02, 174.26s/it, est. speed input: 0.23 toks/s, output: 11.18 toks/s]
[36m(WorkerDict pid=3105816)[0m Processed prompts:  34%|███▍      | 11/32 [02:55<01:41,  4.82s/it, est. speed input: 2.20 toks/s, output: 106.77 toks/s]
[36m(WorkerDict pid=3105825)[0m Processed prompts:   9%|▉         | 3/32 [02:58<20:48, 43.05s/it, est. speed input: 0.57 toks/s, output: 31.25 toks/s]
[36m(WorkerDict pid=3105816)[0m Processed prompts:  38%|███▊      | 12/32 [02:58<01:27,  4.35s/it, est. speed input: 2.35 toks/s, output: 115.95 toks/s]
[36m(WorkerDict pid=3105829)[0m Processed prompts:  16%|█▌        | 5/32 [03:00<09:22, 20.82s/it, est. speed input: 1.08 toks/s, output: 53.14 toks/s]
[36m(WorkerDict pid=3105826)[0m Processed prompts:  50%|█████     | 16/32 [03:05<02:54, 10.92s/it, est. speed input: 4.74 toks/s, output: 127.70 toks/s]
[36m(WorkerDict pid=3105819)[0m Processed prompts:  28%|██▊       | 9/32 [03:06<04:10, 10.88s/it, est. speed input: 1.93 toks/s, output: 78.39 toks/s]
[36m(WorkerDict pid=3105829)[0m Processed prompts:  19%|█▉        | 6/32 [03:06<07:09, 16.52s/it, est. speed input: 1.25 toks/s, output: 62.35 toks/s]
[36m(WorkerDict pid=3105819)[0m Processed prompts:  31%|███▏      | 10/32 [03:07<02:52,  7.84s/it, est. speed input: 2.13 toks/s, output: 89.08 toks/s]
[36m(WorkerDict pid=3105817)[0m Processed prompts:  28%|██▊       | 9/32 [03:08<04:11, 10.93s/it, est. speed input: 4.24 toks/s, output: 82.76 toks/s]
[36m(WorkerDict pid=3105818)[0m Processed prompts:   3%|▎         | 1/32 [03:08<1:37:16, 188.29s/it, est. speed input: 0.25 toks/s, output: 11.18 toks/s]
[36m(WorkerDict pid=3105819)[0m Processed prompts:  34%|███▍      | 11/32 [03:10<02:11,  6.27s/it, est. speed input: 2.31 toks/s, output: 98.95 toks/s]
[36m(WorkerDict pid=3105819)[0m Processed prompts:  38%|███▊      | 12/32 [03:14<01:50,  5.51s/it, est. speed input: 2.47 toks/s, output: 108.16 toks/s]
[36m(WorkerDict pid=3105820)[0m Processed prompts:   3%|▎         | 1/32 [03:14<1:40:17, 194.12s/it, est. speed input: 0.24 toks/s, output: 11.17 toks/s]
[36m(WorkerDict pid=3105825)[0m Processed prompts:  12%|█▎        | 4/32 [03:14<15:06, 32.39s/it, est. speed input: 0.70 toks/s, output: 39.83 toks/s]
[36m(WorkerDict pid=3105829)[0m Processed prompts:  22%|██▏       | 7/32 [03:14<05:45, 13.82s/it, est. speed input: 1.40 toks/s, output: 71.07 toks/s]
[36m(WorkerDict pid=3105816)[0m Processed prompts:  41%|████      | 13/32 [03:14<02:29,  7.84s/it, est. speed input: 2.34 toks/s, output: 117.70 toks/s]
[36m(WorkerDict pid=3105819)[0m Processed prompts:  41%|████      | 13/32 [03:15<01:21,  4.27s/it, est. speed input: 2.66 toks/s, output: 118.53 toks/s]
[36m(WorkerDict pid=3105817)[0m Processed prompts:  31%|███▏      | 10/32 [03:16<03:37,  9.91s/it, est. speed input: 4.53 toks/s, output: 90.69 toks/s]
[36m(WorkerDict pid=3105817)[0m Processed prompts:  34%|███▍      | 11/32 [03:18<02:34,  7.37s/it, est. speed input: 4.94 toks/s, output: 101.10 toks/s]
[36m(WorkerDict pid=3105816)[0m Processed prompts:  44%|████▍     | 14/32 [03:19<02:03,  6.88s/it, est. speed input: 2.46 toks/s, output: 126.17 toks/s]
[36m(WorkerDict pid=3105825)[0m Processed prompts:  16%|█▌        | 5/32 [03:22<10:29, 23.33s/it, est. speed input: 0.84 toks/s, output: 49.57 toks/s]
[36m(WorkerDict pid=3105819)[0m Processed prompts:  44%|████▍     | 14/32 [03:24<01:39,  5.55s/it, est. speed input: 2.74 toks/s, output: 124.77 toks/s]
[36m(WorkerDict pid=3105816)[0m Processed prompts:  47%|████▋     | 15/32 [03:23<01:45,  6.20s/it, est. speed input: 2.58 toks/s, output: 134.55 toks/s]
[36m(WorkerDict pid=3105815)[0m Processed prompts:   6%|▋         | 2/32 [03:23<44:21, 88.72s/it, est. speed input: 0.39 toks/s, output: 20.88 toks/s]   
[36m(WorkerDict pid=3105817)[0m Processed prompts:  38%|███▊      | 12/32 [03:25<02:27,  7.38s/it, est. speed input: 5.20 toks/s, output: 108.63 toks/s]
[36m(WorkerDict pid=3105829)[0m Processed prompts:  25%|██▌       | 8/32 [03:24<05:05, 12.75s/it, est. speed input: 1.52 toks/s, output: 78.72 toks/s]
[36m(WorkerDict pid=3105815)[0m Processed prompts:   9%|▉         | 3/32 [03:24<23:33, 48.73s/it, est. speed input: 0.59 toks/s, output: 32.05 toks/s]
[36m(WorkerDict pid=3105819)[0m Processed prompts:  47%|████▋     | 15/32 [03:26<01:19,  4.65s/it, est. speed input: 2.90 toks/s, output: 134.41 toks/s]
[36m(WorkerDict pid=3105829)[0m Processed prompts:  28%|██▊       | 9/32 [03:27<03:42,  9.66s/it, est. speed input: 1.69 toks/s, output: 88.99 toks/s]
[36m(WorkerDict pid=3105815)[0m Processed prompts:  12%|█▎        | 4/32 [03:26<14:09, 30.33s/it, est. speed input: 0.78 toks/s, output: 43.02 toks/s]
[36m(WorkerDict pid=3105825)[0m Processed prompts:  19%|█▉        | 6/32 [03:28<07:37, 17.61s/it, est. speed input: 0.98 toks/s, output: 59.23 toks/s]
[36m(WorkerDict pid=3105829)[0m Processed prompts:  31%|███▏      | 10/32 [03:31<02:53,  7.88s/it, est. speed input: 1.85 toks/s, output: 98.65 toks/s]
[36m(WorkerDict pid=3105815)[0m Processed prompts:  16%|█▌        | 5/32 [03:35<10:08, 22.52s/it, est. speed input: 0.93 toks/s, output: 52.61 toks/s]
[36m(WorkerDict pid=3105823)[0m Processed prompts:   3%|▎         | 1/32 [03:36<1:51:55, 216.63s/it, est. speed input: 0.22 toks/s, output: 11.25 toks/s]
[36m(WorkerDict pid=3105819)[0m Processed prompts:  50%|█████     | 16/32 [03:37<01:43,  6.46s/it, est. speed input: 2.94 toks/s, output: 139.06 toks/s]
[36m(WorkerDict pid=3105825)[0m Processed prompts:  22%|██▏       | 7/32 [03:40<06:33, 15.75s/it, est. speed input: 1.08 toks/s, output: 67.27 toks/s]
[36m(WorkerDict pid=3105825)[0m Processed prompts:  25%|██▌       | 8/32 [03:41<04:23, 11.00s/it, est. speed input: 1.23 toks/s, output: 78.27 toks/s]
[36m(WorkerDict pid=3105820)[0m Processed prompts:   6%|▋         | 2/32 [03:40<47:52, 95.74s/it, est. speed input: 0.43 toks/s, output: 21.09 toks/s]   
[36m(WorkerDict pid=3105820)[0m Processed prompts:   9%|▉         | 3/32 [03:42<25:31, 52.82s/it, est. speed input: 0.63 toks/s, output: 32.20 toks/s]
[36m(WorkerDict pid=3105825)[0m Processed prompts:  28%|██▊       | 9/32 [03:45<03:21,  8.77s/it, est. speed input: 1.36 toks/s, output: 88.19 toks/s]
[36m(WorkerDict pid=3105829)[0m Processed prompts:  34%|███▍      | 11/32 [03:46<03:34, 10.20s/it, est. speed input: 1.89 toks/s, output: 103.15 toks/s]
[36m(WorkerDict pid=3105815)[0m Processed prompts:  19%|█▉        | 6/32 [03:45<08:00, 18.47s/it, est. speed input: 1.06 toks/s, output: 61.49 toks/s]
[36m(WorkerDict pid=3105829)[0m Processed prompts:  38%|███▊      | 12/32 [03:47<02:24,  7.21s/it, est. speed input: 2.06 toks/s, output: 114.32 toks/s]
[36m(WorkerDict pid=3105825)[0m Processed prompts:  31%|███▏      | 10/32 [03:48<02:32,  6.95s/it, est. speed input: 1.49 toks/s, output: 98.34 toks/s]
[36m(WorkerDict pid=3105820)[0m Processed prompts:  12%|█▎        | 4/32 [03:49<16:13, 34.76s/it, est. speed input: 0.82 toks/s, output: 42.50 toks/s]
[36m(WorkerDict pid=3105815)[0m Processed prompts:  22%|██▏       | 7/32 [03:51<05:55, 14.22s/it, est. speed input: 1.21 toks/s, output: 71.40 toks/s]
[36m(WorkerDict pid=3105816)[0m Processed prompts:  50%|█████     | 16/32 [03:52<03:30, 13.13s/it, est. speed input: 2.40 toks/s, output: 129.00 toks/s]
[36m(WorkerDict pid=3105815)[0m Processed prompts:  25%|██▌       | 8/32 [03:52<04:03, 10.16s/it, est. speed input: 1.38 toks/s, output: 82.32 toks/s]
[36m(WorkerDict pid=3105818)[0m Processed prompts:   6%|▋         | 2/32 [03:55<52:34, 105.15s/it, est. speed input: 0.41 toks/s, output: 20.29 toks/s]  
[36m(WorkerDict pid=3105818)[0m Processed prompts:   9%|▉         | 3/32 [03:57<28:13, 58.38s/it, est. speed input: 0.61 toks/s, output: 31.40 toks/s] 
[36m(WorkerDict pid=3105829)[0m Processed prompts:  41%|████      | 13/32 [04:01<02:55,  9.24s/it, est. speed input: 2.10 toks/s, output: 119.02 toks/s]
[36m(WorkerDict pid=3105815)[0m Processed prompts:  28%|██▊       | 9/32 [04:00<03:34,  9.35s/it, est. speed input: 1.50 toks/s, output: 91.11 toks/s]
[36m(WorkerDict pid=3105823)[0m Processed prompts:   6%|▋         | 2/32 [04:05<53:11, 106.40s/it, est. speed input: 0.39 toks/s, output: 21.22 toks/s]  
[36m(WorkerDict pid=3105827)[0m Processed prompts:   3%|▎         | 1/32 [04:08<2:08:24, 248.52s/it, est. speed input: 0.12 toks/s, output: 11.30 toks/s]
[36m(WorkerDict pid=3105818)[0m Processed prompts:  12%|█▎        | 4/32 [04:09<18:32, 39.74s/it, est. speed input: 0.77 toks/s, output: 41.35 toks/s]
[36m(WorkerDict pid=3105829)[0m Processed prompts:  44%|████▍     | 14/32 [04:09<02:44,  9.13s/it, est. speed input: 2.19 toks/s, output: 126.13 toks/s]
[36m(WorkerDict pid=3105818)[0m Processed prompts:  16%|█▌        | 5/32 [04:11<11:46, 26.17s/it, est. speed input: 0.96 toks/s, output: 52.37 toks/s]
[36m(WorkerDict pid=3105825)[0m Processed prompts:  34%|███▍      | 11/32 [04:12<04:17, 12.24s/it, est. speed input: 1.48 toks/s, output: 100.22 toks/s]
[36m(WorkerDict pid=3105817)[0m Processed prompts:  41%|████      | 13/32 [04:13<06:15, 19.74s/it, est. speed input: 4.56 toks/s, output: 99.33 toks/s] 
[36m(WorkerDict pid=3105815)[0m Processed prompts:  31%|███▏      | 10/32 [04:13<03:54, 10.66s/it, est. speed input: 1.63 toks/s, output: 97.65 toks/s]
[36m(WorkerDict pid=3105825)[0m Processed prompts:  38%|███▊      | 12/32 [04:15<03:10,  9.52s/it, est. speed input: 1.60 toks/s, output: 110.27 toks/s]
[36m(WorkerDict pid=3105829)[0m Processed prompts:  47%|████▋     | 15/32 [04:15<02:15,  7.99s/it, est. speed input: 2.29 toks/s, output: 134.85 toks/s]
[36m(WorkerDict pid=3105825)[0m Processed prompts:  41%|████      | 13/32 [04:19<02:26,  7.72s/it, est. speed input: 1.71 toks/s, output: 120.10 toks/s]
[36m(WorkerDict pid=3105829)[0m Processed prompts:  50%|█████     | 16/32 [04:20<01:53,  7.08s/it, est. speed input: 2.40 toks/s, output: 143.65 toks/s]
[36m(WorkerDict pid=3105818)[0m Processed prompts:  19%|█▉        | 6/32 [04:22<09:06, 21.03s/it, est. speed input: 1.10 toks/s, output: 61.56 toks/s]
[36m(WorkerDict pid=3105817)[0m Processed prompts:  44%|████▍     | 14/32 [04:23<05:03, 16.86s/it, est. speed input: 4.72 toks/s, output: 106.83 toks/s]
[36m(WorkerDict pid=3105817)[0m Processed prompts:  47%|████▋     | 15/32 [04:25<03:28, 12.24s/it, est. speed input: 5.03 toks/s, output: 117.56 toks/s]
[36m(WorkerDict pid=3105823)[0m Processed prompts:   9%|▉         | 3/32 [04:25<32:19, 66.87s/it, est. speed input: 0.69 toks/s, output: 31.01 toks/s] 
[36m(WorkerDict pid=3105820)[0m Processed prompts:  16%|█▌        | 5/32 [04:25<15:48, 35.13s/it, est. speed input: 0.88 toks/s, output: 48.16 toks/s]
[36m(WorkerDict pid=3105818)[0m Processed prompts:  22%|██▏       | 7/32 [04:25<06:18, 15.13s/it, est. speed input: 1.27 toks/s, output: 72.28 toks/s]
[36m(WorkerDict pid=3105825)[0m Processed prompts:  44%|████▍     | 14/32 [04:27<02:20,  7.78s/it, est. speed input: 1.78 toks/s, output: 127.90 toks/s]
[36m(WorkerDict pid=3105819)[0m Processed prompts:  53%|█████▎    | 17/32 [04:27<04:54, 19.62s/it, est. speed input: 2.65 toks/s, output: 124.32 toks/s]
[36m(WorkerDict pid=3105827)[0m Processed prompts:   6%|▋         | 2/32 [04:27<56:49, 113.65s/it, est. speed input: 0.23 toks/s, output: 21.84 toks/s]  
[36m(WorkerDict pid=3105827)[0m Processed prompts:   9%|▉         | 3/32 [04:29<30:16, 62.64s/it, est. speed input: 0.34 toks/s, output: 33.05 toks/s] 
[36m(WorkerDict pid=3105817)[0m Processed prompts:  50%|█████     | 16/32 [04:31<02:46, 10.42s/it, est. speed input: 5.24 toks/s, output: 126.25 toks/s]
[36m(WorkerDict pid=3105820)[0m Processed prompts:  19%|█▉        | 6/32 [04:31<10:54, 25.19s/it, est. speed input: 1.04 toks/s, output: 58.51 toks/s]
[36m(WorkerDict pid=3105827)[0m Processed prompts:  12%|█▎        | 4/32 [04:32<18:09, 38.91s/it, est. speed input: 0.46 toks/s, output: 44.11 toks/s]
[36m(WorkerDict pid=3105823)[0m Processed prompts:  12%|█▎        | 4/32 [04:31<20:02, 42.93s/it, est. speed input: 0.85 toks/s, output: 41.69 toks/s]
[36m(WorkerDict pid=3105820)[0m Processed prompts:  22%|██▏       | 7/32 [04:32<07:09, 17.17s/it, est. speed input: 1.21 toks/s, output: 69.77 toks/s]
[36m(WorkerDict pid=3105823)[0m Processed prompts:  16%|█▌        | 5/32 [04:32<12:31, 27.82s/it, est. speed input: 1.02 toks/s, output: 52.93 toks/s]
[36m(WorkerDict pid=3105815)[0m Processed prompts:  34%|███▍      | 11/32 [04:31<04:32, 12.98s/it, est. speed input: 1.67 toks/s, output: 102.55 toks/s]
[36m(WorkerDict pid=3105818)[0m Processed prompts:  25%|██▌       | 8/32 [04:33<05:08, 12.84s/it, est. speed input: 1.41 toks/s, output: 81.61 toks/s]
[36m(WorkerDict pid=3105820)[0m Processed prompts:  25%|██▌       | 8/32 [04:34<05:02, 12.60s/it, est. speed input: 1.37 toks/s, output: 80.46 toks/s]
[36m(WorkerDict pid=3105827)[0m Processed prompts:  16%|█▌        | 5/32 [04:35<11:48, 26.23s/it, est. speed input: 0.56 toks/s, output: 54.89 toks/s]
[36m(WorkerDict pid=3105827)[0m Processed prompts:  19%|█▉        | 6/32 [04:36<07:32, 17.40s/it, est. speed input: 0.67 toks/s, output: 66.22 toks/s]
[36m(WorkerDict pid=3105818)[0m Processed prompts:  28%|██▊       | 9/32 [04:35<03:36,  9.41s/it, est. speed input: 1.57 toks/s, output: 92.49 toks/s]
[36m(WorkerDict pid=3105827)[0m Processed prompts:  22%|██▏       | 7/32 [04:37<04:59, 11.98s/it, est. speed input: 0.78 toks/s, output: 77.41 toks/s]
[36m(WorkerDict pid=3105818)[0m Processed prompts:  31%|███▏      | 10/32 [04:36<02:35,  7.06s/it, est. speed input: 1.73 toks/s, output: 103.33 toks/s]
[36m(WorkerDict pid=3105815)[0m Processed prompts:  38%|███▊      | 12/32 [04:36<03:28, 10.41s/it, est. speed input: 1.83 toks/s, output: 112.35 toks/s]
[36m(WorkerDict pid=3105823)[0m Processed prompts:  19%|█▉        | 6/32 [04:39<08:55, 20.58s/it, est. speed input: 1.17 toks/s, output: 63.10 toks/s]
[36m(WorkerDict pid=3105820)[0m Processed prompts:  28%|██▊       | 9/32 [04:40<03:58, 10.36s/it, est. speed input: 1.51 toks/s, output: 90.33 toks/s]
[36m(WorkerDict pid=3105820)[0m Processed prompts:  31%|███▏      | 10/32 [04:42<02:49,  7.70s/it, est. speed input: 1.67 toks/s, output: 101.19 toks/s]
[36m(WorkerDict pid=3105818)[0m Processed prompts:  34%|███▍      | 11/32 [04:43<02:22,  6.78s/it, est. speed input: 1.87 toks/s, output: 112.54 toks/s]
[36m(WorkerDict pid=3105815)[0m Processed prompts:  41%|████      | 13/32 [04:43<02:55,  9.25s/it, est. speed input: 1.93 toks/s, output: 121.22 toks/s]
[36m(WorkerDict pid=3105819)[0m Processed prompts:  56%|█████▋    | 18/32 [04:45<04:27, 19.12s/it, est. speed input: 2.73 toks/s, output: 127.92 toks/s]
[36m(WorkerDict pid=3105820)[0m Processed prompts:  34%|███▍      | 11/32 [04:47<02:25,  6.92s/it, est. speed input: 1.80 toks/s, output: 110.82 toks/s]
[36m(WorkerDict pid=3105818)[0m Processed prompts:  38%|███▊      | 12/32 [04:47<02:03,  6.17s/it, est. speed input: 2.00 toks/s, output: 122.13 toks/s]
[36m(WorkerDict pid=3105825)[0m Processed prompts:  47%|████▋     | 15/32 [04:49<03:24, 12.05s/it, est. speed input: 1.76 toks/s, output: 129.62 toks/s]
[36m(WorkerDict pid=3105823)[0m Processed prompts:  22%|██▏       | 7/32 [04:48<07:03, 16.93s/it, est. speed input: 1.30 toks/s, output: 72.48 toks/s]
[36m(WorkerDict pid=3105818)[0m Processed prompts:  41%|████      | 13/32 [04:51<01:43,  5.45s/it, est. speed input: 2.14 toks/s, output: 132.01 toks/s]
[36m(WorkerDict pid=3105823)[0m Processed prompts:  25%|██▌       | 8/32 [04:55<05:24, 13.50s/it, est. speed input: 1.43 toks/s, output: 82.40 toks/s]
[36m(WorkerDict pid=3105825)[0m Processed prompts:  50%|█████     | 16/32 [04:56<02:51, 10.72s/it, est. speed input: 1.97 toks/s, output: 137.71 toks/s]
[36m(WorkerDict pid=3105818)[0m Processed prompts:  44%|████▍     | 14/32 [04:58<01:44,  5.78s/it, est. speed input: 2.25 toks/s, output: 140.57 toks/s]
[36m(WorkerDict pid=3105815)[0m Processed prompts:  44%|████▍     | 14/32 [04:57<03:14, 10.81s/it, est. speed input: 1.97 toks/s, output: 126.84 toks/s]
[36m(WorkerDict pid=3105827)[0m Processed prompts:  25%|██▌       | 8/32 [05:00<06:14, 15.60s/it, est. speed input: 0.83 toks/s, output: 82.82 toks/s]
[36m(WorkerDict pid=3105821)[0m Processed prompts:   3%|▎         | 1/32 [05:00<2:35:26, 300.87s/it, est. speed input: 0.11 toks/s, output: 11.45 toks/s]
[36m(WorkerDict pid=3105825)[0m Processed prompts:  53%|█████▎    | 17/32 [05:01<02:15,  9.00s/it, est. speed input: 2.19 toks/s, output: 146.87 toks/s]
[36m(WorkerDict pid=3105815)[0m Processed prompts:  47%|████▋     | 15/32 [05:01<02:29,  8.80s/it, est. speed input: 2.12 toks/s, output: 136.61 toks/s]
[36m(WorkerDict pid=3105820)[0m Processed prompts:  38%|███▊      | 12/32 [05:03<03:14,  9.71s/it, est. speed input: 1.86 toks/s, output: 116.40 toks/s]
[36m(WorkerDict pid=3105815)[0m Processed prompts:  50%|█████     | 16/32 [05:02<01:41,  6.34s/it, est. speed input: 2.29 toks/s, output: 147.83 toks/s]
[36m(WorkerDict pid=3105827)[0m Processed prompts:  28%|██▊       | 9/32 [05:04<04:38, 12.11s/it, est. speed input: 0.92 toks/s, output: 93.05 toks/s]
[36m(WorkerDict pid=3105827)[0m Processed prompts:  31%|███▏      | 10/32 [05:05<03:06,  8.48s/it, est. speed input: 1.02 toks/s, output: 104.37 toks/s]
[36m(WorkerDict pid=3105823)[0m Processed prompts:  28%|██▊       | 9/32 [05:05<04:46, 12.44s/it, est. speed input: 1.54 toks/s, output: 91.12 toks/s]
[36m(WorkerDict pid=3105815)[0m Processed prompts:  53%|█████▎    | 17/32 [05:03<01:13,  4.91s/it, est. speed input: 2.45 toks/s, output: 158.56 toks/s]
[36m(WorkerDict pid=3105825)[0m Processed prompts:  56%|█████▋    | 18/32 [05:06<01:49,  7.84s/it, est. speed input: 2.40 toks/s, output: 155.84 toks/s]
[36m(WorkerDict pid=3105823)[0m Processed prompts:  31%|███▏      | 10/32 [05:07<03:24,  9.31s/it, est. speed input: 1.81 toks/s, output: 101.89 toks/s]
[36m(WorkerDict pid=3105819)[0m Processed prompts:  59%|█████▉    | 19/32 [05:10<04:32, 20.93s/it, est. speed input: 2.73 toks/s, output: 129.02 toks/s]
[36m(WorkerDict pid=3105818)[0m Processed prompts:  47%|████▋     | 15/32 [05:09<02:08,  7.58s/it, est. speed input: 2.32 toks/s, output: 146.73 toks/s]
[36m(WorkerDict pid=3105823)[0m Processed prompts:  38%|███▊      | 12/32 [05:11<01:55,  5.79s/it, est. speed input: 2.23 toks/s, output: 123.49 toks/s]
[36m(WorkerDict pid=3105823)[0m Processed prompts:  41%|████      | 13/32 [05:12<01:28,  4.65s/it, est. speed input: 2.50 toks/s, output: 134.46 toks/s]
[36m(WorkerDict pid=3105819)[0m Processed prompts:  62%|██████▎   | 20/32 [05:12<03:03, 15.30s/it, est. speed input: 2.94 toks/s, output: 139.56 toks/s]
[36m(WorkerDict pid=3105819)[0m Processed prompts:  66%|██████▌   | 21/32 [05:16<02:08, 11.66s/it, est. speed input: 3.13 toks/s, output: 149.62 toks/s]
[36m(WorkerDict pid=3105823)[0m Processed prompts:  44%|████▍     | 14/32 [05:16<01:22,  4.61s/it, est. speed input: 2.61 toks/s, output: 144.02 toks/s]
[36m(WorkerDict pid=3105825)[0m Processed prompts:  59%|█████▉    | 19/32 [05:17<01:54,  8.78s/it, est. speed input: 2.55 toks/s, output: 161.93 toks/s]
[36m(WorkerDict pid=3105820)[0m Processed prompts:  41%|████      | 13/32 [05:17<03:31, 11.13s/it, est. speed input: 1.92 toks/s, output: 122.60 toks/s]
[36m(WorkerDict pid=3105820)[0m Processed prompts:  44%|████▍     | 14/32 [05:18<02:22,  7.92s/it, est. speed input: 2.07 toks/s, output: 133.88 toks/s]
[36m(WorkerDict pid=3105818)[0m Processed prompts:  50%|█████     | 16/32 [05:17<02:02,  7.66s/it, est. speed input: 2.42 toks/s, output: 154.61 toks/s]
[36m(WorkerDict pid=3105825)[0m Processed prompts:  62%|██████▎   | 20/32 [05:19<01:19,  6.64s/it, est. speed input: 2.77 toks/s, output: 172.55 toks/s]
[36m(WorkerDict pid=3105823)[0m Processed prompts:  47%|████▋     | 15/32 [05:19<01:09,  4.12s/it, est. speed input: 2.86 toks/s, output: 154.23 toks/s]
[36m(WorkerDict pid=3105825)[0m Processed prompts:  66%|██████▌   | 21/32 [05:19<00:52,  4.77s/it, est. speed input: 2.87 toks/s, output: 183.80 toks/s]
[36m(WorkerDict pid=3105817)[0m Processed prompts:  53%|█████▎    | 17/32 [05:21<05:32, 22.20s/it, est. speed input: 4.72 toks/s, output: 118.22 toks/s]
[36m(WorkerDict pid=3105815)[0m Processed prompts:  56%|█████▋    | 18/32 [05:20<01:57,  8.39s/it, est. speed input: 2.45 toks/s, output: 161.93 toks/s]
[36m(WorkerDict pid=3105825)[0m Processed prompts:  69%|██████▉   | 22/32 [05:22<00:41,  4.17s/it, est. speed input: 3.08 toks/s, output: 193.68 toks/s]
[36m(WorkerDict pid=3105817)[0m Processed prompts:  56%|█████▋    | 18/32 [05:26<04:01, 17.27s/it, est. speed input: 4.92 toks/s, output: 127.59 toks/s]
[36m(WorkerDict pid=3105821)[0m Processed prompts:   6%|▋         | 2/32 [05:26<1:09:29, 138.98s/it, est. speed input: 0.20 toks/s, output: 22.04 toks/s]
[36m(WorkerDict pid=3105827)[0m Processed prompts:  34%|███▍      | 11/32 [05:27<04:29, 12.86s/it, est. speed input: 1.04 toks/s, output: 108.59 toks/s]
[36m(WorkerDict pid=3105823)[0m Processed prompts:  50%|█████     | 16/32 [05:27<01:24,  5.30s/it, est. speed input: 2.94 toks/s, output: 161.80 toks/s]
[36m(WorkerDict pid=3105825)[0m Processed prompts:  72%|███████▏  | 23/32 [05:29<00:43,  4.89s/it, est. speed input: 3.25 toks/s, output: 201.30 toks/s]
[36m(WorkerDict pid=3105815)[0m Processed prompts:  62%|██████▎   | 20/32 [05:28<01:17,  6.50s/it, est. speed input: 2.67 toks/s, output: 180.48 toks/s]
[36m(WorkerDict pid=3105819)[0m Processed prompts:  69%|██████▉   | 22/32 [05:34<02:15, 13.58s/it, est. speed input: 3.17 toks/s, output: 153.02 toks/s]
[36m(WorkerDict pid=3105815)[0m Processed prompts:  66%|██████▌   | 21/32 [05:32<01:03,  5.81s/it, est. speed input: 2.80 toks/s, output: 190.00 toks/s]
[36m(WorkerDict pid=3105815)[0m Processed prompts:  69%|██████▉   | 22/32 [05:33<00:46,  4.64s/it, est. speed input: 2.95 toks/s, output: 200.78 toks/s]
[36m(WorkerDict pid=3105819)[0m Processed prompts:  72%|███████▏  | 23/32 [05:36<01:31, 10.12s/it, est. speed input: 3.36 toks/s, output: 163.57 toks/s]
[36m(WorkerDict pid=3105819)[0m Processed prompts:  75%|███████▌  | 24/32 [05:37<00:58,  7.33s/it, est. speed input: 3.56 toks/s, output: 174.65 toks/s]
[36m(WorkerDict pid=3105825)[0m Processed prompts:  75%|███████▌  | 24/32 [05:37<00:46,  5.81s/it, est. speed input: 3.39 toks/s, output: 208.03 toks/s]
[36m(WorkerDict pid=3105815)[0m Processed prompts:  72%|███████▏  | 23/32 [05:35<00:34,  3.89s/it, est. speed input: 3.05 toks/s, output: 211.21 toks/s]
[36m(WorkerDict pid=3105823)[0m Processed prompts:  53%|█████▎    | 17/32 [05:40<01:50,  7.40s/it, est. speed input: 3.08 toks/s, output: 167.31 toks/s]
[36m(WorkerDict pid=3105817)[0m Processed prompts:  59%|█████▉    | 19/32 [05:44<03:45, 17.35s/it, est. speed input: 4.93 toks/s, output: 132.59 toks/s]
[36m(WorkerDict pid=3105815)[0m Processed prompts:  75%|███████▌  | 24/32 [05:43<00:39,  4.89s/it, est. speed input: 3.14 toks/s, output: 218.18 toks/s]
[36m(WorkerDict pid=3105819)[0m Processed prompts:  78%|███████▊  | 25/32 [05:45<00:54,  7.76s/it, est. speed input: 3.67 toks/s, output: 181.74 toks/s]
[36m(WorkerDict pid=3105830)[0m Processed prompts:   3%|▎         | 1/32 [05:50<3:01:14, 350.81s/it, est. speed input: 0.29 toks/s, output: 11.52 toks/s]
[36m(WorkerDict pid=3105815)[0m Processed prompts:  78%|███████▊  | 25/32 [05:51<00:40,  5.74s/it, est. speed input: 3.22 toks/s, output: 224.87 toks/s]
[36m(WorkerDict pid=3105823)[0m Processed prompts:  56%|█████▋    | 18/32 [05:53<02:06,  9.01s/it, est. speed input: 3.11 toks/s, output: 172.70 toks/s]
[36m(WorkerDict pid=3105819)[0m Processed prompts:  81%|████████▏ | 26/32 [05:54<00:47,  7.91s/it, est. speed input: 3.78 toks/s, output: 189.00 toks/s]
[36m(WorkerDict pid=3105821)[0m Processed prompts:   9%|▉         | 3/32 [05:55<42:53, 88.73s/it, est. speed input: 0.38 toks/s, output: 31.77 toks/s]   
[36m(WorkerDict pid=3105815)[0m Processed prompts:  81%|████████▏ | 26/32 [05:56<00:33,  5.67s/it, est. speed input: 3.32 toks/s, output: 232.98 toks/s]
[36m(WorkerDict pid=3105827)[0m Processed prompts:  38%|███▊      | 12/32 [05:59<06:10, 18.55s/it, est. speed input: 1.24 toks/s, output: 110.57 toks/s]
[36m(WorkerDict pid=3105827)[0m Processed prompts:  41%|████      | 13/32 [05:59<04:07, 13.02s/it, est. speed input: 1.54 toks/s, output: 121.99 toks/s]
[36m(WorkerDict pid=3105826)[0m Processed prompts:  53%|█████▎    | 17/32 [05:59<14:59, 59.99s/it, est. speed input: 2.88 toks/s, output: 77.44 toks/s] 
[36m(WorkerDict pid=3105815)[0m Processed prompts:  84%|████████▍ | 27/32 [06:01<00:27,  5.53s/it, est. speed input: 3.42 toks/s, output: 241.21 toks/s]
[36m(WorkerDict pid=3105823)[0m Processed prompts:  59%|█████▉    | 19/32 [06:06<02:12, 10.20s/it, est. speed input: 3.23 toks/s, output: 178.08 toks/s]
[36m(WorkerDict pid=3105819)[0m Processed prompts:  84%|████████▍ | 27/32 [06:08<00:49,  9.89s/it, est. speed input: 3.83 toks/s, output: 193.10 toks/s]
[36m(WorkerDict pid=3105821)[0m Processed prompts:  12%|█▎        | 4/32 [06:10<27:44, 59.45s/it, est. speed input: 0.45 toks/s, output: 42.07 toks/s]
[36m(WorkerDict pid=3105819)[0m Processed prompts:  88%|████████▊ | 28/32 [06:10<00:30,  7.62s/it, est. speed input: 3.99 toks/s, output: 203.43 toks/s]
[36m(WorkerDict pid=3105827)[0m Processed prompts:  44%|████▍     | 14/32 [06:14<04:03, 13.52s/it, est. speed input: 1.76 toks/s, output: 128.75 toks/s]
[36m(WorkerDict pid=3105823)[0m Processed prompts:  62%|██████▎   | 20/32 [06:17<02:05, 10.48s/it, est. speed input: 3.37 toks/s, output: 184.35 toks/s]
[36m(WorkerDict pid=3105820)[0m Processed prompts:  47%|████▋     | 15/32 [06:18<06:41, 23.63s/it, est. speed input: 1.86 toks/s, output: 124.17 toks/s]
[36m(WorkerDict pid=3105815)[0m Processed prompts:  88%|████████▊ | 28/32 [06:17<00:33,  8.46s/it, est. speed input: 3.42 toks/s, output: 242.90 toks/s]
[36m(WorkerDict pid=3105827)[0m Processed prompts:  47%|████▋     | 15/32 [06:19<03:06, 10.99s/it, est. speed input: 1.82 toks/s, output: 138.52 toks/s]
[36m(WorkerDict pid=3105815)[0m Processed prompts:  91%|█████████ | 29/32 [06:18<00:19,  6.38s/it, est. speed input: 3.54 toks/s, output: 253.55 toks/s]
[36m(WorkerDict pid=3105825)[0m Processed prompts:  78%|███████▊  | 25/32 [06:20<01:59, 17.10s/it, est. speed input: 3.20 toks/s, output: 195.81 toks/s]
[36m(WorkerDict pid=3105825)[0m Processed prompts:  81%|████████▏ | 26/32 [06:20<01:12, 12.07s/it, est. speed input: 3.40 toks/s, output: 207.15 toks/s]
[36m(WorkerDict pid=3105823)[0m Processed prompts:  66%|██████▌   | 21/32 [06:21<01:33,  8.48s/it, est. speed input: 3.46 toks/s, output: 194.08 toks/s]
[36m(WorkerDict pid=3105817)[0m Processed prompts:  62%|██████▎   | 20/32 [06:22<04:43, 23.60s/it, est. speed input: 4.68 toks/s, output: 130.88 toks/s]
[36m(WorkerDict pid=3105822)[0m Processed prompts:   3%|▎         | 1/32 [06:24<3:18:37, 384.42s/it, est. speed input: 0.20 toks/s, output: 11.50 toks/s]
[36m(WorkerDict pid=3105823)[0m Processed prompts:  69%|██████▉   | 22/32 [06:25<01:11,  7.11s/it, est. speed input: 3.55 toks/s, output: 203.64 toks/s]
[36m(WorkerDict pid=3105827)[0m Processed prompts:  50%|█████     | 16/32 [06:27<02:41, 10.10s/it, est. speed input: 1.86 toks/s, output: 147.16 toks/s]
[36m(WorkerDict pid=3105825)[0m Processed prompts:  84%|████████▍ | 27/32 [06:28<00:53, 10.78s/it, est. speed input: 3.52 toks/s, output: 214.52 toks/s]
[36m(WorkerDict pid=3105815)[0m Processed prompts:  94%|█████████▍| 30/32 [06:27<00:13,  7.00s/it, est. speed input: 3.57 toks/s, output: 259.58 toks/s]
[36m(WorkerDict pid=3105819)[0m Processed prompts:  91%|█████████ | 29/32 [06:30<00:33, 11.10s/it, est. speed input: 3.97 toks/s, output: 204.91 toks/s]
[36m(WorkerDict pid=3105821)[0m Processed prompts:  16%|█▌        | 5/32 [06:29<20:17, 45.10s/it, est. speed input: 0.61 toks/s, output: 51.47 toks/s]
[36m(WorkerDict pid=3105817)[0m Processed prompts:  66%|██████▌   | 21/32 [06:31<03:31, 19.26s/it, est. speed input: 4.81 toks/s, output: 139.34 toks/s]
[36m(WorkerDict pid=3105820)[0m Processed prompts:  50%|█████     | 16/32 [06:31<05:28, 20.53s/it, est. speed input: 1.92 toks/s, output: 131.46 toks/s]
[36m(WorkerDict pid=3105823)[0m Processed prompts:  72%|███████▏  | 23/32 [06:33<01:07,  7.55s/it, est. speed input: 3.59 toks/s, output: 210.72 toks/s]
[36m(WorkerDict pid=3105821)[0m Processed prompts:  19%|█▉        | 6/32 [06:33<13:29, 31.13s/it, est. speed input: 0.69 toks/s, output: 62.47 toks/s]
[36m(WorkerDict pid=3105817)[0m Processed prompts:  69%|██████▉   | 22/32 [06:37<02:30, 15.03s/it, est. speed input: 4.98 toks/s, output: 149.03 toks/s]
[36m(WorkerDict pid=3105819)[0m Processed prompts:  94%|█████████▍| 30/32 [06:38<00:20, 10.23s/it, est. speed input: 4.07 toks/s, output: 212.22 toks/s]
[36m(WorkerDict pid=3105821)[0m Processed prompts:  22%|██▏       | 7/32 [06:37<09:18, 22.34s/it, est. speed input: 0.76 toks/s, output: 73.34 toks/s]
[36m(WorkerDict pid=3105827)[0m Processed prompts:  53%|█████▎    | 17/32 [06:41<02:49, 11.28s/it, est. speed input: 1.87 toks/s, output: 153.54 toks/s]
[36m(WorkerDict pid=3105815)[0m Processed prompts:  97%|█████████▋| 31/32 [06:41<00:09,  9.15s/it, est. speed input: 3.57 toks/s, output: 261.96 toks/s]
[36m(WorkerDict pid=3105815)[0m [rank0]:E0616 21:42:07.326000 3105815 site-packages/torch/_dynamo/metrics_context.py:105] [0/1] Unexpected exception logging compilation metrics
[36m(WorkerDict pid=3105815)[0m [rank0]:E0616 21:42:07.326000 3105815 site-packages/torch/_dynamo/metrics_context.py:105] [0/1] Traceback (most recent call last):
[36m(WorkerDict pid=3105815)[0m [rank0]:E0616 21:42:07.326000 3105815 site-packages/torch/_dynamo/metrics_context.py:105] [0/1]   File "/usr/local/python3.11.14/lib/python3.11/site-packages/torch/_dynamo/metrics_context.py", line 101, in __exit__
[36m(WorkerDict pid=3105815)[0m [rank0]:E0616 21:42:07.326000 3105815 site-packages/torch/_dynamo/metrics_context.py:105] [0/1]     self._on_exit(
[36m(WorkerDict pid=3105815)[0m [rank0]:E0616 21:42:07.326000 3105815 site-packages/torch/_dynamo/metrics_context.py:105] [0/1]   File "/usr/local/python3.11.14/lib/python3.11/site-packages/torch/_dynamo/utils.py", line 1632, in record_compilation_metrics
[36m(WorkerDict pid=3105815)[0m [rank0]:E0616 21:42:07.326000 3105815 site-packages/torch/_dynamo/metrics_context.py:105] [0/1]     "triton_version": triton.__version__ if has_triton() else "",
[36m(WorkerDict pid=3105815)[0m [rank0]:E0616 21:42:07.326000 3105815 site-packages/torch/_dynamo/metrics_context.py:105] [0/1]                                             ^^^^^^^^^^^^
[36m(WorkerDict pid=3105815)[0m [rank0]:E0616 21:42:07.326000 3105815 site-packages/torch/_dynamo/metrics_context.py:105] [0/1]   File "/usr/local/python3.11.14/lib/python3.11/site-packages/torch/utils/_triton.py", line 159, in has_triton
[36m(WorkerDict pid=3105815)[0m [rank0]:E0616 21:42:07.326000 3105815 site-packages/torch/_dynamo/metrics_context.py:105] [0/1]     return is_device_compatible_with_triton()
[36m(WorkerDict pid=3105815)[0m [rank0]:E0616 21:42:07.326000 3105815 site-packages/torch/_dynamo/metrics_context.py:105] [0/1]            ^^^^^^^^^^^^^^^^^^^^^^^^^^^^^^^^^^
[36m(WorkerDict pid=3105815)[0m [rank0]:E0616 21:42:07.326000 3105815 site-packages/torch/_dynamo/metrics_context.py:105] [0/1]   File "/usr/local/python3.11.14/lib/python3.11/site-packages/torch/utils/_triton.py", line 155, in is_device_compatible_with_triton
[36m(WorkerDict pid=3105815)[0m [rank0]:E0616 21:42:07.326000 3105815 site-packages/torch/_dynamo/metrics_context.py:105] [0/1]     if device_interface.is_available() and extra_check(device_interface):
[36m(WorkerDict pid=3105815)[0m [rank0]:E0616 21:42:07.326000 3105815 site-packages/torch/_dynamo/metrics_context.py:105] [0/1]                                            ^^^^^^^^^^^^^^^^^^^^^^^^^^^^^
[36m(WorkerDict pid=3105815)[0m [rank0]:E0616 21:42:07.326000 3105815 site-packages/torch/_dynamo/metrics_context.py:105] [0/1]   File "/usr/local/python3.11.14/lib/python3.11/site-packages/torch/utils/_triton.py", line 135, in cuda_extra_check
[36m(WorkerDict pid=3105815)[0m [rank0]:E0616 21:42:07.326000 3105815 site-packages/torch/_dynamo/metrics_context.py:105] [0/1]     return device_interface.Worker.get_device_properties().major >= 7
[36m(WorkerDict pid=3105815)[0m [rank0]:E0616 21:42:07.326000 3105815 site-packages/torch/_dynamo/metrics_context.py:105] [0/1]            ^^^^^^^^^^^^^^^^^^^^^^^^^^^^^^^^^^^^^^^^^^^^^^^^^^^^^^^^^^
[36m(WorkerDict pid=3105815)[0m [rank0]:E0616 21:42:07.326000 3105815 site-packages/torch/_dynamo/metrics_context.py:105] [0/1] TypeError: '>=' not supported between instances of 'NoneType' and 'int'
[36m(WorkerDict pid=3105815)[0m Processed prompts: 100%|██████████| 32/32 [06:42<00:00,  6.75s/it, est. speed input: 3.70 toks/s, output: 272.80 toks/s]Processed prompts: 100%|██████████| 32/32 [06:42<00:00,  6.75s/it, est. speed input: 3.70 toks/s, output: 272.80 toks/s]
[36m(WorkerDict pid=3105817)[0m Processed prompts:  72%|███████▏  | 23/32 [06:45<01:57, 13.08s/it, est. speed input: 5.10 toks/s, output: 157.41 toks/s]
[36m(WorkerDict pid=3105821)[0m Processed prompts:  25%|██▌       | 8/32 [06:48<07:28, 18.69s/it, est. speed input: 0.82 toks/s, output: 82.93 toks/s]
[36m(WorkerDict pid=3105821)[0m Processed prompts:  28%|██▊       | 9/32 [06:50<05:04, 13.22s/it, est. speed input: 0.90 toks/s, output: 94.23 toks/s]
[36m(WorkerDict pid=3105830)[0m Processed prompts:   6%|▋         | 2/32 [06:50<1:29:42, 179.41s/it, est. speed input: 0.49 toks/s, output: 21.40 toks/s]
[36m(WorkerDict pid=3105819)[0m Processed prompts:  97%|█████████▋| 31/32 [06:52<00:11, 11.28s/it, est. speed input: 4.10 toks/s, output: 216.68 toks/s]
[36m(WorkerDict pid=3105819)[0m [rank4]:E0616 21:42:16.116000 3105819 site-packages/torch/_dynamo/metrics_context.py:105] [0/1] Unexpected exception logging compilation metrics
[36m(WorkerDict pid=3105819)[0m [rank4]:E0616 21:42:16.116000 3105819 site-packages/torch/_dynamo/metrics_context.py:105] [0/1] Traceback (most recent call last):
[36m(WorkerDict pid=3105819)[0m [rank4]:E0616 21:42:16.116000 3105819 site-packages/torch/_dynamo/metrics_context.py:105] [0/1]   File "/usr/local/python3.11.14/lib/python3.11/site-packages/torch/_dynamo/metrics_context.py", line 101, in __exit__
[36m(WorkerDict pid=3105819)[0m [rank4]:E0616 21:42:16.116000 3105819 site-packages/torch/_dynamo/metrics_context.py:105] [0/1]     self._on_exit(
[36m(WorkerDict pid=3105819)[0m [rank4]:E0616 21:42:16.116000 3105819 site-packages/torch/_dynamo/metrics_context.py:105] [0/1]   File "/usr/local/python3.11.14/lib/python3.11/site-packages/torch/_dynamo/utils.py", line 1632, in record_compilation_metrics
[36m(WorkerDict pid=3105819)[0m [rank4]:E0616 21:42:16.116000 3105819 site-packages/torch/_dynamo/metrics_context.py:105] [0/1]     "triton_version": triton.__version__ if has_triton() else "",
[36m(WorkerDict pid=3105819)[0m [rank4]:E0616 21:42:16.116000 3105819 site-packages/torch/_dynamo/metrics_context.py:105] [0/1]                                             ^^^^^^^^^^^^
[36m(WorkerDict pid=3105819)[0m [rank4]:E0616 21:42:16.116000 3105819 site-packages/torch/_dynamo/metrics_context.py:105] [0/1]   File "/usr/local/python3.11.14/lib/python3.11/site-packages/torch/utils/_triton.py", line 159, in has_triton
[36m(WorkerDict pid=3105819)[0m [rank4]:E0616 21:42:16.116000 3105819 site-packages/torch/_dynamo/metrics_context.py:105] [0/1]     return is_device_compatible_with_triton()
[36m(WorkerDict pid=3105819)[0m [rank4]:E0616 21:42:16.116000 3105819 site-packages/torch/_dynamo/metrics_context.py:105] [0/1]            ^^^^^^^^^^^^^^^^^^^^^^^^^^^^^^^^^^
[36m(WorkerDict pid=3105819)[0m [rank4]:E0616 21:42:16.116000 3105819 site-packages/torch/_dynamo/metrics_context.py:105] [0/1]   File "/usr/local/python3.11.14/lib/python3.11/site-packages/torch/utils/_triton.py", line 155, in is_device_compatible_with_triton
[36m(WorkerDict pid=3105819)[0m [rank4]:E0616 21:42:16.116000 3105819 site-packages/torch/_dynamo/metrics_context.py:105] [0/1]     if device_interface.is_available() and extra_check(device_interface):
[36m(WorkerDict pid=3105819)[0m [rank4]:E0616 21:42:16.116000 3105819 site-packages/torch/_dynamo/metrics_context.py:105] [0/1]                                            ^^^^^^^^^^^^^^^^^^^^^^^^^^^^^
[36m(WorkerDict pid=3105819)[0m [rank4]:E0616 21:42:16.116000 3105819 site-packages/torch/_dynamo/metrics_context.py:105] [0/1]   File "/usr/local/python3.11.14/lib/python3.11/site-packages/torch/utils/_triton.py", line 135, in cuda_extra_check
[36m(WorkerDict pid=3105819)[0m [rank4]:E0616 21:42:16.116000 3105819 site-packages/torch/_dynamo/metrics_context.py:105] [0/1]     return device_interface.Worker.get_device_properties().major >= 7
[36m(WorkerDict pid=3105819)[0m [rank4]:E0616 21:42:16.116000 3105819 site-packages/torch/_dynamo/metrics_context.py:105] [0/1]            ^^^^^^^^^^^^^^^^^^^^^^^^^^^^^^^^^^^^^^^^^^^^^^^^^^^^^^^^^^
[36m(WorkerDict pid=3105819)[0m [rank4]:E0616 21:42:16.116000 3105819 site-packages/torch/_dynamo/metrics_context.py:105] [0/1] TypeError: '>=' not supported between instances of 'NoneType' and 'int'
[36m(WorkerDict pid=3105823)[0m Processed prompts:  75%|███████▌  | 24/32 [06:52<01:26, 10.78s/it, est. speed input: 3.65 toks/s, output: 212.88 toks/s]
[36m(WorkerDict pid=3105817)[0m Processed prompts:  75%|███████▌  | 24/32 [06:53<01:33, 11.63s/it, est. speed input: 5.22 toks/s, output: 165.82 toks/s]
[36m(WorkerDict pid=3105821)[0m Processed prompts:  31%|███▏      | 10/32 [06:53<03:41, 10.08s/it, est. speed input: 0.97 toks/s, output: 105.09 toks/s]
[36m(WorkerDict pid=3105825)[0m Processed prompts:  88%|████████▊ | 28/32 [06:54<01:00, 15.14s/it, est. speed input: 3.49 toks/s, output: 212.95 toks/s]
[36m(WorkerDict pid=3105821)[0m Processed prompts:  34%|███▍      | 11/32 [06:54<02:33,  7.33s/it, est. speed input: 1.14 toks/s, output: 116.37 toks/s]
[36m(WorkerDict pid=3105823)[0m Processed prompts:  78%|███████▊  | 25/32 [06:55<00:58,  8.43s/it, est. speed input: 3.83 toks/s, output: 222.94 toks/s]
[36m(WorkerDict pid=3105817)[0m Processed prompts:  78%|███████▊  | 25/32 [06:56<01:03,  9.04s/it, est. speed input: 5.40 toks/s, output: 176.16 toks/s]
[36m(WorkerDict pid=3105823)[0m Processed prompts:  81%|████████▏ | 26/32 [06:57<00:39,  6.58s/it, est. speed input: 4.02 toks/s, output: 233.29 toks/s]
[36m(WorkerDict pid=3105821)[0m Processed prompts:  38%|███▊      | 12/32 [06:59<02:11,  6.58s/it, est. speed input: 1.29 toks/s, output: 126.58 toks/s]
[36m(WorkerDict pid=3105827)[0m Processed prompts:  56%|█████▋    | 18/32 [07:00<03:11, 13.66s/it, est. speed input: 2.04 toks/s, output: 158.08 toks/s]
[36m(WorkerDict pid=3105817)[0m Processed prompts:  81%|████████▏ | 26/32 [07:01<00:45,  7.62s/it, est. speed input: 5.57 toks/s, output: 185.91 toks/s]
[36m(WorkerDict pid=3105823)[0m Processed prompts:  84%|████████▍ | 27/32 [07:06<00:35,  7.17s/it, est. speed input: 4.14 toks/s, output: 240.17 toks/s]
[36m(WorkerDict pid=3105827)[0m Processed prompts:  62%|██████▎   | 20/32 [07:08<01:48,  9.02s/it, est. speed input: 2.15 toks/s, output: 178.32 toks/s]
[36m(WorkerDict pid=3105817)[0m Processed prompts:  84%|████████▍ | 27/32 [07:08<00:38,  7.70s/it, est. speed input: 5.68 toks/s, output: 194.05 toks/s]
[36m(WorkerDict pid=3105828)[0m Processed prompts:   3%|▎         | 1/32 [07:10<3:42:39, 430.95s/it, est. speed input: 0.27 toks/s, output: 11.56 toks/s]
[36m(WorkerDict pid=3105830)[0m Processed prompts:   9%|▉         | 3/32 [07:16<52:50, 109.34s/it, est. speed input: 0.69 toks/s, output: 31.70 toks/s]  
[36m(WorkerDict pid=3105827)[0m Processed prompts:  66%|██████▌   | 21/32 [07:21<01:49, 10.00s/it, est. speed input: 2.33 toks/s, output: 184.66 toks/s]
[36m(WorkerDict pid=3105821)[0m Processed prompts:  41%|████      | 13/32 [07:23<03:45, 11.87s/it, est. speed input: 1.29 toks/s, output: 131.30 toks/s]
[36m(WorkerDict pid=3105828)[0m Processed prompts:   6%|▋         | 2/32 [07:27<1:33:33, 187.12s/it, est. speed input: 0.52 toks/s, output: 22.72 toks/s]
[36m(WorkerDict pid=3105819)[0m Processed prompts: 100%|██████████| 32/32 [07:28<00:00, 18.76s/it, est. speed input: 3.93 toks/s, output: 210.77 toks/s]Processed prompts: 100%|██████████| 32/32 [07:28<00:00, 18.76s/it, est. speed input: 3.93 toks/s, output: 210.77 toks/s]
[36m(WorkerDict pid=3105823)[0m Processed prompts:  88%|████████▊ | 28/32 [07:32<00:51, 12.84s/it, est. speed input: 4.01 toks/s, output: 237.91 toks/s]
[36m(WorkerDict pid=3105817)[0m Processed prompts:  88%|████████▊ | 28/32 [07:32<00:49, 12.50s/it, est. speed input: 5.58 toks/s, output: 195.47 toks/s]
[36m(WorkerDict pid=3105826)[0m Processed prompts:  56%|█████▋    | 18/32 [07:31<16:13, 69.56s/it, est. speed input: 2.64 toks/s, output: 73.29 toks/s]
[36m(WorkerDict pid=3105828)[0m Processed prompts:   9%|▉         | 3/32 [07:32<50:21, 104.19s/it, est. speed input: 0.77 toks/s, output: 34.03 toks/s]  
[36m(WorkerDict pid=3105821)[0m Processed prompts:  44%|████▍     | 14/32 [07:36<03:40, 12.24s/it, est. speed input: 1.41 toks/s, output: 139.13 toks/s]
[36m(WorkerDict pid=3105823)[0m Processed prompts:  91%|█████████ | 29/32 [07:37<00:31, 10.60s/it, est. speed input: 4.15 toks/s, output: 246.71 toks/s]
[36m(WorkerDict pid=3105821)[0m Processed prompts:  47%|████▋     | 15/32 [07:41<02:51, 10.12s/it, est. speed input: 1.46 toks/s, output: 149.17 toks/s]
[36m(WorkerDict pid=3105817)[0m Processed prompts:  91%|█████████ | 29/32 [07:42<00:35, 11.79s/it, est. speed input: 5.66 toks/s, output: 202.77 toks/s]
[36m(WorkerDict pid=3105830)[0m Processed prompts:  12%|█▎        | 4/32 [07:43<35:51, 76.82s/it, est. speed input: 0.87 toks/s, output: 41.46 toks/s] 
[36m(WorkerDict pid=3105821)[0m Processed prompts:  50%|█████     | 16/32 [07:43<02:02,  7.67s/it, est. speed input: 1.61 toks/s, output: 160.13 toks/s]
[36m(WorkerDict pid=3105826)[0m Processed prompts:  59%|█████▉    | 19/32 [07:46<11:30, 53.08s/it, est. speed input: 2.89 toks/s, output: 82.60 toks/s]
[36m(WorkerDict pid=3105827)[0m Processed prompts:  69%|██████▉   | 22/32 [07:51<02:32, 15.22s/it, est. speed input: 2.40 toks/s, output: 184.50 toks/s]
[36m(WorkerDict pid=3105822)[0m Processed prompts:   6%|▋         | 2/32 [07:51<1:44:37, 209.24s/it, est. speed input: 0.32 toks/s, output: 20.97 toks/s]
[36m(WorkerDict pid=3105827)[0m Processed prompts:  72%|███████▏  | 23/32 [07:52<01:43, 11.54s/it, est. speed input: 2.62 toks/s, output: 195.42 toks/s]
[36m(WorkerDict pid=3105821)[0m Processed prompts:  53%|█████▎    | 17/32 [07:53<02:04,  8.30s/it, est. speed input: 1.72 toks/s, output: 168.42 toks/s]
[36m(WorkerDict pid=3105826)[0m Processed prompts:  62%|██████▎   | 20/32 [07:55<08:00, 40.07s/it, est. speed input: 3.15 toks/s, output: 92.54 toks/s]
[36m(WorkerDict pid=3105817)[0m Processed prompts:  94%|█████████▍| 30/32 [07:58<00:25, 12.88s/it, est. speed input: 5.67 toks/s, output: 207.83 toks/s]
[36m(WorkerDict pid=3105821)[0m Processed prompts:  56%|█████▋    | 18/32 [07:59<01:50,  7.88s/it, est. speed input: 1.84 toks/s, output: 177.61 toks/s]
[36m(WorkerDict pid=3105830)[0m Processed prompts:  16%|█▌        | 5/32 [08:01<25:06, 55.78s/it, est. speed input: 1.05 toks/s, output: 51.46 toks/s]
[36m(WorkerDict pid=3105827)[0m Processed prompts:  75%|███████▌  | 24/32 [08:04<01:31, 11.48s/it, est. speed input: 2.78 toks/s, output: 202.43 toks/s]
[36m(WorkerDict pid=3105830)[0m Processed prompts:  19%|█▉        | 6/32 [08:05<16:34, 38.24s/it, est. speed input: 1.25 toks/s, output: 62.61 toks/s]
[36m(WorkerDict pid=3105827)[0m Processed prompts:  78%|███████▊  | 25/32 [08:07<01:04,  9.18s/it, est. speed input: 2.97 toks/s, output: 212.59 toks/s]
[36m(WorkerDict pid=3105821)[0m Processed prompts:  59%|█████▉    | 19/32 [08:07<01:39,  7.67s/it, est. speed input: 1.88 toks/s, output: 186.59 toks/s]
[36m(WorkerDict pid=3105821)[0m Processed prompts:  62%|██████▎   | 20/32 [08:07<01:05,  5.44s/it, est. speed input: 2.02 toks/s, output: 198.10 toks/s]
[36m(WorkerDict pid=3105821)[0m Processed prompts:  66%|██████▌   | 21/32 [08:12<00:57,  5.23s/it, est. speed input: 2.07 toks/s, output: 207.79 toks/s]
[36m(WorkerDict pid=3105828)[0m Processed prompts:  12%|█▎        | 4/32 [08:13<36:51, 78.97s/it, est. speed input: 0.94 toks/s, output: 42.84 toks/s] 
[36m(WorkerDict pid=3105828)[0m Processed prompts:  16%|█▌        | 5/32 [08:13<22:48, 50.67s/it, est. speed input: 1.17 toks/s, output: 54.39 toks/s]
[36m(WorkerDict pid=3105823)[0m Processed prompts:  94%|█████████▍| 30/32 [08:14<00:36, 18.44s/it, est. speed input: 4.02 toks/s, output: 239.96 toks/s]
[36m(WorkerDict pid=3105827)[0m Processed prompts:  81%|████████▏ | 26/32 [08:14<00:51,  8.66s/it, est. speed input: 3.14 toks/s, output: 221.01 toks/s]
[36m(WorkerDict pid=3105821)[0m Processed prompts:  69%|██████▉   | 22/32 [08:19<00:57,  5.79s/it, est. speed input: 2.10 toks/s, output: 216.44 toks/s]
[36m(WorkerDict pid=3105830)[0m Processed prompts:  22%|██▏       | 7/32 [08:20<12:42, 30.49s/it, est. speed input: 1.41 toks/s, output: 72.40 toks/s]
[36m(WorkerDict pid=3105826)[0m Processed prompts:  66%|██████▌   | 21/32 [08:19<06:27, 35.19s/it, est. speed input: 3.31 toks/s, output: 99.75 toks/s]
[36m(WorkerDict pid=3105821)[0m Processed prompts:  72%|███████▏  | 23/32 [08:20<00:40,  4.52s/it, est. speed input: 2.16 toks/s, output: 227.37 toks/s]
[36m(WorkerDict pid=3105826)[0m Processed prompts:  69%|██████▉   | 22/32 [08:22<04:13, 25.38s/it, est. speed input: 3.60 toks/s, output: 110.88 toks/s]
[36m(WorkerDict pid=3105822)[0m Processed prompts:   9%|▉         | 3/32 [08:24<1:02:23, 129.10s/it, est. speed input: 0.45 toks/s, output: 31.17 toks/s]
[36m(WorkerDict pid=3105826)[0m Processed prompts:  72%|███████▏  | 23/32 [08:27<02:52, 19.22s/it, est. speed input: 3.88 toks/s, output: 121.45 toks/s]
[36m(WorkerDict pid=3105817)[0m Processed prompts:  97%|█████████▋| 31/32 [08:28<00:18, 18.12s/it, est. speed input: 5.51 toks/s, output: 207.03 toks/s]
[36m(WorkerDict pid=3105817)[0m [rank2]:E0616 21:43:52.455000 3105817 site-packages/torch/_dynamo/metrics_context.py:105] [0/1] Unexpected exception logging compilation metrics
[36m(WorkerDict pid=3105817)[0m [rank2]:E0616 21:43:52.455000 3105817 site-packages/torch/_dynamo/metrics_context.py:105] [0/1] Traceback (most recent call last):
[36m(WorkerDict pid=3105817)[0m [rank2]:E0616 21:43:52.455000 3105817 site-packages/torch/_dynamo/metrics_context.py:105] [0/1]   File "/usr/local/python3.11.14/lib/python3.11/site-packages/torch/_dynamo/metrics_context.py", line 101, in __exit__
[36m(WorkerDict pid=3105817)[0m [rank2]:E0616 21:43:52.455000 3105817 site-packages/torch/_dynamo/metrics_context.py:105] [0/1]     self._on_exit(
[36m(WorkerDict pid=3105817)[0m [rank2]:E0616 21:43:52.455000 3105817 site-packages/torch/_dynamo/metrics_context.py:105] [0/1]   File "/usr/local/python3.11.14/lib/python3.11/site-packages/torch/_dynamo/utils.py", line 1632, in record_compilation_metrics
[36m(WorkerDict pid=3105817)[0m [rank2]:E0616 21:43:52.455000 3105817 site-packages/torch/_dynamo/metrics_context.py:105] [0/1]     "triton_version": triton.__version__ if has_triton() else "",
[36m(WorkerDict pid=3105817)[0m [rank2]:E0616 21:43:52.455000 3105817 site-packages/torch/_dynamo/metrics_context.py:105] [0/1]                                             ^^^^^^^^^^^^
[36m(WorkerDict pid=3105817)[0m [rank2]:E0616 21:43:52.455000 3105817 site-packages/torch/_dynamo/metrics_context.py:105] [0/1]   File "/usr/local/python3.11.14/lib/python3.11/site-packages/torch/utils/_triton.py", line 159, in has_triton
[36m(WorkerDict pid=3105817)[0m [rank2]:E0616 21:43:52.455000 3105817 site-packages/torch/_dynamo/metrics_context.py:105] [0/1]     return is_device_compatible_with_triton()
[36m(WorkerDict pid=3105817)[0m [rank2]:E0616 21:43:52.455000 3105817 site-packages/torch/_dynamo/metrics_context.py:105] [0/1]            ^^^^^^^^^^^^^^^^^^^^^^^^^^^^^^^^^^
[36m(WorkerDict pid=3105817)[0m [rank2]:E0616 21:43:52.455000 3105817 site-packages/torch/_dynamo/metrics_context.py:105] [0/1]   File "/usr/local/python3.11.14/lib/python3.11/site-packages/torch/utils/_triton.py", line 155, in is_device_compatible_with_triton
[36m(WorkerDict pid=3105817)[0m [rank2]:E0616 21:43:52.455000 3105817 site-packages/torch/_dynamo/metrics_context.py:105] [0/1]     if device_interface.is_available() and extra_check(device_interface):
[36m(WorkerDict pid=3105817)[0m [rank2]:E0616 21:43:52.455000 3105817 site-packages/torch/_dynamo/metrics_context.py:105] [0/1]                                            ^^^^^^^^^^^^^^^^^^^^^^^^^^^^^
[36m(WorkerDict pid=3105817)[0m [rank2]:E0616 21:43:52.455000 3105817 site-packages/torch/_dynamo/metrics_context.py:105] [0/1]   File "/usr/local/python3.11.14/lib/python3.11/site-packages/torch/utils/_triton.py", line 135, in cuda_extra_check
[36m(WorkerDict pid=3105817)[0m [rank2]:E0616 21:43:52.455000 3105817 site-packages/torch/_dynamo/metrics_context.py:105] [0/1]     return device_interface.Worker.get_device_properties().major >= 7
[36m(WorkerDict pid=3105817)[0m [rank2]:E0616 21:43:52.455000 3105817 site-packages/torch/_dynamo/metrics_context.py:105] [0/1]            ^^^^^^^^^^^^^^^^^^^^^^^^^^^^^^^^^^^^^^^^^^^^^^^^^^^^^^^^^^
[36m(WorkerDict pid=3105817)[0m [rank2]:E0616 21:43:52.455000 3105817 site-packages/torch/_dynamo/metrics_context.py:105] [0/1] TypeError: '>=' not supported between instances of 'NoneType' and 'int'
[36m(WorkerDict pid=3105826)[0m Processed prompts:  75%|███████▌  | 24/32 [08:29<01:53, 14.25s/it, est. speed input: 4.16 toks/s, output: 132.45 toks/s]
[36m(WorkerDict pid=3105830)[0m Processed prompts:  25%|██▌       | 8/32 [08:31<09:46, 24.45s/it, est. speed input: 1.58 toks/s, output: 82.39 toks/s]
[36m(WorkerDict pid=3105823)[0m Processed prompts:  97%|█████████▋| 31/32 [08:34<00:18, 18.90s/it, est. speed input: 4.03 toks/s, output: 242.26 toks/s]
[36m(WorkerDict pid=3105823)[0m [rank8]:E0616 21:43:58.550000 3105823 site-packages/torch/_dynamo/metrics_context.py:105] [0/1] Unexpected exception logging compilation metrics
[36m(WorkerDict pid=3105823)[0m [rank8]:E0616 21:43:58.550000 3105823 site-packages/torch/_dynamo/metrics_context.py:105] [0/1] Traceback (most recent call last):
[36m(WorkerDict pid=3105823)[0m [rank8]:E0616 21:43:58.550000 3105823 site-packages/torch/_dynamo/metrics_context.py:105] [0/1]   File "/usr/local/python3.11.14/lib/python3.11/site-packages/torch/_dynamo/metrics_context.py", line 101, in __exit__
[36m(WorkerDict pid=3105823)[0m [rank8]:E0616 21:43:58.550000 3105823 site-packages/torch/_dynamo/metrics_context.py:105] [0/1]     self._on_exit(
[36m(WorkerDict pid=3105823)[0m [rank8]:E0616 21:43:58.550000 3105823 site-packages/torch/_dynamo/metrics_context.py:105] [0/1]   File "/usr/local/python3.11.14/lib/python3.11/site-packages/torch/_dynamo/utils.py", line 1632, in record_compilation_metrics
[36m(WorkerDict pid=3105823)[0m [rank8]:E0616 21:43:58.550000 3105823 site-packages/torch/_dynamo/metrics_context.py:105] [0/1]     "triton_version": triton.__version__ if has_triton() else "",
[36m(WorkerDict pid=3105823)[0m [rank8]:E0616 21:43:58.550000 3105823 site-packages/torch/_dynamo/metrics_context.py:105] [0/1]                                             ^^^^^^^^^^^^
[36m(WorkerDict pid=3105823)[0m [rank8]:E0616 21:43:58.550000 3105823 site-packages/torch/_dynamo/metrics_context.py:105] [0/1]   File "/usr/local/python3.11.14/lib/python3.11/site-packages/torch/utils/_triton.py", line 159, in has_triton
[36m(WorkerDict pid=3105823)[0m [rank8]:E0616 21:43:58.550000 3105823 site-packages/torch/_dynamo/metrics_context.py:105] [0/1]     return is_device_compatible_with_triton()
[36m(WorkerDict pid=3105823)[0m [rank8]:E0616 21:43:58.550000 3105823 site-packages/torch/_dynamo/metrics_context.py:105] [0/1]            ^^^^^^^^^^^^^^^^^^^^^^^^^^^^^^^^^^
[36m(WorkerDict pid=3105823)[0m [rank8]:E0616 21:43:58.550000 3105823 site-packages/torch/_dynamo/metrics_context.py:105] [0/1]   File "/usr/local/python3.11.14/lib/python3.11/site-packages/torch/utils/_triton.py", line 155, in is_device_compatible_with_triton
[36m(WorkerDict pid=3105823)[0m [rank8]:E0616 21:43:58.550000 3105823 site-packages/torch/_dynamo/metrics_context.py:105] [0/1]     if device_interface.is_available() and extra_check(device_interface):
[36m(WorkerDict pid=3105823)[0m [rank8]:E0616 21:43:58.550000 3105823 site-packages/torch/_dynamo/metrics_context.py:105] [0/1]                                            ^^^^^^^^^^^^^^^^^^^^^^^^^^^^^
[36m(WorkerDict pid=3105823)[0m [rank8]:E0616 21:43:58.550000 3105823 site-packages/torch/_dynamo/metrics_context.py:105] [0/1]   File "/usr/local/python3.11.14/lib/python3.11/site-packages/torch/utils/_triton.py", line 135, in cuda_extra_check
[36m(WorkerDict pid=3105823)[0m [rank8]:E0616 21:43:58.550000 3105823 site-packages/torch/_dynamo/metrics_context.py:105] [0/1]     return device_interface.Worker.get_device_properties().major >= 7
[36m(WorkerDict pid=3105823)[0m [rank8]:E0616 21:43:58.550000 3105823 site-packages/torch/_dynamo/metrics_context.py:105] [0/1]            ^^^^^^^^^^^^^^^^^^^^^^^^^^^^^^^^^^^^^^^^^^^^^^^^^^^^^^^^^^
[36m(WorkerDict pid=3105823)[0m [rank8]:E0616 21:43:58.550000 3105823 site-packages/torch/_dynamo/metrics_context.py:105] [0/1] TypeError: '>=' not supported between instances of 'NoneType' and 'int'
[36m(WorkerDict pid=3105826)[0m Processed prompts:  78%|███████▊  | 25/32 [08:37<01:25, 12.24s/it, est. speed input: 4.40 toks/s, output: 142.16 toks/s]
[36m(WorkerDict pid=3105821)[0m Processed prompts:  75%|███████▌  | 24/32 [08:38<01:07,  8.42s/it, est. speed input: 2.22 toks/s, output: 231.32 toks/s]
[36m(WorkerDict pid=3105821)[0m Processed prompts:  78%|███████▊  | 25/32 [08:38<00:42,  6.08s/it, est. speed input: 2.35 toks/s, output: 242.67 toks/s]
[36m(WorkerDict pid=3105817)[0m Processed prompts: 100%|██████████| 32/32 [08:42<00:00, 16.93s/it, est. speed input: 5.54 toks/s, output: 213.04 toks/s]Processed prompts: 100%|██████████| 32/32 [08:42<00:00, 16.93s/it, est. speed input: 5.54 toks/s, output: 213.04 toks/s]
[36m(WorkerDict pid=3105827)[0m Processed prompts:  84%|████████▍ | 27/32 [08:42<01:11, 14.34s/it, est. speed input: 3.18 toks/s, output: 220.75 toks/s]
[36m(WorkerDict pid=3105830)[0m Processed prompts:  28%|██▊       | 9/32 [08:45<08:05, 21.12s/it, est. speed input: 1.73 toks/s, output: 91.86 toks/s]
[36m(WorkerDict pid=3105822)[0m Processed prompts:  12%|█▎        | 4/32 [08:47<40:35, 86.98s/it, est. speed input: 0.58 toks/s, output: 41.47 toks/s]   
[36m(WorkerDict pid=3105830)[0m Processed prompts:  31%|███▏      | 10/32 [08:49<05:48, 15.83s/it, est. speed input: 1.91 toks/s, output: 102.80 toks/s]
[36m(WorkerDict pid=3105822)[0m Processed prompts:  16%|█▌        | 5/32 [08:50<25:34, 56.83s/it, est. speed input: 0.72 toks/s, output: 52.83 toks/s]
[36m(WorkerDict pid=3105828)[0m Processed prompts:  22%|██▏       | 7/32 [08:54<14:41, 35.25s/it, est. speed input: 1.52 toks/s, output: 72.60 toks/s]
[36m(WorkerDict pid=3105827)[0m Processed prompts:  88%|████████▊ | 28/32 [08:58<00:58, 14.59s/it, est. speed input: 3.29 toks/s, output: 226.16 toks/s]
[36m(WorkerDict pid=3105822)[0m Processed prompts:  19%|█▉        | 6/32 [08:58<17:28, 40.31s/it, est. speed input: 0.85 toks/s, output: 63.66 toks/s]
[36m(WorkerDict pid=3105828)[0m Processed prompts:  25%|██▌       | 8/32 [08:59<10:54, 27.27s/it, est. speed input: 1.72 toks/s, output: 83.53 toks/s]
[36m(WorkerDict pid=3105823)[0m Processed prompts: 100%|██████████| 32/32 [09:01<00:00, 21.41s/it, est. speed input: 3.99 toks/s, output: 241.71 toks/s]Processed prompts: 100%|██████████| 32/32 [09:01<00:00, 21.41s/it, est. speed input: 3.99 toks/s, output: 241.71 toks/s]
[36m(WorkerDict pid=3105830)[0m Processed prompts:  34%|███▍      | 11/32 [09:02<05:13, 14.93s/it, est. speed input: 2.05 toks/s, output: 112.02 toks/s]
[36m(WorkerDict pid=3105822)[0m Processed prompts:  22%|██▏       | 7/32 [09:11<12:58, 31.16s/it, est. speed input: 0.97 toks/s, output: 73.88 toks/s]
[36m(WorkerDict pid=3105828)[0m Processed prompts:  28%|██▊       | 9/32 [09:12<08:58, 23.43s/it, est. speed input: 1.89 toks/s, output: 93.16 toks/s]
[36m(WorkerDict pid=3105822)[0m Processed prompts:  25%|██▌       | 8/32 [09:16<09:08, 22.85s/it, est. speed input: 1.09 toks/s, output: 84.86 toks/s]
[36m(WorkerDict pid=3105822)[0m Processed prompts:  28%|██▊       | 9/32 [09:18<06:21, 16.58s/it, est. speed input: 1.22 toks/s, output: 96.08 toks/s]
[36m(WorkerDict pid=3105821)[0m Processed prompts:  81%|████████▏ | 26/32 [09:20<01:41, 16.84s/it, est. speed input: 2.30 toks/s, output: 236.19 toks/s]
[36m(WorkerDict pid=3105822)[0m Processed prompts:  31%|███▏      | 10/32 [09:23<04:45, 12.97s/it, est. speed input: 1.35 toks/s, output: 106.91 toks/s]
[36m(WorkerDict pid=3105826)[0m Processed prompts:  81%|████████▏ | 26/32 [09:25<02:17, 22.91s/it, est. speed input: 4.30 toks/s, output: 141.81 toks/s]
[36m(WorkerDict pid=3105825)[0m Processed prompts:  91%|█████████ | 29/32 [09:27<02:50, 56.74s/it, est. speed input: 2.67 toks/s, output: 166.93 toks/s]
[36m(WorkerDict pid=3105827)[0m Processed prompts:  91%|█████████ | 29/32 [09:29<00:58, 19.47s/it, est. speed input: 3.29 toks/s, output: 225.49 toks/s]
[36m(WorkerDict pid=3105816)[0m Processed prompts:  53%|█████▎    | 17/32 [09:30<27:40, 110.72s/it, est. speed input: 1.13 toks/s, output: 64.35 toks/s]
[36m(WorkerDict pid=3105826)[0m Processed prompts:  84%|████████▍ | 27/32 [09:30<01:28, 17.74s/it, est. speed input: 4.53 toks/s, output: 152.09 toks/s]
[36m(WorkerDict pid=3105822)[0m Processed prompts:  34%|███▍      | 11/32 [09:34<04:16, 12.21s/it, est. speed input: 1.46 toks/s, output: 116.63 toks/s]
[36m(WorkerDict pid=3105821)[0m Processed prompts:  84%|████████▍ | 27/32 [09:34<01:18, 15.73s/it, est. speed input: 2.30 toks/s, output: 242.47 toks/s]
[36m(WorkerDict pid=3105825)[0m Processed prompts:  94%|█████████▍| 30/32 [09:42<01:28, 44.25s/it, est. speed input: 2.73 toks/s, output: 174.30 toks/s]
[36m(WorkerDict pid=3105816)[0m Processed prompts:  56%|█████▋    | 18/32 [09:43<18:58, 81.33s/it, est. speed input: 1.25 toks/s, output: 74.63 toks/s] 
[36m(WorkerDict pid=3105828)[0m Processed prompts:  31%|███▏      | 10/32 [09:50<10:05, 27.50s/it, est. speed input: 1.96 toks/s, output: 98.89 toks/s]
[36m(WorkerDict pid=3105821)[0m Processed prompts:  88%|████████▊ | 28/32 [09:52<01:05, 16.42s/it, est. speed input: 2.29 toks/s, output: 246.80 toks/s]
[36m(WorkerDict pid=3105826)[0m Processed prompts:  88%|████████▊ | 28/32 [09:51<01:14, 18.74s/it, est. speed input: 4.63 toks/s, output: 158.40 toks/s]
[36m(WorkerDict pid=3105828)[0m Processed prompts:  34%|███▍      | 11/32 [10:00<07:50, 22.41s/it, est. speed input: 2.12 toks/s, output: 108.98 toks/s]
[36m(WorkerDict pid=3105830)[0m Processed prompts:  38%|███▊      | 12/32 [10:01<09:27, 28.36s/it, est. speed input: 2.01 toks/s, output: 112.73 toks/s]
[36m(WorkerDict pid=3105816)[0m Processed prompts:  59%|█████▉    | 19/32 [10:17<14:33, 67.16s/it, est. speed input: 1.32 toks/s, output: 82.26 toks/s]
[36m(WorkerDict pid=3105827)[0m Processed prompts:  94%|█████████▍| 30/32 [10:19<00:57, 28.63s/it, est. speed input: 3.20 toks/s, output: 218.92 toks/s]
[36m(WorkerDict pid=3105826)[0m Processed prompts:  91%|█████████ | 29/32 [10:19<01:04, 21.40s/it, est. speed input: 4.67 toks/s, output: 163.09 toks/s]
[36m(WorkerDict pid=3105826)[0m Processed prompts:  94%|█████████▍| 30/32 [10:25<00:33, 16.83s/it, est. speed input: 4.88 toks/s, output: 173.25 toks/s]
[36m(WorkerDict pid=3105826)[0m Processed prompts:  97%|█████████▋| 31/32 [10:29<00:12, 12.91s/it, est. speed input: 5.09 toks/s, output: 183.97 toks/s]
[36m(WorkerDict pid=3105826)[0m [rank11]:E0616 21:45:54.510000 3105826 site-packages/torch/_dynamo/metrics_context.py:105] [0/1] Unexpected exception logging compilation metrics
[36m(WorkerDict pid=3105826)[0m [rank11]:E0616 21:45:54.510000 3105826 site-packages/torch/_dynamo/metrics_context.py:105] [0/1] Traceback (most recent call last):
[36m(WorkerDict pid=3105826)[0m [rank11]:E0616 21:45:54.510000 3105826 site-packages/torch/_dynamo/metrics_context.py:105] [0/1]   File "/usr/local/python3.11.14/lib/python3.11/site-packages/torch/_dynamo/metrics_context.py", line 101, in __exit__
[36m(WorkerDict pid=3105826)[0m [rank11]:E0616 21:45:54.510000 3105826 site-packages/torch/_dynamo/metrics_context.py:105] [0/1]     self._on_exit(
[36m(WorkerDict pid=3105826)[0m [rank11]:E0616 21:45:54.510000 3105826 site-packages/torch/_dynamo/metrics_context.py:105] [0/1]   File "/usr/local/python3.11.14/lib/python3.11/site-packages/torch/_dynamo/utils.py", line 1632, in record_compilation_metrics
[36m(WorkerDict pid=3105826)[0m [rank11]:E0616 21:45:54.510000 3105826 site-packages/torch/_dynamo/metrics_context.py:105] [0/1]     "triton_version": triton.__version__ if has_triton() else "",
[36m(WorkerDict pid=3105826)[0m [rank11]:E0616 21:45:54.510000 3105826 site-packages/torch/_dynamo/metrics_context.py:105] [0/1]                                             ^^^^^^^^^^^^
[36m(WorkerDict pid=3105826)[0m [rank11]:E0616 21:45:54.510000 3105826 site-packages/torch/_dynamo/metrics_context.py:105] [0/1]   File "/usr/local/python3.11.14/lib/python3.11/site-packages/torch/utils/_triton.py", line 159, in has_triton
[36m(WorkerDict pid=3105826)[0m [rank11]:E0616 21:45:54.510000 3105826 site-packages/torch/_dynamo/metrics_context.py:105] [0/1]     return is_device_compatible_with_triton()
[36m(WorkerDict pid=3105826)[0m [rank11]:E0616 21:45:54.510000 3105826 site-packages/torch/_dynamo/metrics_context.py:105] [0/1]            ^^^^^^^^^^^^^^^^^^^^^^^^^^^^^^^^^^
[36m(WorkerDict pid=3105826)[0m [rank11]:E0616 21:45:54.510000 3105826 site-packages/torch/_dynamo/metrics_context.py:105] [0/1]   File "/usr/local/python3.11.14/lib/python3.11/site-packages/torch/utils/_triton.py", line 155, in is_device_compatible_with_triton
[36m(WorkerDict pid=3105826)[0m [rank11]:E0616 21:45:54.510000 3105826 site-packages/torch/_dynamo/metrics_context.py:105] [0/1]     if device_interface.is_available() and extra_check(device_interface):
[36m(WorkerDict pid=3105826)[0m [rank11]:E0616 21:45:54.510000 3105826 site-packages/torch/_dynamo/metrics_context.py:105] [0/1]                                            ^^^^^^^^^^^^^^^^^^^^^^^^^^^^^
[36m(WorkerDict pid=3105826)[0m [rank11]:E0616 21:45:54.510000 3105826 site-packages/torch/_dynamo/metrics_context.py:105] [0/1]   File "/usr/local/python3.11.14/lib/python3.11/site-packages/torch/utils/_triton.py", line 135, in cuda_extra_check
[36m(WorkerDict pid=3105826)[0m [rank11]:E0616 21:45:54.510000 3105826 site-packages/torch/_dynamo/metrics_context.py:105] [0/1]     return device_interface.Worker.get_device_properties().major >= 7
[36m(WorkerDict pid=3105826)[0m [rank11]:E0616 21:45:54.510000 3105826 site-packages/torch/_dynamo/metrics_context.py:105] [0/1]            ^^^^^^^^^^^^^^^^^^^^^^^^^^^^^^^^^^^^^^^^^^^^^^^^^^^^^^^^^^
[36m(WorkerDict pid=3105826)[0m [rank11]:E0616 21:45:54.510000 3105826 site-packages/torch/_dynamo/metrics_context.py:105] [0/1] TypeError: '>=' not supported between instances of 'NoneType' and 'int'
[36m(WorkerDict pid=3105822)[0m Processed prompts:  38%|███▊      | 12/32 [10:30<08:34, 25.73s/it, est. speed input: 1.45 toks/s, output: 117.91 toks/s]
[36m(WorkerDict pid=3105816)[0m Processed prompts:  62%|██████▎   | 20/32 [10:29<10:08, 50.71s/it, est. speed input: 1.43 toks/s, output: 92.41 toks/s]
[36m(WorkerDict pid=3105825)[0m Processed prompts:  97%|█████████▋| 31/32 [10:33<00:46, 46.05s/it, est. speed input: 2.64 toks/s, output: 172.21 toks/s]
[36m(WorkerDict pid=3105825)[0m [rank10]:E0616 21:45:57.344000 3105825 site-packages/torch/_dynamo/metrics_context.py:105] [0/1] Unexpected exception logging compilation metrics
[36m(WorkerDict pid=3105825)[0m [rank10]:E0616 21:45:57.344000 3105825 site-packages/torch/_dynamo/metrics_context.py:105] [0/1] Traceback (most recent call last):
[36m(WorkerDict pid=3105825)[0m [rank10]:E0616 21:45:57.344000 3105825 site-packages/torch/_dynamo/metrics_context.py:105] [0/1]   File "/usr/local/python3.11.14/lib/python3.11/site-packages/torch/_dynamo/metrics_context.py", line 101, in __exit__
[36m(WorkerDict pid=3105825)[0m [rank10]:E0616 21:45:57.344000 3105825 site-packages/torch/_dynamo/metrics_context.py:105] [0/1]     self._on_exit(
[36m(WorkerDict pid=3105825)[0m [rank10]:E0616 21:45:57.344000 3105825 site-packages/torch/_dynamo/metrics_context.py:105] [0/1]   File "/usr/local/python3.11.14/lib/python3.11/site-packages/torch/_dynamo/utils.py", line 1632, in record_compilation_metrics
[36m(WorkerDict pid=3105825)[0m [rank10]:E0616 21:45:57.344000 3105825 site-packages/torch/_dynamo/metrics_context.py:105] [0/1]     "triton_version": triton.__version__ if has_triton() else "",
[36m(WorkerDict pid=3105825)[0m [rank10]:E0616 21:45:57.344000 3105825 site-packages/torch/_dynamo/metrics_context.py:105] [0/1]                                             ^^^^^^^^^^^^
[36m(WorkerDict pid=3105825)[0m [rank10]:E0616 21:45:57.344000 3105825 site-packages/torch/_dynamo/metrics_context.py:105] [0/1]   File "/usr/local/python3.11.14/lib/python3.11/site-packages/torch/utils/_triton.py", line 159, in has_triton
[36m(WorkerDict pid=3105825)[0m [rank10]:E0616 21:45:57.344000 3105825 site-packages/torch/_dynamo/metrics_context.py:105] [0/1]     return is_device_compatible_with_triton()
[36m(WorkerDict pid=3105825)[0m [rank10]:E0616 21:45:57.344000 3105825 site-packages/torch/_dynamo/metrics_context.py:105] [0/1]            ^^^^^^^^^^^^^^^^^^^^^^^^^^^^^^^^^^
[36m(WorkerDict pid=3105825)[0m [rank10]:E0616 21:45:57.344000 3105825 site-packages/torch/_dynamo/metrics_context.py:105] [0/1]   File "/usr/local/python3.11.14/lib/python3.11/site-packages/torch/utils/_triton.py", line 155, in is_device_compatible_with_triton
[36m(WorkerDict pid=3105825)[0m [rank10]:E0616 21:45:57.344000 3105825 site-packages/torch/_dynamo/metrics_context.py:105] [0/1]     if device_interface.is_available() and extra_check(device_interface):
[36m(WorkerDict pid=3105825)[0m [rank10]:E0616 21:45:57.344000 3105825 site-packages/torch/_dynamo/metrics_context.py:105] [0/1]                                            ^^^^^^^^^^^^^^^^^^^^^^^^^^^^^
[36m(WorkerDict pid=3105825)[0m [rank10]:E0616 21:45:57.344000 3105825 site-packages/torch/_dynamo/metrics_context.py:105] [0/1]   File "/usr/local/python3.11.14/lib/python3.11/site-packages/torch/utils/_triton.py", line 135, in cuda_extra_check
[36m(WorkerDict pid=3105825)[0m [rank10]:E0616 21:45:57.344000 3105825 site-packages/torch/_dynamo/metrics_context.py:105] [0/1]     return device_interface.Worker.get_device_properties().major >= 7
[36m(WorkerDict pid=3105825)[0m [rank10]:E0616 21:45:57.344000 3105825 site-packages/torch/_dynamo/metrics_context.py:105] [0/1]            ^^^^^^^^^^^^^^^^^^^^^^^^^^^^^^^^^^^^^^^^^^^^^^^^^^^^^^^^^^
[36m(WorkerDict pid=3105825)[0m [rank10]:E0616 21:45:57.344000 3105825 site-packages/torch/_dynamo/metrics_context.py:105] [0/1] TypeError: '>=' not supported between instances of 'NoneType' and 'int'
[36m(WorkerDict pid=3105816)[0m Processed prompts:  66%|██████▌   | 21/32 [10:42<07:11, 39.22s/it, est. speed input: 1.54 toks/s, output: 102.40 toks/s]
[36m(WorkerDict pid=3105825)[0m Processed prompts: 100%|██████████| 32/32 [10:47<00:00, 36.48s/it, est. speed input: 2.69 toks/s, output: 180.21 toks/s]Processed prompts: 100%|██████████| 32/32 [10:47<00:00, 36.48s/it, est. speed input: 2.69 toks/s, output: 180.21 toks/s]
[36m(WorkerDict pid=3105827)[0m Processed prompts:  97%|█████████▋| 31/32 [10:51<00:29, 29.54s/it, est. speed input: 3.20 toks/s, output: 220.03 toks/s]
[36m(WorkerDict pid=3105827)[0m [rank14]:E0616 21:46:15.018000 3105827 site-packages/torch/_dynamo/metrics_context.py:105] [0/1] Unexpected exception logging compilation metrics
[36m(WorkerDict pid=3105827)[0m [rank14]:E0616 21:46:15.018000 3105827 site-packages/torch/_dynamo/metrics_context.py:105] [0/1] Traceback (most recent call last):
[36m(WorkerDict pid=3105827)[0m [rank14]:E0616 21:46:15.018000 3105827 site-packages/torch/_dynamo/metrics_context.py:105] [0/1]   File "/usr/local/python3.11.14/lib/python3.11/site-packages/torch/_dynamo/metrics_context.py", line 101, in __exit__
[36m(WorkerDict pid=3105827)[0m [rank14]:E0616 21:46:15.018000 3105827 site-packages/torch/_dynamo/metrics_context.py:105] [0/1]     self._on_exit(
[36m(WorkerDict pid=3105827)[0m [rank14]:E0616 21:46:15.018000 3105827 site-packages/torch/_dynamo/metrics_context.py:105] [0/1]   File "/usr/local/python3.11.14/lib/python3.11/site-packages/torch/_dynamo/utils.py", line 1632, in record_compilation_metrics
[36m(WorkerDict pid=3105827)[0m [rank14]:E0616 21:46:15.018000 3105827 site-packages/torch/_dynamo/metrics_context.py:105] [0/1]     "triton_version": triton.__version__ if has_triton() else "",
[36m(WorkerDict pid=3105827)[0m [rank14]:E0616 21:46:15.018000 3105827 site-packages/torch/_dynamo/metrics_context.py:105] [0/1]                                             ^^^^^^^^^^^^
[36m(WorkerDict pid=3105827)[0m [rank14]:E0616 21:46:15.018000 3105827 site-packages/torch/_dynamo/metrics_context.py:105] [0/1]   File "/usr/local/python3.11.14/lib/python3.11/site-packages/torch/utils/_triton.py", line 159, in has_triton
[36m(WorkerDict pid=3105827)[0m [rank14]:E0616 21:46:15.018000 3105827 site-packages/torch/_dynamo/metrics_context.py:105] [0/1]     return is_device_compatible_with_triton()
[36m(WorkerDict pid=3105827)[0m [rank14]:E0616 21:46:15.018000 3105827 site-packages/torch/_dynamo/metrics_context.py:105] [0/1]            ^^^^^^^^^^^^^^^^^^^^^^^^^^^^^^^^^^
[36m(WorkerDict pid=3105827)[0m [rank14]:E0616 21:46:15.018000 3105827 site-packages/torch/_dynamo/metrics_context.py:105] [0/1]   File "/usr/local/python3.11.14/lib/python3.11/site-packages/torch/utils/_triton.py", line 155, in is_device_compatible_with_triton
[36m(WorkerDict pid=3105827)[0m [rank14]:E0616 21:46:15.018000 3105827 site-packages/torch/_dynamo/metrics_context.py:105] [0/1]     if device_interface.is_available() and extra_check(device_interface):
[36m(WorkerDict pid=3105827)[0m [rank14]:E0616 21:46:15.018000 3105827 site-packages/torch/_dynamo/metrics_context.py:105] [0/1]                                            ^^^^^^^^^^^^^^^^^^^^^^^^^^^^^
[36m(WorkerDict pid=3105827)[0m [rank14]:E0616 21:46:15.018000 3105827 site-packages/torch/_dynamo/metrics_context.py:105] [0/1]   File "/usr/local/python3.11.14/lib/python3.11/site-packages/torch/utils/_triton.py", line 135, in cuda_extra_check
[36m(WorkerDict pid=3105827)[0m [rank14]:E0616 21:46:15.018000 3105827 site-packages/torch/_dynamo/metrics_context.py:105] [0/1]     return device_interface.Worker.get_device_properties().major >= 7
[36m(WorkerDict pid=3105827)[0m [rank14]:E0616 21:46:15.018000 3105827 site-packages/torch/_dynamo/metrics_context.py:105] [0/1]            ^^^^^^^^^^^^^^^^^^^^^^^^^^^^^^^^^^^^^^^^^^^^^^^^^^^^^^^^^^
[36m(WorkerDict pid=3105827)[0m [rank14]:E0616 21:46:15.018000 3105827 site-packages/torch/_dynamo/metrics_context.py:105] [0/1] TypeError: '>=' not supported between instances of 'NoneType' and 'int'
[36m(WorkerDict pid=3105828)[0m Processed prompts:  38%|███▊      | 12/32 [10:52<10:18, 30.93s/it, est. speed input: 2.13 toks/s, output: 112.11 toks/s]
[36m(WorkerDict pid=3105822)[0m Processed prompts:  41%|████      | 13/32 [10:52<07:45, 24.50s/it, est. speed input: 1.51 toks/s, output: 125.77 toks/s]
[36m(WorkerDict pid=3105828)[0m Processed prompts:  41%|████      | 13/32 [10:52<06:59, 22.06s/it, est. speed input: 2.31 toks/s, output: 123.76 toks/s]
[36m(WorkerDict pid=3105828)[0m Processed prompts:  44%|████▍     | 14/32 [10:54<04:50, 16.14s/it, est. speed input: 2.48 toks/s, output: 135.16 toks/s]
[36m(WorkerDict pid=3105827)[0m Processed prompts: 100%|██████████| 32/32 [11:00<00:00, 23.41s/it, est. speed input: 3.32 toks/s, output: 228.81 toks/s]Processed prompts: 100%|██████████| 32/32 [11:00<00:00, 23.41s/it, est. speed input: 3.32 toks/s, output: 228.81 toks/s]
[36m(WorkerDict pid=3105821)[0m Processed prompts:  91%|█████████ | 29/32 [10:59<01:35, 31.80s/it, est. speed input: 2.16 toks/s, output: 233.27 toks/s]
[36m(WorkerDict pid=3105828)[0m Processed prompts:  47%|████▋     | 15/32 [11:03<03:57, 13.99s/it, est. speed input: 2.62 toks/s, output: 145.14 toks/s]
[36m(WorkerDict pid=3105821)[0m Processed prompts:  94%|█████████▍| 30/32 [11:06<00:48, 24.18s/it, est. speed input: 2.24 toks/s, output: 242.84 toks/s]
[36m(WorkerDict pid=3105830)[0m Processed prompts:  41%|████      | 13/32 [11:06<12:28, 39.37s/it, est. speed input: 1.97 toks/s, output: 113.60 toks/s]
[36m(WorkerDict pid=3105816)[0m Processed prompts:  69%|██████▉   | 22/32 [11:06<05:46, 34.69s/it, est. speed input: 1.61 toks/s, output: 110.52 toks/s]
[36m(WorkerDict pid=3105822)[0m Processed prompts:  44%|████▍     | 14/32 [11:31<08:38, 28.80s/it, est. speed input: 1.54 toks/s, output: 130.57 toks/s]
[36m(WorkerDict pid=3105821)[0m Processed prompts:  97%|█████████▋| 31/32 [11:31<00:24, 24.54s/it, est. speed input: 2.26 toks/s, output: 245.79 toks/s]
[36m(WorkerDict pid=3105821)[0m [rank6]:E0616 21:46:56.064000 3105821 site-packages/torch/_dynamo/metrics_context.py:105] [0/1] Unexpected exception logging compilation metrics
[36m(WorkerDict pid=3105821)[0m [rank6]:E0616 21:46:56.064000 3105821 site-packages/torch/_dynamo/metrics_context.py:105] [0/1] Traceback (most recent call last):
[36m(WorkerDict pid=3105821)[0m [rank6]:E0616 21:46:56.064000 3105821 site-packages/torch/_dynamo/metrics_context.py:105] [0/1]   File "/usr/local/python3.11.14/lib/python3.11/site-packages/torch/_dynamo/metrics_context.py", line 101, in __exit__
[36m(WorkerDict pid=3105821)[0m [rank6]:E0616 21:46:56.064000 3105821 site-packages/torch/_dynamo/metrics_context.py:105] [0/1]     self._on_exit(
[36m(WorkerDict pid=3105821)[0m [rank6]:E0616 21:46:56.064000 3105821 site-packages/torch/_dynamo/metrics_context.py:105] [0/1]   File "/usr/local/python3.11.14/lib/python3.11/site-packages/torch/_dynamo/utils.py", line 1632, in record_compilation_metrics
[36m(WorkerDict pid=3105821)[0m [rank6]:E0616 21:46:56.064000 3105821 site-packages/torch/_dynamo/metrics_context.py:105] [0/1]     "triton_version": triton.__version__ if has_triton() else "",
[36m(WorkerDict pid=3105821)[0m [rank6]:E0616 21:46:56.064000 3105821 site-packages/torch/_dynamo/metrics_context.py:105] [0/1]                                             ^^^^^^^^^^^^
[36m(WorkerDict pid=3105821)[0m [rank6]:E0616 21:46:56.064000 3105821 site-packages/torch/_dynamo/metrics_context.py:105] [0/1]   File "/usr/local/python3.11.14/lib/python3.11/site-packages/torch/utils/_triton.py", line 159, in has_triton
[36m(WorkerDict pid=3105821)[0m [rank6]:E0616 21:46:56.064000 3105821 site-packages/torch/_dynamo/metrics_context.py:105] [0/1]     return is_device_compatible_with_triton()
[36m(WorkerDict pid=3105821)[0m [rank6]:E0616 21:46:56.064000 3105821 site-packages/torch/_dynamo/metrics_context.py:105] [0/1]            ^^^^^^^^^^^^^^^^^^^^^^^^^^^^^^^^^^
[36m(WorkerDict pid=3105821)[0m [rank6]:E0616 21:46:56.064000 3105821 site-packages/torch/_dynamo/metrics_context.py:105] [0/1]   File "/usr/local/python3.11.14/lib/python3.11/site-packages/torch/utils/_triton.py", line 155, in is_device_compatible_with_triton
[36m(WorkerDict pid=3105821)[0m [rank6]:E0616 21:46:56.064000 3105821 site-packages/torch/_dynamo/metrics_context.py:105] [0/1]     if device_interface.is_available() and extra_check(device_interface):
[36m(WorkerDict pid=3105821)[0m [rank6]:E0616 21:46:56.064000 3105821 site-packages/torch/_dynamo/metrics_context.py:105] [0/1]                                            ^^^^^^^^^^^^^^^^^^^^^^^^^^^^^
[36m(WorkerDict pid=3105821)[0m [rank6]:E0616 21:46:56.064000 3105821 site-packages/torch/_dynamo/metrics_context.py:105] [0/1]   File "/usr/local/python3.11.14/lib/python3.11/site-packages/torch/utils/_triton.py", line 135, in cuda_extra_check
[36m(WorkerDict pid=3105821)[0m [rank6]:E0616 21:46:56.064000 3105821 site-packages/torch/_dynamo/metrics_context.py:105] [0/1]     return device_interface.Worker.get_device_properties().major >= 7
[36m(WorkerDict pid=3105821)[0m [rank6]:E0616 21:46:56.064000 3105821 site-packages/torch/_dynamo/metrics_context.py:105] [0/1]            ^^^^^^^^^^^^^^^^^^^^^^^^^^^^^^^^^^^^^^^^^^^^^^^^^^^^^^^^^^
[36m(WorkerDict pid=3105821)[0m [rank6]:E0616 21:46:56.064000 3105821 site-packages/torch/_dynamo/metrics_context.py:105] [0/1] TypeError: '>=' not supported between instances of 'NoneType' and 'int'
[36m(WorkerDict pid=3105826)[0m Processed prompts: 100%|██████████| 32/32 [11:39<00:00, 30.05s/it, est. speed input: 4.80 toks/s, output: 177.43 toks/s]Processed prompts: 100%|██████████| 32/32 [11:39<00:00, 30.05s/it, est. speed input: 4.80 toks/s, output: 177.43 toks/s]
[36m(WorkerDict pid=3105822)[0m Processed prompts:  47%|████▋     | 15/32 [11:44<06:47, 23.97s/it, est. speed input: 1.62 toks/s, output: 140.08 toks/s]
[36m(WorkerDict pid=3105816)[0m Processed prompts:  72%|███████▏  | 23/32 [11:44<05:22, 35.81s/it, est. speed input: 1.65 toks/s, output: 116.40 toks/s]
[36m(WorkerDict pid=3105822)[0m Processed prompts:  50%|█████     | 16/32 [11:48<04:51, 18.20s/it, est. speed input: 1.72 toks/s, output: 151.02 toks/s]
[36m(WorkerDict pid=3105830)[0m Processed prompts:  44%|████▍     | 14/32 [11:50<12:12, 40.72s/it, est. speed input: 2.05 toks/s, output: 118.49 toks/s]
[36m(WorkerDict pid=3105830)[0m Processed prompts:  47%|████▋     | 15/32 [11:51<08:08, 28.76s/it, est. speed input: 2.25 toks/s, output: 130.22 toks/s]
[36m(WorkerDict pid=3105816)[0m Processed prompts:  75%|███████▌  | 24/32 [11:56<03:47, 28.39s/it, est. speed input: 1.74 toks/s, output: 126.52 toks/s]
[36m(WorkerDict pid=3105816)[0m Processed prompts:  78%|███████▊  | 25/32 [11:56<02:20, 20.06s/it, est. speed input: 1.86 toks/s, output: 138.34 toks/s]
[36m(WorkerDict pid=3105816)[0m Processed prompts:  81%|████████▏ | 26/32 [12:08<01:45, 17.64s/it, est. speed input: 1.95 toks/s, output: 148.04 toks/s]
[36m(WorkerDict pid=3105830)[0m Processed prompts:  50%|█████     | 16/32 [12:10<06:54, 25.93s/it, est. speed input: 2.39 toks/s, output: 138.73 toks/s]
[36m(WorkerDict pid=3105830)[0m Processed prompts:  53%|█████▎    | 17/32 [12:19<05:11, 20.78s/it, est. speed input: 2.50 toks/s, output: 149.07 toks/s]
[36m(WorkerDict pid=3105816)[0m Processed prompts:  84%|████████▍ | 27/32 [12:37<01:45, 21.02s/it, est. speed input: 1.99 toks/s, output: 154.44 toks/s]
[36m(WorkerDict pid=3105816)[0m Processed prompts:  88%|████████▊ | 28/32 [12:39<01:01, 15.36s/it, est. speed input: 2.10 toks/s, output: 166.06 toks/s]
[36m(WorkerDict pid=3105824)[0m Processed prompts:   3%|▎         | 1/32 [12:45<6:35:42, 765.88s/it, est. speed input: 0.07 toks/s, output: 12.05 toks/s]
[36m(WorkerDict pid=3105816)[0m Processed prompts:  91%|█████████ | 29/32 [12:54<00:45, 15.32s/it, est. speed input: 2.17 toks/s, output: 174.89 toks/s]
[36m(WorkerDict pid=3105824)[0m Processed prompts:   6%|▋         | 2/32 [13:02<2:42:34, 325.15s/it, est. speed input: 0.13 toks/s, output: 23.88 toks/s]
[36m(WorkerDict pid=3105830)[0m Processed prompts:  56%|█████▋    | 18/32 [13:06<06:42, 28.74s/it, est. speed input: 2.53 toks/s, output: 152.22 toks/s]
[36m(WorkerDict pid=3105830)[0m Processed prompts:  59%|█████▉    | 19/32 [13:06<04:22, 20.19s/it, est. speed input: 2.72 toks/s, output: 164.29 toks/s]
[36m(WorkerDict pid=3105816)[0m Processed prompts:  94%|█████████▍| 30/32 [13:08<00:29, 14.87s/it, est. speed input: 2.24 toks/s, output: 183.96 toks/s]
[36m(WorkerDict pid=3105829)[0m Processed prompts:  53%|█████▎    | 17/32 [13:14<41:21, 165.45s/it, est. speed input: 0.86 toks/s, output: 59.15 toks/s]
[36m(WorkerDict pid=3105824)[0m Processed prompts:   9%|▉         | 3/32 [13:54<1:36:54, 200.50s/it, est. speed input: 0.18 toks/s, output: 34.57 toks/s]
[36m(WorkerDict pid=3105824)[0m Processed prompts:  12%|█▎        | 4/32 [13:59<57:31, 123.25s/it, est. speed input: 0.24 toks/s, output: 46.56 toks/s]  
[36m(WorkerDict pid=3105828)[0m Processed prompts:  50%|█████     | 16/32 [14:03<16:53, 63.37s/it, est. speed input: 2.20 toks/s, output: 126.41 toks/s]
[36m(WorkerDict pid=3105824)[0m Processed prompts:  16%|█▌        | 5/32 [14:17<38:21, 85.23s/it, est. speed input: 0.27 toks/s, output: 57.83 toks/s] 
[36m(WorkerDict pid=3105830)[0m Processed prompts:  62%|██████▎   | 20/32 [14:16<07:01, 35.13s/it, est. speed input: 2.67 toks/s, output: 163.12 toks/s]
[36m(WorkerDict pid=3105828)[0m Processed prompts:  53%|█████▎    | 17/32 [14:21<12:26, 49.79s/it, est. speed input: 2.30 toks/s, output: 136.03 toks/s]
[36m(WorkerDict pid=3105828)[0m Processed prompts:  56%|█████▋    | 18/32 [14:30<08:44, 37.49s/it, est. speed input: 2.41 toks/s, output: 146.95 toks/s]
[36m(WorkerDict pid=3105830)[0m Processed prompts:  66%|██████▌   | 21/32 [14:47<06:10, 33.71s/it, est. speed input: 2.74 toks/s, output: 169.84 toks/s]
[36m(WorkerDict pid=3105830)[0m Processed prompts:  69%|██████▉   | 22/32 [14:53<04:14, 25.46s/it, est. speed input: 2.88 toks/s, output: 180.98 toks/s]
[36m(WorkerDict pid=3105824)[0m Processed prompts:  19%|█▉        | 6/32 [14:56<30:05, 69.42s/it, est. speed input: 0.30 toks/s, output: 67.65 toks/s]
[36m(WorkerDict pid=3105829)[0m Processed prompts:  56%|█████▋    | 18/32 [14:57<34:10, 146.46s/it, est. speed input: 0.83 toks/s, output: 64.76 toks/s]
[36m(WorkerDict pid=3105828)[0m Processed prompts:  59%|█████▉    | 19/32 [14:57<07:28, 34.52s/it, est. speed input: 2.47 toks/s, output: 154.77 toks/s]
[36m(WorkerDict pid=3105824)[0m Processed prompts:  22%|██▏       | 7/32 [15:03<20:32, 49.28s/it, est. speed input: 0.34 toks/s, output: 79.40 toks/s]
[36m(WorkerDict pid=3105824)[0m Processed prompts:  25%|██▌       | 8/32 [15:04<13:27, 33.64s/it, est. speed input: 0.39 toks/s, output: 91.73 toks/s]
[36m(WorkerDict pid=3105824)[0m Processed prompts:  28%|██▊       | 9/32 [15:08<09:27, 24.66s/it, est. speed input: 0.43 toks/s, output: 103.58 toks/s]
[36m(WorkerDict pid=3105830)[0m Processed prompts:  72%|███████▏  | 23/32 [15:08<03:21, 22.33s/it, est. speed input: 2.99 toks/s, output: 190.34 toks/s]
[36m(WorkerDict pid=3105828)[0m Processed prompts:  62%|██████▎   | 20/32 [15:09<05:32, 27.73s/it, est. speed input: 2.57 toks/s, output: 165.11 toks/s]
[36m(WorkerDict pid=3105830)[0m Processed prompts:  75%|███████▌  | 24/32 [15:10<02:09, 16.23s/it, est. speed input: 3.10 toks/s, output: 202.29 toks/s]
[36m(WorkerDict pid=3105828)[0m Processed prompts:  66%|██████▌   | 21/32 [15:13<03:45, 20.46s/it, est. speed input: 2.69 toks/s, output: 176.85 toks/s]
[36m(WorkerDict pid=3105824)[0m Processed prompts:  31%|███▏      | 10/32 [15:15<06:59, 19.06s/it, est. speed input: 0.48 toks/s, output: 115.21 toks/s]
[36m(WorkerDict pid=3105828)[0m Processed prompts:  69%|██████▉   | 22/32 [15:17<02:37, 15.78s/it, est. speed input: 2.81 toks/s, output: 188.29 toks/s]
[36m(WorkerDict pid=3105821)[0m Processed prompts: 100%|██████████| 32/32 [15:17<00:00, 84.99s/it, est. speed input: 1.78 toks/s, output: 197.63 toks/s]Processed prompts: 100%|██████████| 32/32 [15:17<00:00, 84.99s/it, est. speed input: 1.78 toks/s, output: 197.63 toks/s]
[36m(WorkerDict pid=3105815)[0m Processed prompts: 100%|██████████| 32/32 [15:26<00:00, 28.94s/it, est. speed input: 3.70 toks/s, output: 272.80 toks/s]
[36m(WorkerDict pid=3105827)[0m Processed prompts: 100%|██████████| 32/32 [15:28<00:00, 29.00s/it, est. speed input: 3.32 toks/s, output: 228.81 toks/s]
[36m(WorkerDict pid=3105823)[0m Processed prompts: 100%|██████████| 32/32 [15:27<00:00, 28.99s/it, est. speed input: 3.99 toks/s, output: 241.71 toks/s]
[36m(WorkerDict pid=3105826)[0m Processed prompts: 100%|██████████| 32/32 [15:26<00:00, 28.97s/it, est. speed input: 4.80 toks/s, output: 177.43 toks/s]
[36m(WorkerDict pid=3105821)[0m Processed prompts: 100%|██████████| 32/32 [15:27<00:00, 28.99s/it, est. speed input: 1.78 toks/s, output: 197.63 toks/s]
[36m(WorkerDict pid=3105819)[0m Processed prompts: 100%|██████████| 32/32 [15:28<00:00, 29.00s/it, est. speed input: 3.93 toks/s, output: 210.77 toks/s]
[36m(WorkerDict pid=3105817)[0m Processed prompts: 100%|██████████| 32/32 [15:28<00:00, 29.02s/it, est. speed input: 5.54 toks/s, output: 213.04 toks/s]
[36m(WorkerDict pid=3105825)[0m Processed prompts: 100%|██████████| 32/32 [15:28<00:00, 29.03s/it, est. speed input: 2.69 toks/s, output: 180.21 toks/s]
[36m(WorkerDict pid=3105816)[0m Processed prompts:  97%|█████████▋| 31/32 [15:30<00:52, 52.96s/it, est. speed input: 1.99 toks/s, output: 168.16 toks/s]
[36m(WorkerDict pid=3105816)[0m [rank1]:E0616 21:50:55.800000 3105816 site-packages/torch/_dynamo/metrics_context.py:105] [0/1] Unexpected exception logging compilation metrics
[36m(WorkerDict pid=3105816)[0m [rank1]:E0616 21:50:55.800000 3105816 site-packages/torch/_dynamo/metrics_context.py:105] [0/1] Traceback (most recent call last):
[36m(WorkerDict pid=3105816)[0m [rank1]:E0616 21:50:55.800000 3105816 site-packages/torch/_dynamo/metrics_context.py:105] [0/1]   File "/usr/local/python3.11.14/lib/python3.11/site-packages/torch/_dynamo/metrics_context.py", line 101, in __exit__
[36m(WorkerDict pid=3105816)[0m [rank1]:E0616 21:50:55.800000 3105816 site-packages/torch/_dynamo/metrics_context.py:105] [0/1]     self._on_exit(
[36m(WorkerDict pid=3105816)[0m [rank1]:E0616 21:50:55.800000 3105816 site-packages/torch/_dynamo/metrics_context.py:105] [0/1]   File "/usr/local/python3.11.14/lib/python3.11/site-packages/torch/_dynamo/utils.py", line 1632, in record_compilation_metrics
[36m(WorkerDict pid=3105816)[0m [rank1]:E0616 21:50:55.800000 3105816 site-packages/torch/_dynamo/metrics_context.py:105] [0/1]     "triton_version": triton.__version__ if has_triton() else "",
[36m(WorkerDict pid=3105816)[0m [rank1]:E0616 21:50:55.800000 3105816 site-packages/torch/_dynamo/metrics_context.py:105] [0/1]                                             ^^^^^^^^^^^^
[36m(WorkerDict pid=3105816)[0m [rank1]:E0616 21:50:55.800000 3105816 site-packages/torch/_dynamo/metrics_context.py:105] [0/1]   File "/usr/local/python3.11.14/lib/python3.11/site-packages/torch/utils/_triton.py", line 159, in has_triton
[36m(WorkerDict pid=3105816)[0m [rank1]:E0616 21:50:55.800000 3105816 site-packages/torch/_dynamo/metrics_context.py:105] [0/1]     return is_device_compatible_with_triton()
[36m(WorkerDict pid=3105816)[0m [rank1]:E0616 21:50:55.800000 3105816 site-packages/torch/_dynamo/metrics_context.py:105] [0/1]            ^^^^^^^^^^^^^^^^^^^^^^^^^^^^^^^^^^
[36m(WorkerDict pid=3105816)[0m [rank1]:E0616 21:50:55.800000 3105816 site-packages/torch/_dynamo/metrics_context.py:105] [0/1]   File "/usr/local/python3.11.14/lib/python3.11/site-packages/torch/utils/_triton.py", line 155, in is_device_compatible_with_triton
[36m(WorkerDict pid=3105816)[0m [rank1]:E0616 21:50:55.800000 3105816 site-packages/torch/_dynamo/metrics_context.py:105] [0/1]     if device_interface.is_available() and extra_check(device_interface):
[36m(WorkerDict pid=3105816)[0m [rank1]:E0616 21:50:55.800000 3105816 site-packages/torch/_dynamo/metrics_context.py:105] [0/1]                                            ^^^^^^^^^^^^^^^^^^^^^^^^^^^^^
[36m(WorkerDict pid=3105816)[0m [rank1]:E0616 21:50:55.800000 3105816 site-packages/torch/_dynamo/metrics_context.py:105] [0/1]   File "/usr/local/python3.11.14/lib/python3.11/site-packages/torch/utils/_triton.py", line 135, in cuda_extra_check
[36m(WorkerDict pid=3105816)[0m [rank1]:E0616 21:50:55.800000 3105816 site-packages/torch/_dynamo/metrics_context.py:105] [0/1]     return device_interface.Worker.get_device_properties().major >= 7
[36m(WorkerDict pid=3105816)[0m [rank1]:E0616 21:50:55.800000 3105816 site-packages/torch/_dynamo/metrics_context.py:105] [0/1]            ^^^^^^^^^^^^^^^^^^^^^^^^^^^^^^^^^^^^^^^^^^^^^^^^^^^^^^^^^^
[36m(WorkerDict pid=3105816)[0m [rank1]:E0616 21:50:55.800000 3105816 site-packages/torch/_dynamo/metrics_context.py:105] [0/1] TypeError: '>=' not supported between instances of 'NoneType' and 'int'
[36m(WorkerDict pid=3105828)[0m Processed prompts:  72%|███████▏  | 23/32 [15:39<02:36, 17.40s/it, est. speed input: 2.88 toks/s, output: 196.27 toks/s]
[36m(WorkerDict pid=3105824)[0m Processed prompts:  34%|███▍      | 11/32 [15:40<07:17, 20.82s/it, est. speed input: 0.52 toks/s, output: 124.40 toks/s]
[36m(WorkerDict pid=3105816)[0m Processed prompts: 100%|██████████| 32/32 [15:39<00:00, 39.61s/it, est. speed input: 2.06 toks/s, output: 178.89 toks/s]Processed prompts: 100%|██████████| 32/32 [15:39<00:00, 39.61s/it, est. speed input: 2.06 toks/s, output: 178.89 toks/s]
[36m(WorkerDict pid=3105824)[0m Processed prompts:  38%|███▊      | 12/32 [15:54<06:13, 18.69s/it, est. speed input: 0.55 toks/s, output: 134.82 toks/s]
[36m(WorkerDict pid=3105830)[0m Processed prompts:  78%|███████▊  | 25/32 [15:53<02:50, 24.33s/it, est. speed input: 3.11 toks/s, output: 205.36 toks/s]
[36m(WorkerDict pid=3105818)[0m Processed prompts:  53%|█████▎    | 17/32 [15:53<49:08, 196.59s/it, est. speed input: 0.92 toks/s, output: 63.75 toks/s]
[36m(WorkerDict pid=3105824)[0m Processed prompts:  41%|████      | 13/32 [15:56<04:23, 13.87s/it, est. speed input: 0.60 toks/s, output: 146.66 toks/s]
[36m(WorkerDict pid=3105824)[0m Processed prompts:  44%|████▍     | 14/32 [15:59<03:08, 10.45s/it, est. speed input: 0.64 toks/s, output: 158.50 toks/s]
[36m(WorkerDict pid=3105829)[0m Processed prompts:  59%|█████▉    | 19/32 [16:01<26:23, 121.84s/it, est. speed input: 0.84 toks/s, output: 72.66 toks/s]
[36m(WorkerDict pid=3105824)[0m Processed prompts:  47%|████▋     | 15/32 [16:03<02:26,  8.60s/it, est. speed input: 0.68 toks/s, output: 170.02 toks/s]
[36m(WorkerDict pid=3105829)[0m Processed prompts:  62%|██████▎   | 20/32 [16:07<17:24, 87.07s/it, est. speed input: 0.90 toks/s, output: 84.46 toks/s] 
[36m(WorkerDict pid=3105824)[0m Processed prompts:  50%|█████     | 16/32 [16:09<02:06,  7.89s/it, est. speed input: 0.72 toks/s, output: 181.16 toks/s]
[36m(WorkerDict pid=3105829)[0m Processed prompts:  66%|██████▌   | 21/32 [16:19<11:49, 64.47s/it, est. speed input: 0.95 toks/s, output: 95.69 toks/s]
[36m(WorkerDict pid=3105829)[0m Processed prompts:  69%|██████▉   | 22/32 [16:19<07:31, 45.18s/it, est. speed input: 1.02 toks/s, output: 107.93 toks/s]
[36m(WorkerDict pid=3105829)[0m Processed prompts:  72%|███████▏  | 23/32 [16:21<04:49, 32.16s/it, est. speed input: 1.08 toks/s, output: 119.98 toks/s]
[36m(WorkerDict pid=3105828)[0m Processed prompts:  75%|███████▌  | 24/32 [16:23<03:24, 25.52s/it, est. speed input: 2.87 toks/s, output: 199.64 toks/s]
[36m(WorkerDict pid=3105829)[0m Processed prompts:  75%|███████▌  | 24/32 [16:23<03:05, 23.24s/it, est. speed input: 1.14 toks/s, output: 131.94 toks/s]
[36m(WorkerDict pid=3105824)[0m Processed prompts:  53%|█████▎    | 17/32 [16:27<02:41, 10.79s/it, est. speed input: 0.74 toks/s, output: 190.19 toks/s]
[36m(WorkerDict pid=3105824)[0m Processed prompts:  56%|█████▋    | 18/32 [16:29<01:53,  8.09s/it, est. speed input: 0.79 toks/s, output: 202.09 toks/s]
[36m(WorkerDict pid=3105824)[0m Processed prompts:  59%|█████▉    | 19/32 [16:29<01:15,  5.78s/it, est. speed input: 0.84 toks/s, output: 214.26 toks/s]
[36m(WorkerDict pid=3105824)[0m Processed prompts:  62%|██████▎   | 20/32 [16:32<00:59,  4.97s/it, est. speed input: 0.89 toks/s, output: 225.84 toks/s]
[36m(WorkerDict pid=3105829)[0m Processed prompts:  78%|███████▊  | 25/32 [16:39<02:26, 20.95s/it, est. speed input: 1.18 toks/s, output: 142.13 toks/s]
[36m(WorkerDict pid=3105824)[0m Processed prompts:  66%|██████▌   | 21/32 [16:42<01:09,  6.34s/it, est. speed input: 0.93 toks/s, output: 235.94 toks/s]
[36m(WorkerDict pid=3105830)[0m Processed prompts:  81%|████████▏ | 26/32 [16:48<03:20, 33.43s/it, est. speed input: 3.08 toks/s, output: 206.48 toks/s]
[36m(WorkerDict pid=3105828)[0m Processed prompts:  78%|███████▊  | 25/32 [16:50<03:02, 26.09s/it, est. speed input: 2.91 toks/s, output: 206.48 toks/s]
[36m(WorkerDict pid=3105828)[0m Processed prompts:  81%|████████▏ | 26/32 [17:00<02:07, 21.27s/it, est. speed input: 3.00 toks/s, output: 216.71 toks/s]
[36m(WorkerDict pid=3105824)[0m Processed prompts:  69%|██████▉   | 22/32 [17:06<01:56, 11.61s/it, est. speed input: 0.94 toks/s, output: 242.70 toks/s]
[36m(WorkerDict pid=3105818)[0m Processed prompts:  56%|█████▋    | 18/32 [17:24<38:27, 164.80s/it, est. speed input: 0.95 toks/s, output: 70.49 toks/s]
[36m(WorkerDict pid=3105830)[0m Processed prompts:  84%|████████▍ | 27/32 [17:25<02:52, 34.43s/it, est. speed input: 3.11 toks/s, output: 211.50 toks/s]
[36m(WorkerDict pid=3105830)[0m Processed prompts:  88%|████████▊ | 28/32 [17:26<01:38, 24.57s/it, est. speed input: 3.25 toks/s, output: 223.45 toks/s]
[36m(WorkerDict pid=3105828)[0m Processed prompts:  84%|████████▍ | 27/32 [17:35<02:05, 25.16s/it, est. speed input: 3.01 toks/s, output: 221.95 toks/s]
[36m(WorkerDict pid=3105824)[0m Processed prompts:  72%|███████▏  | 23/32 [17:40<02:46, 18.53s/it, est. speed input: 0.94 toks/s, output: 247.05 toks/s]
[36m(WorkerDict pid=3105824)[0m Processed prompts:  75%|███████▌  | 24/32 [17:41<01:46, 13.30s/it, est. speed input: 0.97 toks/s, output: 259.07 toks/s]
[36m(WorkerDict pid=3105828)[0m Processed prompts:  88%|████████▊ | 28/32 [17:48<01:26, 21.63s/it, est. speed input: 3.09 toks/s, output: 231.45 toks/s]
[36m(WorkerDict pid=3105828)[0m Processed prompts:  91%|█████████ | 29/32 [17:48<00:45, 15.25s/it, est. speed input: 3.20 toks/s, output: 243.64 toks/s]
[36m(WorkerDict pid=3105824)[0m Processed prompts:  78%|███████▊  | 25/32 [17:52<01:26, 12.36s/it, est. speed input: 1.01 toks/s, output: 268.88 toks/s]
[36m(WorkerDict pid=3105824)[0m Processed prompts:  81%|████████▏ | 26/32 [17:55<00:57,  9.56s/it, est. speed input: 1.04 toks/s, output: 280.40 toks/s]
[36m(WorkerDict pid=3105820)[0m Processed prompts:  53%|█████▎    | 17/32 [17:54<54:57, 219.82s/it, est. speed input: 0.79 toks/s, output: 60.18 toks/s]
[36m(WorkerDict pid=3105824)[0m Processed prompts:  84%|████████▍ | 27/32 [17:56<00:35,  7.06s/it, est. speed input: 1.09 toks/s, output: 292.36 toks/s]
[36m(WorkerDict pid=3105824)[0m Processed prompts:  88%|████████▊ | 28/32 [17:57<00:20,  5.22s/it, est. speed input: 1.12 toks/s, output: 304.38 toks/s]
[36m(WorkerDict pid=3105818)[0m Processed prompts:  59%|█████▉    | 19/32 [18:06<27:43, 127.93s/it, est. speed input: 1.02 toks/s, output: 80.06 toks/s]
[36m(WorkerDict pid=3105830)[0m Processed prompts:  91%|█████████ | 29/32 [18:12<01:32, 30.90s/it, est. speed input: 3.25 toks/s, output: 226.40 toks/s]
[36m(WorkerDict pid=3105824)[0m Processed prompts:  91%|█████████ | 29/32 [18:16<00:28,  9.51s/it, est. speed input: 1.13 toks/s, output: 311.26 toks/s]
[36m(WorkerDict pid=3105824)[0m Processed prompts:  94%|█████████▍| 30/32 [18:20<00:15,  7.78s/it, est. speed input: 1.16 toks/s, output: 322.48 toks/s]
[36m(WorkerDict pid=3105828)[0m Processed prompts:  94%|█████████▍| 30/32 [18:24<00:42, 21.20s/it, est. speed input: 3.21 toks/s, output: 248.19 toks/s]
[36m(WorkerDict pid=3105824)[0m Processed prompts:  97%|█████████▋| 31/32 [18:24<00:06,  6.56s/it, est. speed input: 1.20 toks/s, output: 333.69 toks/s]
[36m(WorkerDict pid=3105824)[0m [rank9]:E0616 21:53:48.135000 3105824 site-packages/torch/_dynamo/metrics_context.py:105] [0/1] Unexpected exception logging compilation metrics
[36m(WorkerDict pid=3105824)[0m [rank9]:E0616 21:53:48.135000 3105824 site-packages/torch/_dynamo/metrics_context.py:105] [0/1] Traceback (most recent call last):
[36m(WorkerDict pid=3105824)[0m [rank9]:E0616 21:53:48.135000 3105824 site-packages/torch/_dynamo/metrics_context.py:105] [0/1]   File "/usr/local/python3.11.14/lib/python3.11/site-packages/torch/_dynamo/metrics_context.py", line 101, in __exit__
[36m(WorkerDict pid=3105824)[0m [rank9]:E0616 21:53:48.135000 3105824 site-packages/torch/_dynamo/metrics_context.py:105] [0/1]     self._on_exit(
[36m(WorkerDict pid=3105824)[0m [rank9]:E0616 21:53:48.135000 3105824 site-packages/torch/_dynamo/metrics_context.py:105] [0/1]   File "/usr/local/python3.11.14/lib/python3.11/site-packages/torch/_dynamo/utils.py", line 1632, in record_compilation_metrics
[36m(WorkerDict pid=3105824)[0m [rank9]:E0616 21:53:48.135000 3105824 site-packages/torch/_dynamo/metrics_context.py:105] [0/1]     "triton_version": triton.__version__ if has_triton() else "",
[36m(WorkerDict pid=3105824)[0m [rank9]:E0616 21:53:48.135000 3105824 site-packages/torch/_dynamo/metrics_context.py:105] [0/1]                                             ^^^^^^^^^^^^
[36m(WorkerDict pid=3105824)[0m [rank9]:E0616 21:53:48.135000 3105824 site-packages/torch/_dynamo/metrics_context.py:105] [0/1]   File "/usr/local/python3.11.14/lib/python3.11/site-packages/torch/utils/_triton.py", line 159, in has_triton
[36m(WorkerDict pid=3105824)[0m [rank9]:E0616 21:53:48.135000 3105824 site-packages/torch/_dynamo/metrics_context.py:105] [0/1]     return is_device_compatible_with_triton()
[36m(WorkerDict pid=3105824)[0m [rank9]:E0616 21:53:48.135000 3105824 site-packages/torch/_dynamo/metrics_context.py:105] [0/1]            ^^^^^^^^^^^^^^^^^^^^^^^^^^^^^^^^^^
[36m(WorkerDict pid=3105824)[0m [rank9]:E0616 21:53:48.135000 3105824 site-packages/torch/_dynamo/metrics_context.py:105] [0/1]   File "/usr/local/python3.11.14/lib/python3.11/site-packages/torch/utils/_triton.py", line 155, in is_device_compatible_with_triton
[36m(WorkerDict pid=3105824)[0m [rank9]:E0616 21:53:48.135000 3105824 site-packages/torch/_dynamo/metrics_context.py:105] [0/1]     if device_interface.is_available() and extra_check(device_interface):
[36m(WorkerDict pid=3105824)[0m [rank9]:E0616 21:53:48.135000 3105824 site-packages/torch/_dynamo/metrics_context.py:105] [0/1]                                            ^^^^^^^^^^^^^^^^^^^^^^^^^^^^^
[36m(WorkerDict pid=3105824)[0m [rank9]:E0616 21:53:48.135000 3105824 site-packages/torch/_dynamo/metrics_context.py:105] [0/1]   File "/usr/local/python3.11.14/lib/python3.11/site-packages/torch/utils/_triton.py", line 135, in cuda_extra_check
[36m(WorkerDict pid=3105824)[0m [rank9]:E0616 21:53:48.135000 3105824 site-packages/torch/_dynamo/metrics_context.py:105] [0/1]     return device_interface.Worker.get_device_properties().major >= 7
[36m(WorkerDict pid=3105824)[0m [rank9]:E0616 21:53:48.135000 3105824 site-packages/torch/_dynamo/metrics_context.py:105] [0/1]            ^^^^^^^^^^^^^^^^^^^^^^^^^^^^^^^^^^^^^^^^^^^^^^^^^^^^^^^^^^
[36m(WorkerDict pid=3105824)[0m [rank9]:E0616 21:53:48.135000 3105824 site-packages/torch/_dynamo/metrics_context.py:105] [0/1] TypeError: '>=' not supported between instances of 'NoneType' and 'int'
[36m(WorkerDict pid=3105824)[0m Processed prompts: 100%|██████████| 32/32 [18:28<00:00,  5.76s/it, est. speed input: 1.23 toks/s, output: 344.80 toks/s]Processed prompts: 100%|██████████| 32/32 [18:28<00:00,  5.76s/it, est. speed input: 1.23 toks/s, output: 344.80 toks/s]
[36m(WorkerDict pid=3105829)[0m Processed prompts:  81%|████████▏ | 26/32 [18:30<04:49, 48.19s/it, est. speed input: 1.12 toks/s, output: 140.14 toks/s]
[36m(WorkerDict pid=3105818)[0m Processed prompts:  62%|██████▎   | 20/32 [18:37<19:46, 98.88s/it, est. speed input: 1.09 toks/s, output: 90.13 toks/s] 
[36m(WorkerDict pid=3105828)[0m Processed prompts:  97%|█████████▋| 31/32 [18:42<00:20, 20.31s/it, est. speed input: 3.26 toks/s, output: 256.45 toks/s]
[36m(WorkerDict pid=3105828)[0m [rank13]:E0616 21:54:06.284000 3105828 site-packages/torch/_dynamo/metrics_context.py:105] [0/1] Unexpected exception logging compilation metrics
[36m(WorkerDict pid=3105828)[0m [rank13]:E0616 21:54:06.284000 3105828 site-packages/torch/_dynamo/metrics_context.py:105] [0/1] Traceback (most recent call last):
[36m(WorkerDict pid=3105828)[0m [rank13]:E0616 21:54:06.284000 3105828 site-packages/torch/_dynamo/metrics_context.py:105] [0/1]   File "/usr/local/python3.11.14/lib/python3.11/site-packages/torch/_dynamo/metrics_context.py", line 101, in __exit__
[36m(WorkerDict pid=3105828)[0m [rank13]:E0616 21:54:06.284000 3105828 site-packages/torch/_dynamo/metrics_context.py:105] [0/1]     self._on_exit(
[36m(WorkerDict pid=3105828)[0m [rank13]:E0616 21:54:06.284000 3105828 site-packages/torch/_dynamo/metrics_context.py:105] [0/1]   File "/usr/local/python3.11.14/lib/python3.11/site-packages/torch/_dynamo/utils.py", line 1632, in record_compilation_metrics
[36m(WorkerDict pid=3105828)[0m [rank13]:E0616 21:54:06.284000 3105828 site-packages/torch/_dynamo/metrics_context.py:105] [0/1]     "triton_version": triton.__version__ if has_triton() else "",
[36m(WorkerDict pid=3105828)[0m [rank13]:E0616 21:54:06.284000 3105828 site-packages/torch/_dynamo/metrics_context.py:105] [0/1]                                             ^^^^^^^^^^^^
[36m(WorkerDict pid=3105828)[0m [rank13]:E0616 21:54:06.284000 3105828 site-packages/torch/_dynamo/metrics_context.py:105] [0/1]   File "/usr/local/python3.11.14/lib/python3.11/site-packages/torch/utils/_triton.py", line 159, in has_triton
[36m(WorkerDict pid=3105828)[0m [rank13]:E0616 21:54:06.284000 3105828 site-packages/torch/_dynamo/metrics_context.py:105] [0/1]     return is_device_compatible_with_triton()
[36m(WorkerDict pid=3105828)[0m [rank13]:E0616 21:54:06.284000 3105828 site-packages/torch/_dynamo/metrics_context.py:105] [0/1]            ^^^^^^^^^^^^^^^^^^^^^^^^^^^^^^^^^^
[36m(WorkerDict pid=3105828)[0m [rank13]:E0616 21:54:06.284000 3105828 site-packages/torch/_dynamo/metrics_context.py:105] [0/1]   File "/usr/local/python3.11.14/lib/python3.11/site-packages/torch/utils/_triton.py", line 155, in is_device_compatible_with_triton
[36m(WorkerDict pid=3105828)[0m [rank13]:E0616 21:54:06.284000 3105828 site-packages/torch/_dynamo/metrics_context.py:105] [0/1]     if device_interface.is_available() and extra_check(device_interface):
[36m(WorkerDict pid=3105828)[0m [rank13]:E0616 21:54:06.284000 3105828 site-packages/torch/_dynamo/metrics_context.py:105] [0/1]                                            ^^^^^^^^^^^^^^^^^^^^^^^^^^^^^
[36m(WorkerDict pid=3105828)[0m [rank13]:E0616 21:54:06.284000 3105828 site-packages/torch/_dynamo/metrics_context.py:105] [0/1]   File "/usr/local/python3.11.14/lib/python3.11/site-packages/torch/utils/_triton.py", line 135, in cuda_extra_check
[36m(WorkerDict pid=3105828)[0m [rank13]:E0616 21:54:06.284000 3105828 site-packages/torch/_dynamo/metrics_context.py:105] [0/1]     return device_interface.Worker.get_device_properties().major >= 7
[36m(WorkerDict pid=3105828)[0m [rank13]:E0616 21:54:06.284000 3105828 site-packages/torch/_dynamo/metrics_context.py:105] [0/1]            ^^^^^^^^^^^^^^^^^^^^^^^^^^^^^^^^^^^^^^^^^^^^^^^^^^^^^^^^^^
[36m(WorkerDict pid=3105828)[0m [rank13]:E0616 21:54:06.284000 3105828 site-packages/torch/_dynamo/metrics_context.py:105] [0/1] TypeError: '>=' not supported between instances of 'NoneType' and 'int'
[36m(WorkerDict pid=3105829)[0m Processed prompts:  84%|████████▍ | 27/32 [18:46<03:12, 38.48s/it, est. speed input: 1.16 toks/s, output: 150.47 toks/s]
[36m(WorkerDict pid=3105820)[0m Processed prompts:  56%|█████▋    | 18/32 [18:49<39:44, 170.30s/it, est. speed input: 0.83 toks/s, output: 69.56 toks/s]
[36m(WorkerDict pid=3105818)[0m Processed prompts:  66%|██████▌   | 21/32 [18:50<13:24, 73.15s/it, est. speed input: 1.18 toks/s, output: 101.40 toks/s]
[36m(WorkerDict pid=3105829)[0m Processed prompts:  88%|████████▊ | 28/32 [18:51<01:53, 28.45s/it, est. speed input: 1.21 toks/s, output: 162.11 toks/s]
[36m(WorkerDict pid=3105818)[0m Processed prompts:  69%|██████▉   | 22/32 [19:01<09:04, 54.44s/it, est. speed input: 1.27 toks/s, output: 112.75 toks/s]
[36m(WorkerDict pid=3105829)[0m Processed prompts:  91%|█████████ | 29/32 [19:30<01:34, 31.54s/it, est. speed input: 1.22 toks/s, output: 169.06 toks/s]
[36m(WorkerDict pid=3105818)[0m Processed prompts:  72%|███████▏  | 23/32 [19:36<07:18, 48.68s/it, est. speed input: 1.32 toks/s, output: 121.71 toks/s]
[36m(WorkerDict pid=3105818)[0m Processed prompts:  75%|███████▌  | 24/32 [19:38<04:37, 34.66s/it, est. speed input: 1.42 toks/s, output: 133.84 toks/s]
[36m(WorkerDict pid=3105822)[0m Processed prompts:  53%|█████▎    | 17/32 [19:51<39:26, 157.79s/it, est. speed input: 1.07 toks/s, output: 102.20 toks/s]
[36m(WorkerDict pid=3105818)[0m Processed prompts:  78%|███████▊  | 25/32 [20:14<04:03, 34.83s/it, est. speed input: 1.47 toks/s, output: 142.31 toks/s]
[36m(WorkerDict pid=3105820)[0m Processed prompts:  59%|█████▉    | 19/32 [20:19<31:39, 146.08s/it, est. speed input: 0.85 toks/s, output: 76.79 toks/s]
[36m(WorkerDict pid=3105830)[0m Processed prompts:  94%|█████████▍| 30/32 [20:20<02:00, 60.13s/it, est. speed input: 2.99 toks/s, output: 214.95 toks/s]
[36m(WorkerDict pid=3105829)[0m Processed prompts:  94%|█████████▍| 30/32 [20:22<01:15, 37.67s/it, est. speed input: 1.22 toks/s, output: 174.23 toks/s]
[36m(WorkerDict pid=3105818)[0m Processed prompts:  81%|████████▏ | 26/32 [20:28<02:52, 28.70s/it, est. speed input: 1.54 toks/s, output: 153.00 toks/s]
[36m(WorkerDict pid=3105820)[0m Processed prompts:  62%|██████▎   | 20/32 [20:34<21:19, 106.61s/it, est. speed input: 0.91 toks/s, output: 88.24 toks/s]
[36m(WorkerDict pid=3105820)[0m Processed prompts:  66%|██████▌   | 21/32 [20:45<14:17, 77.95s/it, est. speed input: 0.98 toks/s, output: 99.82 toks/s] 
[36m(WorkerDict pid=3105820)[0m Processed prompts:  69%|██████▉   | 22/32 [21:23<10:58, 65.87s/it, est. speed input: 1.03 toks/s, output: 109.26 toks/s]
[36m(WorkerDict pid=3105829)[0m Processed prompts:  97%|█████████▋| 31/32 [21:24<00:44, 44.98s/it, est. speed input: 1.21 toks/s, output: 178.19 toks/s]
[36m(WorkerDict pid=3105829)[0m [rank12]:E0616 21:56:49.130000 3105829 site-packages/torch/_dynamo/metrics_context.py:105] [0/1] Unexpected exception logging compilation metrics
[36m(WorkerDict pid=3105829)[0m [rank12]:E0616 21:56:49.130000 3105829 site-packages/torch/_dynamo/metrics_context.py:105] [0/1] Traceback (most recent call last):
[36m(WorkerDict pid=3105829)[0m [rank12]:E0616 21:56:49.130000 3105829 site-packages/torch/_dynamo/metrics_context.py:105] [0/1]   File "/usr/local/python3.11.14/lib/python3.11/site-packages/torch/_dynamo/metrics_context.py", line 101, in __exit__
[36m(WorkerDict pid=3105829)[0m [rank12]:E0616 21:56:49.130000 3105829 site-packages/torch/_dynamo/metrics_context.py:105] [0/1]     self._on_exit(
[36m(WorkerDict pid=3105829)[0m [rank12]:E0616 21:56:49.130000 3105829 site-packages/torch/_dynamo/metrics_context.py:105] [0/1]   File "/usr/local/python3.11.14/lib/python3.11/site-packages/torch/_dynamo/utils.py", line 1632, in record_compilation_metrics
[36m(WorkerDict pid=3105829)[0m [rank12]:E0616 21:56:49.130000 3105829 site-packages/torch/_dynamo/metrics_context.py:105] [0/1]     "triton_version": triton.__version__ if has_triton() else "",
[36m(WorkerDict pid=3105829)[0m [rank12]:E0616 21:56:49.130000 3105829 site-packages/torch/_dynamo/metrics_context.py:105] [0/1]                                             ^^^^^^^^^^^^
[36m(WorkerDict pid=3105829)[0m [rank12]:E0616 21:56:49.130000 3105829 site-packages/torch/_dynamo/metrics_context.py:105] [0/1]   File "/usr/local/python3.11.14/lib/python3.11/site-packages/torch/utils/_triton.py", line 159, in has_triton
[36m(WorkerDict pid=3105829)[0m [rank12]:E0616 21:56:49.130000 3105829 site-packages/torch/_dynamo/metrics_context.py:105] [0/1]     return is_device_compatible_with_triton()
[36m(WorkerDict pid=3105829)[0m [rank12]:E0616 21:56:49.130000 3105829 site-packages/torch/_dynamo/metrics_context.py:105] [0/1]            ^^^^^^^^^^^^^^^^^^^^^^^^^^^^^^^^^^
[36m(WorkerDict pid=3105829)[0m [rank12]:E0616 21:56:49.130000 3105829 site-packages/torch/_dynamo/metrics_context.py:105] [0/1]   File "/usr/local/python3.11.14/lib/python3.11/site-packages/torch/utils/_triton.py", line 155, in is_device_compatible_with_triton
[36m(WorkerDict pid=3105829)[0m [rank12]:E0616 21:56:49.130000 3105829 site-packages/torch/_dynamo/metrics_context.py:105] [0/1]     if device_interface.is_available() and extra_check(device_interface):
[36m(WorkerDict pid=3105829)[0m [rank12]:E0616 21:56:49.130000 3105829 site-packages/torch/_dynamo/metrics_context.py:105] [0/1]                                            ^^^^^^^^^^^^^^^^^^^^^^^^^^^^^
[36m(WorkerDict pid=3105829)[0m [rank12]:E0616 21:56:49.130000 3105829 site-packages/torch/_dynamo/metrics_context.py:105] [0/1]   File "/usr/local/python3.11.14/lib/python3.11/site-packages/torch/utils/_triton.py", line 135, in cuda_extra_check
[36m(WorkerDict pid=3105829)[0m [rank12]:E0616 21:56:49.130000 3105829 site-packages/torch/_dynamo/metrics_context.py:105] [0/1]     return device_interface.Worker.get_device_properties().major >= 7
[36m(WorkerDict pid=3105829)[0m [rank12]:E0616 21:56:49.130000 3105829 site-packages/torch/_dynamo/metrics_context.py:105] [0/1]            ^^^^^^^^^^^^^^^^^^^^^^^^^^^^^^^^^^^^^^^^^^^^^^^^^^^^^^^^^^
[36m(WorkerDict pid=3105829)[0m [rank12]:E0616 21:56:49.130000 3105829 site-packages/torch/_dynamo/metrics_context.py:105] [0/1] TypeError: '>=' not supported between instances of 'NoneType' and 'int'
[36m(WorkerDict pid=3105828)[0m Processed prompts: 100%|██████████| 32/32 [21:45<00:00, 69.33s/it, est. speed input: 2.89 toks/s, output: 232.76 toks/s]Processed prompts: 100%|██████████| 32/32 [21:45<00:00, 69.33s/it, est. speed input: 2.89 toks/s, output: 232.76 toks/s]
[36m(WorkerDict pid=3105820)[0m Processed prompts:  72%|███████▏  | 23/32 [21:51<08:12, 54.69s/it, est. speed input: 1.07 toks/s, output: 119.26 toks/s]
[36m(WorkerDict pid=3105820)[0m Processed prompts:  75%|███████▌  | 24/32 [22:01<05:30, 41.35s/it, est. speed input: 1.14 toks/s, output: 130.73 toks/s]Processed prompts: 100%|██████████| 32/32 [22:01<00:00, 41.35s/it, est. speed input: 1.71 toks/s, output: 229.89 toks/s]
[36m(WorkerDict pid=3105822)[0m Processed prompts:  56%|█████▋    | 18/32 [22:02<34:56, 149.77s/it, est. speed input: 1.01 toks/s, output: 104.46 toks/s]Processed prompts: 100%|██████████| 32/32 [22:02<00:00, 149.77s/it, est. speed input: 1.66 toks/s, output: 277.90 toks/s]
[36m(WorkerDict pid=3105830)[0m Processed prompts:  97%|█████████▋| 31/32 [22:02<01:12, 72.48s/it, est. speed input: 2.87 toks/s, output: 210.87 toks/s]Processed prompts: 100%|██████████| 32/32 [22:02<00:00, 72.48s/it, est. speed input: 2.98 toks/s, output: 223.27 toks/s]
[36m(WorkerDict pid=3105829)[0m Processed prompts: 100%|██████████| 32/32 [22:01<00:00, 42.69s/it, est. speed input: 1.22 toks/s, output: 185.55 toks/s]Processed prompts: 100%|██████████| 32/32 [22:01<00:00, 42.69s/it, est. speed input: 1.22 toks/s, output: 185.55 toks/s]
[36m(WorkerDict pid=3105820)[0m Processed prompts: 100%|██████████| 32/32 [22:01<00:00, 41.31s/it, est. speed input: 1.71 toks/s, output: 229.89 toks/s]
[36m(WorkerDict pid=3105818)[0m Processed prompts:  84%|████████▍ | 27/32 [22:01<03:59, 47.95s/it, est. speed input: 1.52 toks/s, output: 154.65 toks/s]Processed prompts: 100%|██████████| 32/32 [22:01<00:00, 47.95s/it, est. speed input: 1.95 toks/s, output: 216.64 toks/s]Processed prompts: 100%|██████████| 32/32 [22:01<00:00, 41.29s/it, est. speed input: 1.95 toks/s, output: 216.64 toks/s]
[36m(WorkerDict pid=3105816)[0m Processed prompts: 100%|██████████| 32/32 [22:01<00:00, 41.29s/it, est. speed input: 2.06 toks/s, output: 178.89 toks/s]
[36m(WorkerDict pid=3105822)[0m Processed prompts: 100%|██████████| 32/32 [22:02<00:00, 41.33s/it, est. speed input: 1.66 toks/s, output: 277.90 toks/s] 
[36m(WorkerDict pid=3105824)[0m Processed prompts: 100%|██████████| 32/32 [22:02<00:00, 41.33s/it, est. speed input: 1.23 toks/s, output: 344.80 toks/s]
[36m(WorkerDict pid=3105830)[0m Processed prompts: 100%|██████████| 32/32 [22:02<00:00, 41.31s/it, est. speed input: 2.98 toks/s, output: 223.27 toks/s]
[36m(WorkerDict pid=3105829)[0m Processed prompts: 100%|██████████| 32/32 [22:01<00:00, 41.31s/it, est. speed input: 1.22 toks/s, output: 185.55 toks/s]
[36m(WorkerDict pid=3105828)[0m Processed prompts: 100%|██████████| 32/32 [22:02<00:00, 41.33s/it, est. speed input: 2.89 toks/s, output: 232.76 toks/s]
[36m(WorkerDict pid=3105815)[0m [rank0]:[W616 21:59:21.559370260 compiler_depend.ts:67] Warning: c10d::broadcast_: an autograd kernel was not registered to the Autograd key(s) but we are trying to backprop through it. This may lead to silently incorrect behavior. This behavior is deprecated and will be removed in a future version of PyTorch. If your operator is differentiable, please ensure you have registered an autograd kernel to the correct Autograd key (e.g. DispatchKey::Autograd, DispatchKey::CompositeImplicitAutograd). If your operator is not differentiable, or to squash this warning and use the previous behavior, please register torch::CppFunction::makeFallthrough() to DispatchKey::Autograd. (function operator())
[36m(TaskRunner pid=3104355)[0m Training Progress:  20%|██        | 1/5 [26:00<1:44:03, 1560.92s/it]
[36m(WorkerDict pid=3105817)[0m Adding requests:   0%|          | 0/32 [00:00<?, ?it/s]Adding requests: 100%|██████████| 32/32 [00:00<00:00, 12724.47it/s]
[36m(WorkerDict pid=3105817)[0m Processed prompts:   0%|          | 0/32 [00:00<?, ?it/s, est. speed input: 0.00 toks/s, output: 0.00 toks/s]
[36m(WorkerDict pid=3105816)[0m Adding requests:   0%|          | 0/32 [00:00<?, ?it/s]Adding requests: 100%|██████████| 32/32 [00:00<00:00, 12276.39it/s]
[36m(WorkerDict pid=3105816)[0m Processed prompts:   0%|          | 0/32 [00:00<?, ?it/s, est. speed input: 0.00 toks/s, output: 0.00 toks/s]
[36m(WorkerDict pid=3105819)[0m Adding requests:   0%|          | 0/32 [00:00<?, ?it/s]Adding requests: 100%|██████████| 32/32 [00:00<00:00, 11997.65it/s]
[36m(WorkerDict pid=3105819)[0m Processed prompts:   0%|          | 0/32 [00:00<?, ?it/s, est. speed input: 0.00 toks/s, output: 0.00 toks/s]
[36m(WorkerDict pid=3105822)[0m Adding requests:   0%|          | 0/32 [00:00<?, ?it/s]Adding requests: 100%|██████████| 32/32 [00:00<00:00, 12013.76it/s]
[36m(WorkerDict pid=3105822)[0m Processed prompts:   0%|          | 0/32 [00:00<?, ?it/s, est. speed input: 0.00 toks/s, output: 0.00 toks/s]
[36m(WorkerDict pid=3105824)[0m Adding requests:   0%|          | 0/32 [00:00<?, ?it/s]Adding requests: 100%|██████████| 32/32 [00:00<00:00, 12393.14it/s]
[36m(WorkerDict pid=3105824)[0m Processed prompts:   0%|          | 0/32 [00:00<?, ?it/s, est. speed input: 0.00 toks/s, output: 0.00 toks/s]
[36m(WorkerDict pid=3105820)[0m Adding requests:   0%|          | 0/32 [00:00<?, ?it/s]Adding requests: 100%|██████████| 32/32 [00:00<00:00, 12093.87it/s]
[36m(WorkerDict pid=3105820)[0m Processed prompts:   0%|          | 0/32 [00:00<?, ?it/s, est. speed input: 0.00 toks/s, output: 0.00 toks/s]
[36m(WorkerDict pid=3105815)[0m Adding requests:   0%|          | 0/32 [00:00<?, ?it/s]Adding requests: 100%|██████████| 32/32 [00:00<00:00, 11593.48it/s]
[36m(WorkerDict pid=3105815)[0m Processed prompts:   0%|          | 0/32 [00:00<?, ?it/s, est. speed input: 0.00 toks/s, output: 0.00 toks/s]
[36m(WorkerDict pid=3105828)[0m Adding requests:   0%|          | 0/32 [00:00<?, ?it/s]Adding requests: 100%|██████████| 32/32 [00:00<00:00, 12454.09it/s]
[36m(WorkerDict pid=3105828)[0m Processed prompts:   0%|          | 0/32 [00:00<?, ?it/s, est. speed input: 0.00 toks/s, output: 0.00 toks/s]
[36m(WorkerDict pid=3105826)[0m Adding requests:   0%|          | 0/32 [00:00<?, ?it/s]Adding requests: 100%|██████████| 32/32 [00:00<00:00, 12523.82it/s]
[36m(WorkerDict pid=3105826)[0m Processed prompts:   0%|          | 0/32 [00:00<?, ?it/s, est. speed input: 0.00 toks/s, output: 0.00 toks/s]
[36m(WorkerDict pid=3105827)[0m Adding requests:   0%|          | 0/32 [00:00<?, ?it/s]Adding requests: 100%|██████████| 32/32 [00:00<00:00, 12831.52it/s]
[36m(WorkerDict pid=3105827)[0m Processed prompts:   0%|          | 0/32 [00:00<?, ?it/s, est. speed input: 0.00 toks/s, output: 0.00 toks/s]
[36m(WorkerDict pid=3105821)[0m Adding requests:   0%|          | 0/32 [00:00<?, ?it/s]Adding requests: 100%|██████████| 32/32 [00:00<00:00, 12276.39it/s]
[36m(WorkerDict pid=3105821)[0m Processed prompts:   0%|          | 0/32 [00:00<?, ?it/s, est. speed input: 0.00 toks/s, output: 0.00 toks/s]
[36m(WorkerDict pid=3105823)[0m Adding requests:   0%|          | 0/32 [00:00<?, ?it/s]Adding requests: 100%|██████████| 32/32 [00:00<00:00, 12745.01it/s]
[36m(WorkerDict pid=3105823)[0m Processed prompts:   0%|          | 0/32 [00:00<?, ?it/s, est. speed input: 0.00 toks/s, output: 0.00 toks/s]
[36m(WorkerDict pid=3105829)[0m Adding requests:   0%|          | 0/32 [00:00<?, ?it/s]Adding requests: 100%|██████████| 32/32 [00:00<00:00, 12638.20it/s]
[36m(WorkerDict pid=3105829)[0m Processed prompts:   0%|          | 0/32 [00:00<?, ?it/s, est. speed input: 0.00 toks/s, output: 0.00 toks/s]
[36m(WorkerDict pid=3105818)[0m Adding requests:   0%|          | 0/32 [00:00<?, ?it/s]Adding requests: 100%|██████████| 32/32 [00:00<00:00, 11252.32it/s]
[36m(WorkerDict pid=3105818)[0m Processed prompts:   0%|          | 0/32 [00:00<?, ?it/s, est. speed input: 0.00 toks/s, output: 0.00 toks/s]
[36m(WorkerDict pid=3105825)[0m Adding requests:   0%|          | 0/32 [00:00<?, ?it/s]Adding requests: 100%|██████████| 32/32 [00:00<00:00, 11531.72it/s]
[36m(WorkerDict pid=3105825)[0m Processed prompts:   0%|          | 0/32 [00:00<?, ?it/s, est. speed input: 0.00 toks/s, output: 0.00 toks/s]
[36m(WorkerDict pid=3105830)[0m Adding requests:   0%|          | 0/32 [00:00<?, ?it/s]Adding requests: 100%|██████████| 32/32 [00:00<00:00, 12465.66it/s]
[36m(WorkerDict pid=3105830)[0m Processed prompts:   0%|          | 0/32 [00:00<?, ?it/s, est. speed input: 0.00 toks/s, output: 0.00 toks/s]
[36m(WorkerDict pid=3105817)[0m Processed prompts:   3%|▎         | 1/32 [01:18<40:36, 78.60s/it, est. speed input: 0.93 toks/s, output: 11.16 toks/s]
[36m(WorkerDict pid=3105817)[0m Processed prompts:   6%|▋         | 2/32 [01:20<16:45, 33.53s/it, est. speed input: 1.81 toks/s, output: 22.08 toks/s]
[36m(WorkerDict pid=3105817)[0m Processed prompts:   9%|▉         | 3/32 [01:23<09:27, 19.57s/it, est. speed input: 2.62 toks/s, output: 32.51 toks/s]
[36m(WorkerDict pid=3105817)[0m Processed prompts:  12%|█▎        | 4/32 [01:27<06:15, 13.41s/it, est. speed input: 3.34 toks/s, output: 42.29 toks/s]
[36m(WorkerDict pid=3105817)[0m Processed prompts:  16%|█▌        | 5/32 [01:29<04:09,  9.23s/it, est. speed input: 4.09 toks/s, output: 52.71 toks/s]
[36m(WorkerDict pid=3105817)[0m Processed prompts:  19%|█▉        | 6/32 [01:30<02:51,  6.58s/it, est. speed input: 4.83 toks/s, output: 63.17 toks/s]
[36m(WorkerDict pid=3105817)[0m Processed prompts:  22%|██▏       | 7/32 [01:32<02:06,  5.08s/it, est. speed input: 5.51 toks/s, output: 73.13 toks/s]
[36m(WorkerDict pid=3105817)[0m Processed prompts:  25%|██▌       | 8/32 [01:33<01:31,  3.81s/it, est. speed input: 6.22 toks/s, output: 83.60 toks/s]
[36m(WorkerDict pid=3105817)[0m Processed prompts:  31%|███▏      | 10/32 [01:34<00:45,  2.09s/it, est. speed input: 7.75 toks/s, output: 105.85 toks/s]
[36m(WorkerDict pid=3105817)[0m Processed prompts:  34%|███▍      | 11/32 [01:34<00:33,  1.60s/it, est. speed input: 8.51 toks/s, output: 116.97 toks/s]
[36m(WorkerDict pid=3105817)[0m Processed prompts:  38%|███▊      | 12/32 [01:38<00:44,  2.25s/it, est. speed input: 8.90 toks/s, output: 123.54 toks/s]
[36m(WorkerDict pid=3105817)[0m Processed prompts:  41%|████      | 13/32 [01:43<00:57,  3.04s/it, est. speed input: 9.16 toks/s, output: 128.84 toks/s]
[36m(WorkerDict pid=3105817)[0m Processed prompts:  44%|████▍     | 14/32 [01:44<00:42,  2.36s/it, est. speed input: 9.81 toks/s, output: 139.46 toks/s]
[36m(WorkerDict pid=3105817)[0m Processed prompts:  47%|████▋     | 15/32 [01:44<00:32,  1.90s/it, est. speed input: 10.43 toks/s, output: 149.89 toks/s]
[36m(WorkerDict pid=3105817)[0m Processed prompts:  50%|█████     | 16/32 [01:45<00:23,  1.50s/it, est. speed input: 11.07 toks/s, output: 160.58 toks/s]
[36m(WorkerDict pid=3105828)[0m Processed prompts:   3%|▎         | 1/32 [01:47<55:27, 107.35s/it, est. speed input: 0.85 toks/s, output: 11.52 toks/s]
[36m(WorkerDict pid=3105828)[0m Processed prompts:   6%|▋         | 2/32 [01:51<23:26, 46.90s/it, est. speed input: 1.63 toks/s, output: 22.58 toks/s] 
[36m(WorkerDict pid=3105828)[0m Processed prompts:   9%|▉         | 3/32 [01:57<13:34, 28.08s/it, est. speed input: 2.32 toks/s, output: 33.03 toks/s]
[36m(WorkerDict pid=3105816)[0m Processed prompts:   3%|▎         | 1/32 [01:59<1:01:45, 119.54s/it, est. speed input: 0.52 toks/s, output: 11.47 toks/s]
[36m(WorkerDict pid=3105828)[0m Processed prompts:  12%|█▎        | 4/32 [02:06<09:35, 20.55s/it, est. speed input: 2.87 toks/s, output: 42.24 toks/s]
[36m(WorkerDict pid=3105816)[0m Processed prompts:   6%|▋         | 2/32 [02:14<28:55, 57.86s/it, est. speed input: 0.92 toks/s, output: 21.73 toks/s]   
[36m(WorkerDict pid=3105824)[0m Processed prompts:   3%|▎         | 1/32 [02:16<1:10:34, 136.59s/it, est. speed input: 0.46 toks/s, output: 11.58 toks/s]
[36m(WorkerDict pid=3105824)[0m Processed prompts:   6%|▋         | 2/32 [02:17<28:26, 56.90s/it, est. speed input: 0.92 toks/s, output: 23.06 toks/s]   
[36m(WorkerDict pid=3105828)[0m Processed prompts:  16%|█▌        | 5/32 [02:18<07:46, 17.26s/it, est. speed input: 3.30 toks/s, output: 50.34 toks/s]
[36m(WorkerDict pid=3105828)[0m Processed prompts:  19%|█▉        | 6/32 [02:18<04:58, 11.48s/it, est. speed input: 3.95 toks/s, output: 61.85 toks/s]
[36m(WorkerDict pid=3105824)[0m Processed prompts:   9%|▉         | 3/32 [02:18<15:09, 31.37s/it, est. speed input: 1.36 toks/s, output: 34.47 toks/s]
[36m(WorkerDict pid=3105828)[0m Processed prompts:  22%|██▏       | 7/32 [02:19<03:19,  7.98s/it, est. speed input: 4.58 toks/s, output: 73.10 toks/s]
[36m(WorkerDict pid=3105816)[0m Processed prompts:   9%|▉         | 3/32 [02:20<16:30, 34.15s/it, est. speed input: 1.33 toks/s, output: 32.35 toks/s]
[36m(WorkerDict pid=3105816)[0m Processed prompts:  12%|█▎        | 4/32 [02:20<09:45, 20.90s/it, est. speed input: 1.76 toks/s, output: 43.75 toks/s]
[36m(WorkerDict pid=3105828)[0m Processed prompts:  25%|██▌       | 8/32 [02:20<02:21,  5.90s/it, est. speed input: 5.18 toks/s, output: 83.94 toks/s]
[36m(WorkerDict pid=3105816)[0m Processed prompts:  16%|█▌        | 5/32 [02:21<06:09, 13.68s/it, est. speed input: 2.19 toks/s, output: 55.02 toks/s]
[36m(WorkerDict pid=3105816)[0m Processed prompts:  19%|█▉        | 6/32 [02:23<04:13,  9.75s/it, est. speed input: 2.59 toks/s, output: 65.75 toks/s]
[36m(WorkerDict pid=3105824)[0m Processed prompts:  12%|█▎        | 4/32 [02:23<09:41, 20.78s/it, est. speed input: 1.76 toks/s, output: 44.97 toks/s]
[36m(WorkerDict pid=3105828)[0m Processed prompts:  28%|██▊       | 9/32 [02:23<01:54,  4.98s/it, est. speed input: 5.71 toks/s, output: 93.83 toks/s]
[36m(WorkerDict pid=3105816)[0m Processed prompts:  22%|██▏       | 7/32 [02:24<02:53,  6.92s/it, est. speed input: 3.00 toks/s, output: 76.82 toks/s]
[36m(WorkerDict pid=3105828)[0m Processed prompts:  31%|███▏      | 10/32 [02:24<01:23,  3.79s/it, est. speed input: 6.29 toks/s, output: 104.73 toks/s]
[36m(WorkerDict pid=3105824)[0m Processed prompts:  16%|█▌        | 5/32 [02:25<06:19, 14.06s/it, est. speed input: 2.17 toks/s, output: 55.92 toks/s]
[36m(WorkerDict pid=3105828)[0m Processed prompts:  34%|███▍      | 11/32 [02:26<01:05,  3.10s/it, est. speed input: 6.85 toks/s, output: 115.26 toks/s]
[36m(WorkerDict pid=3105828)[0m Processed prompts:  38%|███▊      | 12/32 [02:27<00:51,  2.57s/it, est. speed input: 7.40 toks/s, output: 125.84 toks/s]
[36m(WorkerDict pid=3105827)[0m Processed prompts:   3%|▎         | 1/32 [02:28<1:16:47, 148.63s/it, est. speed input: 0.43 toks/s, output: 11.64 toks/s]
[36m(WorkerDict pid=3105816)[0m Processed prompts:  25%|██▌       | 8/32 [02:29<02:31,  6.31s/it, est. speed input: 3.31 toks/s, output: 85.83 toks/s]
[36m(WorkerDict pid=3105824)[0m Processed prompts:  19%|█▉        | 6/32 [02:30<04:42, 10.85s/it, est. speed input: 2.52 toks/s, output: 65.81 toks/s]
[36m(WorkerDict pid=3105816)[0m Processed prompts:  28%|██▊       | 9/32 [02:30<01:45,  4.57s/it, est. speed input: 3.71 toks/s, output: 96.98 toks/s]
[36m(WorkerDict pid=3105827)[0m Processed prompts:   6%|▋         | 2/32 [02:30<31:05, 62.18s/it, est. speed input: 0.85 toks/s, output: 23.15 toks/s]   
[36m(WorkerDict pid=3105816)[0m Processed prompts:  34%|███▍      | 11/32 [02:31<00:54,  2.61s/it, est. speed input: 4.50 toks/s, output: 119.55 toks/s]
[36m(WorkerDict pid=3105827)[0m Processed prompts:   9%|▉         | 3/32 [02:30<16:25, 33.98s/it, est. speed input: 1.30 toks/s, output: 34.74 toks/s]
[36m(WorkerDict pid=3105824)[0m Processed prompts:  22%|██▏       | 7/32 [02:31<03:15,  7.83s/it, est. speed input: 2.91 toks/s, output: 76.74 toks/s]
[36m(WorkerDict pid=3105824)[0m Processed prompts:  25%|██▌       | 8/32 [02:33<02:20,  5.84s/it, est. speed input: 3.29 toks/s, output: 87.56 toks/s]
[36m(WorkerDict pid=3105824)[0m Processed prompts:  28%|██▊       | 9/32 [02:37<02:03,  5.37s/it, est. speed input: 3.60 toks/s, output: 96.78 toks/s]
[36m(WorkerDict pid=3105824)[0m Processed prompts:  31%|███▏      | 10/32 [02:40<01:39,  4.51s/it, est. speed input: 3.93 toks/s, output: 106.86 toks/s]
[36m(WorkerDict pid=3105824)[0m Processed prompts:  34%|███▍      | 11/32 [02:42<01:18,  3.74s/it, est. speed input: 4.27 toks/s, output: 117.18 toks/s]
[36m(WorkerDict pid=3105824)[0m Processed prompts:  38%|███▊      | 12/32 [02:43<00:58,  2.95s/it, est. speed input: 4.63 toks/s, output: 128.01 toks/s]
[36m(WorkerDict pid=3105816)[0m Processed prompts:  38%|███▊      | 12/32 [02:45<01:49,  5.47s/it, est. speed input: 4.50 toks/s, output: 121.09 toks/s]
[36m(WorkerDict pid=3105824)[0m Processed prompts:  41%|████      | 13/32 [02:45<00:54,  2.84s/it, est. speed input: 4.94 toks/s, output: 137.65 toks/s]
[36m(WorkerDict pid=3105827)[0m Processed prompts:  12%|█▎        | 4/32 [02:45<12:20, 26.46s/it, est. speed input: 1.57 toks/s, output: 43.27 toks/s]
[36m(WorkerDict pid=3105816)[0m Processed prompts:  41%|████      | 13/32 [02:49<01:34,  4.99s/it, est. speed input: 4.77 toks/s, output: 130.09 toks/s]
[36m(WorkerDict pid=3105827)[0m Processed prompts:  16%|█▌        | 5/32 [02:49<08:10, 18.18s/it, est. speed input: 1.94 toks/s, output: 54.06 toks/s]
[36m(WorkerDict pid=3105827)[0m Processed prompts:  19%|█▉        | 6/32 [02:50<05:21, 12.38s/it, est. speed input: 2.33 toks/s, output: 65.40 toks/s]
[36m(WorkerDict pid=3105828)[0m Processed prompts:  41%|████      | 13/32 [02:51<02:51,  9.05s/it, est. speed input: 6.90 toks/s, output: 119.94 toks/s]
[36m(WorkerDict pid=3105816)[0m Processed prompts:  44%|████▍     | 14/32 [02:53<01:28,  4.90s/it, est. speed input: 5.00 toks/s, output: 138.25 toks/s]
[36m(WorkerDict pid=3105816)[0m Processed prompts:  47%|████▋     | 15/32 [02:53<01:01,  3.59s/it, est. speed input: 5.35 toks/s, output: 149.69 toks/s]
[36m(WorkerDict pid=3105828)[0m Processed prompts:  44%|████▍     | 14/32 [02:53<02:03,  6.84s/it, est. speed input: 7.36 toks/s, output: 130.43 toks/s]
[36m(WorkerDict pid=3105827)[0m Processed prompts:  22%|██▏       | 7/32 [02:54<04:02,  9.71s/it, est. speed input: 2.64 toks/s, output: 75.51 toks/s]
[36m(WorkerDict pid=3105827)[0m Processed prompts:  25%|██▌       | 8/32 [02:54<02:40,  6.68s/it, est. speed input: 3.02 toks/s, output: 87.13 toks/s]
[36m(WorkerDict pid=3105816)[0m Processed prompts:  50%|█████     | 16/32 [03:01<01:17,  4.86s/it, est. speed input: 5.45 toks/s, output: 154.74 toks/s]
[36m(WorkerDict pid=3105824)[0m Processed prompts:  44%|████▍     | 14/32 [03:05<02:21,  7.85s/it, est. speed input: 4.76 toks/s, output: 134.93 toks/s]
[36m(WorkerDict pid=3105824)[0m Processed prompts:  47%|████▋     | 15/32 [03:05<01:36,  5.69s/it, est. speed input: 5.08 toks/s, output: 146.15 toks/s]
[36m(WorkerDict pid=3105823)[0m Processed prompts:   3%|▎         | 1/32 [03:05<1:36:01, 185.84s/it, est. speed input: 0.19 toks/s, output: 11.74 toks/s]
[36m(WorkerDict pid=3105819)[0m Processed prompts:   3%|▎         | 1/32 [03:08<1:37:34, 188.86s/it, est. speed input: 0.29 toks/s, output: 11.69 toks/s]
[36m(WorkerDict pid=3105830)[0m Processed prompts:   3%|▎         | 1/32 [03:09<1:38:01, 189.74s/it, est. speed input: 0.29 toks/s, output: 11.78 toks/s]
[36m(WorkerDict pid=3105823)[0m Processed prompts:   6%|▋         | 2/32 [03:10<39:36, 79.23s/it, est. speed input: 0.38 toks/s, output: 23.21 toks/s]   
[36m(WorkerDict pid=3105819)[0m Processed prompts:   6%|▋         | 2/32 [03:11<39:38, 79.29s/it, est. speed input: 0.57 toks/s, output: 23.23 toks/s]   
[36m(WorkerDict pid=3105827)[0m Processed prompts:  28%|██▊       | 9/32 [03:11<03:46,  9.87s/it, est. speed input: 3.09 toks/s, output: 91.19 toks/s]
[36m(WorkerDict pid=3105823)[0m Processed prompts:   9%|▉         | 3/32 [03:13<21:26, 44.34s/it, est. speed input: 0.56 toks/s, output: 34.63 toks/s]
[36m(WorkerDict pid=3105830)[0m Processed prompts:   6%|▋         | 2/32 [03:12<40:01, 80.05s/it, est. speed input: 0.57 toks/s, output: 23.37 toks/s]   
[36m(WorkerDict pid=3105827)[0m Processed prompts:  31%|███▏      | 10/32 [03:14<02:47,  7.61s/it, est. speed input: 3.40 toks/s, output: 101.74 toks/s]
[36m(WorkerDict pid=3105828)[0m Processed prompts:  47%|████▋     | 15/32 [03:14<03:09, 11.15s/it, est. speed input: 7.02 toks/s, output: 127.98 toks/s]
[36m(WorkerDict pid=3105827)[0m Processed prompts:  34%|███▍      | 11/32 [03:16<02:05,  5.96s/it, est. speed input: 3.71 toks/s, output: 112.34 toks/s]
[36m(WorkerDict pid=3105827)[0m Processed prompts:  38%|███▊      | 12/32 [03:17<01:28,  4.43s/it, est. speed input: 4.04 toks/s, output: 123.55 toks/s]
[36m(WorkerDict pid=3105823)[0m Processed prompts:  12%|█▎        | 4/32 [03:17<13:17, 28.48s/it, est. speed input: 0.73 toks/s, output: 45.66 toks/s]
[36m(WorkerDict pid=3105827)[0m Processed prompts:  41%|████      | 13/32 [03:19<01:10,  3.68s/it, est. speed input: 4.34 toks/s, output: 134.07 toks/s]
[36m(WorkerDict pid=3105819)[0m Processed prompts:   9%|▉         | 3/32 [03:20<22:53, 47.37s/it, est. speed input: 0.82 toks/s, output: 33.85 toks/s]
[36m(WorkerDict pid=3105827)[0m Processed prompts:  44%|████▍     | 14/32 [03:21<01:01,  3.40s/it, est. speed input: 4.62 toks/s, output: 144.00 toks/s]
[36m(WorkerDict pid=3105823)[0m Processed prompts:  16%|█▌        | 5/32 [03:22<08:57, 19.90s/it, est. speed input: 0.89 toks/s, output: 56.36 toks/s]
[36m(WorkerDict pid=3105820)[0m Processed prompts:   3%|▎         | 1/32 [03:24<1:45:34, 204.33s/it, est. speed input: 0.47 toks/s, output: 11.74 toks/s]
[36m(WorkerDict pid=3105830)[0m Processed prompts:   9%|▉         | 3/32 [03:25<23:47, 49.24s/it, est. speed input: 0.80 toks/s, output: 33.73 toks/s]
[36m(WorkerDict pid=3105827)[0m Processed prompts:  47%|████▋     | 15/32 [03:26<01:03,  3.74s/it, est. speed input: 4.82 toks/s, output: 152.60 toks/s]
[36m(WorkerDict pid=3105824)[0m Processed prompts:  50%|█████     | 16/32 [03:27<02:46, 10.41s/it, est. speed input: 4.74 toks/s, output: 142.83 toks/s]
[36m(WorkerDict pid=3105824)[0m Processed prompts:  53%|█████▎    | 17/32 [03:27<01:49,  7.33s/it, est. speed input: 4.91 toks/s, output: 154.46 toks/s]
[36m(WorkerDict pid=3105830)[0m Processed prompts:  12%|█▎        | 4/32 [03:27<14:15, 30.55s/it, est. speed input: 1.06 toks/s, output: 45.22 toks/s]
[36m(WorkerDict pid=3105819)[0m Processed prompts:  12%|█▎        | 4/32 [03:31<15:25, 33.07s/it, est. speed input: 1.04 toks/s, output: 43.79 toks/s]
[36m(WorkerDict pid=3105823)[0m Processed prompts:  19%|█▉        | 6/32 [03:31<07:01, 16.23s/it, est. speed input: 1.02 toks/s, output: 65.70 toks/s]
[36m(WorkerDict pid=3105823)[0m Processed prompts:  22%|██▏       | 7/32 [03:32<04:39, 11.18s/it, est. speed input: 1.19 toks/s, output: 77.23 toks/s]
[36m(WorkerDict pid=3105819)[0m Processed prompts:  16%|█▌        | 5/32 [03:33<09:43, 21.62s/it, est. speed input: 1.32 toks/s, output: 55.25 toks/s]
[36m(WorkerDict pid=3105829)[0m Processed prompts:   3%|▎         | 1/32 [03:32<1:49:58, 212.86s/it, est. speed input: 0.24 toks/s, output: 11.78 toks/s]
[36m(WorkerDict pid=3105830)[0m Processed prompts:  16%|█▌        | 5/32 [03:32<09:38, 21.41s/it, est. speed input: 1.29 toks/s, output: 55.92 toks/s]
[36m(WorkerDict pid=3105824)[0m Processed prompts:  56%|█████▋    | 18/32 [03:34<01:41,  7.23s/it, est. speed input: 4.92 toks/s, output: 161.16 toks/s]
[36m(WorkerDict pid=3105819)[0m Processed prompts:  19%|█▉        | 6/32 [03:35<06:31, 15.05s/it, est. speed input: 1.56 toks/s, output: 66.38 toks/s]
[36m(WorkerDict pid=3105824)[0m Processed prompts:  59%|█████▉    | 19/32 [03:35<01:08,  5.24s/it, est. speed input: 5.20 toks/s, output: 172.45 toks/s]
[36m(WorkerDict pid=3105827)[0m Processed prompts:  50%|█████     | 16/32 [03:37<01:34,  5.91s/it, est. speed input: 4.89 toks/s, output: 156.67 toks/s]
[36m(WorkerDict pid=3105827)[0m Processed prompts:  56%|█████▋    | 18/32 [03:38<00:47,  3.38s/it, est. speed input: 5.46 toks/s, output: 179.53 toks/s]
[36m(WorkerDict pid=3105829)[0m Processed prompts:   6%|▋         | 2/32 [03:39<45:42, 91.41s/it, est. speed input: 0.47 toks/s, output: 23.23 toks/s]   
[36m(WorkerDict pid=3105824)[0m Processed prompts:  62%|██████▎   | 20/32 [03:40<01:01,  5.15s/it, est. speed input: 5.25 toks/s, output: 180.33 toks/s]
[36m(WorkerDict pid=3105824)[0m Processed prompts:  66%|██████▌   | 21/32 [03:40<00:40,  3.65s/it, est. speed input: 5.42 toks/s, output: 191.95 toks/s]
[36m(WorkerDict pid=3105819)[0m Processed prompts:  22%|██▏       | 7/32 [03:41<05:01, 12.05s/it, est. speed input: 1.77 toks/s, output: 76.35 toks/s]
[36m(WorkerDict pid=3105823)[0m Processed prompts:  25%|██▌       | 8/32 [03:41<04:13, 10.54s/it, est. speed input: 1.30 toks/s, output: 85.81 toks/s]
[36m(WorkerDict pid=3105824)[0m Processed prompts:  69%|██████▉   | 22/32 [03:42<00:32,  3.29s/it, est. speed input: 5.52 toks/s, output: 201.61 toks/s]
[36m(WorkerDict pid=3105824)[0m Processed prompts:  72%|███████▏  | 23/32 [03:43<00:22,  2.55s/it, est. speed input: 5.67 toks/s, output: 212.63 toks/s]
[36m(WorkerDict pid=3105819)[0m Processed prompts:  25%|██▌       | 8/32 [03:44<03:41,  9.22s/it, est. speed input: 1.99 toks/s, output: 87.01 toks/s]
[36m(WorkerDict pid=3105824)[0m Processed prompts:  75%|███████▌  | 24/32 [03:44<00:15,  1.98s/it, est. speed input: 5.82 toks/s, output: 223.76 toks/s]
[36m(WorkerDict pid=3105819)[0m Processed prompts:  28%|██▊       | 9/32 [03:45<02:32,  6.63s/it, est. speed input: 2.26 toks/s, output: 98.39 toks/s]
[36m(WorkerDict pid=3105830)[0m Processed prompts:  19%|█▉        | 6/32 [03:44<07:52, 18.19s/it, est. speed input: 1.47 toks/s, output: 64.75 toks/s]
[36m(WorkerDict pid=3105819)[0m Processed prompts:  31%|███▏      | 10/32 [03:46<01:44,  4.77s/it, est. speed input: 2.49 toks/s, output: 109.87 toks/s]
[36m(WorkerDict pid=3105824)[0m Processed prompts:  81%|████████▏ | 26/32 [03:45<00:08,  1.44s/it, est. speed input: 6.10 toks/s, output: 245.60 toks/s]
[36m(WorkerDict pid=3105824)[0m Processed prompts:  84%|████████▍ | 27/32 [03:46<00:06,  1.24s/it, est. speed input: 6.25 toks/s, output: 256.67 toks/s]
[36m(WorkerDict pid=3105827)[0m Processed prompts:  59%|█████▉    | 19/32 [03:46<00:58,  4.51s/it, est. speed input: 5.55 toks/s, output: 185.01 toks/s]
[36m(WorkerDict pid=3105827)[0m Processed prompts:  62%|██████▎   | 20/32 [03:46<00:41,  3.48s/it, est. speed input: 5.84 toks/s, output: 196.32 toks/s]
[36m(WorkerDict pid=3105827)[0m Processed prompts:  66%|██████▌   | 21/32 [03:47<00:30,  2.74s/it, est. speed input: 6.12 toks/s, output: 207.46 toks/s]
[36m(WorkerDict pid=3105819)[0m Processed prompts:  34%|███▍      | 11/32 [03:49<01:31,  4.34s/it, est. speed input: 2.70 toks/s, output: 120.00 toks/s]
[36m(WorkerDict pid=3105827)[0m Processed prompts:  69%|██████▉   | 22/32 [03:49<00:24,  2.44s/it, est. speed input: 6.37 toks/s, output: 217.74 toks/s]
[36m(WorkerDict pid=3105819)[0m Processed prompts:  38%|███▊      | 12/32 [03:50<01:07,  3.39s/it, est. speed input: 2.92 toks/s, output: 131.12 toks/s]
[36m(WorkerDict pid=3105824)[0m Processed prompts:  88%|████████▊ | 28/32 [03:50<00:08,  2.08s/it, est. speed input: 6.29 toks/s, output: 263.48 toks/s]
[36m(WorkerDict pid=3105818)[0m Processed prompts:   3%|▎         | 1/32 [03:50<1:59:00, 230.33s/it, est. speed input: 0.24 toks/s, output: 11.82 toks/s]
[36m(WorkerDict pid=3105824)[0m Processed prompts:  91%|█████████ | 29/32 [03:51<00:05,  1.67s/it, est. speed input: 6.43 toks/s, output: 274.61 toks/s]
[36m(WorkerDict pid=3105824)[0m Processed prompts:  94%|█████████▍| 30/32 [03:52<00:02,  1.43s/it, est. speed input: 6.57 toks/s, output: 285.43 toks/s]
[36m(WorkerDict pid=3105829)[0m Processed prompts:   9%|▉         | 3/32 [03:52<26:55, 55.69s/it, est. speed input: 0.67 toks/s, output: 33.72 toks/s]
[36m(WorkerDict pid=3105823)[0m Processed prompts:  28%|██▊       | 9/32 [03:53<04:14, 11.07s/it, est. speed input: 1.39 toks/s, output: 93.12 toks/s]
[36m(WorkerDict pid=3105827)[0m Processed prompts:  72%|███████▏  | 23/32 [03:59<00:41,  4.59s/it, est. speed input: 6.39 toks/s, output: 220.47 toks/s]
[36m(WorkerDict pid=3105830)[0m Processed prompts:  22%|██▏       | 7/32 [03:58<06:59, 16.79s/it, est. speed input: 1.61 toks/s, output: 72.80 toks/s]
[36m(WorkerDict pid=3105819)[0m Processed prompts:  41%|████      | 13/32 [04:02<01:50,  5.82s/it, est. speed input: 3.01 toks/s, output: 136.71 toks/s]
[36m(WorkerDict pid=3105819)[0m Processed prompts:  44%|████▍     | 14/32 [04:04<01:25,  4.74s/it, est. speed input: 3.21 toks/s, output: 147.22 toks/s]
[36m(WorkerDict pid=3105827)[0m Processed prompts:  75%|███████▌  | 24/32 [04:05<00:39,  4.98s/it, est. speed input: 6.51 toks/s, output: 226.92 toks/s]
[36m(WorkerDict pid=3105818)[0m Processed prompts:   6%|▋         | 2/32 [04:05<51:47, 103.59s/it, est. speed input: 0.46 toks/s, output: 22.94 toks/s]  
[36m(WorkerDict pid=3105823)[0m Processed prompts:  31%|███▏      | 10/32 [04:05<04:11, 11.44s/it, est. speed input: 1.47 toks/s, output: 100.28 toks/s]
[36m(WorkerDict pid=3105824)[0m Processed prompts:  97%|█████████▋| 31/32 [04:06<00:05,  5.16s/it, est. speed input: 6.34 toks/s, output: 280.45 toks/s]
[36m(WorkerDict pid=3105829)[0m Processed prompts:  12%|█▎        | 4/32 [04:08<18:39, 39.99s/it, est. speed input: 0.84 toks/s, output: 43.39 toks/s]
[36m(WorkerDict pid=3105819)[0m Processed prompts:  47%|████▋     | 15/32 [04:11<01:34,  5.58s/it, est. speed input: 3.33 toks/s, output: 154.60 toks/s]
[36m(WorkerDict pid=3105829)[0m Processed prompts:  16%|█▌        | 5/32 [04:10<11:54, 26.46s/it, est. speed input: 1.04 toks/s, output: 54.79 toks/s]
[36m(WorkerDict pid=3105828)[0m Processed prompts:  50%|█████     | 16/32 [04:13<06:48, 25.50s/it, est. speed input: 5.75 toks/s, output: 110.05 toks/s]
[36m(WorkerDict pid=3105830)[0m Processed prompts:  25%|██▌       | 8/32 [04:13<06:25, 16.07s/it, est. speed input: 1.74 toks/s, output: 80.47 toks/s]
[36m(WorkerDict pid=3105827)[0m Processed prompts:  78%|███████▊  | 25/32 [04:14<00:42,  6.13s/it, est. speed input: 6.53 toks/s, output: 230.79 toks/s]
[36m(WorkerDict pid=3105830)[0m Processed prompts:  28%|██▊       | 9/32 [04:16<04:36, 12.00s/it, est. speed input: 1.93 toks/s, output: 91.35 toks/s]
[36m(WorkerDict pid=3105829)[0m Processed prompts:  19%|█▉        | 6/32 [04:16<08:23, 19.35s/it, est. speed input: 1.22 toks/s, output: 65.43 toks/s]
[36m(WorkerDict pid=3105820)[0m Processed prompts:   6%|▋         | 2/32 [04:18<57:56, 115.87s/it, est. speed input: 0.75 toks/s, output: 21.09 toks/s]  
[36m(WorkerDict pid=3105823)[0m Processed prompts:  34%|███▍      | 11/32 [04:18<04:08, 11.84s/it, est. speed input: 1.53 toks/s, output: 107.16 toks/s]
[36m(WorkerDict pid=3105830)[0m Processed prompts:  31%|███▏      | 10/32 [04:18<03:17,  8.96s/it, est. speed input: 2.13 toks/s, output: 102.44 toks/s]
[36m(WorkerDict pid=3105829)[0m Processed prompts:  22%|██▏       | 7/32 [04:18<05:45, 13.80s/it, est. speed input: 1.41 toks/s, output: 76.66 toks/s]
[36m(WorkerDict pid=3105820)[0m Processed prompts:   9%|▉         | 3/32 [04:21<31:09, 64.48s/it, est. speed input: 1.11 toks/s, output: 32.63 toks/s] 
[36m(WorkerDict pid=3105827)[0m Processed prompts:  81%|████████▏ | 26/32 [04:21<00:39,  6.54s/it, est. speed input: 6.59 toks/s, output: 235.95 toks/s]
[36m(WorkerDict pid=3105830)[0m Processed prompts:  34%|███▍      | 11/32 [04:21<02:34,  7.34s/it, est. speed input: 2.50 toks/s, output: 112.85 toks/s]
[36m(WorkerDict pid=3105820)[0m Processed prompts:  12%|█▎        | 4/32 [04:24<18:43, 40.11s/it, est. speed input: 1.47 toks/s, output: 44.10 toks/s]
[36m(WorkerDict pid=3105824)[0m Processed prompts: 100%|██████████| 32/32 [04:25<00:00,  9.23s/it, est. speed input: 6.02 toks/s, output: 272.01 toks/s]Processed prompts: 100%|██████████| 32/32 [04:25<00:00,  9.23s/it, est. speed input: 6.02 toks/s, output: 272.01 toks/s]
[36m(WorkerDict pid=3105823)[0m Processed prompts:  38%|███▊      | 12/32 [04:26<03:31, 10.56s/it, est. speed input: 1.62 toks/s, output: 115.92 toks/s]
[36m(WorkerDict pid=3105820)[0m Processed prompts:  16%|█▌        | 5/32 [04:27<11:58, 26.61s/it, est. speed input: 1.82 toks/s, output: 55.47 toks/s]
[36m(WorkerDict pid=3105819)[0m Processed prompts:  50%|█████     | 16/32 [04:28<02:23,  8.96s/it, est. speed input: 3.33 toks/s, output: 156.73 toks/s]
[36m(WorkerDict pid=3105819)[0m Processed prompts:  53%|█████▎    | 17/32 [04:29<01:36,  6.41s/it, est. speed input: 3.55 toks/s, output: 168.23 toks/s]
[36m(WorkerDict pid=3105829)[0m Processed prompts:  25%|██▌       | 8/32 [04:28<05:02, 12.60s/it, est. speed input: 1.55 toks/s, output: 85.65 toks/s]
[36m(WorkerDict pid=3105830)[0m Processed prompts:  38%|███▊      | 12/32 [04:28<02:24,  7.24s/it, est. speed input: 2.64 toks/s, output: 121.76 toks/s]
[36m(WorkerDict pid=3105829)[0m Processed prompts:  28%|██▊       | 9/32 [04:29<03:27,  9.03s/it, est. speed input: 1.73 toks/s, output: 97.12 toks/s]
[36m(WorkerDict pid=3105823)[0m Processed prompts:  41%|████      | 13/32 [04:31<02:48,  8.88s/it, est. speed input: 1.73 toks/s, output: 125.61 toks/s]
[36m(WorkerDict pid=3105818)[0m Processed prompts:   9%|▉         | 3/32 [04:33<33:27, 69.22s/it, est. speed input: 0.61 toks/s, output: 32.42 toks/s] 
[36m(WorkerDict pid=3105819)[0m Processed prompts:  56%|█████▋    | 18/32 [04:38<01:43,  7.41s/it, est. speed input: 3.62 toks/s, output: 174.18 toks/s]
[36m(WorkerDict pid=3105823)[0m Processed prompts:  44%|████▍     | 14/32 [04:38<02:31,  8.42s/it, est. speed input: 1.81 toks/s, output: 134.13 toks/s]
[36m(WorkerDict pid=3105829)[0m Processed prompts:  31%|███▏      | 10/32 [04:38<03:14,  8.83s/it, est. speed input: 1.87 toks/s, output: 106.04 toks/s]
[36m(WorkerDict pid=3105827)[0m Processed prompts:  84%|████████▍ | 27/32 [04:38<00:48,  9.74s/it, est. speed input: 6.43 toks/s, output: 233.13 toks/s]
[36m(WorkerDict pid=3105818)[0m Processed prompts:  12%|█▎        | 4/32 [04:39<20:35, 44.12s/it, est. speed input: 0.80 toks/s, output: 43.64 toks/s]
[36m(WorkerDict pid=3105818)[0m Processed prompts:  16%|█▌        | 5/32 [04:42<13:16, 29.49s/it, est. speed input: 0.99 toks/s, output: 54.97 toks/s]
[36m(WorkerDict pid=3105819)[0m Processed prompts:  59%|█████▉    | 19/32 [04:45<01:34,  7.23s/it, est. speed input: 3.73 toks/s, output: 181.84 toks/s]
[36m(WorkerDict pid=3105817)[0m Processed prompts:  53%|█████▎    | 17/32 [04:51<13:53, 55.57s/it, est. speed input: 4.21 toks/s, output: 70.01 toks/s]  
[36m(WorkerDict pid=3105820)[0m Processed prompts:  19%|█▉        | 6/32 [04:53<11:28, 26.48s/it, est. speed input: 1.98 toks/s, output: 62.36 toks/s]
[36m(WorkerDict pid=3105830)[0m Processed prompts:  41%|████      | 13/32 [04:52<03:53, 12.29s/it, est. speed input: 2.61 toks/s, output: 123.71 toks/s]
[36m(WorkerDict pid=3105827)[0m Processed prompts:  88%|████████▊ | 28/32 [04:55<00:46, 11.69s/it, est. speed input: 6.29 toks/s, output: 232.13 toks/s]
[36m(WorkerDict pid=3105823)[0m Processed prompts:  47%|████▋     | 15/32 [04:56<03:10, 11.21s/it, est. speed input: 1.83 toks/s, output: 138.01 toks/s]
[36m(WorkerDict pid=3105817)[0m Processed prompts:  56%|█████▋    | 18/32 [05:02<09:53, 42.38s/it, est. speed input: 4.25 toks/s, output: 79.30 toks/s]
[36m(WorkerDict pid=3105823)[0m Processed prompts:  50%|█████     | 16/32 [05:02<02:37,  9.82s/it, est. speed input: 1.92 toks/s, output: 146.86 toks/s]
[36m(WorkerDict pid=3105830)[0m Processed prompts:  44%|████▍     | 14/32 [05:04<03:39, 12.19s/it, est. speed input: 2.85 toks/s, output: 130.73 toks/s]
[36m(WorkerDict pid=3105829)[0m Processed prompts:  34%|███▍      | 11/32 [05:07<05:17, 15.14s/it, est. speed input: 1.86 toks/s, output: 107.78 toks/s]
[36m(WorkerDict pid=3105829)[0m Processed prompts:  38%|███▊      | 12/32 [05:09<03:38, 10.94s/it, est. speed input: 2.02 toks/s, output: 119.20 toks/s]
[36m(WorkerDict pid=3105829)[0m Processed prompts:  41%|████      | 13/32 [05:10<02:29,  7.89s/it, est. speed input: 2.18 toks/s, output: 130.74 toks/s]
[36m(WorkerDict pid=3105823)[0m Processed prompts:  53%|█████▎    | 17/32 [05:11<02:22,  9.50s/it, est. speed input: 1.98 toks/s, output: 154.62 toks/s]
[36m(WorkerDict pid=3105820)[0m Processed prompts:  22%|██▏       | 7/32 [05:12<10:03, 24.14s/it, est. speed input: 2.17 toks/s, output: 70.37 toks/s]
[36m(WorkerDict pid=3105829)[0m Processed prompts:  44%|████▍     | 14/32 [05:12<01:50,  6.14s/it, est. speed input: 2.33 toks/s, output: 141.75 toks/s]
[36m(WorkerDict pid=3105817)[0m Processed prompts:  59%|█████▉    | 19/32 [05:14<07:14, 33.39s/it, est. speed input: 4.27 toks/s, output: 88.08 toks/s]
[36m(WorkerDict pid=3105827)[0m Processed prompts:  91%|█████████ | 29/32 [05:13<00:40, 13.61s/it, est. speed input: 6.13 toks/s, output: 230.56 toks/s]
[36m(WorkerDict pid=3105818)[0m Processed prompts:  19%|█▉        | 6/32 [05:13<12:56, 29.87s/it, est. speed input: 1.07 toks/s, output: 61.50 toks/s]
[36m(WorkerDict pid=3105830)[0m Processed prompts:  47%|████▋     | 15/32 [05:13<03:10, 11.19s/it, est. speed input: 2.95 toks/s, output: 138.95 toks/s]
[36m(WorkerDict pid=3105830)[0m Processed prompts:  50%|█████     | 16/32 [05:15<02:16,  8.51s/it, est. speed input: 3.10 toks/s, output: 149.83 toks/s]
[36m(WorkerDict pid=3105830)[0m Processed prompts:  53%|█████▎    | 17/32 [05:17<01:36,  6.46s/it, est. speed input: 3.42 toks/s, output: 160.95 toks/s]
[36m(WorkerDict pid=3105818)[0m Processed prompts:  22%|██▏       | 7/32 [05:19<09:09, 21.99s/it, est. speed input: 1.23 toks/s, output: 72.29 toks/s]
[36m(WorkerDict pid=3105815)[0m Processed prompts:   3%|▎         | 1/32 [05:22<2:46:27, 322.18s/it, est. speed input: 0.20 toks/s, output: 11.88 toks/s]
[36m(WorkerDict pid=3105819)[0m Processed prompts:  62%|██████▎   | 20/32 [05:23<03:18, 16.52s/it, est. speed input: 3.48 toks/s, output: 172.29 toks/s]
[36m(WorkerDict pid=3105827)[0m Processed prompts:  94%|█████████▍| 30/32 [05:23<00:25, 12.71s/it, est. speed input: 6.12 toks/s, output: 234.91 toks/s]
[36m(WorkerDict pid=3105818)[0m Processed prompts:  25%|██▌       | 8/32 [05:25<06:47, 16.96s/it, est. speed input: 1.38 toks/s, output: 82.83 toks/s]
[36m(WorkerDict pid=3105817)[0m Processed prompts:  62%|██████▎   | 20/32 [05:27<05:27, 27.29s/it, est. speed input: 4.28 toks/s, output: 96.47 toks/s]
[36m(WorkerDict pid=3105820)[0m Processed prompts:  25%|██▌       | 8/32 [05:28<08:37, 21.56s/it, est. speed input: 2.36 toks/s, output: 78.83 toks/s]
[36m(WorkerDict pid=3105815)[0m Processed prompts:   6%|▋         | 2/32 [05:29<1:08:24, 136.80s/it, est. speed input: 0.39 toks/s, output: 23.52 toks/s]
[36m(WorkerDict pid=3105819)[0m Processed prompts:  66%|██████▌   | 21/32 [05:33<02:37, 14.29s/it, est. speed input: 3.57 toks/s, output: 179.46 toks/s]
[36m(WorkerDict pid=3105830)[0m Processed prompts:  56%|█████▋    | 18/32 [05:33<02:09,  9.22s/it, est. speed input: 3.57 toks/s, output: 165.32 toks/s]
[36m(WorkerDict pid=3105829)[0m Processed prompts:  47%|████▋     | 15/32 [05:33<03:02, 10.76s/it, est. speed input: 2.34 toks/s, output: 144.56 toks/s]
[36m(WorkerDict pid=3105819)[0m Processed prompts:  69%|██████▉   | 22/32 [05:35<01:48, 10.86s/it, est. speed input: 3.73 toks/s, output: 189.82 toks/s]
[36m(WorkerDict pid=3105819)[0m Processed prompts:  72%|███████▏  | 23/32 [05:36<01:09,  7.67s/it, est. speed input: 3.91 toks/s, output: 201.58 toks/s]
[36m(WorkerDict pid=3105818)[0m Processed prompts:  28%|██▊       | 9/32 [05:38<06:00, 15.69s/it, est. speed input: 1.49 toks/s, output: 91.61 toks/s]
[36m(WorkerDict pid=3105819)[0m Processed prompts:  75%|███████▌  | 24/32 [05:42<00:59,  7.43s/it, est. speed input: 4.01 toks/s, output: 209.44 toks/s]
[36m(WorkerDict pid=3105817)[0m Processed prompts:  66%|██████▌   | 21/32 [05:44<04:27, 24.29s/it, est. speed input: 4.24 toks/s, output: 103.53 toks/s]
[36m(WorkerDict pid=3105826)[0m Processed prompts:   3%|▎         | 1/32 [05:43<2:57:40, 343.87s/it, est. speed input: 0.15 toks/s, output: 11.92 toks/s]
[36m(WorkerDict pid=3105830)[0m Processed prompts:  59%|█████▉    | 19/32 [05:49<02:27, 11.34s/it, est. speed input: 3.56 toks/s, output: 169.58 toks/s]
[36m(WorkerDict pid=3105829)[0m Processed prompts:  50%|█████     | 16/32 [05:51<03:26, 12.90s/it, est. speed input: 2.37 toks/s, output: 149.15 toks/s]
[36m(WorkerDict pid=3105830)[0m Processed prompts:  62%|██████▎   | 20/32 [05:51<01:42,  8.58s/it, est. speed input: 3.84 toks/s, output: 180.49 toks/s]
[36m(WorkerDict pid=3105820)[0m Processed prompts:  28%|██▊       | 9/32 [05:55<08:53, 23.18s/it, est. speed input: 2.46 toks/s, output: 84.82 toks/s]
[36m(WorkerDict pid=3105819)[0m Processed prompts:  78%|███████▊  | 25/32 [05:57<01:07,  9.63s/it, est. speed input: 4.02 toks/s, output: 212.72 toks/s]
[36m(WorkerDict pid=3105819)[0m Processed prompts:  81%|████████▏ | 26/32 [05:57<00:40,  6.81s/it, est. speed input: 4.19 toks/s, output: 224.49 toks/s]
[36m(WorkerDict pid=3105819)[0m Processed prompts:  84%|████████▍ | 27/32 [05:58<00:24,  4.89s/it, est. speed input: 4.36 toks/s, output: 236.14 toks/s]
[36m(WorkerDict pid=3105830)[0m Processed prompts:  66%|██████▌   | 21/32 [05:58<01:29,  8.11s/it, est. speed input: 4.06 toks/s, output: 188.92 toks/s]
[36m(WorkerDict pid=3105818)[0m Processed prompts:  31%|███▏      | 10/32 [05:59<06:25, 17.54s/it, est. speed input: 1.56 toks/s, output: 98.05 toks/s]
[36m(WorkerDict pid=3105823)[0m Processed prompts:  56%|█████▋    | 18/32 [06:02<05:06, 21.90s/it, est. speed input: 1.80 toks/s, output: 144.90 toks/s]
[36m(WorkerDict pid=3105815)[0m Processed prompts:   9%|▉         | 3/32 [06:03<43:33, 90.13s/it, est. speed input: 0.54 toks/s, output: 33.22 toks/s]   
[36m(WorkerDict pid=3105830)[0m Processed prompts:  69%|██████▉   | 22/32 [06:03<01:10,  7.04s/it, est. speed input: 4.29 toks/s, output: 198.52 toks/s]
[36m(WorkerDict pid=3105830)[0m Processed prompts:  72%|███████▏  | 23/32 [06:04<00:48,  5.38s/it, est. speed input: 4.56 toks/s, output: 209.67 toks/s]
[36m(WorkerDict pid=3105826)[0m Processed prompts:   6%|▋         | 2/32 [06:08<1:18:10, 156.34s/it, est. speed input: 0.27 toks/s, output: 23.05 toks/s]
[36m(WorkerDict pid=3105817)[0m Processed prompts:  69%|██████▉   | 22/32 [06:12<04:13, 25.35s/it, est. speed input: 4.07 toks/s, output: 107.71 toks/s]
[36m(WorkerDict pid=3105819)[0m Processed prompts:  88%|████████▊ | 28/32 [06:15<00:34,  8.62s/it, est. speed input: 4.32 toks/s, output: 237.14 toks/s]
[36m(WorkerDict pid=3105830)[0m Processed prompts:  75%|███████▌  | 24/32 [06:14<00:53,  6.64s/it, est. speed input: 4.73 toks/s, output: 216.23 toks/s]
[36m(WorkerDict pid=3105817)[0m Processed prompts:  72%|███████▏  | 23/32 [06:16<02:51, 19.04s/it, est. speed input: 4.18 toks/s, output: 118.36 toks/s]
[36m(WorkerDict pid=3105817)[0m Processed prompts:  75%|███████▌  | 24/32 [06:16<01:47, 13.39s/it, est. speed input: 4.33 toks/s, output: 130.19 toks/s]
[36m(WorkerDict pid=3105820)[0m Processed prompts:  31%|███▏      | 10/32 [06:16<08:14, 22.49s/it, est. speed input: 2.58 toks/s, output: 92.00 toks/s]
[36m(WorkerDict pid=3105827)[0m Processed prompts:  97%|█████████▋| 31/32 [06:16<00:24, 24.74s/it, est. speed input: 5.43 toks/s, output: 213.82 toks/s]
[36m(WorkerDict pid=3105826)[0m Processed prompts:   9%|▉         | 3/32 [06:18<43:04, 89.11s/it, est. speed input: 0.40 toks/s, output: 34.38 toks/s]   
[36m(WorkerDict pid=3105818)[0m Processed prompts:  34%|███▍      | 11/32 [06:18<06:14, 17.85s/it, est. speed input: 1.63 toks/s, output: 105.15 toks/s]
[36m(WorkerDict pid=3105830)[0m Processed prompts:  78%|███████▊  | 25/32 [06:18<00:41,  5.95s/it, est. speed input: 4.82 toks/s, output: 225.66 toks/s]
[36m(WorkerDict pid=3105815)[0m Processed prompts:  12%|█▎        | 4/32 [06:20<28:31, 61.13s/it, est. speed input: 0.68 toks/s, output: 43.66 toks/s]
[36m(WorkerDict pid=3105819)[0m Processed prompts:  91%|█████████ | 29/32 [06:24<00:26,  8.72s/it, est. speed input: 4.38 toks/s, output: 243.50 toks/s]
[36m(WorkerDict pid=3105816)[0m Processed prompts:  53%|█████▎    | 17/32 [06:28<15:53, 63.58s/it, est. speed input: 2.69 toks/s, output: 84.30 toks/s] 
[36m(WorkerDict pid=3105830)[0m Processed prompts:  81%|████████▏ | 26/32 [06:28<00:42,  7.05s/it, est. speed input: 4.97 toks/s, output: 231.99 toks/s]
[36m(WorkerDict pid=3105817)[0m Processed prompts:  78%|███████▊  | 25/32 [06:30<01:33, 13.42s/it, est. speed input: 4.33 toks/s, output: 137.55 toks/s]
[36m(WorkerDict pid=3105817)[0m Processed prompts:  81%|████████▏ | 26/32 [06:30<00:56,  9.48s/it, est. speed input: 4.48 toks/s, output: 149.34 toks/s]
[36m(WorkerDict pid=3105826)[0m Processed prompts:  12%|█▎        | 4/32 [06:30<27:27, 58.83s/it, est. speed input: 0.51 toks/s, output: 45.19 toks/s]
[36m(WorkerDict pid=3105819)[0m Processed prompts:  94%|█████████▍| 30/32 [06:32<00:16,  8.43s/it, est. speed input: 4.45 toks/s, output: 250.56 toks/s]
[36m(WorkerDict pid=3105830)[0m Processed prompts:  84%|████████▍ | 27/32 [06:31<00:29,  5.83s/it, est. speed input: 5.20 toks/s, output: 242.15 toks/s]
[36m(WorkerDict pid=3105826)[0m Processed prompts:  16%|█▌        | 5/32 [06:32<17:12, 38.23s/it, est. speed input: 0.64 toks/s, output: 56.90 toks/s]
[36m(WorkerDict pid=3105817)[0m Processed prompts:  84%|████████▍ | 27/32 [06:33<00:38,  7.64s/it, est. speed input: 4.59 toks/s, output: 159.94 toks/s]
[36m(WorkerDict pid=3105819)[0m Processed prompts:  97%|█████████▋| 31/32 [06:38<00:07,  7.65s/it, est. speed input: 4.54 toks/s, output: 258.79 toks/s]
[36m(WorkerDict pid=3105820)[0m Processed prompts:  34%|███▍      | 11/32 [06:39<07:58, 22.76s/it, est. speed input: 2.67 toks/s, output: 98.53 toks/s]
[36m(WorkerDict pid=3105830)[0m Processed prompts:  88%|████████▊ | 28/32 [06:39<00:25,  6.45s/it, est. speed input: 5.36 toks/s, output: 249.29 toks/s]
[36m(WorkerDict pid=3105819)[0m Processed prompts: 100%|██████████| 32/32 [06:41<00:00,  6.30s/it, est. speed input: 4.66 toks/s, output: 268.65 toks/s]Processed prompts: 100%|██████████| 32/32 [06:41<00:00,  6.30s/it, est. speed input: 4.66 toks/s, output: 268.65 toks/s]
[36m(WorkerDict pid=3105830)[0m Processed prompts:  91%|█████████ | 29/32 [06:40<00:15,  5.01s/it, est. speed input: 5.60 toks/s, output: 260.20 toks/s]
[36m(WorkerDict pid=3105823)[0m Processed prompts:  59%|█████▉    | 19/32 [06:41<05:54, 27.27s/it, est. speed input: 1.72 toks/s, output: 142.49 toks/s]
[36m(WorkerDict pid=3105815)[0m Processed prompts:  16%|█▌        | 5/32 [06:43<21:18, 47.36s/it, est. speed input: 0.81 toks/s, output: 53.10 toks/s]
[36m(WorkerDict pid=3105817)[0m Processed prompts:  88%|████████▊ | 28/32 [06:44<00:34,  8.68s/it, est. speed input: 4.61 toks/s, output: 167.45 toks/s]
[36m(WorkerDict pid=3105817)[0m Processed prompts:  91%|█████████ | 29/32 [06:46<00:19,  6.57s/it, est. speed input: 4.73 toks/s, output: 178.68 toks/s]
[36m(WorkerDict pid=3105820)[0m Processed prompts:  38%|███▊      | 12/32 [06:48<06:08, 18.44s/it, est. speed input: 2.85 toks/s, output: 108.39 toks/s]
[36m(WorkerDict pid=3105818)[0m Processed prompts:  38%|███▊      | 12/32 [06:48<07:11, 21.55s/it, est. speed input: 1.65 toks/s, output: 109.37 toks/s]
[36m(WorkerDict pid=3105815)[0m Processed prompts:  19%|█▉        | 6/32 [06:49<14:27, 33.37s/it, est. speed input: 0.95 toks/s, output: 64.22 toks/s]
[36m(WorkerDict pid=3105826)[0m Processed prompts:  19%|█▉        | 6/32 [06:53<14:05, 32.53s/it, est. speed input: 0.73 toks/s, output: 65.85 toks/s]
[36m(WorkerDict pid=3105815)[0m Processed prompts:  22%|██▏       | 7/32 [06:53<09:55, 23.83s/it, est. speed input: 1.10 toks/s, output: 75.47 toks/s]
[36m(WorkerDict pid=3105818)[0m Processed prompts:  41%|████      | 13/32 [06:53<05:11, 16.42s/it, est. speed input: 1.76 toks/s, output: 120.08 toks/s]
[36m(WorkerDict pid=3105826)[0m Processed prompts:  22%|██▏       | 7/32 [06:58<09:43, 23.34s/it, est. speed input: 0.84 toks/s, output: 77.07 toks/s]
[36m(WorkerDict pid=3105826)[0m Processed prompts:  25%|██▌       | 8/32 [06:59<06:33, 16.41s/it, est. speed input: 0.95 toks/s, output: 88.70 toks/s]
[36m(WorkerDict pid=3105820)[0m Processed prompts:  41%|████      | 13/32 [07:01<05:19, 16.81s/it, est. speed input: 2.99 toks/s, output: 116.95 toks/s]
[36m(WorkerDict pid=3105826)[0m Processed prompts:  28%|██▊       | 9/32 [07:02<04:41, 12.26s/it, est. speed input: 1.06 toks/s, output: 99.96 toks/s]
[36m(WorkerDict pid=3105823)[0m Processed prompts:  62%|██████▎   | 20/32 [07:02<05:03, 25.26s/it, est. speed input: 1.72 toks/s, output: 147.48 toks/s]
[36m(WorkerDict pid=3105818)[0m Processed prompts:  44%|████▍     | 14/32 [07:02<04:20, 14.47s/it, est. speed input: 1.85 toks/s, output: 129.19 toks/s]
[36m(WorkerDict pid=3105823)[0m Processed prompts:  66%|██████▌   | 21/32 [07:07<03:29, 19.07s/it, est. speed input: 1.79 toks/s, output: 157.81 toks/s]
[36m(WorkerDict pid=3105815)[0m Processed prompts:  25%|██▌       | 8/32 [07:10<08:39, 21.63s/it, est. speed input: 1.21 toks/s, output: 84.44 toks/s]
[36m(WorkerDict pid=3105815)[0m Processed prompts:  28%|██▊       | 9/32 [07:11<05:48, 15.16s/it, est. speed input: 1.36 toks/s, output: 96.19 toks/s]
[36m(WorkerDict pid=3105826)[0m Processed prompts:  31%|███▏      | 10/32 [07:15<04:31, 12.32s/it, est. speed input: 1.15 toks/s, output: 109.04 toks/s]
[36m(WorkerDict pid=3105818)[0m Processed prompts:  47%|████▋     | 15/32 [07:14<03:52, 13.69s/it, est. speed input: 1.93 toks/s, output: 137.63 toks/s]
[36m(WorkerDict pid=3105823)[0m Processed prompts:  69%|██████▉   | 22/32 [07:15<02:38, 15.88s/it, est. speed input: 1.85 toks/s, output: 166.71 toks/s]
[36m(WorkerDict pid=3105823)[0m Processed prompts:  72%|███████▏  | 23/32 [07:18<01:46, 11.89s/it, est. speed input: 1.92 toks/s, output: 177.69 toks/s]
[36m(WorkerDict pid=3105830)[0m Processed prompts:  94%|█████████▍| 30/32 [07:18<00:29, 14.87s/it, est. speed input: 5.36 toks/s, output: 249.72 toks/s]
[36m(WorkerDict pid=3105830)[0m Processed prompts:  97%|█████████▋| 31/32 [07:22<00:11, 11.68s/it, est. speed input: 5.54 toks/s, output: 259.30 toks/s]
[36m(WorkerDict pid=3105830)[0m [rank15]:E0616 22:08:42.320000 3105830 site-packages/torch/_dynamo/metrics_context.py:105] [0/1] Unexpected exception logging compilation metrics
[36m(WorkerDict pid=3105830)[0m [rank15]:E0616 22:08:42.320000 3105830 site-packages/torch/_dynamo/metrics_context.py:105] [0/1] Traceback (most recent call last):
[36m(WorkerDict pid=3105830)[0m [rank15]:E0616 22:08:42.320000 3105830 site-packages/torch/_dynamo/metrics_context.py:105] [0/1]   File "/usr/local/python3.11.14/lib/python3.11/site-packages/torch/_dynamo/metrics_context.py", line 101, in __exit__
[36m(WorkerDict pid=3105830)[0m [rank15]:E0616 22:08:42.320000 3105830 site-packages/torch/_dynamo/metrics_context.py:105] [0/1]     self._on_exit(
[36m(WorkerDict pid=3105830)[0m [rank15]:E0616 22:08:42.320000 3105830 site-packages/torch/_dynamo/metrics_context.py:105] [0/1]   File "/usr/local/python3.11.14/lib/python3.11/site-packages/torch/_dynamo/utils.py", line 1632, in record_compilation_metrics
[36m(WorkerDict pid=3105830)[0m [rank15]:E0616 22:08:42.320000 3105830 site-packages/torch/_dynamo/metrics_context.py:105] [0/1]     "triton_version": triton.__version__ if has_triton() else "",
[36m(WorkerDict pid=3105830)[0m [rank15]:E0616 22:08:42.320000 3105830 site-packages/torch/_dynamo/metrics_context.py:105] [0/1]                                             ^^^^^^^^^^^^
[36m(WorkerDict pid=3105830)[0m [rank15]:E0616 22:08:42.320000 3105830 site-packages/torch/_dynamo/metrics_context.py:105] [0/1]   File "/usr/local/python3.11.14/lib/python3.11/site-packages/torch/utils/_triton.py", line 159, in has_triton
[36m(WorkerDict pid=3105830)[0m [rank15]:E0616 22:08:42.320000 3105830 site-packages/torch/_dynamo/metrics_context.py:105] [0/1]     return is_device_compatible_with_triton()
[36m(WorkerDict pid=3105830)[0m [rank15]:E0616 22:08:42.320000 3105830 site-packages/torch/_dynamo/metrics_context.py:105] [0/1]            ^^^^^^^^^^^^^^^^^^^^^^^^^^^^^^^^^^
[36m(WorkerDict pid=3105830)[0m [rank15]:E0616 22:08:42.320000 3105830 site-packages/torch/_dynamo/metrics_context.py:105] [0/1]   File "/usr/local/python3.11.14/lib/python3.11/site-packages/torch/utils/_triton.py", line 155, in is_device_compatible_with_triton
[36m(WorkerDict pid=3105830)[0m [rank15]:E0616 22:08:42.320000 3105830 site-packages/torch/_dynamo/metrics_context.py:105] [0/1]     if device_interface.is_available() and extra_check(device_interface):
[36m(WorkerDict pid=3105830)[0m [rank15]:E0616 22:08:42.320000 3105830 site-packages/torch/_dynamo/metrics_context.py:105] [0/1]                                            ^^^^^^^^^^^^^^^^^^^^^^^^^^^^^
[36m(WorkerDict pid=3105830)[0m [rank15]:E0616 22:08:42.320000 3105830 site-packages/torch/_dynamo/metrics_context.py:105] [0/1]   File "/usr/local/python3.11.14/lib/python3.11/site-packages/torch/utils/_triton.py", line 135, in cuda_extra_check
[36m(WorkerDict pid=3105830)[0m [rank15]:E0616 22:08:42.320000 3105830 site-packages/torch/_dynamo/metrics_context.py:105] [0/1]     return device_interface.Worker.get_device_properties().major >= 7
[36m(WorkerDict pid=3105830)[0m [rank15]:E0616 22:08:42.320000 3105830 site-packages/torch/_dynamo/metrics_context.py:105] [0/1]            ^^^^^^^^^^^^^^^^^^^^^^^^^^^^^^^^^^^^^^^^^^^^^^^^^^^^^^^^^^
[36m(WorkerDict pid=3105830)[0m [rank15]:E0616 22:08:42.320000 3105830 site-packages/torch/_dynamo/metrics_context.py:105] [0/1] TypeError: '>=' not supported between instances of 'NoneType' and 'int'
[36m(WorkerDict pid=3105821)[0m Processed prompts:   3%|▎         | 1/32 [07:26<3:50:33, 446.24s/it, est. speed input: 0.26 toks/s, output: 11.97 toks/s]
[36m(WorkerDict pid=3105830)[0m Processed prompts: 100%|██████████| 32/32 [07:27<00:00,  9.54s/it, est. speed input: 5.72 toks/s, output: 268.66 toks/s]Processed prompts: 100%|██████████| 32/32 [07:27<00:00,  9.54s/it, est. speed input: 5.72 toks/s, output: 268.66 toks/s]
[36m(WorkerDict pid=3105816)[0m Processed prompts:  56%|█████▋    | 18/32 [07:29<14:39, 62.83s/it, est. speed input: 2.44 toks/s, output: 84.81 toks/s]
[36m(WorkerDict pid=3105816)[0m Processed prompts:  59%|█████▉    | 19/32 [07:35<09:56, 45.88s/it, est. speed input: 2.53 toks/s, output: 95.75 toks/s]
[36m(WorkerDict pid=3105826)[0m Processed prompts:  34%|███▍      | 11/32 [07:38<05:29, 15.67s/it, est. speed input: 1.20 toks/s, output: 115.48 toks/s]
[36m(WorkerDict pid=3105823)[0m Processed prompts:  75%|███████▌  | 24/32 [07:39<01:57, 14.65s/it, est. speed input: 1.92 toks/s, output: 181.52 toks/s]
[36m(WorkerDict pid=3105823)[0m Processed prompts:  78%|███████▊  | 25/32 [07:39<01:12, 10.42s/it, est. speed input: 2.00 toks/s, output: 193.28 toks/s]
[36m(WorkerDict pid=3105826)[0m Processed prompts:  38%|███▊      | 12/32 [07:40<03:52, 11.60s/it, est. speed input: 1.30 toks/s, output: 126.89 toks/s]
[36m(WorkerDict pid=3105820)[0m Processed prompts:  44%|████▍     | 14/32 [07:44<07:23, 24.64s/it, est. speed input: 2.93 toks/s, output: 118.15 toks/s]
[36m(WorkerDict pid=3105827)[0m Processed prompts: 100%|██████████| 32/32 [07:43<00:00, 43.39s/it, est. speed input: 4.55 toks/s, output: 185.69 toks/s]Processed prompts: 100%|██████████| 32/32 [07:43<00:00, 43.39s/it, est. speed input: 4.55 toks/s, output: 185.69 toks/s]
[36m(WorkerDict pid=3105815)[0m Processed prompts:  31%|███▏      | 10/32 [07:45<07:37, 20.80s/it, est. speed input: 1.40 toks/s, output: 101.26 toks/s]
[36m(WorkerDict pid=3105826)[0m Processed prompts:  41%|████      | 13/32 [07:54<03:52, 12.25s/it, est. speed input: 1.37 toks/s, output: 135.21 toks/s]
[36m(WorkerDict pid=3105815)[0m Processed prompts:  34%|███▍      | 11/32 [07:56<06:16, 17.91s/it, est. speed input: 1.50 toks/s, output: 110.85 toks/s]
[36m(WorkerDict pid=3105817)[0m Processed prompts:  94%|█████████▍| 30/32 [07:57<00:51, 25.89s/it, est. speed input: 4.15 toks/s, output: 164.09 toks/s]
[36m(WorkerDict pid=3105820)[0m Processed prompts:  47%|████▋     | 15/32 [07:56<05:58, 21.08s/it, est. speed input: 3.04 toks/s, output: 126.97 toks/s]
[36m(WorkerDict pid=3105825)[0m Processed prompts:   3%|▎         | 1/32 [07:56<4:06:04, 476.26s/it, est. speed input: 0.27 toks/s, output: 12.02 toks/s]
[36m(WorkerDict pid=3105820)[0m Processed prompts:  50%|█████     | 16/32 [07:57<03:59, 14.97s/it, est. speed input: 3.24 toks/s, output: 138.76 toks/s]
[36m(WorkerDict pid=3105823)[0m Processed prompts:  81%|████████▏ | 26/32 [07:59<01:19, 13.30s/it, est. speed input: 1.99 toks/s, output: 197.23 toks/s]
[36m(WorkerDict pid=3105823)[0m Processed prompts:  84%|████████▍ | 27/32 [08:01<00:48,  9.77s/it, est. speed input: 2.06 toks/s, output: 208.62 toks/s]
[36m(WorkerDict pid=3105817)[0m Processed prompts:  97%|█████████▋| 31/32 [08:10<00:21, 21.98s/it, est. speed input: 4.16 toks/s, output: 171.80 toks/s]
[36m(WorkerDict pid=3105816)[0m Processed prompts:  62%|██████▎   | 20/32 [08:10<08:32, 42.74s/it, est. speed input: 2.45 toks/s, output: 100.87 toks/s]
[36m(WorkerDict pid=3105815)[0m Processed prompts:  38%|███▊      | 12/32 [08:13<05:51, 17.58s/it, est. speed input: 1.58 toks/s, output: 119.10 toks/s]
[36m(WorkerDict pid=3105823)[0m Processed prompts:  88%|████████▊ | 28/32 [08:13<00:41, 10.36s/it, est. speed input: 2.09 toks/s, output: 215.70 toks/s]
[36m(WorkerDict pid=3105821)[0m Processed prompts:   6%|▋         | 2/32 [08:13<1:45:43, 211.44s/it, est. speed input: 0.46 toks/s, output: 22.87 toks/s]
[36m(WorkerDict pid=3105820)[0m Processed prompts:  53%|█████▎    | 17/32 [08:18<04:12, 16.81s/it, est. speed input: 3.28 toks/s, output: 144.94 toks/s]
[36m(WorkerDict pid=3105821)[0m Processed prompts:   9%|▉         | 3/32 [08:19<56:52, 117.68s/it, est. speed input: 0.68 toks/s, output: 34.64 toks/s]  
[36m(WorkerDict pid=3105816)[0m Processed prompts:  66%|██████▌   | 21/32 [08:21<06:07, 33.41s/it, est. speed input: 2.50 toks/s, output: 110.61 toks/s]
[36m(WorkerDict pid=3105826)[0m Processed prompts:  44%|████▍     | 14/32 [08:22<05:07, 17.09s/it, est. speed input: 1.39 toks/s, output: 139.67 toks/s]
[36m(WorkerDict pid=3105821)[0m Processed prompts:  12%|█▎        | 4/32 [08:24<34:08, 73.15s/it, est. speed input: 0.90 toks/s, output: 46.37 toks/s] 
[36m(WorkerDict pid=3105822)[0m Processed prompts:   3%|▎         | 1/32 [08:25<4:21:12, 505.57s/it, est. speed input: 0.21 toks/s, output: 12.05 toks/s]
[36m(WorkerDict pid=3105821)[0m Processed prompts:  16%|█▌        | 5/32 [08:29<21:52, 48.62s/it, est. speed input: 1.12 toks/s, output: 57.99 toks/s]
[36m(WorkerDict pid=3105815)[0m Processed prompts:  41%|████      | 13/32 [08:31<05:37, 17.76s/it, est. speed input: 1.62 toks/s, output: 126.95 toks/s]
[36m(WorkerDict pid=3105826)[0m Processed prompts:  47%|████▋     | 15/32 [08:33<04:18, 15.19s/it, est. speed input: 1.46 toks/s, output: 148.82 toks/s]
[36m(WorkerDict pid=3105823)[0m Processed prompts:  91%|█████████ | 29/32 [08:35<00:41, 13.86s/it, est. speed input: 2.08 toks/s, output: 218.58 toks/s]
[36m(WorkerDict pid=3105816)[0m Processed prompts:  69%|██████▉   | 22/32 [08:37<04:40, 28.05s/it, est. speed input: 2.53 toks/s, output: 119.39 toks/s]
[36m(WorkerDict pid=3105821)[0m Processed prompts:  19%|█▉        | 6/32 [08:39<15:24, 35.54s/it, est. speed input: 1.32 toks/s, output: 68.97 toks/s]
[36m(WorkerDict pid=3105820)[0m Processed prompts:  56%|█████▋    | 18/32 [08:43<04:28, 19.21s/it, est. speed input: 3.30 toks/s, output: 150.19 toks/s]
[36m(WorkerDict pid=3105815)[0m Processed prompts:  44%|████▍     | 14/32 [08:43<04:49, 16.07s/it, est. speed input: 1.71 toks/s, output: 136.13 toks/s]
[36m(WorkerDict pid=3105825)[0m Processed prompts:   6%|▋         | 2/32 [08:43<1:51:49, 223.63s/it, est. speed input: 0.49 toks/s, output: 23.08 toks/s]
[36m(WorkerDict pid=3105815)[0m Processed prompts:  47%|████▋     | 15/32 [08:43<03:12, 11.33s/it, est. speed input: 1.83 toks/s, output: 148.16 toks/s]
[36m(WorkerDict pid=3105821)[0m Processed prompts:  22%|██▏       | 7/32 [08:46<10:50, 26.02s/it, est. speed input: 1.52 toks/s, output: 80.26 toks/s]
[36m(WorkerDict pid=3105826)[0m Processed prompts:  50%|█████     | 16/32 [08:46<03:52, 14.52s/it, est. speed input: 1.52 toks/s, output: 157.29 toks/s]
[36m(WorkerDict pid=3105825)[0m Processed prompts:   9%|▉         | 3/32 [08:54<1:01:16, 126.76s/it, est. speed input: 0.72 toks/s, output: 34.75 toks/s]
[36m(WorkerDict pid=3105815)[0m Processed prompts:  50%|█████     | 16/32 [08:56<03:07, 11.70s/it, est. speed input: 1.88 toks/s, output: 156.85 toks/s]
[36m(WorkerDict pid=3105823)[0m Processed prompts:  94%|█████████▍| 30/32 [09:00<00:34, 17.28s/it, est. speed input: 2.05 toks/s, output: 220.54 toks/s]
[36m(WorkerDict pid=3105822)[0m Processed prompts:   6%|▋         | 2/32 [09:02<1:55:02, 230.08s/it, est. speed input: 0.39 toks/s, output: 23.38 toks/s]
[36m(WorkerDict pid=3105815)[0m Processed prompts:  53%|█████▎    | 17/32 [09:03<02:36, 10.42s/it, est. speed input: 1.94 toks/s, output: 166.87 toks/s]
[36m(WorkerDict pid=3105815)[0m Processed prompts:  56%|█████▋    | 18/32 [09:09<02:03,  8.82s/it, est. speed input: 2.01 toks/s, output: 177.50 toks/s]
[36m(WorkerDict pid=3105821)[0m Processed prompts:  25%|██▌       | 8/32 [09:08<10:00, 25.01s/it, est. speed input: 1.66 toks/s, output: 89.10 toks/s]
[36m(WorkerDict pid=3105818)[0m Processed prompts:  50%|█████     | 16/32 [09:08<11:42, 43.89s/it, est. speed input: 1.64 toks/s, output: 121.23 toks/s]
[36m(WorkerDict pid=3105818)[0m Processed prompts:  53%|█████▎    | 17/32 [09:09<07:44, 31.00s/it, est. speed input: 1.74 toks/s, output: 133.20 toks/s]
[36m(WorkerDict pid=3105816)[0m Processed prompts:  72%|███████▏  | 23/32 [09:14<04:36, 30.76s/it, est. speed input: 2.46 toks/s, output: 123.57 toks/s]
[36m(WorkerDict pid=3105815)[0m Processed prompts:  59%|█████▉    | 19/32 [09:15<01:46,  8.22s/it, est. speed input: 2.08 toks/s, output: 187.50 toks/s]
[36m(WorkerDict pid=3105815)[0m Processed prompts:  62%|██████▎   | 20/32 [09:18<01:18,  6.51s/it, est. speed input: 2.18 toks/s, output: 198.84 toks/s]
[36m(WorkerDict pid=3105821)[0m Processed prompts:  28%|██▊       | 9/32 [09:20<08:00, 20.89s/it, est. speed input: 1.83 toks/s, output: 99.42 toks/s]
[36m(WorkerDict pid=3105816)[0m Processed prompts:  75%|███████▌  | 24/32 [09:23<03:14, 24.32s/it, est. speed input: 2.51 toks/s, output: 133.73 toks/s]
[36m(WorkerDict pid=3105815)[0m Processed prompts:  66%|██████▌   | 21/32 [09:24<01:09,  6.34s/it, est. speed input: 2.25 toks/s, output: 208.95 toks/s]
[36m(WorkerDict pid=3105817)[0m Processed prompts: 100%|██████████| 32/32 [09:26<00:00, 38.24s/it, est. speed input: 3.70 toks/s, output: 160.88 toks/s]Processed prompts: 100%|██████████| 32/32 [09:26<00:00, 38.24s/it, est. speed input: 3.70 toks/s, output: 160.88 toks/s]
[36m(WorkerDict pid=3105825)[0m Processed prompts:  12%|█▎        | 4/32 [09:24<41:24, 88.74s/it, est. speed input: 0.91 toks/s, output: 45.10 toks/s]   
[36m(WorkerDict pid=3105815)[0m Processed prompts:  69%|██████▉   | 22/32 [09:27<00:53,  5.38s/it, est. speed input: 2.32 toks/s, output: 220.02 toks/s]
[36m(WorkerDict pid=3105815)[0m Processed prompts:  72%|███████▏  | 23/32 [09:28<00:36,  4.07s/it, est. speed input: 2.40 toks/s, output: 231.84 toks/s]
[36m(WorkerDict pid=3105821)[0m Processed prompts:  31%|███▏      | 10/32 [09:28<06:09, 16.79s/it, est. speed input: 2.01 toks/s, output: 110.32 toks/s]
[36m(WorkerDict pid=3105820)[0m Processed prompts:  59%|█████▉    | 19/32 [09:29<05:54, 27.26s/it, est. speed input: 3.20 toks/s, output: 150.28 toks/s]
[36m(WorkerDict pid=3105823)[0m Processed prompts:  97%|█████████▋| 31/32 [09:29<00:20, 20.95s/it, est. speed input: 2.01 toks/s, output: 221.35 toks/s]
[36m(WorkerDict pid=3105821)[0m Processed prompts:  34%|███▍      | 11/32 [09:30<04:17, 12.24s/it, est. speed input: 2.20 toks/s, output: 122.18 toks/s]
[36m(WorkerDict pid=3105821)[0m Processed prompts:  38%|███▊      | 12/32 [09:30<02:52,  8.64s/it, est. speed input: 2.30 toks/s, output: 134.33 toks/s]
[36m(WorkerDict pid=3105816)[0m Processed prompts:  78%|███████▊  | 25/32 [09:32<02:17, 19.71s/it, est. speed input: 2.57 toks/s, output: 143.86 toks/s]
[36m(WorkerDict pid=3105815)[0m Processed prompts:  75%|███████▌  | 24/32 [09:33<00:34,  4.33s/it, est. speed input: 2.50 toks/s, output: 242.08 toks/s]
[36m(WorkerDict pid=3105829)[0m Processed prompts:  53%|█████▎    | 17/32 [09:38<19:18, 77.21s/it, est. speed input: 1.66 toks/s, output: 102.92 toks/s]
[36m(WorkerDict pid=3105821)[0m Processed prompts:  41%|████      | 13/32 [09:38<02:40,  8.47s/it, est. speed input: 2.47 toks/s, output: 144.72 toks/s]
[36m(WorkerDict pid=3105815)[0m Processed prompts:  78%|███████▊  | 25/32 [09:39<00:33,  4.85s/it, est. speed input: 2.56 toks/s, output: 251.80 toks/s]
[36m(WorkerDict pid=3105822)[0m Processed prompts:   9%|▉         | 3/32 [09:41<1:08:57, 142.68s/it, est. speed input: 0.54 toks/s, output: 34.07 toks/s]
[36m(WorkerDict pid=3105820)[0m Processed prompts:  62%|██████▎   | 20/32 [09:45<04:45, 23.79s/it, est. speed input: 3.27 toks/s, output: 158.52 toks/s]
[36m(WorkerDict pid=3105816)[0m Processed prompts:  81%|████████▏ | 26/32 [09:47<01:50, 18.38s/it, est. speed input: 2.59 toks/s, output: 152.38 toks/s]
[36m(WorkerDict pid=3105822)[0m Processed prompts:  12%|█▎        | 4/32 [09:49<41:44, 89.45s/it, est. speed input: 0.71 toks/s, output: 45.88 toks/s]   
[36m(WorkerDict pid=3105815)[0m Processed prompts:  81%|████████▏ | 26/32 [09:49<00:38,  6.35s/it, est. speed input: 2.60 toks/s, output: 259.87 toks/s]
[36m(WorkerDict pid=3105816)[0m Processed prompts:  84%|████████▍ | 27/32 [09:50<01:08, 13.71s/it, est. speed input: 2.67 toks/s, output: 163.92 toks/s]
[36m(WorkerDict pid=3105821)[0m Processed prompts:  44%|████▍     | 14/32 [09:55<03:17, 10.97s/it, est. speed input: 2.59 toks/s, output: 152.94 toks/s]
[36m(WorkerDict pid=3105822)[0m Processed prompts:  16%|█▌        | 5/32 [09:59<27:23, 60.88s/it, est. speed input: 0.88 toks/s, output: 57.39 toks/s]
[36m(WorkerDict pid=3105816)[0m Processed prompts:  88%|████████▊ | 28/32 [10:00<00:50, 12.51s/it, est. speed input: 2.71 toks/s, output: 173.55 toks/s]
[36m(WorkerDict pid=3105823)[0m Processed prompts: 100%|██████████| 32/32 [09:59<00:00, 23.49s/it, est. speed input: 1.98 toks/s, output: 222.80 toks/s]Processed prompts: 100%|██████████| 32/32 [09:59<00:00, 23.49s/it, est. speed input: 1.98 toks/s, output: 222.80 toks/s]
[36m(WorkerDict pid=3105828)[0m Processed prompts:  53%|█████▎    | 17/32 [10:01<30:40, 122.72s/it, est. speed input: 2.62 toks/s, output: 58.59 toks/s]
[36m(WorkerDict pid=3105815)[0m Processed prompts:  84%|████████▍ | 27/32 [10:02<00:42,  8.42s/it, est. speed input: 2.62 toks/s, output: 266.46 toks/s]
[36m(WorkerDict pid=3105820)[0m Processed prompts:  66%|██████▌   | 21/32 [10:03<04:03, 22.14s/it, est. speed input: 3.33 toks/s, output: 166.03 toks/s]
[36m(WorkerDict pid=3105821)[0m Processed prompts:  47%|████▋     | 15/32 [10:04<02:58, 10.49s/it, est. speed input: 2.74 toks/s, output: 162.89 toks/s]
[36m(WorkerDict pid=3105815)[0m Processed prompts:  88%|████████▊ | 28/32 [10:07<00:29,  7.45s/it, est. speed input: 2.68 toks/s, output: 276.51 toks/s]
[36m(WorkerDict pid=3105818)[0m Processed prompts:  56%|█████▋    | 18/32 [10:08<09:08, 39.18s/it, est. speed input: 1.67 toks/s, output: 132.79 toks/s]
[36m(WorkerDict pid=3105825)[0m Processed prompts:  16%|█▌        | 5/32 [10:11<33:01, 73.37s/it, est. speed input: 1.06 toks/s, output: 54.05 toks/s]
[36m(WorkerDict pid=3105820)[0m Processed prompts:  69%|██████▉   | 22/32 [10:13<03:03, 18.34s/it, est. speed input: 3.42 toks/s, output: 175.79 toks/s]
[36m(WorkerDict pid=3105816)[0m Processed prompts:  91%|█████████ | 29/32 [10:14<00:39, 13.11s/it, est. speed input: 2.73 toks/s, output: 181.78 toks/s]
[36m(WorkerDict pid=3105826)[0m Processed prompts:  53%|█████▎    | 17/32 [10:16<09:19, 37.31s/it, est. speed input: 1.37 toks/s, output: 146.61 toks/s]
[36m(WorkerDict pid=3105816)[0m Processed prompts:  94%|█████████▍| 30/32 [10:19<00:21, 10.59s/it, est. speed input: 2.80 toks/s, output: 192.75 toks/s]
[36m(WorkerDict pid=3105828)[0m Processed prompts:  56%|█████▋    | 18/32 [10:19<21:15, 91.08s/it, est. speed input: 2.75 toks/s, output: 69.30 toks/s] 
[36m(WorkerDict pid=3105822)[0m Processed prompts:  22%|██▏       | 7/32 [10:21<14:48, 35.54s/it, est. speed input: 1.18 toks/s, output: 79.59 toks/s]
[36m(WorkerDict pid=3105816)[0m Processed prompts:  97%|█████████▋| 31/32 [10:23<00:08,  8.43s/it, est. speed input: 2.87 toks/s, output: 204.05 toks/s]
[36m(WorkerDict pid=3105821)[0m Processed prompts:  50%|█████     | 16/32 [10:23<03:25, 12.82s/it, est. speed input: 2.84 toks/s, output: 170.50 toks/s]
[36m(WorkerDict pid=3105815)[0m Processed prompts:  91%|█████████ | 29/32 [10:23<00:29, 10.00s/it, est. speed input: 2.69 toks/s, output: 281.81 toks/s]
[36m(WorkerDict pid=3105828)[0m Processed prompts:  59%|█████▉    | 19/32 [10:28<14:22, 66.31s/it, est. speed input: 2.91 toks/s, output: 80.73 toks/s]
[36m(WorkerDict pid=3105826)[0m Processed prompts:  56%|█████▋    | 18/32 [10:28<06:55, 29.68s/it, est. speed input: 1.42 toks/s, output: 156.22 toks/s]
[36m(WorkerDict pid=3105816)[0m Processed prompts: 100%|██████████| 32/32 [10:31<00:00,  8.45s/it, est. speed input: 2.91 toks/s, output: 213.68 toks/s]Processed prompts: 100%|██████████| 32/32 [10:31<00:00,  8.45s/it, est. speed input: 2.91 toks/s, output: 213.68 toks/s]
[36m(WorkerDict pid=3105822)[0m Processed prompts:  25%|██▌       | 8/32 [10:32<11:33, 28.91s/it, est. speed input: 1.33 toks/s, output: 90.63 toks/s]
[36m(WorkerDict pid=3105822)[0m Processed prompts:  28%|██▊       | 9/32 [10:34<08:15, 21.55s/it, est. speed input: 1.49 toks/s, output: 102.70 toks/s]
[36m(WorkerDict pid=3105820)[0m Processed prompts:  72%|███████▏  | 23/32 [10:34<02:52, 19.21s/it, est. speed input: 3.45 toks/s, output: 182.30 toks/s]
[36m(WorkerDict pid=3105829)[0m Processed prompts:  56%|█████▋    | 18/32 [10:33<16:30, 70.74s/it, est. speed input: 1.72 toks/s, output: 106.28 toks/s]
[36m(WorkerDict pid=3105822)[0m Processed prompts:  31%|███▏      | 10/32 [10:37<06:01, 16.42s/it, est. speed input: 1.65 toks/s, output: 114.56 toks/s]
[36m(WorkerDict pid=3105822)[0m Processed prompts:  34%|███▍      | 11/32 [10:37<04:07, 11.78s/it, est. speed input: 1.81 toks/s, output: 126.90 toks/s]
[36m(WorkerDict pid=3105821)[0m Processed prompts:  53%|█████▎    | 17/32 [10:42<03:43, 14.89s/it, est. speed input: 2.93 toks/s, output: 177.71 toks/s]
[36m(WorkerDict pid=3105828)[0m Processed prompts:  62%|██████▎   | 20/32 [10:47<10:25, 52.12s/it, est. speed input: 3.01 toks/s, output: 90.81 toks/s]
[36m(WorkerDict pid=3105822)[0m Processed prompts:  38%|███▊      | 12/32 [10:48<03:47, 11.36s/it, est. speed input: 1.94 toks/s, output: 137.33 toks/s]
[36m(WorkerDict pid=3105821)[0m Processed prompts:  56%|█████▋    | 18/32 [10:51<03:00, 12.93s/it, est. speed input: 2.99 toks/s, output: 187.90 toks/s]
[36m(WorkerDict pid=3105829)[0m Processed prompts:  59%|█████▉    | 19/32 [10:53<12:00, 55.46s/it, est. speed input: 1.86 toks/s, output: 115.54 toks/s]
[36m(WorkerDict pid=3105820)[0m Processed prompts:  75%|███████▌  | 24/32 [10:57<02:43, 20.49s/it, est. speed input: 3.47 toks/s, output: 188.28 toks/s]
[36m(WorkerDict pid=3105815)[0m Processed prompts:  94%|█████████▍| 30/32 [10:57<00:34, 17.26s/it, est. speed input: 2.62 toks/s, output: 279.64 toks/s]
[36m(WorkerDict pid=3105822)[0m Processed prompts:  41%|████      | 13/32 [11:01<03:44, 11.84s/it, est. speed input: 2.06 toks/s, output: 147.12 toks/s]
[36m(WorkerDict pid=3105818)[0m Processed prompts:  59%|█████▉    | 19/32 [11:00<09:19, 43.06s/it, est. speed input: 1.63 toks/s, output: 134.83 toks/s]
[36m(WorkerDict pid=3105822)[0m Processed prompts:  44%|████▍     | 14/32 [11:02<02:34,  8.61s/it, est. speed input: 2.22 toks/s, output: 159.42 toks/s]
[36m(WorkerDict pid=3105825)[0m Processed prompts:  19%|█▉        | 6/32 [11:02<28:33, 65.89s/it, est. speed input: 1.17 toks/s, output: 62.38 toks/s]
[36m(WorkerDict pid=3105818)[0m Processed prompts:  62%|██████▎   | 20/32 [11:03<06:12, 31.01s/it, est. speed input: 1.71 toks/s, output: 146.76 toks/s]
[36m(WorkerDict pid=3105829)[0m Processed prompts:  62%|██████▎   | 20/32 [11:03<08:22, 41.84s/it, est. speed input: 2.02 toks/s, output: 126.30 toks/s]
[36m(WorkerDict pid=3105820)[0m Processed prompts:  78%|███████▊  | 25/32 [11:06<01:59, 17.06s/it, est. speed input: 3.56 toks/s, output: 198.24 toks/s]
[36m(WorkerDict pid=3105821)[0m Processed prompts:  59%|█████▉    | 19/32 [11:08<03:06, 14.33s/it, est. speed input: 3.00 toks/s, output: 195.49 toks/s]
[36m(WorkerDict pid=3105825)[0m Processed prompts:  22%|██▏       | 7/32 [11:08<19:17, 46.29s/it, est. speed input: 1.35 toks/s, output: 74.37 toks/s]
[36m(WorkerDict pid=3105822)[0m Processed prompts:  47%|████▋     | 15/32 [11:11<02:29,  8.80s/it, est. speed input: 2.35 toks/s, output: 169.76 toks/s]
[36m(WorkerDict pid=3105821)[0m Processed prompts:  62%|██████▎   | 20/32 [11:13<02:16, 11.36s/it, est. speed input: 3.07 toks/s, output: 206.76 toks/s]
[36m(WorkerDict pid=3105820)[0m Processed prompts:  81%|████████▏ | 26/32 [11:15<01:27, 14.60s/it, est. speed input: 3.64 toks/s, output: 208.18 toks/s]
[36m(WorkerDict pid=3105822)[0m Processed prompts:  50%|█████     | 16/32 [11:17<02:05,  7.87s/it, est. speed input: 2.48 toks/s, output: 180.87 toks/s]
[36m(WorkerDict pid=3105826)[0m Processed prompts:  59%|█████▉    | 19/32 [11:17<07:40, 35.42s/it, est. speed input: 1.39 toks/s, output: 157.53 toks/s]
[36m(WorkerDict pid=3105815)[0m Processed prompts:  97%|█████████▋| 31/32 [11:17<00:18, 18.05s/it, est. speed input: 2.62 toks/s, output: 284.00 toks/s]
[36m(WorkerDict pid=3105822)[0m Processed prompts:  53%|█████▎    | 17/32 [11:21<01:41,  6.75s/it, est. speed input: 2.62 toks/s, output: 192.34 toks/s]
[36m(WorkerDict pid=3105818)[0m Processed prompts:  66%|██████▌   | 21/32 [11:21<04:57, 27.08s/it, est. speed input: 1.75 toks/s, output: 155.48 toks/s]
[36m(WorkerDict pid=3105820)[0m Processed prompts:  84%|████████▍ | 27/32 [11:22<01:01, 12.26s/it, est. speed input: 3.74 toks/s, output: 218.68 toks/s]
[36m(WorkerDict pid=3105821)[0m Processed prompts:  66%|██████▌   | 21/32 [11:23<02:02, 11.12s/it, est. speed input: 3.11 toks/s, output: 216.15 toks/s]
[36m(WorkerDict pid=3105829)[0m Processed prompts:  66%|██████▌   | 21/32 [11:26<06:35, 35.95s/it, est. speed input: 2.15 toks/s, output: 134.81 toks/s]
[36m(WorkerDict pid=3105825)[0m Processed prompts:  25%|██▌       | 8/32 [11:27<15:01, 37.56s/it, est. speed input: 1.50 toks/s, output: 84.94 toks/s]
[36m(WorkerDict pid=3105822)[0m Processed prompts:  56%|█████▋    | 18/32 [11:29<01:39,  7.08s/it, est. speed input: 2.74 toks/s, output: 202.74 toks/s]
[36m(WorkerDict pid=3105822)[0m Processed prompts:  59%|█████▉    | 19/32 [11:30<01:08,  5.25s/it, est. speed input: 2.89 toks/s, output: 215.06 toks/s]
[36m(WorkerDict pid=3105829)[0m Processed prompts:  69%|██████▉   | 22/32 [11:35<04:41, 28.13s/it, est. speed input: 2.30 toks/s, output: 145.53 toks/s]
[36m(WorkerDict pid=3105828)[0m Processed prompts:  66%|██████▌   | 21/32 [11:37<09:28, 51.71s/it, est. speed input: 2.97 toks/s, output: 96.83 toks/s]
[36m(WorkerDict pid=3105829)[0m Processed prompts:  72%|███████▏  | 23/32 [11:37<03:01, 20.18s/it, est. speed input: 2.48 toks/s, output: 157.83 toks/s]
[36m(WorkerDict pid=3105829)[0m Processed prompts:  75%|███████▌  | 24/32 [11:38<01:55, 14.41s/it, est. speed input: 2.66 toks/s, output: 170.25 toks/s]
[36m(WorkerDict pid=3105818)[0m Processed prompts:  69%|██████▉   | 22/32 [11:38<04:02, 24.25s/it, est. speed input: 1.79 toks/s, output: 164.20 toks/s]
[36m(WorkerDict pid=3105829)[0m Processed prompts:  78%|███████▊  | 25/32 [11:39<01:11, 10.28s/it, est. speed input: 2.84 toks/s, output: 182.73 toks/s]
[36m(WorkerDict pid=3105828)[0m Processed prompts:  69%|██████▉   | 22/32 [11:43<06:17, 37.78s/it, est. speed input: 3.12 toks/s, output: 108.75 toks/s]
[36m(WorkerDict pid=3105829)[0m Processed prompts:  81%|████████▏ | 26/32 [11:42<00:49,  8.32s/it, est. speed input: 3.00 toks/s, output: 194.41 toks/s]
[36m(WorkerDict pid=3105829)[0m Processed prompts:  84%|████████▍ | 27/32 [11:45<00:33,  6.72s/it, est. speed input: 3.17 toks/s, output: 206.25 toks/s]
[36m(WorkerDict pid=3105820)[0m Processed prompts:  88%|████████▊ | 28/32 [11:50<01:07, 16.95s/it, est. speed input: 3.72 toks/s, output: 222.75 toks/s]
[36m(WorkerDict pid=3105815)[0m Processed prompts: 100%|██████████| 32/32 [11:52<00:00, 22.97s/it, est. speed input: 2.56 toks/s, output: 282.93 toks/s]Processed prompts: 100%|██████████| 32/32 [11:52<00:00, 22.97s/it, est. speed input: 2.56 toks/s, output: 282.93 toks/s]
[36m(WorkerDict pid=3105817)[0m Processed prompts: 100%|██████████| 32/32 [12:02<00:00, 22.59s/it, est. speed input: 3.70 toks/s, output: 160.88 toks/s]
[36m(WorkerDict pid=3105827)[0m Processed prompts: 100%|██████████| 32/32 [12:02<00:00, 22.56s/it, est. speed input: 4.55 toks/s, output: 185.69 toks/s]
[36m(WorkerDict pid=3105816)[0m Processed prompts: 100%|██████████| 32/32 [12:02<00:00, 22.59s/it, est. speed input: 2.91 toks/s, output: 213.68 toks/s]
[36m(WorkerDict pid=3105819)[0m Processed prompts: 100%|██████████| 32/32 [12:02<00:00, 22.59s/it, est. speed input: 4.66 toks/s, output: 268.65 toks/s]
[36m(WorkerDict pid=3105824)[0m Processed prompts: 100%|██████████| 32/32 [12:02<00:00, 22.58s/it, est. speed input: 6.02 toks/s, output: 272.01 toks/s]
[36m(WorkerDict pid=3105823)[0m Processed prompts: 100%|██████████| 32/32 [12:02<00:00, 22.56s/it, est. speed input: 1.98 toks/s, output: 222.80 toks/s]
[36m(WorkerDict pid=3105815)[0m Processed prompts: 100%|██████████| 32/32 [12:02<00:00, 22.57s/it, est. speed input: 2.56 toks/s, output: 282.93 toks/s]
[36m(WorkerDict pid=3105830)[0m Processed prompts: 100%|██████████| 32/32 [12:01<00:00, 22.55s/it, est. speed input: 5.72 toks/s, output: 268.66 toks/s]
[36m(WorkerDict pid=3105825)[0m [rank10]:[E616 22:13:24.386735880 compiler_depend.ts:444] operator():build/CMakeFiles/torch_npu.dir/compiler_depend.ts:162 NPU function error: call aclnnMoeDistributeDispatchV4 failed, error code is 207001
[36m(WorkerDict pid=3105825)[0m [ERROR] 2026-06-16-22:13:24 (PID:3105825, Device:0, RankID:10) ERR00100 PTA call acl api failed
[36m(WorkerDict pid=3105825)[0m [Error]: Failed to apply for memory.
[36m(WorkerDict pid=3105825)[0m         Check the remaining storage space in the hardware environment.
[36m(WorkerDict pid=3105825)[0m [PID: 3105825] 2026-06-16-22:13:23.099.121 Memory_Allocation_Failure(EL0004): Failed to allocate memory requested by HCCL module.
[36m(WorkerDict pid=3105825)[0m         Possible Cause: Available memory is insufficient.
[36m(WorkerDict pid=3105825)[0m         Solution: Close applications not in use.
[36m(WorkerDict pid=3105825)[0m         TraceBack (most recent call last):
[36m(WorkerDict pid=3105825)[0m         alloc memory failed, runtime result = 207001[FUNC:ReportCallError][FILE:log_inner.cpp][LINE:148]
[36m(WorkerDict pid=3105825)[0m         Failed to allocate [size:1678770176] bytes of NPU memory.
[36m(WorkerDict pid=3105825)[0m         Nnopbase fails to invoke the HcclAllocComResourceByTiling function of the hccl module. ret = 24, comm = 0xffcf81319000.
[36m(WorkerDict pid=3105825)[0m         Check nnopbase::IndvHcclWrapper::GetInstance().HcclAllocComResourceByTiling(commHandle, stream, ((NnopbaseTilingData *)executor->args->tilingInfo.tilingData)->GetData(), &contextAddr) failed
[36m(WorkerDict pid=3105825)[0m         Check NnopbaseGetHcomResource(executor, stream) failed
[36m(WorkerDict pid=3105825)[0m         Check NnopbaseExecutorGetMc2Num(executor, stream, &argsAddr, &mc2Num) failed
[36m(WorkerDict pid=3105825)[0m         Check NnopbaseExecutorPrepareParamsExt(executor, stream) failed
[36m(WorkerDict pid=3105825)[0m         Check NnopbaseRunWithWorkspace(executor, stream, workspace, workspaceSize) failed
[36m(WorkerDict pid=3105825)[0m 
[36m(WorkerDict pid=3105825)[0m Exception raised from operator() at build/CMakeFiles/torch_npu.dir/compiler_depend.ts:162 (most recent call first):
[36m(WorkerDict pid=3105825)[0m frame #0: c10::Error::Error(c10::SourceLocation, std::__cxx11::basic_string<char, std::char_traits<char>, std::allocator<char> >) + 0xb0 (0xffff880ac700 in /usr/local/python3.11.14/lib/python3.11/site-packages/torch/lib/libc10.so)
[36m(WorkerDict pid=3105825)[0m frame #1: c10::detail::torchCheckFail(char const*, char const*, unsigned int, std::__cxx11::basic_string<char, std::char_traits<char>, std::allocator<char> > const&) + 0x68 (0xffff8804a860 in /usr/local/python3.11.14/lib/python3.11/site-packages/torch/lib/libc10.so)
[36m(WorkerDict pid=3105825)[0m frame #2: <unknown function> + 0x1a74f1c (0xffd0b7a54f1c in /usr/local/python3.11.14/lib/python3.11/site-packages/torch_npu/lib/libtorch_npu.so)
[36m(WorkerDict pid=3105825)[0m frame #3: <unknown function> + 0x2c77e24 (0xffd0b8c57e24 in /usr/local/python3.11.14/lib/python3.11/site-packages/torch_npu/lib/libtorch_npu.so)
[36m(WorkerDict pid=3105825)[0m frame #4: <unknown function> + 0xa607d0 (0xffd0b6a407d0 in /usr/local/python3.11.14/lib/python3.11/site-packages/torch_npu/lib/libtorch_npu.so)
[36m(WorkerDict pid=3105825)[0m frame #5: <unknown function> + 0xa613ac (0xffd0b6a413ac in /usr/local/python3.11.14/lib/python3.11/site-packages/torch_npu/lib/libtorch_npu.so)
[36m(WorkerDict pid=3105825)[0m frame #6: <unknown function> + 0xa5f2c8 (0xffd0b6a3f2c8 in /usr/local/python3.11.14/lib/python3.11/site-packages/torch_npu/lib/libtorch_npu.so)
[36m(WorkerDict pid=3105825)[0m frame #7: <unknown function> + 0xd442c (0xffff963f442c in /lib64/libstdc++.so.6)
[36m(WorkerDict pid=3105825)[0m frame #8: <unknown function> + 0x7fbb4 (0xffff965dfbb4 in /lib64/libc.so.6)
[36m(WorkerDict pid=3105825)[0m frame #9: <unknown function> + 0xe7f4c (0xffff96647f4c in /lib64/libc.so.6)
[36m(WorkerDict pid=3105825)[0m 
[36m(WorkerDict pid=3105825)[0m Processed prompts:  25%|██▌       | 8/32 [12:05<36:15, 90.65s/it, est. speed input: 1.50 toks/s, output: 84.94 toks/s]
[36m(TaskRunner pid=3104355)[0m Training Progress:  20%|██        | 1/5 [38:19<2:33:19, 2299.92s/it]
Error executing job with overrides: ['algorithm.adv_estimator=grpo', 'data.train_files=/data/deepscaler/train.parquet', 'data.val_files=/data/deepscaler/test.parquet', 'data.train_batch_size=32', 'data.max_prompt_length=1024', 'data.max_response_length=16384', 'data.filter_overlong_prompts=True', 'data.truncation=error', 'data.shuffle=False', 'data.dataloader_num_workers=0', 'data.sampler.class_path=null', 'data.sampler.class_name=null', '+data.dataset_fraction=0.005', 'custom_reward_function.path=deepscaler.py', 'custom_reward_function.name=compute_score', 'actor_rollout_ref.model.path=/data/Qwen3-30B-A3B', 'actor_rollout_ref.actor.optim.lr=1e-6', 'actor_rollout_ref.actor.optim.clip_grad=10000', 'actor_rollout_ref.actor.ppo_mini_batch_size=32', 'actor_rollout_ref.actor.ppo_micro_batch_size_per_gpu=1', 'actor_rollout_ref.actor.use_dynamic_bsz=True', 'actor_rollout_ref.actor.ppo_max_token_len_per_gpu=20480', 'actor_rollout_ref.actor.megatron.sequence_parallel=True', 'actor_rollout_ref.actor.megatron.expert_model_parallel_size=4', 'actor_rollout_ref.actor.megatron.tensor_model_parallel_size=4', 'actor_rollout_ref.actor.megatron.pipeline_model_parallel_size=4', 'actor_rollout_ref.actor.megatron.expert_tensor_parallel_size=1', 'actor_rollout_ref.actor.megatron.param_offload=True', 'actor_rollout_ref.actor.megatron.grad_offload=True', 'actor_rollout_ref.actor.megatron.optimizer_offload=False', 'actor_rollout_ref.actor.megatron.use_dist_checkpointing=True', 'actor_rollout_ref.actor.megatron.dist_checkpointing_path=/data/Qwen3-30B-A3B_megatron', 'actor_rollout_ref.actor.use_kl_loss=True', 'actor_rollout_ref.actor.kl_loss_coef=0.001', 'actor_rollout_ref.actor.kl_loss_type=low_var_kl', 'actor_rollout_ref.actor.load_weight=True', 'actor_rollout_ref.actor.megatron.override_transformer_config.recompute_granularity=full', 'actor_rollout_ref.actor.megatron.override_transformer_config.recompute_method=block', 'actor_rollout_ref.actor.megatron.override_transformer_config.recompute_num_layers=1', 'actor_rollout_ref.rollout.log_prob_micro_batch_size_per_gpu=4', 'actor_rollout_ref.rollout.log_prob_use_dynamic_bsz=True', 'actor_rollout_ref.rollout.log_prob_max_token_len_per_gpu=20480', 'actor_rollout_ref.rollout.tensor_model_parallel_size=1', 'actor_rollout_ref.rollout.name=vllm', 'actor_rollout_ref.rollout.gpu_memory_utilization=0.85', 'actor_rollout_ref.rollout.max_num_batched_tokens=1024', 'actor_rollout_ref.rollout.enforce_eager=True', 'actor_rollout_ref.rollout.max_num_seqs=32', 'actor_rollout_ref.rollout.n=16', 'actor_rollout_ref.rollout.temperature=0.9', 'actor_rollout_ref.rollout.top_k=50', 'actor_rollout_ref.rollout.top_p=0.9', 'actor_rollout_ref.rollout.ignore_eos=False', 'actor_rollout_ref.ref.log_prob_micro_batch_size_per_gpu=8', 'actor_rollout_ref.ref.megatron.param_offload=True', 'actor_rollout_ref.ref.load_weight=True', 'actor_rollout_ref.ref.megatron.use_dist_checkpointing=True', 'actor_rollout_ref.ref.megatron.dist_checkpointing_path=/data/Qwen3-30B-A3B_megatron', 'algorithm.kl_ctrl.kl_coef=0.001', 'trainer.balance_batch=False', 'trainer.device=npu', 'trainer.val_before_train=False', 'trainer.critic_warmup=0', 'trainer.logger=[console,tensorboard]', 'trainer.project_name=verl_grpo_example', 'trainer.experiment_name=qwen3_30_verl_mindspeedllm_vllm', 'trainer.n_gpus_per_node=16', 'trainer.nnodes=1', 'trainer.save_freq=-1', 'trainer.max_actor_ckpt_to_keep=3', 'trainer.max_critic_ckpt_to_keep=1', 'actor_rollout_ref.actor.checkpoint.save_contents=[model]', 'actor_rollout_ref.actor.checkpoint.load_contents=[model]', 'critic.checkpoint.save_contents=[model]', 'critic.checkpoint.load_contents=[model]', '+trainer.save_epoch_freq=0', 'trainer.default_local_dir=/workspace/cann-recipes-train/llm_rl/qwen3_shrink_aware/mode1_baseline_random_batch_floor4', 'trainer.test_freq=-1', 'trainer.total_epochs=3', '+trainer.rollout_data_dir=/workspace/cann-recipes-train/llm_rl/qwen3_shrink_aware/mode1_baseline_random_batch_floor4/rollout_data', '+trainer.rollout_length_dir=/workspace/cann-recipes-train/llm_rl/qwen3_shrink_aware/mode1_baseline_random_batch_floor4/rollout_length', '+actor_rollout_ref.actor.megatron.override_transformer_config.use_flash_attn=True', '+actor_rollout_ref.actor.megatron.override_transformer_config.pipeline_num_transformer_layers=[[11],[13],[13],[11]]', '+actor_rollout_ref.actor.megatron.override_transformer_config.moe_token_dispatcher_type=alltoall', '+actor_rollout_ref.actor.megatron.override_transformer_config.moe_alltoall_overlap_comm=True', '+actor_rollout_ref.actor.megatron.override_transformer_config.use_fused_rotary_pos_emb=True', '+actor_rollout_ref.actor.megatron.override_transformer_config.use_fused_swiglu=True', '+actor_rollout_ref.actor.megatron.override_transformer_config.seq_length=2048', '+actor_rollout_ref.actor.megatron.override_transformer_config.num_layers_in_first_pipeline_stage=11', '+actor_rollout_ref.actor.megatron.override_transformer_config.num_layers_in_last_pipeline_stage=11', '+actor_rollout_ref.actor.megatron.override_transformer_config.swap_optimizer=True', 'data.train_files=/data/deepscaler/train.parquet', 'data.val_files=/data/deepscaler/test.parquet', 'data.train_batch_size=32', 'data.max_prompt_length=1024', 'data.max_response_length=16384', 'data.shuffle=True', 'actor_rollout_ref.model.path=/data/Qwen3-30B-A3B', 'actor_rollout_ref.actor.megatron.dist_checkpointing_path=/data/Qwen3-30B-A3B_megatron', 'actor_rollout_ref.ref.megatron.dist_checkpointing_path=/data/Qwen3-30B-A3B_megatron', 'actor_rollout_ref.rollout.max_num_batched_tokens=17408', 'actor_rollout_ref.rollout.max_num_seqs=32', 'actor_rollout_ref.rollout.n=16', 'actor_rollout_ref.rollout.gpu_memory_utilization=0.85', 'actor_rollout_ref.rollout.shrink_aware.enable_shrink_aware_scheduling=false', 'actor_rollout_ref.rollout.shrink_aware.shrink_aware_mode=off', 'actor_rollout_ref.rollout.shrink_aware.enable_shrink_aware_logging=false', 'trainer.total_epochs=1']
Traceback (most recent call last):
  File "<frozen runpy>", line 198, in _run_module_as_main
  File "<frozen runpy>", line 88, in _run_code
  File "/workspace/cann-recipes-train/llm_rl/qwen3_shrink_aware/verl/trainer/main_ppo.py", line 478, in <module>
    main()
  File "/usr/local/python3.11.14/lib/python3.11/site-packages/hydra/main.py", line 94, in decorated_main
    _run_hydra(
  File "/usr/local/python3.11.14/lib/python3.11/site-packages/hydra/_internal/utils.py", line 394, in _run_hydra
    _run_app(
  File "/usr/local/python3.11.14/lib/python3.11/site-packages/hydra/_internal/utils.py", line 457, in _run_app
    run_and_report(
  File "/usr/local/python3.11.14/lib/python3.11/site-packages/hydra/_internal/utils.py", line 223, in run_and_report
    raise ex
  File "/usr/local/python3.11.14/lib/python3.11/site-packages/hydra/_internal/utils.py", line 220, in run_and_report
    return func()
           ^^^^^^
  File "/usr/local/python3.11.14/lib/python3.11/site-packages/hydra/_internal/utils.py", line 458, in <lambda>
    lambda: hydra.run(
            ^^^^^^^^^^
  File "/usr/local/python3.11.14/lib/python3.11/site-packages/hydra/_internal/hydra.py", line 132, in run
    _ = ret.return_value
        ^^^^^^^^^^^^^^^^
  File "/usr/local/python3.11.14/lib/python3.11/site-packages/hydra/core/utils.py", line 260, in return_value
    raise self._return_value
  File "/usr/local/python3.11.14/lib/python3.11/site-packages/hydra/core/utils.py", line 186, in run_job
    ret.return_value = task_function(task_cfg)
                       ^^^^^^^^^^^^^^^^^^^^^^^
  File "/workspace/cann-recipes-train/llm_rl/qwen3_shrink_aware/verl/trainer/main_ppo.py", line 50, in main
    run_ppo(config)
  File "/workspace/cann-recipes-train/llm_rl/qwen3_shrink_aware/verl/trainer/main_ppo.py", line 112, in run_ppo
    ray.get(task_ref)
  File "/usr/local/python3.11.14/lib/python3.11/site-packages/ray/_private/auto_init_hook.py", line 22, in auto_init_wrapper
    return fn(*args, **kwargs)
           ^^^^^^^^^^^^^^^^^^^
  File "/usr/local/python3.11.14/lib/python3.11/site-packages/ray/_private/client_mode_hook.py", line 104, in wrapper
    return func(*args, **kwargs)
           ^^^^^^^^^^^^^^^^^^^^^
  File "/usr/local/python3.11.14/lib/python3.11/site-packages/ray/_private/worker.py", line 2858, in get
    values, debugger_breakpoint = worker.get_objects(object_refs, timeout=timeout)
                                  ^^^^^^^^^^^^^^^^^^^^^^^^^^^^^^^^^^^^^^^^^^^^^^^^
  File "/usr/local/python3.11.14/lib/python3.11/site-packages/ray/_private/worker.py", line 958, in get_objects
    raise value.as_instanceof_cause()
ray.exceptions.RayTaskError(RuntimeError): [36mray::TaskRunner.run()[39m (pid=3104355, ip=192.168.0.138, actor_id=4c371f8d79d088b4032d01ec01000000, repr=<main_ppo.TaskRunner object at 0xffff869b9dd0>)
           ^^^^^^^^^^^^^^^^^^^^^^^^^^^^^^^^^^^^
           ^^^^^^^^^^^^^^^^^^^^^^^^^^^^^^^
  File "/workspace/cann-recipes-train/llm_rl/qwen3_shrink_aware/verl/trainer/main_ppo.py", line 380, in run
    trainer.fit()
  File "/workspace/cann-recipes-train/llm_rl/qwen3_shrink_aware/verl/trainer/ppo/ray_trainer.py", line 1279, in fit
    gen_batch_output = self.actor_rollout_wg.generate_sequences(gen_batch)
                       ^^^^^^^^^^^^^^^^^^^^^^^^^^^^^^^^^^^^^^^^^^^^^^^^^^^
  File "/workspace/cann-recipes-train/llm_rl/qwen3_shrink_aware/verl/single_controller/ray/base.py", line 66, in __call__
    output = ray.get(output)
             ^^^^^^^^^^^^^^^
           ^^^^^^^^^^^^^^^^^^^
           ^^^^^^^^^^^^^^^^^^^^^
                                  ^^^^^^^^^^^^^^^^^^^^^^^^^^^^^^^^^^^^^^^^^^^^^^^^
ray.exceptions.RayTaskError(RuntimeError): [36mray::WorkerDict.actor_rollout_generate_sequences()[39m (pid=3105825, ip=192.168.0.138, actor_id=aca2d50e84230c64e0ac6d8701000000, repr=<verl.single_controller.ray.base.WorkerDict object at 0xffd041f3a250>)
           ^^^^^^^^^^^^^^^^^^^^^^^^^^^^^^^^^^^^
           ^^^^^^^^^^^^^^^^^^^^^^^^^^^^^^^
  File "/workspace/cann-recipes-train/llm_rl/qwen3_shrink_aware/verl/single_controller/ray/base.py", line 743, in func
    return getattr(self.worker_dict[key], name)(*args, **kwargs)
           ^^^^^^^^^^^^^^^^^^^^^^^^^^^^^^^^^^^^^^^^^^^^^^^^^^^^^
  File "/workspace/cann-recipes-train/llm_rl/qwen3_shrink_aware/verl/single_controller/base/decorator.py", line 433, in inner
    return func(*args, **kwargs)
           ^^^^^^^^^^^^^^^^^^^^^
  File "/workspace/cann-recipes-train/llm_rl/qwen3_shrink_aware/verl/utils/profiler/performance.py", line 105, in f
    return self.log(decorated_function, *args, **kwargs)
           ^^^^^^^^^^^^^^^^^^^^^^^^^^^^^^^^^^^^^^^^^^^^^
  File "/workspace/cann-recipes-train/llm_rl/qwen3_shrink_aware/verl/utils/profiler/performance.py", line 118, in log
    output = func(*args, **kwargs)
             ^^^^^^^^^^^^^^^^^^^^^
  File "/workspace/cann-recipes-train/llm_rl/qwen3_shrink_aware/verl/utils/profiler/profile.py", line 256, in wrapper
    return func(self_instance, *args, **kwargs_inner)
           ^^^^^^^^^^^^^^^^^^^^^^^^^^^^^^^^^^^^^^^^^^
  File "/workspace/cann-recipes-train/llm_rl/qwen3_shrink_aware/verl/workers/megatron_workers.py", line 733, in generate_sequences
    output = self.rollout.generate_sequences(prompts=prompts)
             ^^^^^^^^^^^^^^^^^^^^^^^^^^^^^^^^^^^^^^^^^^^^^^^^
  File "/workspace/cann-recipes-train/llm_rl/qwen3_shrink_aware/verl/utils/profiler/performance.py", line 105, in f
    return self.log(decorated_function, *args, **kwargs)
           ^^^^^^^^^^^^^^^^^^^^^^^^^^^^^^^^^^^^^^^^^^^^^
  File "/workspace/cann-recipes-train/llm_rl/qwen3_shrink_aware/verl/utils/profiler/performance.py", line 118, in log
    output = func(*args, **kwargs)
             ^^^^^^^^^^^^^^^^^^^^^
  File "/usr/local/python3.11.14/lib/python3.11/site-packages/torch/utils/_contextlib.py", line 120, in decorate_context
    return func(*args, **kwargs)
           ^^^^^^^^^^^^^^^^^^^^^
  File "/workspace/cann-recipes-train/llm_rl/qwen3_shrink_aware/verl/workers/rollout/vllm_rollout/vllm_rollout_spmd.py", line 1156, in generate_sequences
    outputs = self.inference_engine.generate(
              ^^^^^^^^^^^^^^^^^^^^^^^^^^^^^^^
  File "/workspace/cann-recipes-train/llm_rl/qwen3_shrink_aware/vllm/entrypoints/llm.py", line 408, in generate
    outputs = self._run_engine(use_tqdm=use_tqdm)
              ^^^^^^^^^^^^^^^^^^^^^^^^^^^^^^^^^^^
  File "/workspace/cann-recipes-train/llm_rl/qwen3_shrink_aware/vllm/entrypoints/llm.py", line 1649, in _run_engine
    step_outputs = self.llm_engine.step()
                   ^^^^^^^^^^^^^^^^^^^^^^
  File "/workspace/cann-recipes-train/llm_rl/qwen3_shrink_aware/vllm/v1/engine/llm_engine.py", line 933, in step
    outputs = self.engine_core.get_output()
              ^^^^^^^^^^^^^^^^^^^^^^^^^^^^^
  File "/workspace/cann-recipes-train/llm_rl/qwen3_shrink_aware/vllm/v1/engine/core_client.py", line 249, in get_output
    outputs, model_executed = self.engine_core.step_fn()
                              ^^^^^^^^^^^^^^^^^^^^^^^^^^
  File "/workspace/cann-recipes-train/llm_rl/qwen3_shrink_aware/vllm/v1/engine/core.py", line 307, in step
    model_output = self.execute_model_with_error_logging(
                   ^^^^^^^^^^^^^^^^^^^^^^^^^^^^^^^^^^^^^^
  File "/workspace/cann-recipes-train/llm_rl/qwen3_shrink_aware/vllm/v1/engine/core.py", line 293, in execute_model_with_error_logging
    raise err
  File "/workspace/cann-recipes-train/llm_rl/qwen3_shrink_aware/vllm/v1/engine/core.py", line 278, in execute_model_with_error_logging
    output = model_fn(scheduler_output)
             ^^^^^^^^^^^^^^^^^^^^^^^^^^
  File "/workspace/cann-recipes-train/llm_rl/qwen3_shrink_aware/vllm/v1/executor/abstract.py", line 103, in execute_model
    output = self.collective_rpc("execute_model",
             ^^^^^^^^^^^^^^^^^^^^^^^^^^^^^^^^^^^^
  File "/workspace/cann-recipes-train/llm_rl/qwen3_shrink_aware/vllm/executor/uniproc_executor.py", line 83, in collective_rpc
    return [run_method(self.driver_worker, method, args, kwargs)]
            ^^^^^^^^^^^^^^^^^^^^^^^^^^^^^^^^^^^^^^^^^^^^^^^^^^^^
  File "/workspace/cann-recipes-train/llm_rl/qwen3_shrink_aware/vllm/utils/__init__.py", line 3122, in run_method
    return func(*args, **kwargs)
           ^^^^^^^^^^^^^^^^^^^^^
  File "/workspace/cann-recipes-train/llm_rl/qwen3_shrink_aware/vllm_ascend/worker/worker_v1.py", line 1902, in execute_model
    output = self.model_runner.execute_model(scheduler_output,
             ^^^^^^^^^^^^^^^^^^^^^^^^^^^^^^^^^^^^^^^^^^^^^^^^^
  File "/usr/local/python3.11.14/lib/python3.11/site-packages/torch/utils/_contextlib.py", line 120, in decorate_context
    return func(*args, **kwargs)
           ^^^^^^^^^^^^^^^^^^^^^
  File "/workspace/cann-recipes-train/llm_rl/qwen3_shrink_aware/vllm_ascend/worker/model_runner_v1.py", line 2394, in execute_model
    hidden_states = self._generate_process_reqs_hidden_states(
                    ^^^^^^^^^^^^^^^^^^^^^^^^^^^^^^^^^^^^^^^^^^
  File "/workspace/cann-recipes-train/llm_rl/qwen3_shrink_aware/vllm_ascend/worker/model_runner_v1.py", line 1896, in _generate_process_reqs_hidden_states
    hidden_states = self.model(
                    ^^^^^^^^^^^
  File "/usr/local/python3.11.14/lib/python3.11/site-packages/torch/nn/modules/module.py", line 1775, in _wrapped_call_impl
    return self._call_impl(*args, **kwargs)
           ^^^^^^^^^^^^^^^^^^^^^^^^^^^^^^^^
  File "/usr/local/python3.11.14/lib/python3.11/site-packages/torch/nn/modules/module.py", line 1786, in _call_impl
    return forward_call(*args, **kwargs)
           ^^^^^^^^^^^^^^^^^^^^^^^^^^^^^
  File "/workspace/cann-recipes-train/llm_rl/qwen3_shrink_aware/vllm/model_executor/models/qwen3_moe.py", line 910, in forward
    hidden_states = self.model(input_ids, positions, intermediate_tensors,
                    ^^^^^^^^^^^^^^^^^^^^^^^^^^^^^^^^^^^^^^^^^^^^^^^^^^^^^^
  File "/workspace/cann-recipes-train/llm_rl/qwen3_shrink_aware/vllm/compilation/decorators.py", line 225, in __call__
    return self.forward(*args, **kwargs)
           ^^^^^^^^^^^^^^^^^^^^^^^^^^^^^
  File "/workspace/cann-recipes-train/llm_rl/qwen3_shrink_aware/vllm/model_executor/models/qwen3_moe.py", line 595, in forward
    hidden_states, residual = layer(positions, hidden_states, residual, is_dummy=is_dummy)
                              ^^^^^^^^^^^^^^^^^^^^^^^^^^^^^^^^^^^^^^^^^^^^^^^^^^^^^^^^^^^^
  File "/usr/local/python3.11.14/lib/python3.11/site-packages/torch/nn/modules/module.py", line 1775, in _wrapped_call_impl
    return self._call_impl(*args, **kwargs)
           ^^^^^^^^^^^^^^^^^^^^^^^^^^^^^^^^
  File "/usr/local/python3.11.14/lib/python3.11/site-packages/torch/nn/modules/module.py", line 1786, in _call_impl
    return forward_call(*args, **kwargs)
           ^^^^^^^^^^^^^^^^^^^^^^^^^^^^^
  File "/workspace/cann-recipes-train/llm_rl/qwen3_shrink_aware/vllm_ascend/models/qwen3_moe.py", line 519, in forward
    return super().forward(positions, hidden_states, residual, is_dummy)
           ^^^^^^^^^^^^^^^^^^^^^^^^^^^^^^^^^^^^^^^^^^^^^^^^^^^^^^^^^^^^^
  File "/workspace/cann-recipes-train/llm_rl/qwen3_shrink_aware/vllm/model_executor/models/qwen3_moe.py", line 532, in forward
    hidden_states = self.mlp(hidden_states, is_dummy=is_dummy)
                    ^^^^^^^^^^^^^^^^^^^^^^^^^^^^^^^^^^^^^^^^^^
  File "/usr/local/python3.11.14/lib/python3.11/site-packages/torch/nn/modules/module.py", line 1775, in _wrapped_call_impl
    return self._call_impl(*args, **kwargs)
           ^^^^^^^^^^^^^^^^^^^^^^^^^^^^^^^^
  File "/usr/local/python3.11.14/lib/python3.11/site-packages/torch/nn/modules/module.py", line 1786, in _call_impl
    return forward_call(*args, **kwargs)
           ^^^^^^^^^^^^^^^^^^^^^^^^^^^^^
  File "/workspace/cann-recipes-train/llm_rl/qwen3_shrink_aware/vllm_ascend/models/qwen3_moe.py", line 386, in forward
    hidden_states = self.experts(
                    ^^^^^^^^^^^^^
  File "/usr/local/python3.11.14/lib/python3.11/site-packages/torch/nn/modules/module.py", line 1775, in _wrapped_call_impl
    return self._call_impl(*args, **kwargs)
           ^^^^^^^^^^^^^^^^^^^^^^^^^^^^^^^^
  File "/usr/local/python3.11.14/lib/python3.11/site-packages/torch/nn/modules/module.py", line 1786, in _call_impl
    return forward_call(*args, **kwargs)
           ^^^^^^^^^^^^^^^^^^^^^^^^^^^^^
  File "/workspace/cann-recipes-train/llm_rl/qwen3_shrink_aware/vllm_ascend/ops/fused_moe.py", line 8570, in forward
    e_hidden_states = self.quant_method.apply(
                      ^^^^^^^^^^^^^^^^^^^^^^^^
  File "/workspace/cann-recipes-train/llm_rl/qwen3_shrink_aware/vllm_ascend/ops/fused_moe.py", line 4373, in apply
    if torch.any(mask):
RuntimeError: The Inner error is reported as above. The process exits for this inner error, and the current working operator name is aclnnMoeDistributeDispatchV4.
Since the operator is called asynchronously, the stacktrace may be inaccurate. If you want to get the accurate stacktrace, please set the environment variable ASCEND_LAUNCH_BLOCKING=1.
Note: ASCEND_LAUNCH_BLOCKING=1 will force ops to run in synchronous mode, resulting in performance degradation. Please unset ASCEND_LAUNCH_BLOCKING in time after debugging.
[ERROR] 2026-06-16-22:13:24 (PID:3105825, Device:0, RankID:10) ERR00100 PTA call acl api failed.
[36m(WorkerDict pid=3105829)[0m [rank12]:[E616 22:13:24.519785171 compiler_depend.ts:444] operator():build/CMakeFiles/torch_npu.dir/compiler_depend.ts:162 NPU function error: call aclnnMoeDistributeDispatchV4 failed, error code is 207001
[36m(WorkerDict pid=3105829)[0m [ERROR] 2026-06-16-22:13:24 (PID:3105829, Device:0, RankID:12) ERR00100 PTA call acl api failed
[36m(WorkerDict pid=3105829)[0m [Error]: Failed to apply for memory.
[36m(WorkerDict pid=3105829)[0m         Check the remaining storage space in the hardware environment.
[36m(WorkerDict pid=3105829)[0m [PID: 3105829] 2026-06-16-22:13:23.135.312 Memory_Allocation_Failure(EL0004): Failed to allocate memory requested by HCCL module.
[36m(WorkerDict pid=3105829)[0m         Possible Cause: Available memory is insufficient.
[36m(WorkerDict pid=3105829)[0m         Solution: Close applications not in use.
[36m(WorkerDict pid=3105829)[0m         TraceBack (most recent call last):
[36m(WorkerDict pid=3105829)[0m         alloc memory failed, runtime result = 207001[FUNC:ReportCallError][FILE:log_inner.cpp][LINE:148]
[36m(WorkerDict pid=3105829)[0m         Failed to allocate [size:1678770176] bytes of NPU memory.
[36m(WorkerDict pid=3105829)[0m         Nnopbase fails to invoke the HcclAllocComResourceByTiling function of the hccl module. ret = 24, comm = 0xffcfb6664000.
[36m(WorkerDict pid=3105829)[0m         Check nnopbase::IndvHcclWrapper::GetInstance().HcclAllocComResourceByTiling(commHandle, stream, ((NnopbaseTilingData *)executor->args->tilingInfo.tilingData)->GetData(), &contextAddr) failed
[36m(WorkerDict pid=3105829)[0m         Check NnopbaseGetHcomResource(executor, stream) failed
[36m(WorkerDict pid=3105829)[0m         Check NnopbaseExecutorGetMc2Num(executor, stream, &argsAddr, &mc2Num) failed
[36m(WorkerDict pid=3105829)[0m         Check NnopbaseExecutorPrepareParamsExt(executor, stream) failed
[36m(WorkerDict pid=3105829)[0m         Check NnopbaseRunWithWorkspace(executor, stream, workspace, workspaceSize) failed
[36m(WorkerDict pid=3105829)[0m 
[36m(WorkerDict pid=3105829)[0m Exception raised from operator() at build/CMakeFiles/torch_npu.dir/compiler_depend.ts:162 (most recent call first):
[36m(WorkerDict pid=3105829)[0m frame #0: c10::Error::Error(c10::SourceLocation, std::__cxx11::basic_string<char, std::char_traits<char>, std::allocator<char> >) + 0xb0 (0xffff84b0c700 in /usr/local/python3.11.14/lib/python3.11/site-packages/torch/lib/libc10.so)
[36m(WorkerDict pid=3105829)[0m frame #1: c10::detail::torchCheckFail(char const*, char const*, unsigned int, std::__cxx11::basic_string<char, std::char_traits<char>, std::allocator<char> > const&) + 0x68 (0xffff84aaa860 in /usr/local/python3.11.14/lib/python3.11/site-packages/torch/lib/libc10.so)
[36m(WorkerDict pid=3105829)[0m frame #2: <unknown function> + 0x1a74f1c (0xffd0b53b4f1c in /usr/local/python3.11.14/lib/python3.11/site-packages/torch_npu/lib/libtorch_npu.so)
[36m(WorkerDict pid=3105829)[0m frame #3: <unknown function> + 0x2c77e24 (0xffd0b65b7e24 in /usr/local/python3.11.14/lib/python3.11/site-packages/torch_npu/lib/libtorch_npu.so)
[36m(WorkerDict pid=3105829)[0m frame #4: <unknown function> + 0xa607d0 (0xffd0b43a07d0 in /usr/local/python3.11.14/lib/python3.11/site-packages/torch_npu/lib/libtorch_npu.so)
[36m(WorkerDict pid=3105829)[0m frame #5: <unknown function> + 0xa613ac (0xffd0b43a13ac in /usr/local/python3.11.14/lib/python3.11/site-packages/torch_npu/lib/libtorch_npu.so)
[36m(WorkerDict pid=3105829)[0m frame #6: <unknown function> + 0xa5f2c8 (0xffd0b439f2c8 in /usr/local/python3.11.14/lib/python3.11/site-packages/torch_npu/lib/libtorch_npu.so)
[36m(WorkerDict pid=3105829)[0m frame #7: <unknown function> + 0xd442c (0xffff93ad442c in /lib64/libstdc++.so.6)
[36m(WorkerDict pid=3105829)[0m frame #8: <unknown function> + 0x7fbb4 (0xffff93cbfbb4 in /lib64/libc.so.6)
[36m(WorkerDict pid=3105829)[0m frame #9: <unknown function> + 0xe7f4c (0xffff93d27f4c in /lib64/libc.so.6)
[36m(WorkerDict pid=3105829)[0m 
[36m(WorkerDict pid=3105829)[0m Processed prompts:  84%|████████▍ | 27/32 [12:05<02:14, 26.87s/it, est. speed input: 3.17 toks/s, output: 206.25 toks/s]
[36m(TaskRunner pid=3104355)[0m Unhandled error (suppress with 'RAY_IGNORE_UNHANDLED_ERRORS=1'): [36mray::WorkerDict.actor_rollout_generate_sequences()[39m (pid=3105829, ip=192.168.0.138, actor_id=65751c89eb83be6c6ffbaed901000000, repr=<verl.single_controller.ray.base.WorkerDict object at 0xffcff8528250>)
[36m(TaskRunner pid=3104355)[0m            ^^^^^^^^^^^^^^^^^^^^^^^^^^^^^^^^^^^^
[36m(TaskRunner pid=3104355)[0m            ^^^^^^^^^^^^^^^^^^^^^^^^^^^^^^^
[36m(TaskRunner pid=3104355)[0m   File "/workspace/cann-recipes-train/llm_rl/qwen3_shrink_aware/verl/single_controller/ray/base.py", line 743, in func
[36m(TaskRunner pid=3104355)[0m     return getattr(self.worker_dict[key], name)(*args, **kwargs)
[36m(TaskRunner pid=3104355)[0m            ^^^^^^^^^^^^^^^^^^^^^^^^^^^^^^^^^^^^^^^^^^^^^^^^^^^^^
[36m(TaskRunner pid=3104355)[0m   File "/workspace/cann-recipes-train/llm_rl/qwen3_shrink_aware/verl/single_controller/base/decorator.py", line 433, in inner
[36m(TaskRunner pid=3104355)[0m     return func(*args, **kwargs)
[36m(TaskRunner pid=3104355)[0m            ^^^^^^^^^^^^^^^^^^^^^
[36m(TaskRunner pid=3104355)[0m   File "/workspace/cann-recipes-train/llm_rl/qwen3_shrink_aware/verl/utils/profiler/performance.py", line 105, in f
[36m(TaskRunner pid=3104355)[0m     return self.log(decorated_function, *args, **kwargs)
[36m(TaskRunner pid=3104355)[0m            ^^^^^^^^^^^^^^^^^^^^^^^^^^^^^^^^^^^^^^^^^^^^^
[36m(TaskRunner pid=3104355)[0m   File "/workspace/cann-recipes-train/llm_rl/qwen3_shrink_aware/verl/utils/profiler/performance.py", line 118, in log
[36m(TaskRunner pid=3104355)[0m     output = func(*args, **kwargs)
[36m(TaskRunner pid=3104355)[0m              ^^^^^^^^^^^^^^^^^^^^^
[36m(TaskRunner pid=3104355)[0m   File "/workspace/cann-recipes-train/llm_rl/qwen3_shrink_aware/verl/utils/profiler/profile.py", line 256, in wrapper
[36m(TaskRunner pid=3104355)[0m     return func(self_instance, *args, **kwargs_inner)
[36m(TaskRunner pid=3104355)[0m            ^^^^^^^^^^^^^^^^^^^^^^^^^^^^^^^^^^^^^^^^^^
[36m(TaskRunner pid=3104355)[0m   File "/workspace/cann-recipes-train/llm_rl/qwen3_shrink_aware/verl/workers/megatron_workers.py", line 733, in generate_sequences
[36m(TaskRunner pid=3104355)[0m     output = self.rollout.generate_sequences(prompts=prompts)
[36m(TaskRunner pid=3104355)[0m              ^^^^^^^^^^^^^^^^^^^^^^^^^^^^^^^^^^^^^^^^^^^^^^^^
[36m(TaskRunner pid=3104355)[0m   File "/workspace/cann-recipes-train/llm_rl/qwen3_shrink_aware/verl/utils/profiler/performance.py", line 105, in f
[36m(TaskRunner pid=3104355)[0m     return self.log(decorated_function, *args, **kwargs)
[36m(TaskRunner pid=3104355)[0m            ^^^^^^^^^^^^^^^^^^^^^^^^^^^^^^^^^^^^^^^^^^^^^
[36m(TaskRunner pid=3104355)[0m   File "/workspace/cann-recipes-train/llm_rl/qwen3_shrink_aware/verl/utils/profiler/performance.py", line 118, in log
[36m(TaskRunner pid=3104355)[0m     output = func(*args, **kwargs)
[36m(TaskRunner pid=3104355)[0m              ^^^^^^^^^^^^^^^^^^^^^
[36m(TaskRunner pid=3104355)[0m   File "/usr/local/python3.11.14/lib/python3.11/site-packages/torch/utils/_contextlib.py", line 120, in decorate_context
[36m(TaskRunner pid=3104355)[0m     return func(*args, **kwargs)
[36m(TaskRunner pid=3104355)[0m            ^^^^^^^^^^^^^^^^^^^^^
[36m(TaskRunner pid=3104355)[0m   File "/workspace/cann-recipes-train/llm_rl/qwen3_shrink_aware/verl/workers/rollout/vllm_rollout/vllm_rollout_spmd.py", line 1156, in generate_sequences
[36m(TaskRunner pid=3104355)[0m     outputs = self.inference_engine.generate(
[36m(TaskRunner pid=3104355)[0m               ^^^^^^^^^^^^^^^^^^^^^^^^^^^^^^^
[36m(TaskRunner pid=3104355)[0m   File "/workspace/cann-recipes-train/llm_rl/qwen3_shrink_aware/vllm/entrypoints/llm.py", line 408, in generate
[36m(TaskRunner pid=3104355)[0m     outputs = self._run_engine(use_tqdm=use_tqdm)
[36m(TaskRunner pid=3104355)[0m               ^^^^^^^^^^^^^^^^^^^^^^^^^^^^^^^^^^^
[36m(TaskRunner pid=3104355)[0m   File "/workspace/cann-recipes-train/llm_rl/qwen3_shrink_aware/vllm/entrypoints/llm.py", line 1649, in _run_engine
[36m(TaskRunner pid=3104355)[0m     step_outputs = self.llm_engine.step()
[36m(TaskRunner pid=3104355)[0m                    ^^^^^^^^^^^^^^^^^^^^^^
[36m(TaskRunner pid=3104355)[0m   File "/workspace/cann-recipes-train/llm_rl/qwen3_shrink_aware/vllm/v1/engine/llm_engine.py", line 933, in step
[36m(TaskRunner pid=3104355)[0m     outputs = self.engine_core.get_output()
[36m(TaskRunner pid=3104355)[0m               ^^^^^^^^^^^^^^^^^^^^^^^^^^^^^
[36m(TaskRunner pid=3104355)[0m   File "/workspace/cann-recipes-train/llm_rl/qwen3_shrink_aware/vllm/v1/engine/core_client.py", line 249, in get_output
[36m(TaskRunner pid=3104355)[0m     outputs, model_executed = self.engine_core.step_fn()
[36m(TaskRunner pid=3104355)[0m                               ^^^^^^^^^^^^^^^^^^^^^^^^^^
[36m(TaskRunner pid=3104355)[0m   File "/workspace/cann-recipes-train/llm_rl/qwen3_shrink_aware/vllm/v1/engine/core.py", line 307, in step
[36m(TaskRunner pid=3104355)[0m     model_output = self.execute_model_with_error_logging(
[36m(TaskRunner pid=3104355)[0m                    ^^^^^^^^^^^^^^^^^^^^^^^^^^^^^^^^^^^^^^
[36m(TaskRunner pid=3104355)[0m   File "/workspace/cann-recipes-train/llm_rl/qwen3_shrink_aware/vllm/v1/engine/core.py", line 293, in execute_model_with_error_logging
[36m(TaskRunner pid=3104355)[0m     raise err
[36m(TaskRunner pid=3104355)[0m   File "/workspace/cann-recipes-train/llm_rl/qwen3_shrink_aware/vllm/v1/engine/core.py", line 278, in execute_model_with_error_logging
[36m(TaskRunner pid=3104355)[0m     output = model_fn(scheduler_output)
[36m(TaskRunner pid=3104355)[0m              ^^^^^^^^^^^^^^^^^^^^^^^^^^
[36m(TaskRunner pid=3104355)[0m   File "/workspace/cann-recipes-train/llm_rl/qwen3_shrink_aware/vllm/v1/executor/abstract.py", line 103, in execute_model
[36m(TaskRunner pid=3104355)[0m     output = self.collective_rpc("execute_model",
[36m(TaskRunner pid=3104355)[0m              ^^^^^^^^^^^^^^^^^^^^^^^^^^^^^^^^^^^^
[36m(TaskRunner pid=3104355)[0m   File "/workspace/cann-recipes-train/llm_rl/qwen3_shrink_aware/vllm/executor/uniproc_executor.py", line 83, in collective_rpc
[36m(TaskRunner pid=3104355)[0m     return [run_method(self.driver_worker, method, args, kwargs)]
[36m(TaskRunner pid=3104355)[0m             ^^^^^^^^^^^^^^^^^^^^^^^^^^^^^^^^^^^^^^^^^^^^^^^^^^^^
[36m(TaskRunner pid=3104355)[0m   File "/workspace/cann-recipes-train/llm_rl/qwen3_shrink_aware/vllm/utils/__init__.py", line 3122, in run_method
[36m(TaskRunner pid=3104355)[0m     return func(*args, **kwargs)
[36m(TaskRunner pid=3104355)[0m            ^^^^^^^^^^^^^^^^^^^^^
[36m(TaskRunner pid=3104355)[0m   File "/workspace/cann-recipes-train/llm_rl/qwen3_shrink_aware/vllm_ascend/worker/worker_v1.py", line 1902, in execute_model
[36m(TaskRunner pid=3104355)[0m     output = self.model_runner.execute_model(scheduler_output,
[36m(TaskRunner pid=3104355)[0m              ^^^^^^^^^^^^^^^^^^^^^^^^^^^^^^^^^^^^^^^^^^^^^^^^^
[36m(TaskRunner pid=3104355)[0m   File "/usr/local/python3.11.14/lib/python3.11/site-packages/torch/utils/_contextlib.py", line 120, in decorate_context
[36m(TaskRunner pid=3104355)[0m     return func(*args, **kwargs)
[36m(TaskRunner pid=3104355)[0m            ^^^^^^^^^^^^^^^^^^^^^
[36m(TaskRunner pid=3104355)[0m   File "/workspace/cann-recipes-train/llm_rl/qwen3_shrink_aware/vllm_ascend/worker/model_runner_v1.py", line 2394, in execute_model
[36m(TaskRunner pid=3104355)[0m     hidden_states = self._generate_process_reqs_hidden_states(
[36m(TaskRunner pid=3104355)[0m                     ^^^^^^^^^^^^^^^^^^^^^^^^^^^^^^^^^^^^^^^^^^
[36m(TaskRunner pid=3104355)[0m   File "/workspace/cann-recipes-train/llm_rl/qwen3_shrink_aware/vllm_ascend/worker/model_runner_v1.py", line 1896, in _generate_process_reqs_hidden_states
[36m(TaskRunner pid=3104355)[0m     hidden_states = self.model(
[36m(TaskRunner pid=3104355)[0m                     ^^^^^^^^^^^
[36m(TaskRunner pid=3104355)[0m   File "/usr/local/python3.11.14/lib/python3.11/site-packages/torch/nn/modules/module.py", line 1775, in _wrapped_call_impl
[36m(TaskRunner pid=3104355)[0m     return self._call_impl(*args, **kwargs)
[36m(TaskRunner pid=3104355)[0m            ^^^^^^^^^^^^^^^^^^^^^^^^^^^^^^^^
[36m(TaskRunner pid=3104355)[0m   File "/usr/local/python3.11.14/lib/python3.11/site-packages/torch/nn/modules/module.py", line 1786, in _call_impl
[36m(TaskRunner pid=3104355)[0m     return forward_call(*args, **kwargs)
[36m(TaskRunner pid=3104355)[0m            ^^^^^^^^^^^^^^^^^^^^^^^^^^^^^
[36m(TaskRunner pid=3104355)[0m   File "/workspace/cann-recipes-train/llm_rl/qwen3_shrink_aware/vllm/model_executor/models/qwen3_moe.py", line 910, in forward
[36m(TaskRunner pid=3104355)[0m     hidden_states = self.model(input_ids, positions, intermediate_tensors,
[36m(TaskRunner pid=3104355)[0m                     ^^^^^^^^^^^^^^^^^^^^^^^^^^^^^^^^^^^^^^^^^^^^^^^^^^^^^^
[36m(TaskRunner pid=3104355)[0m   File "/workspace/cann-recipes-train/llm_rl/qwen3_shrink_aware/vllm/compilation/decorators.py", line 225, in __call__
[36m(TaskRunner pid=3104355)[0m     return self.forward(*args, **kwargs)
[36m(TaskRunner pid=3104355)[0m            ^^^^^^^^^^^^^^^^^^^^^^^^^^^^^
[36m(TaskRunner pid=3104355)[0m   File "/workspace/cann-recipes-train/llm_rl/qwen3_shrink_aware/vllm/model_executor/models/qwen3_moe.py", line 595, in forward
[36m(TaskRunner pid=3104355)[0m     hidden_states, residual = layer(positions, hidden_states, residual, is_dummy=is_dummy)
[36m(TaskRunner pid=3104355)[0m                               ^^^^^^^^^^^^^^^^^^^^^^^^^^^^^^^^^^^^^^^^^^^^^^^^^^^^^^^^^^^^
[36m(TaskRunner pid=3104355)[0m   File "/usr/local/python3.11.14/lib/python3.11/site-packages/torch/nn/modules/module.py", line 1775, in _wrapped_call_impl
[36m(TaskRunner pid=3104355)[0m     return self._call_impl(*args, **kwargs)
[36m(TaskRunner pid=3104355)[0m            ^^^^^^^^^^^^^^^^^^^^^^^^^^^^^^^^
[36m(TaskRunner pid=3104355)[0m   File "/usr/local/python3.11.14/lib/python3.11/site-packages/torch/nn/modules/module.py", line 1786, in _call_impl
[36m(TaskRunner pid=3104355)[0m     return forward_call(*args, **kwargs)
[36m(TaskRunner pid=3104355)[0m            ^^^^^^^^^^^^^^^^^^^^^^^^^^^^^
[36m(TaskRunner pid=3104355)[0m   File "/workspace/cann-recipes-train/llm_rl/qwen3_shrink_aware/vllm_ascend/models/qwen3_moe.py", line 519, in forward
[36m(TaskRunner pid=3104355)[0m     return super().forward(positions, hidden_states, residual, is_dummy)
[36m(TaskRunner pid=3104355)[0m            ^^^^^^^^^^^^^^^^^^^^^^^^^^^^^^^^^^^^^^^^^^^^^^^^^^^^^^^^^^^^^
[36m(TaskRunner pid=3104355)[0m   File "/workspace/cann-recipes-train/llm_rl/qwen3_shrink_aware/vllm/model_executor/models/qwen3_moe.py", line 532, in forward
[36m(TaskRunner pid=3104355)[0m     hidden_states = self.mlp(hidden_states, is_dummy=is_dummy)
[36m(TaskRunner pid=3104355)[0m                     ^^^^^^^^^^^^^^^^^^^^^^^^^^^^^^^^^^^^^^^^^^
[36m(TaskRunner pid=3104355)[0m   File "/usr/local/python3.11.14/lib/python3.11/site-packages/torch/nn/modules/module.py", line 1775, in _wrapped_call_impl
[36m(TaskRunner pid=3104355)[0m     return self._call_impl(*args, **kwargs)
[36m(TaskRunner pid=3104355)[0m            ^^^^^^^^^^^^^^^^^^^^^^^^^^^^^^^^
[36m(TaskRunner pid=3104355)[0m   File "/usr/local/python3.11.14/lib/python3.11/site-packages/torch/nn/modules/module.py", line 1786, in _call_impl
[36m(TaskRunner pid=3104355)[0m     return forward_call(*args, **kwargs)
[36m(TaskRunner pid=3104355)[0m            ^^^^^^^^^^^^^^^^^^^^^^^^^^^^^
[36m(TaskRunner pid=3104355)[0m   File "/workspace/cann-recipes-train/llm_rl/qwen3_shrink_aware/vllm_ascend/models/qwen3_moe.py", line 386, in forward
[36m(TaskRunner pid=3104355)[0m     hidden_states = self.experts(
[36m(TaskRunner pid=3104355)[0m                     ^^^^^^^^^^^^^
[36m(TaskRunner pid=3104355)[0m   File "/usr/local/python3.11.14/lib/python3.11/site-packages/torch/nn/modules/module.py", line 1775, in _wrapped_call_impl
[36m(TaskRunner pid=3104355)[0m     return self._call_impl(*args, **kwargs)
[36m(TaskRunner pid=3104355)[0m            ^^^^^^^^^^^^^^^^^^^^^^^^^^^^^^^^
[36m(TaskRunner pid=3104355)[0m   File "/usr/local/python3.11.14/lib/python3.11/site-packages/torch/nn/modules/module.py", line 1786, in _call_impl
[36m(TaskRunner pid=3104355)[0m     return forward_call(*args, **kwargs)
[36m(TaskRunner pid=3104355)[0m            ^^^^^^^^^^^^^^^^^^^^^^^^^^^^^
[36m(TaskRunner pid=3104355)[0m   File "/workspace/cann-recipes-train/llm_rl/qwen3_shrink_aware/vllm_ascend/ops/fused_moe.py", line 8570, in forward
[36m(TaskRunner pid=3104355)[0m     e_hidden_states = self.quant_method.apply(
[36m(TaskRunner pid=3104355)[0m                       ^^^^^^^^^^^^^^^^^^^^^^^^
[36m(TaskRunner pid=3104355)[0m   File "/workspace/cann-recipes-train/llm_rl/qwen3_shrink_aware/vllm_ascend/ops/fused_moe.py", line 4373, in apply
[36m(TaskRunner pid=3104355)[0m     if torch.any(mask):
[36m(TaskRunner pid=3104355)[0m RuntimeError: The Inner error is reported as above. The process exits for this inner error, and the current working operator name is aclnnMoeDistributeDispatchV4.
[36m(TaskRunner pid=3104355)[0m Since the operator is called asynchronously, the stacktrace may be inaccurate. If you want to get the accurate stacktrace, please set the environment variable ASCEND_LAUNCH_BLOCKING=1.
[36m(TaskRunner pid=3104355)[0m Note: ASCEND_LAUNCH_BLOCKING=1 will force ops to run in synchronous mode, resulting in performance degradation. Please unset ASCEND_LAUNCH_BLOCKING in time after debugging.
[36m(TaskRunner pid=3104355)[0m [ERROR] 2026-06-16-22:13:24 (PID:3105829, Device:0, RankID:12) ERR00100 PTA call acl api failed.
[36m(TaskRunner pid=3104355)[0m Unhandled error (suppress with 'RAY_IGNORE_UNHANDLED_ERRORS=1'): [36mray::WorkerDict.actor_rollout_generate_sequences()[39m (pid=3105822, ip=192.168.0.138, actor_id=05e4471c0ec8dc2ad1fb89e701000000, repr=<verl.single_controller.ray.base.WorkerDict object at 0xffff8e897590>)
[36m(TaskRunner pid=3104355)[0m            ^^^^^^^^^^^^^^^^^^^^^^^^^^^^^^^^^^^^
[36m(TaskRunner pid=3104355)[0m            ^^^^^^^^^^^^^^^^^^^^^^^^^^^^^^^
[36m(TaskRunner pid=3104355)[0m   File "/workspace/cann-recipes-train/llm_rl/qwen3_shrink_aware/verl/single_controller/ray/base.py", line 743, in func
[36m(TaskRunner pid=3104355)[0m     return getattr(self.worker_dict[key], name)(*args, **kwargs)
[36m(TaskRunner pid=3104355)[0m            ^^^^^^^^^^^^^^^^^^^^^^^^^^^^^^^^^^^^^^^^^^^^^^^^^^^^^
[36m(TaskRunner pid=3104355)[0m   File "/workspace/cann-recipes-train/llm_rl/qwen3_shrink_aware/verl/single_controller/base/decorator.py", line 433, in inner
[36m(TaskRunner pid=3104355)[0m     return func(*args, **kwargs)
[36m(TaskRunner pid=3104355)[0m            ^^^^^^^^^^^^^^^^^^^^^
[36m(TaskRunner pid=3104355)[0m   File "/workspace/cann-recipes-train/llm_rl/qwen3_shrink_aware/verl/utils/profiler/performance.py", line 105, in f
[36m(TaskRunner pid=3104355)[0m     return self.log(decorated_function, *args, **kwargs)
[36m(TaskRunner pid=3104355)[0m            ^^^^^^^^^^^^^^^^^^^^^^^^^^^^^^^^^^^^^^^^^^^^^
[36m(TaskRunner pid=3104355)[0m   File "/workspace/cann-recipes-train/llm_rl/qwen3_shrink_aware/verl/utils/profiler/performance.py", line 118, in log
[36m(TaskRunner pid=3104355)[0m     output = func(*args, **kwargs)
[36m(TaskRunner pid=3104355)[0m              ^^^^^^^^^^^^^^^^^^^^^
[36m(TaskRunner pid=3104355)[0m   File "/workspace/cann-recipes-train/llm_rl/qwen3_shrink_aware/verl/utils/profiler/profile.py", line 256, in wrapper
[36m(TaskRunner pid=3104355)[0m     return func(self_instance, *args, **kwargs_inner)
[36m(TaskRunner pid=3104355)[0m            ^^^^^^^^^^^^^^^^^^^^^^^^^^^^^^^^^^^^^^^^^^
[36m(TaskRunner pid=3104355)[0m   File "/workspace/cann-recipes-train/llm_rl/qwen3_shrink_aware/verl/workers/megatron_workers.py", line 733, in generate_sequences
[36m(TaskRunner pid=3104355)[0m     output = self.rollout.generate_sequences(prompts=prompts)
[36m(TaskRunner pid=3104355)[0m              ^^^^^^^^^^^^^^^^^^^^^^^^^^^^^^^^^^^^^^^^^^^^^^^^
[36m(TaskRunner pid=3104355)[0m   File "/workspace/cann-recipes-train/llm_rl/qwen3_shrink_aware/verl/utils/profiler/performance.py", line 105, in f
[36m(TaskRunner pid=3104355)[0m     return self.log(decorated_function, *args, **kwargs)
[36m(TaskRunner pid=3104355)[0m            ^^^^^^^^^^^^^^^^^^^^^^^^^^^^^^^^^^^^^^^^^^^^^
[36m(TaskRunner pid=3104355)[0m   File "/workspace/cann-recipes-train/llm_rl/qwen3_shrink_aware/verl/utils/profiler/performance.py", line 118, in log
[36m(TaskRunner pid=3104355)[0m     output = func(*args, **kwargs)
[36m(TaskRunner pid=3104355)[0m              ^^^^^^^^^^^^^^^^^^^^^
[36m(TaskRunner pid=3104355)[0m   File "/usr/local/python3.11.14/lib/python3.11/site-packages/torch/utils/_contextlib.py", line 120, in decorate_context
[36m(TaskRunner pid=3104355)[0m     return func(*args, **kwargs)
[36m(TaskRunner pid=3104355)[0m            ^^^^^^^^^^^^^^^^^^^^^
[36m(TaskRunner pid=3104355)[0m   File "/workspace/cann-recipes-train/llm_rl/qwen3_shrink_aware/verl/workers/rollout/vllm_rollout/vllm_rollout_spmd.py", line 1156, in generate_sequences
[36m(TaskRunner pid=3104355)[0m     outputs = self.inference_engine.generate(
[36m(TaskRunner pid=3104355)[0m               ^^^^^^^^^^^^^^^^^^^^^^^^^^^^^^^
[36m(TaskRunner pid=3104355)[0m   File "/workspace/cann-recipes-train/llm_rl/qwen3_shrink_aware/vllm/entrypoints/llm.py", line 408, in generate
[36m(TaskRunner pid=3104355)[0m     outputs = self._run_engine(use_tqdm=use_tqdm)
[36m(TaskRunner pid=3104355)[0m               ^^^^^^^^^^^^^^^^^^^^^^^^^^^^^^^^^^^
[36m(TaskRunner pid=3104355)[0m   File "/workspace/cann-recipes-train/llm_rl/qwen3_shrink_aware/vllm/entrypoints/llm.py", line 1649, in _run_engine
[36m(TaskRunner pid=3104355)[0m     step_outputs = self.llm_engine.step()
[36m(TaskRunner pid=3104355)[0m                    ^^^^^^^^^^^^^^^^^^^^^^
[36m(TaskRunner pid=3104355)[0m   File "/workspace/cann-recipes-train/llm_rl/qwen3_shrink_aware/vllm/v1/engine/llm_engine.py", line 933, in step
[36m(TaskRunner pid=3104355)[0m     outputs = self.engine_core.get_output()
[36m(TaskRunner pid=3104355)[0m               ^^^^^^^^^^^^^^^^^^^^^^^^^^^^^
[36m(TaskRunner pid=3104355)[0m   File "/workspace/cann-recipes-train/llm_rl/qwen3_shrink_aware/vllm/v1/engine/core_client.py", line 249, in get_output
[36m(TaskRunner pid=3104355)[0m     outputs, model_executed = self.engine_core.step_fn()
[36m(TaskRunner pid=3104355)[0m                               ^^^^^^^^^^^^^^^^^^^^^^^^^^
[36m(TaskRunner pid=3104355)[0m   File "/workspace/cann-recipes-train/llm_rl/qwen3_shrink_aware/vllm/v1/engine/core.py", line 307, in step
[36m(TaskRunner pid=3104355)[0m     model_output = self.execute_model_with_error_logging(
[36m(TaskRunner pid=3104355)[0m                    ^^^^^^^^^^^^^^^^^^^^^^^^^^^^^^^^^^^^^^
[36m(TaskRunner pid=3104355)[0m   File "/workspace/cann-recipes-train/llm_rl/qwen3_shrink_aware/vllm/v1/engine/core.py", line 293, in execute_model_with_error_logging
[36m(TaskRunner pid=3104355)[0m     raise err
[36m(TaskRunner pid=3104355)[0m   File "/workspace/cann-recipes-train/llm_rl/qwen3_shrink_aware/vllm/v1/engine/core.py", line 278, in execute_model_with_error_logging
[36m(TaskRunner pid=3104355)[0m     output = model_fn(scheduler_output)
[36m(TaskRunner pid=3104355)[0m              ^^^^^^^^^^^^^^^^^^^^^^^^^^
[36m(TaskRunner pid=3104355)[0m   File "/workspace/cann-recipes-train/llm_rl/qwen3_shrink_aware/vllm/v1/executor/abstract.py", line 103, in execute_model
[36m(TaskRunner pid=3104355)[0m     output = self.collective_rpc("execute_model",
[36m(TaskRunner pid=3104355)[0m              ^^^^^^^^^^^^^^^^^^^^^^^^^^^^^^^^^^^^
[36m(TaskRunner pid=3104355)[0m   File "/workspace/cann-recipes-train/llm_rl/qwen3_shrink_aware/vllm/executor/uniproc_executor.py", line 83, in collective_rpc
[36m(TaskRunner pid=3104355)[0m     return [run_method(self.driver_worker, method, args, kwargs)]
[36m(TaskRunner pid=3104355)[0m             ^^^^^^^^^^^^^^^^^^^^^^^^^^^^^^^^^^^^^^^^^^^^^^^^^^^^
[36m(TaskRunner pid=3104355)[0m   File "/workspace/cann-recipes-train/llm_rl/qwen3_shrink_aware/vllm/utils/__init__.py", line 3122, in run_method
[36m(TaskRunner pid=3104355)[0m     return func(*args, **kwargs)
[36m(TaskRunner pid=3104355)[0m            ^^^^^^^^^^^^^^^^^^^^^
[36m(TaskRunner pid=3104355)[0m   File "/workspace/cann-recipes-train/llm_rl/qwen3_shrink_aware/vllm_ascend/worker/worker_v1.py", line 1902, in execute_model
[36m(TaskRunner pid=3104355)[0m     output = self.model_runner.execute_model(scheduler_output,
[36m(TaskRunner pid=3104355)[0m              ^^^^^^^^^^^^^^^^^^^^^^^^^^^^^^^^^^^^^^^^^^^^^^^^^
[36m(TaskRunner pid=3104355)[0m   File "/usr/local/python3.11.14/lib/python3.11/site-packages/torch/utils/_contextlib.py", line 120, in decorate_context
[36m(TaskRunner pid=3104355)[0m     return func(*args, **kwargs)
[36m(TaskRunner pid=3104355)[0m            ^^^^^^^^^^^^^^^^^^^^^
[36m(TaskRunner pid=3104355)[0m   File "/workspace/cann-recipes-train/llm_rl/qwen3_shrink_aware/vllm_ascend/worker/model_runner_v1.py", line 2394, in execute_model
[36m(TaskRunner pid=3104355)[0m     hidden_states = self._generate_process_reqs_hidden_states(
[36m(TaskRunner pid=3104355)[0m                     ^^^^^^^^^^^^^^^^^^^^^^^^^^^^^^^^^^^^^^^^^^
[36m(TaskRunner pid=3104355)[0m   File "/workspace/cann-recipes-train/llm_rl/qwen3_shrink_aware/vllm_ascend/worker/model_runner_v1.py", line 1896, in _generate_process_reqs_hidden_states
[36m(TaskRunner pid=3104355)[0m     hidden_states = self.model(
[36m(TaskRunner pid=3104355)[0m                     ^^^^^^^^^^^
[36m(TaskRunner pid=3104355)[0m   File "/usr/local/python3.11.14/lib/python3.11/site-packages/torch/nn/modules/module.py", line 1775, in _wrapped_call_impl
[36m(TaskRunner pid=3104355)[0m     return self._call_impl(*args, **kwargs)
[36m(TaskRunner pid=3104355)[0m            ^^^^^^^^^^^^^^^^^^^^^^^^^^^^^^^^
[36m(TaskRunner pid=3104355)[0m   File "/usr/local/python3.11.14/lib/python3.11/site-packages/torch/nn/modules/module.py", line 1786, in _call_impl
[36m(TaskRunner pid=3104355)[0m     return forward_call(*args, **kwargs)
[36m(TaskRunner pid=3104355)[0m            ^^^^^^^^^^^^^^^^^^^^^^^^^^^^^
[36m(TaskRunner pid=3104355)[0m   File "/workspace/cann-recipes-train/llm_rl/qwen3_shrink_aware/vllm/model_executor/models/qwen3_moe.py", line 910, in forward
[36m(TaskRunner pid=3104355)[0m     hidden_states = self.model(input_ids, positions, intermediate_tensors,
[36m(TaskRunner pid=3104355)[0m                     ^^^^^^^^^^^^^^^^^^^^^^^^^^^^^^^^^^^^^^^^^^^^^^^^^^^^^^
[36m(TaskRunner pid=3104355)[0m   File "/workspace/cann-recipes-train/llm_rl/qwen3_shrink_aware/vllm/compilation/decorators.py", line 225, in __call__
[36m(TaskRunner pid=3104355)[0m     return self.forward(*args, **kwargs)
[36m(TaskRunner pid=3104355)[0m            ^^^^^^^^^^^^^^^^^^^^^^^^^^^^^
[36m(TaskRunner pid=3104355)[0m   File "/workspace/cann-recipes-train/llm_rl/qwen3_shrink_aware/vllm/model_executor/models/qwen3_moe.py", line 595, in forward
[36m(TaskRunner pid=3104355)[0m     hidden_states, residual = layer(positions, hidden_states, residual, is_dummy=is_dummy)
[36m(TaskRunner pid=3104355)[0m                               ^^^^^^^^^^^^^^^^^^^^^^^^^^^^^^^^^^^^^^^^^^^^^^^^^^^^^^^^^^^^
[36m(TaskRunner pid=3104355)[0m   File "/usr/local/python3.11.14/lib/python3.11/site-packages/torch/nn/modules/module.py", line 1775, in _wrapped_call_impl
[36m(TaskRunner pid=3104355)[0m     return self._call_impl(*args, **kwargs)
[36m(TaskRunner pid=3104355)[0m            ^^^^^^^^^^^^^^^^^^^^^^^^^^^^^^^^
[36m(TaskRunner pid=3104355)[0m   File "/usr/local/python3.11.14/lib/python3.11/site-packages/torch/nn/modules/module.py", line 1786, in _call_impl
[36m(TaskRunner pid=3104355)[0m     return forward_call(*args, **kwargs)
[36m(TaskRunner pid=3104355)[0m            ^^^^^^^^^^^^^^^^^^^^^^^^^^^^^
[36m(TaskRunner pid=3104355)[0m   File "/workspace/cann-recipes-train/llm_rl/qwen3_shrink_aware/vllm_ascend/models/qwen3_moe.py", line 519, in forward
[36m(TaskRunner pid=3104355)[0m     return super().forward(positions, hidden_states, residual, is_dummy)
[36m(TaskRunner pid=3104355)[0m            ^^^^^^^^^^^^^^^^^^^^^^^^^^^^^^^^^^^^^^^^^^^^^^^^^^^^^^^^^^^^^
[36m(TaskRunner pid=3104355)[0m   File "/workspace/cann-recipes-train/llm_rl/qwen3_shrink_aware/vllm/model_executor/models/qwen3_moe.py", line 532, in forward
[36m(TaskRunner pid=3104355)[0m     hidden_states = self.mlp(hidden_states, is_dummy=is_dummy)
[36m(TaskRunner pid=3104355)[0m                     ^^^^^^^^^^^^^^^^^^^^^^^^^^^^^^^^^^^^^^^^^^
[36m(TaskRunner pid=3104355)[0m   File "/usr/local/python3.11.14/lib/python3.11/site-packages/torch/nn/modules/module.py", line 1775, in _wrapped_call_impl
[36m(TaskRunner pid=3104355)[0m     return self._call_impl(*args, **kwargs)
[36m(TaskRunner pid=3104355)[0m            ^^^^^^^^^^^^^^^^^^^^^^^^^^^^^^^^
[36m(TaskRunner pid=3104355)[0m   File "/usr/local/python3.11.14/lib/python3.11/site-packages/torch/nn/modules/module.py", line 1786, in _call_impl
[36m(TaskRunner pid=3104355)[0m     return forward_call(*args, **kwargs)
[36m(TaskRunner pid=3104355)[0m            ^^^^^^^^^^^^^^^^^^^^^^^^^^^^^
[36m(TaskRunner pid=3104355)[0m   File "/workspace/cann-recipes-train/llm_rl/qwen3_shrink_aware/vllm_ascend/models/qwen3_moe.py", line 386, in forward
[36m(TaskRunner pid=3104355)[0m     hidden_states = self.experts(
[36m(TaskRunner pid=3104355)[0m                     ^^^^^^^^^^^^^
[36m(TaskRunner pid=3104355)[0m   File "/usr/local/python3.11.14/lib/python3.11/site-packages/torch/nn/modules/module.py", line 1775, in _wrapped_call_impl
[36m(TaskRunner pid=3104355)[0m     return self._call_impl(*args, **kwargs)
[36m(TaskRunner pid=3104355)[0m            ^^^^^^^^^^^^^^^^^^^^^^^^^^^^^^^^
[36m(TaskRunner pid=3104355)[0m   File "/usr/local/python3.11.14/lib/python3.11/site-packages/torch/nn/modules/module.py", line 1786, in _call_impl
[36m(TaskRunner pid=3104355)[0m     return forward_call(*args, **kwargs)
[36m(TaskRunner pid=3104355)[0m            ^^^^^^^^^^^^^^^^^^^^^^^^^^^^^
[36m(TaskRunner pid=3104355)[0m   File "/workspace/cann-recipes-train/llm_rl/qwen3_shrink_aware/vllm_ascend/ops/fused_moe.py", line 8570, in forward
[36m(TaskRunner pid=3104355)[0m     e_hidden_states = self.quant_method.apply(
[36m(TaskRunner pid=3104355)[0m                       ^^^^^^^^^^^^^^^^^^^^^^^^
[36m(TaskRunner pid=3104355)[0m   File "/workspace/cann-recipes-train/llm_rl/qwen3_shrink_aware/vllm_ascend/ops/fused_moe.py", line 4373, in apply
[36m(TaskRunner pid=3104355)[0m     if torch.any(mask):
[36m(TaskRunner pid=3104355)[0m RuntimeError: The Inner error is reported as above. The process exits for this inner error, and the current working operator name is aclnnMoeDistributeDispatchV4.
[36m(TaskRunner pid=3104355)[0m Since the operator is called asynchronously, the stacktrace may be inaccurate. If you want to get the accurate stacktrace, please set the environment variable ASCEND_LAUNCH_BLOCKING=1.
[36m(TaskRunner pid=3104355)[0m Note: ASCEND_LAUNCH_BLOCKING=1 will force ops to run in synchronous mode, resulting in performance degradation. Please unset ASCEND_LAUNCH_BLOCKING in time after debugging.
[36m(TaskRunner pid=3104355)[0m [ERROR] 2026-06-16-22:13:24 (PID:3105822, Device:0, RankID:7) ERR00100 PTA call acl api failed.
[36m(WorkerDict pid=3105822)[0m [rank7]:[E616 22:13:24.837473744 compiler_depend.ts:444] operator():build/CMakeFiles/torch_npu.dir/compiler_depend.ts:162 NPU function error: call aclnnMoeDistributeDispatchV4 failed, error code is 207001
[36m(WorkerDict pid=3105822)[0m [ERROR] 2026-06-16-22:13:24 (PID:3105822, Device:0, RankID:7) ERR00100 PTA call acl api failed
[36m(WorkerDict pid=3105822)[0m [Error]: Failed to apply for memory.
[36m(WorkerDict pid=3105822)[0m         Check the remaining storage space in the hardware environment.
[36m(WorkerDict pid=3105822)[0m [PID: 3105822] 2026-06-16-22:13:23.094.351 Memory_Allocation_Failure(EL0004): Failed to allocate memory requested by HCCL module.
[36m(WorkerDict pid=3105822)[0m         Possible Cause: Available memory is insufficient.
[36m(WorkerDict pid=3105822)[0m         Solution: Close applications not in use.
[36m(WorkerDict pid=3105822)[0m         TraceBack (most recent call last):
[36m(WorkerDict pid=3105822)[0m         alloc memory failed, runtime result = 207001[FUNC:ReportCallError][FILE:log_inner.cpp][LINE:148]
[36m(WorkerDict pid=3105822)[0m         Failed to allocate [size:1678770176] bytes of NPU memory.
[36m(WorkerDict pid=3105822)[0m         Nnopbase fails to invoke the HcclAllocComResourceByTiling function of the hccl module. ret = 24, comm = 0xffff9090e000.
[36m(WorkerDict pid=3105822)[0m         Check nnopbase::IndvHcclWrapper::GetInstance().HcclAllocComResourceByTiling(commHandle, stream, ((NnopbaseTilingData *)executor->args->tilingInfo.tilingData)->GetData(), &contextAddr) failed
[36m(WorkerDict pid=3105822)[0m         Check NnopbaseGetHcomResource(executor, stream) failed
[36m(WorkerDict pid=3105822)[0m         Check NnopbaseExecutorGetMc2Num(executor, stream, &argsAddr, &mc2Num) failed
[36m(WorkerDict pid=3105822)[0m         Check NnopbaseExecutorPrepareParamsExt(executor, stream) failed
[36m(WorkerDict pid=3105822)[0m         Check NnopbaseRunWithWorkspace(executor, stream, workspace, workspaceSize) failed
[36m(WorkerDict pid=3105822)[0m 
[36m(WorkerDict pid=3105822)[0m Exception raised from operator() at build/CMakeFiles/torch_npu.dir/compiler_depend.ts:162 (most recent call first):
[36m(WorkerDict pid=3105822)[0m frame #0: c10::Error::Error(c10::SourceLocation, std::__cxx11::basic_string<char, std::char_traits<char>, std::allocator<char> >) + 0xb0 (0xffff868ac700 in /usr/local/python3.11.14/lib/python3.11/site-packages/torch/lib/libc10.so)
[36m(WorkerDict pid=3105822)[0m frame #1: c10::detail::torchCheckFail(char const*, char const*, unsigned int, std::__cxx11::basic_string<char, std::char_traits<char>, std::allocator<char> > const&) + 0x68 (0xffff8684a860 in /usr/local/python3.11.14/lib/python3.11/site-packages/torch/lib/libc10.so)
[36m(WorkerDict pid=3105822)[0m frame #2: <unknown function> + 0x1a74f1c (0xffd0b65b4f1c in /usr/local/python3.11.14/lib/python3.11/site-packages/torch_npu/lib/libtorch_npu.so)
[36m(WorkerDict pid=3105822)[0m frame #3: <unknown function> + 0x2c77e24 (0xffd0b77b7e24 in /usr/local/python3.11.14/lib/python3.11/site-packages/torch_npu/lib/libtorch_npu.so)
[36m(WorkerDict pid=3105822)[0m frame #4: <unknown function> + 0xa607d0 (0xffd0b55a07d0 in /usr/local/python3.11.14/lib/python3.11/site-packages/torch_npu/lib/libtorch_npu.so)
[36m(WorkerDict pid=3105822)[0m frame #5: <unknown function> + 0xa613ac (0xffd0b55a13ac in /usr/local/python3.11.14/lib/python3.11/site-packages/torch_npu/lib/libtorch_npu.so)
[36m(WorkerDict pid=3105822)[0m frame #6: <unknown function> + 0xa5f2c8 (0xffd0b559f2c8 in /usr/local/python3.11.14/lib/python3.11/site-packages/torch_npu/lib/libtorch_npu.so)
[36m(WorkerDict pid=3105822)[0m frame #7: <unknown function> + 0xd442c (0xffff94be442c in /lib64/libstdc++.so.6)
[36m(WorkerDict pid=3105822)[0m frame #8: <unknown function> + 0x7fbb4 (0xffff94dcfbb4 in /lib64/libc.so.6)
[36m(WorkerDict pid=3105822)[0m frame #9: <unknown function> + 0xe7f4c (0xffff94e37f4c in /lib64/libc.so.6)
[36m(WorkerDict pid=3105822)[0m 
[36m(WorkerDict pid=3105822)[0m Processed prompts:  59%|█████▉    | 19/32 [12:06<08:17, 38.25s/it, est. speed input: 2.89 toks/s, output: 215.06 toks/s]
/usr/local/python3.11.14/lib/python3.11/subprocess.py:1127: ResourceWarning: subprocess 3093058 is still running
  _warn("subprocess %s is still running" % self.pid,
