+ export CUDA_DEVICE_MAX_CONNECTIONS=1
+ CUDA_DEVICE_MAX_CONNECTIONS=1
+ export PYTORCH_NPU_ALLOC_CONF=expandable_segments:True
+ PYTORCH_NPU_ALLOC_CONF=expandable_segments:True
+ export ASCEND_HOME_PATH=/usr/local/Ascend/ascend-toolkit
+ ASCEND_HOME_PATH=/usr/local/Ascend/ascend-toolkit
+ source /usr/local/Ascend/ascend-toolkit/set_env.sh
++ setenv_main data.train_files=/data/deepscaler/train.parquet data.val_files=/data/deepscaler/test.parquet data.train_batch_size=32 data.max_prompt_length=1024 data.max_response_length=640 data.shuffle=True actor_rollout_ref.model.path=/data/Qwen3-30B-A3B actor_rollout_ref.actor.megatron.dist_checkpointing_path=/data/Qwen3-30B-A3B_megatron actor_rollout_ref.ref.megatron.dist_checkpointing_path=/data/Qwen3-30B-A3B_megatron actor_rollout_ref.rollout.max_num_batched_tokens=1664 actor_rollout_ref.rollout.max_num_seqs=32 actor_rollout_ref.rollout.n=16 actor_rollout_ref.rollout.gpu_memory_utilization=0.85 actor_rollout_ref.rollout.shrink_aware.enable_shrink_aware_scheduling=false actor_rollout_ref.rollout.shrink_aware.shrink_aware_mode=off actor_rollout_ref.rollout.shrink_aware.enable_shrink_aware_logging=false trainer.total_epochs=1 data.dataset_fraction=0.005
++ local version_dirpath install_dirpath ld_library_path path driver_install_path_param dep_hal_path
++ local dep_hal_name=libascend_hal.so
++ local dep_info_file=/etc/ascend_install.info
++ local is_install_driver=n
++ local architecture remove_regex
++ version_dirpath=/usr/local/Ascend/cann-8.5.0
+++ dirname /usr/local/Ascend/cann-8.5.0
++ install_dirpath=/usr/local/Ascend
++ remove_regex='^/usr/local/Ascend/cann[/_-]'
++ remove_env PATH '^/usr/local/Ascend/cann[/_-]'
++ local name=PATH
++ local 'regex=^/usr/local/Ascend/cann[/_-]'
+++ eval echo '${PATH}'
++++ echo /usr/local/Ascend/nnal/atb/latest/atb/cxx_abi_1/bin:/usr/local/Ascend/cann-8.5.0/tools/bishengir/bin:/usr/local/Ascend/cann-8.5.0/bin:/usr/local/Ascend/cann-8.5.0/tools/ccec_compiler/bin:/usr/local/Ascend/cann-8.5.0/tools/profiler/bin:/usr/local/Ascend/cann-8.5.0/tools/ascend_system_advisor/asys:/usr/local/Ascend/cann-8.5.0/tools/show_kernel_debug_data:/usr/local/Ascend/cann-8.5.0/tools/msobjdump:/usr/local/Ascend/nnal/atb/latest/atb/cxx_abi_1/bin:/usr/local/Ascend/nnal/atb/latest/atb/cxx_abi_1/bin:/root/.vscode-server/data/User/globalStorage/github.copilot-chat/debugCommand:/root/.vscode-server/data/User/globalStorage/github.copilot-chat/copilotCli:/root/.vscode-server/bin/8761a5560cfd65fdd19ce7e2bd18dab5c0a4d84e/bin/remote-cli:/usr/local/Ascend/nnal/atb/latest/atb/cxx_abi_1/bin:/usr/local/Ascend/nnal/atb/latest/atb/cxx_abi_1/bin:/usr/local/Ascend/nnal/atb/latest/atb/cxx_abi_1/bin:/usr/local/Ascend/ascend-toolkit/latest/bin:/usr/local/Ascend/ascend-toolkit/latest/compiler/ccec_compiler/bin:/usr/local/Ascend/ascend-toolkit/latest/tools/ccec_compiler/bin:/usr/local/python3.11.14/bin:/usr/local/sbin:/usr/local/bin:/usr/sbin:/usr/bin:/sbin:/bin:/usr/local/go/bin:/root/bin:/usr/local/go/bin:/usr/local/go/bin:/root/bin
++ local env_value=/usr/local/Ascend/nnal/atb/latest/atb/cxx_abi_1/bin:/usr/local/Ascend/cann-8.5.0/tools/bishengir/bin:/usr/local/Ascend/cann-8.5.0/bin:/usr/local/Ascend/cann-8.5.0/tools/ccec_compiler/bin:/usr/local/Ascend/cann-8.5.0/tools/profiler/bin:/usr/local/Ascend/cann-8.5.0/tools/ascend_system_advisor/asys:/usr/local/Ascend/cann-8.5.0/tools/show_kernel_debug_data:/usr/local/Ascend/cann-8.5.0/tools/msobjdump:/usr/local/Ascend/nnal/atb/latest/atb/cxx_abi_1/bin:/usr/local/Ascend/nnal/atb/latest/atb/cxx_abi_1/bin:/root/.vscode-server/data/User/globalStorage/github.copilot-chat/debugCommand:/root/.vscode-server/data/User/globalStorage/github.copilot-chat/copilotCli:/root/.vscode-server/bin/8761a5560cfd65fdd19ce7e2bd18dab5c0a4d84e/bin/remote-cli:/usr/local/Ascend/nnal/atb/latest/atb/cxx_abi_1/bin:/usr/local/Ascend/nnal/atb/latest/atb/cxx_abi_1/bin:/usr/local/Ascend/nnal/atb/latest/atb/cxx_abi_1/bin:/usr/local/Ascend/ascend-toolkit/latest/bin:/usr/local/Ascend/ascend-toolkit/latest/compiler/ccec_compiler/bin:/usr/local/Ascend/ascend-toolkit/latest/tools/ccec_compiler/bin:/usr/local/python3.11.14/bin:/usr/local/sbin:/usr/local/bin:/usr/sbin:/usr/bin:/sbin:/bin:/usr/local/go/bin:/root/bin:/usr/local/go/bin:/usr/local/go/bin:/root/bin
++ read -r PATH
+++ echo /usr/local/Ascend/nnal/atb/latest/atb/cxx_abi_1/bin:/usr/local/Ascend/cann-8.5.0/tools/bishengir/bin:/usr/local/Ascend/cann-8.5.0/bin:/usr/local/Ascend/cann-8.5.0/tools/ccec_compiler/bin:/usr/local/Ascend/cann-8.5.0/tools/profiler/bin:/usr/local/Ascend/cann-8.5.0/tools/ascend_system_advisor/asys:/usr/local/Ascend/cann-8.5.0/tools/show_kernel_debug_data:/usr/local/Ascend/cann-8.5.0/tools/msobjdump:/usr/local/Ascend/nnal/atb/latest/atb/cxx_abi_1/bin:/usr/local/Ascend/nnal/atb/latest/atb/cxx_abi_1/bin:/root/.vscode-server/data/User/globalStorage/github.copilot-chat/debugCommand:/root/.vscode-server/data/User/globalStorage/github.copilot-chat/copilotCli:/root/.vscode-server/bin/8761a5560cfd65fdd19ce7e2bd18dab5c0a4d84e/bin/remote-cli:/usr/local/Ascend/nnal/atb/latest/atb/cxx_abi_1/bin:/usr/local/Ascend/nnal/atb/latest/atb/cxx_abi_1/bin:/usr/local/Ascend/nnal/atb/latest/atb/cxx_abi_1/bin:/usr/local/Ascend/ascend-toolkit/latest/bin:/usr/local/Ascend/ascend-toolkit/latest/compiler/ccec_compiler/bin:/usr/local/Ascend/ascend-toolkit/latest/tools/ccec_compiler/bin:/usr/local/python3.11.14/bin:/usr/local/sbin:/usr/local/bin:/usr/sbin:/usr/bin:/sbin:/bin:/usr/local/go/bin:/root/bin:/usr/local/go/bin:/usr/local/go/bin:/root/bin
+++ tr : '\n'
+++ grep -v -E '^/usr/local/Ascend/cann[/_-]'
+++ tr '\n' :
+++ sed 's/:$//'
++ export PATH
++ remove_env LD_LIBRARY_PATH '^/usr/local/Ascend/cann[/_-]'
++ local name=LD_LIBRARY_PATH
++ local 'regex=^/usr/local/Ascend/cann[/_-]'
+++ eval echo '${LD_LIBRARY_PATH}'
++++ echo /usr/local/Ascend/nnal/atb/latest/atb/cxx_abi_1/lib:/usr/local/Ascend/nnal/atb/latest/atb/cxx_abi_1/examples:/usr/local/Ascend/nnal/atb/latest/atb/cxx_abi_1/tests/atbopstest:/usr/local/Ascend/cann-8.5.0/lib64:/usr/local/Ascend/cann-8.5.0/lib64/plugin/opskernel:/usr/local/Ascend/cann-8.5.0/lib64/plugin/nnengine:/usr/local/Ascend/cann-8.5.0/opp/built-in/op_impl/ai_core/tbe/op_tiling/lib/linux/aarch64:/usr/local/Ascend/cann-8.5.0/tools/aml/lib64:/usr/local/Ascend/cann-8.5.0/tools/aml/lib64/plugin:/usr/local/Ascend/driver/lib64:/usr/local/Ascend/driver/lib64/common:/usr/local/Ascend/driver/lib64/driver:/usr/local/Ascend/nnal/atb/latest/atb/cxx_abi_1/lib:/usr/local/Ascend/nnal/atb/latest/atb/cxx_abi_1/examples:/usr/local/Ascend/nnal/atb/latest/atb/cxx_abi_1/tests/atbopstest:/usr/local/Ascend/driver/lib64:/usr/local/Ascend/driver/lib64/common:/usr/local/Ascend/driver/lib64/driver:/usr/local/Ascend/nnal/atb/latest/atb/cxx_abi_1/lib:/usr/local/Ascend/nnal/atb/latest/atb/cxx_abi_1/examples:/usr/local/Ascend/nnal/atb/latest/atb/cxx_abi_1/tests/atbopstest:/usr/local/Ascend/driver/lib64:/usr/local/Ascend/driver/lib64/common:/usr/local/Ascend/driver/lib64/driver:/usr/local/Ascend/nnal/atb/latest/atb/cxx_abi_1/lib:/usr/local/Ascend/nnal/atb/latest/atb/cxx_abi_1/examples:/usr/local/Ascend/nnal/atb/latest/atb/cxx_abi_1/tests/atbopstest:/usr/local/Ascend/driver/lib64:/usr/local/Ascend/driver/lib64/common:/usr/local/Ascend/driver/lib64/driver:/usr/local/Ascend/nnal/atb/latest/atb/cxx_abi_1/lib:/usr/local/Ascend/nnal/atb/latest/atb/cxx_abi_1/examples:/usr/local/Ascend/nnal/atb/latest/atb/cxx_abi_1/tests/atbopstest:/usr/local/Ascend/driver/lib64:/usr/local/Ascend/driver/lib64/common:/usr/local/Ascend/driver/lib64/driver:/usr/local/Ascend/nnal/atb/latest/atb/cxx_abi_1/lib:/usr/local/Ascend/nnal/atb/latest/atb/cxx_abi_1/examples:/usr/local/Ascend/nnal/atb/latest/atb/cxx_abi_1/tests/atbopstest:/usr/local/Ascend/ascend-toolkit/latest/tools/aml/lib64:/usr/local/Ascend/ascend-toolkit/latest/tools/aml/lib64/plugin:/usr/local/Ascend/ascend-toolkit/latest/lib64:/usr/local/Ascend/ascend-toolkit/latest/lib64/plugin/opskernel:/usr/local/Ascend/ascend-toolkit/latest/lib64/plugin/nnengine:/usr/local/Ascend/ascend-toolkit/latest/opp/built-in/op_impl/ai_core/tbe/op_tiling:/usr/local/Ascend/driver/lib64:/usr/local/Ascend/driver/lib64/common/:/usr/local/Ascend/driver/lib64/driver/:
++ local env_value=/usr/local/Ascend/nnal/atb/latest/atb/cxx_abi_1/lib:/usr/local/Ascend/nnal/atb/latest/atb/cxx_abi_1/examples:/usr/local/Ascend/nnal/atb/latest/atb/cxx_abi_1/tests/atbopstest:/usr/local/Ascend/cann-8.5.0/lib64:/usr/local/Ascend/cann-8.5.0/lib64/plugin/opskernel:/usr/local/Ascend/cann-8.5.0/lib64/plugin/nnengine:/usr/local/Ascend/cann-8.5.0/opp/built-in/op_impl/ai_core/tbe/op_tiling/lib/linux/aarch64:/usr/local/Ascend/cann-8.5.0/tools/aml/lib64:/usr/local/Ascend/cann-8.5.0/tools/aml/lib64/plugin:/usr/local/Ascend/driver/lib64:/usr/local/Ascend/driver/lib64/common:/usr/local/Ascend/driver/lib64/driver:/usr/local/Ascend/nnal/atb/latest/atb/cxx_abi_1/lib:/usr/local/Ascend/nnal/atb/latest/atb/cxx_abi_1/examples:/usr/local/Ascend/nnal/atb/latest/atb/cxx_abi_1/tests/atbopstest:/usr/local/Ascend/driver/lib64:/usr/local/Ascend/driver/lib64/common:/usr/local/Ascend/driver/lib64/driver:/usr/local/Ascend/nnal/atb/latest/atb/cxx_abi_1/lib:/usr/local/Ascend/nnal/atb/latest/atb/cxx_abi_1/examples:/usr/local/Ascend/nnal/atb/latest/atb/cxx_abi_1/tests/atbopstest:/usr/local/Ascend/driver/lib64:/usr/local/Ascend/driver/lib64/common:/usr/local/Ascend/driver/lib64/driver:/usr/local/Ascend/nnal/atb/latest/atb/cxx_abi_1/lib:/usr/local/Ascend/nnal/atb/latest/atb/cxx_abi_1/examples:/usr/local/Ascend/nnal/atb/latest/atb/cxx_abi_1/tests/atbopstest:/usr/local/Ascend/driver/lib64:/usr/local/Ascend/driver/lib64/common:/usr/local/Ascend/driver/lib64/driver:/usr/local/Ascend/nnal/atb/latest/atb/cxx_abi_1/lib:/usr/local/Ascend/nnal/atb/latest/atb/cxx_abi_1/examples:/usr/local/Ascend/nnal/atb/latest/atb/cxx_abi_1/tests/atbopstest:/usr/local/Ascend/driver/lib64:/usr/local/Ascend/driver/lib64/common:/usr/local/Ascend/driver/lib64/driver:/usr/local/Ascend/nnal/atb/latest/atb/cxx_abi_1/lib:/usr/local/Ascend/nnal/atb/latest/atb/cxx_abi_1/examples:/usr/local/Ascend/nnal/atb/latest/atb/cxx_abi_1/tests/atbopstest:/usr/local/Ascend/ascend-toolkit/latest/tools/aml/lib64:/usr/local/Ascend/ascend-toolkit/latest/tools/aml/lib64/plugin:/usr/local/Ascend/ascend-toolkit/latest/lib64:/usr/local/Ascend/ascend-toolkit/latest/lib64/plugin/opskernel:/usr/local/Ascend/ascend-toolkit/latest/lib64/plugin/nnengine:/usr/local/Ascend/ascend-toolkit/latest/opp/built-in/op_impl/ai_core/tbe/op_tiling:/usr/local/Ascend/driver/lib64:/usr/local/Ascend/driver/lib64/common/:/usr/local/Ascend/driver/lib64/driver/:
++ read -r LD_LIBRARY_PATH
+++ echo /usr/local/Ascend/nnal/atb/latest/atb/cxx_abi_1/lib:/usr/local/Ascend/nnal/atb/latest/atb/cxx_abi_1/examples:/usr/local/Ascend/nnal/atb/latest/atb/cxx_abi_1/tests/atbopstest:/usr/local/Ascend/cann-8.5.0/lib64:/usr/local/Ascend/cann-8.5.0/lib64/plugin/opskernel:/usr/local/Ascend/cann-8.5.0/lib64/plugin/nnengine:/usr/local/Ascend/cann-8.5.0/opp/built-in/op_impl/ai_core/tbe/op_tiling/lib/linux/aarch64:/usr/local/Ascend/cann-8.5.0/tools/aml/lib64:/usr/local/Ascend/cann-8.5.0/tools/aml/lib64/plugin:/usr/local/Ascend/driver/lib64:/usr/local/Ascend/driver/lib64/common:/usr/local/Ascend/driver/lib64/driver:/usr/local/Ascend/nnal/atb/latest/atb/cxx_abi_1/lib:/usr/local/Ascend/nnal/atb/latest/atb/cxx_abi_1/examples:/usr/local/Ascend/nnal/atb/latest/atb/cxx_abi_1/tests/atbopstest:/usr/local/Ascend/driver/lib64:/usr/local/Ascend/driver/lib64/common:/usr/local/Ascend/driver/lib64/driver:/usr/local/Ascend/nnal/atb/latest/atb/cxx_abi_1/lib:/usr/local/Ascend/nnal/atb/latest/atb/cxx_abi_1/examples:/usr/local/Ascend/nnal/atb/latest/atb/cxx_abi_1/tests/atbopstest:/usr/local/Ascend/driver/lib64:/usr/local/Ascend/driver/lib64/common:/usr/local/Ascend/driver/lib64/driver:/usr/local/Ascend/nnal/atb/latest/atb/cxx_abi_1/lib:/usr/local/Ascend/nnal/atb/latest/atb/cxx_abi_1/examples:/usr/local/Ascend/nnal/atb/latest/atb/cxx_abi_1/tests/atbopstest:/usr/local/Ascend/driver/lib64:/usr/local/Ascend/driver/lib64/common:/usr/local/Ascend/driver/lib64/driver:/usr/local/Ascend/nnal/atb/latest/atb/cxx_abi_1/lib:/usr/local/Ascend/nnal/atb/latest/atb/cxx_abi_1/examples:/usr/local/Ascend/nnal/atb/latest/atb/cxx_abi_1/tests/atbopstest:/usr/local/Ascend/driver/lib64:/usr/local/Ascend/driver/lib64/common:/usr/local/Ascend/driver/lib64/driver:/usr/local/Ascend/nnal/atb/latest/atb/cxx_abi_1/lib:/usr/local/Ascend/nnal/atb/latest/atb/cxx_abi_1/examples:/usr/local/Ascend/nnal/atb/latest/atb/cxx_abi_1/tests/atbopstest:/usr/local/Ascend/ascend-toolkit/latest/tools/aml/lib64:/usr/local/Ascend/ascend-toolkit/latest/tools/aml/lib64/plugin:/usr/local/Ascend/ascend-toolkit/latest/lib64:/usr/local/Ascend/ascend-toolkit/latest/lib64/plugin/opskernel:/usr/local/Ascend/ascend-toolkit/latest/lib64/plugin/nnengine:/usr/local/Ascend/ascend-toolkit/latest/opp/built-in/op_impl/ai_core/tbe/op_tiling:/usr/local/Ascend/driver/lib64:/usr/local/Ascend/driver/lib64/common/:/usr/local/Ascend/driver/lib64/driver/:
+++ tr : '\n'
+++ grep -v -E '^/usr/local/Ascend/cann[/_-]'
+++ tr '\n' :
+++ sed 's/:$//'
++ export LD_LIBRARY_PATH
++ remove_env PYTHONPATH '^/usr/local/Ascend/cann[/_-]'
++ local name=PYTHONPATH
++ local 'regex=^/usr/local/Ascend/cann[/_-]'
+++ eval echo '${PYTHONPATH}'
++++ echo /workspace/cann-recipes-train/llm_rl/qwen3_shrink_aware:/usr/local/Ascend/cann-8.5.0/python/site-packages:/usr/local/Ascend/cann-8.5.0/opp/built-in/op_impl/ai_core/tbe:/usr/local/Ascend/ascend-toolkit/latest/python/site-packages:/usr/local/Ascend/ascend-toolkit/latest/opp/built-in/op_impl/ai_core/tbe:
++ local env_value=/workspace/cann-recipes-train/llm_rl/qwen3_shrink_aware:/usr/local/Ascend/cann-8.5.0/python/site-packages:/usr/local/Ascend/cann-8.5.0/opp/built-in/op_impl/ai_core/tbe:/usr/local/Ascend/ascend-toolkit/latest/python/site-packages:/usr/local/Ascend/ascend-toolkit/latest/opp/built-in/op_impl/ai_core/tbe:
++ read -r PYTHONPATH
+++ echo /workspace/cann-recipes-train/llm_rl/qwen3_shrink_aware:/usr/local/Ascend/cann-8.5.0/python/site-packages:/usr/local/Ascend/cann-8.5.0/opp/built-in/op_impl/ai_core/tbe:/usr/local/Ascend/ascend-toolkit/latest/python/site-packages:/usr/local/Ascend/ascend-toolkit/latest/opp/built-in/op_impl/ai_core/tbe:
+++ tr : '\n'
+++ grep -v -E '^/usr/local/Ascend/cann[/_-]'
+++ tr '\n' :
+++ sed 's/:$//'
++ export PYTHONPATH
++ ld_library_path=/usr/local/Ascend/nnal/atb/latest/atb/cxx_abi_1/lib:/usr/local/Ascend/nnal/atb/latest/atb/cxx_abi_1/examples:/usr/local/Ascend/nnal/atb/latest/atb/cxx_abi_1/tests/atbopstest:/usr/local/Ascend/driver/lib64:/usr/local/Ascend/driver/lib64/common:/usr/local/Ascend/driver/lib64/driver:/usr/local/Ascend/nnal/atb/latest/atb/cxx_abi_1/lib:/usr/local/Ascend/nnal/atb/latest/atb/cxx_abi_1/examples:/usr/local/Ascend/nnal/atb/latest/atb/cxx_abi_1/tests/atbopstest:/usr/local/Ascend/driver/lib64:/usr/local/Ascend/driver/lib64/common:/usr/local/Ascend/driver/lib64/driver:/usr/local/Ascend/nnal/atb/latest/atb/cxx_abi_1/lib:/usr/local/Ascend/nnal/atb/latest/atb/cxx_abi_1/examples:/usr/local/Ascend/nnal/atb/latest/atb/cxx_abi_1/tests/atbopstest:/usr/local/Ascend/driver/lib64:/usr/local/Ascend/driver/lib64/common:/usr/local/Ascend/driver/lib64/driver:/usr/local/Ascend/nnal/atb/latest/atb/cxx_abi_1/lib:/usr/local/Ascend/nnal/atb/latest/atb/cxx_abi_1/examples:/usr/local/Ascend/nnal/atb/latest/atb/cxx_abi_1/tests/atbopstest:/usr/local/Ascend/driver/lib64:/usr/local/Ascend/driver/lib64/common:/usr/local/Ascend/driver/lib64/driver:/usr/local/Ascend/nnal/atb/latest/atb/cxx_abi_1/lib:/usr/local/Ascend/nnal/atb/latest/atb/cxx_abi_1/examples:/usr/local/Ascend/nnal/atb/latest/atb/cxx_abi_1/tests/atbopstest:/usr/local/Ascend/driver/lib64:/usr/local/Ascend/driver/lib64/common:/usr/local/Ascend/driver/lib64/driver:/usr/local/Ascend/nnal/atb/latest/atb/cxx_abi_1/lib:/usr/local/Ascend/nnal/atb/latest/atb/cxx_abi_1/examples:/usr/local/Ascend/nnal/atb/latest/atb/cxx_abi_1/tests/atbopstest:/usr/local/Ascend/ascend-toolkit/latest/tools/aml/lib64:/usr/local/Ascend/ascend-toolkit/latest/tools/aml/lib64/plugin:/usr/local/Ascend/ascend-toolkit/latest/lib64:/usr/local/Ascend/ascend-toolkit/latest/lib64/plugin/opskernel:/usr/local/Ascend/ascend-toolkit/latest/lib64/plugin/nnengine:/usr/local/Ascend/ascend-toolkit/latest/opp/built-in/op_impl/ai_core/tbe/op_tiling:/usr/local/Ascend/driver/lib64:/usr/local/Ascend/driver/lib64/common/:/usr/local/Ascend/driver/lib64/driver/:
++ '[' '!' -z /usr/local/Ascend/nnal/atb/latest/atb/cxx_abi_1/lib:/usr/local/Ascend/nnal/atb/latest/atb/cxx_abi_1/examples:/usr/local/Ascend/nnal/atb/latest/atb/cxx_abi_1/tests/atbopstest:/usr/local/Ascend/driver/lib64:/usr/local/Ascend/driver/lib64/common:/usr/local/Ascend/driver/lib64/driver:/usr/local/Ascend/nnal/atb/latest/atb/cxx_abi_1/lib:/usr/local/Ascend/nnal/atb/latest/atb/cxx_abi_1/examples:/usr/local/Ascend/nnal/atb/latest/atb/cxx_abi_1/tests/atbopstest:/usr/local/Ascend/driver/lib64:/usr/local/Ascend/driver/lib64/common:/usr/local/Ascend/driver/lib64/driver:/usr/local/Ascend/nnal/atb/latest/atb/cxx_abi_1/lib:/usr/local/Ascend/nnal/atb/latest/atb/cxx_abi_1/examples:/usr/local/Ascend/nnal/atb/latest/atb/cxx_abi_1/tests/atbopstest:/usr/local/Ascend/driver/lib64:/usr/local/Ascend/driver/lib64/common:/usr/local/Ascend/driver/lib64/driver:/usr/local/Ascend/nnal/atb/latest/atb/cxx_abi_1/lib:/usr/local/Ascend/nnal/atb/latest/atb/cxx_abi_1/examples:/usr/local/Ascend/nnal/atb/latest/atb/cxx_abi_1/tests/atbopstest:/usr/local/Ascend/driver/lib64:/usr/local/Ascend/driver/lib64/common:/usr/local/Ascend/driver/lib64/driver:/usr/local/Ascend/nnal/atb/latest/atb/cxx_abi_1/lib:/usr/local/Ascend/nnal/atb/latest/atb/cxx_abi_1/examples:/usr/local/Ascend/nnal/atb/latest/atb/cxx_abi_1/tests/atbopstest:/usr/local/Ascend/driver/lib64:/usr/local/Ascend/driver/lib64/common:/usr/local/Ascend/driver/lib64/driver:/usr/local/Ascend/nnal/atb/latest/atb/cxx_abi_1/lib:/usr/local/Ascend/nnal/atb/latest/atb/cxx_abi_1/examples:/usr/local/Ascend/nnal/atb/latest/atb/cxx_abi_1/tests/atbopstest:/usr/local/Ascend/ascend-toolkit/latest/tools/aml/lib64:/usr/local/Ascend/ascend-toolkit/latest/tools/aml/lib64/plugin:/usr/local/Ascend/ascend-toolkit/latest/lib64:/usr/local/Ascend/ascend-toolkit/latest/lib64/plugin/opskernel:/usr/local/Ascend/ascend-toolkit/latest/lib64/plugin/nnengine:/usr/local/Ascend/ascend-toolkit/latest/opp/built-in/op_impl/ai_core/tbe/op_tiling:/usr/local/Ascend/driver/lib64:/usr/local/Ascend/driver/lib64/common/:/usr/local/Ascend/driver/lib64/driver/: ']'
+++ echo /usr/local/Ascend/nnal/atb/latest/atb/cxx_abi_1/lib:/usr/local/Ascend/nnal/atb/latest/atb/cxx_abi_1/examples:/usr/local/Ascend/nnal/atb/latest/atb/cxx_abi_1/tests/atbopstest:/usr/local/Ascend/driver/lib64:/usr/local/Ascend/driver/lib64/common:/usr/local/Ascend/driver/lib64/driver:/usr/local/Ascend/nnal/atb/latest/atb/cxx_abi_1/lib:/usr/local/Ascend/nnal/atb/latest/atb/cxx_abi_1/examples:/usr/local/Ascend/nnal/atb/latest/atb/cxx_abi_1/tests/atbopstest:/usr/local/Ascend/driver/lib64:/usr/local/Ascend/driver/lib64/common:/usr/local/Ascend/driver/lib64/driver:/usr/local/Ascend/nnal/atb/latest/atb/cxx_abi_1/lib:/usr/local/Ascend/nnal/atb/latest/atb/cxx_abi_1/examples:/usr/local/Ascend/nnal/atb/latest/atb/cxx_abi_1/tests/atbopstest:/usr/local/Ascend/driver/lib64:/usr/local/Ascend/driver/lib64/common:/usr/local/Ascend/driver/lib64/driver:/usr/local/Ascend/nnal/atb/latest/atb/cxx_abi_1/lib:/usr/local/Ascend/nnal/atb/latest/atb/cxx_abi_1/examples:/usr/local/Ascend/nnal/atb/latest/atb/cxx_abi_1/tests/atbopstest:/usr/local/Ascend/driver/lib64:/usr/local/Ascend/driver/lib64/common:/usr/local/Ascend/driver/lib64/driver:/usr/local/Ascend/nnal/atb/latest/atb/cxx_abi_1/lib:/usr/local/Ascend/nnal/atb/latest/atb/cxx_abi_1/examples:/usr/local/Ascend/nnal/atb/latest/atb/cxx_abi_1/tests/atbopstest:/usr/local/Ascend/driver/lib64:/usr/local/Ascend/driver/lib64/common:/usr/local/Ascend/driver/lib64/driver:/usr/local/Ascend/nnal/atb/latest/atb/cxx_abi_1/lib:/usr/local/Ascend/nnal/atb/latest/atb/cxx_abi_1/examples:/usr/local/Ascend/nnal/atb/latest/atb/cxx_abi_1/tests/atbopstest:/usr/local/Ascend/ascend-toolkit/latest/tools/aml/lib64:/usr/local/Ascend/ascend-toolkit/latest/tools/aml/lib64/plugin:/usr/local/Ascend/ascend-toolkit/latest/lib64:/usr/local/Ascend/ascend-toolkit/latest/lib64/plugin/opskernel:/usr/local/Ascend/ascend-toolkit/latest/lib64/plugin/nnengine:/usr/local/Ascend/ascend-toolkit/latest/opp/built-in/op_impl/ai_core/tbe/op_tiling:/usr/local/Ascend/driver/lib64:/usr/local/Ascend/driver/lib64/common/:/usr/local/Ascend/driver/lib64/driver/:
+++ tr : ' '
++ ld_library_path='/usr/local/Ascend/nnal/atb/latest/atb/cxx_abi_1/lib /usr/local/Ascend/nnal/atb/latest/atb/cxx_abi_1/examples /usr/local/Ascend/nnal/atb/latest/atb/cxx_abi_1/tests/atbopstest /usr/local/Ascend/driver/lib64 /usr/local/Ascend/driver/lib64/common /usr/local/Ascend/driver/lib64/driver /usr/local/Ascend/nnal/atb/latest/atb/cxx_abi_1/lib /usr/local/Ascend/nnal/atb/latest/atb/cxx_abi_1/examples /usr/local/Ascend/nnal/atb/latest/atb/cxx_abi_1/tests/atbopstest /usr/local/Ascend/driver/lib64 /usr/local/Ascend/driver/lib64/common /usr/local/Ascend/driver/lib64/driver /usr/local/Ascend/nnal/atb/latest/atb/cxx_abi_1/lib /usr/local/Ascend/nnal/atb/latest/atb/cxx_abi_1/examples /usr/local/Ascend/nnal/atb/latest/atb/cxx_abi_1/tests/atbopstest /usr/local/Ascend/driver/lib64 /usr/local/Ascend/driver/lib64/common /usr/local/Ascend/driver/lib64/driver /usr/local/Ascend/nnal/atb/latest/atb/cxx_abi_1/lib /usr/local/Ascend/nnal/atb/latest/atb/cxx_abi_1/examples /usr/local/Ascend/nnal/atb/latest/atb/cxx_abi_1/tests/atbopstest /usr/local/Ascend/driver/lib64 /usr/local/Ascend/driver/lib64/common /usr/local/Ascend/driver/lib64/driver /usr/local/Ascend/nnal/atb/latest/atb/cxx_abi_1/lib /usr/local/Ascend/nnal/atb/latest/atb/cxx_abi_1/examples /usr/local/Ascend/nnal/atb/latest/atb/cxx_abi_1/tests/atbopstest /usr/local/Ascend/driver/lib64 /usr/local/Ascend/driver/lib64/common /usr/local/Ascend/driver/lib64/driver /usr/local/Ascend/nnal/atb/latest/atb/cxx_abi_1/lib /usr/local/Ascend/nnal/atb/latest/atb/cxx_abi_1/examples /usr/local/Ascend/nnal/atb/latest/atb/cxx_abi_1/tests/atbopstest /usr/local/Ascend/ascend-toolkit/latest/tools/aml/lib64 /usr/local/Ascend/ascend-toolkit/latest/tools/aml/lib64/plugin /usr/local/Ascend/ascend-toolkit/latest/lib64 /usr/local/Ascend/ascend-toolkit/latest/lib64/plugin/opskernel /usr/local/Ascend/ascend-toolkit/latest/lib64/plugin/nnengine /usr/local/Ascend/ascend-toolkit/latest/opp/built-in/op_impl/ai_core/tbe/op_tiling /usr/local/Ascend/driver/lib64 /usr/local/Ascend/driver/lib64/common/ /usr/local/Ascend/driver/lib64/driver/ '
++ for path in ${ld_library_path}
++ echo /usr/local/Ascend/nnal/atb/latest/atb/cxx_abi_1/lib
++ grep -q driver
++ for path in ${ld_library_path}
++ echo /usr/local/Ascend/nnal/atb/latest/atb/cxx_abi_1/examples
++ grep -q driver
++ for path in ${ld_library_path}
++ echo /usr/local/Ascend/nnal/atb/latest/atb/cxx_abi_1/tests/atbopstest
++ grep -q driver
++ for path in ${ld_library_path}
++ echo /usr/local/Ascend/driver/lib64
++ grep -q driver
++ '[' -d /usr/local/Ascend/driver/lib64 ']'
+++ find /usr/local/Ascend/driver/lib64 -name libascend_hal.so
++ dep_hal_path=/usr/local/Ascend/driver/lib64/driver/libascend_hal.so
++ '[' '!' -z /usr/local/Ascend/driver/lib64/driver/libascend_hal.so ']'
++ is_install_driver=y
++ for path in ${ld_library_path}
++ echo /usr/local/Ascend/driver/lib64/common
++ grep -q driver
++ '[' -d /usr/local/Ascend/driver/lib64/common ']'
+++ find /usr/local/Ascend/driver/lib64/common -name libascend_hal.so
++ dep_hal_path=
++ '[' '!' -z '' ']'
++ for path in ${ld_library_path}
++ echo /usr/local/Ascend/driver/lib64/driver
++ grep -q driver
++ '[' -d /usr/local/Ascend/driver/lib64/driver ']'
+++ find /usr/local/Ascend/driver/lib64/driver -name libascend_hal.so
++ dep_hal_path=/usr/local/Ascend/driver/lib64/driver/libascend_hal.so
++ '[' '!' -z /usr/local/Ascend/driver/lib64/driver/libascend_hal.so ']'
++ is_install_driver=y
++ for path in ${ld_library_path}
++ echo /usr/local/Ascend/nnal/atb/latest/atb/cxx_abi_1/lib
++ grep -q driver
++ for path in ${ld_library_path}
++ echo /usr/local/Ascend/nnal/atb/latest/atb/cxx_abi_1/examples
++ grep -q driver
++ for path in ${ld_library_path}
++ echo /usr/local/Ascend/nnal/atb/latest/atb/cxx_abi_1/tests/atbopstest
++ grep -q driver
++ for path in ${ld_library_path}
++ echo /usr/local/Ascend/driver/lib64
++ grep -q driver
++ '[' -d /usr/local/Ascend/driver/lib64 ']'
+++ find /usr/local/Ascend/driver/lib64 -name libascend_hal.so
++ dep_hal_path=/usr/local/Ascend/driver/lib64/driver/libascend_hal.so
++ '[' '!' -z /usr/local/Ascend/driver/lib64/driver/libascend_hal.so ']'
++ is_install_driver=y
++ for path in ${ld_library_path}
++ echo /usr/local/Ascend/driver/lib64/common
++ grep -q driver
++ '[' -d /usr/local/Ascend/driver/lib64/common ']'
+++ find /usr/local/Ascend/driver/lib64/common -name libascend_hal.so
++ dep_hal_path=
++ '[' '!' -z '' ']'
++ for path in ${ld_library_path}
++ echo /usr/local/Ascend/driver/lib64/driver
++ grep -q driver
++ '[' -d /usr/local/Ascend/driver/lib64/driver ']'
+++ find /usr/local/Ascend/driver/lib64/driver -name libascend_hal.so
++ dep_hal_path=/usr/local/Ascend/driver/lib64/driver/libascend_hal.so
++ '[' '!' -z /usr/local/Ascend/driver/lib64/driver/libascend_hal.so ']'
++ is_install_driver=y
++ for path in ${ld_library_path}
++ echo /usr/local/Ascend/nnal/atb/latest/atb/cxx_abi_1/lib
++ grep -q driver
++ for path in ${ld_library_path}
++ echo /usr/local/Ascend/nnal/atb/latest/atb/cxx_abi_1/examples
++ grep -q driver
++ for path in ${ld_library_path}
++ echo /usr/local/Ascend/nnal/atb/latest/atb/cxx_abi_1/tests/atbopstest
++ grep -q driver
++ for path in ${ld_library_path}
++ echo /usr/local/Ascend/driver/lib64
++ grep -q driver
++ '[' -d /usr/local/Ascend/driver/lib64 ']'
+++ find /usr/local/Ascend/driver/lib64 -name libascend_hal.so
++ dep_hal_path=/usr/local/Ascend/driver/lib64/driver/libascend_hal.so
++ '[' '!' -z /usr/local/Ascend/driver/lib64/driver/libascend_hal.so ']'
++ is_install_driver=y
++ for path in ${ld_library_path}
++ echo /usr/local/Ascend/driver/lib64/common
++ grep -q driver
++ '[' -d /usr/local/Ascend/driver/lib64/common ']'
+++ find /usr/local/Ascend/driver/lib64/common -name libascend_hal.so
++ dep_hal_path=
++ '[' '!' -z '' ']'
++ for path in ${ld_library_path}
++ echo /usr/local/Ascend/driver/lib64/driver
++ grep -q driver
++ '[' -d /usr/local/Ascend/driver/lib64/driver ']'
+++ find /usr/local/Ascend/driver/lib64/driver -name libascend_hal.so
++ dep_hal_path=/usr/local/Ascend/driver/lib64/driver/libascend_hal.so
++ '[' '!' -z /usr/local/Ascend/driver/lib64/driver/libascend_hal.so ']'
++ is_install_driver=y
++ for path in ${ld_library_path}
++ echo /usr/local/Ascend/nnal/atb/latest/atb/cxx_abi_1/lib
++ grep -q driver
++ for path in ${ld_library_path}
++ echo /usr/local/Ascend/nnal/atb/latest/atb/cxx_abi_1/examples
++ grep -q driver
++ for path in ${ld_library_path}
++ echo /usr/local/Ascend/nnal/atb/latest/atb/cxx_abi_1/tests/atbopstest
++ grep -q driver
++ for path in ${ld_library_path}
++ echo /usr/local/Ascend/driver/lib64
++ grep -q driver
++ '[' -d /usr/local/Ascend/driver/lib64 ']'
+++ find /usr/local/Ascend/driver/lib64 -name libascend_hal.so
++ dep_hal_path=/usr/local/Ascend/driver/lib64/driver/libascend_hal.so
++ '[' '!' -z /usr/local/Ascend/driver/lib64/driver/libascend_hal.so ']'
++ is_install_driver=y
++ for path in ${ld_library_path}
++ echo /usr/local/Ascend/driver/lib64/common
++ grep -q driver
++ '[' -d /usr/local/Ascend/driver/lib64/common ']'
+++ find /usr/local/Ascend/driver/lib64/common -name libascend_hal.so
++ dep_hal_path=
++ '[' '!' -z '' ']'
++ for path in ${ld_library_path}
++ echo /usr/local/Ascend/driver/lib64/driver
++ grep -q driver
++ '[' -d /usr/local/Ascend/driver/lib64/driver ']'
+++ find /usr/local/Ascend/driver/lib64/driver -name libascend_hal.so
++ dep_hal_path=/usr/local/Ascend/driver/lib64/driver/libascend_hal.so
++ '[' '!' -z /usr/local/Ascend/driver/lib64/driver/libascend_hal.so ']'
++ is_install_driver=y
++ for path in ${ld_library_path}
++ echo /usr/local/Ascend/nnal/atb/latest/atb/cxx_abi_1/lib
++ grep -q driver
++ for path in ${ld_library_path}
++ echo /usr/local/Ascend/nnal/atb/latest/atb/cxx_abi_1/examples
++ grep -q driver
++ for path in ${ld_library_path}
++ echo /usr/local/Ascend/nnal/atb/latest/atb/cxx_abi_1/tests/atbopstest
++ grep -q driver
++ for path in ${ld_library_path}
++ echo /usr/local/Ascend/driver/lib64
++ grep -q driver
++ '[' -d /usr/local/Ascend/driver/lib64 ']'
+++ find /usr/local/Ascend/driver/lib64 -name libascend_hal.so
++ dep_hal_path=/usr/local/Ascend/driver/lib64/driver/libascend_hal.so
++ '[' '!' -z /usr/local/Ascend/driver/lib64/driver/libascend_hal.so ']'
++ is_install_driver=y
++ for path in ${ld_library_path}
++ echo /usr/local/Ascend/driver/lib64/common
++ grep -q driver
++ '[' -d /usr/local/Ascend/driver/lib64/common ']'
+++ find /usr/local/Ascend/driver/lib64/common -name libascend_hal.so
++ dep_hal_path=
++ '[' '!' -z '' ']'
++ for path in ${ld_library_path}
++ echo /usr/local/Ascend/driver/lib64/driver
++ grep -q driver
++ '[' -d /usr/local/Ascend/driver/lib64/driver ']'
+++ find /usr/local/Ascend/driver/lib64/driver -name libascend_hal.so
++ dep_hal_path=/usr/local/Ascend/driver/lib64/driver/libascend_hal.so
++ '[' '!' -z /usr/local/Ascend/driver/lib64/driver/libascend_hal.so ']'
++ is_install_driver=y
++ for path in ${ld_library_path}
++ echo /usr/local/Ascend/nnal/atb/latest/atb/cxx_abi_1/lib
++ grep -q driver
++ for path in ${ld_library_path}
++ echo /usr/local/Ascend/nnal/atb/latest/atb/cxx_abi_1/examples
++ grep -q driver
++ for path in ${ld_library_path}
++ echo /usr/local/Ascend/nnal/atb/latest/atb/cxx_abi_1/tests/atbopstest
++ grep -q driver
++ for path in ${ld_library_path}
++ echo /usr/local/Ascend/ascend-toolkit/latest/tools/aml/lib64
++ grep -q driver
++ for path in ${ld_library_path}
++ echo /usr/local/Ascend/ascend-toolkit/latest/tools/aml/lib64/plugin
++ grep -q driver
++ for path in ${ld_library_path}
++ echo /usr/local/Ascend/ascend-toolkit/latest/lib64
++ grep -q driver
++ for path in ${ld_library_path}
++ echo /usr/local/Ascend/ascend-toolkit/latest/lib64/plugin/opskernel
++ grep -q driver
++ for path in ${ld_library_path}
++ echo /usr/local/Ascend/ascend-toolkit/latest/lib64/plugin/nnengine
++ grep -q driver
++ for path in ${ld_library_path}
++ echo /usr/local/Ascend/ascend-toolkit/latest/opp/built-in/op_impl/ai_core/tbe/op_tiling
++ grep -q driver
++ for path in ${ld_library_path}
++ echo /usr/local/Ascend/driver/lib64
++ grep -q driver
++ '[' -d /usr/local/Ascend/driver/lib64 ']'
+++ find /usr/local/Ascend/driver/lib64 -name libascend_hal.so
++ dep_hal_path=/usr/local/Ascend/driver/lib64/driver/libascend_hal.so
++ '[' '!' -z /usr/local/Ascend/driver/lib64/driver/libascend_hal.so ']'
++ is_install_driver=y
++ for path in ${ld_library_path}
++ echo /usr/local/Ascend/driver/lib64/common/
++ grep -q driver
++ '[' -d /usr/local/Ascend/driver/lib64/common/ ']'
+++ find /usr/local/Ascend/driver/lib64/common/ -name libascend_hal.so
++ dep_hal_path=
++ '[' '!' -z '' ']'
++ for path in ${ld_library_path}
++ echo /usr/local/Ascend/driver/lib64/driver/
++ grep -q driver
++ '[' -d /usr/local/Ascend/driver/lib64/driver/ ']'
+++ find /usr/local/Ascend/driver/lib64/driver/ -name libascend_hal.so
++ dep_hal_path=/usr/local/Ascend/driver/lib64/driver/libascend_hal.so
++ '[' '!' -z /usr/local/Ascend/driver/lib64/driver/libascend_hal.so ']'
++ is_install_driver=y
++ '[' -f /etc/ascend_install.info ']'
++ case ":$PATH:" in
++ command -v ldconfig
++ ldconfig -p
++ grep -q -- libascend_hal.so
++ command -v arch
+++ arch
++ architecture=aarch64
++ prepend_env PATH /usr/local/Ascend/cann-8.5.0/bin:/usr/local/Ascend/cann-8.5.0/tools/ccec_compiler/bin:/usr/local/Ascend/cann-8.5.0/tools/profiler/bin:/usr/local/Ascend/cann-8.5.0/tools/ascend_system_advisor/asys:/usr/local/Ascend/cann-8.5.0/tools/show_kernel_debug_data:/usr/local/Ascend/cann-8.5.0/tools/msobjdump
++ local name=PATH
++ local value=/usr/local/Ascend/cann-8.5.0/bin:/usr/local/Ascend/cann-8.5.0/tools/ccec_compiler/bin:/usr/local/Ascend/cann-8.5.0/tools/profiler/bin:/usr/local/Ascend/cann-8.5.0/tools/ascend_system_advisor/asys:/usr/local/Ascend/cann-8.5.0/tools/show_kernel_debug_data:/usr/local/Ascend/cann-8.5.0/tools/msobjdump
+++ eval echo '${PATH}'
++++ echo /usr/local/Ascend/nnal/atb/latest/atb/cxx_abi_1/bin:/usr/local/Ascend/nnal/atb/latest/atb/cxx_abi_1/bin:/usr/local/Ascend/nnal/atb/latest/atb/cxx_abi_1/bin:/root/.vscode-server/data/User/globalStorage/github.copilot-chat/debugCommand:/root/.vscode-server/data/User/globalStorage/github.copilot-chat/copilotCli:/root/.vscode-server/bin/8761a5560cfd65fdd19ce7e2bd18dab5c0a4d84e/bin/remote-cli:/usr/local/Ascend/nnal/atb/latest/atb/cxx_abi_1/bin:/usr/local/Ascend/nnal/atb/latest/atb/cxx_abi_1/bin:/usr/local/Ascend/nnal/atb/latest/atb/cxx_abi_1/bin:/usr/local/Ascend/ascend-toolkit/latest/bin:/usr/local/Ascend/ascend-toolkit/latest/compiler/ccec_compiler/bin:/usr/local/Ascend/ascend-toolkit/latest/tools/ccec_compiler/bin:/usr/local/python3.11.14/bin:/usr/local/sbin:/usr/local/bin:/usr/sbin:/usr/bin:/sbin:/bin:/usr/local/go/bin:/root/bin:/usr/local/go/bin:/usr/local/go/bin:/root/bin
++ local env_value=/usr/local/Ascend/nnal/atb/latest/atb/cxx_abi_1/bin:/usr/local/Ascend/nnal/atb/latest/atb/cxx_abi_1/bin:/usr/local/Ascend/nnal/atb/latest/atb/cxx_abi_1/bin:/root/.vscode-server/data/User/globalStorage/github.copilot-chat/debugCommand:/root/.vscode-server/data/User/globalStorage/github.copilot-chat/copilotCli:/root/.vscode-server/bin/8761a5560cfd65fdd19ce7e2bd18dab5c0a4d84e/bin/remote-cli:/usr/local/Ascend/nnal/atb/latest/atb/cxx_abi_1/bin:/usr/local/Ascend/nnal/atb/latest/atb/cxx_abi_1/bin:/usr/local/Ascend/nnal/atb/latest/atb/cxx_abi_1/bin:/usr/local/Ascend/ascend-toolkit/latest/bin:/usr/local/Ascend/ascend-toolkit/latest/compiler/ccec_compiler/bin:/usr/local/Ascend/ascend-toolkit/latest/tools/ccec_compiler/bin:/usr/local/python3.11.14/bin:/usr/local/sbin:/usr/local/bin:/usr/sbin:/usr/bin:/sbin:/bin:/usr/local/go/bin:/root/bin:/usr/local/go/bin:/usr/local/go/bin:/root/bin
++ '[' /usr/local/Ascend/nnal/atb/latest/atb/cxx_abi_1/bin:/usr/local/Ascend/nnal/atb/latest/atb/cxx_abi_1/bin:/usr/local/Ascend/nnal/atb/latest/atb/cxx_abi_1/bin:/root/.vscode-server/data/User/globalStorage/github.copilot-chat/debugCommand:/root/.vscode-server/data/User/globalStorage/github.copilot-chat/copilotCli:/root/.vscode-server/bin/8761a5560cfd65fdd19ce7e2bd18dab5c0a4d84e/bin/remote-cli:/usr/local/Ascend/nnal/atb/latest/atb/cxx_abi_1/bin:/usr/local/Ascend/nnal/atb/latest/atb/cxx_abi_1/bin:/usr/local/Ascend/nnal/atb/latest/atb/cxx_abi_1/bin:/usr/local/Ascend/ascend-toolkit/latest/bin:/usr/local/Ascend/ascend-toolkit/latest/compiler/ccec_compiler/bin:/usr/local/Ascend/ascend-toolkit/latest/tools/ccec_compiler/bin:/usr/local/python3.11.14/bin:/usr/local/sbin:/usr/local/bin:/usr/sbin:/usr/bin:/sbin:/bin:/usr/local/go/bin:/root/bin:/usr/local/go/bin:/usr/local/go/bin:/root/bin = '' ']'
++ read -r PATH
++ export PATH
++ prepend_env LD_LIBRARY_PATH /usr/local/Ascend/cann-8.5.0/lib64:/usr/local/Ascend/cann-8.5.0/lib64/plugin/opskernel:/usr/local/Ascend/cann-8.5.0/lib64/plugin/nnengine:/usr/local/Ascend/cann-8.5.0/opp/built-in/op_impl/ai_core/tbe/op_tiling/lib/linux/aarch64:/usr/local/Ascend/cann-8.5.0/tools/aml/lib64:/usr/local/Ascend/cann-8.5.0/tools/aml/lib64/plugin:/usr/local/Ascend/driver/lib64:/usr/local/Ascend/driver/lib64/common:/usr/local/Ascend/driver/lib64/driver
++ local name=LD_LIBRARY_PATH
++ local value=/usr/local/Ascend/cann-8.5.0/lib64:/usr/local/Ascend/cann-8.5.0/lib64/plugin/opskernel:/usr/local/Ascend/cann-8.5.0/lib64/plugin/nnengine:/usr/local/Ascend/cann-8.5.0/opp/built-in/op_impl/ai_core/tbe/op_tiling/lib/linux/aarch64:/usr/local/Ascend/cann-8.5.0/tools/aml/lib64:/usr/local/Ascend/cann-8.5.0/tools/aml/lib64/plugin:/usr/local/Ascend/driver/lib64:/usr/local/Ascend/driver/lib64/common:/usr/local/Ascend/driver/lib64/driver
+++ eval echo '${LD_LIBRARY_PATH}'
++++ echo /usr/local/Ascend/nnal/atb/latest/atb/cxx_abi_1/lib:/usr/local/Ascend/nnal/atb/latest/atb/cxx_abi_1/examples:/usr/local/Ascend/nnal/atb/latest/atb/cxx_abi_1/tests/atbopstest:/usr/local/Ascend/driver/lib64:/usr/local/Ascend/driver/lib64/common:/usr/local/Ascend/driver/lib64/driver:/usr/local/Ascend/nnal/atb/latest/atb/cxx_abi_1/lib:/usr/local/Ascend/nnal/atb/latest/atb/cxx_abi_1/examples:/usr/local/Ascend/nnal/atb/latest/atb/cxx_abi_1/tests/atbopstest:/usr/local/Ascend/driver/lib64:/usr/local/Ascend/driver/lib64/common:/usr/local/Ascend/driver/lib64/driver:/usr/local/Ascend/nnal/atb/latest/atb/cxx_abi_1/lib:/usr/local/Ascend/nnal/atb/latest/atb/cxx_abi_1/examples:/usr/local/Ascend/nnal/atb/latest/atb/cxx_abi_1/tests/atbopstest:/usr/local/Ascend/driver/lib64:/usr/local/Ascend/driver/lib64/common:/usr/local/Ascend/driver/lib64/driver:/usr/local/Ascend/nnal/atb/latest/atb/cxx_abi_1/lib:/usr/local/Ascend/nnal/atb/latest/atb/cxx_abi_1/examples:/usr/local/Ascend/nnal/atb/latest/atb/cxx_abi_1/tests/atbopstest:/usr/local/Ascend/driver/lib64:/usr/local/Ascend/driver/lib64/common:/usr/local/Ascend/driver/lib64/driver:/usr/local/Ascend/nnal/atb/latest/atb/cxx_abi_1/lib:/usr/local/Ascend/nnal/atb/latest/atb/cxx_abi_1/examples:/usr/local/Ascend/nnal/atb/latest/atb/cxx_abi_1/tests/atbopstest:/usr/local/Ascend/driver/lib64:/usr/local/Ascend/driver/lib64/common:/usr/local/Ascend/driver/lib64/driver:/usr/local/Ascend/nnal/atb/latest/atb/cxx_abi_1/lib:/usr/local/Ascend/nnal/atb/latest/atb/cxx_abi_1/examples:/usr/local/Ascend/nnal/atb/latest/atb/cxx_abi_1/tests/atbopstest:/usr/local/Ascend/ascend-toolkit/latest/tools/aml/lib64:/usr/local/Ascend/ascend-toolkit/latest/tools/aml/lib64/plugin:/usr/local/Ascend/ascend-toolkit/latest/lib64:/usr/local/Ascend/ascend-toolkit/latest/lib64/plugin/opskernel:/usr/local/Ascend/ascend-toolkit/latest/lib64/plugin/nnengine:/usr/local/Ascend/ascend-toolkit/latest/opp/built-in/op_impl/ai_core/tbe/op_tiling:/usr/local/Ascend/driver/lib64:/usr/local/Ascend/driver/lib64/common/:/usr/local/Ascend/driver/lib64/driver/:
++ local env_value=/usr/local/Ascend/nnal/atb/latest/atb/cxx_abi_1/lib:/usr/local/Ascend/nnal/atb/latest/atb/cxx_abi_1/examples:/usr/local/Ascend/nnal/atb/latest/atb/cxx_abi_1/tests/atbopstest:/usr/local/Ascend/driver/lib64:/usr/local/Ascend/driver/lib64/common:/usr/local/Ascend/driver/lib64/driver:/usr/local/Ascend/nnal/atb/latest/atb/cxx_abi_1/lib:/usr/local/Ascend/nnal/atb/latest/atb/cxx_abi_1/examples:/usr/local/Ascend/nnal/atb/latest/atb/cxx_abi_1/tests/atbopstest:/usr/local/Ascend/driver/lib64:/usr/local/Ascend/driver/lib64/common:/usr/local/Ascend/driver/lib64/driver:/usr/local/Ascend/nnal/atb/latest/atb/cxx_abi_1/lib:/usr/local/Ascend/nnal/atb/latest/atb/cxx_abi_1/examples:/usr/local/Ascend/nnal/atb/latest/atb/cxx_abi_1/tests/atbopstest:/usr/local/Ascend/driver/lib64:/usr/local/Ascend/driver/lib64/common:/usr/local/Ascend/driver/lib64/driver:/usr/local/Ascend/nnal/atb/latest/atb/cxx_abi_1/lib:/usr/local/Ascend/nnal/atb/latest/atb/cxx_abi_1/examples:/usr/local/Ascend/nnal/atb/latest/atb/cxx_abi_1/tests/atbopstest:/usr/local/Ascend/driver/lib64:/usr/local/Ascend/driver/lib64/common:/usr/local/Ascend/driver/lib64/driver:/usr/local/Ascend/nnal/atb/latest/atb/cxx_abi_1/lib:/usr/local/Ascend/nnal/atb/latest/atb/cxx_abi_1/examples:/usr/local/Ascend/nnal/atb/latest/atb/cxx_abi_1/tests/atbopstest:/usr/local/Ascend/driver/lib64:/usr/local/Ascend/driver/lib64/common:/usr/local/Ascend/driver/lib64/driver:/usr/local/Ascend/nnal/atb/latest/atb/cxx_abi_1/lib:/usr/local/Ascend/nnal/atb/latest/atb/cxx_abi_1/examples:/usr/local/Ascend/nnal/atb/latest/atb/cxx_abi_1/tests/atbopstest:/usr/local/Ascend/ascend-toolkit/latest/tools/aml/lib64:/usr/local/Ascend/ascend-toolkit/latest/tools/aml/lib64/plugin:/usr/local/Ascend/ascend-toolkit/latest/lib64:/usr/local/Ascend/ascend-toolkit/latest/lib64/plugin/opskernel:/usr/local/Ascend/ascend-toolkit/latest/lib64/plugin/nnengine:/usr/local/Ascend/ascend-toolkit/latest/opp/built-in/op_impl/ai_core/tbe/op_tiling:/usr/local/Ascend/driver/lib64:/usr/local/Ascend/driver/lib64/common/:/usr/local/Ascend/driver/lib64/driver/:
++ '[' /usr/local/Ascend/nnal/atb/latest/atb/cxx_abi_1/lib:/usr/local/Ascend/nnal/atb/latest/atb/cxx_abi_1/examples:/usr/local/Ascend/nnal/atb/latest/atb/cxx_abi_1/tests/atbopstest:/usr/local/Ascend/driver/lib64:/usr/local/Ascend/driver/lib64/common:/usr/local/Ascend/driver/lib64/driver:/usr/local/Ascend/nnal/atb/latest/atb/cxx_abi_1/lib:/usr/local/Ascend/nnal/atb/latest/atb/cxx_abi_1/examples:/usr/local/Ascend/nnal/atb/latest/atb/cxx_abi_1/tests/atbopstest:/usr/local/Ascend/driver/lib64:/usr/local/Ascend/driver/lib64/common:/usr/local/Ascend/driver/lib64/driver:/usr/local/Ascend/nnal/atb/latest/atb/cxx_abi_1/lib:/usr/local/Ascend/nnal/atb/latest/atb/cxx_abi_1/examples:/usr/local/Ascend/nnal/atb/latest/atb/cxx_abi_1/tests/atbopstest:/usr/local/Ascend/driver/lib64:/usr/local/Ascend/driver/lib64/common:/usr/local/Ascend/driver/lib64/driver:/usr/local/Ascend/nnal/atb/latest/atb/cxx_abi_1/lib:/usr/local/Ascend/nnal/atb/latest/atb/cxx_abi_1/examples:/usr/local/Ascend/nnal/atb/latest/atb/cxx_abi_1/tests/atbopstest:/usr/local/Ascend/driver/lib64:/usr/local/Ascend/driver/lib64/common:/usr/local/Ascend/driver/lib64/driver:/usr/local/Ascend/nnal/atb/latest/atb/cxx_abi_1/lib:/usr/local/Ascend/nnal/atb/latest/atb/cxx_abi_1/examples:/usr/local/Ascend/nnal/atb/latest/atb/cxx_abi_1/tests/atbopstest:/usr/local/Ascend/driver/lib64:/usr/local/Ascend/driver/lib64/common:/usr/local/Ascend/driver/lib64/driver:/usr/local/Ascend/nnal/atb/latest/atb/cxx_abi_1/lib:/usr/local/Ascend/nnal/atb/latest/atb/cxx_abi_1/examples:/usr/local/Ascend/nnal/atb/latest/atb/cxx_abi_1/tests/atbopstest:/usr/local/Ascend/ascend-toolkit/latest/tools/aml/lib64:/usr/local/Ascend/ascend-toolkit/latest/tools/aml/lib64/plugin:/usr/local/Ascend/ascend-toolkit/latest/lib64:/usr/local/Ascend/ascend-toolkit/latest/lib64/plugin/opskernel:/usr/local/Ascend/ascend-toolkit/latest/lib64/plugin/nnengine:/usr/local/Ascend/ascend-toolkit/latest/opp/built-in/op_impl/ai_core/tbe/op_tiling:/usr/local/Ascend/driver/lib64:/usr/local/Ascend/driver/lib64/common/:/usr/local/Ascend/driver/lib64/driver/: = '' ']'
++ read -r LD_LIBRARY_PATH
++ export LD_LIBRARY_PATH
++ export PYTHONPATH=/usr/local/Ascend/cann-8.5.0/python/site-packages:/usr/local/Ascend/cann-8.5.0/opp/built-in/op_impl/ai_core/tbe:/workspace/cann-recipes-train/llm_rl/qwen3_shrink_aware:/usr/local/Ascend/ascend-toolkit/latest/python/site-packages:/usr/local/Ascend/ascend-toolkit/latest/opp/built-in/op_impl/ai_core/tbe:
++ PYTHONPATH=/usr/local/Ascend/cann-8.5.0/python/site-packages:/usr/local/Ascend/cann-8.5.0/opp/built-in/op_impl/ai_core/tbe:/workspace/cann-recipes-train/llm_rl/qwen3_shrink_aware:/usr/local/Ascend/ascend-toolkit/latest/python/site-packages:/usr/local/Ascend/ascend-toolkit/latest/opp/built-in/op_impl/ai_core/tbe:
++ '[' y = n ']'
++ export ASCEND_OPP_PATH=/usr/local/Ascend/cann-8.5.0/opp
++ ASCEND_OPP_PATH=/usr/local/Ascend/cann-8.5.0/opp
++ export ASCEND_AICPU_PATH=/usr/local/Ascend/cann-8.5.0
++ ASCEND_AICPU_PATH=/usr/local/Ascend/cann-8.5.0
++ export TOOLCHAIN_HOME=/usr/local/Ascend/cann-8.5.0/toolkit
++ TOOLCHAIN_HOME=/usr/local/Ascend/cann-8.5.0/toolkit
++ export ASCEND_HOME_PATH=/usr/local/Ascend/cann-8.5.0
++ ASCEND_HOME_PATH=/usr/local/Ascend/cann-8.5.0
++ export ASCEND_TOOLKIT_HOME=/usr/local/Ascend/cann-8.5.0
++ ASCEND_TOOLKIT_HOME=/usr/local/Ascend/cann-8.5.0
++ prepend_env CMAKE_PREFIX_PATH /usr/local/Ascend/cann-8.5.0/lib64/cmake
++ local name=CMAKE_PREFIX_PATH
++ local value=/usr/local/Ascend/cann-8.5.0/lib64/cmake
+++ eval echo '${CMAKE_PREFIX_PATH}'
++++ echo /usr/local/Ascend/cann-8.5.0/toolkit/tools/tikicpulib/lib/cmake:/usr/local/Ascend/cann-8.5.0/lib64/cmake:/usr/local/Ascend/cann-8.5.0/toolkit/tools/tikicpulib/lib/cmake:/usr/local/Ascend/cann-8.5.0/lib64/cmake:/usr/local/Ascend/cann-8.5.0/toolkit/tools/tikicpulib/lib/cmake:/usr/local/Ascend/cann-8.5.0/lib64/cmake:/usr/local/Ascend/cann-8.5.0/toolkit/tools/tikicpulib/lib/cmake:/usr/local/Ascend/cann-8.5.0/lib64/cmake:/usr/local/Ascend/cann-8.5.0/toolkit/tools/tikicpulib/lib/cmake:/usr/local/Ascend/cann-8.5.0/lib64/cmake
++ local env_value=/usr/local/Ascend/cann-8.5.0/toolkit/tools/tikicpulib/lib/cmake:/usr/local/Ascend/cann-8.5.0/lib64/cmake:/usr/local/Ascend/cann-8.5.0/toolkit/tools/tikicpulib/lib/cmake:/usr/local/Ascend/cann-8.5.0/lib64/cmake:/usr/local/Ascend/cann-8.5.0/toolkit/tools/tikicpulib/lib/cmake:/usr/local/Ascend/cann-8.5.0/lib64/cmake:/usr/local/Ascend/cann-8.5.0/toolkit/tools/tikicpulib/lib/cmake:/usr/local/Ascend/cann-8.5.0/lib64/cmake:/usr/local/Ascend/cann-8.5.0/toolkit/tools/tikicpulib/lib/cmake:/usr/local/Ascend/cann-8.5.0/lib64/cmake
++ '[' /usr/local/Ascend/cann-8.5.0/toolkit/tools/tikicpulib/lib/cmake:/usr/local/Ascend/cann-8.5.0/lib64/cmake:/usr/local/Ascend/cann-8.5.0/toolkit/tools/tikicpulib/lib/cmake:/usr/local/Ascend/cann-8.5.0/lib64/cmake:/usr/local/Ascend/cann-8.5.0/toolkit/tools/tikicpulib/lib/cmake:/usr/local/Ascend/cann-8.5.0/lib64/cmake:/usr/local/Ascend/cann-8.5.0/toolkit/tools/tikicpulib/lib/cmake:/usr/local/Ascend/cann-8.5.0/lib64/cmake:/usr/local/Ascend/cann-8.5.0/toolkit/tools/tikicpulib/lib/cmake:/usr/local/Ascend/cann-8.5.0/lib64/cmake = '' ']'
++ read -r CMAKE_PREFIX_PATH
++ export CMAKE_PREFIX_PATH
++ prepend_env CMAKE_PREFIX_PATH /usr/local/Ascend/cann-8.5.0/toolkit/tools/tikicpulib/lib/cmake
++ local name=CMAKE_PREFIX_PATH
++ local value=/usr/local/Ascend/cann-8.5.0/toolkit/tools/tikicpulib/lib/cmake
+++ eval echo '${CMAKE_PREFIX_PATH}'
++++ echo /usr/local/Ascend/cann-8.5.0/lib64/cmake:/usr/local/Ascend/cann-8.5.0/toolkit/tools/tikicpulib/lib/cmake:/usr/local/Ascend/cann-8.5.0/lib64/cmake:/usr/local/Ascend/cann-8.5.0/toolkit/tools/tikicpulib/lib/cmake:/usr/local/Ascend/cann-8.5.0/lib64/cmake:/usr/local/Ascend/cann-8.5.0/toolkit/tools/tikicpulib/lib/cmake:/usr/local/Ascend/cann-8.5.0/lib64/cmake:/usr/local/Ascend/cann-8.5.0/toolkit/tools/tikicpulib/lib/cmake:/usr/local/Ascend/cann-8.5.0/lib64/cmake:/usr/local/Ascend/cann-8.5.0/toolkit/tools/tikicpulib/lib/cmake:/usr/local/Ascend/cann-8.5.0/lib64/cmake
++ local env_value=/usr/local/Ascend/cann-8.5.0/lib64/cmake:/usr/local/Ascend/cann-8.5.0/toolkit/tools/tikicpulib/lib/cmake:/usr/local/Ascend/cann-8.5.0/lib64/cmake:/usr/local/Ascend/cann-8.5.0/toolkit/tools/tikicpulib/lib/cmake:/usr/local/Ascend/cann-8.5.0/lib64/cmake:/usr/local/Ascend/cann-8.5.0/toolkit/tools/tikicpulib/lib/cmake:/usr/local/Ascend/cann-8.5.0/lib64/cmake:/usr/local/Ascend/cann-8.5.0/toolkit/tools/tikicpulib/lib/cmake:/usr/local/Ascend/cann-8.5.0/lib64/cmake:/usr/local/Ascend/cann-8.5.0/toolkit/tools/tikicpulib/lib/cmake:/usr/local/Ascend/cann-8.5.0/lib64/cmake
++ '[' /usr/local/Ascend/cann-8.5.0/lib64/cmake:/usr/local/Ascend/cann-8.5.0/toolkit/tools/tikicpulib/lib/cmake:/usr/local/Ascend/cann-8.5.0/lib64/cmake:/usr/local/Ascend/cann-8.5.0/toolkit/tools/tikicpulib/lib/cmake:/usr/local/Ascend/cann-8.5.0/lib64/cmake:/usr/local/Ascend/cann-8.5.0/toolkit/tools/tikicpulib/lib/cmake:/usr/local/Ascend/cann-8.5.0/lib64/cmake:/usr/local/Ascend/cann-8.5.0/toolkit/tools/tikicpulib/lib/cmake:/usr/local/Ascend/cann-8.5.0/lib64/cmake:/usr/local/Ascend/cann-8.5.0/toolkit/tools/tikicpulib/lib/cmake:/usr/local/Ascend/cann-8.5.0/lib64/cmake = '' ']'
++ read -r CMAKE_PREFIX_PATH
++ export CMAKE_PREFIX_PATH
+ source /usr/local/Ascend/nnal/asdsip/set_env.sh
++ path=/usr/local/Ascend/nnal/asdsip/set_env.sh
++ [[ -f /usr/local/Ascend/nnal/asdsip/set_env.sh ]]
++ [[ /usr/local/Ascend/nnal/asdsip/set_env.sh =~ set_env\.sh ]]
++++ dirname /usr/local/Ascend/nnal/asdsip/set_env.sh
+++ cd /usr/local/Ascend/nnal/asdsip
+++ pwd
++ asdsip_dir_path=/usr/local/Ascend/nnal/asdsip
++ export ASDSIP_HOME_PATH=/usr/local/Ascend/nnal/asdsip/latest/
++ ASDSIP_HOME_PATH=/usr/local/Ascend/nnal/asdsip/latest/
++ export LD_LIBRARY_PATH=/usr/local/Ascend/nnal/asdsip/latest//lib:/usr/local/Ascend/cann-8.5.0/lib64:/usr/local/Ascend/cann-8.5.0/lib64/plugin/opskernel:/usr/local/Ascend/cann-8.5.0/lib64/plugin/nnengine:/usr/local/Ascend/cann-8.5.0/opp/built-in/op_impl/ai_core/tbe/op_tiling/lib/linux/aarch64:/usr/local/Ascend/cann-8.5.0/tools/aml/lib64:/usr/local/Ascend/cann-8.5.0/tools/aml/lib64/plugin:/usr/local/Ascend/driver/lib64:/usr/local/Ascend/driver/lib64/common:/usr/local/Ascend/driver/lib64/driver:/usr/local/Ascend/nnal/atb/latest/atb/cxx_abi_1/lib:/usr/local/Ascend/nnal/atb/latest/atb/cxx_abi_1/examples:/usr/local/Ascend/nnal/atb/latest/atb/cxx_abi_1/tests/atbopstest:/usr/local/Ascend/driver/lib64:/usr/local/Ascend/driver/lib64/common:/usr/local/Ascend/driver/lib64/driver:/usr/local/Ascend/nnal/atb/latest/atb/cxx_abi_1/lib:/usr/local/Ascend/nnal/atb/latest/atb/cxx_abi_1/examples:/usr/local/Ascend/nnal/atb/latest/atb/cxx_abi_1/tests/atbopstest:/usr/local/Ascend/driver/lib64:/usr/local/Ascend/driver/lib64/common:/usr/local/Ascend/driver/lib64/driver:/usr/local/Ascend/nnal/atb/latest/atb/cxx_abi_1/lib:/usr/local/Ascend/nnal/atb/latest/atb/cxx_abi_1/examples:/usr/local/Ascend/nnal/atb/latest/atb/cxx_abi_1/tests/atbopstest:/usr/local/Ascend/driver/lib64:/usr/local/Ascend/driver/lib64/common:/usr/local/Ascend/driver/lib64/driver:/usr/local/Ascend/nnal/atb/latest/atb/cxx_abi_1/lib:/usr/local/Ascend/nnal/atb/latest/atb/cxx_abi_1/examples:/usr/local/Ascend/nnal/atb/latest/atb/cxx_abi_1/tests/atbopstest:/usr/local/Ascend/driver/lib64:/usr/local/Ascend/driver/lib64/common:/usr/local/Ascend/driver/lib64/driver:/usr/local/Ascend/nnal/atb/latest/atb/cxx_abi_1/lib:/usr/local/Ascend/nnal/atb/latest/atb/cxx_abi_1/examples:/usr/local/Ascend/nnal/atb/latest/atb/cxx_abi_1/tests/atbopstest:/usr/local/Ascend/driver/lib64:/usr/local/Ascend/driver/lib64/common:/usr/local/Ascend/driver/lib64/driver:/usr/local/Ascend/nnal/atb/latest/atb/cxx_abi_1/lib:/usr/local/Ascend/nnal/atb/latest/atb/cxx_abi_1/examples:/usr/local/Ascend/nnal/atb/latest/atb/cxx_abi_1/tests/atbopstest:/usr/local/Ascend/ascend-toolkit/latest/tools/aml/lib64:/usr/local/Ascend/ascend-toolkit/latest/tools/aml/lib64/plugin:/usr/local/Ascend/ascend-toolkit/latest/lib64:/usr/local/Ascend/ascend-toolkit/latest/lib64/plugin/opskernel:/usr/local/Ascend/ascend-toolkit/latest/lib64/plugin/nnengine:/usr/local/Ascend/ascend-toolkit/latest/opp/built-in/op_impl/ai_core/tbe/op_tiling:/usr/local/Ascend/driver/lib64:/usr/local/Ascend/driver/lib64/common/:/usr/local/Ascend/driver/lib64/driver/:
++ LD_LIBRARY_PATH=/usr/local/Ascend/nnal/asdsip/latest//lib:/usr/local/Ascend/cann-8.5.0/lib64:/usr/local/Ascend/cann-8.5.0/lib64/plugin/opskernel:/usr/local/Ascend/cann-8.5.0/lib64/plugin/nnengine:/usr/local/Ascend/cann-8.5.0/opp/built-in/op_impl/ai_core/tbe/op_tiling/lib/linux/aarch64:/usr/local/Ascend/cann-8.5.0/tools/aml/lib64:/usr/local/Ascend/cann-8.5.0/tools/aml/lib64/plugin:/usr/local/Ascend/driver/lib64:/usr/local/Ascend/driver/lib64/common:/usr/local/Ascend/driver/lib64/driver:/usr/local/Ascend/nnal/atb/latest/atb/cxx_abi_1/lib:/usr/local/Ascend/nnal/atb/latest/atb/cxx_abi_1/examples:/usr/local/Ascend/nnal/atb/latest/atb/cxx_abi_1/tests/atbopstest:/usr/local/Ascend/driver/lib64:/usr/local/Ascend/driver/lib64/common:/usr/local/Ascend/driver/lib64/driver:/usr/local/Ascend/nnal/atb/latest/atb/cxx_abi_1/lib:/usr/local/Ascend/nnal/atb/latest/atb/cxx_abi_1/examples:/usr/local/Ascend/nnal/atb/latest/atb/cxx_abi_1/tests/atbopstest:/usr/local/Ascend/driver/lib64:/usr/local/Ascend/driver/lib64/common:/usr/local/Ascend/driver/lib64/driver:/usr/local/Ascend/nnal/atb/latest/atb/cxx_abi_1/lib:/usr/local/Ascend/nnal/atb/latest/atb/cxx_abi_1/examples:/usr/local/Ascend/nnal/atb/latest/atb/cxx_abi_1/tests/atbopstest:/usr/local/Ascend/driver/lib64:/usr/local/Ascend/driver/lib64/common:/usr/local/Ascend/driver/lib64/driver:/usr/local/Ascend/nnal/atb/latest/atb/cxx_abi_1/lib:/usr/local/Ascend/nnal/atb/latest/atb/cxx_abi_1/examples:/usr/local/Ascend/nnal/atb/latest/atb/cxx_abi_1/tests/atbopstest:/usr/local/Ascend/driver/lib64:/usr/local/Ascend/driver/lib64/common:/usr/local/Ascend/driver/lib64/driver:/usr/local/Ascend/nnal/atb/latest/atb/cxx_abi_1/lib:/usr/local/Ascend/nnal/atb/latest/atb/cxx_abi_1/examples:/usr/local/Ascend/nnal/atb/latest/atb/cxx_abi_1/tests/atbopstest:/usr/local/Ascend/driver/lib64:/usr/local/Ascend/driver/lib64/common:/usr/local/Ascend/driver/lib64/driver:/usr/local/Ascend/nnal/atb/latest/atb/cxx_abi_1/lib:/usr/local/Ascend/nnal/atb/latest/atb/cxx_abi_1/examples:/usr/local/Ascend/nnal/atb/latest/atb/cxx_abi_1/tests/atbopstest:/usr/local/Ascend/ascend-toolkit/latest/tools/aml/lib64:/usr/local/Ascend/ascend-toolkit/latest/tools/aml/lib64/plugin:/usr/local/Ascend/ascend-toolkit/latest/lib64:/usr/local/Ascend/ascend-toolkit/latest/lib64/plugin/opskernel:/usr/local/Ascend/ascend-toolkit/latest/lib64/plugin/nnengine:/usr/local/Ascend/ascend-toolkit/latest/opp/built-in/op_impl/ai_core/tbe/op_tiling:/usr/local/Ascend/driver/lib64:/usr/local/Ascend/driver/lib64/common/:/usr/local/Ascend/driver/lib64/driver/:
+ source /usr/local/Ascend/nnal/atb/set_env.sh --cxx_abi=1
++ set_env_path=/usr/local/Ascend/nnal/atb/set_env.sh
++ [[ -n '' ]]
++ [[ -f /usr/local/Ascend/nnal/atb/set_env.sh ]]
++ [[ /usr/local/Ascend/nnal/atb/set_env.sh =~ (^|/)set_env\.sh$ ]]
++++ dirname /usr/local/Ascend/nnal/atb/set_env.sh
+++ cd /usr/local/Ascend/nnal/atb
+++ pwd
++ atb_path=/usr/local/Ascend/nnal/atb
++ get_cxx_abi_option --cxx_abi=1
++ cxx_abi=
++ [[ -z --cxx_abi=1 ]]
++ case "$1" in
++ cxx_abi=1
++ shift
++ [[ -z '' ]]
++ [[ 1 == '' ]]
++ export ATB_HOME_PATH=/usr/local/Ascend/nnal/atb/latest/atb/cxx_abi_1
++ ATB_HOME_PATH=/usr/local/Ascend/nnal/atb/latest/atb/cxx_abi_1
++ export LD_LIBRARY_PATH=/usr/local/Ascend/nnal/atb/latest/atb/cxx_abi_1/lib:/usr/local/Ascend/nnal/atb/latest/atb/cxx_abi_1/examples:/usr/local/Ascend/nnal/atb/latest/atb/cxx_abi_1/tests/atbopstest:/usr/local/Ascend/nnal/asdsip/latest//lib:/usr/local/Ascend/cann-8.5.0/lib64:/usr/local/Ascend/cann-8.5.0/lib64/plugin/opskernel:/usr/local/Ascend/cann-8.5.0/lib64/plugin/nnengine:/usr/local/Ascend/cann-8.5.0/opp/built-in/op_impl/ai_core/tbe/op_tiling/lib/linux/aarch64:/usr/local/Ascend/cann-8.5.0/tools/aml/lib64:/usr/local/Ascend/cann-8.5.0/tools/aml/lib64/plugin:/usr/local/Ascend/driver/lib64:/usr/local/Ascend/driver/lib64/common:/usr/local/Ascend/driver/lib64/driver:/usr/local/Ascend/nnal/atb/latest/atb/cxx_abi_1/lib:/usr/local/Ascend/nnal/atb/latest/atb/cxx_abi_1/examples:/usr/local/Ascend/nnal/atb/latest/atb/cxx_abi_1/tests/atbopstest:/usr/local/Ascend/driver/lib64:/usr/local/Ascend/driver/lib64/common:/usr/local/Ascend/driver/lib64/driver:/usr/local/Ascend/nnal/atb/latest/atb/cxx_abi_1/lib:/usr/local/Ascend/nnal/atb/latest/atb/cxx_abi_1/examples:/usr/local/Ascend/nnal/atb/latest/atb/cxx_abi_1/tests/atbopstest:/usr/local/Ascend/driver/lib64:/usr/local/Ascend/driver/lib64/common:/usr/local/Ascend/driver/lib64/driver:/usr/local/Ascend/nnal/atb/latest/atb/cxx_abi_1/lib:/usr/local/Ascend/nnal/atb/latest/atb/cxx_abi_1/examples:/usr/local/Ascend/nnal/atb/latest/atb/cxx_abi_1/tests/atbopstest:/usr/local/Ascend/driver/lib64:/usr/local/Ascend/driver/lib64/common:/usr/local/Ascend/driver/lib64/driver:/usr/local/Ascend/nnal/atb/latest/atb/cxx_abi_1/lib:/usr/local/Ascend/nnal/atb/latest/atb/cxx_abi_1/examples:/usr/local/Ascend/nnal/atb/latest/atb/cxx_abi_1/tests/atbopstest:/usr/local/Ascend/driver/lib64:/usr/local/Ascend/driver/lib64/common:/usr/local/Ascend/driver/lib64/driver:/usr/local/Ascend/nnal/atb/latest/atb/cxx_abi_1/lib:/usr/local/Ascend/nnal/atb/latest/atb/cxx_abi_1/examples:/usr/local/Ascend/nnal/atb/latest/atb/cxx_abi_1/tests/atbopstest:/usr/local/Ascend/driver/lib64:/usr/local/Ascend/driver/lib64/common:/usr/local/Ascend/driver/lib64/driver:/usr/local/Ascend/nnal/atb/latest/atb/cxx_abi_1/lib:/usr/local/Ascend/nnal/atb/latest/atb/cxx_abi_1/examples:/usr/local/Ascend/nnal/atb/latest/atb/cxx_abi_1/tests/atbopstest:/usr/local/Ascend/ascend-toolkit/latest/tools/aml/lib64:/usr/local/Ascend/ascend-toolkit/latest/tools/aml/lib64/plugin:/usr/local/Ascend/ascend-toolkit/latest/lib64:/usr/local/Ascend/ascend-toolkit/latest/lib64/plugin/opskernel:/usr/local/Ascend/ascend-toolkit/latest/lib64/plugin/nnengine:/usr/local/Ascend/ascend-toolkit/latest/opp/built-in/op_impl/ai_core/tbe/op_tiling:/usr/local/Ascend/driver/lib64:/usr/local/Ascend/driver/lib64/common/:/usr/local/Ascend/driver/lib64/driver/:
++ LD_LIBRARY_PATH=/usr/local/Ascend/nnal/atb/latest/atb/cxx_abi_1/lib:/usr/local/Ascend/nnal/atb/latest/atb/cxx_abi_1/examples:/usr/local/Ascend/nnal/atb/latest/atb/cxx_abi_1/tests/atbopstest:/usr/local/Ascend/nnal/asdsip/latest//lib:/usr/local/Ascend/cann-8.5.0/lib64:/usr/local/Ascend/cann-8.5.0/lib64/plugin/opskernel:/usr/local/Ascend/cann-8.5.0/lib64/plugin/nnengine:/usr/local/Ascend/cann-8.5.0/opp/built-in/op_impl/ai_core/tbe/op_tiling/lib/linux/aarch64:/usr/local/Ascend/cann-8.5.0/tools/aml/lib64:/usr/local/Ascend/cann-8.5.0/tools/aml/lib64/plugin:/usr/local/Ascend/driver/lib64:/usr/local/Ascend/driver/lib64/common:/usr/local/Ascend/driver/lib64/driver:/usr/local/Ascend/nnal/atb/latest/atb/cxx_abi_1/lib:/usr/local/Ascend/nnal/atb/latest/atb/cxx_abi_1/examples:/usr/local/Ascend/nnal/atb/latest/atb/cxx_abi_1/tests/atbopstest:/usr/local/Ascend/driver/lib64:/usr/local/Ascend/driver/lib64/common:/usr/local/Ascend/driver/lib64/driver:/usr/local/Ascend/nnal/atb/latest/atb/cxx_abi_1/lib:/usr/local/Ascend/nnal/atb/latest/atb/cxx_abi_1/examples:/usr/local/Ascend/nnal/atb/latest/atb/cxx_abi_1/tests/atbopstest:/usr/local/Ascend/driver/lib64:/usr/local/Ascend/driver/lib64/common:/usr/local/Ascend/driver/lib64/driver:/usr/local/Ascend/nnal/atb/latest/atb/cxx_abi_1/lib:/usr/local/Ascend/nnal/atb/latest/atb/cxx_abi_1/examples:/usr/local/Ascend/nnal/atb/latest/atb/cxx_abi_1/tests/atbopstest:/usr/local/Ascend/driver/lib64:/usr/local/Ascend/driver/lib64/common:/usr/local/Ascend/driver/lib64/driver:/usr/local/Ascend/nnal/atb/latest/atb/cxx_abi_1/lib:/usr/local/Ascend/nnal/atb/latest/atb/cxx_abi_1/examples:/usr/local/Ascend/nnal/atb/latest/atb/cxx_abi_1/tests/atbopstest:/usr/local/Ascend/driver/lib64:/usr/local/Ascend/driver/lib64/common:/usr/local/Ascend/driver/lib64/driver:/usr/local/Ascend/nnal/atb/latest/atb/cxx_abi_1/lib:/usr/local/Ascend/nnal/atb/latest/atb/cxx_abi_1/examples:/usr/local/Ascend/nnal/atb/latest/atb/cxx_abi_1/tests/atbopstest:/usr/local/Ascend/driver/lib64:/usr/local/Ascend/driver/lib64/common:/usr/local/Ascend/driver/lib64/driver:/usr/local/Ascend/nnal/atb/latest/atb/cxx_abi_1/lib:/usr/local/Ascend/nnal/atb/latest/atb/cxx_abi_1/examples:/usr/local/Ascend/nnal/atb/latest/atb/cxx_abi_1/tests/atbopstest:/usr/local/Ascend/ascend-toolkit/latest/tools/aml/lib64:/usr/local/Ascend/ascend-toolkit/latest/tools/aml/lib64/plugin:/usr/local/Ascend/ascend-toolkit/latest/lib64:/usr/local/Ascend/ascend-toolkit/latest/lib64/plugin/opskernel:/usr/local/Ascend/ascend-toolkit/latest/lib64/plugin/nnengine:/usr/local/Ascend/ascend-toolkit/latest/opp/built-in/op_impl/ai_core/tbe/op_tiling:/usr/local/Ascend/driver/lib64:/usr/local/Ascend/driver/lib64/common/:/usr/local/Ascend/driver/lib64/driver/:
++ export PATH=/usr/local/Ascend/nnal/atb/latest/atb/cxx_abi_1/bin:/usr/local/Ascend/cann-8.5.0/bin:/usr/local/Ascend/cann-8.5.0/tools/ccec_compiler/bin:/usr/local/Ascend/cann-8.5.0/tools/profiler/bin:/usr/local/Ascend/cann-8.5.0/tools/ascend_system_advisor/asys:/usr/local/Ascend/cann-8.5.0/tools/show_kernel_debug_data:/usr/local/Ascend/cann-8.5.0/tools/msobjdump:/usr/local/Ascend/nnal/atb/latest/atb/cxx_abi_1/bin:/usr/local/Ascend/nnal/atb/latest/atb/cxx_abi_1/bin:/usr/local/Ascend/nnal/atb/latest/atb/cxx_abi_1/bin:/root/.vscode-server/data/User/globalStorage/github.copilot-chat/debugCommand:/root/.vscode-server/data/User/globalStorage/github.copilot-chat/copilotCli:/root/.vscode-server/bin/8761a5560cfd65fdd19ce7e2bd18dab5c0a4d84e/bin/remote-cli:/usr/local/Ascend/nnal/atb/latest/atb/cxx_abi_1/bin:/usr/local/Ascend/nnal/atb/latest/atb/cxx_abi_1/bin:/usr/local/Ascend/nnal/atb/latest/atb/cxx_abi_1/bin:/usr/local/Ascend/ascend-toolkit/latest/bin:/usr/local/Ascend/ascend-toolkit/latest/compiler/ccec_compiler/bin:/usr/local/Ascend/ascend-toolkit/latest/tools/ccec_compiler/bin:/usr/local/python3.11.14/bin:/usr/local/sbin:/usr/local/bin:/usr/sbin:/usr/bin:/sbin:/bin:/usr/local/go/bin:/root/bin:/usr/local/go/bin:/usr/local/go/bin:/root/bin
++ PATH=/usr/local/Ascend/nnal/atb/latest/atb/cxx_abi_1/bin:/usr/local/Ascend/cann-8.5.0/bin:/usr/local/Ascend/cann-8.5.0/tools/ccec_compiler/bin:/usr/local/Ascend/cann-8.5.0/tools/profiler/bin:/usr/local/Ascend/cann-8.5.0/tools/ascend_system_advisor/asys:/usr/local/Ascend/cann-8.5.0/tools/show_kernel_debug_data:/usr/local/Ascend/cann-8.5.0/tools/msobjdump:/usr/local/Ascend/nnal/atb/latest/atb/cxx_abi_1/bin:/usr/local/Ascend/nnal/atb/latest/atb/cxx_abi_1/bin:/usr/local/Ascend/nnal/atb/latest/atb/cxx_abi_1/bin:/root/.vscode-server/data/User/globalStorage/github.copilot-chat/debugCommand:/root/.vscode-server/data/User/globalStorage/github.copilot-chat/copilotCli:/root/.vscode-server/bin/8761a5560cfd65fdd19ce7e2bd18dab5c0a4d84e/bin/remote-cli:/usr/local/Ascend/nnal/atb/latest/atb/cxx_abi_1/bin:/usr/local/Ascend/nnal/atb/latest/atb/cxx_abi_1/bin:/usr/local/Ascend/nnal/atb/latest/atb/cxx_abi_1/bin:/usr/local/Ascend/ascend-toolkit/latest/bin:/usr/local/Ascend/ascend-toolkit/latest/compiler/ccec_compiler/bin:/usr/local/Ascend/ascend-toolkit/latest/tools/ccec_compiler/bin:/usr/local/python3.11.14/bin:/usr/local/sbin:/usr/local/bin:/usr/sbin:/usr/bin:/sbin:/bin:/usr/local/go/bin:/root/bin:/usr/local/go/bin:/usr/local/go/bin:/root/bin
++ export ATB_STREAM_SYNC_EVERY_KERNEL_ENABLE=0
++ ATB_STREAM_SYNC_EVERY_KERNEL_ENABLE=0
++ export ATB_STREAM_SYNC_EVERY_RUNNER_ENABLE=0
++ ATB_STREAM_SYNC_EVERY_RUNNER_ENABLE=0
++ export ATB_STREAM_SYNC_EVERY_OPERATION_ENABLE=0
++ ATB_STREAM_SYNC_EVERY_OPERATION_ENABLE=0
++ export ATB_OPSRUNNER_KERNEL_CACHE_LOCAL_COUNT=1
++ ATB_OPSRUNNER_KERNEL_CACHE_LOCAL_COUNT=1
++ export ATB_OPSRUNNER_KERNEL_CACHE_GLOABL_COUNT=5
++ ATB_OPSRUNNER_KERNEL_CACHE_GLOABL_COUNT=5
++ export ATB_WORKSPACE_MEM_ALLOC_ALG_TYPE=1
++ ATB_WORKSPACE_MEM_ALLOC_ALG_TYPE=1
++ export ATB_COMPARE_TILING_EVERY_KERNEL=0
++ ATB_COMPARE_TILING_EVERY_KERNEL=0
++ export ATB_SHARE_MEMORY_NAME_SUFFIX=
++ ATB_SHARE_MEMORY_NAME_SUFFIX=
++ export ATB_MATMUL_SHUFFLE_K_ENABLE=1
++ ATB_MATMUL_SHUFFLE_K_ENABLE=1
++ export LCCL_DETERMINISTIC=0
++ LCCL_DETERMINISTIC=0
++ export LCCL_PARALLEL=0
++ LCCL_PARALLEL=0
+ export HYDRA_FULL_ERROR=1
+ HYDRA_FULL_ERROR=1
+ export RAY_DEDUP_LOGS=0
+ RAY_DEDUP_LOGS=0
+ export ASCEND_GLOBAL_EVENT_ENABLE=0
+ ASCEND_GLOBAL_EVENT_ENABLE=0
+ export ASCEND_SLOG_PRINT_TO_STDOUT=0
+ ASCEND_SLOG_PRINT_TO_STDOUT=0
+ export ASCEND_GLOBAL_LOG_LEVEL=3
+ ASCEND_GLOBAL_LOG_LEVEL=3
+ export HCCL_IF_BASE_PORT=64021
+ HCCL_IF_BASE_PORT=64021
+ export CUDA_DEVICE_MAX_CONNECTIONS=1
+ CUDA_DEVICE_MAX_CONNECTIONS=1
+ export MASTER_PORT=23300
+ MASTER_PORT=23300
+ export D2D_DATA_TRANSFER=1
+ D2D_DATA_TRANSFER=1
+ export VLLM_USE_V1=1
+ VLLM_USE_V1=1
+ export PRINT_MEMORY=1
+ PRINT_MEMORY=1
+ export USE_ALLTOALL_OVERLAP=1
+ USE_ALLTOALL_OVERLAP=1
+ export HCCL_OP_EXPANSION_MODE=AIV
+ HCCL_OP_EXPANSION_MODE=AIV
+ export VLLM_LOGGING_LEVEL=INFO
+ VLLM_LOGGING_LEVEL=INFO
+ export VLLM_ENABLE_MC2=1
+ VLLM_ENABLE_MC2=1
+ export VLLM_DP_SIZE=16
+ VLLM_DP_SIZE=16
+ export HCCL_BUFFSIZE=800
+ HCCL_BUFFSIZE=800
+ export TASK_QUEUE_ENABLE=2
+ TASK_QUEUE_ENABLE=2
+ export VLLM_ENABLE_FIX_ROUTE=0
+ VLLM_ENABLE_FIX_ROUTE=0
+ export VLLM_MODEL_EXECUTE_TIME_OBSERVE=0
+ VLLM_MODEL_EXECUTE_TIME_OBSERVE=0
+ export VLLM_ENABLE_GRAPH_MODE=0
+ VLLM_ENABLE_GRAPH_MODE=0
+ export VLLM_ENABLE_EXPERT_PARALLEL=1
+ VLLM_ENABLE_EXPERT_PARALLEL=1
+ export VLLM_CHUNK_MOE_SIZE=512
+ VLLM_CHUNK_MOE_SIZE=512
+ export ALL_TO_ALL_RESHARD=1
+ ALL_TO_ALL_RESHARD=1
+ export USE_ALLTOALL_OVERLAP=1
+ USE_ALLTOALL_OVERLAP=1
+ export VLLM_ENABLE_EPLB=0
+ VLLM_ENABLE_EPLB=0
+ export USE_HDP=0
+ USE_HDP=0
+ export ROLLOUT_REBALANCE_ENABLE=0
+ ROLLOUT_REBALANCE_ENABLE=0
+ export HCCL_ASYNC_ERROR_HANDLING=0
+ HCCL_ASYNC_ERROR_HANDLING=0
+ export HCCL_EXEC_TIMEOUT=7200
+ HCCL_EXEC_TIMEOUT=7200
+ export HCCL_CONNECT_TIMEOUT=7200
+ HCCL_CONNECT_TIMEOUT=7200
+ export VLLM_ASCEND_LLM_PROFILE_ENABLE=0
+ VLLM_ASCEND_LLM_PROFILE_ENABLE=0
+ OUTPUT_ROOT=/workspace/cann-recipes-train/llm_rl/qwen3_shrink_aware
+ OUTPUT_SUBDIR=mode1_baseline_random_batch_floor4_threshold_multistep
+ OUTPUT_DIR=/workspace/cann-recipes-train/llm_rl/qwen3_shrink_aware/mode1_baseline_random_batch_floor4_threshold_multistep
+ ROLL_OUT_DIR=/workspace/cann-recipes-train/llm_rl/qwen3_shrink_aware/mode1_baseline_random_batch_floor4_threshold_multistep/rollout_data
+ ROLL_LEN_DIR=/workspace/cann-recipes-train/llm_rl/qwen3_shrink_aware/mode1_baseline_random_batch_floor4_threshold_multistep/rollout_length
+ DRAFT_DUMP_DIR=/workspace/cann-recipes-train/llm_rl/qwen3_shrink_aware/mode1_baseline_random_batch_floor4_threshold_multistep/draft_hidden
+ CKPT_DIR=/workspace/cann-recipes-train/llm_rl/qwen3_shrink_aware/mode1_baseline_random_batch_floor4_threshold_multistep/checkpoints/qwen3moe_for_eagle3
+ TB_DIR=/workspace/cann-recipes-train/llm_rl/qwen3_shrink_aware/mode1_baseline_random_batch_floor4_threshold_multistep/tensorboard
+ LOG_DIR=/workspace/cann-recipes-train/llm_rl/qwen3_shrink_aware/mode1_baseline_random_batch_floor4_threshold_multistep/logs
+ SAVE_CKPT_ENABLE=0
+ SAVE_DRAFT_HIDDEN_ENABLE=0
+ mkdir -p /workspace/cann-recipes-train/llm_rl/qwen3_shrink_aware/mode1_baseline_random_batch_floor4_threshold_multistep/rollout_data /workspace/cann-recipes-train/llm_rl/qwen3_shrink_aware/mode1_baseline_random_batch_floor4_threshold_multistep/rollout_length /workspace/cann-recipes-train/llm_rl/qwen3_shrink_aware/mode1_baseline_random_batch_floor4_threshold_multistep/tensorboard /workspace/cann-recipes-train/llm_rl/qwen3_shrink_aware/mode1_baseline_random_batch_floor4_threshold_multistep/logs
+ '[' 0 = 1 ']'
+ '[' 0 = 1 ']'
+ export VLLM_ASCEND_ENABLE_DRAFT_TRAIN=0
+ VLLM_ASCEND_ENABLE_DRAFT_TRAIN=0
+ export VLLM_ASCEND_DRAFT_DUMP_ENABLE=0
+ VLLM_ASCEND_DRAFT_DUMP_ENABLE=0
+ export VLLM_ASCEND_DRAFT_DUMP_DIR=/workspace/cann-recipes-train/llm_rl/qwen3_shrink_aware/mode1_baseline_random_batch_floor4_threshold_multistep/draft_hidden
+ VLLM_ASCEND_DRAFT_DUMP_DIR=/workspace/cann-recipes-train/llm_rl/qwen3_shrink_aware/mode1_baseline_random_batch_floor4_threshold_multistep/draft_hidden
+ export VLLM_ASCEND_DRAFT_DUMP_EVERY=1
+ VLLM_ASCEND_DRAFT_DUMP_EVERY=1
+ export VLLM_ASCEND_DRAFT_DUMP_HIDDEN_DTYPE=bf16
+ VLLM_ASCEND_DRAFT_DUMP_HIDDEN_DTYPE=bf16
+ export VLLM_ASCEND_DRAFT_QUEUE_SIZE=4096
+ VLLM_ASCEND_DRAFT_QUEUE_SIZE=4096
+ export TENSORBOARD_DIR=/workspace/cann-recipes-train/llm_rl/qwen3_shrink_aware/mode1_baseline_random_batch_floor4_threshold_multistep/tensorboard
+ TENSORBOARD_DIR=/workspace/cann-recipes-train/llm_rl/qwen3_shrink_aware/mode1_baseline_random_batch_floor4_threshold_multistep/tensorboard
+ export VLLM_EPOCH_LENGTH_REGROUP_ENABLE=0
+ VLLM_EPOCH_LENGTH_REGROUP_ENABLE=0
+ export VLLM_EPOCH_LENGTH_REGROUP_BUCKET_SIZE=1024
+ VLLM_EPOCH_LENGTH_REGROUP_BUCKET_SIZE=1024
+ export VLLM_EPOCH_LENGTH_REGROUP_EMA_DECAY=0.7
+ VLLM_EPOCH_LENGTH_REGROUP_EMA_DECAY=0.7
+ export VLLM_EPOCH_LENGTH_REGROUP_SHUFFLE_BLOCKS=1
+ VLLM_EPOCH_LENGTH_REGROUP_SHUFFLE_BLOCKS=1
+ export VLLM_ROLLOUT_EARLY_STOP_ENABLE=0
+ VLLM_ROLLOUT_EARLY_STOP_ENABLE=0
+ export VLLM_ROLLOUT_EARLY_STOP_FACTOR=2.0
+ VLLM_ROLLOUT_EARLY_STOP_FACTOR=2.0
+ export VLLM_ROLLOUT_EARLY_STOP_MIN_TOKENS=10000
+ VLLM_ROLLOUT_EARLY_STOP_MIN_TOKENS=10000
+ export VLLM_EAGER_BASELINE_NO_RESAMPLE=1
+ VLLM_EAGER_BASELINE_NO_RESAMPLE=1
+ '[' 1 = 1 ']'
+ SAMPLER_CLASS_PATH=null
+ SAMPLER_CLASS_NAME=null
+ SAMPLER_EXTRA_ARGS=
+ ROLLOUT_ENFORCE_EAGER=True
+ ACTOR_CKPT_SAVE_CONTENTS='[model]'
+ ACTOR_CKPT_LOAD_CONTENTS='[model]'
+ CRITIC_CKPT_SAVE_CONTENTS='[model]'
+ CRITIC_CKPT_LOAD_CONTENTS='[model]'
+ MAX_ACTOR_CKPT_TO_KEEP=3
+ MAX_CRITIC_CKPT_TO_KEEP=1
+ '[' 0 = 1 ']'
+ TRAINER_SAVE_FREQ=-1
+ TRAINER_DEFAULT_LOCAL_DIR=/workspace/cann-recipes-train/llm_rl/qwen3_shrink_aware/mode1_baseline_random_batch_floor4_threshold_multistep
++ pwd
+ HOME=/workspace/cann-recipes-train/llm_rl/qwen3_shrink_aware
+ MODEL_PATH=/data/Qwen3-30B-A3B
+ CONFIG_DIR=/workspace/cann-recipes-train/llm_rl/qwen3_shrink_aware/verl/trainer/config
+ DISTCP_PATH=/data/Qwen3-30B-A3B_megatron
+ TRAIN_FILE=/data/deepscaler/train.parquet
+ TEST_FILE=/data/deepscaler/test.parquet
++ date +%Y%m%d%H%M%S
+ time=20260617130949
+ logfile=/workspace/cann-recipes-train/llm_rl/qwen3_shrink_aware/mode1_baseline_random_batch_floor4_threshold_multistep/logs/wjqwen30b-a3b-record_graph_save4eagle3_20260617130949.txt
+ set -x
+ python3 -m verl.trainer.main_ppo --config-path=/workspace/cann-recipes-train/llm_rl/qwen3_shrink_aware/verl/trainer/config --config-name=ppo_megatron_trainer.yaml algorithm.adv_estimator=grpo data.train_files=/data/deepscaler/train.parquet data.val_files=/data/deepscaler/test.parquet data.train_batch_size=32 data.max_prompt_length=1024 data.max_response_length=16384 data.filter_overlong_prompts=True data.truncation=error data.shuffle=False data.dataloader_num_workers=0 data.sampler.class_path=null data.sampler.class_name=null +data.dataset_fraction=0.005 custom_reward_function.path=deepscaler.py custom_reward_function.name=compute_score actor_rollout_ref.model.path=/data/Qwen3-30B-A3B actor_rollout_ref.actor.optim.lr=1e-6 actor_rollout_ref.actor.optim.clip_grad=10000 actor_rollout_ref.actor.ppo_mini_batch_size=32 actor_rollout_ref.actor.ppo_micro_batch_size_per_gpu=1 actor_rollout_ref.actor.use_dynamic_bsz=True actor_rollout_ref.actor.ppo_max_token_len_per_gpu=20480 actor_rollout_ref.actor.megatron.sequence_parallel=True actor_rollout_ref.actor.megatron.expert_model_parallel_size=4 actor_rollout_ref.actor.megatron.tensor_model_parallel_size=4 actor_rollout_ref.actor.megatron.pipeline_model_parallel_size=4 actor_rollout_ref.actor.megatron.expert_tensor_parallel_size=1 actor_rollout_ref.actor.megatron.param_offload=True actor_rollout_ref.actor.megatron.grad_offload=True actor_rollout_ref.actor.megatron.optimizer_offload=False actor_rollout_ref.actor.megatron.use_dist_checkpointing=True actor_rollout_ref.actor.megatron.dist_checkpointing_path=/data/Qwen3-30B-A3B_megatron actor_rollout_ref.actor.use_kl_loss=True actor_rollout_ref.actor.kl_loss_coef=0.001 actor_rollout_ref.actor.kl_loss_type=low_var_kl actor_rollout_ref.actor.load_weight=True actor_rollout_ref.actor.megatron.override_transformer_config.recompute_granularity=full actor_rollout_ref.actor.megatron.override_transformer_config.recompute_method=block actor_rollout_ref.actor.megatron.override_transformer_config.recompute_num_layers=1 actor_rollout_ref.rollout.log_prob_micro_batch_size_per_gpu=4 actor_rollout_ref.rollout.log_prob_use_dynamic_bsz=True actor_rollout_ref.rollout.log_prob_max_token_len_per_gpu=20480 actor_rollout_ref.rollout.tensor_model_parallel_size=1 actor_rollout_ref.rollout.name=vllm actor_rollout_ref.rollout.gpu_memory_utilization=0.85 actor_rollout_ref.rollout.max_num_batched_tokens=1024 actor_rollout_ref.rollout.enforce_eager=True actor_rollout_ref.rollout.max_num_seqs=32 actor_rollout_ref.rollout.n=16 actor_rollout_ref.rollout.temperature=0.9 actor_rollout_ref.rollout.top_k=50 actor_rollout_ref.rollout.top_p=0.9 actor_rollout_ref.rollout.ignore_eos=False actor_rollout_ref.ref.log_prob_micro_batch_size_per_gpu=8 actor_rollout_ref.ref.megatron.param_offload=True actor_rollout_ref.ref.load_weight=True actor_rollout_ref.ref.megatron.use_dist_checkpointing=True actor_rollout_ref.ref.megatron.dist_checkpointing_path=/data/Qwen3-30B-A3B_megatron algorithm.kl_ctrl.kl_coef=0.001 trainer.balance_batch=False trainer.device=npu trainer.val_before_train=False trainer.critic_warmup=0 'trainer.logger=[console,tensorboard]' trainer.project_name=verl_grpo_example trainer.experiment_name=qwen3_30_verl_mindspeedllm_vllm trainer.n_gpus_per_node=16 trainer.nnodes=1 trainer.save_freq=-1 trainer.max_actor_ckpt_to_keep=3 trainer.max_critic_ckpt_to_keep=1 'actor_rollout_ref.actor.checkpoint.save_contents=[model]' 'actor_rollout_ref.actor.checkpoint.load_contents=[model]' 'critic.checkpoint.save_contents=[model]' 'critic.checkpoint.load_contents=[model]' +trainer.save_epoch_freq=0 trainer.default_local_dir=/workspace/cann-recipes-train/llm_rl/qwen3_shrink_aware/mode1_baseline_random_batch_floor4_threshold_multistep trainer.test_freq=-1 trainer.total_epochs=3 +trainer.rollout_data_dir=/workspace/cann-recipes-train/llm_rl/qwen3_shrink_aware/mode1_baseline_random_batch_floor4_threshold_multistep/rollout_data +trainer.rollout_length_dir=/workspace/cann-recipes-train/llm_rl/qwen3_shrink_aware/mode1_baseline_random_batch_floor4_threshold_multistep/rollout_length +actor_rollout_ref.actor.megatron.override_transformer_config.use_flash_attn=True '+actor_rollout_ref.actor.megatron.override_transformer_config.pipeline_num_transformer_layers=[[11],[13],[13],[11]]' +actor_rollout_ref.actor.megatron.override_transformer_config.moe_token_dispatcher_type=alltoall +actor_rollout_ref.actor.megatron.override_transformer_config.moe_alltoall_overlap_comm=True +actor_rollout_ref.actor.megatron.override_transformer_config.use_fused_rotary_pos_emb=True +actor_rollout_ref.actor.megatron.override_transformer_config.use_fused_swiglu=True +actor_rollout_ref.actor.megatron.override_transformer_config.seq_length=2048 +actor_rollout_ref.actor.megatron.override_transformer_config.num_layers_in_first_pipeline_stage=11 +actor_rollout_ref.actor.megatron.override_transformer_config.num_layers_in_last_pipeline_stage=11 +actor_rollout_ref.actor.megatron.override_transformer_config.swap_optimizer=True data.train_files=/data/deepscaler/train.parquet data.val_files=/data/deepscaler/test.parquet data.train_batch_size=32 data.max_prompt_length=1024 data.max_response_length=640 data.shuffle=True actor_rollout_ref.model.path=/data/Qwen3-30B-A3B actor_rollout_ref.actor.megatron.dist_checkpointing_path=/data/Qwen3-30B-A3B_megatron actor_rollout_ref.ref.megatron.dist_checkpointing_path=/data/Qwen3-30B-A3B_megatron actor_rollout_ref.rollout.max_num_batched_tokens=1664 actor_rollout_ref.rollout.max_num_seqs=32 actor_rollout_ref.rollout.n=16 actor_rollout_ref.rollout.gpu_memory_utilization=0.85 actor_rollout_ref.rollout.shrink_aware.enable_shrink_aware_scheduling=false actor_rollout_ref.rollout.shrink_aware.shrink_aware_mode=off actor_rollout_ref.rollout.shrink_aware.enable_shrink_aware_logging=false trainer.total_epochs=1 data.dataset_fraction=0.005
/workspace/cann-recipes-train/llm_rl/qwen3_shrink_aware/megatron/core/optimizer/__init__.py:18: UserWarning: Transformer Engine and Apex are not installed. Falling back to Torch optimizers.
  warnings.warn(
/workspace/cann-recipes-train/llm_rl/qwen3_shrink_aware/megatron/core/optimizer/optimizer.py:28: UserWarning: Transformer Engine and Apex are not installed. Falling back to local implementations of multi_tensor_applier and multi_tensor_scale
  warnings.warn(
/workspace/cann-recipes-train/llm_rl/qwen3_shrink_aware/megatron/core/optimizer/clip_grads.py:29: UserWarning: Transformer Engine and Apex are not installed. Falling back to local implementations of multi_tensor_applier, multi_tensor_l2norm, and multi_tensor_scale
  warnings.warn(
/workspace/cann-recipes-train/llm_rl/qwen3_shrink_aware/megatron/core/transformer/multi_token_prediction.py:60: UserWarning: Apex is not installed. Falling back to Torch Norm
  warnings.warn('Apex is not installed. Falling back to Torch Norm')
/workspace/cann-recipes-train/llm_rl/qwen3_shrink_aware/megatron/core/models/gpt/gpt_layer_specs.py:65: UserWarning: Apex is not installed. Falling back to Torch Norm
  warnings.warn('Apex is not installed. Falling back to Torch Norm')
/usr/local/python3.11.14/lib/python3.11/site-packages/torch_npu/contrib/transfer_to_npu.py:347: ImportWarning: 
    *************************************************************************************************************
    The torch.Tensor.cuda and torch.nn.Module.cuda are replaced with torch.Tensor.npu and torch.nn.Module.npu now..
    The torch.cuda.DoubleTensor is replaced with torch.npu.FloatTensor cause the double type is not supported now..
    The backend in torch.distributed.init_process_group set to hccl now..
    The torch.cuda.* and torch.cuda.amp.* are replaced with torch.npu.* and torch.npu.amp.* now..
    The device parameters have been replaced with npu in the function below:
    torch.logspace, torch.randint, torch.hann_window, torch.rand, torch.full_like, torch.ones_like, torch.rand_like, torch.randperm, torch.arange, torch.frombuffer, torch.normal, torch._empty_per_channel_affine_quantized, torch.empty_strided, torch.empty_like, torch.scalar_tensor, torch.tril_indices, torch.bartlett_window, torch.ones, torch.sparse_coo_tensor, torch.randn, torch.kaiser_window, torch.tensor, torch.triu_indices, torch.as_tensor, torch.zeros, torch.randint_like, torch.full, torch.eye, torch._sparse_csr_tensor_unsafe, torch.empty, torch._sparse_coo_tensor_unsafe, torch.blackman_window, torch.zeros_like, torch.range, torch.sparse_csr_tensor, torch.randn_like, torch.from_file, torch._cudnn_init_dropout_state, torch._empty_affine_quantized, torch.linspace, torch.hamming_window, torch.empty_quantized, torch._pin_memory, torch.load, torch.set_default_device, torch.get_device_module, torch.sparse_compressed_tensor, torch.Tensor.new_empty, torch.Tensor.new_empty_strided, torch.Tensor.new_full, torch.Tensor.new_ones, torch.Tensor.new_tensor, torch.Tensor.new_zeros, torch.Tensor.to, torch.Tensor.pin_memory, torch.nn.Module.to, torch.nn.Module.to_empty
    *************************************************************************************************************
    
  warnings.warn(msg, ImportWarning)
/usr/local/python3.11.14/lib/python3.11/site-packages/torch_npu/contrib/transfer_to_npu.py:276: RuntimeWarning: torch.jit.script and torch.jit.script_method will be disabled by transfer_to_npu, which currently does not support them, if you need to enable them, please do not use transfer_to_npu.
  warnings.warn(msg, RuntimeWarning)
/usr/local/python3.11.14/lib/python3.11/site-packages/ray/_private/node.py:1209: ResourceWarning: unclosed file <_io.TextIOWrapper name='/dev/null' mode='w' encoding='UTF-8'>
  process_info = ray._private.services.start_gcs_server(
/usr/local/python3.11.14/lib/python3.11/site-packages/ray/_private/node.py:1273: ResourceWarning: unclosed file <_io.TextIOWrapper name='/dev/null' mode='w' encoding='UTF-8'>
  process_info = ray._private.services.start_raylet(
2026-06-17 13:09:59,899	INFO worker.py:1927 -- Started a local Ray instance.
[36m(pid=3711274)[0m /workspace/cann-recipes-train/llm_rl/qwen3_shrink_aware/megatron/core/optimizer/__init__.py:18: UserWarning: Transformer Engine and Apex are not installed. Falling back to Torch optimizers.
[36m(pid=3711274)[0m   warnings.warn(
[36m(pid=3711274)[0m /workspace/cann-recipes-train/llm_rl/qwen3_shrink_aware/megatron/core/optimizer/optimizer.py:28: UserWarning: Transformer Engine and Apex are not installed. Falling back to local implementations of multi_tensor_applier and multi_tensor_scale
[36m(pid=3711274)[0m   warnings.warn(
[36m(pid=3711274)[0m /workspace/cann-recipes-train/llm_rl/qwen3_shrink_aware/megatron/core/optimizer/clip_grads.py:29: UserWarning: Transformer Engine and Apex are not installed. Falling back to local implementations of multi_tensor_applier, multi_tensor_l2norm, and multi_tensor_scale
[36m(pid=3711274)[0m   warnings.warn(
[36m(pid=3711274)[0m /workspace/cann-recipes-train/llm_rl/qwen3_shrink_aware/megatron/core/transformer/multi_token_prediction.py:60: UserWarning: Apex is not installed. Falling back to Torch Norm
[36m(pid=3711274)[0m   warnings.warn('Apex is not installed. Falling back to Torch Norm')
[36m(pid=3711274)[0m /workspace/cann-recipes-train/llm_rl/qwen3_shrink_aware/megatron/core/models/gpt/gpt_layer_specs.py:65: UserWarning: Apex is not installed. Falling back to Torch Norm
[36m(pid=3711274)[0m   warnings.warn('Apex is not installed. Falling back to Torch Norm')
[36m(pid=3711274)[0m /usr/local/python3.11.14/lib/python3.11/site-packages/torch_npu/contrib/transfer_to_npu.py:347: ImportWarning: 
[36m(pid=3711274)[0m     *************************************************************************************************************
[36m(pid=3711274)[0m     The torch.Tensor.cuda and torch.nn.Module.cuda are replaced with torch.Tensor.npu and torch.nn.Module.npu now..
[36m(pid=3711274)[0m     The torch.cuda.DoubleTensor is replaced with torch.npu.FloatTensor cause the double type is not supported now..
[36m(pid=3711274)[0m     The backend in torch.distributed.init_process_group set to hccl now..
[36m(pid=3711274)[0m     The torch.cuda.* and torch.cuda.amp.* are replaced with torch.npu.* and torch.npu.amp.* now..
[36m(pid=3711274)[0m     The device parameters have been replaced with npu in the function below:
[36m(pid=3711274)[0m     torch.logspace, torch.randint, torch.hann_window, torch.rand, torch.full_like, torch.ones_like, torch.rand_like, torch.randperm, torch.arange, torch.frombuffer, torch.normal, torch._empty_per_channel_affine_quantized, torch.empty_strided, torch.empty_like, torch.scalar_tensor, torch.tril_indices, torch.bartlett_window, torch.ones, torch.sparse_coo_tensor, torch.randn, torch.kaiser_window, torch.tensor, torch.triu_indices, torch.as_tensor, torch.zeros, torch.randint_like, torch.full, torch.eye, torch._sparse_csr_tensor_unsafe, torch.empty, torch._sparse_coo_tensor_unsafe, torch.blackman_window, torch.zeros_like, torch.range, torch.sparse_csr_tensor, torch.randn_like, torch.from_file, torch._cudnn_init_dropout_state, torch._empty_affine_quantized, torch.linspace, torch.hamming_window, torch.empty_quantized, torch._pin_memory, torch.load, torch.set_default_device, torch.get_device_module, torch.sparse_compressed_tensor, torch.Tensor.new_empty, torch.Tensor.new_empty_strided, torch.Tensor.new_full, torch.Tensor.new_ones, torch.Tensor.new_tensor, torch.Tensor.new_zeros, torch.Tensor.to, torch.Tensor.pin_memory, torch.nn.Module.to, torch.nn.Module.to_empty
[36m(pid=3711274)[0m     *************************************************************************************************************
[36m(pid=3711274)[0m     
[36m(pid=3711274)[0m   warnings.warn(msg, ImportWarning)
[36m(pid=3711274)[0m /usr/local/python3.11.14/lib/python3.11/site-packages/torch_npu/contrib/transfer_to_npu.py:276: RuntimeWarning: torch.jit.script and torch.jit.script_method will be disabled by transfer_to_npu, which currently does not support them, if you need to enable them, please do not use transfer_to_npu.
[36m(pid=3711274)[0m   warnings.warn(msg, RuntimeWarning)
[36m(TaskRunner pid=3711274)[0m /workspace/cann-recipes-train/llm_rl/qwen3_shrink_aware/verl/trainer/main_ppo.py:306: UserWarning: Disabled critic as algorithm.adv_estimator != gae. If it is not intended, please set critic.enable=True
[36m(TaskRunner pid=3711274)[0m   use_critic=need_critic(config),
[36m(TaskRunner pid=3711274)[0m /workspace/cann-recipes-train/llm_rl/qwen3_shrink_aware/verl/utils/profiler/config.py:49: UserWarning: Torch profiler tool config is not fully supported now.
[36m(TaskRunner pid=3711274)[0m   warnings.warn("Torch profiler tool config is not fully supported now.", stacklevel=1)
[36m(TaskRunner pid=3711274)[0m Setting TOKENIZERS_PARALLELISM=false for forked processes.
[36m(TaskRunner pid=3711274)[0m Filtering prompts longer than 1024 tokens (num_proc=1):   0%|          | 0/181 [00:00<?, ? examples/s]
[36m(TaskRunner pid=3711274)[0m Filtering prompts longer than 1024 tokens (num_proc=1): 100%|██████████| 181/181 [00:00<00:00, 311.98 examples/s]
[36m(TaskRunner pid=3711274)[0m Filtering prompts longer than 1024 tokens (num_proc=1): 100%|██████████| 181/181 [00:00<00:00, 259.42 examples/s]
[36m(TaskRunner pid=3711274)[0m Setting TOKENIZERS_PARALLELISM=false for forked processes.
[36m(TaskRunner pid=3711274)[0m Filtering prompts longer than 1024 tokens (num_proc=1):   0%|          | 0/20 [00:00<?, ? examples/s]
[36m(TaskRunner pid=3711274)[0m Filtering prompts longer than 1024 tokens (num_proc=1): 100%|██████████| 20/20 [00:00<00:00, 38.70 examples/s]
[36m(TaskRunner pid=3711274)[0m Filtering prompts longer than 1024 tokens (num_proc=1): 100%|██████████| 20/20 [00:00<00:00, 31.91 examples/s]
[36m(TaskRunner pid=3711274)[0m /workspace/cann-recipes-train/llm_rl/qwen3_shrink_aware/verl/trainer/ppo/ray_trainer.py:365: UserWarning: Disabled critic as algorithm.adv_estimator != gae. If it is not intended, please set critic.enable=True
[36m(TaskRunner pid=3711274)[0m   self.use_critic = need_critic(self.config)
[36m(pid=3712765)[0m /usr/local/python3.11.14/lib/python3.11/site-packages/torch_npu/contrib/transfer_to_npu.py:345: ImportWarning: 
[36m(pid=3712765)[0m     *************************************************************************************************************
[36m(pid=3712765)[0m     The torch.Tensor.cuda and torch.nn.Module.cuda are replaced with torch.Tensor.npu and torch.nn.Module.npu now..
[36m(pid=3712765)[0m     The torch.cuda.DoubleTensor is replaced with torch.npu.FloatTensor cause the double type is not supported now..
[36m(pid=3712765)[0m     The backend in torch.distributed.init_process_group set to hccl now..
[36m(pid=3712765)[0m     The torch.cuda.* and torch.cuda.amp.* are replaced with torch.npu.* and torch.npu.amp.* now..
[36m(pid=3712765)[0m     The device parameters have been replaced with npu in the function below:
[36m(pid=3712765)[0m     torch.logspace, torch.randint, torch.hann_window, torch.rand, torch.full_like, torch.ones_like, torch.rand_like, torch.randperm, torch.arange, torch.frombuffer, torch.normal, torch._empty_per_channel_affine_quantized, torch.empty_strided, torch.empty_like, torch.scalar_tensor, torch.tril_indices, torch.bartlett_window, torch.ones, torch.sparse_coo_tensor, torch.randn, torch.kaiser_window, torch.tensor, torch.triu_indices, torch.as_tensor, torch.zeros, torch.randint_like, torch.full, torch.eye, torch._sparse_csr_tensor_unsafe, torch.empty, torch._sparse_coo_tensor_unsafe, torch.blackman_window, torch.zeros_like, torch.range, torch.sparse_csr_tensor, torch.randn_like, torch.from_file, torch._cudnn_init_dropout_state, torch._empty_affine_quantized, torch.linspace, torch.hamming_window, torch.empty_quantized, torch._pin_memory, torch.load, torch.set_default_device, torch.get_device_module, torch.sparse_compressed_tensor, torch.Tensor.new_empty, torch.Tensor.new_empty_strided, torch.Tensor.new_full, torch.Tensor.new_ones, torch.Tensor.new_tensor, torch.Tensor.new_zeros, torch.Tensor.to, torch.Tensor.pin_memory, torch.nn.Module.to, torch.nn.Module.to_empty
[36m(pid=3712765)[0m     *************************************************************************************************************
[36m(pid=3712765)[0m     
[36m(pid=3712765)[0m   warnings.warn(msg, ImportWarning)
[36m(pid=3712765)[0m /usr/local/python3.11.14/lib/python3.11/site-packages/torch_npu/contrib/transfer_to_npu.py:276: RuntimeWarning: torch.jit.script and torch.jit.script_method will be disabled by transfer_to_npu, which currently does not support them, if you need to enable them, please do not use transfer_to_npu.
[36m(pid=3712765)[0m   warnings.warn(msg, RuntimeWarning)
[36m(pid=3712765)[0m /usr/local/python3.11.14/lib/python3.11/site-packages/torch_npu/dynamo/torchair/__init__.py:8: DeprecationWarning: pkg_resources is deprecated as an API. See https://setuptools.pypa.io/en/latest/pkg_resources.html
[36m(pid=3712765)[0m   import pkg_resources
[36m(pid=3712765)[0m /usr/local/python3.11.14/lib/python3.11/site-packages/ray/util/state/util.py:54: DeprecationWarning: Ray state API is no longer experimental. Please import from `ray.util.state`. instead. Importing from `ray.experimental` will be deprecated in future releases. 
[36m(pid=3712765)[0m   warnings.warn(
[36m(pid=3712771)[0m /usr/local/python3.11.14/lib/python3.11/site-packages/ray/util/state/util.py:54: DeprecationWarning: Ray state API is no longer experimental. Please import from `ray.util.state`. instead. Importing from `ray.experimental` will be deprecated in future releases. 
[36m(pid=3712771)[0m   warnings.warn(
[36m(pid=3712766)[0m /usr/local/python3.11.14/lib/python3.11/site-packages/ray/util/state/util.py:54: DeprecationWarning: Ray state API is no longer experimental. Please import from `ray.util.state`. instead. Importing from `ray.experimental` will be deprecated in future releases. 
[36m(pid=3712766)[0m   warnings.warn(
[36m(pid=3712770)[0m /usr/local/python3.11.14/lib/python3.11/site-packages/ray/util/state/util.py:54: DeprecationWarning: Ray state API is no longer experimental. Please import from `ray.util.state`. instead. Importing from `ray.experimental` will be deprecated in future releases. 
[36m(pid=3712770)[0m   warnings.warn(
[36m(pid=3712768)[0m /usr/local/python3.11.14/lib/python3.11/site-packages/ray/util/state/util.py:54: DeprecationWarning: Ray state API is no longer experimental. Please import from `ray.util.state`. instead. Importing from `ray.experimental` will be deprecated in future releases. 
[36m(pid=3712768)[0m   warnings.warn(
[36m(pid=3712767)[0m /usr/local/python3.11.14/lib/python3.11/site-packages/ray/util/state/util.py:54: DeprecationWarning: Ray state API is no longer experimental. Please import from `ray.util.state`. instead. Importing from `ray.experimental` will be deprecated in future releases. 
[36m(pid=3712767)[0m   warnings.warn(
[36m(pid=3712772)[0m /usr/local/python3.11.14/lib/python3.11/site-packages/ray/util/state/util.py:54: DeprecationWarning: Ray state API is no longer experimental. Please import from `ray.util.state`. instead. Importing from `ray.experimental` will be deprecated in future releases. 
[36m(pid=3712772)[0m   warnings.warn(
[36m(pid=3712778)[0m /usr/local/python3.11.14/lib/python3.11/site-packages/ray/util/state/util.py:54: DeprecationWarning: Ray state API is no longer experimental. Please import from `ray.util.state`. instead. Importing from `ray.experimental` will be deprecated in future releases. 
[36m(pid=3712778)[0m   warnings.warn(
[36m(pid=3712774)[0m /usr/local/python3.11.14/lib/python3.11/site-packages/ray/util/state/util.py:54: DeprecationWarning: Ray state API is no longer experimental. Please import from `ray.util.state`. instead. Importing from `ray.experimental` will be deprecated in future releases. 
[36m(pid=3712774)[0m   warnings.warn(
[36m(pid=3712773)[0m /usr/local/python3.11.14/lib/python3.11/site-packages/ray/util/state/util.py:54: DeprecationWarning: Ray state API is no longer experimental. Please import from `ray.util.state`. instead. Importing from `ray.experimental` will be deprecated in future releases. 
[36m(pid=3712773)[0m   warnings.warn(
[36m(pid=3712776)[0m /usr/local/python3.11.14/lib/python3.11/site-packages/ray/util/state/util.py:54: DeprecationWarning: Ray state API is no longer experimental. Please import from `ray.util.state`. instead. Importing from `ray.experimental` will be deprecated in future releases. 
[36m(pid=3712776)[0m   warnings.warn(
[36m(pid=3712779)[0m /usr/local/python3.11.14/lib/python3.11/site-packages/ray/util/state/util.py:54: DeprecationWarning: Ray state API is no longer experimental. Please import from `ray.util.state`. instead. Importing from `ray.experimental` will be deprecated in future releases. 
[36m(pid=3712779)[0m   warnings.warn(
[36m(pid=3712769)[0m /usr/local/python3.11.14/lib/python3.11/site-packages/ray/util/state/util.py:54: DeprecationWarning: Ray state API is no longer experimental. Please import from `ray.util.state`. instead. Importing from `ray.experimental` will be deprecated in future releases. 
[36m(pid=3712769)[0m   warnings.warn(
[36m(pid=3712777)[0m /usr/local/python3.11.14/lib/python3.11/site-packages/ray/util/state/util.py:54: DeprecationWarning: Ray state API is no longer experimental. Please import from `ray.util.state`. instead. Importing from `ray.experimental` will be deprecated in future releases. 
[36m(pid=3712777)[0m   warnings.warn(
[36m(pid=3712775)[0m /usr/local/python3.11.14/lib/python3.11/site-packages/ray/util/state/util.py:54: DeprecationWarning: Ray state API is no longer experimental. Please import from `ray.util.state`. instead. Importing from `ray.experimental` will be deprecated in future releases. 
[36m(pid=3712775)[0m   warnings.warn(
[36m(pid=3712780)[0m /usr/local/python3.11.14/lib/python3.11/site-packages/ray/util/state/util.py:54: DeprecationWarning: Ray state API is no longer experimental. Please import from `ray.util.state`. instead. Importing from `ray.experimental` will be deprecated in future releases. 
[36m(pid=3712780)[0m   warnings.warn(
[36m(WorkerDict pid=3712771)[0m /workspace/cann-recipes-train/llm_rl/qwen3_shrink_aware/verl/models/mcore/config_converter.py:281: UserWarning: The following keys are not supported in the current Megatron version and will be removed: ['use_flash_attn', 'pipeline_num_transformer_layers', 'moe_alltoall_overlap_comm', 'use_fused_rotary_pos_emb', 'use_fused_swiglu', 'seq_length', 'swap_optimizer']
[36m(WorkerDict pid=3712771)[0m   return check_and_construct_configs(args, TransformerConfig)
[36m(WorkerDict pid=3712771)[0m /workspace/cann-recipes-train/llm_rl/qwen3_shrink_aware/megatron/core/transformer/transformer_config.py:1065: UserWarning: Using a large number of experts (e.g. >=32) without fp32 routing. Consider enabling moe_router_dtype for better numerical stability.
[36m(WorkerDict pid=3712771)[0m   warnings.warn(
[36m(WorkerDict pid=3712778)[0m /workspace/cann-recipes-train/llm_rl/qwen3_shrink_aware/verl/models/mcore/config_converter.py:281: UserWarning: The following keys are not supported in the current Megatron version and will be removed: ['use_flash_attn', 'pipeline_num_transformer_layers', 'moe_alltoall_overlap_comm', 'use_fused_rotary_pos_emb', 'use_fused_swiglu', 'seq_length', 'swap_optimizer']
[36m(WorkerDict pid=3712778)[0m   return check_and_construct_configs(args, TransformerConfig)
[36m(WorkerDict pid=3712778)[0m /workspace/cann-recipes-train/llm_rl/qwen3_shrink_aware/megatron/core/transformer/transformer_config.py:1065: UserWarning: Using a large number of experts (e.g. >=32) without fp32 routing. Consider enabling moe_router_dtype for better numerical stability.
[36m(WorkerDict pid=3712778)[0m   warnings.warn(
[36m(WorkerDict pid=3712767)[0m /workspace/cann-recipes-train/llm_rl/qwen3_shrink_aware/verl/models/mcore/config_converter.py:281: UserWarning: The following keys are not supported in the current Megatron version and will be removed: ['use_flash_attn', 'pipeline_num_transformer_layers', 'moe_alltoall_overlap_comm', 'use_fused_rotary_pos_emb', 'use_fused_swiglu', 'seq_length', 'swap_optimizer']
[36m(WorkerDict pid=3712767)[0m   return check_and_construct_configs(args, TransformerConfig)
[36m(WorkerDict pid=3712767)[0m /workspace/cann-recipes-train/llm_rl/qwen3_shrink_aware/megatron/core/transformer/transformer_config.py:1065: UserWarning: Using a large number of experts (e.g. >=32) without fp32 routing. Consider enabling moe_router_dtype for better numerical stability.
[36m(WorkerDict pid=3712767)[0m   warnings.warn(
[36m(WorkerDict pid=3712766)[0m /workspace/cann-recipes-train/llm_rl/qwen3_shrink_aware/verl/models/mcore/config_converter.py:281: UserWarning: The following keys are not supported in the current Megatron version and will be removed: ['use_flash_attn', 'pipeline_num_transformer_layers', 'moe_alltoall_overlap_comm', 'use_fused_rotary_pos_emb', 'use_fused_swiglu', 'seq_length', 'swap_optimizer']
[36m(WorkerDict pid=3712766)[0m   return check_and_construct_configs(args, TransformerConfig)
[36m(WorkerDict pid=3712766)[0m /workspace/cann-recipes-train/llm_rl/qwen3_shrink_aware/megatron/core/transformer/transformer_config.py:1065: UserWarning: Using a large number of experts (e.g. >=32) without fp32 routing. Consider enabling moe_router_dtype for better numerical stability.
[36m(WorkerDict pid=3712766)[0m   warnings.warn(
[36m(WorkerDict pid=3712770)[0m /workspace/cann-recipes-train/llm_rl/qwen3_shrink_aware/verl/models/mcore/config_converter.py:281: UserWarning: The following keys are not supported in the current Megatron version and will be removed: ['use_flash_attn', 'pipeline_num_transformer_layers', 'moe_alltoall_overlap_comm', 'use_fused_rotary_pos_emb', 'use_fused_swiglu', 'seq_length', 'swap_optimizer']
[36m(WorkerDict pid=3712770)[0m   return check_and_construct_configs(args, TransformerConfig)
[36m(WorkerDict pid=3712770)[0m /workspace/cann-recipes-train/llm_rl/qwen3_shrink_aware/megatron/core/transformer/transformer_config.py:1065: UserWarning: Using a large number of experts (e.g. >=32) without fp32 routing. Consider enabling moe_router_dtype for better numerical stability.
[36m(WorkerDict pid=3712770)[0m   warnings.warn(
[36m(WorkerDict pid=3712768)[0m /workspace/cann-recipes-train/llm_rl/qwen3_shrink_aware/verl/models/mcore/config_converter.py:281: UserWarning: The following keys are not supported in the current Megatron version and will be removed: ['use_flash_attn', 'pipeline_num_transformer_layers', 'moe_alltoall_overlap_comm', 'use_fused_rotary_pos_emb', 'use_fused_swiglu', 'seq_length', 'swap_optimizer']
[36m(WorkerDict pid=3712768)[0m   return check_and_construct_configs(args, TransformerConfig)
[36m(WorkerDict pid=3712768)[0m /workspace/cann-recipes-train/llm_rl/qwen3_shrink_aware/megatron/core/transformer/transformer_config.py:1065: UserWarning: Using a large number of experts (e.g. >=32) without fp32 routing. Consider enabling moe_router_dtype for better numerical stability.
[36m(WorkerDict pid=3712768)[0m   warnings.warn(
[36m(WorkerDict pid=3712772)[0m /workspace/cann-recipes-train/llm_rl/qwen3_shrink_aware/verl/models/mcore/config_converter.py:281: UserWarning: The following keys are not supported in the current Megatron version and will be removed: ['use_flash_attn', 'pipeline_num_transformer_layers', 'moe_alltoall_overlap_comm', 'use_fused_rotary_pos_emb', 'use_fused_swiglu', 'seq_length', 'swap_optimizer']
[36m(WorkerDict pid=3712772)[0m   return check_and_construct_configs(args, TransformerConfig)
[36m(WorkerDict pid=3712772)[0m /workspace/cann-recipes-train/llm_rl/qwen3_shrink_aware/megatron/core/transformer/transformer_config.py:1065: UserWarning: Using a large number of experts (e.g. >=32) without fp32 routing. Consider enabling moe_router_dtype for better numerical stability.
[36m(WorkerDict pid=3712772)[0m   warnings.warn(
[36m(WorkerDict pid=3712773)[0m /workspace/cann-recipes-train/llm_rl/qwen3_shrink_aware/verl/models/mcore/config_converter.py:281: UserWarning: The following keys are not supported in the current Megatron version and will be removed: ['use_flash_attn', 'pipeline_num_transformer_layers', 'moe_alltoall_overlap_comm', 'use_fused_rotary_pos_emb', 'use_fused_swiglu', 'seq_length', 'swap_optimizer']
[36m(WorkerDict pid=3712773)[0m   return check_and_construct_configs(args, TransformerConfig)
[36m(WorkerDict pid=3712773)[0m /workspace/cann-recipes-train/llm_rl/qwen3_shrink_aware/megatron/core/transformer/transformer_config.py:1065: UserWarning: Using a large number of experts (e.g. >=32) without fp32 routing. Consider enabling moe_router_dtype for better numerical stability.
[36m(WorkerDict pid=3712773)[0m   warnings.warn(
[36m(WorkerDict pid=3712776)[0m /workspace/cann-recipes-train/llm_rl/qwen3_shrink_aware/verl/models/mcore/config_converter.py:281: UserWarning: The following keys are not supported in the current Megatron version and will be removed: ['use_flash_attn', 'pipeline_num_transformer_layers', 'moe_alltoall_overlap_comm', 'use_fused_rotary_pos_emb', 'use_fused_swiglu', 'seq_length', 'swap_optimizer']
[36m(WorkerDict pid=3712776)[0m   return check_and_construct_configs(args, TransformerConfig)
[36m(WorkerDict pid=3712776)[0m /workspace/cann-recipes-train/llm_rl/qwen3_shrink_aware/megatron/core/transformer/transformer_config.py:1065: UserWarning: Using a large number of experts (e.g. >=32) without fp32 routing. Consider enabling moe_router_dtype for better numerical stability.
[36m(WorkerDict pid=3712776)[0m   warnings.warn(
[36m(WorkerDict pid=3712774)[0m /workspace/cann-recipes-train/llm_rl/qwen3_shrink_aware/verl/models/mcore/config_converter.py:281: UserWarning: The following keys are not supported in the current Megatron version and will be removed: ['use_flash_attn', 'pipeline_num_transformer_layers', 'moe_alltoall_overlap_comm', 'use_fused_rotary_pos_emb', 'use_fused_swiglu', 'seq_length', 'swap_optimizer']
[36m(WorkerDict pid=3712774)[0m   return check_and_construct_configs(args, TransformerConfig)
[36m(WorkerDict pid=3712774)[0m /workspace/cann-recipes-train/llm_rl/qwen3_shrink_aware/megatron/core/transformer/transformer_config.py:1065: UserWarning: Using a large number of experts (e.g. >=32) without fp32 routing. Consider enabling moe_router_dtype for better numerical stability.
[36m(WorkerDict pid=3712774)[0m   warnings.warn(
[36m(WorkerDict pid=3712777)[0m /workspace/cann-recipes-train/llm_rl/qwen3_shrink_aware/verl/models/mcore/config_converter.py:281: UserWarning: The following keys are not supported in the current Megatron version and will be removed: ['use_flash_attn', 'pipeline_num_transformer_layers', 'moe_alltoall_overlap_comm', 'use_fused_rotary_pos_emb', 'use_fused_swiglu', 'seq_length', 'swap_optimizer']
[36m(WorkerDict pid=3712777)[0m   return check_and_construct_configs(args, TransformerConfig)
[36m(WorkerDict pid=3712777)[0m /workspace/cann-recipes-train/llm_rl/qwen3_shrink_aware/megatron/core/transformer/transformer_config.py:1065: UserWarning: Using a large number of experts (e.g. >=32) without fp32 routing. Consider enabling moe_router_dtype for better numerical stability.
[36m(WorkerDict pid=3712777)[0m   warnings.warn(
[36m(WorkerDict pid=3712779)[0m /workspace/cann-recipes-train/llm_rl/qwen3_shrink_aware/verl/models/mcore/config_converter.py:281: UserWarning: The following keys are not supported in the current Megatron version and will be removed: ['use_flash_attn', 'pipeline_num_transformer_layers', 'moe_alltoall_overlap_comm', 'use_fused_rotary_pos_emb', 'use_fused_swiglu', 'seq_length', 'swap_optimizer']
[36m(WorkerDict pid=3712779)[0m   return check_and_construct_configs(args, TransformerConfig)
[36m(WorkerDict pid=3712779)[0m /workspace/cann-recipes-train/llm_rl/qwen3_shrink_aware/megatron/core/transformer/transformer_config.py:1065: UserWarning: Using a large number of experts (e.g. >=32) without fp32 routing. Consider enabling moe_router_dtype for better numerical stability.
[36m(WorkerDict pid=3712779)[0m   warnings.warn(
[36m(WorkerDict pid=3712780)[0m /workspace/cann-recipes-train/llm_rl/qwen3_shrink_aware/verl/models/mcore/config_converter.py:281: UserWarning: The following keys are not supported in the current Megatron version and will be removed: ['use_flash_attn', 'pipeline_num_transformer_layers', 'moe_alltoall_overlap_comm', 'use_fused_rotary_pos_emb', 'use_fused_swiglu', 'seq_length', 'swap_optimizer']
[36m(WorkerDict pid=3712780)[0m   return check_and_construct_configs(args, TransformerConfig)
[36m(WorkerDict pid=3712780)[0m /workspace/cann-recipes-train/llm_rl/qwen3_shrink_aware/megatron/core/transformer/transformer_config.py:1065: UserWarning: Using a large number of experts (e.g. >=32) without fp32 routing. Consider enabling moe_router_dtype for better numerical stability.
[36m(WorkerDict pid=3712780)[0m   warnings.warn(
[36m(WorkerDict pid=3712775)[0m /workspace/cann-recipes-train/llm_rl/qwen3_shrink_aware/verl/models/mcore/config_converter.py:281: UserWarning: The following keys are not supported in the current Megatron version and will be removed: ['use_flash_attn', 'pipeline_num_transformer_layers', 'moe_alltoall_overlap_comm', 'use_fused_rotary_pos_emb', 'use_fused_swiglu', 'seq_length', 'swap_optimizer']
[36m(WorkerDict pid=3712775)[0m   return check_and_construct_configs(args, TransformerConfig)
[36m(WorkerDict pid=3712775)[0m /workspace/cann-recipes-train/llm_rl/qwen3_shrink_aware/megatron/core/transformer/transformer_config.py:1065: UserWarning: Using a large number of experts (e.g. >=32) without fp32 routing. Consider enabling moe_router_dtype for better numerical stability.
[36m(WorkerDict pid=3712775)[0m   warnings.warn(
[36m(WorkerDict pid=3712765)[0m /workspace/cann-recipes-train/llm_rl/qwen3_shrink_aware/verl/models/mcore/config_converter.py:281: UserWarning: The following keys are not supported in the current Megatron version and will be removed: ['use_flash_attn', 'pipeline_num_transformer_layers', 'moe_alltoall_overlap_comm', 'use_fused_rotary_pos_emb', 'use_fused_swiglu', 'seq_length', 'swap_optimizer']
[36m(WorkerDict pid=3712765)[0m   return check_and_construct_configs(args, TransformerConfig)
[36m(WorkerDict pid=3712765)[0m /workspace/cann-recipes-train/llm_rl/qwen3_shrink_aware/megatron/core/transformer/transformer_config.py:1065: UserWarning: Using a large number of experts (e.g. >=32) without fp32 routing. Consider enabling moe_router_dtype for better numerical stability.
[36m(WorkerDict pid=3712765)[0m   warnings.warn(
[36m(WorkerDict pid=3712769)[0m /workspace/cann-recipes-train/llm_rl/qwen3_shrink_aware/verl/models/mcore/config_converter.py:281: UserWarning: The following keys are not supported in the current Megatron version and will be removed: ['use_flash_attn', 'pipeline_num_transformer_layers', 'moe_alltoall_overlap_comm', 'use_fused_rotary_pos_emb', 'use_fused_swiglu', 'seq_length', 'swap_optimizer']
[36m(WorkerDict pid=3712769)[0m   return check_and_construct_configs(args, TransformerConfig)
[36m(WorkerDict pid=3712769)[0m /workspace/cann-recipes-train/llm_rl/qwen3_shrink_aware/megatron/core/transformer/transformer_config.py:1065: UserWarning: Using a large number of experts (e.g. >=32) without fp32 routing. Consider enabling moe_router_dtype for better numerical stability.
[36m(WorkerDict pid=3712769)[0m   warnings.warn(
[36m(WorkerDict pid=3712765)[0m /workspace/cann-recipes-train/llm_rl/qwen3_shrink_aware/megatron/core/dist_checkpointing/strategies/torch.py:892: FutureWarning: `load_state_dict` is deprecated and will be removed in future versions. Please use `load` instead.
[36m(WorkerDict pid=3712765)[0m   checkpoint.load_state_dict(
[36m(WorkerDict pid=3712770)[0m /workspace/cann-recipes-train/llm_rl/qwen3_shrink_aware/megatron/core/dist_checkpointing/strategies/torch.py:892: FutureWarning: `load_state_dict` is deprecated and will be removed in future versions. Please use `load` instead.
[36m(WorkerDict pid=3712770)[0m   checkpoint.load_state_dict(
[36m(WorkerDict pid=3712775)[0m /workspace/cann-recipes-train/llm_rl/qwen3_shrink_aware/megatron/core/dist_checkpointing/strategies/torch.py:892: FutureWarning: `load_state_dict` is deprecated and will be removed in future versions. Please use `load` instead.
[36m(WorkerDict pid=3712775)[0m   checkpoint.load_state_dict(
[36m(WorkerDict pid=3712780)[0m /workspace/cann-recipes-train/llm_rl/qwen3_shrink_aware/megatron/core/dist_checkpointing/strategies/torch.py:892: FutureWarning: `load_state_dict` is deprecated and will be removed in future versions. Please use `load` instead.
[36m(WorkerDict pid=3712780)[0m   checkpoint.load_state_dict(
[36m(WorkerDict pid=3712776)[0m /workspace/cann-recipes-train/llm_rl/qwen3_shrink_aware/megatron/core/dist_checkpointing/strategies/torch.py:892: FutureWarning: `load_state_dict` is deprecated and will be removed in future versions. Please use `load` instead.
[36m(WorkerDict pid=3712776)[0m   checkpoint.load_state_dict(
[36m(WorkerDict pid=3712766)[0m /workspace/cann-recipes-train/llm_rl/qwen3_shrink_aware/megatron/core/dist_checkpointing/strategies/torch.py:892: FutureWarning: `load_state_dict` is deprecated and will be removed in future versions. Please use `load` instead.
[36m(WorkerDict pid=3712766)[0m   checkpoint.load_state_dict(
[36m(WorkerDict pid=3712769)[0m /workspace/cann-recipes-train/llm_rl/qwen3_shrink_aware/megatron/core/dist_checkpointing/strategies/torch.py:892: FutureWarning: `load_state_dict` is deprecated and will be removed in future versions. Please use `load` instead.
[36m(WorkerDict pid=3712769)[0m   checkpoint.load_state_dict(
[36m(WorkerDict pid=3712768)[0m /workspace/cann-recipes-train/llm_rl/qwen3_shrink_aware/megatron/core/dist_checkpointing/strategies/torch.py:892: FutureWarning: `load_state_dict` is deprecated and will be removed in future versions. Please use `load` instead.
[36m(WorkerDict pid=3712768)[0m   checkpoint.load_state_dict(
[36m(WorkerDict pid=3712771)[0m /workspace/cann-recipes-train/llm_rl/qwen3_shrink_aware/megatron/core/dist_checkpointing/strategies/torch.py:892: FutureWarning: `load_state_dict` is deprecated and will be removed in future versions. Please use `load` instead.
[36m(WorkerDict pid=3712771)[0m   checkpoint.load_state_dict(
[36m(WorkerDict pid=3712775)[0m /usr/local/python3.11.14/lib/python3.11/site-packages/torch/distributed/checkpoint/planner_helpers.py:418: FutureWarning: Please use DTensor instead and we are deprecating ShardedTensor.
[36m(WorkerDict pid=3712775)[0m   device = getattr(value, "device", None)
[36m(WorkerDict pid=3712775)[0m /usr/local/python3.11.14/lib/python3.11/site-packages/torch/distributed/checkpoint/default_planner.py:479: FutureWarning: Please use DTensor instead and we are deprecating ShardedTensor.
[36m(WorkerDict pid=3712775)[0m   and md.size != obj.size()
[36m(WorkerDict pid=3712765)[0m /usr/local/python3.11.14/lib/python3.11/site-packages/torch/distributed/checkpoint/planner_helpers.py:418: FutureWarning: Please use DTensor instead and we are deprecating ShardedTensor.
[36m(WorkerDict pid=3712765)[0m   device = getattr(value, "device", None)
[36m(WorkerDict pid=3712765)[0m /usr/local/python3.11.14/lib/python3.11/site-packages/torch/distributed/checkpoint/default_planner.py:479: FutureWarning: Please use DTensor instead and we are deprecating ShardedTensor.
[36m(WorkerDict pid=3712765)[0m   and md.size != obj.size()
[36m(WorkerDict pid=3712770)[0m /usr/local/python3.11.14/lib/python3.11/site-packages/torch/distributed/checkpoint/planner_helpers.py:418: FutureWarning: Please use DTensor instead and we are deprecating ShardedTensor.
[36m(WorkerDict pid=3712770)[0m   device = getattr(value, "device", None)
[36m(WorkerDict pid=3712770)[0m /usr/local/python3.11.14/lib/python3.11/site-packages/torch/distributed/checkpoint/default_planner.py:479: FutureWarning: Please use DTensor instead and we are deprecating ShardedTensor.
[36m(WorkerDict pid=3712770)[0m   and md.size != obj.size()
[36m(WorkerDict pid=3712780)[0m /usr/local/python3.11.14/lib/python3.11/site-packages/torch/distributed/checkpoint/planner_helpers.py:418: FutureWarning: Please use DTensor instead and we are deprecating ShardedTensor.
[36m(WorkerDict pid=3712780)[0m   device = getattr(value, "device", None)
[36m(WorkerDict pid=3712767)[0m /workspace/cann-recipes-train/llm_rl/qwen3_shrink_aware/megatron/core/dist_checkpointing/strategies/torch.py:892: FutureWarning: `load_state_dict` is deprecated and will be removed in future versions. Please use `load` instead.
[36m(WorkerDict pid=3712767)[0m   checkpoint.load_state_dict(
[36m(WorkerDict pid=3712780)[0m /usr/local/python3.11.14/lib/python3.11/site-packages/torch/distributed/checkpoint/default_planner.py:479: FutureWarning: Please use DTensor instead and we are deprecating ShardedTensor.
[36m(WorkerDict pid=3712780)[0m   and md.size != obj.size()
[36m(WorkerDict pid=3712771)[0m /usr/local/python3.11.14/lib/python3.11/site-packages/torch/distributed/checkpoint/planner_helpers.py:418: FutureWarning: Please use DTensor instead and we are deprecating ShardedTensor.
[36m(WorkerDict pid=3712771)[0m   device = getattr(value, "device", None)
[36m(WorkerDict pid=3712771)[0m /usr/local/python3.11.14/lib/python3.11/site-packages/torch/distributed/checkpoint/default_planner.py:479: FutureWarning: Please use DTensor instead and we are deprecating ShardedTensor.
[36m(WorkerDict pid=3712771)[0m   and md.size != obj.size()
[36m(WorkerDict pid=3712769)[0m /usr/local/python3.11.14/lib/python3.11/site-packages/torch/distributed/checkpoint/planner_helpers.py:418: FutureWarning: Please use DTensor instead and we are deprecating ShardedTensor.
[36m(WorkerDict pid=3712769)[0m   device = getattr(value, "device", None)
[36m(WorkerDict pid=3712769)[0m /usr/local/python3.11.14/lib/python3.11/site-packages/torch/distributed/checkpoint/default_planner.py:479: FutureWarning: Please use DTensor instead and we are deprecating ShardedTensor.
[36m(WorkerDict pid=3712769)[0m   and md.size != obj.size()
[36m(WorkerDict pid=3712766)[0m /usr/local/python3.11.14/lib/python3.11/site-packages/torch/distributed/checkpoint/planner_helpers.py:418: FutureWarning: Please use DTensor instead and we are deprecating ShardedTensor.
[36m(WorkerDict pid=3712766)[0m   device = getattr(value, "device", None)
[36m(WorkerDict pid=3712766)[0m /usr/local/python3.11.14/lib/python3.11/site-packages/torch/distributed/checkpoint/default_planner.py:479: FutureWarning: Please use DTensor instead and we are deprecating ShardedTensor.
[36m(WorkerDict pid=3712766)[0m   and md.size != obj.size()
[36m(WorkerDict pid=3712768)[0m /usr/local/python3.11.14/lib/python3.11/site-packages/torch/distributed/checkpoint/planner_helpers.py:418: FutureWarning: Please use DTensor instead and we are deprecating ShardedTensor.
[36m(WorkerDict pid=3712768)[0m   device = getattr(value, "device", None)
[36m(WorkerDict pid=3712768)[0m /usr/local/python3.11.14/lib/python3.11/site-packages/torch/distributed/checkpoint/default_planner.py:479: FutureWarning: Please use DTensor instead and we are deprecating ShardedTensor.
[36m(WorkerDict pid=3712768)[0m   and md.size != obj.size()
[36m(WorkerDict pid=3712777)[0m /workspace/cann-recipes-train/llm_rl/qwen3_shrink_aware/megatron/core/dist_checkpointing/strategies/torch.py:892: FutureWarning: `load_state_dict` is deprecated and will be removed in future versions. Please use `load` instead.
[36m(WorkerDict pid=3712777)[0m   checkpoint.load_state_dict(
[36m(WorkerDict pid=3712773)[0m /workspace/cann-recipes-train/llm_rl/qwen3_shrink_aware/megatron/core/dist_checkpointing/strategies/torch.py:892: FutureWarning: `load_state_dict` is deprecated and will be removed in future versions. Please use `load` instead.
[36m(WorkerDict pid=3712773)[0m   checkpoint.load_state_dict(
[36m(WorkerDict pid=3712767)[0m /usr/local/python3.11.14/lib/python3.11/site-packages/torch/distributed/checkpoint/planner_helpers.py:418: FutureWarning: Please use DTensor instead and we are deprecating ShardedTensor.
[36m(WorkerDict pid=3712767)[0m   device = getattr(value, "device", None)
[36m(WorkerDict pid=3712767)[0m /usr/local/python3.11.14/lib/python3.11/site-packages/torch/distributed/checkpoint/default_planner.py:479: FutureWarning: Please use DTensor instead and we are deprecating ShardedTensor.
[36m(WorkerDict pid=3712767)[0m   and md.size != obj.size()
[36m(WorkerDict pid=3712776)[0m /usr/local/python3.11.14/lib/python3.11/site-packages/torch/distributed/checkpoint/planner_helpers.py:418: FutureWarning: Please use DTensor instead and we are deprecating ShardedTensor.
[36m(WorkerDict pid=3712776)[0m   device = getattr(value, "device", None)
[36m(WorkerDict pid=3712776)[0m /usr/local/python3.11.14/lib/python3.11/site-packages/torch/distributed/checkpoint/default_planner.py:479: FutureWarning: Please use DTensor instead and we are deprecating ShardedTensor.
[36m(WorkerDict pid=3712776)[0m   and md.size != obj.size()
[36m(WorkerDict pid=3712777)[0m /usr/local/python3.11.14/lib/python3.11/site-packages/torch/distributed/checkpoint/planner_helpers.py:418: FutureWarning: Please use DTensor instead and we are deprecating ShardedTensor.
[36m(WorkerDict pid=3712777)[0m   device = getattr(value, "device", None)
[36m(WorkerDict pid=3712777)[0m /usr/local/python3.11.14/lib/python3.11/site-packages/torch/distributed/checkpoint/default_planner.py:479: FutureWarning: Please use DTensor instead and we are deprecating ShardedTensor.
[36m(WorkerDict pid=3712777)[0m   and md.size != obj.size()
[36m(WorkerDict pid=3712778)[0m /workspace/cann-recipes-train/llm_rl/qwen3_shrink_aware/megatron/core/dist_checkpointing/strategies/torch.py:892: FutureWarning: `load_state_dict` is deprecated and will be removed in future versions. Please use `load` instead.
[36m(WorkerDict pid=3712778)[0m   checkpoint.load_state_dict(
[36m(WorkerDict pid=3712774)[0m /workspace/cann-recipes-train/llm_rl/qwen3_shrink_aware/megatron/core/dist_checkpointing/strategies/torch.py:892: FutureWarning: `load_state_dict` is deprecated and will be removed in future versions. Please use `load` instead.
[36m(WorkerDict pid=3712774)[0m   checkpoint.load_state_dict(
[36m(WorkerDict pid=3712772)[0m /workspace/cann-recipes-train/llm_rl/qwen3_shrink_aware/megatron/core/dist_checkpointing/strategies/torch.py:892: FutureWarning: `load_state_dict` is deprecated and will be removed in future versions. Please use `load` instead.
[36m(WorkerDict pid=3712772)[0m   checkpoint.load_state_dict(
[36m(WorkerDict pid=3712773)[0m /usr/local/python3.11.14/lib/python3.11/site-packages/torch/distributed/checkpoint/planner_helpers.py:418: FutureWarning: Please use DTensor instead and we are deprecating ShardedTensor.
[36m(WorkerDict pid=3712773)[0m   device = getattr(value, "device", None)
[36m(WorkerDict pid=3712773)[0m /usr/local/python3.11.14/lib/python3.11/site-packages/torch/distributed/checkpoint/default_planner.py:479: FutureWarning: Please use DTensor instead and we are deprecating ShardedTensor.
[36m(WorkerDict pid=3712773)[0m   and md.size != obj.size()
[36m(WorkerDict pid=3712779)[0m /workspace/cann-recipes-train/llm_rl/qwen3_shrink_aware/megatron/core/dist_checkpointing/strategies/torch.py:892: FutureWarning: `load_state_dict` is deprecated and will be removed in future versions. Please use `load` instead.
[36m(WorkerDict pid=3712779)[0m   checkpoint.load_state_dict(
[36m(WorkerDict pid=3712778)[0m /usr/local/python3.11.14/lib/python3.11/site-packages/torch/distributed/checkpoint/planner_helpers.py:418: FutureWarning: Please use DTensor instead and we are deprecating ShardedTensor.
[36m(WorkerDict pid=3712778)[0m   device = getattr(value, "device", None)
[36m(WorkerDict pid=3712778)[0m /usr/local/python3.11.14/lib/python3.11/site-packages/torch/distributed/checkpoint/default_planner.py:479: FutureWarning: Please use DTensor instead and we are deprecating ShardedTensor.
[36m(WorkerDict pid=3712778)[0m   and md.size != obj.size()
[36m(WorkerDict pid=3712774)[0m /usr/local/python3.11.14/lib/python3.11/site-packages/torch/distributed/checkpoint/planner_helpers.py:418: FutureWarning: Please use DTensor instead and we are deprecating ShardedTensor.
[36m(WorkerDict pid=3712774)[0m   device = getattr(value, "device", None)
[36m(WorkerDict pid=3712774)[0m /usr/local/python3.11.14/lib/python3.11/site-packages/torch/distributed/checkpoint/default_planner.py:479: FutureWarning: Please use DTensor instead and we are deprecating ShardedTensor.
[36m(WorkerDict pid=3712774)[0m   and md.size != obj.size()
[36m(WorkerDict pid=3712779)[0m /usr/local/python3.11.14/lib/python3.11/site-packages/torch/distributed/checkpoint/planner_helpers.py:418: FutureWarning: Please use DTensor instead and we are deprecating ShardedTensor.
[36m(WorkerDict pid=3712779)[0m   device = getattr(value, "device", None)
[36m(WorkerDict pid=3712779)[0m /usr/local/python3.11.14/lib/python3.11/site-packages/torch/distributed/checkpoint/default_planner.py:479: FutureWarning: Please use DTensor instead and we are deprecating ShardedTensor.
[36m(WorkerDict pid=3712779)[0m   and md.size != obj.size()
[36m(WorkerDict pid=3712772)[0m /usr/local/python3.11.14/lib/python3.11/site-packages/torch/distributed/checkpoint/planner_helpers.py:418: FutureWarning: Please use DTensor instead and we are deprecating ShardedTensor.
[36m(WorkerDict pid=3712772)[0m   device = getattr(value, "device", None)
[36m(WorkerDict pid=3712772)[0m /usr/local/python3.11.14/lib/python3.11/site-packages/torch/distributed/checkpoint/default_planner.py:479: FutureWarning: Please use DTensor instead and we are deprecating ShardedTensor.
[36m(WorkerDict pid=3712772)[0m   and md.size != obj.size()
[36m(WorkerDict pid=3712765)[0m /usr/local/python3.11.14/lib/python3.11/site-packages/torch_npu/distributed/distributed_c10d.py:110: UserWarning: HCCL doesn't support gather at the moment. Implemented with allgather instead.
[36m(WorkerDict pid=3712765)[0m   warnings.warn("HCCL doesn't support gather at the moment. Implemented with allgather instead.")
[36m(WorkerDict pid=3712776)[0m [rank11]:[W617 13:11:11.571440513 compiler_depend.ts:338] Warning: Cannot create tensor with interal format while allow_internel_format=False, tensor will be created with base format. (function operator())
[36m(WorkerDict pid=3712766)[0m [rank1]:[W617 13:11:11.571440563 compiler_depend.ts:338] Warning: Cannot create tensor with interal format while allow_internel_format=False, tensor will be created with base format. (function operator())
[36m(WorkerDict pid=3712770)[0m [rank5]:[W617 13:11:11.571182585 compiler_depend.ts:338] Warning: Cannot create tensor with interal format while allow_internel_format=False, tensor will be created with base format. (function operator())
[36m(WorkerDict pid=3712768)[0m [rank3]:[W617 13:11:11.573604852 compiler_depend.ts:338] Warning: Cannot create tensor with interal format while allow_internel_format=False, tensor will be created with base format. (function operator())
[36m(WorkerDict pid=3712774)[0m [rank9]:[W617 13:11:11.571570107 compiler_depend.ts:338] Warning: Cannot create tensor with interal format while allow_internel_format=False, tensor will be created with base format. (function operator())
[36m(WorkerDict pid=3712771)[0m [rank6]:[W617 13:11:11.571611929 compiler_depend.ts:338] Warning: Cannot create tensor with interal format while allow_internel_format=False, tensor will be created with base format. (function operator())
[36m(WorkerDict pid=3712772)[0m [rank7]:[W617 13:11:11.571505035 compiler_depend.ts:338] Warning: Cannot create tensor with interal format while allow_internel_format=False, tensor will be created with base format. (function operator())
[36m(WorkerDict pid=3712777)[0m [rank15]:[W617 13:11:11.571909728 compiler_depend.ts:338] Warning: Cannot create tensor with interal format while allow_internel_format=False, tensor will be created with base format. (function operator())
[36m(WorkerDict pid=3712769)[0m [rank4]:[W617 13:11:11.571407382 compiler_depend.ts:338] Warning: Cannot create tensor with interal format while allow_internel_format=False, tensor will be created with base format. (function operator())
[36m(WorkerDict pid=3712773)[0m [rank8]:[W617 13:11:11.572115235 compiler_depend.ts:338] Warning: Cannot create tensor with interal format while allow_internel_format=False, tensor will be created with base format. (function operator())
[36m(WorkerDict pid=3712778)[0m [rank14]:[W617 13:11:11.571846596 compiler_depend.ts:338] Warning: Cannot create tensor with interal format while allow_internel_format=False, tensor will be created with base format. (function operator())
[36m(WorkerDict pid=3712780)[0m [rank12]:[W617 13:11:11.573691815 compiler_depend.ts:338] Warning: Cannot create tensor with interal format while allow_internel_format=False, tensor will be created with base format. (function operator())
[36m(WorkerDict pid=3712767)[0m [rank2]:[W617 13:11:11.571304709 compiler_depend.ts:338] Warning: Cannot create tensor with interal format while allow_internel_format=False, tensor will be created with base format. (function operator())
[36m(WorkerDict pid=3712775)[0m [rank10]:[W617 13:11:11.571406872 compiler_depend.ts:338] Warning: Cannot create tensor with interal format while allow_internel_format=False, tensor will be created with base format. (function operator())
[36m(WorkerDict pid=3712779)[0m [rank13]:[W617 13:11:11.578299391 compiler_depend.ts:338] Warning: Cannot create tensor with interal format while allow_internel_format=False, tensor will be created with base format. (function operator())
[36m(WorkerDict pid=3712768)[0m /workspace/cann-recipes-train/llm_rl/qwen3_shrink_aware/mindspeed/core/optimizer/swap_optimizer/swap_optimizer.py:128: UserWarning: TypedStorage is deprecated. It will be removed in the future and UntypedStorage will be the only storage class. This should only matter to you if you are using storages directly.  To access UntypedStorage directly, use tensor.untyped_storage() instead of tensor.storage()
[36m(WorkerDict pid=3712768)[0m   if param.storage().size() != 0:
[36m(WorkerDict pid=3712777)[0m /workspace/cann-recipes-train/llm_rl/qwen3_shrink_aware/mindspeed/core/optimizer/swap_optimizer/swap_optimizer.py:128: UserWarning: TypedStorage is deprecated. It will be removed in the future and UntypedStorage will be the only storage class. This should only matter to you if you are using storages directly.  To access UntypedStorage directly, use tensor.untyped_storage() instead of tensor.storage()
[36m(WorkerDict pid=3712777)[0m   if param.storage().size() != 0:
[36m(WorkerDict pid=3712769)[0m /workspace/cann-recipes-train/llm_rl/qwen3_shrink_aware/mindspeed/core/optimizer/swap_optimizer/swap_optimizer.py:128: UserWarning: TypedStorage is deprecated. It will be removed in the future and UntypedStorage will be the only storage class. This should only matter to you if you are using storages directly.  To access UntypedStorage directly, use tensor.untyped_storage() instead of tensor.storage()
[36m(WorkerDict pid=3712769)[0m   if param.storage().size() != 0:
[36m(WorkerDict pid=3712767)[0m /workspace/cann-recipes-train/llm_rl/qwen3_shrink_aware/mindspeed/core/optimizer/swap_optimizer/swap_optimizer.py:128: UserWarning: TypedStorage is deprecated. It will be removed in the future and UntypedStorage will be the only storage class. This should only matter to you if you are using storages directly.  To access UntypedStorage directly, use tensor.untyped_storage() instead of tensor.storage()
[36m(WorkerDict pid=3712767)[0m   if param.storage().size() != 0:
[36m(WorkerDict pid=3712775)[0m /workspace/cann-recipes-train/llm_rl/qwen3_shrink_aware/mindspeed/core/optimizer/swap_optimizer/swap_optimizer.py:128: UserWarning: TypedStorage is deprecated. It will be removed in the future and UntypedStorage will be the only storage class. This should only matter to you if you are using storages directly.  To access UntypedStorage directly, use tensor.untyped_storage() instead of tensor.storage()
[36m(WorkerDict pid=3712775)[0m   if param.storage().size() != 0:
[36m(WorkerDict pid=3712779)[0m /workspace/cann-recipes-train/llm_rl/qwen3_shrink_aware/mindspeed/core/optimizer/swap_optimizer/swap_optimizer.py:128: UserWarning: TypedStorage is deprecated. It will be removed in the future and UntypedStorage will be the only storage class. This should only matter to you if you are using storages directly.  To access UntypedStorage directly, use tensor.untyped_storage() instead of tensor.storage()
[36m(WorkerDict pid=3712779)[0m   if param.storage().size() != 0:
[36m(WorkerDict pid=3712766)[0m /workspace/cann-recipes-train/llm_rl/qwen3_shrink_aware/mindspeed/core/optimizer/swap_optimizer/swap_optimizer.py:128: UserWarning: TypedStorage is deprecated. It will be removed in the future and UntypedStorage will be the only storage class. This should only matter to you if you are using storages directly.  To access UntypedStorage directly, use tensor.untyped_storage() instead of tensor.storage()
[36m(WorkerDict pid=3712766)[0m   if param.storage().size() != 0:
[36m(WorkerDict pid=3712771)[0m /workspace/cann-recipes-train/llm_rl/qwen3_shrink_aware/mindspeed/core/optimizer/swap_optimizer/swap_optimizer.py:128: UserWarning: TypedStorage is deprecated. It will be removed in the future and UntypedStorage will be the only storage class. This should only matter to you if you are using storages directly.  To access UntypedStorage directly, use tensor.untyped_storage() instead of tensor.storage()
[36m(WorkerDict pid=3712771)[0m   if param.storage().size() != 0:
[36m(WorkerDict pid=3712778)[0m /workspace/cann-recipes-train/llm_rl/qwen3_shrink_aware/mindspeed/core/optimizer/swap_optimizer/swap_optimizer.py:128: UserWarning: TypedStorage is deprecated. It will be removed in the future and UntypedStorage will be the only storage class. This should only matter to you if you are using storages directly.  To access UntypedStorage directly, use tensor.untyped_storage() instead of tensor.storage()
[36m(WorkerDict pid=3712778)[0m   if param.storage().size() != 0:
[36m(WorkerDict pid=3712765)[0m /workspace/cann-recipes-train/llm_rl/qwen3_shrink_aware/mindspeed/core/optimizer/swap_optimizer/swap_optimizer.py:128: UserWarning: TypedStorage is deprecated. It will be removed in the future and UntypedStorage will be the only storage class. This should only matter to you if you are using storages directly.  To access UntypedStorage directly, use tensor.untyped_storage() instead of tensor.storage()
[36m(WorkerDict pid=3712765)[0m   if param.storage().size() != 0:
[36m(WorkerDict pid=3712780)[0m /workspace/cann-recipes-train/llm_rl/qwen3_shrink_aware/mindspeed/core/optimizer/swap_optimizer/swap_optimizer.py:128: UserWarning: TypedStorage is deprecated. It will be removed in the future and UntypedStorage will be the only storage class. This should only matter to you if you are using storages directly.  To access UntypedStorage directly, use tensor.untyped_storage() instead of tensor.storage()
[36m(WorkerDict pid=3712780)[0m   if param.storage().size() != 0:
[36m(WorkerDict pid=3712765)[0m /usr/local/python3.11.14/lib/python3.11/site-packages/torch_npu/contrib/transfer_to_npu.py:182: UserWarning: Cannot create tensor with interal format while allow_internel_format=False, tensor will be created with base format. (Triggered internally at build/CMakeFiles/torch_npu.dir/compiler_depend.ts:338.)
[36m(WorkerDict pid=3712765)[0m   return fn(*args, **kwargs)
[36m(WorkerDict pid=3712776)[0m /workspace/cann-recipes-train/llm_rl/qwen3_shrink_aware/mindspeed/core/optimizer/swap_optimizer/swap_optimizer.py:128: UserWarning: TypedStorage is deprecated. It will be removed in the future and UntypedStorage will be the only storage class. This should only matter to you if you are using storages directly.  To access UntypedStorage directly, use tensor.untyped_storage() instead of tensor.storage()
[36m(WorkerDict pid=3712776)[0m   if param.storage().size() != 0:
[36m(WorkerDict pid=3712770)[0m /workspace/cann-recipes-train/llm_rl/qwen3_shrink_aware/mindspeed/core/optimizer/swap_optimizer/swap_optimizer.py:128: UserWarning: TypedStorage is deprecated. It will be removed in the future and UntypedStorage will be the only storage class. This should only matter to you if you are using storages directly.  To access UntypedStorage directly, use tensor.untyped_storage() instead of tensor.storage()
[36m(WorkerDict pid=3712770)[0m   if param.storage().size() != 0:
[36m(WorkerDict pid=3712774)[0m /workspace/cann-recipes-train/llm_rl/qwen3_shrink_aware/mindspeed/core/optimizer/swap_optimizer/swap_optimizer.py:128: UserWarning: TypedStorage is deprecated. It will be removed in the future and UntypedStorage will be the only storage class. This should only matter to you if you are using storages directly.  To access UntypedStorage directly, use tensor.untyped_storage() instead of tensor.storage()
[36m(WorkerDict pid=3712774)[0m   if param.storage().size() != 0:
[36m(WorkerDict pid=3712772)[0m /workspace/cann-recipes-train/llm_rl/qwen3_shrink_aware/mindspeed/core/optimizer/swap_optimizer/swap_optimizer.py:128: UserWarning: TypedStorage is deprecated. It will be removed in the future and UntypedStorage will be the only storage class. This should only matter to you if you are using storages directly.  To access UntypedStorage directly, use tensor.untyped_storage() instead of tensor.storage()
[36m(WorkerDict pid=3712772)[0m   if param.storage().size() != 0:
[36m(WorkerDict pid=3712773)[0m /workspace/cann-recipes-train/llm_rl/qwen3_shrink_aware/mindspeed/core/optimizer/swap_optimizer/swap_optimizer.py:128: UserWarning: TypedStorage is deprecated. It will be removed in the future and UntypedStorage will be the only storage class. This should only matter to you if you are using storages directly.  To access UntypedStorage directly, use tensor.untyped_storage() instead of tensor.storage()
[36m(WorkerDict pid=3712773)[0m   if param.storage().size() != 0:
[36m(WorkerDict pid=3712779)[0m /workspace/cann-recipes-train/llm_rl/qwen3_shrink_aware/verl/utils/profiler/config.py:49: UserWarning: Torch profiler tool config is not fully supported now.
[36m(WorkerDict pid=3712779)[0m   warnings.warn("Torch profiler tool config is not fully supported now.", stacklevel=1)
[36m(WorkerDict pid=3712779)[0m <frozen importlib._bootstrap>:241: DeprecationWarning: builtin type SwigPyPacked has no __module__ attribute
[36m(WorkerDict pid=3712779)[0m <frozen importlib._bootstrap>:241: DeprecationWarning: builtin type SwigPyObject has no __module__ attribute
[36m(WorkerDict pid=3712767)[0m /workspace/cann-recipes-train/llm_rl/qwen3_shrink_aware/verl/utils/profiler/config.py:49: UserWarning: Torch profiler tool config is not fully supported now.
[36m(WorkerDict pid=3712767)[0m   warnings.warn("Torch profiler tool config is not fully supported now.", stacklevel=1)
[36m(WorkerDict pid=3712778)[0m /workspace/cann-recipes-train/llm_rl/qwen3_shrink_aware/verl/utils/profiler/config.py:49: UserWarning: Torch profiler tool config is not fully supported now.
[36m(WorkerDict pid=3712778)[0m   warnings.warn("Torch profiler tool config is not fully supported now.", stacklevel=1)
[36m(WorkerDict pid=3712780)[0m /workspace/cann-recipes-train/llm_rl/qwen3_shrink_aware/verl/utils/profiler/config.py:49: UserWarning: Torch profiler tool config is not fully supported now.
[36m(WorkerDict pid=3712780)[0m   warnings.warn("Torch profiler tool config is not fully supported now.", stacklevel=1)
[36m(WorkerDict pid=3712769)[0m /workspace/cann-recipes-train/llm_rl/qwen3_shrink_aware/verl/utils/profiler/config.py:49: UserWarning: Torch profiler tool config is not fully supported now.
[36m(WorkerDict pid=3712769)[0m   warnings.warn("Torch profiler tool config is not fully supported now.", stacklevel=1)
[36m(WorkerDict pid=3712775)[0m /workspace/cann-recipes-train/llm_rl/qwen3_shrink_aware/verl/utils/profiler/config.py:49: UserWarning: Torch profiler tool config is not fully supported now.
[36m(WorkerDict pid=3712775)[0m   warnings.warn("Torch profiler tool config is not fully supported now.", stacklevel=1)
[36m(WorkerDict pid=3712771)[0m /workspace/cann-recipes-train/llm_rl/qwen3_shrink_aware/verl/utils/profiler/config.py:49: UserWarning: Torch profiler tool config is not fully supported now.
[36m(WorkerDict pid=3712771)[0m   warnings.warn("Torch profiler tool config is not fully supported now.", stacklevel=1)
[36m(WorkerDict pid=3712766)[0m /workspace/cann-recipes-train/llm_rl/qwen3_shrink_aware/verl/utils/profiler/config.py:49: UserWarning: Torch profiler tool config is not fully supported now.
[36m(WorkerDict pid=3712766)[0m   warnings.warn("Torch profiler tool config is not fully supported now.", stacklevel=1)
[36m(WorkerDict pid=3712777)[0m /workspace/cann-recipes-train/llm_rl/qwen3_shrink_aware/verl/utils/profiler/config.py:49: UserWarning: Torch profiler tool config is not fully supported now.
[36m(WorkerDict pid=3712777)[0m   warnings.warn("Torch profiler tool config is not fully supported now.", stacklevel=1)
[36m(WorkerDict pid=3712767)[0m <frozen importlib._bootstrap>:241: DeprecationWarning: builtin type SwigPyPacked has no __module__ attribute
[36m(WorkerDict pid=3712767)[0m <frozen importlib._bootstrap>:241: DeprecationWarning: builtin type SwigPyObject has no __module__ attribute
[36m(WorkerDict pid=3712768)[0m /workspace/cann-recipes-train/llm_rl/qwen3_shrink_aware/verl/utils/profiler/config.py:49: UserWarning: Torch profiler tool config is not fully supported now.
[36m(WorkerDict pid=3712768)[0m   warnings.warn("Torch profiler tool config is not fully supported now.", stacklevel=1)
[36m(WorkerDict pid=3712778)[0m <frozen importlib._bootstrap>:241: DeprecationWarning: builtin type SwigPyPacked has no __module__ attribute
[36m(WorkerDict pid=3712778)[0m <frozen importlib._bootstrap>:241: DeprecationWarning: builtin type SwigPyObject has no __module__ attribute
[36m(WorkerDict pid=3712780)[0m <frozen importlib._bootstrap>:241: DeprecationWarning: builtin type SwigPyPacked has no __module__ attribute
[36m(WorkerDict pid=3712780)[0m <frozen importlib._bootstrap>:241: DeprecationWarning: builtin type SwigPyObject has no __module__ attribute
[36m(WorkerDict pid=3712765)[0m /workspace/cann-recipes-train/llm_rl/qwen3_shrink_aware/verl/utils/profiler/config.py:49: UserWarning: Torch profiler tool config is not fully supported now.
[36m(WorkerDict pid=3712765)[0m   warnings.warn("Torch profiler tool config is not fully supported now.", stacklevel=1)
[36m(WorkerDict pid=3712769)[0m <frozen importlib._bootstrap>:241: DeprecationWarning: builtin type SwigPyPacked has no __module__ attribute
[36m(WorkerDict pid=3712769)[0m <frozen importlib._bootstrap>:241: DeprecationWarning: builtin type SwigPyObject has no __module__ attribute
[36m(WorkerDict pid=3712770)[0m /workspace/cann-recipes-train/llm_rl/qwen3_shrink_aware/verl/utils/profiler/config.py:49: UserWarning: Torch profiler tool config is not fully supported now.
[36m(WorkerDict pid=3712770)[0m   warnings.warn("Torch profiler tool config is not fully supported now.", stacklevel=1)
[36m(WorkerDict pid=3712775)[0m <frozen importlib._bootstrap>:241: DeprecationWarning: builtin type SwigPyPacked has no __module__ attribute
[36m(WorkerDict pid=3712775)[0m <frozen importlib._bootstrap>:241: DeprecationWarning: builtin type SwigPyObject has no __module__ attribute
[36m(WorkerDict pid=3712774)[0m /workspace/cann-recipes-train/llm_rl/qwen3_shrink_aware/verl/utils/profiler/config.py:49: UserWarning: Torch profiler tool config is not fully supported now.
[36m(WorkerDict pid=3712774)[0m   warnings.warn("Torch profiler tool config is not fully supported now.", stacklevel=1)
[36m(WorkerDict pid=3712771)[0m <frozen importlib._bootstrap>:241: DeprecationWarning: builtin type SwigPyPacked has no __module__ attribute
[36m(WorkerDict pid=3712771)[0m <frozen importlib._bootstrap>:241: DeprecationWarning: builtin type SwigPyObject has no __module__ attribute
[36m(WorkerDict pid=3712776)[0m /workspace/cann-recipes-train/llm_rl/qwen3_shrink_aware/verl/utils/profiler/config.py:49: UserWarning: Torch profiler tool config is not fully supported now.
[36m(WorkerDict pid=3712776)[0m   warnings.warn("Torch profiler tool config is not fully supported now.", stacklevel=1)
[36m(WorkerDict pid=3712766)[0m <frozen importlib._bootstrap>:241: DeprecationWarning: builtin type SwigPyPacked has no __module__ attribute
[36m(WorkerDict pid=3712766)[0m <frozen importlib._bootstrap>:241: DeprecationWarning: builtin type SwigPyObject has no __module__ attribute
[36m(WorkerDict pid=3712768)[0m <frozen importlib._bootstrap>:241: DeprecationWarning: builtin type SwigPyPacked has no __module__ attribute
[36m(WorkerDict pid=3712768)[0m <frozen importlib._bootstrap>:241: DeprecationWarning: builtin type SwigPyObject has no __module__ attribute
[36m(WorkerDict pid=3712777)[0m <frozen importlib._bootstrap>:241: DeprecationWarning: builtin type SwigPyPacked has no __module__ attribute
[36m(WorkerDict pid=3712777)[0m <frozen importlib._bootstrap>:241: DeprecationWarning: builtin type SwigPyObject has no __module__ attribute
[36m(WorkerDict pid=3712773)[0m /workspace/cann-recipes-train/llm_rl/qwen3_shrink_aware/verl/utils/profiler/config.py:49: UserWarning: Torch profiler tool config is not fully supported now.
[36m(WorkerDict pid=3712773)[0m   warnings.warn("Torch profiler tool config is not fully supported now.", stacklevel=1)
[36m(WorkerDict pid=3712772)[0m /workspace/cann-recipes-train/llm_rl/qwen3_shrink_aware/verl/utils/profiler/config.py:49: UserWarning: Torch profiler tool config is not fully supported now.
[36m(WorkerDict pid=3712772)[0m   warnings.warn("Torch profiler tool config is not fully supported now.", stacklevel=1)
[36m(WorkerDict pid=3712765)[0m <frozen importlib._bootstrap>:241: DeprecationWarning: builtin type SwigPyPacked has no __module__ attribute
[36m(WorkerDict pid=3712765)[0m <frozen importlib._bootstrap>:241: DeprecationWarning: builtin type SwigPyObject has no __module__ attribute
[36m(WorkerDict pid=3712770)[0m <frozen importlib._bootstrap>:241: DeprecationWarning: builtin type SwigPyPacked has no __module__ attribute
[36m(WorkerDict pid=3712770)[0m <frozen importlib._bootstrap>:241: DeprecationWarning: builtin type SwigPyObject has no __module__ attribute
[36m(WorkerDict pid=3712774)[0m <frozen importlib._bootstrap>:241: DeprecationWarning: builtin type SwigPyPacked has no __module__ attribute
[36m(WorkerDict pid=3712774)[0m <frozen importlib._bootstrap>:241: DeprecationWarning: builtin type SwigPyObject has no __module__ attribute
[36m(WorkerDict pid=3712776)[0m <frozen importlib._bootstrap>:241: DeprecationWarning: builtin type SwigPyPacked has no __module__ attribute
[36m(WorkerDict pid=3712776)[0m <frozen importlib._bootstrap>:241: DeprecationWarning: builtin type SwigPyObject has no __module__ attribute
[36m(WorkerDict pid=3712772)[0m <frozen importlib._bootstrap>:241: DeprecationWarning: builtin type SwigPyPacked has no __module__ attribute
[36m(WorkerDict pid=3712772)[0m <frozen importlib._bootstrap>:241: DeprecationWarning: builtin type SwigPyObject has no __module__ attribute
[36m(WorkerDict pid=3712773)[0m <frozen importlib._bootstrap>:241: DeprecationWarning: builtin type SwigPyPacked has no __module__ attribute
[36m(WorkerDict pid=3712773)[0m <frozen importlib._bootstrap>:241: DeprecationWarning: builtin type SwigPyObject has no __module__ attribute
[36m(WorkerDict pid=3712765)[0m `torch_dtype` is deprecated! Use `dtype` instead!
[36m(WorkerDict pid=3712776)[0m `torch_dtype` is deprecated! Use `dtype` instead!
[36m(WorkerDict pid=3712766)[0m `torch_dtype` is deprecated! Use `dtype` instead!
[36m(WorkerDict pid=3712770)[0m `torch_dtype` is deprecated! Use `dtype` instead!
[36m(WorkerDict pid=3712768)[0m `torch_dtype` is deprecated! Use `dtype` instead!
[36m(WorkerDict pid=3712771)[0m `torch_dtype` is deprecated! Use `dtype` instead!
[36m(WorkerDict pid=3712772)[0m `torch_dtype` is deprecated! Use `dtype` instead!
[36m(WorkerDict pid=3712777)[0m `torch_dtype` is deprecated! Use `dtype` instead!
[36m(WorkerDict pid=3712769)[0m `torch_dtype` is deprecated! Use `dtype` instead!
[36m(WorkerDict pid=3712773)[0m `torch_dtype` is deprecated! Use `dtype` instead!
[36m(WorkerDict pid=3712778)[0m `torch_dtype` is deprecated! Use `dtype` instead!
[36m(WorkerDict pid=3712780)[0m `torch_dtype` is deprecated! Use `dtype` instead!
[36m(WorkerDict pid=3712767)[0m `torch_dtype` is deprecated! Use `dtype` instead!
[36m(WorkerDict pid=3712775)[0m `torch_dtype` is deprecated! Use `dtype` instead!
[36m(WorkerDict pid=3712779)[0m `torch_dtype` is deprecated! Use `dtype` instead!
[36m(WorkerDict pid=3712774)[0m `torch_dtype` is deprecated! Use `dtype` instead!
[36m(WorkerDict pid=3712771)[0m /workspace/cann-recipes-train/llm_rl/qwen3_shrink_aware/megatron/core/transformer/transformer_config.py:1065: UserWarning: Using a large number of experts (e.g. >=32) without fp32 routing. Consider enabling moe_router_dtype for better numerical stability.
[36m(WorkerDict pid=3712771)[0m   warnings.warn(
[36m(WorkerDict pid=3712766)[0m /workspace/cann-recipes-train/llm_rl/qwen3_shrink_aware/megatron/core/transformer/transformer_config.py:1065: UserWarning: Using a large number of experts (e.g. >=32) without fp32 routing. Consider enabling moe_router_dtype for better numerical stability.
[36m(WorkerDict pid=3712766)[0m   warnings.warn(
[36m(WorkerDict pid=3712777)[0m /workspace/cann-recipes-train/llm_rl/qwen3_shrink_aware/megatron/core/transformer/transformer_config.py:1065: UserWarning: Using a large number of experts (e.g. >=32) without fp32 routing. Consider enabling moe_router_dtype for better numerical stability.
[36m(WorkerDict pid=3712777)[0m   warnings.warn(
[36m(WorkerDict pid=3712767)[0m /workspace/cann-recipes-train/llm_rl/qwen3_shrink_aware/megatron/core/transformer/transformer_config.py:1065: UserWarning: Using a large number of experts (e.g. >=32) without fp32 routing. Consider enabling moe_router_dtype for better numerical stability.
[36m(WorkerDict pid=3712767)[0m   warnings.warn(
[36m(WorkerDict pid=3712775)[0m /workspace/cann-recipes-train/llm_rl/qwen3_shrink_aware/megatron/core/transformer/transformer_config.py:1065: UserWarning: Using a large number of experts (e.g. >=32) without fp32 routing. Consider enabling moe_router_dtype for better numerical stability.
[36m(WorkerDict pid=3712775)[0m   warnings.warn(
[36m(WorkerDict pid=3712770)[0m /workspace/cann-recipes-train/llm_rl/qwen3_shrink_aware/megatron/core/transformer/transformer_config.py:1065: UserWarning: Using a large number of experts (e.g. >=32) without fp32 routing. Consider enabling moe_router_dtype for better numerical stability.
[36m(WorkerDict pid=3712770)[0m   warnings.warn(
[36m(WorkerDict pid=3712769)[0m /workspace/cann-recipes-train/llm_rl/qwen3_shrink_aware/megatron/core/transformer/transformer_config.py:1065: UserWarning: Using a large number of experts (e.g. >=32) without fp32 routing. Consider enabling moe_router_dtype for better numerical stability.
[36m(WorkerDict pid=3712769)[0m   warnings.warn(
[36m(WorkerDict pid=3712779)[0m /workspace/cann-recipes-train/llm_rl/qwen3_shrink_aware/megatron/core/transformer/transformer_config.py:1065: UserWarning: Using a large number of experts (e.g. >=32) without fp32 routing. Consider enabling moe_router_dtype for better numerical stability.
[36m(WorkerDict pid=3712779)[0m   warnings.warn(
[36m(WorkerDict pid=3712773)[0m /workspace/cann-recipes-train/llm_rl/qwen3_shrink_aware/megatron/core/transformer/transformer_config.py:1065: UserWarning: Using a large number of experts (e.g. >=32) without fp32 routing. Consider enabling moe_router_dtype for better numerical stability.
[36m(WorkerDict pid=3712773)[0m   warnings.warn(
[36m(WorkerDict pid=3712776)[0m /workspace/cann-recipes-train/llm_rl/qwen3_shrink_aware/megatron/core/transformer/transformer_config.py:1065: UserWarning: Using a large number of experts (e.g. >=32) without fp32 routing. Consider enabling moe_router_dtype for better numerical stability.
[36m(WorkerDict pid=3712776)[0m   warnings.warn(
[36m(WorkerDict pid=3712780)[0m /workspace/cann-recipes-train/llm_rl/qwen3_shrink_aware/megatron/core/transformer/transformer_config.py:1065: UserWarning: Using a large number of experts (e.g. >=32) without fp32 routing. Consider enabling moe_router_dtype for better numerical stability.
[36m(WorkerDict pid=3712780)[0m   warnings.warn(
[36m(WorkerDict pid=3712768)[0m /workspace/cann-recipes-train/llm_rl/qwen3_shrink_aware/megatron/core/transformer/transformer_config.py:1065: UserWarning: Using a large number of experts (e.g. >=32) without fp32 routing. Consider enabling moe_router_dtype for better numerical stability.
[36m(WorkerDict pid=3712768)[0m   warnings.warn(
[36m(WorkerDict pid=3712772)[0m /workspace/cann-recipes-train/llm_rl/qwen3_shrink_aware/megatron/core/transformer/transformer_config.py:1065: UserWarning: Using a large number of experts (e.g. >=32) without fp32 routing. Consider enabling moe_router_dtype for better numerical stability.
[36m(WorkerDict pid=3712772)[0m   warnings.warn(
[36m(WorkerDict pid=3712778)[0m /workspace/cann-recipes-train/llm_rl/qwen3_shrink_aware/megatron/core/transformer/transformer_config.py:1065: UserWarning: Using a large number of experts (e.g. >=32) without fp32 routing. Consider enabling moe_router_dtype for better numerical stability.
[36m(WorkerDict pid=3712778)[0m   warnings.warn(
[36m(WorkerDict pid=3712774)[0m /workspace/cann-recipes-train/llm_rl/qwen3_shrink_aware/megatron/core/transformer/transformer_config.py:1065: UserWarning: Using a large number of experts (e.g. >=32) without fp32 routing. Consider enabling moe_router_dtype for better numerical stability.
[36m(WorkerDict pid=3712774)[0m   warnings.warn(
[36m(WorkerDict pid=3712765)[0m /workspace/cann-recipes-train/llm_rl/qwen3_shrink_aware/megatron/core/transformer/transformer_config.py:1065: UserWarning: Using a large number of experts (e.g. >=32) without fp32 routing. Consider enabling moe_router_dtype for better numerical stability.
[36m(WorkerDict pid=3712765)[0m   warnings.warn(
[36m(TaskRunner pid=3711274)[0m Training Progress:   0%|          | 0/5 [00:00<?, ?it/s]
[36m(WorkerDict pid=3712766)[0m Adding requests:   0%|          | 0/32 [00:00<?, ?it/s]Adding requests: 100%|██████████| 32/32 [00:00<00:00, 9259.59it/s]
[36m(WorkerDict pid=3712766)[0m Processed prompts:   0%|          | 0/32 [00:00<?, ?it/s, est. speed input: 0.00 toks/s, output: 0.00 toks/s]
[36m(WorkerDict pid=3712780)[0m Adding requests:   0%|          | 0/32 [00:00<?, ?it/s]Adding requests: 100%|██████████| 32/32 [00:00<00:00, 9482.00it/s]
[36m(WorkerDict pid=3712780)[0m Processed prompts:   0%|          | 0/32 [00:00<?, ?it/s, est. speed input: 0.00 toks/s, output: 0.00 toks/s]
[36m(WorkerDict pid=3712775)[0m Adding requests:   0%|          | 0/32 [00:00<?, ?it/s]Adding requests: 100%|██████████| 32/32 [00:00<00:00, 9380.61it/s]
[36m(WorkerDict pid=3712775)[0m Processed prompts:   0%|          | 0/32 [00:00<?, ?it/s, est. speed input: 0.00 toks/s, output: 0.00 toks/s]
[36m(WorkerDict pid=3712770)[0m Adding requests:   0%|          | 0/32 [00:00<?, ?it/s]Adding requests: 100%|██████████| 32/32 [00:00<00:00, 9131.08it/s]
[36m(WorkerDict pid=3712770)[0m Processed prompts:   0%|          | 0/32 [00:00<?, ?it/s, est. speed input: 0.00 toks/s, output: 0.00 toks/s]
[36m(WorkerDict pid=3712777)[0m Adding requests:   0%|          | 0/32 [00:00<?, ?it/s]Adding requests: 100%|██████████| 32/32 [00:00<00:00, 9524.39it/s]
[36m(WorkerDict pid=3712777)[0m Processed prompts:   0%|          | 0/32 [00:00<?, ?it/s, est. speed input: 0.00 toks/s, output: 0.00 toks/s]
[36m(WorkerDict pid=3712771)[0m Adding requests:   0%|          | 0/32 [00:00<?, ?it/s]Adding requests: 100%|██████████| 32/32 [00:00<00:00, 8294.26it/s]
[36m(WorkerDict pid=3712771)[0m Processed prompts:   0%|          | 0/32 [00:00<?, ?it/s, est. speed input: 0.00 toks/s, output: 0.00 toks/s]
[36m(WorkerDict pid=3712776)[0m Adding requests:   0%|          | 0/32 [00:00<?, ?it/s]Adding requests: 100%|██████████| 32/32 [00:00<00:00, 9507.52it/s]
[36m(WorkerDict pid=3712776)[0m Processed prompts:   0%|          | 0/32 [00:00<?, ?it/s, est. speed input: 0.00 toks/s, output: 0.00 toks/s]
[36m(WorkerDict pid=3712769)[0m Adding requests:   0%|          | 0/32 [00:00<?, ?it/s]Adding requests: 100%|██████████| 32/32 [00:00<00:00, 9741.45it/s]
[36m(WorkerDict pid=3712769)[0m Processed prompts:   0%|          | 0/32 [00:00<?, ?it/s, est. speed input: 0.00 toks/s, output: 0.00 toks/s]
[36m(WorkerDict pid=3712773)[0m Adding requests:   0%|          | 0/32 [00:00<?, ?it/s]Adding requests: 100%|██████████| 32/32 [00:00<00:00, 8669.84it/s]
[36m(WorkerDict pid=3712773)[0m Processed prompts:   0%|          | 0/32 [00:00<?, ?it/s, est. speed input: 0.00 toks/s, output: 0.00 toks/s]
[36m(WorkerDict pid=3712779)[0m Adding requests:   0%|          | 0/32 [00:00<?, ?it/s]Adding requests: 100%|██████████| 32/32 [00:00<00:00, 9587.67it/s]
[36m(WorkerDict pid=3712779)[0m Processed prompts:   0%|          | 0/32 [00:00<?, ?it/s, est. speed input: 0.00 toks/s, output: 0.00 toks/s]
[36m(WorkerDict pid=3712778)[0m Adding requests:   0%|          | 0/32 [00:00<?, ?it/s]Adding requests: 100%|██████████| 32/32 [00:00<00:00, 9571.26it/s]
[36m(WorkerDict pid=3712778)[0m Processed prompts:   0%|          | 0/32 [00:00<?, ?it/s, est. speed input: 0.00 toks/s, output: 0.00 toks/s]
[36m(WorkerDict pid=3712768)[0m Adding requests:   0%|          | 0/32 [00:00<?, ?it/s]Adding requests: 100%|██████████| 32/32 [00:00<00:00, 9351.85it/s]
[36m(WorkerDict pid=3712768)[0m Processed prompts:   0%|          | 0/32 [00:00<?, ?it/s, est. speed input: 0.00 toks/s, output: 0.00 toks/s]
[36m(WorkerDict pid=3712767)[0m Adding requests:   0%|          | 0/32 [00:00<?, ?it/s]Adding requests: 100%|██████████| 32/32 [00:00<00:00, 9628.94it/s]
[36m(WorkerDict pid=3712767)[0m Processed prompts:   0%|          | 0/32 [00:00<?, ?it/s, est. speed input: 0.00 toks/s, output: 0.00 toks/s]
[36m(WorkerDict pid=3712774)[0m Adding requests:   0%|          | 0/32 [00:00<?, ?it/s]Adding requests: 100%|██████████| 32/32 [00:00<00:00, 9115.58it/s]
[36m(WorkerDict pid=3712774)[0m Processed prompts:   0%|          | 0/32 [00:00<?, ?it/s, est. speed input: 0.00 toks/s, output: 0.00 toks/s]
[36m(WorkerDict pid=3712772)[0m Adding requests:   0%|          | 0/32 [00:00<?, ?it/s]
[36m(WorkerDict pid=3712772)[0m Adding requests: 100%|██████████| 32/32 [00:00<00:00, 8915.75it/s]
[36m(WorkerDict pid=3712772)[0m Processed prompts:   0%|          | 0/32 [00:00<?, ?it/s, est. speed input: 0.00 toks/s, output: 0.00 toks/s]
[36m(WorkerDict pid=3712765)[0m Adding requests:   0%|          | 0/32 [00:00<?, ?it/s]Adding requests: 100%|██████████| 32/32 [00:00<00:00, 9792.63it/s]
[36m(WorkerDict pid=3712765)[0m Processed prompts:   0%|          | 0/32 [00:00<?, ?it/s, est. speed input: 0.00 toks/s, output: 0.00 toks/s]
[36m(WorkerDict pid=3712765)[0m [rank0]:E0617 13:13:15.916000 3712765 site-packages/torch/_dynamo/metrics_context.py:105] [0/0] Unexpected exception logging compilation metrics
[36m(WorkerDict pid=3712765)[0m [rank0]:E0617 13:13:15.916000 3712765 site-packages/torch/_dynamo/metrics_context.py:105] [0/0] Traceback (most recent call last):
[36m(WorkerDict pid=3712765)[0m [rank0]:E0617 13:13:15.916000 3712765 site-packages/torch/_dynamo/metrics_context.py:105] [0/0]   File "/usr/local/python3.11.14/lib/python3.11/site-packages/torch/_dynamo/metrics_context.py", line 101, in __exit__
[36m(WorkerDict pid=3712765)[0m [rank0]:E0617 13:13:15.916000 3712765 site-packages/torch/_dynamo/metrics_context.py:105] [0/0]     self._on_exit(
[36m(WorkerDict pid=3712765)[0m [rank0]:E0617 13:13:15.916000 3712765 site-packages/torch/_dynamo/metrics_context.py:105] [0/0]   File "/usr/local/python3.11.14/lib/python3.11/site-packages/torch/_dynamo/utils.py", line 1632, in record_compilation_metrics
[36m(WorkerDict pid=3712765)[0m [rank0]:E0617 13:13:15.916000 3712765 site-packages/torch/_dynamo/metrics_context.py:105] [0/0]     "triton_version": triton.__version__ if has_triton() else "",
[36m(WorkerDict pid=3712765)[0m [rank0]:E0617 13:13:15.916000 3712765 site-packages/torch/_dynamo/metrics_context.py:105] [0/0]                                             ^^^^^^^^^^^^
[36m(WorkerDict pid=3712765)[0m [rank0]:E0617 13:13:15.916000 3712765 site-packages/torch/_dynamo/metrics_context.py:105] [0/0]   File "/usr/local/python3.11.14/lib/python3.11/site-packages/torch/utils/_triton.py", line 159, in has_triton
[36m(WorkerDict pid=3712765)[0m [rank0]:E0617 13:13:15.916000 3712765 site-packages/torch/_dynamo/metrics_context.py:105] [0/0]     return is_device_compatible_with_triton()
[36m(WorkerDict pid=3712765)[0m [rank0]:E0617 13:13:15.916000 3712765 site-packages/torch/_dynamo/metrics_context.py:105] [0/0]            ^^^^^^^^^^^^^^^^^^^^^^^^^^^^^^^^^^
[36m(WorkerDict pid=3712765)[0m [rank0]:E0617 13:13:15.916000 3712765 site-packages/torch/_dynamo/metrics_context.py:105] [0/0]   File "/usr/local/python3.11.14/lib/python3.11/site-packages/torch/utils/_triton.py", line 155, in is_device_compatible_with_triton
[36m(WorkerDict pid=3712765)[0m [rank0]:E0617 13:13:15.916000 3712765 site-packages/torch/_dynamo/metrics_context.py:105] [0/0]     if device_interface.is_available() and extra_check(device_interface):
[36m(WorkerDict pid=3712765)[0m [rank0]:E0617 13:13:15.916000 3712765 site-packages/torch/_dynamo/metrics_context.py:105] [0/0]                                            ^^^^^^^^^^^^^^^^^^^^^^^^^^^^^
[36m(WorkerDict pid=3712765)[0m [rank0]:E0617 13:13:15.916000 3712765 site-packages/torch/_dynamo/metrics_context.py:105] [0/0]   File "/usr/local/python3.11.14/lib/python3.11/site-packages/torch/utils/_triton.py", line 135, in cuda_extra_check
[36m(WorkerDict pid=3712765)[0m [rank0]:E0617 13:13:15.916000 3712765 site-packages/torch/_dynamo/metrics_context.py:105] [0/0]     return device_interface.Worker.get_device_properties().major >= 7
[36m(WorkerDict pid=3712765)[0m [rank0]:E0617 13:13:15.916000 3712765 site-packages/torch/_dynamo/metrics_context.py:105] [0/0]            ^^^^^^^^^^^^^^^^^^^^^^^^^^^^^^^^^^^^^^^^^^^^^^^^^^^^^^^^^^
[36m(WorkerDict pid=3712765)[0m [rank0]:E0617 13:13:15.916000 3712765 site-packages/torch/_dynamo/metrics_context.py:105] [0/0] TypeError: '>=' not supported between instances of 'NoneType' and 'int'
[36m(WorkerDict pid=3712769)[0m [rank4]:E0617 13:13:15.989000 3712769 site-packages/torch/_dynamo/metrics_context.py:105] [0/0] Unexpected exception logging compilation metrics
[36m(WorkerDict pid=3712769)[0m [rank4]:E0617 13:13:15.989000 3712769 site-packages/torch/_dynamo/metrics_context.py:105] [0/0] Traceback (most recent call last):
[36m(WorkerDict pid=3712769)[0m [rank4]:E0617 13:13:15.989000 3712769 site-packages/torch/_dynamo/metrics_context.py:105] [0/0]   File "/usr/local/python3.11.14/lib/python3.11/site-packages/torch/_dynamo/metrics_context.py", line 101, in __exit__
[36m(WorkerDict pid=3712769)[0m [rank4]:E0617 13:13:15.989000 3712769 site-packages/torch/_dynamo/metrics_context.py:105] [0/0]     self._on_exit(
[36m(WorkerDict pid=3712769)[0m [rank4]:E0617 13:13:15.989000 3712769 site-packages/torch/_dynamo/metrics_context.py:105] [0/0]   File "/usr/local/python3.11.14/lib/python3.11/site-packages/torch/_dynamo/utils.py", line 1632, in record_compilation_metrics
[36m(WorkerDict pid=3712769)[0m [rank4]:E0617 13:13:15.989000 3712769 site-packages/torch/_dynamo/metrics_context.py:105] [0/0]     "triton_version": triton.__version__ if has_triton() else "",
[36m(WorkerDict pid=3712769)[0m [rank4]:E0617 13:13:15.989000 3712769 site-packages/torch/_dynamo/metrics_context.py:105] [0/0]                                             ^^^^^^^^^^^^
[36m(WorkerDict pid=3712769)[0m [rank4]:E0617 13:13:15.989000 3712769 site-packages/torch/_dynamo/metrics_context.py:105] [0/0]   File "/usr/local/python3.11.14/lib/python3.11/site-packages/torch/utils/_triton.py", line 159, in has_triton
[36m(WorkerDict pid=3712769)[0m [rank4]:E0617 13:13:15.989000 3712769 site-packages/torch/_dynamo/metrics_context.py:105] [0/0]     return is_device_compatible_with_triton()
[36m(WorkerDict pid=3712769)[0m [rank4]:E0617 13:13:15.989000 3712769 site-packages/torch/_dynamo/metrics_context.py:105] [0/0]            ^^^^^^^^^^^^^^^^^^^^^^^^^^^^^^^^^^
[36m(WorkerDict pid=3712769)[0m [rank4]:E0617 13:13:15.989000 3712769 site-packages/torch/_dynamo/metrics_context.py:105] [0/0]   File "/usr/local/python3.11.14/lib/python3.11/site-packages/torch/utils/_triton.py", line 155, in is_device_compatible_with_triton
[36m(WorkerDict pid=3712769)[0m [rank4]:E0617 13:13:15.989000 3712769 site-packages/torch/_dynamo/metrics_context.py:105] [0/0]     if device_interface.is_available() and extra_check(device_interface):
[36m(WorkerDict pid=3712769)[0m [rank4]:E0617 13:13:15.989000 3712769 site-packages/torch/_dynamo/metrics_context.py:105] [0/0]                                            ^^^^^^^^^^^^^^^^^^^^^^^^^^^^^
[36m(WorkerDict pid=3712769)[0m [rank4]:E0617 13:13:15.989000 3712769 site-packages/torch/_dynamo/metrics_context.py:105] [0/0]   File "/usr/local/python3.11.14/lib/python3.11/site-packages/torch/utils/_triton.py", line 135, in cuda_extra_check
[36m(WorkerDict pid=3712769)[0m [rank4]:E0617 13:13:15.989000 3712769 site-packages/torch/_dynamo/metrics_context.py:105] [0/0]     return device_interface.Worker.get_device_properties().major >= 7
[36m(WorkerDict pid=3712769)[0m [rank4]:E0617 13:13:15.989000 3712769 site-packages/torch/_dynamo/metrics_context.py:105] [0/0]            ^^^^^^^^^^^^^^^^^^^^^^^^^^^^^^^^^^^^^^^^^^^^^^^^^^^^^^^^^^
[36m(WorkerDict pid=3712769)[0m [rank4]:E0617 13:13:15.989000 3712769 site-packages/torch/_dynamo/metrics_context.py:105] [0/0] TypeError: '>=' not supported between instances of 'NoneType' and 'int'
[36m(WorkerDict pid=3712776)[0m [rank11]:E0617 13:13:16.054000 3712776 site-packages/torch/_dynamo/metrics_context.py:105] [0/0] Unexpected exception logging compilation metrics
[36m(WorkerDict pid=3712776)[0m [rank11]:E0617 13:13:16.054000 3712776 site-packages/torch/_dynamo/metrics_context.py:105] [0/0] Traceback (most recent call last):
[36m(WorkerDict pid=3712776)[0m [rank11]:E0617 13:13:16.054000 3712776 site-packages/torch/_dynamo/metrics_context.py:105] [0/0]   File "/usr/local/python3.11.14/lib/python3.11/site-packages/torch/_dynamo/metrics_context.py", line 101, in __exit__
[36m(WorkerDict pid=3712776)[0m [rank11]:E0617 13:13:16.054000 3712776 site-packages/torch/_dynamo/metrics_context.py:105] [0/0]     self._on_exit(
[36m(WorkerDict pid=3712776)[0m [rank11]:E0617 13:13:16.054000 3712776 site-packages/torch/_dynamo/metrics_context.py:105] [0/0]   File "/usr/local/python3.11.14/lib/python3.11/site-packages/torch/_dynamo/utils.py", line 1632, in record_compilation_metrics
[36m(WorkerDict pid=3712776)[0m [rank11]:E0617 13:13:16.054000 3712776 site-packages/torch/_dynamo/metrics_context.py:105] [0/0]     "triton_version": triton.__version__ if has_triton() else "",
[36m(WorkerDict pid=3712776)[0m [rank11]:E0617 13:13:16.054000 3712776 site-packages/torch/_dynamo/metrics_context.py:105] [0/0]                                             ^^^^^^^^^^^^
[36m(WorkerDict pid=3712776)[0m [rank11]:E0617 13:13:16.054000 3712776 site-packages/torch/_dynamo/metrics_context.py:105] [0/0]   File "/usr/local/python3.11.14/lib/python3.11/site-packages/torch/utils/_triton.py", line 159, in has_triton
[36m(WorkerDict pid=3712776)[0m [rank11]:E0617 13:13:16.054000 3712776 site-packages/torch/_dynamo/metrics_context.py:105] [0/0]     return is_device_compatible_with_triton()
[36m(WorkerDict pid=3712776)[0m [rank11]:E0617 13:13:16.054000 3712776 site-packages/torch/_dynamo/metrics_context.py:105] [0/0]            ^^^^^^^^^^^^^^^^^^^^^^^^^^^^^^^^^^
[36m(WorkerDict pid=3712776)[0m [rank11]:E0617 13:13:16.054000 3712776 site-packages/torch/_dynamo/metrics_context.py:105] [0/0]   File "/usr/local/python3.11.14/lib/python3.11/site-packages/torch/utils/_triton.py", line 155, in is_device_compatible_with_triton
[36m(WorkerDict pid=3712776)[0m [rank11]:E0617 13:13:16.054000 3712776 site-packages/torch/_dynamo/metrics_context.py:105] [0/0]     if device_interface.is_available() and extra_check(device_interface):
[36m(WorkerDict pid=3712776)[0m [rank11]:E0617 13:13:16.054000 3712776 site-packages/torch/_dynamo/metrics_context.py:105] [0/0]                                            ^^^^^^^^^^^^^^^^^^^^^^^^^^^^^
[36m(WorkerDict pid=3712776)[0m [rank11]:E0617 13:13:16.054000 3712776 site-packages/torch/_dynamo/metrics_context.py:105] [0/0]   File "/usr/local/python3.11.14/lib/python3.11/site-packages/torch/utils/_triton.py", line 135, in cuda_extra_check
[36m(WorkerDict pid=3712776)[0m [rank11]:E0617 13:13:16.054000 3712776 site-packages/torch/_dynamo/metrics_context.py:105] [0/0]     return device_interface.Worker.get_device_properties().major >= 7
[36m(WorkerDict pid=3712776)[0m [rank11]:E0617 13:13:16.054000 3712776 site-packages/torch/_dynamo/metrics_context.py:105] [0/0]            ^^^^^^^^^^^^^^^^^^^^^^^^^^^^^^^^^^^^^^^^^^^^^^^^^^^^^^^^^^
[36m(WorkerDict pid=3712776)[0m [rank11]:E0617 13:13:16.054000 3712776 site-packages/torch/_dynamo/metrics_context.py:105] [0/0] TypeError: '>=' not supported between instances of 'NoneType' and 'int'
[36m(WorkerDict pid=3712766)[0m [rank1]:E0617 13:13:16.074000 3712766 site-packages/torch/_dynamo/metrics_context.py:105] [0/0] Unexpected exception logging compilation metrics
[36m(WorkerDict pid=3712766)[0m [rank1]:E0617 13:13:16.074000 3712766 site-packages/torch/_dynamo/metrics_context.py:105] [0/0] Traceback (most recent call last):
[36m(WorkerDict pid=3712766)[0m [rank1]:E0617 13:13:16.074000 3712766 site-packages/torch/_dynamo/metrics_context.py:105] [0/0]   File "/usr/local/python3.11.14/lib/python3.11/site-packages/torch/_dynamo/metrics_context.py", line 101, in __exit__
[36m(WorkerDict pid=3712766)[0m [rank1]:E0617 13:13:16.074000 3712766 site-packages/torch/_dynamo/metrics_context.py:105] [0/0]     self._on_exit(
[36m(WorkerDict pid=3712766)[0m [rank1]:E0617 13:13:16.074000 3712766 site-packages/torch/_dynamo/metrics_context.py:105] [0/0]   File "/usr/local/python3.11.14/lib/python3.11/site-packages/torch/_dynamo/utils.py", line 1632, in record_compilation_metrics
[36m(WorkerDict pid=3712766)[0m [rank1]:E0617 13:13:16.074000 3712766 site-packages/torch/_dynamo/metrics_context.py:105] [0/0]     "triton_version": triton.__version__ if has_triton() else "",
[36m(WorkerDict pid=3712766)[0m [rank1]:E0617 13:13:16.074000 3712766 site-packages/torch/_dynamo/metrics_context.py:105] [0/0]                                             ^^^^^^^^^^^^
[36m(WorkerDict pid=3712766)[0m [rank1]:E0617 13:13:16.074000 3712766 site-packages/torch/_dynamo/metrics_context.py:105] [0/0]   File "/usr/local/python3.11.14/lib/python3.11/site-packages/torch/utils/_triton.py", line 159, in has_triton
[36m(WorkerDict pid=3712766)[0m [rank1]:E0617 13:13:16.074000 3712766 site-packages/torch/_dynamo/metrics_context.py:105] [0/0]     return is_device_compatible_with_triton()
[36m(WorkerDict pid=3712766)[0m [rank1]:E0617 13:13:16.074000 3712766 site-packages/torch/_dynamo/metrics_context.py:105] [0/0]            ^^^^^^^^^^^^^^^^^^^^^^^^^^^^^^^^^^
[36m(WorkerDict pid=3712766)[0m [rank1]:E0617 13:13:16.074000 3712766 site-packages/torch/_dynamo/metrics_context.py:105] [0/0]   File "/usr/local/python3.11.14/lib/python3.11/site-packages/torch/utils/_triton.py", line 155, in is_device_compatible_with_triton
[36m(WorkerDict pid=3712766)[0m [rank1]:E0617 13:13:16.074000 3712766 site-packages/torch/_dynamo/metrics_context.py:105] [0/0]     if device_interface.is_available() and extra_check(device_interface):
[36m(WorkerDict pid=3712766)[0m [rank1]:E0617 13:13:16.074000 3712766 site-packages/torch/_dynamo/metrics_context.py:105] [0/0]                                            ^^^^^^^^^^^^^^^^^^^^^^^^^^^^^
[36m(WorkerDict pid=3712766)[0m [rank1]:E0617 13:13:16.074000 3712766 site-packages/torch/_dynamo/metrics_context.py:105] [0/0]   File "/usr/local/python3.11.14/lib/python3.11/site-packages/torch/utils/_triton.py", line 135, in cuda_extra_check
[36m(WorkerDict pid=3712766)[0m [rank1]:E0617 13:13:16.074000 3712766 site-packages/torch/_dynamo/metrics_context.py:105] [0/0]     return device_interface.Worker.get_device_properties().major >= 7
[36m(WorkerDict pid=3712766)[0m [rank1]:E0617 13:13:16.074000 3712766 site-packages/torch/_dynamo/metrics_context.py:105] [0/0]            ^^^^^^^^^^^^^^^^^^^^^^^^^^^^^^^^^^^^^^^^^^^^^^^^^^^^^^^^^^
[36m(WorkerDict pid=3712766)[0m [rank1]:E0617 13:13:16.074000 3712766 site-packages/torch/_dynamo/metrics_context.py:105] [0/0] TypeError: '>=' not supported between instances of 'NoneType' and 'int'
[36m(WorkerDict pid=3712770)[0m [rank5]:E0617 13:13:16.038000 3712770 site-packages/torch/_dynamo/metrics_context.py:105] [0/0] Unexpected exception logging compilation metrics
[36m(WorkerDict pid=3712770)[0m [rank5]:E0617 13:13:16.038000 3712770 site-packages/torch/_dynamo/metrics_context.py:105] [0/0] Traceback (most recent call last):
[36m(WorkerDict pid=3712770)[0m [rank5]:E0617 13:13:16.038000 3712770 site-packages/torch/_dynamo/metrics_context.py:105] [0/0]   File "/usr/local/python3.11.14/lib/python3.11/site-packages/torch/_dynamo/metrics_context.py", line 101, in __exit__
[36m(WorkerDict pid=3712770)[0m [rank5]:E0617 13:13:16.038000 3712770 site-packages/torch/_dynamo/metrics_context.py:105] [0/0]     self._on_exit(
[36m(WorkerDict pid=3712770)[0m [rank5]:E0617 13:13:16.038000 3712770 site-packages/torch/_dynamo/metrics_context.py:105] [0/0]   File "/usr/local/python3.11.14/lib/python3.11/site-packages/torch/_dynamo/utils.py", line 1632, in record_compilation_metrics
[36m(WorkerDict pid=3712770)[0m [rank5]:E0617 13:13:16.038000 3712770 site-packages/torch/_dynamo/metrics_context.py:105] [0/0]     "triton_version": triton.__version__ if has_triton() else "",
[36m(WorkerDict pid=3712770)[0m [rank5]:E0617 13:13:16.038000 3712770 site-packages/torch/_dynamo/metrics_context.py:105] [0/0]                                             ^^^^^^^^^^^^
[36m(WorkerDict pid=3712770)[0m [rank5]:E0617 13:13:16.038000 3712770 site-packages/torch/_dynamo/metrics_context.py:105] [0/0]   File "/usr/local/python3.11.14/lib/python3.11/site-packages/torch/utils/_triton.py", line 159, in has_triton
[36m(WorkerDict pid=3712770)[0m [rank5]:E0617 13:13:16.038000 3712770 site-packages/torch/_dynamo/metrics_context.py:105] [0/0]     return is_device_compatible_with_triton()
[36m(WorkerDict pid=3712770)[0m [rank5]:E0617 13:13:16.038000 3712770 site-packages/torch/_dynamo/metrics_context.py:105] [0/0]            ^^^^^^^^^^^^^^^^^^^^^^^^^^^^^^^^^^
[36m(WorkerDict pid=3712770)[0m [rank5]:E0617 13:13:16.038000 3712770 site-packages/torch/_dynamo/metrics_context.py:105] [0/0]   File "/usr/local/python3.11.14/lib/python3.11/site-packages/torch/utils/_triton.py", line 155, in is_device_compatible_with_triton
[36m(WorkerDict pid=3712770)[0m [rank5]:E0617 13:13:16.038000 3712770 site-packages/torch/_dynamo/metrics_context.py:105] [0/0]     if device_interface.is_available() and extra_check(device_interface):
[36m(WorkerDict pid=3712770)[0m [rank5]:E0617 13:13:16.038000 3712770 site-packages/torch/_dynamo/metrics_context.py:105] [0/0]                                            ^^^^^^^^^^^^^^^^^^^^^^^^^^^^^
[36m(WorkerDict pid=3712770)[0m [rank5]:E0617 13:13:16.038000 3712770 site-packages/torch/_dynamo/metrics_context.py:105] [0/0]   File "/usr/local/python3.11.14/lib/python3.11/site-packages/torch/utils/_triton.py", line 135, in cuda_extra_check
[36m(WorkerDict pid=3712770)[0m [rank5]:E0617 13:13:16.038000 3712770 site-packages/torch/_dynamo/metrics_context.py:105] [0/0]     return device_interface.Worker.get_device_properties().major >= 7
[36m(WorkerDict pid=3712770)[0m [rank5]:E0617 13:13:16.038000 3712770 site-packages/torch/_dynamo/metrics_context.py:105] [0/0]            ^^^^^^^^^^^^^^^^^^^^^^^^^^^^^^^^^^^^^^^^^^^^^^^^^^^^^^^^^^
[36m(WorkerDict pid=3712770)[0m [rank5]:E0617 13:13:16.038000 3712770 site-packages/torch/_dynamo/metrics_context.py:105] [0/0] TypeError: '>=' not supported between instances of 'NoneType' and 'int'
[36m(WorkerDict pid=3712768)[0m [rank3]:E0617 13:13:16.070000 3712768 site-packages/torch/_dynamo/metrics_context.py:105] [0/0] Unexpected exception logging compilation metrics
[36m(WorkerDict pid=3712768)[0m [rank3]:E0617 13:13:16.070000 3712768 site-packages/torch/_dynamo/metrics_context.py:105] [0/0] Traceback (most recent call last):
[36m(WorkerDict pid=3712768)[0m [rank3]:E0617 13:13:16.070000 3712768 site-packages/torch/_dynamo/metrics_context.py:105] [0/0]   File "/usr/local/python3.11.14/lib/python3.11/site-packages/torch/_dynamo/metrics_context.py", line 101, in __exit__
[36m(WorkerDict pid=3712768)[0m [rank3]:E0617 13:13:16.070000 3712768 site-packages/torch/_dynamo/metrics_context.py:105] [0/0]     self._on_exit(
[36m(WorkerDict pid=3712768)[0m [rank3]:E0617 13:13:16.070000 3712768 site-packages/torch/_dynamo/metrics_context.py:105] [0/0]   File "/usr/local/python3.11.14/lib/python3.11/site-packages/torch/_dynamo/utils.py", line 1632, in record_compilation_metrics
[36m(WorkerDict pid=3712768)[0m [rank3]:E0617 13:13:16.070000 3712768 site-packages/torch/_dynamo/metrics_context.py:105] [0/0]     "triton_version": triton.__version__ if has_triton() else "",
[36m(WorkerDict pid=3712768)[0m [rank3]:E0617 13:13:16.070000 3712768 site-packages/torch/_dynamo/metrics_context.py:105] [0/0]                                             ^^^^^^^^^^^^
[36m(WorkerDict pid=3712768)[0m [rank3]:E0617 13:13:16.070000 3712768 site-packages/torch/_dynamo/metrics_context.py:105] [0/0]   File "/usr/local/python3.11.14/lib/python3.11/site-packages/torch/utils/_triton.py", line 159, in has_triton
[36m(WorkerDict pid=3712768)[0m [rank3]:E0617 13:13:16.070000 3712768 site-packages/torch/_dynamo/metrics_context.py:105] [0/0]     return is_device_compatible_with_triton()
[36m(WorkerDict pid=3712768)[0m [rank3]:E0617 13:13:16.070000 3712768 site-packages/torch/_dynamo/metrics_context.py:105] [0/0]            ^^^^^^^^^^^^^^^^^^^^^^^^^^^^^^^^^^
[36m(WorkerDict pid=3712768)[0m [rank3]:E0617 13:13:16.070000 3712768 site-packages/torch/_dynamo/metrics_context.py:105] [0/0]   File "/usr/local/python3.11.14/lib/python3.11/site-packages/torch/utils/_triton.py", line 155, in is_device_compatible_with_triton
[36m(WorkerDict pid=3712768)[0m [rank3]:E0617 13:13:16.070000 3712768 site-packages/torch/_dynamo/metrics_context.py:105] [0/0]     if device_interface.is_available() and extra_check(device_interface):
[36m(WorkerDict pid=3712768)[0m [rank3]:E0617 13:13:16.070000 3712768 site-packages/torch/_dynamo/metrics_context.py:105] [0/0]                                            ^^^^^^^^^^^^^^^^^^^^^^^^^^^^^
[36m(WorkerDict pid=3712768)[0m [rank3]:E0617 13:13:16.070000 3712768 site-packages/torch/_dynamo/metrics_context.py:105] [0/0]   File "/usr/local/python3.11.14/lib/python3.11/site-packages/torch/utils/_triton.py", line 135, in cuda_extra_check
[36m(WorkerDict pid=3712768)[0m [rank3]:E0617 13:13:16.070000 3712768 site-packages/torch/_dynamo/metrics_context.py:105] [0/0]     return device_interface.Worker.get_device_properties().major >= 7
[36m(WorkerDict pid=3712768)[0m [rank3]:E0617 13:13:16.070000 3712768 site-packages/torch/_dynamo/metrics_context.py:105] [0/0]            ^^^^^^^^^^^^^^^^^^^^^^^^^^^^^^^^^^^^^^^^^^^^^^^^^^^^^^^^^^
[36m(WorkerDict pid=3712768)[0m [rank3]:E0617 13:13:16.070000 3712768 site-packages/torch/_dynamo/metrics_context.py:105] [0/0] TypeError: '>=' not supported between instances of 'NoneType' and 'int'
[36m(WorkerDict pid=3712774)[0m [rank9]:E0617 13:13:16.058000 3712774 site-packages/torch/_dynamo/metrics_context.py:105] [0/0] Unexpected exception logging compilation metrics
[36m(WorkerDict pid=3712774)[0m [rank9]:E0617 13:13:16.058000 3712774 site-packages/torch/_dynamo/metrics_context.py:105] [0/0] Traceback (most recent call last):
[36m(WorkerDict pid=3712774)[0m [rank9]:E0617 13:13:16.058000 3712774 site-packages/torch/_dynamo/metrics_context.py:105] [0/0]   File "/usr/local/python3.11.14/lib/python3.11/site-packages/torch/_dynamo/metrics_context.py", line 101, in __exit__
[36m(WorkerDict pid=3712774)[0m [rank9]:E0617 13:13:16.058000 3712774 site-packages/torch/_dynamo/metrics_context.py:105] [0/0]     self._on_exit(
[36m(WorkerDict pid=3712774)[0m [rank9]:E0617 13:13:16.058000 3712774 site-packages/torch/_dynamo/metrics_context.py:105] [0/0]   File "/usr/local/python3.11.14/lib/python3.11/site-packages/torch/_dynamo/utils.py", line 1632, in record_compilation_metrics
[36m(WorkerDict pid=3712774)[0m [rank9]:E0617 13:13:16.058000 3712774 site-packages/torch/_dynamo/metrics_context.py:105] [0/0]     "triton_version": triton.__version__ if has_triton() else "",
[36m(WorkerDict pid=3712774)[0m [rank9]:E0617 13:13:16.058000 3712774 site-packages/torch/_dynamo/metrics_context.py:105] [0/0]                                             ^^^^^^^^^^^^
[36m(WorkerDict pid=3712774)[0m [rank9]:E0617 13:13:16.058000 3712774 site-packages/torch/_dynamo/metrics_context.py:105] [0/0]   File "/usr/local/python3.11.14/lib/python3.11/site-packages/torch/utils/_triton.py", line 159, in has_triton
[36m(WorkerDict pid=3712774)[0m [rank9]:E0617 13:13:16.058000 3712774 site-packages/torch/_dynamo/metrics_context.py:105] [0/0]     return is_device_compatible_with_triton()
[36m(WorkerDict pid=3712774)[0m [rank9]:E0617 13:13:16.058000 3712774 site-packages/torch/_dynamo/metrics_context.py:105] [0/0]            ^^^^^^^^^^^^^^^^^^^^^^^^^^^^^^^^^^
[36m(WorkerDict pid=3712774)[0m [rank9]:E0617 13:13:16.058000 3712774 site-packages/torch/_dynamo/metrics_context.py:105] [0/0]   File "/usr/local/python3.11.14/lib/python3.11/site-packages/torch/utils/_triton.py", line 155, in is_device_compatible_with_triton
[36m(WorkerDict pid=3712774)[0m [rank9]:E0617 13:13:16.058000 3712774 site-packages/torch/_dynamo/metrics_context.py:105] [0/0]     if device_interface.is_available() and extra_check(device_interface):
[36m(WorkerDict pid=3712774)[0m [rank9]:E0617 13:13:16.058000 3712774 site-packages/torch/_dynamo/metrics_context.py:105] [0/0]                                            ^^^^^^^^^^^^^^^^^^^^^^^^^^^^^
[36m(WorkerDict pid=3712774)[0m [rank9]:E0617 13:13:16.058000 3712774 site-packages/torch/_dynamo/metrics_context.py:105] [0/0]   File "/usr/local/python3.11.14/lib/python3.11/site-packages/torch/utils/_triton.py", line 135, in cuda_extra_check
[36m(WorkerDict pid=3712774)[0m [rank9]:E0617 13:13:16.058000 3712774 site-packages/torch/_dynamo/metrics_context.py:105] [0/0]     return device_interface.Worker.get_device_properties().major >= 7
[36m(WorkerDict pid=3712774)[0m [rank9]:E0617 13:13:16.058000 3712774 site-packages/torch/_dynamo/metrics_context.py:105] [0/0]            ^^^^^^^^^^^^^^^^^^^^^^^^^^^^^^^^^^^^^^^^^^^^^^^^^^^^^^^^^^
[36m(WorkerDict pid=3712774)[0m [rank9]:E0617 13:13:16.058000 3712774 site-packages/torch/_dynamo/metrics_context.py:105] [0/0] TypeError: '>=' not supported between instances of 'NoneType' and 'int'
[36m(WorkerDict pid=3712771)[0m [rank6]:E0617 13:13:16.079000 3712771 site-packages/torch/_dynamo/metrics_context.py:105] [0/0] Unexpected exception logging compilation metrics
[36m(WorkerDict pid=3712771)[0m [rank6]:E0617 13:13:16.079000 3712771 site-packages/torch/_dynamo/metrics_context.py:105] [0/0] Traceback (most recent call last):
[36m(WorkerDict pid=3712771)[0m [rank6]:E0617 13:13:16.079000 3712771 site-packages/torch/_dynamo/metrics_context.py:105] [0/0]   File "/usr/local/python3.11.14/lib/python3.11/site-packages/torch/_dynamo/metrics_context.py", line 101, in __exit__
[36m(WorkerDict pid=3712771)[0m [rank6]:E0617 13:13:16.079000 3712771 site-packages/torch/_dynamo/metrics_context.py:105] [0/0]     self._on_exit(
[36m(WorkerDict pid=3712771)[0m [rank6]:E0617 13:13:16.079000 3712771 site-packages/torch/_dynamo/metrics_context.py:105] [0/0]   File "/usr/local/python3.11.14/lib/python3.11/site-packages/torch/_dynamo/utils.py", line 1632, in record_compilation_metrics
[36m(WorkerDict pid=3712771)[0m [rank6]:E0617 13:13:16.079000 3712771 site-packages/torch/_dynamo/metrics_context.py:105] [0/0]     "triton_version": triton.__version__ if has_triton() else "",
[36m(WorkerDict pid=3712771)[0m [rank6]:E0617 13:13:16.079000 3712771 site-packages/torch/_dynamo/metrics_context.py:105] [0/0]                                             ^^^^^^^^^^^^
[36m(WorkerDict pid=3712771)[0m [rank6]:E0617 13:13:16.079000 3712771 site-packages/torch/_dynamo/metrics_context.py:105] [0/0]   File "/usr/local/python3.11.14/lib/python3.11/site-packages/torch/utils/_triton.py", line 159, in has_triton
[36m(WorkerDict pid=3712771)[0m [rank6]:E0617 13:13:16.079000 3712771 site-packages/torch/_dynamo/metrics_context.py:105] [0/0]     return is_device_compatible_with_triton()
[36m(WorkerDict pid=3712771)[0m [rank6]:E0617 13:13:16.079000 3712771 site-packages/torch/_dynamo/metrics_context.py:105] [0/0]            ^^^^^^^^^^^^^^^^^^^^^^^^^^^^^^^^^^
[36m(WorkerDict pid=3712771)[0m [rank6]:E0617 13:13:16.079000 3712771 site-packages/torch/_dynamo/metrics_context.py:105] [0/0]   File "/usr/local/python3.11.14/lib/python3.11/site-packages/torch/utils/_triton.py", line 155, in is_device_compatible_with_triton
[36m(WorkerDict pid=3712771)[0m [rank6]:E0617 13:13:16.079000 3712771 site-packages/torch/_dynamo/metrics_context.py:105] [0/0]     if device_interface.is_available() and extra_check(device_interface):
[36m(WorkerDict pid=3712771)[0m [rank6]:E0617 13:13:16.079000 3712771 site-packages/torch/_dynamo/metrics_context.py:105] [0/0]                                            ^^^^^^^^^^^^^^^^^^^^^^^^^^^^^
[36m(WorkerDict pid=3712771)[0m [rank6]:E0617 13:13:16.079000 3712771 site-packages/torch/_dynamo/metrics_context.py:105] [0/0]   File "/usr/local/python3.11.14/lib/python3.11/site-packages/torch/utils/_triton.py", line 135, in cuda_extra_check
[36m(WorkerDict pid=3712771)[0m [rank6]:E0617 13:13:16.079000 3712771 site-packages/torch/_dynamo/metrics_context.py:105] [0/0]     return device_interface.Worker.get_device_properties().major >= 7
[36m(WorkerDict pid=3712771)[0m [rank6]:E0617 13:13:16.079000 3712771 site-packages/torch/_dynamo/metrics_context.py:105] [0/0]            ^^^^^^^^^^^^^^^^^^^^^^^^^^^^^^^^^^^^^^^^^^^^^^^^^^^^^^^^^^
[36m(WorkerDict pid=3712771)[0m [rank6]:E0617 13:13:16.079000 3712771 site-packages/torch/_dynamo/metrics_context.py:105] [0/0] TypeError: '>=' not supported between instances of 'NoneType' and 'int'
[36m(WorkerDict pid=3712772)[0m [rank7]:E0617 13:13:16.059000 3712772 site-packages/torch/_dynamo/metrics_context.py:105] [0/0] Unexpected exception logging compilation metrics
[36m(WorkerDict pid=3712772)[0m [rank7]:E0617 13:13:16.059000 3712772 site-packages/torch/_dynamo/metrics_context.py:105] [0/0] Traceback (most recent call last):
[36m(WorkerDict pid=3712772)[0m [rank7]:E0617 13:13:16.059000 3712772 site-packages/torch/_dynamo/metrics_context.py:105] [0/0]   File "/usr/local/python3.11.14/lib/python3.11/site-packages/torch/_dynamo/metrics_context.py", line 101, in __exit__
[36m(WorkerDict pid=3712772)[0m [rank7]:E0617 13:13:16.059000 3712772 site-packages/torch/_dynamo/metrics_context.py:105] [0/0]     self._on_exit(
[36m(WorkerDict pid=3712772)[0m [rank7]:E0617 13:13:16.059000 3712772 site-packages/torch/_dynamo/metrics_context.py:105] [0/0]   File "/usr/local/python3.11.14/lib/python3.11/site-packages/torch/_dynamo/utils.py", line 1632, in record_compilation_metrics
[36m(WorkerDict pid=3712772)[0m [rank7]:E0617 13:13:16.059000 3712772 site-packages/torch/_dynamo/metrics_context.py:105] [0/0]     "triton_version": triton.__version__ if has_triton() else "",
[36m(WorkerDict pid=3712772)[0m [rank7]:E0617 13:13:16.059000 3712772 site-packages/torch/_dynamo/metrics_context.py:105] [0/0]                                             ^^^^^^^^^^^^
[36m(WorkerDict pid=3712772)[0m [rank7]:E0617 13:13:16.059000 3712772 site-packages/torch/_dynamo/metrics_context.py:105] [0/0]   File "/usr/local/python3.11.14/lib/python3.11/site-packages/torch/utils/_triton.py", line 159, in has_triton
[36m(WorkerDict pid=3712772)[0m [rank7]:E0617 13:13:16.059000 3712772 site-packages/torch/_dynamo/metrics_context.py:105] [0/0]     return is_device_compatible_with_triton()
[36m(WorkerDict pid=3712772)[0m [rank7]:E0617 13:13:16.059000 3712772 site-packages/torch/_dynamo/metrics_context.py:105] [0/0]            ^^^^^^^^^^^^^^^^^^^^^^^^^^^^^^^^^^
[36m(WorkerDict pid=3712772)[0m [rank7]:E0617 13:13:16.059000 3712772 site-packages/torch/_dynamo/metrics_context.py:105] [0/0]   File "/usr/local/python3.11.14/lib/python3.11/site-packages/torch/utils/_triton.py", line 155, in is_device_compatible_with_triton
[36m(WorkerDict pid=3712772)[0m [rank7]:E0617 13:13:16.059000 3712772 site-packages/torch/_dynamo/metrics_context.py:105] [0/0]     if device_interface.is_available() and extra_check(device_interface):
[36m(WorkerDict pid=3712772)[0m [rank7]:E0617 13:13:16.059000 3712772 site-packages/torch/_dynamo/metrics_context.py:105] [0/0]                                            ^^^^^^^^^^^^^^^^^^^^^^^^^^^^^
[36m(WorkerDict pid=3712772)[0m [rank7]:E0617 13:13:16.059000 3712772 site-packages/torch/_dynamo/metrics_context.py:105] [0/0]   File "/usr/local/python3.11.14/lib/python3.11/site-packages/torch/utils/_triton.py", line 135, in cuda_extra_check
[36m(WorkerDict pid=3712772)[0m [rank7]:E0617 13:13:16.059000 3712772 site-packages/torch/_dynamo/metrics_context.py:105] [0/0]     return device_interface.Worker.get_device_properties().major >= 7
[36m(WorkerDict pid=3712772)[0m [rank7]:E0617 13:13:16.059000 3712772 site-packages/torch/_dynamo/metrics_context.py:105] [0/0]            ^^^^^^^^^^^^^^^^^^^^^^^^^^^^^^^^^^^^^^^^^^^^^^^^^^^^^^^^^^
[36m(WorkerDict pid=3712772)[0m [rank7]:E0617 13:13:16.059000 3712772 site-packages/torch/_dynamo/metrics_context.py:105] [0/0] TypeError: '>=' not supported between instances of 'NoneType' and 'int'
[36m(WorkerDict pid=3712777)[0m [rank15]:E0617 13:13:16.082000 3712777 site-packages/torch/_dynamo/metrics_context.py:105] [0/0] Unexpected exception logging compilation metrics
[36m(WorkerDict pid=3712777)[0m [rank15]:E0617 13:13:16.082000 3712777 site-packages/torch/_dynamo/metrics_context.py:105] [0/0] Traceback (most recent call last):
[36m(WorkerDict pid=3712777)[0m [rank15]:E0617 13:13:16.082000 3712777 site-packages/torch/_dynamo/metrics_context.py:105] [0/0]   File "/usr/local/python3.11.14/lib/python3.11/site-packages/torch/_dynamo/metrics_context.py", line 101, in __exit__
[36m(WorkerDict pid=3712777)[0m [rank15]:E0617 13:13:16.082000 3712777 site-packages/torch/_dynamo/metrics_context.py:105] [0/0]     self._on_exit(
[36m(WorkerDict pid=3712777)[0m [rank15]:E0617 13:13:16.082000 3712777 site-packages/torch/_dynamo/metrics_context.py:105] [0/0]   File "/usr/local/python3.11.14/lib/python3.11/site-packages/torch/_dynamo/utils.py", line 1632, in record_compilation_metrics
[36m(WorkerDict pid=3712777)[0m [rank15]:E0617 13:13:16.082000 3712777 site-packages/torch/_dynamo/metrics_context.py:105] [0/0]     "triton_version": triton.__version__ if has_triton() else "",
[36m(WorkerDict pid=3712777)[0m [rank15]:E0617 13:13:16.082000 3712777 site-packages/torch/_dynamo/metrics_context.py:105] [0/0]                                             ^^^^^^^^^^^^
[36m(WorkerDict pid=3712777)[0m [rank15]:E0617 13:13:16.082000 3712777 site-packages/torch/_dynamo/metrics_context.py:105] [0/0]   File "/usr/local/python3.11.14/lib/python3.11/site-packages/torch/utils/_triton.py", line 159, in has_triton
[36m(WorkerDict pid=3712777)[0m [rank15]:E0617 13:13:16.082000 3712777 site-packages/torch/_dynamo/metrics_context.py:105] [0/0]     return is_device_compatible_with_triton()
[36m(WorkerDict pid=3712777)[0m [rank15]:E0617 13:13:16.082000 3712777 site-packages/torch/_dynamo/metrics_context.py:105] [0/0]            ^^^^^^^^^^^^^^^^^^^^^^^^^^^^^^^^^^
[36m(WorkerDict pid=3712777)[0m [rank15]:E0617 13:13:16.082000 3712777 site-packages/torch/_dynamo/metrics_context.py:105] [0/0]   File "/usr/local/python3.11.14/lib/python3.11/site-packages/torch/utils/_triton.py", line 155, in is_device_compatible_with_triton
[36m(WorkerDict pid=3712777)[0m [rank15]:E0617 13:13:16.082000 3712777 site-packages/torch/_dynamo/metrics_context.py:105] [0/0]     if device_interface.is_available() and extra_check(device_interface):
[36m(WorkerDict pid=3712777)[0m [rank15]:E0617 13:13:16.082000 3712777 site-packages/torch/_dynamo/metrics_context.py:105] [0/0]                                            ^^^^^^^^^^^^^^^^^^^^^^^^^^^^^
[36m(WorkerDict pid=3712777)[0m [rank15]:E0617 13:13:16.082000 3712777 site-packages/torch/_dynamo/metrics_context.py:105] [0/0]   File "/usr/local/python3.11.14/lib/python3.11/site-packages/torch/utils/_triton.py", line 135, in cuda_extra_check
[36m(WorkerDict pid=3712777)[0m [rank15]:E0617 13:13:16.082000 3712777 site-packages/torch/_dynamo/metrics_context.py:105] [0/0]     return device_interface.Worker.get_device_properties().major >= 7
[36m(WorkerDict pid=3712777)[0m [rank15]:E0617 13:13:16.082000 3712777 site-packages/torch/_dynamo/metrics_context.py:105] [0/0]            ^^^^^^^^^^^^^^^^^^^^^^^^^^^^^^^^^^^^^^^^^^^^^^^^^^^^^^^^^^
[36m(WorkerDict pid=3712777)[0m [rank15]:E0617 13:13:16.082000 3712777 site-packages/torch/_dynamo/metrics_context.py:105] [0/0] TypeError: '>=' not supported between instances of 'NoneType' and 'int'
[36m(WorkerDict pid=3712773)[0m [rank8]:E0617 13:13:16.024000 3712773 site-packages/torch/_dynamo/metrics_context.py:105] [0/0] Unexpected exception logging compilation metrics
[36m(WorkerDict pid=3712773)[0m [rank8]:E0617 13:13:16.024000 3712773 site-packages/torch/_dynamo/metrics_context.py:105] [0/0] Traceback (most recent call last):
[36m(WorkerDict pid=3712773)[0m [rank8]:E0617 13:13:16.024000 3712773 site-packages/torch/_dynamo/metrics_context.py:105] [0/0]   File "/usr/local/python3.11.14/lib/python3.11/site-packages/torch/_dynamo/metrics_context.py", line 101, in __exit__
[36m(WorkerDict pid=3712773)[0m [rank8]:E0617 13:13:16.024000 3712773 site-packages/torch/_dynamo/metrics_context.py:105] [0/0]     self._on_exit(
[36m(WorkerDict pid=3712773)[0m [rank8]:E0617 13:13:16.024000 3712773 site-packages/torch/_dynamo/metrics_context.py:105] [0/0]   File "/usr/local/python3.11.14/lib/python3.11/site-packages/torch/_dynamo/utils.py", line 1632, in record_compilation_metrics
[36m(WorkerDict pid=3712773)[0m [rank8]:E0617 13:13:16.024000 3712773 site-packages/torch/_dynamo/metrics_context.py:105] [0/0]     "triton_version": triton.__version__ if has_triton() else "",
[36m(WorkerDict pid=3712773)[0m [rank8]:E0617 13:13:16.024000 3712773 site-packages/torch/_dynamo/metrics_context.py:105] [0/0]                                             ^^^^^^^^^^^^
[36m(WorkerDict pid=3712773)[0m [rank8]:E0617 13:13:16.024000 3712773 site-packages/torch/_dynamo/metrics_context.py:105] [0/0]   File "/usr/local/python3.11.14/lib/python3.11/site-packages/torch/utils/_triton.py", line 159, in has_triton
[36m(WorkerDict pid=3712773)[0m [rank8]:E0617 13:13:16.024000 3712773 site-packages/torch/_dynamo/metrics_context.py:105] [0/0]     return is_device_compatible_with_triton()
[36m(WorkerDict pid=3712773)[0m [rank8]:E0617 13:13:16.024000 3712773 site-packages/torch/_dynamo/metrics_context.py:105] [0/0]            ^^^^^^^^^^^^^^^^^^^^^^^^^^^^^^^^^^
[36m(WorkerDict pid=3712773)[0m [rank8]:E0617 13:13:16.024000 3712773 site-packages/torch/_dynamo/metrics_context.py:105] [0/0]   File "/usr/local/python3.11.14/lib/python3.11/site-packages/torch/utils/_triton.py", line 155, in is_device_compatible_with_triton
[36m(WorkerDict pid=3712773)[0m [rank8]:E0617 13:13:16.024000 3712773 site-packages/torch/_dynamo/metrics_context.py:105] [0/0]     if device_interface.is_available() and extra_check(device_interface):
[36m(WorkerDict pid=3712773)[0m [rank8]:E0617 13:13:16.024000 3712773 site-packages/torch/_dynamo/metrics_context.py:105] [0/0]                                            ^^^^^^^^^^^^^^^^^^^^^^^^^^^^^
[36m(WorkerDict pid=3712773)[0m [rank8]:E0617 13:13:16.024000 3712773 site-packages/torch/_dynamo/metrics_context.py:105] [0/0]   File "/usr/local/python3.11.14/lib/python3.11/site-packages/torch/utils/_triton.py", line 135, in cuda_extra_check
[36m(WorkerDict pid=3712773)[0m [rank8]:E0617 13:13:16.024000 3712773 site-packages/torch/_dynamo/metrics_context.py:105] [0/0]     return device_interface.Worker.get_device_properties().major >= 7
[36m(WorkerDict pid=3712773)[0m [rank8]:E0617 13:13:16.024000 3712773 site-packages/torch/_dynamo/metrics_context.py:105] [0/0]            ^^^^^^^^^^^^^^^^^^^^^^^^^^^^^^^^^^^^^^^^^^^^^^^^^^^^^^^^^^
[36m(WorkerDict pid=3712773)[0m [rank8]:E0617 13:13:16.024000 3712773 site-packages/torch/_dynamo/metrics_context.py:105] [0/0] TypeError: '>=' not supported between instances of 'NoneType' and 'int'
[36m(WorkerDict pid=3712778)[0m [rank14]:E0617 13:13:16.077000 3712778 site-packages/torch/_dynamo/metrics_context.py:105] [0/0] Unexpected exception logging compilation metrics
[36m(WorkerDict pid=3712778)[0m [rank14]:E0617 13:13:16.077000 3712778 site-packages/torch/_dynamo/metrics_context.py:105] [0/0] Traceback (most recent call last):
[36m(WorkerDict pid=3712778)[0m [rank14]:E0617 13:13:16.077000 3712778 site-packages/torch/_dynamo/metrics_context.py:105] [0/0]   File "/usr/local/python3.11.14/lib/python3.11/site-packages/torch/_dynamo/metrics_context.py", line 101, in __exit__
[36m(WorkerDict pid=3712778)[0m [rank14]:E0617 13:13:16.077000 3712778 site-packages/torch/_dynamo/metrics_context.py:105] [0/0]     self._on_exit(
[36m(WorkerDict pid=3712778)[0m [rank14]:E0617 13:13:16.077000 3712778 site-packages/torch/_dynamo/metrics_context.py:105] [0/0]   File "/usr/local/python3.11.14/lib/python3.11/site-packages/torch/_dynamo/utils.py", line 1632, in record_compilation_metrics
[36m(WorkerDict pid=3712778)[0m [rank14]:E0617 13:13:16.077000 3712778 site-packages/torch/_dynamo/metrics_context.py:105] [0/0]     "triton_version": triton.__version__ if has_triton() else "",
[36m(WorkerDict pid=3712778)[0m [rank14]:E0617 13:13:16.077000 3712778 site-packages/torch/_dynamo/metrics_context.py:105] [0/0]                                             ^^^^^^^^^^^^
[36m(WorkerDict pid=3712778)[0m [rank14]:E0617 13:13:16.077000 3712778 site-packages/torch/_dynamo/metrics_context.py:105] [0/0]   File "/usr/local/python3.11.14/lib/python3.11/site-packages/torch/utils/_triton.py", line 159, in has_triton
[36m(WorkerDict pid=3712778)[0m [rank14]:E0617 13:13:16.077000 3712778 site-packages/torch/_dynamo/metrics_context.py:105] [0/0]     return is_device_compatible_with_triton()
[36m(WorkerDict pid=3712778)[0m [rank14]:E0617 13:13:16.077000 3712778 site-packages/torch/_dynamo/metrics_context.py:105] [0/0]            ^^^^^^^^^^^^^^^^^^^^^^^^^^^^^^^^^^
[36m(WorkerDict pid=3712778)[0m [rank14]:E0617 13:13:16.077000 3712778 site-packages/torch/_dynamo/metrics_context.py:105] [0/0]   File "/usr/local/python3.11.14/lib/python3.11/site-packages/torch/utils/_triton.py", line 155, in is_device_compatible_with_triton
[36m(WorkerDict pid=3712778)[0m [rank14]:E0617 13:13:16.077000 3712778 site-packages/torch/_dynamo/metrics_context.py:105] [0/0]     if device_interface.is_available() and extra_check(device_interface):
[36m(WorkerDict pid=3712778)[0m [rank14]:E0617 13:13:16.077000 3712778 site-packages/torch/_dynamo/metrics_context.py:105] [0/0]                                            ^^^^^^^^^^^^^^^^^^^^^^^^^^^^^
[36m(WorkerDict pid=3712778)[0m [rank14]:E0617 13:13:16.077000 3712778 site-packages/torch/_dynamo/metrics_context.py:105] [0/0]   File "/usr/local/python3.11.14/lib/python3.11/site-packages/torch/utils/_triton.py", line 135, in cuda_extra_check
[36m(WorkerDict pid=3712778)[0m [rank14]:E0617 13:13:16.077000 3712778 site-packages/torch/_dynamo/metrics_context.py:105] [0/0]     return device_interface.Worker.get_device_properties().major >= 7
[36m(WorkerDict pid=3712778)[0m [rank14]:E0617 13:13:16.077000 3712778 site-packages/torch/_dynamo/metrics_context.py:105] [0/0]            ^^^^^^^^^^^^^^^^^^^^^^^^^^^^^^^^^^^^^^^^^^^^^^^^^^^^^^^^^^
[36m(WorkerDict pid=3712778)[0m [rank14]:E0617 13:13:16.077000 3712778 site-packages/torch/_dynamo/metrics_context.py:105] [0/0] TypeError: '>=' not supported between instances of 'NoneType' and 'int'
[36m(WorkerDict pid=3712780)[0m [rank12]:E0617 13:13:16.046000 3712780 site-packages/torch/_dynamo/metrics_context.py:105] [0/0] Unexpected exception logging compilation metrics
[36m(WorkerDict pid=3712780)[0m [rank12]:E0617 13:13:16.046000 3712780 site-packages/torch/_dynamo/metrics_context.py:105] [0/0] Traceback (most recent call last):
[36m(WorkerDict pid=3712780)[0m [rank12]:E0617 13:13:16.046000 3712780 site-packages/torch/_dynamo/metrics_context.py:105] [0/0]   File "/usr/local/python3.11.14/lib/python3.11/site-packages/torch/_dynamo/metrics_context.py", line 101, in __exit__
[36m(WorkerDict pid=3712780)[0m [rank12]:E0617 13:13:16.046000 3712780 site-packages/torch/_dynamo/metrics_context.py:105] [0/0]     self._on_exit(
[36m(WorkerDict pid=3712780)[0m [rank12]:E0617 13:13:16.046000 3712780 site-packages/torch/_dynamo/metrics_context.py:105] [0/0]   File "/usr/local/python3.11.14/lib/python3.11/site-packages/torch/_dynamo/utils.py", line 1632, in record_compilation_metrics
[36m(WorkerDict pid=3712780)[0m [rank12]:E0617 13:13:16.046000 3712780 site-packages/torch/_dynamo/metrics_context.py:105] [0/0]     "triton_version": triton.__version__ if has_triton() else "",
[36m(WorkerDict pid=3712780)[0m [rank12]:E0617 13:13:16.046000 3712780 site-packages/torch/_dynamo/metrics_context.py:105] [0/0]                                             ^^^^^^^^^^^^
[36m(WorkerDict pid=3712780)[0m [rank12]:E0617 13:13:16.046000 3712780 site-packages/torch/_dynamo/metrics_context.py:105] [0/0]   File "/usr/local/python3.11.14/lib/python3.11/site-packages/torch/utils/_triton.py", line 159, in has_triton
[36m(WorkerDict pid=3712780)[0m [rank12]:E0617 13:13:16.046000 3712780 site-packages/torch/_dynamo/metrics_context.py:105] [0/0]     return is_device_compatible_with_triton()
[36m(WorkerDict pid=3712780)[0m [rank12]:E0617 13:13:16.046000 3712780 site-packages/torch/_dynamo/metrics_context.py:105] [0/0]            ^^^^^^^^^^^^^^^^^^^^^^^^^^^^^^^^^^
[36m(WorkerDict pid=3712780)[0m [rank12]:E0617 13:13:16.046000 3712780 site-packages/torch/_dynamo/metrics_context.py:105] [0/0]   File "/usr/local/python3.11.14/lib/python3.11/site-packages/torch/utils/_triton.py", line 155, in is_device_compatible_with_triton
[36m(WorkerDict pid=3712780)[0m [rank12]:E0617 13:13:16.046000 3712780 site-packages/torch/_dynamo/metrics_context.py:105] [0/0]     if device_interface.is_available() and extra_check(device_interface):
[36m(WorkerDict pid=3712780)[0m [rank12]:E0617 13:13:16.046000 3712780 site-packages/torch/_dynamo/metrics_context.py:105] [0/0]                                            ^^^^^^^^^^^^^^^^^^^^^^^^^^^^^
[36m(WorkerDict pid=3712780)[0m [rank12]:E0617 13:13:16.046000 3712780 site-packages/torch/_dynamo/metrics_context.py:105] [0/0]   File "/usr/local/python3.11.14/lib/python3.11/site-packages/torch/utils/_triton.py", line 135, in cuda_extra_check
[36m(WorkerDict pid=3712780)[0m [rank12]:E0617 13:13:16.046000 3712780 site-packages/torch/_dynamo/metrics_context.py:105] [0/0]     return device_interface.Worker.get_device_properties().major >= 7
[36m(WorkerDict pid=3712780)[0m [rank12]:E0617 13:13:16.046000 3712780 site-packages/torch/_dynamo/metrics_context.py:105] [0/0]            ^^^^^^^^^^^^^^^^^^^^^^^^^^^^^^^^^^^^^^^^^^^^^^^^^^^^^^^^^^
[36m(WorkerDict pid=3712780)[0m [rank12]:E0617 13:13:16.046000 3712780 site-packages/torch/_dynamo/metrics_context.py:105] [0/0] TypeError: '>=' not supported between instances of 'NoneType' and 'int'
[36m(WorkerDict pid=3712767)[0m [rank2]:E0617 13:13:16.008000 3712767 site-packages/torch/_dynamo/metrics_context.py:105] [0/0] Unexpected exception logging compilation metrics
[36m(WorkerDict pid=3712767)[0m [rank2]:E0617 13:13:16.008000 3712767 site-packages/torch/_dynamo/metrics_context.py:105] [0/0] Traceback (most recent call last):
[36m(WorkerDict pid=3712767)[0m [rank2]:E0617 13:13:16.008000 3712767 site-packages/torch/_dynamo/metrics_context.py:105] [0/0]   File "/usr/local/python3.11.14/lib/python3.11/site-packages/torch/_dynamo/metrics_context.py", line 101, in __exit__
[36m(WorkerDict pid=3712767)[0m [rank2]:E0617 13:13:16.008000 3712767 site-packages/torch/_dynamo/metrics_context.py:105] [0/0]     self._on_exit(
[36m(WorkerDict pid=3712767)[0m [rank2]:E0617 13:13:16.008000 3712767 site-packages/torch/_dynamo/metrics_context.py:105] [0/0]   File "/usr/local/python3.11.14/lib/python3.11/site-packages/torch/_dynamo/utils.py", line 1632, in record_compilation_metrics
[36m(WorkerDict pid=3712767)[0m [rank2]:E0617 13:13:16.008000 3712767 site-packages/torch/_dynamo/metrics_context.py:105] [0/0]     "triton_version": triton.__version__ if has_triton() else "",
[36m(WorkerDict pid=3712767)[0m [rank2]:E0617 13:13:16.008000 3712767 site-packages/torch/_dynamo/metrics_context.py:105] [0/0]                                             ^^^^^^^^^^^^
[36m(WorkerDict pid=3712767)[0m [rank2]:E0617 13:13:16.008000 3712767 site-packages/torch/_dynamo/metrics_context.py:105] [0/0]   File "/usr/local/python3.11.14/lib/python3.11/site-packages/torch/utils/_triton.py", line 159, in has_triton
[36m(WorkerDict pid=3712767)[0m [rank2]:E0617 13:13:16.008000 3712767 site-packages/torch/_dynamo/metrics_context.py:105] [0/0]     return is_device_compatible_with_triton()
[36m(WorkerDict pid=3712767)[0m [rank2]:E0617 13:13:16.008000 3712767 site-packages/torch/_dynamo/metrics_context.py:105] [0/0]            ^^^^^^^^^^^^^^^^^^^^^^^^^^^^^^^^^^
[36m(WorkerDict pid=3712767)[0m [rank2]:E0617 13:13:16.008000 3712767 site-packages/torch/_dynamo/metrics_context.py:105] [0/0]   File "/usr/local/python3.11.14/lib/python3.11/site-packages/torch/utils/_triton.py", line 155, in is_device_compatible_with_triton
[36m(WorkerDict pid=3712767)[0m [rank2]:E0617 13:13:16.008000 3712767 site-packages/torch/_dynamo/metrics_context.py:105] [0/0]     if device_interface.is_available() and extra_check(device_interface):
[36m(WorkerDict pid=3712767)[0m [rank2]:E0617 13:13:16.008000 3712767 site-packages/torch/_dynamo/metrics_context.py:105] [0/0]                                            ^^^^^^^^^^^^^^^^^^^^^^^^^^^^^
[36m(WorkerDict pid=3712767)[0m [rank2]:E0617 13:13:16.008000 3712767 site-packages/torch/_dynamo/metrics_context.py:105] [0/0]   File "/usr/local/python3.11.14/lib/python3.11/site-packages/torch/utils/_triton.py", line 135, in cuda_extra_check
[36m(WorkerDict pid=3712767)[0m [rank2]:E0617 13:13:16.008000 3712767 site-packages/torch/_dynamo/metrics_context.py:105] [0/0]     return device_interface.Worker.get_device_properties().major >= 7
[36m(WorkerDict pid=3712767)[0m [rank2]:E0617 13:13:16.008000 3712767 site-packages/torch/_dynamo/metrics_context.py:105] [0/0]            ^^^^^^^^^^^^^^^^^^^^^^^^^^^^^^^^^^^^^^^^^^^^^^^^^^^^^^^^^^
[36m(WorkerDict pid=3712767)[0m [rank2]:E0617 13:13:16.008000 3712767 site-packages/torch/_dynamo/metrics_context.py:105] [0/0] TypeError: '>=' not supported between instances of 'NoneType' and 'int'
[36m(WorkerDict pid=3712775)[0m [rank10]:E0617 13:13:16.069000 3712775 site-packages/torch/_dynamo/metrics_context.py:105] [0/0] Unexpected exception logging compilation metrics
[36m(WorkerDict pid=3712775)[0m [rank10]:E0617 13:13:16.069000 3712775 site-packages/torch/_dynamo/metrics_context.py:105] [0/0] Traceback (most recent call last):
[36m(WorkerDict pid=3712775)[0m [rank10]:E0617 13:13:16.069000 3712775 site-packages/torch/_dynamo/metrics_context.py:105] [0/0]   File "/usr/local/python3.11.14/lib/python3.11/site-packages/torch/_dynamo/metrics_context.py", line 101, in __exit__
[36m(WorkerDict pid=3712775)[0m [rank10]:E0617 13:13:16.069000 3712775 site-packages/torch/_dynamo/metrics_context.py:105] [0/0]     self._on_exit(
[36m(WorkerDict pid=3712775)[0m [rank10]:E0617 13:13:16.069000 3712775 site-packages/torch/_dynamo/metrics_context.py:105] [0/0]   File "/usr/local/python3.11.14/lib/python3.11/site-packages/torch/_dynamo/utils.py", line 1632, in record_compilation_metrics
[36m(WorkerDict pid=3712775)[0m [rank10]:E0617 13:13:16.069000 3712775 site-packages/torch/_dynamo/metrics_context.py:105] [0/0]     "triton_version": triton.__version__ if has_triton() else "",
[36m(WorkerDict pid=3712775)[0m [rank10]:E0617 13:13:16.069000 3712775 site-packages/torch/_dynamo/metrics_context.py:105] [0/0]                                             ^^^^^^^^^^^^
[36m(WorkerDict pid=3712775)[0m [rank10]:E0617 13:13:16.069000 3712775 site-packages/torch/_dynamo/metrics_context.py:105] [0/0]   File "/usr/local/python3.11.14/lib/python3.11/site-packages/torch/utils/_triton.py", line 159, in has_triton
[36m(WorkerDict pid=3712775)[0m [rank10]:E0617 13:13:16.069000 3712775 site-packages/torch/_dynamo/metrics_context.py:105] [0/0]     return is_device_compatible_with_triton()
[36m(WorkerDict pid=3712775)[0m [rank10]:E0617 13:13:16.069000 3712775 site-packages/torch/_dynamo/metrics_context.py:105] [0/0]            ^^^^^^^^^^^^^^^^^^^^^^^^^^^^^^^^^^
[36m(WorkerDict pid=3712775)[0m [rank10]:E0617 13:13:16.069000 3712775 site-packages/torch/_dynamo/metrics_context.py:105] [0/0]   File "/usr/local/python3.11.14/lib/python3.11/site-packages/torch/utils/_triton.py", line 155, in is_device_compatible_with_triton
[36m(WorkerDict pid=3712775)[0m [rank10]:E0617 13:13:16.069000 3712775 site-packages/torch/_dynamo/metrics_context.py:105] [0/0]     if device_interface.is_available() and extra_check(device_interface):
[36m(WorkerDict pid=3712775)[0m [rank10]:E0617 13:13:16.069000 3712775 site-packages/torch/_dynamo/metrics_context.py:105] [0/0]                                            ^^^^^^^^^^^^^^^^^^^^^^^^^^^^^
[36m(WorkerDict pid=3712775)[0m [rank10]:E0617 13:13:16.069000 3712775 site-packages/torch/_dynamo/metrics_context.py:105] [0/0]   File "/usr/local/python3.11.14/lib/python3.11/site-packages/torch/utils/_triton.py", line 135, in cuda_extra_check
[36m(WorkerDict pid=3712775)[0m [rank10]:E0617 13:13:16.069000 3712775 site-packages/torch/_dynamo/metrics_context.py:105] [0/0]     return device_interface.Worker.get_device_properties().major >= 7
[36m(WorkerDict pid=3712775)[0m [rank10]:E0617 13:13:16.069000 3712775 site-packages/torch/_dynamo/metrics_context.py:105] [0/0]            ^^^^^^^^^^^^^^^^^^^^^^^^^^^^^^^^^^^^^^^^^^^^^^^^^^^^^^^^^^
[36m(WorkerDict pid=3712775)[0m [rank10]:E0617 13:13:16.069000 3712775 site-packages/torch/_dynamo/metrics_context.py:105] [0/0] TypeError: '>=' not supported between instances of 'NoneType' and 'int'
[36m(WorkerDict pid=3712779)[0m [rank13]:E0617 13:13:16.082000 3712779 site-packages/torch/_dynamo/metrics_context.py:105] [0/0] Unexpected exception logging compilation metrics
[36m(WorkerDict pid=3712779)[0m [rank13]:E0617 13:13:16.082000 3712779 site-packages/torch/_dynamo/metrics_context.py:105] [0/0] Traceback (most recent call last):
[36m(WorkerDict pid=3712779)[0m [rank13]:E0617 13:13:16.082000 3712779 site-packages/torch/_dynamo/metrics_context.py:105] [0/0]   File "/usr/local/python3.11.14/lib/python3.11/site-packages/torch/_dynamo/metrics_context.py", line 101, in __exit__
[36m(WorkerDict pid=3712779)[0m [rank13]:E0617 13:13:16.082000 3712779 site-packages/torch/_dynamo/metrics_context.py:105] [0/0]     self._on_exit(
[36m(WorkerDict pid=3712779)[0m [rank13]:E0617 13:13:16.082000 3712779 site-packages/torch/_dynamo/metrics_context.py:105] [0/0]   File "/usr/local/python3.11.14/lib/python3.11/site-packages/torch/_dynamo/utils.py", line 1632, in record_compilation_metrics
[36m(WorkerDict pid=3712779)[0m [rank13]:E0617 13:13:16.082000 3712779 site-packages/torch/_dynamo/metrics_context.py:105] [0/0]     "triton_version": triton.__version__ if has_triton() else "",
[36m(WorkerDict pid=3712779)[0m [rank13]:E0617 13:13:16.082000 3712779 site-packages/torch/_dynamo/metrics_context.py:105] [0/0]                                             ^^^^^^^^^^^^
[36m(WorkerDict pid=3712779)[0m [rank13]:E0617 13:13:16.082000 3712779 site-packages/torch/_dynamo/metrics_context.py:105] [0/0]   File "/usr/local/python3.11.14/lib/python3.11/site-packages/torch/utils/_triton.py", line 159, in has_triton
[36m(WorkerDict pid=3712779)[0m [rank13]:E0617 13:13:16.082000 3712779 site-packages/torch/_dynamo/metrics_context.py:105] [0/0]     return is_device_compatible_with_triton()
[36m(WorkerDict pid=3712779)[0m [rank13]:E0617 13:13:16.082000 3712779 site-packages/torch/_dynamo/metrics_context.py:105] [0/0]            ^^^^^^^^^^^^^^^^^^^^^^^^^^^^^^^^^^
[36m(WorkerDict pid=3712779)[0m [rank13]:E0617 13:13:16.082000 3712779 site-packages/torch/_dynamo/metrics_context.py:105] [0/0]   File "/usr/local/python3.11.14/lib/python3.11/site-packages/torch/utils/_triton.py", line 155, in is_device_compatible_with_triton
[36m(WorkerDict pid=3712779)[0m [rank13]:E0617 13:13:16.082000 3712779 site-packages/torch/_dynamo/metrics_context.py:105] [0/0]     if device_interface.is_available() and extra_check(device_interface):
[36m(WorkerDict pid=3712779)[0m [rank13]:E0617 13:13:16.082000 3712779 site-packages/torch/_dynamo/metrics_context.py:105] [0/0]                                            ^^^^^^^^^^^^^^^^^^^^^^^^^^^^^
[36m(WorkerDict pid=3712779)[0m [rank13]:E0617 13:13:16.082000 3712779 site-packages/torch/_dynamo/metrics_context.py:105] [0/0]   File "/usr/local/python3.11.14/lib/python3.11/site-packages/torch/utils/_triton.py", line 135, in cuda_extra_check
[36m(WorkerDict pid=3712779)[0m [rank13]:E0617 13:13:16.082000 3712779 site-packages/torch/_dynamo/metrics_context.py:105] [0/0]     return device_interface.Worker.get_device_properties().major >= 7
[36m(WorkerDict pid=3712779)[0m [rank13]:E0617 13:13:16.082000 3712779 site-packages/torch/_dynamo/metrics_context.py:105] [0/0]            ^^^^^^^^^^^^^^^^^^^^^^^^^^^^^^^^^^^^^^^^^^^^^^^^^^^^^^^^^^
[36m(WorkerDict pid=3712779)[0m [rank13]:E0617 13:13:16.082000 3712779 site-packages/torch/_dynamo/metrics_context.py:105] [0/0] TypeError: '>=' not supported between instances of 'NoneType' and 'int'
[36m(WorkerDict pid=3712776)[0m [rank11]:E0617 13:13:19.112000 3712776 site-packages/torch/_dynamo/metrics_context.py:105] [0/1] Unexpected exception logging compilation metrics
[36m(WorkerDict pid=3712776)[0m [rank11]:E0617 13:13:19.112000 3712776 site-packages/torch/_dynamo/metrics_context.py:105] [0/1] Traceback (most recent call last):
[36m(WorkerDict pid=3712776)[0m [rank11]:E0617 13:13:19.112000 3712776 site-packages/torch/_dynamo/metrics_context.py:105] [0/1]   File "/usr/local/python3.11.14/lib/python3.11/site-packages/torch/_dynamo/metrics_context.py", line 101, in __exit__
[36m(WorkerDict pid=3712776)[0m [rank11]:E0617 13:13:19.112000 3712776 site-packages/torch/_dynamo/metrics_context.py:105] [0/1]     self._on_exit(
[36m(WorkerDict pid=3712776)[0m [rank11]:E0617 13:13:19.112000 3712776 site-packages/torch/_dynamo/metrics_context.py:105] [0/1]   File "/usr/local/python3.11.14/lib/python3.11/site-packages/torch/_dynamo/utils.py", line 1632, in record_compilation_metrics
[36m(WorkerDict pid=3712776)[0m [rank11]:E0617 13:13:19.112000 3712776 site-packages/torch/_dynamo/metrics_context.py:105] [0/1]     "triton_version": triton.__version__ if has_triton() else "",
[36m(WorkerDict pid=3712776)[0m [rank11]:E0617 13:13:19.112000 3712776 site-packages/torch/_dynamo/metrics_context.py:105] [0/1]                                             ^^^^^^^^^^^^
[36m(WorkerDict pid=3712776)[0m [rank11]:E0617 13:13:19.112000 3712776 site-packages/torch/_dynamo/metrics_context.py:105] [0/1]   File "/usr/local/python3.11.14/lib/python3.11/site-packages/torch/utils/_triton.py", line 159, in has_triton
[36m(WorkerDict pid=3712776)[0m [rank11]:E0617 13:13:19.112000 3712776 site-packages/torch/_dynamo/metrics_context.py:105] [0/1]     return is_device_compatible_with_triton()
[36m(WorkerDict pid=3712776)[0m [rank11]:E0617 13:13:19.112000 3712776 site-packages/torch/_dynamo/metrics_context.py:105] [0/1]            ^^^^^^^^^^^^^^^^^^^^^^^^^^^^^^^^^^
[36m(WorkerDict pid=3712776)[0m [rank11]:E0617 13:13:19.112000 3712776 site-packages/torch/_dynamo/metrics_context.py:105] [0/1]   File "/usr/local/python3.11.14/lib/python3.11/site-packages/torch/utils/_triton.py", line 155, in is_device_compatible_with_triton
[36m(WorkerDict pid=3712776)[0m [rank11]:E0617 13:13:19.112000 3712776 site-packages/torch/_dynamo/metrics_context.py:105] [0/1]     if device_interface.is_available() and extra_check(device_interface):
[36m(WorkerDict pid=3712776)[0m [rank11]:E0617 13:13:19.112000 3712776 site-packages/torch/_dynamo/metrics_context.py:105] [0/1]                                            ^^^^^^^^^^^^^^^^^^^^^^^^^^^^^
[36m(WorkerDict pid=3712776)[0m [rank11]:E0617 13:13:19.112000 3712776 site-packages/torch/_dynamo/metrics_context.py:105] [0/1]   File "/usr/local/python3.11.14/lib/python3.11/site-packages/torch/utils/_triton.py", line 135, in cuda_extra_check
[36m(WorkerDict pid=3712776)[0m [rank11]:E0617 13:13:19.112000 3712776 site-packages/torch/_dynamo/metrics_context.py:105] [0/1]     return device_interface.Worker.get_device_properties().major >= 7
[36m(WorkerDict pid=3712776)[0m [rank11]:E0617 13:13:19.112000 3712776 site-packages/torch/_dynamo/metrics_context.py:105] [0/1]            ^^^^^^^^^^^^^^^^^^^^^^^^^^^^^^^^^^^^^^^^^^^^^^^^^^^^^^^^^^
[36m(WorkerDict pid=3712776)[0m [rank11]:E0617 13:13:19.112000 3712776 site-packages/torch/_dynamo/metrics_context.py:105] [0/1] TypeError: '>=' not supported between instances of 'NoneType' and 'int'
[36m(WorkerDict pid=3712765)[0m Processed prompts:   3%|▎         | 1/32 [00:32<16:44, 32.39s/it, est. speed input: 1.23 toks/s, output: 7.90 toks/s]Processed prompts: 100%|██████████| 32/32 [00:32<00:00, 32.39s/it, est. speed input: 45.93 toks/s, output: 252.88 toks/s]
[36m(WorkerDict pid=3712766)[0m Processed prompts:   3%|▎         | 1/32 [00:34<17:38, 34.13s/it, est. speed input: 2.52 toks/s, output: 7.50 toks/s]Processed prompts: 100%|██████████| 32/32 [00:34<00:00, 34.13s/it, est. speed input: 56.72 toks/s, output: 240.01 toks/s]
[36m(WorkerDict pid=3712770)[0m Processed prompts:   3%|▎         | 1/32 [00:34<17:35, 34.04s/it, est. speed input: 1.38 toks/s, output: 7.52 toks/s]Processed prompts: 100%|██████████| 32/32 [00:34<00:00, 34.04s/it, est. speed input: 66.26 toks/s, output: 240.62 toks/s]
[36m(WorkerDict pid=3712768)[0m Processed prompts:   3%|▎         | 1/32 [00:33<17:09, 33.22s/it, est. speed input: 3.40 toks/s, output: 7.71 toks/s]Processed prompts: 100%|██████████| 32/32 [00:33<00:00, 33.22s/it, est. speed input: 77.55 toks/s, output: 246.61 toks/s]
[36m(WorkerDict pid=3712771)[0m Processed prompts:   3%|▎         | 1/32 [00:33<17:20, 33.56s/it, est. speed input: 2.06 toks/s, output: 7.63 toks/s]Processed prompts: 100%|██████████| 32/32 [00:33<00:00, 33.56s/it, est. speed input: 48.63 toks/s, output: 244.11 toks/s]
[36m(WorkerDict pid=3712772)[0m Processed prompts:   3%|▎         | 1/32 [00:32<16:57, 32.82s/it, est. speed input: 2.32 toks/s, output: 7.80 toks/s]Processed prompts: 100%|██████████| 32/32 [00:32<00:00, 32.82s/it, est. speed input: 66.78 toks/s, output: 249.58 toks/s]
[36m(WorkerDict pid=3712769)[0m Processed prompts:   3%|▎         | 1/32 [00:33<17:19, 33.52s/it, est. speed input: 1.19 toks/s, output: 7.64 toks/s]Processed prompts: 100%|██████████| 32/32 [00:33<00:00, 33.52s/it, est. speed input: 52.51 toks/s, output: 244.40 toks/s]
[36m(WorkerDict pid=3712767)[0m Processed prompts:   3%|▎         | 1/32 [00:33<17:09, 33.22s/it, est. speed input: 2.68 toks/s, output: 7.71 toks/s]Processed prompts: 100%|██████████| 32/32 [00:33<00:00, 33.22s/it, est. speed input: 87.19 toks/s, output: 246.62 toks/s]
[36m(WorkerDict pid=3712765)[0m Processed prompts: 100%|██████████| 32/32 [00:43<00:00,  1.35s/it, est. speed input: 45.93 toks/s, output: 252.88 toks/s]
[36m(WorkerDict pid=3712766)[0m Processed prompts: 100%|██████████| 32/32 [00:44<00:00,  1.40s/it, est. speed input: 56.72 toks/s, output: 240.01 toks/s]
[36m(WorkerDict pid=3712770)[0m Processed prompts: 100%|██████████| 32/32 [00:44<00:00,  1.39s/it, est. speed input: 66.26 toks/s, output: 240.62 toks/s]
[36m(WorkerDict pid=3712768)[0m Processed prompts: 100%|██████████| 32/32 [00:43<00:00,  1.37s/it, est. speed input: 77.55 toks/s, output: 246.61 toks/s]
[36m(WorkerDict pid=3712771)[0m Processed prompts: 100%|██████████| 32/32 [00:44<00:00,  1.38s/it, est. speed input: 48.63 toks/s, output: 244.11 toks/s]
[36m(WorkerDict pid=3712772)[0m Processed prompts: 100%|██████████| 32/32 [00:43<00:00,  1.36s/it, est. speed input: 66.78 toks/s, output: 249.58 toks/s]
[36m(WorkerDict pid=3712769)[0m Processed prompts: 100%|██████████| 32/32 [00:44<00:00,  1.38s/it, est. speed input: 52.51 toks/s, output: 244.40 toks/s]
[36m(WorkerDict pid=3712767)[0m Processed prompts: 100%|██████████| 32/32 [00:43<00:00,  1.37s/it, est. speed input: 87.19 toks/s, output: 246.62 toks/s]
[36m(WorkerDict pid=3712774)[0m Processed prompts:   3%|▎         | 1/32 [01:04<33:22, 64.60s/it, est. speed input: 0.54 toks/s, output: 7.93 toks/s]Processed prompts: 100%|██████████| 32/32 [01:04<00:00, 64.60s/it, est. speed input: 21.05 toks/s, output: 253.62 toks/s]
[36m(WorkerDict pid=3712773)[0m Processed prompts:   3%|▎         | 1/32 [01:05<33:40, 65.19s/it, est. speed input: 1.33 toks/s, output: 7.85 toks/s]Processed prompts: 100%|██████████| 32/32 [01:05<00:00, 65.19s/it, est. speed input: 33.14 toks/s, output: 251.34 toks/s]
[36m(WorkerDict pid=3712775)[0m Processed prompts:   3%|▎         | 1/32 [01:05<33:58, 65.76s/it, est. speed input: 0.52 toks/s, output: 7.79 toks/s]Processed prompts: 100%|██████████| 32/32 [01:05<00:00, 65.76s/it, est. speed input: 26.52 toks/s, output: 249.14 toks/s]
[36m(WorkerDict pid=3712776)[0m Processed prompts:   3%|▎         | 1/32 [01:05<33:42, 65.23s/it, est. speed input: 0.84 toks/s, output: 7.85 toks/s]Processed prompts: 100%|██████████| 32/32 [01:05<00:00, 65.23s/it, est. speed input: 51.51 toks/s, output: 251.15 toks/s]
[36m(WorkerDict pid=3712776)[0m Processed prompts: 100%|██████████| 32/32 [01:17<00:00,  2.44s/it, est. speed input: 51.51 toks/s, output: 251.15 toks/s]
[36m(WorkerDict pid=3712774)[0m Processed prompts: 100%|██████████| 32/32 [01:17<00:00,  2.42s/it, est. speed input: 21.05 toks/s, output: 253.62 toks/s]
[36m(WorkerDict pid=3712773)[0m Processed prompts: 100%|██████████| 32/32 [01:17<00:00,  2.44s/it, est. speed input: 33.14 toks/s, output: 251.34 toks/s]
[36m(WorkerDict pid=3712775)[0m Processed prompts: 100%|██████████| 32/32 [01:18<00:00,  2.45s/it, est. speed input: 26.52 toks/s, output: 249.14 toks/s]
[36m(WorkerDict pid=3712778)[0m Processed prompts:   3%|▎         | 1/32 [01:26<44:45, 86.61s/it, est. speed input: 1.22 toks/s, output: 7.39 toks/s]Processed prompts: 100%|██████████| 32/32 [01:26<00:00, 86.61s/it, est. speed input: 25.31 toks/s, output: 236.45 toks/s]
[36m(WorkerDict pid=3712780)[0m Processed prompts:   3%|▎         | 1/32 [01:27<45:03, 87.19s/it, est. speed input: 0.45 toks/s, output: 7.34 toks/s]Processed prompts: 100%|██████████| 32/32 [01:27<00:00, 87.19s/it, est. speed input: 18.53 toks/s, output: 234.87 toks/s]
[36m(WorkerDict pid=3712777)[0m Processed prompts:   3%|▎         | 1/32 [01:27<45:04, 87.26s/it, est. speed input: 1.16 toks/s, output: 7.33 toks/s]Processed prompts: 100%|██████████| 32/32 [01:27<00:00, 87.26s/it, est. speed input: 45.11 toks/s, output: 234.71 toks/s]Processed prompts: 100%|██████████| 32/32 [01:27<00:00,  2.73s/it, est. speed input: 45.11 toks/s, output: 234.71 toks/s]
[36m(WorkerDict pid=3712778)[0m Processed prompts: 100%|██████████| 32/32 [01:26<00:00,  2.71s/it, est. speed input: 25.31 toks/s, output: 236.45 toks/s]
[36m(WorkerDict pid=3712780)[0m Processed prompts: 100%|██████████| 32/32 [01:27<00:00,  2.73s/it, est. speed input: 18.53 toks/s, output: 234.87 toks/s]
[36m(WorkerDict pid=3712779)[0m Processed prompts:   3%|▎         | 1/32 [01:26<44:49, 86.74s/it, est. speed input: 1.38 toks/s, output: 7.38 toks/s]Processed prompts: 100%|██████████| 32/32 [01:26<00:00, 86.74s/it, est. speed input: 43.53 toks/s, output: 236.09 toks/s]Processed prompts: 100%|██████████| 32/32 [01:26<00:00,  2.71s/it, est. speed input: 43.53 toks/s, output: 236.09 toks/s]
[36m(WorkerDict pid=3712765)[0m [rank0]:[W617 13:15:24.416787036 compiler_depend.ts:67] Warning: c10d::broadcast_: an autograd kernel was not registered to the Autograd key(s) but we are trying to backprop through it. This may lead to silently incorrect behavior. This behavior is deprecated and will be removed in a future version of PyTorch. If your operator is differentiable, please ensure you have registered an autograd kernel to the correct Autograd key (e.g. DispatchKey::Autograd, DispatchKey::CompositeImplicitAutograd). If your operator is not differentiable, or to squash this warning and use the previous behavior, please register torch::CppFunction::makeFallthrough() to DispatchKey::Autograd. (function operator())
[36m(TaskRunner pid=3711274)[0m Training Progress:  20%|██        | 1/5 [03:00<12:03, 180.76s/it]
[36m(WorkerDict pid=3712771)[0m Adding requests:   0%|          | 0/32 [00:00<?, ?it/s]Adding requests: 100%|██████████| 32/32 [00:00<00:00, 11980.52it/s]
[36m(WorkerDict pid=3712771)[0m Processed prompts:   0%|          | 0/32 [00:00<?, ?it/s, est. speed input: 0.00 toks/s, output: 0.00 toks/s]
[36m(WorkerDict pid=3712769)[0m Adding requests:   0%|          | 0/32 [00:00<?, ?it/s]Adding requests: 100%|██████████| 32/32 [00:00<00:00, 12555.45it/s]
[36m(WorkerDict pid=3712769)[0m Processed prompts:   0%|          | 0/32 [00:00<?, ?it/s, est. speed input: 0.00 toks/s, output: 0.00 toks/s]
[36m(WorkerDict pid=3712766)[0m Adding requests:   0%|          | 0/32 [00:00<?, ?it/s]Adding requests: 100%|██████████| 32/32 [00:00<00:00, 11952.78it/s]
[36m(WorkerDict pid=3712766)[0m Processed prompts:   0%|          | 0/32 [00:00<?, ?it/s, est. speed input: 0.00 toks/s, output: 0.00 toks/s]
[36m(WorkerDict pid=3712778)[0m Adding requests:   0%|          | 0/32 [00:00<?, ?it/s]Adding requests: 100%|██████████| 32/32 [00:00<00:00, 12236.10it/s]
[36m(WorkerDict pid=3712778)[0m Processed prompts:   0%|          | 0/32 [00:00<?, ?it/s, est. speed input: 0.00 toks/s, output: 0.00 toks/s]
[36m(WorkerDict pid=3712767)[0m Adding requests:   0%|          | 0/32 [00:00<?, ?it/s]Adding requests: 100%|██████████| 32/32 [00:00<00:00, 12355.49it/s]
[36m(WorkerDict pid=3712767)[0m Processed prompts:   0%|          | 0/32 [00:00<?, ?it/s, est. speed input: 0.00 toks/s, output: 0.00 toks/s]
[36m(WorkerDict pid=3712773)[0m Adding requests:   0%|          | 0/32 [00:00<?, ?it/s]Adding requests: 100%|██████████| 32/32 [00:00<00:00, 12071.03it/s]
[36m(WorkerDict pid=3712773)[0m Processed prompts:   0%|          | 0/32 [00:00<?, ?it/s, est. speed input: 0.00 toks/s, output: 0.00 toks/s]
[36m(WorkerDict pid=3712780)[0m Adding requests:   0%|          | 0/32 [00:00<?, ?it/s]Adding requests: 100%|██████████| 32/32 [00:00<00:00, 12207.16it/s]
[36m(WorkerDict pid=3712780)[0m Processed prompts:   0%|          | 0/32 [00:00<?, ?it/s, est. speed input: 0.00 toks/s, output: 0.00 toks/s]
[36m(WorkerDict pid=3712775)[0m Adding requests:   0%|          | 0/32 [00:00<?, ?it/s]Adding requests: 100%|██████████| 32/32 [00:00<00:00, 12005.16it/s]
[36m(WorkerDict pid=3712775)[0m Processed prompts:   0%|          | 0/32 [00:00<?, ?it/s, est. speed input: 0.00 toks/s, output: 0.00 toks/s]
[36m(WorkerDict pid=3712770)[0m Adding requests:   0%|          | 0/32 [00:00<?, ?it/s]Adding requests: 100%|██████████| 32/32 [00:00<00:00, 11820.14it/s]
[36m(WorkerDict pid=3712770)[0m Processed prompts:   0%|          | 0/32 [00:00<?, ?it/s, est. speed input: 0.00 toks/s, output: 0.00 toks/s]
[36m(WorkerDict pid=3712768)[0m Adding requests:   0%|          | 0/32 [00:00<?, ?it/s]Adding requests: 100%|██████████| 32/32 [00:00<00:00, 12394.29it/s]
[36m(WorkerDict pid=3712768)[0m Processed prompts:   0%|          | 0/32 [00:00<?, ?it/s, est. speed input: 0.00 toks/s, output: 0.00 toks/s]
[36m(WorkerDict pid=3712772)[0m Adding requests:   0%|          | 0/32 [00:00<?, ?it/s]Adding requests: 100%|██████████| 32/32 [00:00<00:00, 12206.05it/s]
[36m(WorkerDict pid=3712772)[0m Processed prompts:   0%|          | 0/32 [00:00<?, ?it/s, est. speed input: 0.00 toks/s, output: 0.00 toks/s]
[36m(WorkerDict pid=3712779)[0m Adding requests:   0%|          | 0/32 [00:00<?, ?it/s]Adding requests: 100%|██████████| 32/32 [00:00<00:00, 11770.39it/s]
[36m(WorkerDict pid=3712779)[0m Processed prompts:   0%|          | 0/32 [00:00<?, ?it/s, est. speed input: 0.00 toks/s, output: 0.00 toks/s]
[36m(WorkerDict pid=3712774)[0m Adding requests:   0%|          | 0/32 [00:00<?, ?it/s]Adding requests: 100%|██████████| 32/32 [00:00<00:00, 12347.54it/s]
[36m(WorkerDict pid=3712774)[0m Processed prompts:   0%|          | 0/32 [00:00<?, ?it/s, est. speed input: 0.00 toks/s, output: 0.00 toks/s]
[36m(WorkerDict pid=3712776)[0m Adding requests:   0%|          | 0/32 [00:00<?, ?it/s]Adding requests: 100%|██████████| 32/32 [00:00<00:00, 11848.32it/s]
[36m(WorkerDict pid=3712776)[0m Processed prompts:   0%|          | 0/32 [00:00<?, ?it/s, est. speed input: 0.00 toks/s, output: 0.00 toks/s]
[36m(WorkerDict pid=3712777)[0m Adding requests:   0%|          | 0/32 [00:00<?, ?it/s]Adding requests: 100%|██████████| 32/32 [00:00<00:00, 11256.10it/s]
[36m(WorkerDict pid=3712777)[0m Processed prompts:   0%|          | 0/32 [00:00<?, ?it/s, est. speed input: 0.00 toks/s, output: 0.00 toks/s]
[36m(WorkerDict pid=3712765)[0m Adding requests:   0%|          | 0/32 [00:00<?, ?it/s]
[36m(WorkerDict pid=3712765)[0m Adding requests: 100%|██████████| 32/32 [00:00<00:00, 7177.42it/s]
[36m(WorkerDict pid=3712765)[0m Processed prompts:   0%|          | 0/32 [00:00<?, ?it/s, est. speed input: 0.00 toks/s, output: 0.00 toks/s]
[36m(WorkerDict pid=3712765)[0m Processed prompts:   3%|▎         | 1/32 [00:26<13:44, 26.61s/it, est. speed input: 1.84 toks/s, output: 9.62 toks/s]Processed prompts: 100%|██████████| 32/32 [00:26<00:00, 26.61s/it, est. speed input: 68.54 toks/s, output: 307.84 toks/s]
[36m(WorkerDict pid=3712766)[0m Processed prompts:   3%|▎         | 1/32 [00:28<14:46, 28.60s/it, est. speed input: 2.17 toks/s, output: 8.95 toks/s]Processed prompts: 100%|██████████| 32/32 [00:28<00:00, 28.60s/it, est. speed input: 64.34 toks/s, output: 286.45 toks/s]
[36m(WorkerDict pid=3712770)[0m Processed prompts:   3%|▎         | 1/32 [00:28<14:32, 28.13s/it, est. speed input: 3.45 toks/s, output: 9.10 toks/s]Processed prompts: 100%|██████████| 32/32 [00:28<00:00, 28.13s/it, est. speed input: 106.92 toks/s, output: 291.17 toks/s]
[36m(WorkerDict pid=3712768)[0m Processed prompts:   3%|▎         | 1/32 [00:28<14:32, 28.16s/it, est. speed input: 2.10 toks/s, output: 9.09 toks/s]Processed prompts: 100%|██████████| 32/32 [00:28<00:00, 28.16s/it, est. speed input: 65.35 toks/s, output: 290.94 toks/s]
[36m(WorkerDict pid=3712771)[0m Processed prompts:   3%|▎         | 1/32 [00:28<14:52, 28.78s/it, est. speed input: 2.12 toks/s, output: 8.90 toks/s]Processed prompts: 100%|██████████| 32/32 [00:28<00:00, 28.78s/it, est. speed input: 97.30 toks/s, output: 284.66 toks/s]
[36m(WorkerDict pid=3712769)[0m Processed prompts:   3%|▎         | 1/32 [00:28<14:49, 28.69s/it, est. speed input: 1.92 toks/s, output: 8.92 toks/s]Processed prompts: 100%|██████████| 32/32 [00:28<00:00, 28.69s/it, est. speed input: 65.25 toks/s, output: 285.53 toks/s]
[36m(WorkerDict pid=3712767)[0m Processed prompts:   3%|▎         | 1/32 [00:28<14:47, 28.62s/it, est. speed input: 2.03 toks/s, output: 8.95 toks/s]Processed prompts: 100%|██████████| 32/32 [00:28<00:00, 28.62s/it, est. speed input: 73.24 toks/s, output: 286.24 toks/s]
[36m(WorkerDict pid=3712772)[0m Processed prompts:   3%|▎         | 1/32 [00:28<14:31, 28.11s/it, est. speed input: 3.74 toks/s, output: 9.11 toks/s]Processed prompts: 100%|██████████| 32/32 [00:28<00:00, 28.11s/it, est. speed input: 119.52 toks/s, output: 291.39 toks/s]
[36m(WorkerDict pid=3712765)[0m Processed prompts: 100%|██████████| 32/32 [00:37<00:00,  1.16s/it, est. speed input: 68.54 toks/s, output: 307.84 toks/s]
[36m(WorkerDict pid=3712766)[0m Processed prompts: 100%|██████████| 32/32 [00:38<00:00,  1.22s/it, est. speed input: 64.34 toks/s, output: 286.45 toks/s]
[36m(WorkerDict pid=3712770)[0m Processed prompts: 100%|██████████| 32/32 [00:38<00:00,  1.20s/it, est. speed input: 106.92 toks/s, output: 291.17 toks/s]
[36m(WorkerDict pid=3712768)[0m Processed prompts: 100%|██████████| 32/32 [00:38<00:00,  1.20s/it, est. speed input: 65.35 toks/s, output: 290.94 toks/s]
[36m(WorkerDict pid=3712771)[0m Processed prompts: 100%|██████████| 32/32 [00:39<00:00,  1.22s/it, est. speed input: 97.30 toks/s, output: 284.66 toks/s]
[36m(WorkerDict pid=3712772)[0m Processed prompts: 100%|██████████| 32/32 [00:38<00:00,  1.20s/it, est. speed input: 119.52 toks/s, output: 291.39 toks/s]
[36m(WorkerDict pid=3712769)[0m Processed prompts: 100%|██████████| 32/32 [00:39<00:00,  1.22s/it, est. speed input: 65.25 toks/s, output: 285.53 toks/s]
[36m(WorkerDict pid=3712767)[0m Processed prompts: 100%|██████████| 32/32 [00:39<00:00,  1.22s/it, est. speed input: 73.24 toks/s, output: 286.24 toks/s]
[36m(WorkerDict pid=3712776)[0m Processed prompts:   3%|▎         | 1/32 [00:58<30:10, 58.40s/it, est. speed input: 0.86 toks/s, output: 8.77 toks/s]Processed prompts: 100%|██████████| 32/32 [00:58<00:00, 58.40s/it, est. speed input: 26.57 toks/s, output: 280.54 toks/s]
[36m(WorkerDict pid=3712774)[0m Processed prompts:   3%|▎         | 1/32 [00:58<30:16, 58.60s/it, est. speed input: 0.63 toks/s, output: 8.74 toks/s]Processed prompts: 100%|██████████| 32/32 [00:58<00:00, 58.60s/it, est. speed input: 27.30 toks/s, output: 279.57 toks/s]
[36m(WorkerDict pid=3712773)[0m Processed prompts:   3%|▎         | 1/32 [00:59<30:42, 59.45s/it, est. speed input: 0.64 toks/s, output: 8.61 toks/s]Processed prompts: 100%|██████████| 32/32 [00:59<00:00, 59.45s/it, est. speed input: 19.92 toks/s, output: 275.59 toks/s]
[36m(WorkerDict pid=3712775)[0m Processed prompts:   3%|▎         | 1/32 [00:59<30:46, 59.58s/it, est. speed input: 2.23 toks/s, output: 8.59 toks/s]Processed prompts: 100%|██████████| 32/32 [00:59<00:00, 59.58s/it, est. speed input: 70.36 toks/s, output: 275.00 toks/s]
[36m(WorkerDict pid=3712776)[0m Processed prompts: 100%|██████████| 32/32 [01:10<00:00,  2.20s/it, est. speed input: 26.57 toks/s, output: 280.54 toks/s]
[36m(WorkerDict pid=3712774)[0m Processed prompts: 100%|██████████| 32/32 [01:10<00:00,  2.21s/it, est. speed input: 27.30 toks/s, output: 279.57 toks/s]
[36m(WorkerDict pid=3712773)[0m Processed prompts: 100%|██████████| 32/32 [01:11<00:00,  2.24s/it, est. speed input: 19.92 toks/s, output: 275.59 toks/s]
[36m(WorkerDict pid=3712775)[0m Processed prompts: 100%|██████████| 32/32 [01:11<00:00,  2.24s/it, est. speed input: 70.36 toks/s, output: 275.00 toks/s]
[36m(WorkerDict pid=3712777)[0m Processed prompts:   3%|▎         | 1/32 [01:19<40:56, 79.25s/it, est. speed input: 1.32 toks/s, output: 8.08 toks/s]Processed prompts: 100%|██████████| 32/32 [01:19<00:00, 79.25s/it, est. speed input: 32.30 toks/s, output: 258.41 toks/s]
[36m(WorkerDict pid=3712778)[0m Processed prompts:   3%|▎         | 1/32 [01:20<41:39, 80.63s/it, est. speed input: 0.84 toks/s, output: 7.94 toks/s]Processed prompts: 100%|██████████| 32/32 [01:20<00:00, 80.63s/it, est. speed input: 26.19 toks/s, output: 253.99 toks/s]
[36m(WorkerDict pid=3712780)[0m Processed prompts:   3%|▎         | 1/32 [01:20<41:36, 80.52s/it, est. speed input: 0.65 toks/s, output: 7.95 toks/s]Processed prompts: 100%|██████████| 32/32 [01:20<00:00, 80.52s/it, est. speed input: 35.77 toks/s, output: 254.34 toks/s]
[36m(WorkerDict pid=3712777)[0m Processed prompts: 100%|██████████| 32/32 [01:19<00:00,  2.48s/it, est. speed input: 32.30 toks/s, output: 258.41 toks/s]
[36m(WorkerDict pid=3712778)[0m Processed prompts: 100%|██████████| 32/32 [01:20<00:00,  2.52s/it, est. speed input: 26.19 toks/s, output: 253.99 toks/s]
[36m(WorkerDict pid=3712780)[0m Processed prompts: 100%|██████████| 32/32 [01:20<00:00,  2.52s/it, est. speed input: 35.77 toks/s, output: 254.34 toks/s]
[36m(WorkerDict pid=3712779)[0m Processed prompts:   3%|▎         | 1/32 [01:20<41:25, 80.17s/it, est. speed input: 1.14 toks/s, output: 7.98 toks/s]Processed prompts: 100%|██████████| 32/32 [01:20<00:00, 80.17s/it, est. speed input: 42.71 toks/s, output: 255.46 toks/s]Processed prompts: 100%|██████████| 32/32 [01:20<00:00,  2.51s/it, est. speed input: 42.71 toks/s, output: 255.46 toks/s]
[36m(TaskRunner pid=3711274)[0m Training Progress:  40%|████      | 2/5 [05:41<08:26, 168.91s/it]
[36m(WorkerDict pid=3712779)[0m Adding requests:   0%|          | 0/32 [00:00<?, ?it/s]Adding requests: 100%|██████████| 32/32 [00:00<00:00, 11401.44it/s]
[36m(WorkerDict pid=3712779)[0m Processed prompts:   0%|          | 0/32 [00:00<?, ?it/s, est. speed input: 0.00 toks/s, output: 0.00 toks/s]
[36m(WorkerDict pid=3712767)[0m Adding requests:   0%|          | 0/32 [00:00<?, ?it/s]Adding requests: 100%|██████████| 32/32 [00:00<00:00, 11587.48it/s]
[36m(WorkerDict pid=3712767)[0m Processed prompts:   0%|          | 0/32 [00:00<?, ?it/s, est. speed input: 0.00 toks/s, output: 0.00 toks/s]
[36m(WorkerDict pid=3712775)[0m Adding requests:   0%|          | 0/32 [00:00<?, ?it/s]Adding requests: 100%|██████████| 32/32 [00:00<00:00, 12236.10it/s]
[36m(WorkerDict pid=3712775)[0m Processed prompts:   0%|          | 0/32 [00:00<?, ?it/s, est. speed input: 0.00 toks/s, output: 0.00 toks/s]
[36m(WorkerDict pid=3712771)[0m Adding requests:   0%|          | 0/32 [00:00<?, ?it/s]Adding requests: 100%|██████████| 32/32 [00:00<00:00, 12465.66it/s]
[36m(WorkerDict pid=3712771)[0m Processed prompts:   0%|          | 0/32 [00:00<?, ?it/s, est. speed input: 0.00 toks/s, output: 0.00 toks/s]
[36m(WorkerDict pid=3712773)[0m Adding requests:   0%|          | 0/32 [00:00<?, ?it/s]Adding requests: 100%|██████████| 32/32 [00:00<00:00, 11504.05it/s]
[36m(WorkerDict pid=3712773)[0m Processed prompts:   0%|          | 0/32 [00:00<?, ?it/s, est. speed input: 0.00 toks/s, output: 0.00 toks/s]
[36m(WorkerDict pid=3712770)[0m Adding requests:   0%|          | 0/32 [00:00<?, ?it/s]Adding requests: 100%|██████████| 32/32 [00:00<00:00, 12893.15it/s]
[36m(WorkerDict pid=3712770)[0m Processed prompts:   0%|          | 0/32 [00:00<?, ?it/s, est. speed input: 0.00 toks/s, output: 0.00 toks/s]
[36m(WorkerDict pid=3712768)[0m Adding requests:   0%|          | 0/32 [00:00<?, ?it/s]Adding requests: 100%|██████████| 32/32 [00:00<00:00, 12604.97it/s]
[36m(WorkerDict pid=3712768)[0m Processed prompts:   0%|          | 0/32 [00:00<?, ?it/s, est. speed input: 0.00 toks/s, output: 0.00 toks/s]
[36m(WorkerDict pid=3712778)[0m Adding requests:   0%|          | 0/32 [00:00<?, ?it/s]Adding requests: 100%|██████████| 32/32 [00:00<00:00, 12393.14it/s]
[36m(WorkerDict pid=3712778)[0m Processed prompts:   0%|          | 0/32 [00:00<?, ?it/s, est. speed input: 0.00 toks/s, output: 0.00 toks/s]
[36m(WorkerDict pid=3712780)[0m Adding requests:   0%|          | 0/32 [00:00<?, ?it/s]Adding requests: 100%|██████████| 32/32 [00:00<00:00, 12071.03it/s]
[36m(WorkerDict pid=3712780)[0m Processed prompts:   0%|          | 0/32 [00:00<?, ?it/s, est. speed input: 0.00 toks/s, output: 0.00 toks/s]
[36m(WorkerDict pid=3712772)[0m Adding requests:   0%|          | 0/32 [00:00<?, ?it/s]Adding requests: 100%|██████████| 32/32 [00:00<00:00, 12186.10it/s]
[36m(WorkerDict pid=3712772)[0m Processed prompts:   0%|          | 0/32 [00:00<?, ?it/s, est. speed input: 0.00 toks/s, output: 0.00 toks/s]
[36m(WorkerDict pid=3712774)[0m Adding requests:   0%|          | 0/32 [00:00<?, ?it/s]Adding requests: 100%|██████████| 32/32 [00:00<00:00, 12098.23it/s]
[36m(WorkerDict pid=3712774)[0m Processed prompts:   0%|          | 0/32 [00:00<?, ?it/s, est. speed input: 0.00 toks/s, output: 0.00 toks/s]
[36m(WorkerDict pid=3712769)[0m Adding requests:   0%|          | 0/32 [00:00<?, ?it/s]Adding requests: 100%|██████████| 32/32 [00:00<00:00, 12546.06it/s]
[36m(WorkerDict pid=3712769)[0m Processed prompts:   0%|          | 0/32 [00:00<?, ?it/s, est. speed input: 0.00 toks/s, output: 0.00 toks/s]
[36m(WorkerDict pid=3712777)[0m Adding requests:   0%|          | 0/32 [00:00<?, ?it/s]Adding requests: 100%|██████████| 32/32 [00:00<00:00, 11731.29it/s]
[36m(WorkerDict pid=3712777)[0m Processed prompts:   0%|          | 0/32 [00:00<?, ?it/s, est. speed input: 0.00 toks/s, output: 0.00 toks/s]
[36m(WorkerDict pid=3712776)[0m Adding requests:   0%|          | 0/32 [00:00<?, ?it/s]Adding requests: 100%|██████████| 32/32 [00:00<00:00, 12078.63it/s]
[36m(WorkerDict pid=3712776)[0m Processed prompts:   0%|          | 0/32 [00:00<?, ?it/s, est. speed input: 0.00 toks/s, output: 0.00 toks/s]
[36m(WorkerDict pid=3712766)[0m Adding requests:   0%|          | 0/32 [00:00<?, ?it/s]Adding requests: 100%|██████████| 32/32 [00:00<00:00, 12782.64it/s]
[36m(WorkerDict pid=3712766)[0m Processed prompts:   0%|          | 0/32 [00:00<?, ?it/s, est. speed input: 0.00 toks/s, output: 0.00 toks/s]
[36m(WorkerDict pid=3712765)[0m Adding requests:   0%|          | 0/32 [00:00<?, ?it/s]Adding requests: 100%|██████████| 32/32 [00:00<00:00, 11353.22it/s]
[36m(WorkerDict pid=3712765)[0m Processed prompts:   0%|          | 0/32 [00:00<?, ?it/s, est. speed input: 0.00 toks/s, output: 0.00 toks/s]
[36m(WorkerDict pid=3712770)[0m Processed prompts:   3%|▎         | 1/32 [00:29<15:28, 29.94s/it, est. speed input: 1.54 toks/s, output: 8.55 toks/s]Processed prompts: 100%|██████████| 32/32 [00:29<00:00, 29.94s/it, est. speed input: 42.75 toks/s, output: 273.61 toks/s]
[36m(WorkerDict pid=3712768)[0m Processed prompts:   3%|▎         | 1/32 [00:29<15:25, 29.86s/it, est. speed input: 1.81 toks/s, output: 8.57 toks/s]Processed prompts: 100%|██████████| 32/32 [00:29<00:00, 29.86s/it, est. speed input: 41.26 toks/s, output: 274.36 toks/s]
[36m(WorkerDict pid=3712769)[0m Processed prompts:   3%|▎         | 1/32 [00:29<15:17, 29.59s/it, est. speed input: 2.37 toks/s, output: 8.65 toks/s]Processed prompts: 100%|██████████| 32/32 [00:29<00:00, 29.59s/it, est. speed input: 53.52 toks/s, output: 276.81 toks/s]
[36m(WorkerDict pid=3712767)[0m Processed prompts:   3%|▎         | 1/32 [00:30<15:38, 30.28s/it, est. speed input: 2.15 toks/s, output: 8.45 toks/s]Processed prompts: 100%|██████████| 32/32 [00:30<00:00, 30.28s/it, est. speed input: 53.89 toks/s, output: 270.51 toks/s]
[36m(WorkerDict pid=3712766)[0m Processed prompts:   3%|▎         | 1/32 [00:29<15:04, 29.18s/it, est. speed input: 2.19 toks/s, output: 8.77 toks/s]Processed prompts: 100%|██████████| 32/32 [00:29<00:00, 29.18s/it, est. speed input: 68.53 toks/s, output: 280.71 toks/s]
[36m(WorkerDict pid=3712771)[0m Processed prompts:   3%|▎         | 1/32 [00:30<15:36, 30.22s/it, est. speed input: 3.97 toks/s, output: 8.47 toks/s]Processed prompts: 100%|██████████| 32/32 [00:30<00:00, 30.22s/it, est. speed input: 93.71 toks/s, output: 271.07 toks/s]
[36m(WorkerDict pid=3712772)[0m Processed prompts:   3%|▎         | 1/32 [00:29<15:22, 29.76s/it, est. speed input: 2.86 toks/s, output: 8.60 toks/s]Processed prompts: 100%|██████████| 32/32 [00:29<00:00, 29.76s/it, est. speed input: 109.12 toks/s, output: 275.22 toks/s]
[36m(WorkerDict pid=3712765)[0m Processed prompts:   3%|▎         | 1/32 [00:29<15:09, 29.34s/it, est. speed input: 2.25 toks/s, output: 8.73 toks/s]Processed prompts: 100%|██████████| 32/32 [00:29<00:00, 29.34s/it, est. speed input: 243.22 toks/s, output: 279.21 toks/s]
[36m(WorkerDict pid=3712765)[0m Processed prompts: 100%|██████████| 32/32 [00:39<00:00,  1.23s/it, est. speed input: 243.22 toks/s, output: 279.21 toks/s]
[36m(WorkerDict pid=3712766)[0m Processed prompts: 100%|██████████| 32/32 [00:39<00:00,  1.23s/it, est. speed input: 68.53 toks/s, output: 280.71 toks/s]
[36m(WorkerDict pid=3712770)[0m Processed prompts: 100%|██████████| 32/32 [00:40<00:00,  1.25s/it, est. speed input: 42.75 toks/s, output: 273.61 toks/s]
[36m(WorkerDict pid=3712768)[0m Processed prompts: 100%|██████████| 32/32 [00:40<00:00,  1.25s/it, est. speed input: 41.26 toks/s, output: 274.36 toks/s]
[36m(WorkerDict pid=3712771)[0m Processed prompts: 100%|██████████| 32/32 [00:40<00:00,  1.26s/it, est. speed input: 93.71 toks/s, output: 271.07 toks/s]
[36m(WorkerDict pid=3712772)[0m Processed prompts: 100%|██████████| 32/32 [00:39<00:00,  1.25s/it, est. speed input: 109.12 toks/s, output: 275.22 toks/s]
[36m(WorkerDict pid=3712769)[0m Processed prompts: 100%|██████████| 32/32 [00:39<00:00,  1.24s/it, est. speed input: 53.52 toks/s, output: 276.81 toks/s]
[36m(WorkerDict pid=3712767)[0m Processed prompts: 100%|██████████| 32/32 [00:40<00:00,  1.27s/it, est. speed input: 53.89 toks/s, output: 270.51 toks/s]
[36m(WorkerDict pid=3712775)[0m Processed prompts:   3%|▎         | 1/32 [01:00<31:14, 60.48s/it, est. speed input: 0.84 toks/s, output: 8.47 toks/s]Processed prompts: 100%|██████████| 32/32 [01:00<00:00, 60.48s/it, est. speed input: 19.58 toks/s, output: 270.90 toks/s]
[36m(WorkerDict pid=3712774)[0m Processed prompts:   3%|▎         | 1/32 [00:59<30:56, 59.89s/it, est. speed input: 1.87 toks/s, output: 8.55 toks/s]Processed prompts: 100%|██████████| 32/32 [00:59<00:00, 59.89s/it, est. speed input: 44.89 toks/s, output: 273.59 toks/s]
[36m(WorkerDict pid=3712773)[0m Processed prompts:   3%|▎         | 1/32 [01:00<31:13, 60.42s/it, est. speed input: 0.88 toks/s, output: 8.47 toks/s]Processed prompts: 100%|██████████| 32/32 [01:00<00:00, 60.42s/it, est. speed input: 30.19 toks/s, output: 271.16 toks/s]
[36m(WorkerDict pid=3712776)[0m Processed prompts:   3%|▎         | 1/32 [00:59<30:53, 59.78s/it, est. speed input: 0.95 toks/s, output: 8.56 toks/s]Processed prompts: 100%|██████████| 32/32 [00:59<00:00, 59.78s/it, est. speed input: 62.36 toks/s, output: 274.06 toks/s]
