watch_start_time=1779174921.996720082
watch_train_log=/workspace/cann-recipes-train/llm_rl/qwen3/record_72b_tp1dp8_20260519151521_elastic.txt
watch_sidecar_script=/workspace/cann-recipes-train/llm_rl/qwen3/internal/run_elastic_sidecar_infer.sh
watch_expected_active_ranks=8
watch_world_size=16
watch_start_trigger=shrink_done
watch_graceful_kill_seconds=3
watch_sidecar_stop_file=sidecar_runs/record_72b_tp1dp8_20260519151521/outputs.jsonl.stop_requested
shrink_window_detected_time=1779175906.404278467 active_count=8
shrink_window_line=[36m(WorkerDict pid=1989206)[0m INFO 05-19 15:31:46 [worker_v1.py:2983] Elastic parallel shrink done: rank=0 active_ranks=[0, 1, 5, 7, 9, 11, 12, 14] dp_size=8 ep_size=8 no_ep_tail=False rebuild_ms=27.97 refresh_ms=520.29 warmup_ms=1714.18 total_ms=3552.00
sidecar_devices_source=auto_from_inactive_ranks
sidecar_start_time=1779175906.442140136
sidecar_active_ranks=0,1,5,7,9,11,12,14
sidecar_devices=2,3,4,6,8,10,13,15
sidecar_pid=2013769
sidecar_start_time=1779175907.578868827
sidecar_devices=2,3,4,6,8,10,13,15
sidecar_device_count=8
sidecar_replica_count=8
sidecar_parallel_mode=hybrid
sidecar_tensor_parallel_size=1
sidecar_data_parallel_size=1
sidecar_device_groups=2;3;4;6;8;10;13;15
sidecar_unused_devices=
sidecar_master_addr=192.168.0.163
sidecar_force_host_ip_for_tp=1
sidecar_vllm_host_ip=192.168.0.163
sidecar_vllm_multiproc_host_ip=192.168.0.163
sidecar_vllm_reuse_world_group=1
sidecar_master_port_base=24300
sidecar_master_ports=24300,24332,24364,24396,24428,24460,24492,24524
sidecar_master_port_stride=32
sidecar_data_parallel_rpc_ports=
sidecar_hccl_if_base_port=52366
sidecar_hccl_if_base_ports=52366,52647,53065,53193,53639,54043,54673,54882
sidecar_hccl_host_socket_port_range=52366-52429
sidecar_hccl_npu_socket_port_range=52430-52493
sidecar_hccl_if_base_port_fixed=0
sidecar_hccl_port_stride=2048
sidecar_hccl_port_window=64
sidecar_vllm_set_worker_rank_envs=1
sidecar_ep_allowed=1
sidecar_model_is_moe=1
sidecar_model_is_moe_reason=override
sidecar_ep_effective=1
sidecar_model=/home/sharedata/models/pangu-pro-moe-model
sidecar_output=sidecar_runs/record_72b_tp1dp8_20260519151521/outputs.jsonl
sidecar_state_dir=sidecar_runs/state/pangu_pro_moe_gsm8k_train
sidecar_generate_chunk_size=32
sidecar_stream_checkpoint=1
sidecar_partial_sync_every_steps=0
sidecar_stop_file=sidecar_runs/record_72b_tp1dp8_20260519151521/outputs.jsonl.stop_requested
sidecar_shard_start_time=1779175907.585615477 shard=0 device_group=2 tp=1 dp=1 master_port=24300 data_parallel_rpc_port= hccl_if_base_port=52366 hccl_host_socket_port_range=52366-52429 hccl_npu_socket_port_range=52430-52493 output=sidecar_runs/record_72b_tp1dp8_20260519151521/outputs.jsonl.shard0
sidecar_shard_start_time=1779175907.589806446 shard=1 device_group=3 tp=1 dp=1 master_port=24332 data_parallel_rpc_port= hccl_if_base_port=52647 hccl_host_socket_port_range=52647-52710 hccl_npu_socket_port_range=52711-52774 output=sidecar_runs/record_72b_tp1dp8_20260519151521/outputs.jsonl.shard1
sidecar_shard_start_time=1779175907.594357756 shard=2 device_group=4 tp=1 dp=1 master_port=24364 data_parallel_rpc_port= hccl_if_base_port=53065 hccl_host_socket_port_range=53065-53128 hccl_npu_socket_port_range=53129-53192 output=sidecar_runs/record_72b_tp1dp8_20260519151521/outputs.jsonl.shard2
sidecar_shard_start_time=1779175907.598837236 shard=3 device_group=6 tp=1 dp=1 master_port=24396 data_parallel_rpc_port= hccl_if_base_port=53193 hccl_host_socket_port_range=53193-53256 hccl_npu_socket_port_range=53257-53320 output=sidecar_runs/record_72b_tp1dp8_20260519151521/outputs.jsonl.shard3
sidecar_shard_start_time=1779175907.603196256 shard=4 device_group=8 tp=1 dp=1 master_port=24428 data_parallel_rpc_port= hccl_if_base_port=53639 hccl_host_socket_port_range=53639-53702 hccl_npu_socket_port_range=53703-53766 output=sidecar_runs/record_72b_tp1dp8_20260519151521/outputs.jsonl.shard4
sidecar_shard_start_time=1779175907.607658416 shard=5 device_group=10 tp=1 dp=1 master_port=24460 data_parallel_rpc_port= hccl_if_base_port=54043 hccl_host_socket_port_range=54043-54106 hccl_npu_socket_port_range=54107-54170 output=sidecar_runs/record_72b_tp1dp8_20260519151521/outputs.jsonl.shard5
sidecar_shard_start_time=1779175907.612871409 shard=6 device_group=13 tp=1 dp=1 master_port=24492 data_parallel_rpc_port= hccl_if_base_port=54673 hccl_host_socket_port_range=54673-54736 hccl_npu_socket_port_range=54737-54800 output=sidecar_runs/record_72b_tp1dp8_20260519151521/outputs.jsonl.shard6
sidecar_shard_start_time=1779175907.617328219 shard=7 device_group=15 tp=1 dp=1 master_port=24524 data_parallel_rpc_port= hccl_if_base_port=54882 hccl_host_socket_port_range=54882-54945 hccl_npu_socket_port_range=54946-55009 output=sidecar_runs/record_72b_tp1dp8_20260519151521/outputs.jsonl.shard7
INFO 05-19 15:31:54 [__init__.py:36] Available plugins for group vllm.platform_plugins:
INFO 05-19 15:31:54 [__init__.py:36] Available plugins for group vllm.platform_plugins:
INFO 05-19 15:31:54 [__init__.py:38] - ascend -> vllm_ascend:register
INFO 05-19 15:31:54 [__init__.py:38] - ascend -> vllm_ascend:register
INFO 05-19 15:31:54 [__init__.py:41] All plugins in this group will be loaded. Set `VLLM_PLUGINS` to control which plugins to load.
INFO 05-19 15:31:54 [__init__.py:41] All plugins in this group will be loaded. Set `VLLM_PLUGINS` to control which plugins to load.
INFO 05-19 15:31:54 [__init__.py:36] Available plugins for group vllm.platform_plugins:
INFO 05-19 15:31:54 [__init__.py:38] - ascend -> vllm_ascend:register
INFO 05-19 15:31:54 [__init__.py:41] All plugins in this group will be loaded. Set `VLLM_PLUGINS` to control which plugins to load.
INFO 05-19 15:31:54 [__init__.py:36] Available plugins for group vllm.platform_plugins:
INFO 05-19 15:31:54 [__init__.py:38] - ascend -> vllm_ascend:register
INFO 05-19 15:31:54 [__init__.py:41] All plugins in this group will be loaded. Set `VLLM_PLUGINS` to control which plugins to load.
INFO 05-19 15:31:54 [__init__.py:207] Platform plugin ascend is activated
INFO 05-19 15:31:54 [__init__.py:207] Platform plugin ascend is activated
INFO 05-19 15:31:54 [__init__.py:207] Platform plugin ascend is activated
INFO 05-19 15:31:54 [__init__.py:207] Platform plugin ascend is activated
INFO 05-19 15:31:54 [__init__.py:36] Available plugins for group vllm.platform_plugins:
INFO 05-19 15:31:54 [__init__.py:38] - ascend -> vllm_ascend:register
INFO 05-19 15:31:54 [__init__.py:41] All plugins in this group will be loaded. Set `VLLM_PLUGINS` to control which plugins to load.
INFO 05-19 15:31:54 [__init__.py:207] Platform plugin ascend is activated
INFO 05-19 15:31:54 [__init__.py:36] Available plugins for group vllm.platform_plugins:
INFO 05-19 15:31:54 [__init__.py:38] - ascend -> vllm_ascend:register
INFO 05-19 15:31:54 [__init__.py:41] All plugins in this group will be loaded. Set `VLLM_PLUGINS` to control which plugins to load.
INFO 05-19 15:31:54 [__init__.py:36] Available plugins for group vllm.platform_plugins:
INFO 05-19 15:31:54 [__init__.py:38] - ascend -> vllm_ascend:register
INFO 05-19 15:31:54 [__init__.py:41] All plugins in this group will be loaded. Set `VLLM_PLUGINS` to control which plugins to load.
INFO 05-19 15:31:54 [__init__.py:207] Platform plugin ascend is activated
INFO 05-19 15:31:54 [__init__.py:207] Platform plugin ascend is activated
INFO 05-19 15:31:54 [__init__.py:36] Available plugins for group vllm.platform_plugins:
INFO 05-19 15:31:54 [__init__.py:38] - ascend -> vllm_ascend:register
INFO 05-19 15:31:54 [__init__.py:41] All plugins in this group will be loaded. Set `VLLM_PLUGINS` to control which plugins to load.
INFO 05-19 15:31:54 [__init__.py:207] Platform plugin ascend is activated
INFO 05-19 15:31:59 [moe_stats.py:166] MoE pattern stats disabled: VLLM_MOE_PATTERN_STATS=0 dir=./moe_stats long_tail_stages=(8, 4, 2)
INFO 05-19 15:31:59 [moe_stats.py:166] MoE pattern stats disabled: VLLM_MOE_PATTERN_STATS=0 dir=./moe_stats long_tail_stages=(8, 4, 2)
INFO 05-19 15:31:59 [moe_stats.py:166] MoE pattern stats disabled: VLLM_MOE_PATTERN_STATS=0 dir=./moe_stats long_tail_stages=(8, 4, 2)
INFO 05-19 15:31:59 [moe_stats.py:166] MoE pattern stats disabled: VLLM_MOE_PATTERN_STATS=0 dir=./moe_stats long_tail_stages=(8, 4, 2)
INFO 05-19 15:31:59 [moe_stats.py:166] MoE pattern stats disabled: VLLM_MOE_PATTERN_STATS=0 dir=./moe_stats long_tail_stages=(8, 4, 2)
INFO 05-19 15:31:59 [moe_stats.py:174] MoE pattern stats timing disabled: VLLM_MOE_STATS_TIMING=0
INFO 05-19 15:31:59 [moe_stats.py:166] MoE pattern stats disabled: VLLM_MOE_PATTERN_STATS=0 dir=./moe_stats long_tail_stages=(8, 4, 2)
INFO 05-19 15:31:59 [moe_stats.py:166] MoE pattern stats disabled: VLLM_MOE_PATTERN_STATS=0 dir=./moe_stats long_tail_stages=(8, 4, 2)
INFO 05-19 15:31:59 [moe_stats.py:174] MoE pattern stats timing disabled: VLLM_MOE_STATS_TIMING=0
INFO 05-19 15:31:59 [moe_stats.py:166] MoE pattern stats disabled: VLLM_MOE_PATTERN_STATS=0 dir=./moe_stats long_tail_stages=(8, 4, 2)
INFO 05-19 15:31:59 [moe_stats.py:174] MoE pattern stats timing disabled: VLLM_MOE_STATS_TIMING=0
INFO 05-19 15:31:59 [moe_stats.py:174] MoE pattern stats timing disabled: VLLM_MOE_STATS_TIMING=0
successfully reset MoEStats for new epoch.INFO 05-19 15:31:59 [moe_stats.py:174] MoE pattern stats timing disabled: VLLM_MOE_STATS_TIMING=0

successfully reset MoEStats for new epoch.
successfully reset MoEStats for new epoch.INFO 05-19 15:31:59 [moe_stats.py:174] MoE pattern stats timing disabled: VLLM_MOE_STATS_TIMING=0

INFO 05-19 15:31:59 [moe_stats.py:174] MoE pattern stats timing disabled: VLLM_MOE_STATS_TIMING=0
successfully reset MoEStats for new epoch.successfully reset MoEStats for new epoch.
INFO 05-19 15:31:59 [moe_stats.py:174] MoE pattern stats timing disabled: VLLM_MOE_STATS_TIMING=0

successfully reset MoEStats for new epoch.
successfully reset MoEStats for new epoch.
successfully reset MoEStats for new epoch.
WARNING 05-19 15:31:59 [_custom_ops.py:20] Failed to import from vllm._C with ModuleNotFoundError("No module named 'vllm._C'")
WARNING 05-19 15:31:59 [_custom_ops.py:20] Failed to import from vllm._C with ModuleNotFoundError("No module named 'vllm._C'")
WARNING 05-19 15:31:59 [_custom_ops.py:20] Failed to import from vllm._C with ModuleNotFoundError("No module named 'vllm._C'")
WARNING 05-19 15:31:59 [_custom_ops.py:20] Failed to import from vllm._C with ModuleNotFoundError("No module named 'vllm._C'")
WARNING 05-19 15:31:59 [_custom_ops.py:20] Failed to import from vllm._C with ModuleNotFoundError("No module named 'vllm._C'")
WARNING 05-19 15:31:59 [_custom_ops.py:20] Failed to import from vllm._C with ModuleNotFoundError("No module named 'vllm._C'")
WARNING 05-19 15:31:59 [_custom_ops.py:20] Failed to import from vllm._C with ModuleNotFoundError("No module named 'vllm._C'")
WARNING 05-19 15:31:59 [_custom_ops.py:20] Failed to import from vllm._C with ModuleNotFoundError("No module named 'vllm._C'")
### USING MY PATCHED vLLM core.py ###### USING MY PATCHED vLLM core.py ###

### USING MY PATCHED vLLM core.py ###### USING MY PATCHED vLLM core.py ###### USING MY PATCHED vLLM core.py ###
### USING MY PATCHED vLLM core.py ###


### USING MY PATCHED vLLM core.py ###
### USING MY PATCHED vLLM core.py ###
{"event": "sidecar_load_start", "model_path": "/home/sharedata/models/pangu-pro-moe-model", "devices": "6", "master_port": "24396", "master_addr": "192.168.0.163", "hccl_if_base_port": "53193", "hccl_host_socket_port_range": "53193-53256", "hccl_npu_socket_port_range": "53257-53320", "sidecar_hccl_if_base_port_fixed": "0", "sidecar_hccl_port_stride": "2048", "sidecar_hccl_port_window": "64", "vllm_host_ip": "192.168.0.163", "vllm_multiproc_distributed_host_ip": "192.168.0.163", "vllm_multiproc_use_host_ip": "1", "vllm_multiproc_set_worker_rank_envs": "1", "vllm_reuse_world_group_for_full_model_parallel": "1", "num_prompts": 32, "total_prompts": 7473, "completed_prompts": 0, "inflight_prompts": 0, "resume_prompts": 0, "sidecar_epoch": 0, "stream_checkpoint": true, "shard_index": 3, "num_shards": 8, "repeat_until_killed": true, "max_iterations": 0, "prompts_source": "/home/qiuzy/verl_dev/data/gsm8k", "data_split": "train", "use_short_data": "0", "state_dir": "sidecar_runs/state/pangu_pro_moe_gsm8k_train", "resume_file": "sidecar_runs/state/pangu_pro_moe_gsm8k_train/resume.shard3.jsonl", "partials_file": "sidecar_runs/state/pangu_pro_moe_gsm8k_train/partials.shard3.jsonl", "stop_file": "sidecar_runs/record_72b_tp1dp8_20260519151521/outputs.jsonl.stop_requested", "expert_parallel_allowed": "1", "expert_parallel_effective": "1", "model_is_moe": "1", "model_is_moe_reason": "override", "vllm_enable_expert_parallel": "1", "max_prompts": 256, "max_prompts_per_device": 32, "max_records_per_iteration": 32, "generate_chunk_size": 32, "engine_kwargs": {"tensor_parallel_size": 1, "gpu_memory_utilization": 0.9, "max_num_seqs": 16, "max_num_batched_tokens": 65536, "trust_remote_code": true, "enforce_eager": true, "max_model_len": 6144}}
{"event": "sidecar_load_start", "model_path": "/home/sharedata/models/pangu-pro-moe-model", "devices": "13", "master_port": "24492", "master_addr": "192.168.0.163", "hccl_if_base_port": "54673", "hccl_host_socket_port_range": "54673-54736", "hccl_npu_socket_port_range": "54737-54800", "sidecar_hccl_if_base_port_fixed": "0", "sidecar_hccl_port_stride": "2048", "sidecar_hccl_port_window": "64", "vllm_host_ip": "192.168.0.163", "vllm_multiproc_distributed_host_ip": "192.168.0.163", "vllm_multiproc_use_host_ip": "1", "vllm_multiproc_set_worker_rank_envs": "1", "vllm_reuse_world_group_for_full_model_parallel": "1", "num_prompts": 32, "total_prompts": 7473, "completed_prompts": 0, "inflight_prompts": 0, "resume_prompts": 0, "sidecar_epoch": 0, "stream_checkpoint": true, "shard_index": 6, "num_shards": 8, "repeat_until_killed": true, "max_iterations": 0, "prompts_source": "/home/qiuzy/verl_dev/data/gsm8k", "data_split": "train", "use_short_data": "0", "state_dir": "sidecar_runs/state/pangu_pro_moe_gsm8k_train", "resume_file": "sidecar_runs/state/pangu_pro_moe_gsm8k_train/resume.shard6.jsonl", "partials_file": "sidecar_runs/state/pangu_pro_moe_gsm8k_train/partials.shard6.jsonl", "stop_file": "sidecar_runs/record_72b_tp1dp8_20260519151521/outputs.jsonl.stop_requested", "expert_parallel_allowed": "1", "expert_parallel_effective": "1", "model_is_moe": "1", "model_is_moe_reason": "override", "vllm_enable_expert_parallel": "1", "max_prompts": 256, "max_prompts_per_device": 32, "max_records_per_iteration": 32, "generate_chunk_size": 32, "engine_kwargs": {"tensor_parallel_size": 1, "gpu_memory_utilization": 0.9, "max_num_seqs": 16, "max_num_batched_tokens": 65536, "trust_remote_code": true, "enforce_eager": true, "max_model_len": 6144}}
INFO 05-19 15:32:00 [importing.py:63] Triton not installed or not compatible; certain GPU-related functions will not be available.
{"event": "sidecar_load_start", "model_path": "/home/sharedata/models/pangu-pro-moe-model", "devices": "15", "master_port": "24524", "master_addr": "192.168.0.163", "hccl_if_base_port": "54882", "hccl_host_socket_port_range": "54882-54945", "hccl_npu_socket_port_range": "54946-55009", "sidecar_hccl_if_base_port_fixed": "0", "sidecar_hccl_port_stride": "2048", "sidecar_hccl_port_window": "64", "vllm_host_ip": "192.168.0.163", "vllm_multiproc_distributed_host_ip": "192.168.0.163", "vllm_multiproc_use_host_ip": "1", "vllm_multiproc_set_worker_rank_envs": "1", "vllm_reuse_world_group_for_full_model_parallel": "1", "num_prompts": 32, "total_prompts": 7473, "completed_prompts": 0, "inflight_prompts": 0, "resume_prompts": 0, "sidecar_epoch": 0, "stream_checkpoint": true, "shard_index": 7, "num_shards": 8, "repeat_until_killed": true, "max_iterations": 0, "prompts_source": "/home/qiuzy/verl_dev/data/gsm8k", "data_split": "train", "use_short_data": "0", "state_dir": "sidecar_runs/state/pangu_pro_moe_gsm8k_train", "resume_file": "sidecar_runs/state/pangu_pro_moe_gsm8k_train/resume.shard7.jsonl", "partials_file": "sidecar_runs/state/pangu_pro_moe_gsm8k_train/partials.shard7.jsonl", "stop_file": "sidecar_runs/record_72b_tp1dp8_20260519151521/outputs.jsonl.stop_requested", "expert_parallel_allowed": "1", "expert_parallel_effective": "1", "model_is_moe": "1", "model_is_moe_reason": "override", "vllm_enable_expert_parallel": "1", "max_prompts": 256, "max_prompts_per_device": 32, "max_records_per_iteration": 32, "generate_chunk_size": 32, "engine_kwargs": {"tensor_parallel_size": 1, "gpu_memory_utilization": 0.9, "max_num_seqs": 16, "max_num_batched_tokens": 65536, "trust_remote_code": true, "enforce_eager": true, "max_model_len": 6144}}
INFO 05-19 15:32:00 [importing.py:63] Triton not installed or not compatible; certain GPU-related functions will not be available.
{"event": "sidecar_load_start", "model_path": "/home/sharedata/models/pangu-pro-moe-model", "devices": "8", "master_port": "24428", "master_addr": "192.168.0.163", "hccl_if_base_port": "53639", "hccl_host_socket_port_range": "53639-53702", "hccl_npu_socket_port_range": "53703-53766", "sidecar_hccl_if_base_port_fixed": "0", "sidecar_hccl_port_stride": "2048", "sidecar_hccl_port_window": "64", "vllm_host_ip": "192.168.0.163", "vllm_multiproc_distributed_host_ip": "192.168.0.163", "vllm_multiproc_use_host_ip": "1", "vllm_multiproc_set_worker_rank_envs": "1", "vllm_reuse_world_group_for_full_model_parallel": "1", "num_prompts": 32, "total_prompts": 7473, "completed_prompts": 0, "inflight_prompts": 0, "resume_prompts": 0, "sidecar_epoch": 0, "stream_checkpoint": true, "shard_index": 4, "num_shards": 8, "repeat_until_killed": true, "max_iterations": 0, "prompts_source": "/home/qiuzy/verl_dev/data/gsm8k", "data_split": "train", "use_short_data": "0", "state_dir": "sidecar_runs/state/pangu_pro_moe_gsm8k_train", "resume_file": "sidecar_runs/state/pangu_pro_moe_gsm8k_train/resume.shard4.jsonl", "partials_file": "sidecar_runs/state/pangu_pro_moe_gsm8k_train/partials.shard4.jsonl", "stop_file": "sidecar_runs/record_72b_tp1dp8_20260519151521/outputs.jsonl.stop_requested", "expert_parallel_allowed": "1", "expert_parallel_effective": "1", "model_is_moe": "1", "model_is_moe_reason": "override", "vllm_enable_expert_parallel": "1", "max_prompts": 256, "max_prompts_per_device": 32, "max_records_per_iteration": 32, "generate_chunk_size": 32, "engine_kwargs": {"tensor_parallel_size": 1, "gpu_memory_utilization": 0.9, "max_num_seqs": 16, "max_num_batched_tokens": 65536, "trust_remote_code": true, "enforce_eager": true, "max_model_len": 6144}}
WARNING 05-19 15:32:00 [registry.py:582] Model architecture Qwen2VLForConditionalGeneration is already registered, and will be overwritten by the new model class vllm_ascend.models.qwen2_vl:AscendQwen2VLForConditionalGeneration.
WARNING 05-19 15:32:00 [registry.py:582] Model architecture Qwen3VLMoeForConditionalGeneration is already registered, and will be overwritten by the new model class vllm_ascend.models.qwen2_5_vl_without_padding:AscendQwen3VLMoeForConditionalGeneration.
WARNING 05-19 15:32:00 [registry.py:582] Model architecture Qwen3VLForConditionalGeneration is already registered, and will be overwritten by the new model class vllm_ascend.models.qwen2_5_vl_without_padding:AscendQwen3VLForConditionalGeneration.
WARNING 05-19 15:32:00 [registry.py:582] Model architecture Qwen2_5_VLForConditionalGeneration is already registered, and will be overwritten by the new model class vllm_ascend.models.qwen2_5_vl:AscendQwen2_5_VLForConditionalGeneration.
WARNING 05-19 15:32:00 [registry.py:582] Model architecture DeepseekV2ForCausalLM is already registered, and will be overwritten by the new model class vllm_ascend.models.deepseek_v2:CustomDeepseekV2ForCausalLM.
WARNING 05-19 15:32:00 [registry.py:582] Model architecture DeepseekV3ForCausalLM is already registered, and will be overwritten by the new model class vllm_ascend.models.deepseek_v2:CustomDeepseekV3ForCausalLM.
{"event": "sidecar_load_start", "model_path": "/home/sharedata/models/pangu-pro-moe-model", "devices": "2", "master_port": "24300", "master_addr": "192.168.0.163", "hccl_if_base_port": "52366", "hccl_host_socket_port_range": "52366-52429", "hccl_npu_socket_port_range": "52430-52493", "sidecar_hccl_if_base_port_fixed": "0", "sidecar_hccl_port_stride": "2048", "sidecar_hccl_port_window": "64", "vllm_host_ip": "192.168.0.163", "vllm_multiproc_distributed_host_ip": "192.168.0.163", "vllm_multiproc_use_host_ip": "1", "vllm_multiproc_set_worker_rank_envs": "1", "vllm_reuse_world_group_for_full_model_parallel": "1", "num_prompts": 32, "total_prompts": 7473, "completed_prompts": 0, "inflight_prompts": 0, "resume_prompts": 0, "sidecar_epoch": 0, "stream_checkpoint": true, "shard_index": 0, "num_shards": 8, "repeat_until_killed": true, "max_iterations": 0, "prompts_source": "/home/qiuzy/verl_dev/data/gsm8k", "data_split": "train", "use_short_data": "0", "state_dir": "sidecar_runs/state/pangu_pro_moe_gsm8k_train", "resume_file": "sidecar_runs/state/pangu_pro_moe_gsm8k_train/resume.shard0.jsonl", "partials_file": "sidecar_runs/state/pangu_pro_moe_gsm8k_train/partials.shard0.jsonl", "stop_file": "sidecar_runs/record_72b_tp1dp8_20260519151521/outputs.jsonl.stop_requested", "expert_parallel_allowed": "1", "expert_parallel_effective": "1", "model_is_moe": "1", "model_is_moe_reason": "override", "vllm_enable_expert_parallel": "1", "max_prompts": 256, "max_prompts_per_device": 32, "max_records_per_iteration": 32, "generate_chunk_size": 32, "engine_kwargs": {"tensor_parallel_size": 1, "gpu_memory_utilization": 0.9, "max_num_seqs": 16, "max_num_batched_tokens": 65536, "trust_remote_code": true, "enforce_eager": true, "max_model_len": 6144}}
WARNING 05-19 15:32:00 [registry.py:582] Model architecture DeepseekV32ForCausalLM is already registered, and will be overwritten by the new model class vllm_ascend.models.deepseek_v2:CustomDeepseekV3ForCausalLM.
WARNING 05-19 15:32:00 [registry.py:582] Model architecture DeepSeekMTPModel is already registered, and will be overwritten by the new model class vllm_ascend.models.deepseek_mtp:CustomDeepSeekMTP.
WARNING 05-19 15:32:00 [registry.py:582] Model architecture Qwen3MoeForCausalLM is already registered, and will be overwritten by the new model class vllm_ascend.models.qwen3_moe:CustomQwen3MoeForCausalLM.
WARNING 05-19 15:32:00 [registry.py:582] Model architecture Qwen3NextForCausalLM is already registered, and will be overwritten by the new model class vllm_ascend.models.qwen3_next:CustomQwen3NextForCausalLM.
INFO 05-19 15:32:00 [utils.py:233] non-default args: {'trust_remote_code': True, 'max_model_len': 6144, 'max_num_batched_tokens': 65536, 'max_num_seqs': 16, 'disable_log_stats': True, 'enforce_eager': True, 'model': '/home/sharedata/models/pangu-pro-moe-model'}
INFO 05-19 15:32:00 [importing.py:63] Triton not installed or not compatible; certain GPU-related functions will not be available.
{"event": "sidecar_load_start", "model_path": "/home/sharedata/models/pangu-pro-moe-model", "devices": "3", "master_port": "24332", "master_addr": "192.168.0.163", "hccl_if_base_port": "52647", "hccl_host_socket_port_range": "52647-52710", "hccl_npu_socket_port_range": "52711-52774", "sidecar_hccl_if_base_port_fixed": "0", "sidecar_hccl_port_stride": "2048", "sidecar_hccl_port_window": "64", "vllm_host_ip": "192.168.0.163", "vllm_multiproc_distributed_host_ip": "192.168.0.163", "vllm_multiproc_use_host_ip": "1", "vllm_multiproc_set_worker_rank_envs": "1", "vllm_reuse_world_group_for_full_model_parallel": "1", "num_prompts": 32, "total_prompts": 7473, "completed_prompts": 0, "inflight_prompts": 0, "resume_prompts": 0, "sidecar_epoch": 0, "stream_checkpoint": true, "shard_index": 1, "num_shards": 8, "repeat_until_killed": true, "max_iterations": 0, "prompts_source": "/home/qiuzy/verl_dev/data/gsm8k", "data_split": "train", "use_short_data": "0", "state_dir": "sidecar_runs/state/pangu_pro_moe_gsm8k_train", "resume_file": "sidecar_runs/state/pangu_pro_moe_gsm8k_train/resume.shard1.jsonl", "partials_file": "sidecar_runs/state/pangu_pro_moe_gsm8k_train/partials.shard1.jsonl", "stop_file": "sidecar_runs/record_72b_tp1dp8_20260519151521/outputs.jsonl.stop_requested", "expert_parallel_allowed": "1", "expert_parallel_effective": "1", "model_is_moe": "1", "model_is_moe_reason": "override", "vllm_enable_expert_parallel": "1", "max_prompts": 256, "max_prompts_per_device": 32, "max_records_per_iteration": 32, "generate_chunk_size": 32, "engine_kwargs": {"tensor_parallel_size": 1, "gpu_memory_utilization": 0.9, "max_num_seqs": 16, "max_num_batched_tokens": 65536, "trust_remote_code": true, "enforce_eager": true, "max_model_len": 6144}}
{"event": "sidecar_load_start", "model_path": "/home/sharedata/models/pangu-pro-moe-model", "devices": "10", "master_port": "24460", "master_addr": "192.168.0.163", "hccl_if_base_port": "54043", "hccl_host_socket_port_range": "54043-54106", "hccl_npu_socket_port_range": "54107-54170", "sidecar_hccl_if_base_port_fixed": "0", "sidecar_hccl_port_stride": "2048", "sidecar_hccl_port_window": "64", "vllm_host_ip": "192.168.0.163", "vllm_multiproc_distributed_host_ip": "192.168.0.163", "vllm_multiproc_use_host_ip": "1", "vllm_multiproc_set_worker_rank_envs": "1", "vllm_reuse_world_group_for_full_model_parallel": "1", "num_prompts": 32, "total_prompts": 7473, "completed_prompts": 0, "inflight_prompts": 0, "resume_prompts": 0, "sidecar_epoch": 0, "stream_checkpoint": true, "shard_index": 5, "num_shards": 8, "repeat_until_killed": true, "max_iterations": 0, "prompts_source": "/home/qiuzy/verl_dev/data/gsm8k", "data_split": "train", "use_short_data": "0", "state_dir": "sidecar_runs/state/pangu_pro_moe_gsm8k_train", "resume_file": "sidecar_runs/state/pangu_pro_moe_gsm8k_train/resume.shard5.jsonl", "partials_file": "sidecar_runs/state/pangu_pro_moe_gsm8k_train/partials.shard5.jsonl", "stop_file": "sidecar_runs/record_72b_tp1dp8_20260519151521/outputs.jsonl.stop_requested", "expert_parallel_allowed": "1", "expert_parallel_effective": "1", "model_is_moe": "1", "model_is_moe_reason": "override", "vllm_enable_expert_parallel": "1", "max_prompts": 256, "max_prompts_per_device": 32, "max_records_per_iteration": 32, "generate_chunk_size": 32, "engine_kwargs": {"tensor_parallel_size": 1, "gpu_memory_utilization": 0.9, "max_num_seqs": 16, "max_num_batched_tokens": 65536, "trust_remote_code": true, "enforce_eager": true, "max_model_len": 6144}}
WARNING 05-19 15:32:00 [registry.py:582] Model architecture Qwen2VLForConditionalGeneration is already registered, and will be overwritten by the new model class vllm_ascend.models.qwen2_vl:AscendQwen2VLForConditionalGeneration.
WARNING 05-19 15:32:00 [registry.py:582] Model architecture Qwen3VLMoeForConditionalGeneration is already registered, and will be overwritten by the new model class vllm_ascend.models.qwen2_5_vl_without_padding:AscendQwen3VLMoeForConditionalGeneration.
WARNING 05-19 15:32:00 [registry.py:582] Model architecture Qwen3VLForConditionalGeneration is already registered, and will be overwritten by the new model class vllm_ascend.models.qwen2_5_vl_without_padding:AscendQwen3VLForConditionalGeneration.
WARNING 05-19 15:32:00 [registry.py:582] Model architecture Qwen2_5_VLForConditionalGeneration is already registered, and will be overwritten by the new model class vllm_ascend.models.qwen2_5_vl:AscendQwen2_5_VLForConditionalGeneration.
WARNING 05-19 15:32:00 [registry.py:582] Model architecture DeepseekV2ForCausalLM is already registered, and will be overwritten by the new model class vllm_ascend.models.deepseek_v2:CustomDeepseekV2ForCausalLM.
WARNING 05-19 15:32:00 [registry.py:582] Model architecture DeepseekV3ForCausalLM is already registered, and will be overwritten by the new model class vllm_ascend.models.deepseek_v2:CustomDeepseekV3ForCausalLM.
WARNING 05-19 15:32:00 [registry.py:582] Model architecture DeepseekV32ForCausalLM is already registered, and will be overwritten by the new model class vllm_ascend.models.deepseek_v2:CustomDeepseekV3ForCausalLM.
WARNING 05-19 15:32:00 [registry.py:582] Model architecture DeepSeekMTPModel is already registered, and will be overwritten by the new model class vllm_ascend.models.deepseek_mtp:CustomDeepSeekMTP.
WARNING 05-19 15:32:00 [registry.py:582] Model architecture Qwen3MoeForCausalLM is already registered, and will be overwritten by the new model class vllm_ascend.models.qwen3_moe:CustomQwen3MoeForCausalLM.
WARNING 05-19 15:32:00 [registry.py:582] Model architecture Qwen3NextForCausalLM is already registered, and will be overwritten by the new model class vllm_ascend.models.qwen3_next:CustomQwen3NextForCausalLM.
INFO 05-19 15:32:00 [utils.py:233] non-default args: {'trust_remote_code': True, 'max_model_len': 6144, 'max_num_batched_tokens': 65536, 'max_num_seqs': 16, 'disable_log_stats': True, 'enforce_eager': True, 'model': '/home/sharedata/models/pangu-pro-moe-model'}
{"event": "sidecar_load_start", "model_path": "/home/sharedata/models/pangu-pro-moe-model", "devices": "4", "master_port": "24364", "master_addr": "192.168.0.163", "hccl_if_base_port": "53065", "hccl_host_socket_port_range": "53065-53128", "hccl_npu_socket_port_range": "53129-53192", "sidecar_hccl_if_base_port_fixed": "0", "sidecar_hccl_port_stride": "2048", "sidecar_hccl_port_window": "64", "vllm_host_ip": "192.168.0.163", "vllm_multiproc_distributed_host_ip": "192.168.0.163", "vllm_multiproc_use_host_ip": "1", "vllm_multiproc_set_worker_rank_envs": "1", "vllm_reuse_world_group_for_full_model_parallel": "1", "num_prompts": 32, "total_prompts": 7473, "completed_prompts": 0, "inflight_prompts": 0, "resume_prompts": 0, "sidecar_epoch": 0, "stream_checkpoint": true, "shard_index": 2, "num_shards": 8, "repeat_until_killed": true, "max_iterations": 0, "prompts_source": "/home/qiuzy/verl_dev/data/gsm8k", "data_split": "train", "use_short_data": "0", "state_dir": "sidecar_runs/state/pangu_pro_moe_gsm8k_train", "resume_file": "sidecar_runs/state/pangu_pro_moe_gsm8k_train/resume.shard2.jsonl", "partials_file": "sidecar_runs/state/pangu_pro_moe_gsm8k_train/partials.shard2.jsonl", "stop_file": "sidecar_runs/record_72b_tp1dp8_20260519151521/outputs.jsonl.stop_requested", "expert_parallel_allowed": "1", "expert_parallel_effective": "1", "model_is_moe": "1", "model_is_moe_reason": "override", "vllm_enable_expert_parallel": "1", "max_prompts": 256, "max_prompts_per_device": 32, "max_records_per_iteration": 32, "generate_chunk_size": 32, "engine_kwargs": {"tensor_parallel_size": 1, "gpu_memory_utilization": 0.9, "max_num_seqs": 16, "max_num_batched_tokens": 65536, "trust_remote_code": true, "enforce_eager": true, "max_model_len": 6144}}
INFO 05-19 15:32:00 [importing.py:63] Triton not installed or not compatible; certain GPU-related functions will not be available.
INFO 05-19 15:32:00 [importing.py:63] Triton not installed or not compatible; certain GPU-related functions will not be available.
INFO 05-19 15:32:00 [importing.py:63] Triton not installed or not compatible; certain GPU-related functions will not be available.
WARNING 05-19 15:32:00 [registry.py:582] Model architecture Qwen2VLForConditionalGeneration is already registered, and will be overwritten by the new model class vllm_ascend.models.qwen2_vl:AscendQwen2VLForConditionalGeneration.
WARNING 05-19 15:32:00 [registry.py:582] Model architecture Qwen3VLMoeForConditionalGeneration is already registered, and will be overwritten by the new model class vllm_ascend.models.qwen2_5_vl_without_padding:AscendQwen3VLMoeForConditionalGeneration.
WARNING 05-19 15:32:00 [registry.py:582] Model architecture Qwen3VLForConditionalGeneration is already registered, and will be overwritten by the new model class vllm_ascend.models.qwen2_5_vl_without_padding:AscendQwen3VLForConditionalGeneration.
WARNING 05-19 15:32:00 [registry.py:582] Model architecture Qwen2_5_VLForConditionalGeneration is already registered, and will be overwritten by the new model class vllm_ascend.models.qwen2_5_vl:AscendQwen2_5_VLForConditionalGeneration.
WARNING 05-19 15:32:00 [registry.py:582] Model architecture DeepseekV2ForCausalLM is already registered, and will be overwritten by the new model class vllm_ascend.models.deepseek_v2:CustomDeepseekV2ForCausalLM.
WARNING 05-19 15:32:00 [registry.py:582] Model architecture DeepseekV3ForCausalLM is already registered, and will be overwritten by the new model class vllm_ascend.models.deepseek_v2:CustomDeepseekV3ForCausalLM.
WARNING 05-19 15:32:00 [registry.py:582] Model architecture DeepseekV32ForCausalLM is already registered, and will be overwritten by the new model class vllm_ascend.models.deepseek_v2:CustomDeepseekV3ForCausalLM.
WARNING 05-19 15:32:00 [registry.py:582] Model architecture DeepSeekMTPModel is already registered, and will be overwritten by the new model class vllm_ascend.models.deepseek_mtp:CustomDeepSeekMTP.
WARNING 05-19 15:32:00 [registry.py:582] Model architecture Qwen3MoeForCausalLM is already registered, and will be overwritten by the new model class vllm_ascend.models.qwen3_moe:CustomQwen3MoeForCausalLM.
WARNING 05-19 15:32:00 [registry.py:582] Model architecture Qwen3NextForCausalLM is already registered, and will be overwritten by the new model class vllm_ascend.models.qwen3_next:CustomQwen3NextForCausalLM.
INFO 05-19 15:32:00 [utils.py:233] non-default args: {'trust_remote_code': True, 'max_model_len': 6144, 'max_num_batched_tokens': 65536, 'max_num_seqs': 16, 'disable_log_stats': True, 'enforce_eager': True, 'model': '/home/sharedata/models/pangu-pro-moe-model'}
INFO 05-19 15:32:00 [importing.py:63] Triton not installed or not compatible; certain GPU-related functions will not be available.
INFO 05-19 15:32:00 [importing.py:63] Triton not installed or not compatible; certain GPU-related functions will not be available.
WARNING 05-19 15:32:00 [registry.py:582] Model architecture Qwen2VLForConditionalGeneration is already registered, and will be overwritten by the new model class vllm_ascend.models.qwen2_vl:AscendQwen2VLForConditionalGeneration.
WARNING 05-19 15:32:00 [registry.py:582] Model architecture Qwen3VLMoeForConditionalGeneration is already registered, and will be overwritten by the new model class vllm_ascend.models.qwen2_5_vl_without_padding:AscendQwen3VLMoeForConditionalGeneration.
WARNING 05-19 15:32:00 [registry.py:582] Model architecture Qwen3VLForConditionalGeneration is already registered, and will be overwritten by the new model class vllm_ascend.models.qwen2_5_vl_without_padding:AscendQwen3VLForConditionalGeneration.
WARNING 05-19 15:32:00 [registry.py:582] Model architecture Qwen2_5_VLForConditionalGeneration is already registered, and will be overwritten by the new model class vllm_ascend.models.qwen2_5_vl:AscendQwen2_5_VLForConditionalGeneration.
WARNING 05-19 15:32:00 [registry.py:582] Model architecture DeepseekV2ForCausalLM is already registered, and will be overwritten by the new model class vllm_ascend.models.deepseek_v2:CustomDeepseekV2ForCausalLM.
WARNING 05-19 15:32:00 [registry.py:582] Model architecture DeepseekV3ForCausalLM is already registered, and will be overwritten by the new model class vllm_ascend.models.deepseek_v2:CustomDeepseekV3ForCausalLM.
WARNING 05-19 15:32:00 [registry.py:582] Model architecture Qwen2VLForConditionalGeneration is already registered, and will be overwritten by the new model class vllm_ascend.models.qwen2_vl:AscendQwen2VLForConditionalGeneration.
WARNING 05-19 15:32:00 [registry.py:582] Model architecture DeepseekV32ForCausalLM is already registered, and will be overwritten by the new model class vllm_ascend.models.deepseek_v2:CustomDeepseekV3ForCausalLM.
WARNING 05-19 15:32:00 [registry.py:582] Model architecture DeepSeekMTPModel is already registered, and will be overwritten by the new model class vllm_ascend.models.deepseek_mtp:CustomDeepSeekMTP.
WARNING 05-19 15:32:00 [registry.py:582] Model architecture Qwen3VLMoeForConditionalGeneration is already registered, and will be overwritten by the new model class vllm_ascend.models.qwen2_5_vl_without_padding:AscendQwen3VLMoeForConditionalGeneration.
WARNING 05-19 15:32:00 [registry.py:582] Model architecture Qwen3MoeForCausalLM is already registered, and will be overwritten by the new model class vllm_ascend.models.qwen3_moe:CustomQwen3MoeForCausalLM.
WARNING 05-19 15:32:00 [registry.py:582] Model architecture Qwen3NextForCausalLM is already registered, and will be overwritten by the new model class vllm_ascend.models.qwen3_next:CustomQwen3NextForCausalLM.
WARNING 05-19 15:32:00 [registry.py:582] Model architecture Qwen3VLForConditionalGeneration is already registered, and will be overwritten by the new model class vllm_ascend.models.qwen2_5_vl_without_padding:AscendQwen3VLForConditionalGeneration.
WARNING 05-19 15:32:00 [registry.py:582] Model architecture Qwen2_5_VLForConditionalGeneration is already registered, and will be overwritten by the new model class vllm_ascend.models.qwen2_5_vl:AscendQwen2_5_VLForConditionalGeneration.
WARNING 05-19 15:32:00 [registry.py:582] Model architecture DeepseekV2ForCausalLM is already registered, and will be overwritten by the new model class vllm_ascend.models.deepseek_v2:CustomDeepseekV2ForCausalLM.
WARNING 05-19 15:32:00 [registry.py:582] Model architecture DeepseekV3ForCausalLM is already registered, and will be overwritten by the new model class vllm_ascend.models.deepseek_v2:CustomDeepseekV3ForCausalLM.
WARNING 05-19 15:32:00 [registry.py:582] Model architecture DeepseekV32ForCausalLM is already registered, and will be overwritten by the new model class vllm_ascend.models.deepseek_v2:CustomDeepseekV3ForCausalLM.
WARNING 05-19 15:32:00 [registry.py:582] Model architecture DeepSeekMTPModel is already registered, and will be overwritten by the new model class vllm_ascend.models.deepseek_mtp:CustomDeepSeekMTP.
WARNING 05-19 15:32:00 [registry.py:582] Model architecture Qwen3MoeForCausalLM is already registered, and will be overwritten by the new model class vllm_ascend.models.qwen3_moe:CustomQwen3MoeForCausalLM.
WARNING 05-19 15:32:00 [registry.py:582] Model architecture Qwen3NextForCausalLM is already registered, and will be overwritten by the new model class vllm_ascend.models.qwen3_next:CustomQwen3NextForCausalLM.
INFO 05-19 15:32:00 [utils.py:233] non-default args: {'trust_remote_code': True, 'max_model_len': 6144, 'max_num_batched_tokens': 65536, 'max_num_seqs': 16, 'disable_log_stats': True, 'enforce_eager': True, 'model': '/home/sharedata/models/pangu-pro-moe-model'}
WARNING 05-19 15:32:00 [registry.py:582] Model architecture Qwen2VLForConditionalGeneration is already registered, and will be overwritten by the new model class vllm_ascend.models.qwen2_vl:AscendQwen2VLForConditionalGeneration.
WARNING 05-19 15:32:00 [registry.py:582] Model architecture Qwen3VLMoeForConditionalGeneration is already registered, and will be overwritten by the new model class vllm_ascend.models.qwen2_5_vl_without_padding:AscendQwen3VLMoeForConditionalGeneration.
WARNING 05-19 15:32:00 [registry.py:582] Model architecture Qwen3VLForConditionalGeneration is already registered, and will be overwritten by the new model class vllm_ascend.models.qwen2_5_vl_without_padding:AscendQwen3VLForConditionalGeneration.
INFO 05-19 15:32:00 [utils.py:233] non-default args: {'trust_remote_code': True, 'max_model_len': 6144, 'max_num_batched_tokens': 65536, 'max_num_seqs': 16, 'disable_log_stats': True, 'enforce_eager': True, 'model': '/home/sharedata/models/pangu-pro-moe-model'}
WARNING 05-19 15:32:00 [registry.py:582] Model architecture Qwen2_5_VLForConditionalGeneration is already registered, and will be overwritten by the new model class vllm_ascend.models.qwen2_5_vl:AscendQwen2_5_VLForConditionalGeneration.
WARNING 05-19 15:32:00 [registry.py:582] Model architecture DeepseekV2ForCausalLM is already registered, and will be overwritten by the new model class vllm_ascend.models.deepseek_v2:CustomDeepseekV2ForCausalLM.
WARNING 05-19 15:32:00 [registry.py:582] Model architecture DeepseekV3ForCausalLM is already registered, and will be overwritten by the new model class vllm_ascend.models.deepseek_v2:CustomDeepseekV3ForCausalLM.
WARNING 05-19 15:32:00 [registry.py:582] Model architecture DeepseekV32ForCausalLM is already registered, and will be overwritten by the new model class vllm_ascend.models.deepseek_v2:CustomDeepseekV3ForCausalLM.
WARNING 05-19 15:32:00 [registry.py:582] Model architecture DeepSeekMTPModel is already registered, and will be overwritten by the new model class vllm_ascend.models.deepseek_mtp:CustomDeepSeekMTP.
WARNING 05-19 15:32:00 [registry.py:582] Model architecture Qwen3MoeForCausalLM is already registered, and will be overwritten by the new model class vllm_ascend.models.qwen3_moe:CustomQwen3MoeForCausalLM.
WARNING 05-19 15:32:00 [registry.py:582] Model architecture Qwen3NextForCausalLM is already registered, and will be overwritten by the new model class vllm_ascend.models.qwen3_next:CustomQwen3NextForCausalLM.
INFO 05-19 15:32:00 [utils.py:233] non-default args: {'trust_remote_code': True, 'max_model_len': 6144, 'max_num_batched_tokens': 65536, 'max_num_seqs': 16, 'disable_log_stats': True, 'enforce_eager': True, 'model': '/home/sharedata/models/pangu-pro-moe-model'}
WARNING 05-19 15:32:00 [registry.py:582] Model architecture Qwen2VLForConditionalGeneration is already registered, and will be overwritten by the new model class vllm_ascend.models.qwen2_vl:AscendQwen2VLForConditionalGeneration.
WARNING 05-19 15:32:00 [registry.py:582] Model architecture Qwen3VLMoeForConditionalGeneration is already registered, and will be overwritten by the new model class vllm_ascend.models.qwen2_5_vl_without_padding:AscendQwen3VLMoeForConditionalGeneration.
WARNING 05-19 15:32:00 [registry.py:582] Model architecture Qwen3VLForConditionalGeneration is already registered, and will be overwritten by the new model class vllm_ascend.models.qwen2_5_vl_without_padding:AscendQwen3VLForConditionalGeneration.
WARNING 05-19 15:32:00 [registry.py:582] Model architecture Qwen2_5_VLForConditionalGeneration is already registered, and will be overwritten by the new model class vllm_ascend.models.qwen2_5_vl:AscendQwen2_5_VLForConditionalGeneration.
WARNING 05-19 15:32:00 [registry.py:582] Model architecture DeepseekV2ForCausalLM is already registered, and will be overwritten by the new model class vllm_ascend.models.deepseek_v2:CustomDeepseekV2ForCausalLM.
WARNING 05-19 15:32:00 [registry.py:582] Model architecture DeepseekV3ForCausalLM is already registered, and will be overwritten by the new model class vllm_ascend.models.deepseek_v2:CustomDeepseekV3ForCausalLM.
WARNING 05-19 15:32:00 [registry.py:582] Model architecture DeepseekV32ForCausalLM is already registered, and will be overwritten by the new model class vllm_ascend.models.deepseek_v2:CustomDeepseekV3ForCausalLM.
WARNING 05-19 15:32:00 [registry.py:582] Model architecture DeepSeekMTPModel is already registered, and will be overwritten by the new model class vllm_ascend.models.deepseek_mtp:CustomDeepSeekMTP.
WARNING 05-19 15:32:00 [registry.py:582] Model architecture Qwen3MoeForCausalLM is already registered, and will be overwritten by the new model class vllm_ascend.models.qwen3_moe:CustomQwen3MoeForCausalLM.
WARNING 05-19 15:32:00 [registry.py:582] Model architecture Qwen3NextForCausalLM is already registered, and will be overwritten by the new model class vllm_ascend.models.qwen3_next:CustomQwen3NextForCausalLM.
INFO 05-19 15:32:00 [utils.py:233] non-default args: {'trust_remote_code': True, 'max_model_len': 6144, 'max_num_batched_tokens': 65536, 'max_num_seqs': 16, 'disable_log_stats': True, 'enforce_eager': True, 'model': '/home/sharedata/models/pangu-pro-moe-model'}
WARNING 05-19 15:32:00 [registry.py:582] Model architecture Qwen2VLForConditionalGeneration is already registered, and will be overwritten by the new model class vllm_ascend.models.qwen2_vl:AscendQwen2VLForConditionalGeneration.
WARNING 05-19 15:32:00 [registry.py:582] Model architecture Qwen3VLMoeForConditionalGeneration is already registered, and will be overwritten by the new model class vllm_ascend.models.qwen2_5_vl_without_padding:AscendQwen3VLMoeForConditionalGeneration.
WARNING 05-19 15:32:00 [registry.py:582] Model architecture Qwen3VLForConditionalGeneration is already registered, and will be overwritten by the new model class vllm_ascend.models.qwen2_5_vl_without_padding:AscendQwen3VLForConditionalGeneration.
WARNING 05-19 15:32:00 [registry.py:582] Model architecture Qwen2_5_VLForConditionalGeneration is already registered, and will be overwritten by the new model class vllm_ascend.models.qwen2_5_vl:AscendQwen2_5_VLForConditionalGeneration.
WARNING 05-19 15:32:00 [registry.py:582] Model architecture DeepseekV2ForCausalLM is already registered, and will be overwritten by the new model class vllm_ascend.models.deepseek_v2:CustomDeepseekV2ForCausalLM.
WARNING 05-19 15:32:00 [registry.py:582] Model architecture DeepseekV3ForCausalLM is already registered, and will be overwritten by the new model class vllm_ascend.models.deepseek_v2:CustomDeepseekV3ForCausalLM.
WARNING 05-19 15:32:00 [registry.py:582] Model architecture DeepseekV32ForCausalLM is already registered, and will be overwritten by the new model class vllm_ascend.models.deepseek_v2:CustomDeepseekV3ForCausalLM.
WARNING 05-19 15:32:00 [registry.py:582] Model architecture DeepSeekMTPModel is already registered, and will be overwritten by the new model class vllm_ascend.models.deepseek_mtp:CustomDeepSeekMTP.
WARNING 05-19 15:32:00 [registry.py:582] Model architecture Qwen3MoeForCausalLM is already registered, and will be overwritten by the new model class vllm_ascend.models.qwen3_moe:CustomQwen3MoeForCausalLM.
WARNING 05-19 15:32:00 [registry.py:582] Model architecture Qwen3NextForCausalLM is already registered, and will be overwritten by the new model class vllm_ascend.models.qwen3_next:CustomQwen3NextForCausalLM.
INFO 05-19 15:32:00 [utils.py:233] non-default args: {'trust_remote_code': True, 'max_model_len': 6144, 'max_num_batched_tokens': 65536, 'max_num_seqs': 16, 'disable_log_stats': True, 'enforce_eager': True, 'model': '/home/sharedata/models/pangu-pro-moe-model'}
The argument `trust_remote_code` is to be used with Auto classes. It has no effect here and is ignored.
The argument `trust_remote_code` is to be used with Auto classes. It has no effect here and is ignored.
The argument `trust_remote_code` is to be used with Auto classes. It has no effect here and is ignored.
The argument `trust_remote_code` is to be used with Auto classes. It has no effect here and is ignored.
The argument `trust_remote_code` is to be used with Auto classes. It has no effect here and is ignored.
The argument `trust_remote_code` is to be used with Auto classes. It has no effect here and is ignored.
The argument `trust_remote_code` is to be used with Auto classes. It has no effect here and is ignored.
The argument `trust_remote_code` is to be used with Auto classes. It has no effect here and is ignored.
INFO 05-19 15:32:11 [model.py:547] Resolved architecture: PanguProMoEForCausalLM
INFO 05-19 15:32:11 [model.py:547] Resolved architecture: PanguProMoEForCausalLM
INFO 05-19 15:32:11 [model.py:1510] Using max model len 6144
INFO 05-19 15:32:11 [model.py:1510] Using max model len 6144
INFO 05-19 15:32:11 [scheduler.py:205] Chunked prefill is enabled with max_num_batched_tokens=65536.
INFO 05-19 15:32:11 [scheduler.py:205] Chunked prefill is enabled with max_num_batched_tokens=65536.
INFO 05-19 15:32:11 [__init__.py:381] Cudagraph is disabled under eager mode
INFO 05-19 15:32:11 [__init__.py:381] Cudagraph is disabled under eager mode
INFO 05-19 15:32:11 [platform.py:141] Non-MLA LLMs forcibly disable the chunked prefill feature,as the performance of operators supporting this feature functionality is currently suboptimal.
INFO 05-19 15:32:11 [platform.py:141] Non-MLA LLMs forcibly disable the chunked prefill feature,as the performance of operators supporting this feature functionality is currently suboptimal.
INFO 05-19 15:32:11 [platform.py:179] Compilation disabled, using eager mode by default
INFO 05-19 15:32:11 [platform.py:179] Compilation disabled, using eager mode by default
multiprocess_mode:multiprocess_mode: True  external_launcher_dp: TrueFalse 
external_launcher_dp: False
INFO 05-19 15:32:12 [model.py:547] Resolved architecture: PanguProMoEForCausalLM
INFO 05-19 15:32:12 [model.py:1510] Using max model len 6144
INFO 05-19 15:32:12 [scheduler.py:205] Chunked prefill is enabled with max_num_batched_tokens=65536.
INFO 05-19 15:32:12 [__init__.py:381] Cudagraph is disabled under eager mode
INFO 05-19 15:32:12 [platform.py:141] Non-MLA LLMs forcibly disable the chunked prefill feature,as the performance of operators supporting this feature functionality is currently suboptimal.
INFO 05-19 15:32:12 [platform.py:179] Compilation disabled, using eager mode by default
multiprocess_mode: True external_launcher_dp: False
WARNING 05-19 15:32:12 [tokenizer.py:253] Using a slow tokenizer. This might cause a significant slowdown. Consider using a fast tokenizer instead.
WARNING 05-19 15:32:12 [tokenizer.py:253] Using a slow tokenizer. This might cause a significant slowdown. Consider using a fast tokenizer instead.
WARNING 05-19 15:32:12 [tokenizer.py:253] Using a slow tokenizer. This might cause a significant slowdown. Consider using a fast tokenizer instead.
INFO 05-19 15:32:12 [model.py:547] Resolved architecture: PanguProMoEForCausalLM
INFO 05-19 15:32:12 [model.py:1510] Using max model len 6144
INFO 05-19 15:32:12 [scheduler.py:205] Chunked prefill is enabled with max_num_batched_tokens=65536.
INFO 05-19 15:32:12 [__init__.py:381] Cudagraph is disabled under eager mode
INFO 05-19 15:32:12 [platform.py:141] Non-MLA LLMs forcibly disable the chunked prefill feature,as the performance of operators supporting this feature functionality is currently suboptimal.
INFO 05-19 15:32:12 [platform.py:179] Compilation disabled, using eager mode by default
multiprocess_mode: True external_launcher_dp: False
[1;36m(EngineCore_DP0 pid=2016656)[0;0m INFO 05-19 15:32:12 [core.py:667] Waiting for init message from front-end.
[1;36m(EngineCore_DP0 pid=2016660)[0;0m INFO 05-19 15:32:12 [core.py:667] Waiting for init message from front-end.
[1;36m(EngineCore_DP0 pid=2016656)[0;0m INFO 05-19 15:32:12 [core.py:79] Initializing a V1 LLM engine (v0.11.0) with config: model='/home/sharedata/models/pangu-pro-moe-model', speculative_config=None, tokenizer='/home/sharedata/models/pangu-pro-moe-model', skip_tokenizer_init=False, tokenizer_mode=auto, revision=None, tokenizer_revision=None, trust_remote_code=True, dtype=torch.bfloat16, max_seq_len=6144, download_dir=None, load_format=auto, tensor_parallel_size=1, pipeline_parallel_size=1, data_parallel_size=1, disable_custom_all_reduce=True, quantization=None, enforce_eager=True, kv_cache_dtype=auto, device_config=npu, structured_outputs_config=StructuredOutputsConfig(backend='auto', disable_fallback=False, disable_any_whitespace=False, disable_additional_properties=False, reasoning_parser=''), observability_config=ObservabilityConfig(show_hidden_metrics_for_version=None, otlp_traces_endpoint=None, collect_detailed_traces=None), seed=0, served_model_name=/home/sharedata/models/pangu-pro-moe-model, enable_prefix_caching=True, chunked_prefill_enabled=False, pooler_config=None, compilation_config={"level":0,"debug_dump_path":"","cache_dir":"","backend":"","custom_ops":["all"],"splitting_ops":null,"use_inductor":true,"compile_sizes":[],"inductor_compile_config":{"enable_auto_functionalized_v2":false},"inductor_passes":{},"cudagraph_mode":0,"use_cudagraph":true,"cudagraph_num_of_warmups":1,"cudagraph_capture_sizes":[],"cudagraph_copy_inputs":false,"full_cuda_graph":false,"use_inductor_graph_partition":false,"pass_config":{},"max_capture_size":0,"local_cache_dir":null}
[1;36m(EngineCore_DP0 pid=2016660)[0;0m INFO 05-19 15:32:12 [core.py:79] Initializing a V1 LLM engine (v0.11.0) with config: model='/home/sharedata/models/pangu-pro-moe-model', speculative_config=None, tokenizer='/home/sharedata/models/pangu-pro-moe-model', skip_tokenizer_init=False, tokenizer_mode=auto, revision=None, tokenizer_revision=None, trust_remote_code=True, dtype=torch.bfloat16, max_seq_len=6144, download_dir=None, load_format=auto, tensor_parallel_size=1, pipeline_parallel_size=1, data_parallel_size=1, disable_custom_all_reduce=True, quantization=None, enforce_eager=True, kv_cache_dtype=auto, device_config=npu, structured_outputs_config=StructuredOutputsConfig(backend='auto', disable_fallback=False, disable_any_whitespace=False, disable_additional_properties=False, reasoning_parser=''), observability_config=ObservabilityConfig(show_hidden_metrics_for_version=None, otlp_traces_endpoint=None, collect_detailed_traces=None), seed=0, served_model_name=/home/sharedata/models/pangu-pro-moe-model, enable_prefix_caching=True, chunked_prefill_enabled=False, pooler_config=None, compilation_config={"level":0,"debug_dump_path":"","cache_dir":"","backend":"","custom_ops":["all"],"splitting_ops":null,"use_inductor":true,"compile_sizes":[],"inductor_compile_config":{"enable_auto_functionalized_v2":false},"inductor_passes":{},"cudagraph_mode":0,"use_cudagraph":true,"cudagraph_num_of_warmups":1,"cudagraph_capture_sizes":[],"cudagraph_copy_inputs":false,"full_cuda_graph":false,"use_inductor_graph_partition":false,"pass_config":{},"max_capture_size":0,"local_cache_dir":null}
INFO 05-19 15:32:12 [model.py:547] Resolved architecture: PanguProMoEForCausalLM
INFO 05-19 15:32:12 [model.py:1510] Using max model len 6144
INFO 05-19 15:32:12 [scheduler.py:205] Chunked prefill is enabled with max_num_batched_tokens=65536.
INFO 05-19 15:32:12 [__init__.py:381] Cudagraph is disabled under eager mode
INFO 05-19 15:32:12 [platform.py:141] Non-MLA LLMs forcibly disable the chunked prefill feature,as the performance of operators supporting this feature functionality is currently suboptimal.
INFO 05-19 15:32:12 [platform.py:179] Compilation disabled, using eager mode by default
multiprocess_mode: True external_launcher_dp: False
INFO 05-19 15:32:12 [model.py:547] Resolved architecture: PanguProMoEForCausalLM
INFO 05-19 15:32:12 [model.py:1510] Using max model len 6144
INFO 05-19 15:32:12 [scheduler.py:205] Chunked prefill is enabled with max_num_batched_tokens=65536.
INFO 05-19 15:32:12 [__init__.py:381] Cudagraph is disabled under eager mode
INFO 05-19 15:32:12 [platform.py:141] Non-MLA LLMs forcibly disable the chunked prefill feature,as the performance of operators supporting this feature functionality is currently suboptimal.
INFO 05-19 15:32:12 [platform.py:179] Compilation disabled, using eager mode by default
multiprocess_mode: True external_launcher_dp: False
[1;36m(EngineCore_DP0 pid=2016670)[0;0m INFO 05-19 15:32:12 [core.py:667] Waiting for init message from front-end.
[1;36m(EngineCore_DP0 pid=2016670)[0;0m INFO 05-19 15:32:12 [core.py:79] Initializing a V1 LLM engine (v0.11.0) with config: model='/home/sharedata/models/pangu-pro-moe-model', speculative_config=None, tokenizer='/home/sharedata/models/pangu-pro-moe-model', skip_tokenizer_init=False, tokenizer_mode=auto, revision=None, tokenizer_revision=None, trust_remote_code=True, dtype=torch.bfloat16, max_seq_len=6144, download_dir=None, load_format=auto, tensor_parallel_size=1, pipeline_parallel_size=1, data_parallel_size=1, disable_custom_all_reduce=True, quantization=None, enforce_eager=True, kv_cache_dtype=auto, device_config=npu, structured_outputs_config=StructuredOutputsConfig(backend='auto', disable_fallback=False, disable_any_whitespace=False, disable_additional_properties=False, reasoning_parser=''), observability_config=ObservabilityConfig(show_hidden_metrics_for_version=None, otlp_traces_endpoint=None, collect_detailed_traces=None), seed=0, served_model_name=/home/sharedata/models/pangu-pro-moe-model, enable_prefix_caching=True, chunked_prefill_enabled=False, pooler_config=None, compilation_config={"level":0,"debug_dump_path":"","cache_dir":"","backend":"","custom_ops":["all"],"splitting_ops":null,"use_inductor":true,"compile_sizes":[],"inductor_compile_config":{"enable_auto_functionalized_v2":false},"inductor_passes":{},"cudagraph_mode":0,"use_cudagraph":true,"cudagraph_num_of_warmups":1,"cudagraph_capture_sizes":[],"cudagraph_copy_inputs":false,"full_cuda_graph":false,"use_inductor_graph_partition":false,"pass_config":{},"max_capture_size":0,"local_cache_dir":null}
INFO 05-19 15:32:12 [model.py:547] Resolved architecture: PanguProMoEForCausalLM
INFO 05-19 15:32:12 [model.py:1510] Using max model len 6144
INFO 05-19 15:32:12 [scheduler.py:205] Chunked prefill is enabled with max_num_batched_tokens=65536.
INFO 05-19 15:32:12 [__init__.py:381] Cudagraph is disabled under eager mode
INFO 05-19 15:32:12 [platform.py:141] Non-MLA LLMs forcibly disable the chunked prefill feature,as the performance of operators supporting this feature functionality is currently suboptimal.
INFO 05-19 15:32:12 [platform.py:179] Compilation disabled, using eager mode by default
multiprocess_mode: True external_launcher_dp: False
INFO 05-19 15:32:12 [model.py:547] Resolved architecture: PanguProMoEForCausalLM
INFO 05-19 15:32:12 [model.py:1510] Using max model len 6144
INFO 05-19 15:32:12 [scheduler.py:205] Chunked prefill is enabled with max_num_batched_tokens=65536.
INFO 05-19 15:32:12 [__init__.py:381] Cudagraph is disabled under eager mode
INFO 05-19 15:32:12 [platform.py:141] Non-MLA LLMs forcibly disable the chunked prefill feature,as the performance of operators supporting this feature functionality is currently suboptimal.
INFO 05-19 15:32:12 [platform.py:179] Compilation disabled, using eager mode by default
multiprocess_mode: True external_launcher_dp: False
WARNING 05-19 15:32:13 [tokenizer.py:253] Using a slow tokenizer. This might cause a significant slowdown. Consider using a fast tokenizer instead.
WARNING 05-19 15:32:13 [tokenizer.py:253] Using a slow tokenizer. This might cause a significant slowdown. Consider using a fast tokenizer instead.
WARNING 05-19 15:32:13 [tokenizer.py:253] Using a slow tokenizer. This might cause a significant slowdown. Consider using a fast tokenizer instead.
[1;36m(EngineCore_DP0 pid=2016692)[0;0m INFO 05-19 15:32:13 [core.py:667] Waiting for init message from front-end.
WARNING 05-19 15:32:13 [tokenizer.py:253] Using a slow tokenizer. This might cause a significant slowdown. Consider using a fast tokenizer instead.
[1;36m(EngineCore_DP0 pid=2016692)[0;0m INFO 05-19 15:32:13 [core.py:79] Initializing a V1 LLM engine (v0.11.0) with config: model='/home/sharedata/models/pangu-pro-moe-model', speculative_config=None, tokenizer='/home/sharedata/models/pangu-pro-moe-model', skip_tokenizer_init=False, tokenizer_mode=auto, revision=None, tokenizer_revision=None, trust_remote_code=True, dtype=torch.bfloat16, max_seq_len=6144, download_dir=None, load_format=auto, tensor_parallel_size=1, pipeline_parallel_size=1, data_parallel_size=1, disable_custom_all_reduce=True, quantization=None, enforce_eager=True, kv_cache_dtype=auto, device_config=npu, structured_outputs_config=StructuredOutputsConfig(backend='auto', disable_fallback=False, disable_any_whitespace=False, disable_additional_properties=False, reasoning_parser=''), observability_config=ObservabilityConfig(show_hidden_metrics_for_version=None, otlp_traces_endpoint=None, collect_detailed_traces=None), seed=0, served_model_name=/home/sharedata/models/pangu-pro-moe-model, enable_prefix_caching=True, chunked_prefill_enabled=False, pooler_config=None, compilation_config={"level":0,"debug_dump_path":"","cache_dir":"","backend":"","custom_ops":["all"],"splitting_ops":null,"use_inductor":true,"compile_sizes":[],"inductor_compile_config":{"enable_auto_functionalized_v2":false},"inductor_passes":{},"cudagraph_mode":0,"use_cudagraph":true,"cudagraph_num_of_warmups":1,"cudagraph_capture_sizes":[],"cudagraph_copy_inputs":false,"full_cuda_graph":false,"use_inductor_graph_partition":false,"pass_config":{},"max_capture_size":0,"local_cache_dir":null}
WARNING 05-19 15:32:13 [tokenizer.py:253] Using a slow tokenizer. This might cause a significant slowdown. Consider using a fast tokenizer instead.
[1;36m(EngineCore_DP0 pid=2016700)[0;0m INFO 05-19 15:32:13 [core.py:667] Waiting for init message from front-end.
[1;36m(EngineCore_DP0 pid=2016700)[0;0m INFO 05-19 15:32:13 [core.py:79] Initializing a V1 LLM engine (v0.11.0) with config: model='/home/sharedata/models/pangu-pro-moe-model', speculative_config=None, tokenizer='/home/sharedata/models/pangu-pro-moe-model', skip_tokenizer_init=False, tokenizer_mode=auto, revision=None, tokenizer_revision=None, trust_remote_code=True, dtype=torch.bfloat16, max_seq_len=6144, download_dir=None, load_format=auto, tensor_parallel_size=1, pipeline_parallel_size=1, data_parallel_size=1, disable_custom_all_reduce=True, quantization=None, enforce_eager=True, kv_cache_dtype=auto, device_config=npu, structured_outputs_config=StructuredOutputsConfig(backend='auto', disable_fallback=False, disable_any_whitespace=False, disable_additional_properties=False, reasoning_parser=''), observability_config=ObservabilityConfig(show_hidden_metrics_for_version=None, otlp_traces_endpoint=None, collect_detailed_traces=None), seed=0, served_model_name=/home/sharedata/models/pangu-pro-moe-model, enable_prefix_caching=True, chunked_prefill_enabled=False, pooler_config=None, compilation_config={"level":0,"debug_dump_path":"","cache_dir":"","backend":"","custom_ops":["all"],"splitting_ops":null,"use_inductor":true,"compile_sizes":[],"inductor_compile_config":{"enable_auto_functionalized_v2":false},"inductor_passes":{},"cudagraph_mode":0,"use_cudagraph":true,"cudagraph_num_of_warmups":1,"cudagraph_capture_sizes":[],"cudagraph_copy_inputs":false,"full_cuda_graph":false,"use_inductor_graph_partition":false,"pass_config":{},"max_capture_size":0,"local_cache_dir":null}
[1;36m(EngineCore_DP0 pid=2016711)[0;0m INFO 05-19 15:32:13 [core.py:667] Waiting for init message from front-end.
[1;36m(EngineCore_DP0 pid=2016711)[0;0m INFO 05-19 15:32:13 [core.py:79] Initializing a V1 LLM engine (v0.11.0) with config: model='/home/sharedata/models/pangu-pro-moe-model', speculative_config=None, tokenizer='/home/sharedata/models/pangu-pro-moe-model', skip_tokenizer_init=False, tokenizer_mode=auto, revision=None, tokenizer_revision=None, trust_remote_code=True, dtype=torch.bfloat16, max_seq_len=6144, download_dir=None, load_format=auto, tensor_parallel_size=1, pipeline_parallel_size=1, data_parallel_size=1, disable_custom_all_reduce=True, quantization=None, enforce_eager=True, kv_cache_dtype=auto, device_config=npu, structured_outputs_config=StructuredOutputsConfig(backend='auto', disable_fallback=False, disable_any_whitespace=False, disable_additional_properties=False, reasoning_parser=''), observability_config=ObservabilityConfig(show_hidden_metrics_for_version=None, otlp_traces_endpoint=None, collect_detailed_traces=None), seed=0, served_model_name=/home/sharedata/models/pangu-pro-moe-model, enable_prefix_caching=True, chunked_prefill_enabled=False, pooler_config=None, compilation_config={"level":0,"debug_dump_path":"","cache_dir":"","backend":"","custom_ops":["all"],"splitting_ops":null,"use_inductor":true,"compile_sizes":[],"inductor_compile_config":{"enable_auto_functionalized_v2":false},"inductor_passes":{},"cudagraph_mode":0,"use_cudagraph":true,"cudagraph_num_of_warmups":1,"cudagraph_capture_sizes":[],"cudagraph_copy_inputs":false,"full_cuda_graph":false,"use_inductor_graph_partition":false,"pass_config":{},"max_capture_size":0,"local_cache_dir":null}
[1;36m(EngineCore_DP0 pid=2016724)[0;0m INFO 05-19 15:32:13 [core.py:667] Waiting for init message from front-end.
[1;36m(EngineCore_DP0 pid=2016726)[0;0m INFO 05-19 15:32:13 [core.py:667] Waiting for init message from front-end.
[1;36m(EngineCore_DP0 pid=2016724)[0;0m INFO 05-19 15:32:13 [core.py:79] Initializing a V1 LLM engine (v0.11.0) with config: model='/home/sharedata/models/pangu-pro-moe-model', speculative_config=None, tokenizer='/home/sharedata/models/pangu-pro-moe-model', skip_tokenizer_init=False, tokenizer_mode=auto, revision=None, tokenizer_revision=None, trust_remote_code=True, dtype=torch.bfloat16, max_seq_len=6144, download_dir=None, load_format=auto, tensor_parallel_size=1, pipeline_parallel_size=1, data_parallel_size=1, disable_custom_all_reduce=True, quantization=None, enforce_eager=True, kv_cache_dtype=auto, device_config=npu, structured_outputs_config=StructuredOutputsConfig(backend='auto', disable_fallback=False, disable_any_whitespace=False, disable_additional_properties=False, reasoning_parser=''), observability_config=ObservabilityConfig(show_hidden_metrics_for_version=None, otlp_traces_endpoint=None, collect_detailed_traces=None), seed=0, served_model_name=/home/sharedata/models/pangu-pro-moe-model, enable_prefix_caching=True, chunked_prefill_enabled=False, pooler_config=None, compilation_config={"level":0,"debug_dump_path":"","cache_dir":"","backend":"","custom_ops":["all"],"splitting_ops":null,"use_inductor":true,"compile_sizes":[],"inductor_compile_config":{"enable_auto_functionalized_v2":false},"inductor_passes":{},"cudagraph_mode":0,"use_cudagraph":true,"cudagraph_num_of_warmups":1,"cudagraph_capture_sizes":[],"cudagraph_copy_inputs":false,"full_cuda_graph":false,"use_inductor_graph_partition":false,"pass_config":{},"max_capture_size":0,"local_cache_dir":null}
[1;36m(EngineCore_DP0 pid=2016726)[0;0m INFO 05-19 15:32:13 [core.py:79] Initializing a V1 LLM engine (v0.11.0) with config: model='/home/sharedata/models/pangu-pro-moe-model', speculative_config=None, tokenizer='/home/sharedata/models/pangu-pro-moe-model', skip_tokenizer_init=False, tokenizer_mode=auto, revision=None, tokenizer_revision=None, trust_remote_code=True, dtype=torch.bfloat16, max_seq_len=6144, download_dir=None, load_format=auto, tensor_parallel_size=1, pipeline_parallel_size=1, data_parallel_size=1, disable_custom_all_reduce=True, quantization=None, enforce_eager=True, kv_cache_dtype=auto, device_config=npu, structured_outputs_config=StructuredOutputsConfig(backend='auto', disable_fallback=False, disable_any_whitespace=False, disable_additional_properties=False, reasoning_parser=''), observability_config=ObservabilityConfig(show_hidden_metrics_for_version=None, otlp_traces_endpoint=None, collect_detailed_traces=None), seed=0, served_model_name=/home/sharedata/models/pangu-pro-moe-model, enable_prefix_caching=True, chunked_prefill_enabled=False, pooler_config=None, compilation_config={"level":0,"debug_dump_path":"","cache_dir":"","backend":"","custom_ops":["all"],"splitting_ops":null,"use_inductor":true,"compile_sizes":[],"inductor_compile_config":{"enable_auto_functionalized_v2":false},"inductor_passes":{},"cudagraph_mode":0,"use_cudagraph":true,"cudagraph_num_of_warmups":1,"cudagraph_capture_sizes":[],"cudagraph_copy_inputs":false,"full_cuda_graph":false,"use_inductor_graph_partition":false,"pass_config":{},"max_capture_size":0,"local_cache_dir":null}
[1;36m(EngineCore_DP0 pid=2016660)[0;0m INFO 05-19 15:32:21 [parallel_state.py:235] Reusing world process groups for tp group ranks=[0]
[1;36m(EngineCore_DP0 pid=2016660)[0;0m INFO 05-19 15:32:21 [parallel_state.py:235] Reusing world process groups for dcp group ranks=[0]
[1;36m(EngineCore_DP0 pid=2016660)[0;0m INFO 05-19 15:32:21 [parallel_state.py:235] Reusing world process groups for pp group ranks=[0]
[1;36m(EngineCore_DP0 pid=2016660)[0;0m INFO 05-19 15:32:21 [parallel_state.py:235] Reusing world process groups for dp group ranks=[0]
[1;36m(EngineCore_DP0 pid=2016660)[0;0m INFO 05-19 15:32:21 [parallel_state.py:235] Reusing world process groups for ep group ranks=[0]
[1;36m(EngineCore_DP0 pid=2016660)[0;0m INFO 05-19 15:32:21 [parallel_state.py:1232] rank 0 in world size 1 is assigned as DP rank 0, PP rank 0, TP rank 0, EP rank 0
[1;36m(EngineCore_DP0 pid=2016660)[0;0m INFO 05-19 15:32:21 [parallel_state.py:235] Reusing world process groups for mc2 group ranks=[0]
[1;36m(EngineCore_DP0 pid=2016692)[0;0m INFO 05-19 15:32:21 [parallel_state.py:235] Reusing world process groups for tp group ranks=[0]
[1;36m(EngineCore_DP0 pid=2016692)[0;0m INFO 05-19 15:32:21 [parallel_state.py:235] Reusing world process groups for dcp group ranks=[0]
[1;36m(EngineCore_DP0 pid=2016692)[0;0m INFO 05-19 15:32:21 [parallel_state.py:235] Reusing world process groups for pp group ranks=[0]
[1;36m(EngineCore_DP0 pid=2016692)[0;0m INFO 05-19 15:32:21 [parallel_state.py:235] Reusing world process groups for dp group ranks=[0]
[1;36m(EngineCore_DP0 pid=2016692)[0;0m INFO 05-19 15:32:21 [parallel_state.py:235] Reusing world process groups for ep group ranks=[0]
[1;36m(EngineCore_DP0 pid=2016692)[0;0m INFO 05-19 15:32:21 [parallel_state.py:1232] rank 0 in world size 1 is assigned as DP rank 0, PP rank 0, TP rank 0, EP rank 0
[1;36m(EngineCore_DP0 pid=2016692)[0;0m INFO 05-19 15:32:21 [parallel_state.py:235] Reusing world process groups for mc2 group ranks=[0]
[1;36m(EngineCore_DP0 pid=2016656)[0;0m INFO 05-19 15:32:21 [parallel_state.py:235] Reusing world process groups for tp group ranks=[0]
[1;36m(EngineCore_DP0 pid=2016656)[0;0m INFO 05-19 15:32:21 [parallel_state.py:235] Reusing world process groups for dcp group ranks=[0]
[1;36m(EngineCore_DP0 pid=2016656)[0;0m INFO 05-19 15:32:21 [parallel_state.py:235] Reusing world process groups for pp group ranks=[0]
[1;36m(EngineCore_DP0 pid=2016656)[0;0m INFO 05-19 15:32:21 [parallel_state.py:235] Reusing world process groups for dp group ranks=[0]
[1;36m(EngineCore_DP0 pid=2016656)[0;0m INFO 05-19 15:32:21 [parallel_state.py:235] Reusing world process groups for ep group ranks=[0]
[1;36m(EngineCore_DP0 pid=2016656)[0;0m INFO 05-19 15:32:21 [parallel_state.py:1232] rank 0 in world size 1 is assigned as DP rank 0, PP rank 0, TP rank 0, EP rank 0
[1;36m(EngineCore_DP0 pid=2016656)[0;0m INFO 05-19 15:32:21 [parallel_state.py:235] Reusing world process groups for mc2 group ranks=[0]
[1;36m(EngineCore_DP0 pid=2016670)[0;0m INFO 05-19 15:32:21 [parallel_state.py:235] Reusing world process groups for tp group ranks=[0]
[1;36m(EngineCore_DP0 pid=2016670)[0;0m INFO 05-19 15:32:21 [parallel_state.py:235] Reusing world process groups for dcp group ranks=[0]
[1;36m(EngineCore_DP0 pid=2016670)[0;0m INFO 05-19 15:32:21 [parallel_state.py:235] Reusing world process groups for pp group ranks=[0]
[1;36m(EngineCore_DP0 pid=2016670)[0;0m INFO 05-19 15:32:21 [parallel_state.py:235] Reusing world process groups for dp group ranks=[0]
[1;36m(EngineCore_DP0 pid=2016670)[0;0m INFO 05-19 15:32:21 [parallel_state.py:235] Reusing world process groups for ep group ranks=[0]
[1;36m(EngineCore_DP0 pid=2016670)[0;0m INFO 05-19 15:32:21 [parallel_state.py:1232] rank 0 in world size 1 is assigned as DP rank 0, PP rank 0, TP rank 0, EP rank 0
[1;36m(EngineCore_DP0 pid=2016670)[0;0m INFO 05-19 15:32:21 [parallel_state.py:235] Reusing world process groups for mc2 group ranks=[0]
[1;36m(EngineCore_DP0 pid=2016660)[0;0m INFO 05-19 15:32:22 [model_runner_v1.py:3087] Starting to load model /home/sharedata/models/pangu-pro-moe-model...
[1;36m(EngineCore_DP0 pid=2016656)[0;0m INFO 05-19 15:32:22 [model_runner_v1.py:3087] Starting to load model /home/sharedata/models/pangu-pro-moe-model...
[1;36m(EngineCore_DP0 pid=2016670)[0;0m INFO 05-19 15:32:22 [model_runner_v1.py:3087] Starting to load model /home/sharedata/models/pangu-pro-moe-model...
[1;36m(EngineCore_DP0 pid=2016692)[0;0m INFO 05-19 15:32:22 [model_runner_v1.py:3087] Starting to load model /home/sharedata/models/pangu-pro-moe-model...
[1;36m(EngineCore_DP0 pid=2016711)[0;0m INFO 05-19 15:32:22 [parallel_state.py:235] Reusing world process groups for tp group ranks=[0]
[1;36m(EngineCore_DP0 pid=2016711)[0;0m INFO 05-19 15:32:22 [parallel_state.py:235] Reusing world process groups for dcp group ranks=[0]
[1;36m(EngineCore_DP0 pid=2016711)[0;0m INFO 05-19 15:32:22 [parallel_state.py:235] Reusing world process groups for pp group ranks=[0]
[1;36m(EngineCore_DP0 pid=2016711)[0;0m INFO 05-19 15:32:22 [parallel_state.py:235] Reusing world process groups for dp group ranks=[0]
[1;36m(EngineCore_DP0 pid=2016711)[0;0m INFO 05-19 15:32:22 [parallel_state.py:235] Reusing world process groups for ep group ranks=[0]
[1;36m(EngineCore_DP0 pid=2016711)[0;0m INFO 05-19 15:32:22 [parallel_state.py:1232] rank 0 in world size 1 is assigned as DP rank 0, PP rank 0, TP rank 0, EP rank 0
[1;36m(EngineCore_DP0 pid=2016711)[0;0m INFO 05-19 15:32:22 [parallel_state.py:235] Reusing world process groups for mc2 group ranks=[0]
[1;36m(EngineCore_DP0 pid=2016700)[0;0m INFO 05-19 15:32:22 [parallel_state.py:235] Reusing world process groups for tp group ranks=[0]
[1;36m(EngineCore_DP0 pid=2016700)[0;0m INFO 05-19 15:32:22 [parallel_state.py:235] Reusing world process groups for dcp group ranks=[0]
[1;36m(EngineCore_DP0 pid=2016700)[0;0m INFO 05-19 15:32:22 [parallel_state.py:235] Reusing world process groups for pp group ranks=[0]
[1;36m(EngineCore_DP0 pid=2016700)[0;0m INFO 05-19 15:32:22 [parallel_state.py:235] Reusing world process groups for dp group ranks=[0]
[1;36m(EngineCore_DP0 pid=2016700)[0;0m INFO 05-19 15:32:22 [parallel_state.py:235] Reusing world process groups for ep group ranks=[0]
[1;36m(EngineCore_DP0 pid=2016700)[0;0m INFO 05-19 15:32:22 [parallel_state.py:1232] rank 0 in world size 1 is assigned as DP rank 0, PP rank 0, TP rank 0, EP rank 0
[1;36m(EngineCore_DP0 pid=2016700)[0;0m INFO 05-19 15:32:22 [parallel_state.py:235] Reusing world process groups for mc2 group ranks=[0]
[1;36m(EngineCore_DP0 pid=2016726)[0;0m INFO 05-19 15:32:22 [parallel_state.py:235] Reusing world process groups for tp group ranks=[0]
[1;36m(EngineCore_DP0 pid=2016726)[0;0m INFO 05-19 15:32:22 [parallel_state.py:235] Reusing world process groups for dcp group ranks=[0]
[1;36m(EngineCore_DP0 pid=2016726)[0;0m INFO 05-19 15:32:22 [parallel_state.py:235] Reusing world process groups for pp group ranks=[0]
[1;36m(EngineCore_DP0 pid=2016726)[0;0m INFO 05-19 15:32:22 [parallel_state.py:235] Reusing world process groups for dp group ranks=[0]
[1;36m(EngineCore_DP0 pid=2016726)[0;0m INFO 05-19 15:32:22 [parallel_state.py:235] Reusing world process groups for ep group ranks=[0]
[1;36m(EngineCore_DP0 pid=2016726)[0;0m INFO 05-19 15:32:22 [parallel_state.py:1232] rank 0 in world size 1 is assigned as DP rank 0, PP rank 0, TP rank 0, EP rank 0
[1;36m(EngineCore_DP0 pid=2016726)[0;0m INFO 05-19 15:32:22 [parallel_state.py:235] Reusing world process groups for mc2 group ranks=[0]
[1;36m(EngineCore_DP0 pid=2016724)[0;0m INFO 05-19 15:32:22 [parallel_state.py:235] Reusing world process groups for tp group ranks=[0]
[1;36m(EngineCore_DP0 pid=2016724)[0;0m INFO 05-19 15:32:22 [parallel_state.py:235] Reusing world process groups for dcp group ranks=[0]
[1;36m(EngineCore_DP0 pid=2016724)[0;0m INFO 05-19 15:32:22 [parallel_state.py:235] Reusing world process groups for pp group ranks=[0]
[1;36m(EngineCore_DP0 pid=2016724)[0;0m INFO 05-19 15:32:22 [parallel_state.py:235] Reusing world process groups for dp group ranks=[0]
[1;36m(EngineCore_DP0 pid=2016724)[0;0m INFO 05-19 15:32:22 [parallel_state.py:235] Reusing world process groups for ep group ranks=[0]
[1;36m(EngineCore_DP0 pid=2016724)[0;0m INFO 05-19 15:32:22 [parallel_state.py:1232] rank 0 in world size 1 is assigned as DP rank 0, PP rank 0, TP rank 0, EP rank 0
[1;36m(EngineCore_DP0 pid=2016724)[0;0m INFO 05-19 15:32:22 [parallel_state.py:235] Reusing world process groups for mc2 group ranks=[0]
[1;36m(EngineCore_DP0 pid=2016711)[0;0m INFO 05-19 15:32:22 [model_runner_v1.py:3087] Starting to load model /home/sharedata/models/pangu-pro-moe-model...
[1;36m(EngineCore_DP0 pid=2016700)[0;0m INFO 05-19 15:32:23 [model_runner_v1.py:3087] Starting to load model /home/sharedata/models/pangu-pro-moe-model...
[1;36m(EngineCore_DP0 pid=2016726)[0;0m INFO 05-19 15:32:23 [model_runner_v1.py:3087] Starting to load model /home/sharedata/models/pangu-pro-moe-model...
[1;36m(EngineCore_DP0 pid=2016724)[0;0m INFO 05-19 15:32:23 [model_runner_v1.py:3087] Starting to load model /home/sharedata/models/pangu-pro-moe-model...
[1;36m(EngineCore_DP0 pid=2016726)[0;0m ERROR 05-19 15:32:27 [core.py:741] EngineCore failed to start.
[1;36m(EngineCore_DP0 pid=2016726)[0;0m ERROR 05-19 15:32:27 [core.py:741] Traceback (most recent call last):
[1;36m(EngineCore_DP0 pid=2016726)[0;0m ERROR 05-19 15:32:27 [core.py:741]   File "/workspace/cann-recipes-train/llm_rl/qwen3/vllm/v1/engine/core.py", line 732, in run_engine_core
[1;36m(EngineCore_DP0 pid=2016726)[0;0m ERROR 05-19 15:32:27 [core.py:741]     engine_core = EngineCoreProc(*args, **kwargs)
[1;36m(EngineCore_DP0 pid=2016726)[0;0m ERROR 05-19 15:32:27 [core.py:741]                   ^^^^^^^^^^^^^^^^^^^^^^^^^^^^^^^
[1;36m(EngineCore_DP0 pid=2016726)[0;0m ERROR 05-19 15:32:27 [core.py:741]   File "/workspace/cann-recipes-train/llm_rl/qwen3/vllm/v1/engine/core.py", line 521, in __init__
[1;36m(EngineCore_DP0 pid=2016726)[0;0m ERROR 05-19 15:32:27 [core.py:741]     super().__init__(vllm_config, executor_class, log_stats,
[1;36m(EngineCore_DP0 pid=2016726)[0;0m ERROR 05-19 15:32:27 [core.py:741]   File "/workspace/cann-recipes-train/llm_rl/qwen3/vllm/v1/engine/core.py", line 90, in __init__
[1;36m(EngineCore_DP0 pid=2016726)[0;0m ERROR 05-19 15:32:27 [core.py:741]     self.model_executor = executor_class(vllm_config)
[1;36m(EngineCore_DP0 pid=2016726)[0;0m ERROR 05-19 15:32:27 [core.py:741]                           ^^^^^^^^^^^^^^^^^^^^^^^^^^^
[1;36m(EngineCore_DP0 pid=2016726)[0;0m ERROR 05-19 15:32:27 [core.py:741]   File "/workspace/cann-recipes-train/llm_rl/qwen3/vllm/executor/executor_base.py", line 54, in __init__
[1;36m(EngineCore_DP0 pid=2016726)[0;0m ERROR 05-19 15:32:27 [core.py:741]     self._init_executor()
[1;36m(EngineCore_DP0 pid=2016726)[0;0m ERROR 05-19 15:32:27 [core.py:741]   File "/workspace/cann-recipes-train/llm_rl/qwen3/vllm/executor/uniproc_executor.py", line 55, in _init_executor
[1;36m(EngineCore_DP0 pid=2016726)[0;0m ERROR 05-19 15:32:27 [core.py:741]     self.collective_rpc("load_model")
[1;36m(EngineCore_DP0 pid=2016726)[0;0m ERROR 05-19 15:32:27 [core.py:741]   File "/workspace/cann-recipes-train/llm_rl/qwen3/vllm/executor/uniproc_executor.py", line 83, in collective_rpc
[1;36m(EngineCore_DP0 pid=2016726)[0;0m ERROR 05-19 15:32:27 [core.py:741]     return [run_method(self.driver_worker, method, args, kwargs)]
[1;36m(EngineCore_DP0 pid=2016726)[0;0m ERROR 05-19 15:32:27 [core.py:741]             ^^^^^^^^^^^^^^^^^^^^^^^^^^^^^^^^^^^^^^^^^^^^^^^^^^^^
[1;36m(EngineCore_DP0 pid=2016726)[0;0m ERROR 05-19 15:32:27 [core.py:741]   File "/workspace/cann-recipes-train/llm_rl/qwen3/vllm/utils/__init__.py", line 3122, in run_method
[1;36m(EngineCore_DP0 pid=2016726)[0;0m ERROR 05-19 15:32:27 [core.py:741]     return func(*args, **kwargs)
[1;36m(EngineCore_DP0 pid=2016726)[0;0m ERROR 05-19 15:32:27 [core.py:741]            ^^^^^^^^^^^^^^^^^^^^^
[1;36m(EngineCore_DP0 pid=2016726)[0;0m ERROR 05-19 15:32:27 [core.py:741]   File "/workspace/cann-recipes-train/llm_rl/qwen3/vllm_ascend/worker/worker_v1.py", line 840, in load_model
[1;36m(EngineCore_DP0 pid=2016726)[0;0m ERROR 05-19 15:32:27 [core.py:741]     self.model_runner.load_model()
[1;36m(EngineCore_DP0 pid=2016726)[0;0m ERROR 05-19 15:32:27 [core.py:741]   File "/workspace/cann-recipes-train/llm_rl/qwen3/vllm_ascend/worker/model_runner_v1.py", line 3090, in load_model
[1;36m(EngineCore_DP0 pid=2016726)[0;0m ERROR 05-19 15:32:27 [core.py:741]     self.model = get_model(vllm_config=self.vllm_config)
[1;36m(EngineCore_DP0 pid=2016726)[0;0m ERROR 05-19 15:32:27 [core.py:741]                  ^^^^^^^^^^^^^^^^^^^^^^^^^^^^^^^^^^^^^^^
[1;36m(EngineCore_DP0 pid=2016726)[0;0m ERROR 05-19 15:32:27 [core.py:741]   File "/workspace/cann-recipes-train/llm_rl/qwen3/vllm/model_executor/model_loader/__init__.py", line 119, in get_model
[1;36m(EngineCore_DP0 pid=2016726)[0;0m ERROR 05-19 15:32:27 [core.py:741]     return loader.load_model(vllm_config=vllm_config,
[1;36m(EngineCore_DP0 pid=2016726)[0;0m ERROR 05-19 15:32:27 [core.py:741]            ^^^^^^^^^^^^^^^^^^^^^^^^^^^^^^^^^^^^^^^^^^
[1;36m(EngineCore_DP0 pid=2016726)[0;0m ERROR 05-19 15:32:27 [core.py:741]   File "/workspace/cann-recipes-train/llm_rl/qwen3/vllm/model_executor/model_loader/base_loader.py", line 45, in load_model
[1;36m(EngineCore_DP0 pid=2016726)[0;0m ERROR 05-19 15:32:27 [core.py:741]     model = initialize_model(vllm_config=vllm_config,
[1;36m(EngineCore_DP0 pid=2016726)[0;0m ERROR 05-19 15:32:27 [core.py:741]             ^^^^^^^^^^^^^^^^^^^^^^^^^^^^^^^^^^^^^^^^^
[1;36m(EngineCore_DP0 pid=2016726)[0;0m ERROR 05-19 15:32:27 [core.py:741]   File "/workspace/cann-recipes-train/llm_rl/qwen3/vllm/model_executor/model_loader/utils.py", line 84, in initialize_model
[1;36m(EngineCore_DP0 pid=2016726)[0;0m ERROR 05-19 15:32:27 [core.py:741]     return model_class(vllm_config=vllm_config, prefix=prefix)
[1;36m(EngineCore_DP0 pid=2016726)[0;0m ERROR 05-19 15:32:27 [core.py:741]            ^^^^^^^^^^^^^^^^^^^^^^^^^^^^^^^^^^^^^^^^^^^^^^^^^^^
[1;36m(EngineCore_DP0 pid=2016726)[0;0m ERROR 05-19 15:32:27 [core.py:741]   File "/workspace/cann-recipes-train/llm_rl/qwen3/vllm_ascend/torchair/models/torchair_pangu_moe.py", line 904, in __init__
[1;36m(EngineCore_DP0 pid=2016726)[0;0m ERROR 05-19 15:32:27 [core.py:741]     self.model = PanguProMoEModel(vllm_config=vllm_config,
[1;36m(EngineCore_DP0 pid=2016726)[0;0m ERROR 05-19 15:32:27 [core.py:741]                  ^^^^^^^^^^^^^^^^^^^^^^^^^^^^^^^^^^^^^^^^^
[1;36m(EngineCore_DP0 pid=2016726)[0;0m ERROR 05-19 15:32:27 [core.py:741]   File "/workspace/cann-recipes-train/llm_rl/qwen3/vllm/compilation/decorators.py", line 201, in __init__
[1;36m(EngineCore_DP0 pid=2016726)[0;0m ERROR 05-19 15:32:27 [core.py:741]     old_init(self, vllm_config=vllm_config, prefix=prefix, **kwargs)
[1;36m(EngineCore_DP0 pid=2016726)[0;0m ERROR 05-19 15:32:27 [core.py:741]   File "/workspace/cann-recipes-train/llm_rl/qwen3/vllm_ascend/torchair/models/torchair_pangu_moe.py", line 798, in __init__
[1;36m(EngineCore_DP0 pid=2016726)[0;0m ERROR 05-19 15:32:27 [core.py:741]     self.start_layer, self.end_layer, self.layers = make_layers(
[1;36m(EngineCore_DP0 pid=2016726)[0;0m ERROR 05-19 15:32:27 [core.py:741]                                                     ^^^^^^^^^^^^
[1;36m(EngineCore_DP0 pid=2016726)[0;0m ERROR 05-19 15:32:27 [core.py:741]   File "/workspace/cann-recipes-train/llm_rl/qwen3/vllm/model_executor/models/utils.py", line 629, in make_layers
[1;36m(EngineCore_DP0 pid=2016726)[0;0m ERROR 05-19 15:32:27 [core.py:741]     [PPMissingLayer() for _ in range(start_layer)] + [
[1;36m(EngineCore_DP0 pid=2016726)[0;0m ERROR 05-19 15:32:27 [core.py:741]                                                      ^
[1;36m(EngineCore_DP0 pid=2016726)[0;0m ERROR 05-19 15:32:27 [core.py:741]   File "/workspace/cann-recipes-train/llm_rl/qwen3/vllm/model_executor/models/utils.py", line 630, in <listcomp>
[1;36m(EngineCore_DP0 pid=2016726)[0;0m ERROR 05-19 15:32:27 [core.py:741]     maybe_offload_to_cpu(layer_fn(prefix=f"{prefix}.{idx}"))
[1;36m(EngineCore_DP0 pid=2016726)[0;0m ERROR 05-19 15:32:27 [core.py:741]                          ^^^^^^^^^^^^^^^^^^^^^^^^^^^^^^^^^^
[1;36m(EngineCore_DP0 pid=2016726)[0;0m ERROR 05-19 15:32:27 [core.py:741]   File "/workspace/cann-recipes-train/llm_rl/qwen3/vllm_ascend/torchair/models/torchair_pangu_moe.py", line 800, in <lambda>
[1;36m(EngineCore_DP0 pid=2016726)[0;0m ERROR 05-19 15:32:27 [core.py:741]     lambda prefix: PanguProMoEDecoderLayer(config=config,
[1;36m(EngineCore_DP0 pid=2016726)[0;0m ERROR 05-19 15:32:27 [core.py:741]                    ^^^^^^^^^^^^^^^^^^^^^^^^^^^^^^^^^^^^^^
[1;36m(EngineCore_DP0 pid=2016726)[0;0m ERROR 05-19 15:32:27 [core.py:741]   File "/workspace/cann-recipes-train/llm_rl/qwen3/vllm_ascend/torchair/models/torchair_pangu_moe.py", line 677, in __init__
[1;36m(EngineCore_DP0 pid=2016726)[0;0m ERROR 05-19 15:32:27 [core.py:741]     self.mlp = PanguProMoESparseMoeBlock(
[1;36m(EngineCore_DP0 pid=2016726)[0;0m ERROR 05-19 15:32:27 [core.py:741]                ^^^^^^^^^^^^^^^^^^^^^^^^^^
[1;36m(EngineCore_DP0 pid=2016726)[0;0m ERROR 05-19 15:32:27 [core.py:741]   File "/workspace/cann-recipes-train/llm_rl/qwen3/vllm_ascend/torchair/models/torchair_pangu_moe.py", line 474, in __init__
[1;36m(EngineCore_DP0 pid=2016726)[0;0m ERROR 05-19 15:32:27 [core.py:741]     self.shared_expert = PanguProMoEMLP(
[1;36m(EngineCore_DP0 pid=2016726)[0;0m ERROR 05-19 15:32:27 [core.py:741]                          ^^^^^^^^^^^^^^^
[1;36m(EngineCore_DP0 pid=2016726)[0;0m ERROR 05-19 15:32:27 [core.py:741]   File "/workspace/cann-recipes-train/llm_rl/qwen3/vllm_ascend/torchair/models/torchair_pangu_moe.py", line 297, in __init__
[1;36m(EngineCore_DP0 pid=2016726)[0;0m ERROR 05-19 15:32:27 [core.py:741]     self.gate_up_proj = MergedColumnParallelLinear(
[1;36m(EngineCore_DP0 pid=2016726)[0;0m ERROR 05-19 15:32:27 [core.py:741]                         ^^^^^^^^^^^^^^^^^^^^^^^^^^^
[1;36m(EngineCore_DP0 pid=2016726)[0;0m ERROR 05-19 15:32:27 [core.py:741]   File "/workspace/cann-recipes-train/llm_rl/qwen3/vllm_ascend/ops/linear.py", line 182, in __init__
[1;36m(EngineCore_DP0 pid=2016726)[0;0m ERROR 05-19 15:32:27 [core.py:741]     AscendColumnParallelLinear.__init__(self,
[1;36m(EngineCore_DP0 pid=2016726)[0;0m ERROR 05-19 15:32:27 [core.py:741]   File "/workspace/cann-recipes-train/llm_rl/qwen3/vllm_ascend/ops/linear.py", line 336, in __init__
[1;36m(EngineCore_DP0 pid=2016726)[0;0m ERROR 05-19 15:32:27 [core.py:741]     self.quant_method.create_weights(
[1;36m(EngineCore_DP0 pid=2016726)[0;0m ERROR 05-19 15:32:27 [core.py:741]   File "/workspace/cann-recipes-train/llm_rl/qwen3/vllm_ascend/patch/worker/patch_common/patch_weight_loader.py", line 21, in create_weights
[1;36m(EngineCore_DP0 pid=2016726)[0;0m ERROR 05-19 15:32:27 [core.py:741]     weight = Parameter(torch.empty(sum(output_partition_sizes),
[1;36m(EngineCore_DP0 pid=2016726)[0;0m ERROR 05-19 15:32:27 [core.py:741]                        ^^^^^^^^^^^^^^^^^^^^^^^^^^^^^^^^^^^^^^^^
[1;36m(EngineCore_DP0 pid=2016726)[0;0m ERROR 05-19 15:32:27 [core.py:741]   File "/usr/local/python3.11.13/lib/python3.11/site-packages/torch/utils/_device.py", line 104, in __torch_function__
[1;36m(EngineCore_DP0 pid=2016726)[0;0m ERROR 05-19 15:32:27 [core.py:741]     return func(*args, **kwargs)
[1;36m(EngineCore_DP0 pid=2016726)[0;0m ERROR 05-19 15:32:27 [core.py:741]            ^^^^^^^^^^^^^^^^^^^^^
[1;36m(EngineCore_DP0 pid=2016726)[0;0m ERROR 05-19 15:32:27 [core.py:741] RuntimeError: NPU out of memory. Tried to allocate 106.00 MiB (NPU 0; 61.28 GiB total capacity; 42.33 GiB already allocated; 42.33 GiB current active; 124.32 MiB free; 42.34 GiB reserved in total by PyTorch) If reserved memory is >> allocated memory try setting max_split_size_mb to avoid fragmentation.
[1;36m(EngineCore_DP0 pid=2016692)[0;0m ERROR 05-19 15:32:27 [core.py:741] EngineCore failed to start.
[1;36m(EngineCore_DP0 pid=2016692)[0;0m ERROR 05-19 15:32:27 [core.py:741] Traceback (most recent call last):
[1;36m(EngineCore_DP0 pid=2016692)[0;0m ERROR 05-19 15:32:27 [core.py:741]   File "/workspace/cann-recipes-train/llm_rl/qwen3/vllm/v1/engine/core.py", line 732, in run_engine_core
[1;36m(EngineCore_DP0 pid=2016692)[0;0m ERROR 05-19 15:32:27 [core.py:741]     engine_core = EngineCoreProc(*args, **kwargs)
[1;36m(EngineCore_DP0 pid=2016692)[0;0m ERROR 05-19 15:32:27 [core.py:741]                   ^^^^^^^^^^^^^^^^^^^^^^^^^^^^^^^
[1;36m(EngineCore_DP0 pid=2016692)[0;0m ERROR 05-19 15:32:27 [core.py:741]   File "/workspace/cann-recipes-train/llm_rl/qwen3/vllm/v1/engine/core.py", line 521, in __init__
[1;36m(EngineCore_DP0 pid=2016692)[0;0m ERROR 05-19 15:32:27 [core.py:741]     super().__init__(vllm_config, executor_class, log_stats,
[1;36m(EngineCore_DP0 pid=2016692)[0;0m ERROR 05-19 15:32:27 [core.py:741]   File "/workspace/cann-recipes-train/llm_rl/qwen3/vllm/v1/engine/core.py", line 90, in __init__
[1;36m(EngineCore_DP0 pid=2016692)[0;0m ERROR 05-19 15:32:27 [core.py:741]     self.model_executor = executor_class(vllm_config)
[1;36m(EngineCore_DP0 pid=2016692)[0;0m ERROR 05-19 15:32:27 [core.py:741]                           ^^^^^^^^^^^^^^^^^^^^^^^^^^^
[1;36m(EngineCore_DP0 pid=2016692)[0;0m ERROR 05-19 15:32:27 [core.py:741]   File "/workspace/cann-recipes-train/llm_rl/qwen3/vllm/executor/executor_base.py", line 54, in __init__
[1;36m(EngineCore_DP0 pid=2016692)[0;0m ERROR 05-19 15:32:27 [core.py:741]     self._init_executor()
[1;36m(EngineCore_DP0 pid=2016692)[0;0m ERROR 05-19 15:32:27 [core.py:741]   File "/workspace/cann-recipes-train/llm_rl/qwen3/vllm/executor/uniproc_executor.py", line 55, in _init_executor
[1;36m(EngineCore_DP0 pid=2016692)[0;0m ERROR 05-19 15:32:27 [core.py:741]     self.collective_rpc("load_model")
[1;36m(EngineCore_DP0 pid=2016692)[0;0m ERROR 05-19 15:32:27 [core.py:741]   File "/workspace/cann-recipes-train/llm_rl/qwen3/vllm/executor/uniproc_executor.py", line 83, in collective_rpc
[1;36m(EngineCore_DP0 pid=2016692)[0;0m ERROR 05-19 15:32:27 [core.py:741]     return [run_method(self.driver_worker, method, args, kwargs)]
[1;36m(EngineCore_DP0 pid=2016692)[0;0m ERROR 05-19 15:32:27 [core.py:741]             ^^^^^^^^^^^^^^^^^^^^^^^^^^^^^^^^^^^^^^^^^^^^^^^^^^^^
[1;36m(EngineCore_DP0 pid=2016692)[0;0m ERROR 05-19 15:32:27 [core.py:741]   File "/workspace/cann-recipes-train/llm_rl/qwen3/vllm/utils/__init__.py", line 3122, in run_method
[1;36m(EngineCore_DP0 pid=2016692)[0;0m ERROR 05-19 15:32:27 [core.py:741]     return func(*args, **kwargs)
[1;36m(EngineCore_DP0 pid=2016692)[0;0m ERROR 05-19 15:32:27 [core.py:741]            ^^^^^^^^^^^^^^^^^^^^^
[1;36m(EngineCore_DP0 pid=2016692)[0;0m ERROR 05-19 15:32:27 [core.py:741]   File "/workspace/cann-recipes-train/llm_rl/qwen3/vllm_ascend/worker/worker_v1.py", line 840, in load_model
[1;36m(EngineCore_DP0 pid=2016692)[0;0m ERROR 05-19 15:32:27 [core.py:741]     self.model_runner.load_model()
[1;36m(EngineCore_DP0 pid=2016692)[0;0m ERROR 05-19 15:32:27 [core.py:741]   File "/workspace/cann-recipes-train/llm_rl/qwen3/vllm_ascend/worker/model_runner_v1.py", line 3090, in load_model
[1;36m(EngineCore_DP0 pid=2016692)[0;0m ERROR 05-19 15:32:27 [core.py:741]     self.model = get_model(vllm_config=self.vllm_config)
[1;36m(EngineCore_DP0 pid=2016692)[0;0m ERROR 05-19 15:32:27 [core.py:741]                  ^^^^^^^^^^^^^^^^^^^^^^^^^^^^^^^^^^^^^^^
[1;36m(EngineCore_DP0 pid=2016692)[0;0m ERROR 05-19 15:32:27 [core.py:741]   File "/workspace/cann-recipes-train/llm_rl/qwen3/vllm/model_executor/model_loader/__init__.py", line 119, in get_model
[1;36m(EngineCore_DP0 pid=2016692)[0;0m ERROR 05-19 15:32:27 [core.py:741]     return loader.load_model(vllm_config=vllm_config,
[1;36m(EngineCore_DP0 pid=2016692)[0;0m ERROR 05-19 15:32:27 [core.py:741]            ^^^^^^^^^^^^^^^^^^^^^^^^^^^^^^^^^^^^^^^^^^
[1;36m(EngineCore_DP0 pid=2016692)[0;0m ERROR 05-19 15:32:27 [core.py:741]   File "/workspace/cann-recipes-train/llm_rl/qwen3/vllm/model_executor/model_loader/base_loader.py", line 45, in load_model
[1;36m(EngineCore_DP0 pid=2016692)[0;0m ERROR 05-19 15:32:27 [core.py:741]     model = initialize_model(vllm_config=vllm_config,
[1;36m(EngineCore_DP0 pid=2016692)[0;0m ERROR 05-19 15:32:27 [core.py:741]             ^^^^^^^^^^^^^^^^^^^^^^^^^^^^^^^^^^^^^^^^^
[1;36m(EngineCore_DP0 pid=2016692)[0;0m ERROR 05-19 15:32:27 [core.py:741]   File "/workspace/cann-recipes-train/llm_rl/qwen3/vllm/model_executor/model_loader/utils.py", line 84, in initialize_model
[1;36m(EngineCore_DP0 pid=2016692)[0;0m ERROR 05-19 15:32:27 [core.py:741]     return model_class(vllm_config=vllm_config, prefix=prefix)
[1;36m(EngineCore_DP0 pid=2016692)[0;0m ERROR 05-19 15:32:27 [core.py:741]            ^^^^^^^^^^^^^^^^^^^^^^^^^^^^^^^^^^^^^^^^^^^^^^^^^^^
[1;36m(EngineCore_DP0 pid=2016692)[0;0m ERROR 05-19 15:32:27 [core.py:741]   File "/workspace/cann-recipes-train/llm_rl/qwen3/vllm_ascend/torchair/models/torchair_pangu_moe.py", line 904, in __init__
[1;36m(EngineCore_DP0 pid=2016692)[0;0m ERROR 05-19 15:32:27 [core.py:741]     self.model = PanguProMoEModel(vllm_config=vllm_config,
[1;36m(EngineCore_DP0 pid=2016692)[0;0m ERROR 05-19 15:32:27 [core.py:741]                  ^^^^^^^^^^^^^^^^^^^^^^^^^^^^^^^^^^^^^^^^^
[1;36m(EngineCore_DP0 pid=2016692)[0;0m ERROR 05-19 15:32:27 [core.py:741]   File "/workspace/cann-recipes-train/llm_rl/qwen3/vllm/compilation/decorators.py", line 201, in __init__
[1;36m(EngineCore_DP0 pid=2016692)[0;0m ERROR 05-19 15:32:27 [core.py:741]     old_init(self, vllm_config=vllm_config, prefix=prefix, **kwargs)
[1;36m(EngineCore_DP0 pid=2016692)[0;0m ERROR 05-19 15:32:27 [core.py:741]   File "/workspace/cann-recipes-train/llm_rl/qwen3/vllm_ascend/torchair/models/torchair_pangu_moe.py", line 798, in __init__
[1;36m(EngineCore_DP0 pid=2016692)[0;0m ERROR 05-19 15:32:27 [core.py:741]     self.start_layer, self.end_layer, self.layers = make_layers(
[1;36m(EngineCore_DP0 pid=2016692)[0;0m ERROR 05-19 15:32:27 [core.py:741]                                                     ^^^^^^^^^^^^
[1;36m(EngineCore_DP0 pid=2016692)[0;0m ERROR 05-19 15:32:27 [core.py:741]   File "/workspace/cann-recipes-train/llm_rl/qwen3/vllm/model_executor/models/utils.py", line 629, in make_layers
[1;36m(EngineCore_DP0 pid=2016692)[0;0m ERROR 05-19 15:32:27 [core.py:741]     [PPMissingLayer() for _ in range(start_layer)] + [
[1;36m(EngineCore_DP0 pid=2016692)[0;0m ERROR 05-19 15:32:27 [core.py:741]                                                      ^
[1;36m(EngineCore_DP0 pid=2016692)[0;0m ERROR 05-19 15:32:27 [core.py:741]   File "/workspace/cann-recipes-train/llm_rl/qwen3/vllm/model_executor/models/utils.py", line 630, in <listcomp>
[1;36m(EngineCore_DP0 pid=2016692)[0;0m ERROR 05-19 15:32:27 [core.py:741]     maybe_offload_to_cpu(layer_fn(prefix=f"{prefix}.{idx}"))
[1;36m(EngineCore_DP0 pid=2016692)[0;0m ERROR 05-19 15:32:27 [core.py:741]                          ^^^^^^^^^^^^^^^^^^^^^^^^^^^^^^^^^^
[1;36m(EngineCore_DP0 pid=2016692)[0;0m ERROR 05-19 15:32:27 [core.py:741]   File "/workspace/cann-recipes-train/llm_rl/qwen3/vllm_ascend/torchair/models/torchair_pangu_moe.py", line 800, in <lambda>
[1;36m(EngineCore_DP0 pid=2016692)[0;0m ERROR 05-19 15:32:27 [core.py:741]     lambda prefix: PanguProMoEDecoderLayer(config=config,
[1;36m(EngineCore_DP0 pid=2016692)[0;0m ERROR 05-19 15:32:27 [core.py:741]                    ^^^^^^^^^^^^^^^^^^^^^^^^^^^^^^^^^^^^^^
[1;36m(EngineCore_DP0 pid=2016692)[0;0m ERROR 05-19 15:32:27 [core.py:741]   File "/workspace/cann-recipes-train/llm_rl/qwen3/vllm_ascend/torchair/models/torchair_pangu_moe.py", line 677, in __init__
[1;36m(EngineCore_DP0 pid=2016692)[0;0m ERROR 05-19 15:32:27 [core.py:741]     self.mlp = PanguProMoESparseMoeBlock(
[1;36m(EngineCore_DP0 pid=2016692)[0;0m ERROR 05-19 15:32:27 [core.py:741]                ^^^^^^^^^^^^^^^^^^^^^^^^^^
[1;36m(EngineCore_DP0 pid=2016692)[0;0m ERROR 05-19 15:32:27 [core.py:741]   File "/workspace/cann-recipes-train/llm_rl/qwen3/vllm_ascend/torchair/models/torchair_pangu_moe.py", line 453, in __init__
[1;36m(EngineCore_DP0 pid=2016692)[0;0m ERROR 05-19 15:32:27 [core.py:741]     self.experts = FusedMoE(
[1;36m(EngineCore_DP0 pid=2016692)[0;0m ERROR 05-19 15:32:27 [core.py:741]                    ^^^^^^^^^
[1;36m(EngineCore_DP0 pid=2016692)[0;0m ERROR 05-19 15:32:27 [core.py:741]   File "/workspace/cann-recipes-train/llm_rl/qwen3/vllm_ascend/ops/common_fused_moe.py", line 139, in __init__
[1;36m(EngineCore_DP0 pid=2016692)[0;0m ERROR 05-19 15:32:27 [core.py:741]     super().__init__(*args, **kwargs)
[1;36m(EngineCore_DP0 pid=2016692)[0;0m ERROR 05-19 15:32:27 [core.py:741]   File "/workspace/cann-recipes-train/llm_rl/qwen3/vllm/model_executor/layers/fused_moe/layer.py", line 1359, in __init__
[1;36m(EngineCore_DP0 pid=2016692)[0;0m ERROR 05-19 15:32:27 [core.py:741]     self.quant_method.create_weights(layer=self, **moe_quant_params)
[1;36m(EngineCore_DP0 pid=2016692)[0;0m ERROR 05-19 15:32:27 [core.py:741]   File "/workspace/cann-recipes-train/llm_rl/qwen3/vllm/model_executor/layers/fused_moe/layer.py", line 387, in create_weights
[1;36m(EngineCore_DP0 pid=2016692)[0;0m ERROR 05-19 15:32:27 [core.py:741]     w2_weight = torch.nn.Parameter(torch.empty(
[1;36m(EngineCore_DP0 pid=2016692)[0;0m ERROR 05-19 15:32:27 [core.py:741]                                    ^^^^^^^^^^^^
[1;36m(EngineCore_DP0 pid=2016692)[0;0m ERROR 05-19 15:32:27 [core.py:741]   File "/usr/local/python3.11.13/lib/python3.11/site-packages/torch/utils/_device.py", line 104, in __torch_function__
[1;36m(EngineCore_DP0 pid=2016692)[0;0m ERROR 05-19 15:32:27 [core.py:741]     return func(*args, **kwargs)
[1;36m(EngineCore_DP0 pid=2016692)[0;0m ERROR 05-19 15:32:27 [core.py:741]            ^^^^^^^^^^^^^^^^^^^^^
[1;36m(EngineCore_DP0 pid=2016692)[0;0m ERROR 05-19 15:32:27 [core.py:741] RuntimeError: NPU out of memory. Tried to allocate 842.00 MiB (NPU 0; 61.27 GiB total capacity; 41.51 GiB already allocated; 41.51 GiB current active; 687.28 MiB free; 41.52 GiB reserved in total by PyTorch) If reserved memory is >> allocated memory try setting max_split_size_mb to avoid fragmentation.
[1;36m(EngineCore_DP0 pid=2016700)[0;0m ERROR 05-19 15:32:27 [core.py:741] EngineCore failed to start.
[1;36m(EngineCore_DP0 pid=2016700)[0;0m ERROR 05-19 15:32:27 [core.py:741] Traceback (most recent call last):
[1;36m(EngineCore_DP0 pid=2016700)[0;0m ERROR 05-19 15:32:27 [core.py:741]   File "/workspace/cann-recipes-train/llm_rl/qwen3/vllm/v1/engine/core.py", line 732, in run_engine_core
[1;36m(EngineCore_DP0 pid=2016700)[0;0m ERROR 05-19 15:32:27 [core.py:741]     engine_core = EngineCoreProc(*args, **kwargs)
[1;36m(EngineCore_DP0 pid=2016700)[0;0m ERROR 05-19 15:32:27 [core.py:741]                   ^^^^^^^^^^^^^^^^^^^^^^^^^^^^^^^
[1;36m(EngineCore_DP0 pid=2016700)[0;0m ERROR 05-19 15:32:27 [core.py:741]   File "/workspace/cann-recipes-train/llm_rl/qwen3/vllm/v1/engine/core.py", line 521, in __init__
[1;36m(EngineCore_DP0 pid=2016700)[0;0m ERROR 05-19 15:32:27 [core.py:741]     super().__init__(vllm_config, executor_class, log_stats,
[1;36m(EngineCore_DP0 pid=2016700)[0;0m ERROR 05-19 15:32:27 [core.py:741]   File "/workspace/cann-recipes-train/llm_rl/qwen3/vllm/v1/engine/core.py", line 90, in __init__
[1;36m(EngineCore_DP0 pid=2016700)[0;0m ERROR 05-19 15:32:27 [core.py:741]     self.model_executor = executor_class(vllm_config)
[1;36m(EngineCore_DP0 pid=2016700)[0;0m ERROR 05-19 15:32:27 [core.py:741]                           ^^^^^^^^^^^^^^^^^^^^^^^^^^^
[1;36m(EngineCore_DP0 pid=2016700)[0;0m ERROR 05-19 15:32:27 [core.py:741]   File "/workspace/cann-recipes-train/llm_rl/qwen3/vllm/executor/executor_base.py", line 54, in __init__
[1;36m(EngineCore_DP0 pid=2016700)[0;0m ERROR 05-19 15:32:27 [core.py:741]     self._init_executor()
[1;36m(EngineCore_DP0 pid=2016700)[0;0m ERROR 05-19 15:32:27 [core.py:741]   File "/workspace/cann-recipes-train/llm_rl/qwen3/vllm/executor/uniproc_executor.py", line 55, in _init_executor
[1;36m(EngineCore_DP0 pid=2016700)[0;0m ERROR 05-19 15:32:27 [core.py:741]     self.collective_rpc("load_model")
[1;36m(EngineCore_DP0 pid=2016700)[0;0m ERROR 05-19 15:32:27 [core.py:741]   File "/workspace/cann-recipes-train/llm_rl/qwen3/vllm/executor/uniproc_executor.py", line 83, in collective_rpc
[1;36m(EngineCore_DP0 pid=2016700)[0;0m ERROR 05-19 15:32:27 [core.py:741]     return [run_method(self.driver_worker, method, args, kwargs)]
[1;36m(EngineCore_DP0 pid=2016700)[0;0m ERROR 05-19 15:32:27 [core.py:741]             ^^^^^^^^^^^^^^^^^^^^^^^^^^^^^^^^^^^^^^^^^^^^^^^^^^^^
[1;36m(EngineCore_DP0 pid=2016700)[0;0m ERROR 05-19 15:32:27 [core.py:741]   File "/workspace/cann-recipes-train/llm_rl/qwen3/vllm/utils/__init__.py", line 3122, in run_method
[1;36m(EngineCore_DP0 pid=2016700)[0;0m ERROR 05-19 15:32:27 [core.py:741]     return func(*args, **kwargs)
[1;36m(EngineCore_DP0 pid=2016700)[0;0m ERROR 05-19 15:32:27 [core.py:741]            ^^^^^^^^^^^^^^^^^^^^^
[1;36m(EngineCore_DP0 pid=2016700)[0;0m ERROR 05-19 15:32:27 [core.py:741]   File "/workspace/cann-recipes-train/llm_rl/qwen3/vllm_ascend/worker/worker_v1.py", line 840, in load_model
[1;36m(EngineCore_DP0 pid=2016700)[0;0m ERROR 05-19 15:32:27 [core.py:741]     self.model_runner.load_model()
[1;36m(EngineCore_DP0 pid=2016700)[0;0m ERROR 05-19 15:32:27 [core.py:741]   File "/workspace/cann-recipes-train/llm_rl/qwen3/vllm_ascend/worker/model_runner_v1.py", line 3090, in load_model
[1;36m(EngineCore_DP0 pid=2016700)[0;0m ERROR 05-19 15:32:27 [core.py:741]     self.model = get_model(vllm_config=self.vllm_config)
[1;36m(EngineCore_DP0 pid=2016700)[0;0m ERROR 05-19 15:32:27 [core.py:741]                  ^^^^^^^^^^^^^^^^^^^^^^^^^^^^^^^^^^^^^^^
[1;36m(EngineCore_DP0 pid=2016700)[0;0m ERROR 05-19 15:32:27 [core.py:741]   File "/workspace/cann-recipes-train/llm_rl/qwen3/vllm/model_executor/model_loader/__init__.py", line 119, in get_model
[1;36m(EngineCore_DP0 pid=2016700)[0;0m ERROR 05-19 15:32:27 [core.py:741]     return loader.load_model(vllm_config=vllm_config,
[1;36m(EngineCore_DP0 pid=2016700)[0;0m ERROR 05-19 15:32:27 [core.py:741]            ^^^^^^^^^^^^^^^^^^^^^^^^^^^^^^^^^^^^^^^^^^
[1;36m(EngineCore_DP0 pid=2016700)[0;0m ERROR 05-19 15:32:27 [core.py:741]   File "/workspace/cann-recipes-train/llm_rl/qwen3/vllm/model_executor/model_loader/base_loader.py", line 45, in load_model
[1;36m(EngineCore_DP0 pid=2016700)[0;0m ERROR 05-19 15:32:27 [core.py:741]     model = initialize_model(vllm_config=vllm_config,
[1;36m(EngineCore_DP0 pid=2016700)[0;0m ERROR 05-19 15:32:27 [core.py:741]             ^^^^^^^^^^^^^^^^^^^^^^^^^^^^^^^^^^^^^^^^^
[1;36m(EngineCore_DP0 pid=2016700)[0;0m ERROR 05-19 15:32:27 [core.py:741]   File "/workspace/cann-recipes-train/llm_rl/qwen3/vllm/model_executor/model_loader/utils.py", line 84, in initialize_model
[1;36m(EngineCore_DP0 pid=2016700)[0;0m ERROR 05-19 15:32:27 [core.py:741]     return model_class(vllm_config=vllm_config, prefix=prefix)
[1;36m(EngineCore_DP0 pid=2016700)[0;0m ERROR 05-19 15:32:27 [core.py:741]            ^^^^^^^^^^^^^^^^^^^^^^^^^^^^^^^^^^^^^^^^^^^^^^^^^^^
[1;36m(EngineCore_DP0 pid=2016700)[0;0m ERROR 05-19 15:32:27 [core.py:741]   File "/workspace/cann-recipes-train/llm_rl/qwen3/vllm_ascend/torchair/models/torchair_pangu_moe.py", line 904, in __init__
[1;36m(EngineCore_DP0 pid=2016700)[0;0m ERROR 05-19 15:32:27 [core.py:741]     self.model = PanguProMoEModel(vllm_config=vllm_config,
[1;36m(EngineCore_DP0 pid=2016700)[0;0m ERROR 05-19 15:32:27 [core.py:741]                  ^^^^^^^^^^^^^^^^^^^^^^^^^^^^^^^^^^^^^^^^^
[1;36m(EngineCore_DP0 pid=2016700)[0;0m ERROR 05-19 15:32:27 [core.py:741]   File "/workspace/cann-recipes-train/llm_rl/qwen3/vllm/compilation/decorators.py", line 201, in __init__
[1;36m(EngineCore_DP0 pid=2016700)[0;0m ERROR 05-19 15:32:27 [core.py:741]     old_init(self, vllm_config=vllm_config, prefix=prefix, **kwargs)
[1;36m(EngineCore_DP0 pid=2016700)[0;0m ERROR 05-19 15:32:27 [core.py:741]   File "/workspace/cann-recipes-train/llm_rl/qwen3/vllm_ascend/torchair/models/torchair_pangu_moe.py", line 798, in __init__
[1;36m(EngineCore_DP0 pid=2016700)[0;0m ERROR 05-19 15:32:27 [core.py:741]     self.start_layer, self.end_layer, self.layers = make_layers(
[1;36m(EngineCore_DP0 pid=2016700)[0;0m ERROR 05-19 15:32:27 [core.py:741]                                                     ^^^^^^^^^^^^
[1;36m(EngineCore_DP0 pid=2016700)[0;0m ERROR 05-19 15:32:27 [core.py:741]   File "/workspace/cann-recipes-train/llm_rl/qwen3/vllm/model_executor/models/utils.py", line 629, in make_layers
[1;36m(EngineCore_DP0 pid=2016700)[0;0m ERROR 05-19 15:32:27 [core.py:741]     [PPMissingLayer() for _ in range(start_layer)] + [
[1;36m(EngineCore_DP0 pid=2016700)[0;0m ERROR 05-19 15:32:27 [core.py:741]                                                      ^
[1;36m(EngineCore_DP0 pid=2016700)[0;0m ERROR 05-19 15:32:27 [core.py:741]   File "/workspace/cann-recipes-train/llm_rl/qwen3/vllm/model_executor/models/utils.py", line 630, in <listcomp>
[1;36m(EngineCore_DP0 pid=2016700)[0;0m ERROR 05-19 15:32:27 [core.py:741]     maybe_offload_to_cpu(layer_fn(prefix=f"{prefix}.{idx}"))
[1;36m(EngineCore_DP0 pid=2016700)[0;0m ERROR 05-19 15:32:27 [core.py:741]                          ^^^^^^^^^^^^^^^^^^^^^^^^^^^^^^^^^^
[1;36m(EngineCore_DP0 pid=2016700)[0;0m ERROR 05-19 15:32:27 [core.py:741]   File "/workspace/cann-recipes-train/llm_rl/qwen3/vllm_ascend/torchair/models/torchair_pangu_moe.py", line 800, in <lambda>
[1;36m(EngineCore_DP0 pid=2016700)[0;0m ERROR 05-19 15:32:27 [core.py:741]     lambda prefix: PanguProMoEDecoderLayer(config=config,
[1;36m(EngineCore_DP0 pid=2016700)[0;0m ERROR 05-19 15:32:27 [core.py:741]                    ^^^^^^^^^^^^^^^^^^^^^^^^^^^^^^^^^^^^^^
[1;36m(EngineCore_DP0 pid=2016700)[0;0m ERROR 05-19 15:32:27 [core.py:741]   File "/workspace/cann-recipes-train/llm_rl/qwen3/vllm_ascend/torchair/models/torchair_pangu_moe.py", line 677, in __init__
[1;36m(EngineCore_DP0 pid=2016700)[0;0m ERROR 05-19 15:32:27 [core.py:741]     self.mlp = PanguProMoESparseMoeBlock(
[1;36m(EngineCore_DP0 pid=2016700)[0;0m ERROR 05-19 15:32:27 [core.py:741]                ^^^^^^^^^^^^^^^^^^^^^^^^^^
[1;36m(EngineCore_DP0 pid=2016700)[0;0m ERROR 05-19 15:32:27 [core.py:741]   File "/workspace/cann-recipes-train/llm_rl/qwen3/vllm_ascend/torchair/models/torchair_pangu_moe.py", line 453, in __init__
[1;36m(EngineCore_DP0 pid=2016700)[0;0m ERROR 05-19 15:32:27 [core.py:741]     self.experts = FusedMoE(
[1;36m(EngineCore_DP0 pid=2016700)[0;0m ERROR 05-19 15:32:27 [core.py:741]                    ^^^^^^^^^
[1;36m(EngineCore_DP0 pid=2016700)[0;0m ERROR 05-19 15:32:27 [core.py:741]   File "/workspace/cann-recipes-train/llm_rl/qwen3/vllm_ascend/ops/common_fused_moe.py", line 139, in __init__
[1;36m(EngineCore_DP0 pid=2016700)[0;0m ERROR 05-19 15:32:27 [core.py:741]     super().__init__(*args, **kwargs)
[1;36m(EngineCore_DP0 pid=2016700)[0;0m ERROR 05-19 15:32:27 [core.py:741]   File "/workspace/cann-recipes-train/llm_rl/qwen3/vllm/model_executor/layers/fused_moe/layer.py", line 1359, in __init__
[1;36m(EngineCore_DP0 pid=2016700)[0;0m ERROR 05-19 15:32:27 [core.py:741]     self.quant_method.create_weights(layer=self, **moe_quant_params)
[1;36m(EngineCore_DP0 pid=2016700)[0;0m ERROR 05-19 15:32:27 [core.py:741]   File "/workspace/cann-recipes-train/llm_rl/qwen3/vllm/model_executor/layers/fused_moe/layer.py", line 387, in create_weights
[1;36m(EngineCore_DP0 pid=2016700)[0;0m ERROR 05-19 15:32:27 [core.py:741]     w2_weight = torch.nn.Parameter(torch.empty(
[1;36m(EngineCore_DP0 pid=2016700)[0;0m ERROR 05-19 15:32:27 [core.py:741]                                    ^^^^^^^^^^^^
[1;36m(EngineCore_DP0 pid=2016700)[0;0m ERROR 05-19 15:32:27 [core.py:741]   File "/usr/local/python3.11.13/lib/python3.11/site-packages/torch/utils/_device.py", line 104, in __torch_function__
[1;36m(EngineCore_DP0 pid=2016700)[0;0m ERROR 05-19 15:32:27 [core.py:741]     return func(*args, **kwargs)
[1;36m(EngineCore_DP0 pid=2016700)[0;0m ERROR 05-19 15:32:27 [core.py:741]            ^^^^^^^^^^^^^^^^^^^^^
[1;36m(EngineCore_DP0 pid=2016700)[0;0m ERROR 05-19 15:32:27 [core.py:741] RuntimeError: NPU out of memory. Tried to allocate 842.00 MiB (NPU 0; 61.27 GiB total capacity; 41.51 GiB already allocated; 41.51 GiB current active; 672.92 MiB free; 41.52 GiB reserved in total by PyTorch) If reserved memory is >> allocated memory try setting max_split_size_mb to avoid fragmentation.
[1;36m(EngineCore_DP0 pid=2016726)[0;0m Process EngineCore_DP0:
[1;36m(EngineCore_DP0 pid=2016726)[0;0m Traceback (most recent call last):
[1;36m(EngineCore_DP0 pid=2016726)[0;0m   File "/usr/local/python3.11.13/lib/python3.11/multiprocessing/process.py", line 314, in _bootstrap
[1;36m(EngineCore_DP0 pid=2016726)[0;0m     self.run()
[1;36m(EngineCore_DP0 pid=2016726)[0;0m   File "/usr/local/python3.11.13/lib/python3.11/multiprocessing/process.py", line 108, in run
[1;36m(EngineCore_DP0 pid=2016726)[0;0m     self._target(*self._args, **self._kwargs)
[1;36m(EngineCore_DP0 pid=2016726)[0;0m   File "/workspace/cann-recipes-train/llm_rl/qwen3/vllm/v1/engine/core.py", line 745, in run_engine_core
[1;36m(EngineCore_DP0 pid=2016726)[0;0m     raise e
[1;36m(EngineCore_DP0 pid=2016726)[0;0m   File "/workspace/cann-recipes-train/llm_rl/qwen3/vllm/v1/engine/core.py", line 732, in run_engine_core
[1;36m(EngineCore_DP0 pid=2016726)[0;0m     engine_core = EngineCoreProc(*args, **kwargs)
[1;36m(EngineCore_DP0 pid=2016726)[0;0m                   ^^^^^^^^^^^^^^^^^^^^^^^^^^^^^^^
[1;36m(EngineCore_DP0 pid=2016726)[0;0m   File "/workspace/cann-recipes-train/llm_rl/qwen3/vllm/v1/engine/core.py", line 521, in __init__
[1;36m(EngineCore_DP0 pid=2016726)[0;0m     super().__init__(vllm_config, executor_class, log_stats,
[1;36m(EngineCore_DP0 pid=2016726)[0;0m   File "/workspace/cann-recipes-train/llm_rl/qwen3/vllm/v1/engine/core.py", line 90, in __init__
[1;36m(EngineCore_DP0 pid=2016726)[0;0m     self.model_executor = executor_class(vllm_config)
[1;36m(EngineCore_DP0 pid=2016726)[0;0m                           ^^^^^^^^^^^^^^^^^^^^^^^^^^^
[1;36m(EngineCore_DP0 pid=2016726)[0;0m   File "/workspace/cann-recipes-train/llm_rl/qwen3/vllm/executor/executor_base.py", line 54, in __init__
[1;36m(EngineCore_DP0 pid=2016726)[0;0m     self._init_executor()
[1;36m(EngineCore_DP0 pid=2016726)[0;0m   File "/workspace/cann-recipes-train/llm_rl/qwen3/vllm/executor/uniproc_executor.py", line 55, in _init_executor
[1;36m(EngineCore_DP0 pid=2016726)[0;0m     self.collective_rpc("load_model")
[1;36m(EngineCore_DP0 pid=2016726)[0;0m   File "/workspace/cann-recipes-train/llm_rl/qwen3/vllm/executor/uniproc_executor.py", line 83, in collective_rpc
[1;36m(EngineCore_DP0 pid=2016726)[0;0m     return [run_method(self.driver_worker, method, args, kwargs)]
[1;36m(EngineCore_DP0 pid=2016726)[0;0m             ^^^^^^^^^^^^^^^^^^^^^^^^^^^^^^^^^^^^^^^^^^^^^^^^^^^^
[1;36m(EngineCore_DP0 pid=2016726)[0;0m   File "/workspace/cann-recipes-train/llm_rl/qwen3/vllm/utils/__init__.py", line 3122, in run_method
[1;36m(EngineCore_DP0 pid=2016726)[0;0m     return func(*args, **kwargs)
[1;36m(EngineCore_DP0 pid=2016726)[0;0m            ^^^^^^^^^^^^^^^^^^^^^
[1;36m(EngineCore_DP0 pid=2016726)[0;0m   File "/workspace/cann-recipes-train/llm_rl/qwen3/vllm_ascend/worker/worker_v1.py", line 840, in load_model
[1;36m(EngineCore_DP0 pid=2016726)[0;0m     self.model_runner.load_model()
[1;36m(EngineCore_DP0 pid=2016726)[0;0m   File "/workspace/cann-recipes-train/llm_rl/qwen3/vllm_ascend/worker/model_runner_v1.py", line 3090, in load_model
[1;36m(EngineCore_DP0 pid=2016726)[0;0m     self.model = get_model(vllm_config=self.vllm_config)
[1;36m(EngineCore_DP0 pid=2016726)[0;0m                  ^^^^^^^^^^^^^^^^^^^^^^^^^^^^^^^^^^^^^^^
[1;36m(EngineCore_DP0 pid=2016726)[0;0m   File "/workspace/cann-recipes-train/llm_rl/qwen3/vllm/model_executor/model_loader/__init__.py", line 119, in get_model
[1;36m(EngineCore_DP0 pid=2016726)[0;0m     return loader.load_model(vllm_config=vllm_config,
[1;36m(EngineCore_DP0 pid=2016726)[0;0m            ^^^^^^^^^^^^^^^^^^^^^^^^^^^^^^^^^^^^^^^^^^
[1;36m(EngineCore_DP0 pid=2016726)[0;0m   File "/workspace/cann-recipes-train/llm_rl/qwen3/vllm/model_executor/model_loader/base_loader.py", line 45, in load_model
[1;36m(EngineCore_DP0 pid=2016726)[0;0m     model = initialize_model(vllm_config=vllm_config,
[1;36m(EngineCore_DP0 pid=2016726)[0;0m             ^^^^^^^^^^^^^^^^^^^^^^^^^^^^^^^^^^^^^^^^^
[1;36m(EngineCore_DP0 pid=2016726)[0;0m   File "/workspace/cann-recipes-train/llm_rl/qwen3/vllm/model_executor/model_loader/utils.py", line 84, in initialize_model
[1;36m(EngineCore_DP0 pid=2016726)[0;0m     return model_class(vllm_config=vllm_config, prefix=prefix)
[1;36m(EngineCore_DP0 pid=2016726)[0;0m            ^^^^^^^^^^^^^^^^^^^^^^^^^^^^^^^^^^^^^^^^^^^^^^^^^^^
[1;36m(EngineCore_DP0 pid=2016726)[0;0m   File "/workspace/cann-recipes-train/llm_rl/qwen3/vllm_ascend/torchair/models/torchair_pangu_moe.py", line 904, in __init__
[1;36m(EngineCore_DP0 pid=2016726)[0;0m     self.model = PanguProMoEModel(vllm_config=vllm_config,
[1;36m(EngineCore_DP0 pid=2016726)[0;0m                  ^^^^^^^^^^^^^^^^^^^^^^^^^^^^^^^^^^^^^^^^^
[1;36m(EngineCore_DP0 pid=2016726)[0;0m   File "/workspace/cann-recipes-train/llm_rl/qwen3/vllm/compilation/decorators.py", line 201, in __init__
[1;36m(EngineCore_DP0 pid=2016726)[0;0m     old_init(self, vllm_config=vllm_config, prefix=prefix, **kwargs)
[1;36m(EngineCore_DP0 pid=2016726)[0;0m   File "/workspace/cann-recipes-train/llm_rl/qwen3/vllm_ascend/torchair/models/torchair_pangu_moe.py", line 798, in __init__
[1;36m(EngineCore_DP0 pid=2016726)[0;0m     self.start_layer, self.end_layer, self.layers = make_layers(
[1;36m(EngineCore_DP0 pid=2016726)[0;0m                                                     ^^^^^^^^^^^^
[1;36m(EngineCore_DP0 pid=2016726)[0;0m   File "/workspace/cann-recipes-train/llm_rl/qwen3/vllm/model_executor/models/utils.py", line 629, in make_layers
[1;36m(EngineCore_DP0 pid=2016726)[0;0m     [PPMissingLayer() for _ in range(start_layer)] + [
[1;36m(EngineCore_DP0 pid=2016726)[0;0m                                                      ^
[1;36m(EngineCore_DP0 pid=2016726)[0;0m   File "/workspace/cann-recipes-train/llm_rl/qwen3/vllm/model_executor/models/utils.py", line 630, in <listcomp>
[1;36m(EngineCore_DP0 pid=2016726)[0;0m     maybe_offload_to_cpu(layer_fn(prefix=f"{prefix}.{idx}"))
[1;36m(EngineCore_DP0 pid=2016726)[0;0m                          ^^^^^^^^^^^^^^^^^^^^^^^^^^^^^^^^^^
[1;36m(EngineCore_DP0 pid=2016726)[0;0m   File "/workspace/cann-recipes-train/llm_rl/qwen3/vllm_ascend/torchair/models/torchair_pangu_moe.py", line 800, in <lambda>
[1;36m(EngineCore_DP0 pid=2016726)[0;0m     lambda prefix: PanguProMoEDecoderLayer(config=config,
[1;36m(EngineCore_DP0 pid=2016726)[0;0m                    ^^^^^^^^^^^^^^^^^^^^^^^^^^^^^^^^^^^^^^
[1;36m(EngineCore_DP0 pid=2016726)[0;0m   File "/workspace/cann-recipes-train/llm_rl/qwen3/vllm_ascend/torchair/models/torchair_pangu_moe.py", line 677, in __init__
[1;36m(EngineCore_DP0 pid=2016726)[0;0m     self.mlp = PanguProMoESparseMoeBlock(
[1;36m(EngineCore_DP0 pid=2016726)[0;0m                ^^^^^^^^^^^^^^^^^^^^^^^^^^
[1;36m(EngineCore_DP0 pid=2016726)[0;0m   File "/workspace/cann-recipes-train/llm_rl/qwen3/vllm_ascend/torchair/models/torchair_pangu_moe.py", line 474, in __init__
[1;36m(EngineCore_DP0 pid=2016726)[0;0m     self.shared_expert = PanguProMoEMLP(
[1;36m(EngineCore_DP0 pid=2016726)[0;0m                          ^^^^^^^^^^^^^^^
[1;36m(EngineCore_DP0 pid=2016726)[0;0m   File "/workspace/cann-recipes-train/llm_rl/qwen3/vllm_ascend/torchair/models/torchair_pangu_moe.py", line 297, in __init__
[1;36m(EngineCore_DP0 pid=2016726)[0;0m     self.gate_up_proj = MergedColumnParallelLinear(
[1;36m(EngineCore_DP0 pid=2016726)[0;0m                         ^^^^^^^^^^^^^^^^^^^^^^^^^^^
[1;36m(EngineCore_DP0 pid=2016726)[0;0m   File "/workspace/cann-recipes-train/llm_rl/qwen3/vllm_ascend/ops/linear.py", line 182, in __init__
[1;36m(EngineCore_DP0 pid=2016726)[0;0m     AscendColumnParallelLinear.__init__(self,
[1;36m(EngineCore_DP0 pid=2016726)[0;0m   File "/workspace/cann-recipes-train/llm_rl/qwen3/vllm_ascend/ops/linear.py", line 336, in __init__
[1;36m(EngineCore_DP0 pid=2016726)[0;0m     self.quant_method.create_weights(
[1;36m(EngineCore_DP0 pid=2016726)[0;0m   File "/workspace/cann-recipes-train/llm_rl/qwen3/vllm_ascend/patch/worker/patch_common/patch_weight_loader.py", line 21, in create_weights
[1;36m(EngineCore_DP0 pid=2016726)[0;0m     weight = Parameter(torch.empty(sum(output_partition_sizes),
[1;36m(EngineCore_DP0 pid=2016726)[0;0m                        ^^^^^^^^^^^^^^^^^^^^^^^^^^^^^^^^^^^^^^^^
[1;36m(EngineCore_DP0 pid=2016726)[0;0m   File "/usr/local/python3.11.13/lib/python3.11/site-packages/torch/utils/_device.py", line 104, in __torch_function__
[1;36m(EngineCore_DP0 pid=2016726)[0;0m     return func(*args, **kwargs)
[1;36m(EngineCore_DP0 pid=2016726)[0;0m            ^^^^^^^^^^^^^^^^^^^^^
[1;36m(EngineCore_DP0 pid=2016726)[0;0m RuntimeError: NPU out of memory. Tried to allocate 106.00 MiB (NPU 0; 61.28 GiB total capacity; 42.33 GiB already allocated; 42.33 GiB current active; 124.32 MiB free; 42.34 GiB reserved in total by PyTorch) If reserved memory is >> allocated memory try setting max_split_size_mb to avoid fragmentation.
[1;36m(EngineCore_DP0 pid=2016656)[0;0m ERROR 05-19 15:32:27 [core.py:741] EngineCore failed to start.
[1;36m(EngineCore_DP0 pid=2016656)[0;0m ERROR 05-19 15:32:27 [core.py:741] Traceback (most recent call last):
[1;36m(EngineCore_DP0 pid=2016656)[0;0m ERROR 05-19 15:32:27 [core.py:741]   File "/workspace/cann-recipes-train/llm_rl/qwen3/vllm/v1/engine/core.py", line 732, in run_engine_core
[1;36m(EngineCore_DP0 pid=2016656)[0;0m ERROR 05-19 15:32:27 [core.py:741]     engine_core = EngineCoreProc(*args, **kwargs)
[1;36m(EngineCore_DP0 pid=2016656)[0;0m ERROR 05-19 15:32:27 [core.py:741]                   ^^^^^^^^^^^^^^^^^^^^^^^^^^^^^^^
[1;36m(EngineCore_DP0 pid=2016656)[0;0m ERROR 05-19 15:32:27 [core.py:741]   File "/workspace/cann-recipes-train/llm_rl/qwen3/vllm/v1/engine/core.py", line 521, in __init__
[1;36m(EngineCore_DP0 pid=2016656)[0;0m ERROR 05-19 15:32:27 [core.py:741]     super().__init__(vllm_config, executor_class, log_stats,
[1;36m(EngineCore_DP0 pid=2016656)[0;0m ERROR 05-19 15:32:27 [core.py:741]   File "/workspace/cann-recipes-train/llm_rl/qwen3/vllm/v1/engine/core.py", line 90, in __init__
[1;36m(EngineCore_DP0 pid=2016656)[0;0m ERROR 05-19 15:32:27 [core.py:741]     self.model_executor = executor_class(vllm_config)
[1;36m(EngineCore_DP0 pid=2016656)[0;0m ERROR 05-19 15:32:27 [core.py:741]                           ^^^^^^^^^^^^^^^^^^^^^^^^^^^
[1;36m(EngineCore_DP0 pid=2016656)[0;0m ERROR 05-19 15:32:27 [core.py:741]   File "/workspace/cann-recipes-train/llm_rl/qwen3/vllm/executor/executor_base.py", line 54, in __init__
[1;36m(EngineCore_DP0 pid=2016656)[0;0m ERROR 05-19 15:32:27 [core.py:741]     self._init_executor()
[1;36m(EngineCore_DP0 pid=2016656)[0;0m ERROR 05-19 15:32:27 [core.py:741]   File "/workspace/cann-recipes-train/llm_rl/qwen3/vllm/executor/uniproc_executor.py", line 55, in _init_executor
[1;36m(EngineCore_DP0 pid=2016656)[0;0m ERROR 05-19 15:32:27 [core.py:741]     self.collective_rpc("load_model")
[1;36m(EngineCore_DP0 pid=2016656)[0;0m ERROR 05-19 15:32:27 [core.py:741]   File "/workspace/cann-recipes-train/llm_rl/qwen3/vllm/executor/uniproc_executor.py", line 83, in collective_rpc
[1;36m(EngineCore_DP0 pid=2016656)[0;0m ERROR 05-19 15:32:27 [core.py:741]     return [run_method(self.driver_worker, method, args, kwargs)]
[1;36m(EngineCore_DP0 pid=2016656)[0;0m ERROR 05-19 15:32:27 [core.py:741]             ^^^^^^^^^^^^^^^^^^^^^^^^^^^^^^^^^^^^^^^^^^^^^^^^^^^^
[1;36m(EngineCore_DP0 pid=2016656)[0;0m ERROR 05-19 15:32:27 [core.py:741]   File "/workspace/cann-recipes-train/llm_rl/qwen3/vllm/utils/__init__.py", line 3122, in run_method
[1;36m(EngineCore_DP0 pid=2016656)[0;0m ERROR 05-19 15:32:27 [core.py:741]     return func(*args, **kwargs)
[1;36m(EngineCore_DP0 pid=2016656)[0;0m ERROR 05-19 15:32:27 [core.py:741]            ^^^^^^^^^^^^^^^^^^^^^
[1;36m(EngineCore_DP0 pid=2016656)[0;0m ERROR 05-19 15:32:27 [core.py:741]   File "/workspace/cann-recipes-train/llm_rl/qwen3/vllm_ascend/worker/worker_v1.py", line 840, in load_model
[1;36m(EngineCore_DP0 pid=2016656)[0;0m ERROR 05-19 15:32:27 [core.py:741]     self.model_runner.load_model()
[1;36m(EngineCore_DP0 pid=2016656)[0;0m ERROR 05-19 15:32:27 [core.py:741]   File "/workspace/cann-recipes-train/llm_rl/qwen3/vllm_ascend/worker/model_runner_v1.py", line 3090, in load_model
[1;36m(EngineCore_DP0 pid=2016656)[0;0m ERROR 05-19 15:32:27 [core.py:741]     self.model = get_model(vllm_config=self.vllm_config)
[1;36m(EngineCore_DP0 pid=2016656)[0;0m ERROR 05-19 15:32:27 [core.py:741]                  ^^^^^^^^^^^^^^^^^^^^^^^^^^^^^^^^^^^^^^^
[1;36m(EngineCore_DP0 pid=2016656)[0;0m ERROR 05-19 15:32:27 [core.py:741]   File "/workspace/cann-recipes-train/llm_rl/qwen3/vllm/model_executor/model_loader/__init__.py", line 119, in get_model
[1;36m(EngineCore_DP0 pid=2016656)[0;0m ERROR 05-19 15:32:27 [core.py:741]     return loader.load_model(vllm_config=vllm_config,
[1;36m(EngineCore_DP0 pid=2016656)[0;0m ERROR 05-19 15:32:27 [core.py:741]            ^^^^^^^^^^^^^^^^^^^^^^^^^^^^^^^^^^^^^^^^^^
[1;36m(EngineCore_DP0 pid=2016656)[0;0m ERROR 05-19 15:32:27 [core.py:741]   File "/workspace/cann-recipes-train/llm_rl/qwen3/vllm/model_executor/model_loader/base_loader.py", line 45, in load_model
[1;36m(EngineCore_DP0 pid=2016656)[0;0m ERROR 05-19 15:32:27 [core.py:741]     model = initialize_model(vllm_config=vllm_config,
[1;36m(EngineCore_DP0 pid=2016656)[0;0m ERROR 05-19 15:32:27 [core.py:741]             ^^^^^^^^^^^^^^^^^^^^^^^^^^^^^^^^^^^^^^^^^
[1;36m(EngineCore_DP0 pid=2016656)[0;0m ERROR 05-19 15:32:27 [core.py:741]   File "/workspace/cann-recipes-train/llm_rl/qwen3/vllm/model_executor/model_loader/utils.py", line 84, in initialize_model
[1;36m(EngineCore_DP0 pid=2016656)[0;0m ERROR 05-19 15:32:27 [core.py:741]     return model_class(vllm_config=vllm_config, prefix=prefix)
[1;36m(EngineCore_DP0 pid=2016656)[0;0m ERROR 05-19 15:32:27 [core.py:741]            ^^^^^^^^^^^^^^^^^^^^^^^^^^^^^^^^^^^^^^^^^^^^^^^^^^^
[1;36m(EngineCore_DP0 pid=2016656)[0;0m ERROR 05-19 15:32:27 [core.py:741]   File "/workspace/cann-recipes-train/llm_rl/qwen3/vllm_ascend/torchair/models/torchair_pangu_moe.py", line 904, in __init__
[1;36m(EngineCore_DP0 pid=2016656)[0;0m ERROR 05-19 15:32:27 [core.py:741]     self.model = PanguProMoEModel(vllm_config=vllm_config,
[1;36m(EngineCore_DP0 pid=2016656)[0;0m ERROR 05-19 15:32:27 [core.py:741]                  ^^^^^^^^^^^^^^^^^^^^^^^^^^^^^^^^^^^^^^^^^
[1;36m(EngineCore_DP0 pid=2016656)[0;0m ERROR 05-19 15:32:27 [core.py:741]   File "/workspace/cann-recipes-train/llm_rl/qwen3/vllm/compilation/decorators.py", line 201, in __init__
[1;36m(EngineCore_DP0 pid=2016656)[0;0m ERROR 05-19 15:32:27 [core.py:741]     old_init(self, vllm_config=vllm_config, prefix=prefix, **kwargs)
[1;36m(EngineCore_DP0 pid=2016656)[0;0m ERROR 05-19 15:32:27 [core.py:741]   File "/workspace/cann-recipes-train/llm_rl/qwen3/vllm_ascend/torchair/models/torchair_pangu_moe.py", line 798, in __init__
[1;36m(EngineCore_DP0 pid=2016656)[0;0m ERROR 05-19 15:32:27 [core.py:741]     self.start_layer, self.end_layer, self.layers = make_layers(
[1;36m(EngineCore_DP0 pid=2016656)[0;0m ERROR 05-19 15:32:27 [core.py:741]                                                     ^^^^^^^^^^^^
[1;36m(EngineCore_DP0 pid=2016656)[0;0m ERROR 05-19 15:32:27 [core.py:741]   File "/workspace/cann-recipes-train/llm_rl/qwen3/vllm/model_executor/models/utils.py", line 629, in make_layers
[1;36m(EngineCore_DP0 pid=2016656)[0;0m ERROR 05-19 15:32:27 [core.py:741]     [PPMissingLayer() for _ in range(start_layer)] + [
[1;36m(EngineCore_DP0 pid=2016656)[0;0m ERROR 05-19 15:32:27 [core.py:741]                                                      ^
[1;36m(EngineCore_DP0 pid=2016656)[0;0m ERROR 05-19 15:32:27 [core.py:741]   File "/workspace/cann-recipes-train/llm_rl/qwen3/vllm/model_executor/models/utils.py", line 630, in <listcomp>
[1;36m(EngineCore_DP0 pid=2016656)[0;0m ERROR 05-19 15:32:27 [core.py:741]     maybe_offload_to_cpu(layer_fn(prefix=f"{prefix}.{idx}"))
[1;36m(EngineCore_DP0 pid=2016656)[0;0m ERROR 05-19 15:32:27 [core.py:741]                          ^^^^^^^^^^^^^^^^^^^^^^^^^^^^^^^^^^
[1;36m(EngineCore_DP0 pid=2016656)[0;0m ERROR 05-19 15:32:27 [core.py:741]   File "/workspace/cann-recipes-train/llm_rl/qwen3/vllm_ascend/torchair/models/torchair_pangu_moe.py", line 800, in <lambda>
[1;36m(EngineCore_DP0 pid=2016656)[0;0m ERROR 05-19 15:32:27 [core.py:741]     lambda prefix: PanguProMoEDecoderLayer(config=config,
[1;36m(EngineCore_DP0 pid=2016656)[0;0m ERROR 05-19 15:32:27 [core.py:741]                    ^^^^^^^^^^^^^^^^^^^^^^^^^^^^^^^^^^^^^^
[1;36m(EngineCore_DP0 pid=2016656)[0;0m ERROR 05-19 15:32:27 [core.py:741]   File "/workspace/cann-recipes-train/llm_rl/qwen3/vllm_ascend/torchair/models/torchair_pangu_moe.py", line 677, in __init__
[1;36m(EngineCore_DP0 pid=2016656)[0;0m ERROR 05-19 15:32:27 [core.py:741]     self.mlp = PanguProMoESparseMoeBlock(
[1;36m(EngineCore_DP0 pid=2016656)[0;0m ERROR 05-19 15:32:27 [core.py:741]                ^^^^^^^^^^^^^^^^^^^^^^^^^^
[1;36m(EngineCore_DP0 pid=2016656)[0;0m ERROR 05-19 15:32:27 [core.py:741]   File "/workspace/cann-recipes-train/llm_rl/qwen3/vllm_ascend/torchair/models/torchair_pangu_moe.py", line 474, in __init__
[1;36m(EngineCore_DP0 pid=2016656)[0;0m ERROR 05-19 15:32:27 [core.py:741]     self.shared_expert = PanguProMoEMLP(
[1;36m(EngineCore_DP0 pid=2016656)[0;0m ERROR 05-19 15:32:27 [core.py:741]                          ^^^^^^^^^^^^^^^
[1;36m(EngineCore_DP0 pid=2016656)[0;0m ERROR 05-19 15:32:27 [core.py:741]   File "/workspace/cann-recipes-train/llm_rl/qwen3/vllm_ascend/torchair/models/torchair_pangu_moe.py", line 297, in __init__
[1;36m(EngineCore_DP0 pid=2016656)[0;0m ERROR 05-19 15:32:27 [core.py:741]     self.gate_up_proj = MergedColumnParallelLinear(
[1;36m(EngineCore_DP0 pid=2016656)[0;0m ERROR 05-19 15:32:27 [core.py:741]                         ^^^^^^^^^^^^^^^^^^^^^^^^^^^
[1;36m(EngineCore_DP0 pid=2016656)[0;0m ERROR 05-19 15:32:27 [core.py:741]   File "/workspace/cann-recipes-train/llm_rl/qwen3/vllm_ascend/ops/linear.py", line 182, in __init__
[1;36m(EngineCore_DP0 pid=2016656)[0;0m ERROR 05-19 15:32:27 [core.py:741]     AscendColumnParallelLinear.__init__(self,
[1;36m(EngineCore_DP0 pid=2016656)[0;0m ERROR 05-19 15:32:27 [core.py:741]   File "/workspace/cann-recipes-train/llm_rl/qwen3/vllm_ascend/ops/linear.py", line 336, in __init__
[1;36m(EngineCore_DP0 pid=2016656)[0;0m ERROR 05-19 15:32:27 [core.py:741]     self.quant_method.create_weights(
[1;36m(EngineCore_DP0 pid=2016656)[0;0m ERROR 05-19 15:32:27 [core.py:741]   File "/workspace/cann-recipes-train/llm_rl/qwen3/vllm_ascend/patch/worker/patch_common/patch_weight_loader.py", line 21, in create_weights
[1;36m(EngineCore_DP0 pid=2016656)[0;0m ERROR 05-19 15:32:27 [core.py:741]     weight = Parameter(torch.empty(sum(output_partition_sizes),
[1;36m(EngineCore_DP0 pid=2016656)[0;0m ERROR 05-19 15:32:27 [core.py:741]                        ^^^^^^^^^^^^^^^^^^^^^^^^^^^^^^^^^^^^^^^^
[1;36m(EngineCore_DP0 pid=2016656)[0;0m ERROR 05-19 15:32:27 [core.py:741]   File "/usr/local/python3.11.13/lib/python3.11/site-packages/torch/utils/_device.py", line 104, in __torch_function__
[1;36m(EngineCore_DP0 pid=2016656)[0;0m ERROR 05-19 15:32:27 [core.py:741]     return func(*args, **kwargs)
[1;36m(EngineCore_DP0 pid=2016656)[0;0m ERROR 05-19 15:32:27 [core.py:741]            ^^^^^^^^^^^^^^^^^^^^^
[1;36m(EngineCore_DP0 pid=2016656)[0;0m ERROR 05-19 15:32:27 [core.py:741] RuntimeError: NPU out of memory. Tried to allocate 106.00 MiB (NPU 0; 61.28 GiB total capacity; 42.33 GiB already allocated; 42.33 GiB current active; 110.06 MiB free; 42.34 GiB reserved in total by PyTorch) If reserved memory is >> allocated memory try setting max_split_size_mb to avoid fragmentation.
[1;36m(EngineCore_DP0 pid=2016670)[0;0m ERROR 05-19 15:32:27 [core.py:741] EngineCore failed to start.
[1;36m(EngineCore_DP0 pid=2016670)[0;0m ERROR 05-19 15:32:27 [core.py:741] Traceback (most recent call last):
[1;36m(EngineCore_DP0 pid=2016670)[0;0m ERROR 05-19 15:32:27 [core.py:741]   File "/workspace/cann-recipes-train/llm_rl/qwen3/vllm/v1/engine/core.py", line 732, in run_engine_core
[1;36m(EngineCore_DP0 pid=2016670)[0;0m ERROR 05-19 15:32:27 [core.py:741]     engine_core = EngineCoreProc(*args, **kwargs)
[1;36m(EngineCore_DP0 pid=2016670)[0;0m ERROR 05-19 15:32:27 [core.py:741]                   ^^^^^^^^^^^^^^^^^^^^^^^^^^^^^^^
[1;36m(EngineCore_DP0 pid=2016670)[0;0m ERROR 05-19 15:32:27 [core.py:741]   File "/workspace/cann-recipes-train/llm_rl/qwen3/vllm/v1/engine/core.py", line 521, in __init__
[1;36m(EngineCore_DP0 pid=2016670)[0;0m ERROR 05-19 15:32:27 [core.py:741]     super().__init__(vllm_config, executor_class, log_stats,
[1;36m(EngineCore_DP0 pid=2016670)[0;0m ERROR 05-19 15:32:27 [core.py:741]   File "/workspace/cann-recipes-train/llm_rl/qwen3/vllm/v1/engine/core.py", line 90, in __init__
[1;36m(EngineCore_DP0 pid=2016670)[0;0m ERROR 05-19 15:32:27 [core.py:741]     self.model_executor = executor_class(vllm_config)
[1;36m(EngineCore_DP0 pid=2016670)[0;0m ERROR 05-19 15:32:27 [core.py:741]                           ^^^^^^^^^^^^^^^^^^^^^^^^^^^
[1;36m(EngineCore_DP0 pid=2016670)[0;0m ERROR 05-19 15:32:27 [core.py:741]   File "/workspace/cann-recipes-train/llm_rl/qwen3/vllm/executor/executor_base.py", line 54, in __init__
[1;36m(EngineCore_DP0 pid=2016670)[0;0m ERROR 05-19 15:32:27 [core.py:741]     self._init_executor()
[1;36m(EngineCore_DP0 pid=2016670)[0;0m ERROR 05-19 15:32:27 [core.py:741]   File "/workspace/cann-recipes-train/llm_rl/qwen3/vllm/executor/uniproc_executor.py", line 55, in _init_executor
[1;36m(EngineCore_DP0 pid=2016670)[0;0m ERROR 05-19 15:32:27 [core.py:741]     self.collective_rpc("load_model")
[1;36m(EngineCore_DP0 pid=2016670)[0;0m ERROR 05-19 15:32:27 [core.py:741]   File "/workspace/cann-recipes-train/llm_rl/qwen3/vllm/executor/uniproc_executor.py", line 83, in collective_rpc
[1;36m(EngineCore_DP0 pid=2016670)[0;0m ERROR 05-19 15:32:27 [core.py:741]     return [run_method(self.driver_worker, method, args, kwargs)]
[1;36m(EngineCore_DP0 pid=2016670)[0;0m ERROR 05-19 15:32:27 [core.py:741]             ^^^^^^^^^^^^^^^^^^^^^^^^^^^^^^^^^^^^^^^^^^^^^^^^^^^^
[1;36m(EngineCore_DP0 pid=2016670)[0;0m ERROR 05-19 15:32:27 [core.py:741]   File "/workspace/cann-recipes-train/llm_rl/qwen3/vllm/utils/__init__.py", line 3122, in run_method
[1;36m(EngineCore_DP0 pid=2016670)[0;0m ERROR 05-19 15:32:27 [core.py:741]     return func(*args, **kwargs)
[1;36m(EngineCore_DP0 pid=2016670)[0;0m ERROR 05-19 15:32:27 [core.py:741]            ^^^^^^^^^^^^^^^^^^^^^
[1;36m(EngineCore_DP0 pid=2016670)[0;0m ERROR 05-19 15:32:27 [core.py:741]   File "/workspace/cann-recipes-train/llm_rl/qwen3/vllm_ascend/worker/worker_v1.py", line 840, in load_model
[1;36m(EngineCore_DP0 pid=2016670)[0;0m ERROR 05-19 15:32:27 [core.py:741]     self.model_runner.load_model()
[1;36m(EngineCore_DP0 pid=2016670)[0;0m ERROR 05-19 15:32:27 [core.py:741]   File "/workspace/cann-recipes-train/llm_rl/qwen3/vllm_ascend/worker/model_runner_v1.py", line 3090, in load_model
[1;36m(EngineCore_DP0 pid=2016670)[0;0m ERROR 05-19 15:32:27 [core.py:741]     self.model = get_model(vllm_config=self.vllm_config)
[1;36m(EngineCore_DP0 pid=2016670)[0;0m ERROR 05-19 15:32:27 [core.py:741]                  ^^^^^^^^^^^^^^^^^^^^^^^^^^^^^^^^^^^^^^^
[1;36m(EngineCore_DP0 pid=2016670)[0;0m ERROR 05-19 15:32:27 [core.py:741]   File "/workspace/cann-recipes-train/llm_rl/qwen3/vllm/model_executor/model_loader/__init__.py", line 119, in get_model
[1;36m(EngineCore_DP0 pid=2016670)[0;0m ERROR 05-19 15:32:27 [core.py:741]     return loader.load_model(vllm_config=vllm_config,
[1;36m(EngineCore_DP0 pid=2016670)[0;0m ERROR 05-19 15:32:27 [core.py:741]            ^^^^^^^^^^^^^^^^^^^^^^^^^^^^^^^^^^^^^^^^^^
[1;36m(EngineCore_DP0 pid=2016670)[0;0m ERROR 05-19 15:32:27 [core.py:741]   File "/workspace/cann-recipes-train/llm_rl/qwen3/vllm/model_executor/model_loader/base_loader.py", line 45, in load_model
[1;36m(EngineCore_DP0 pid=2016670)[0;0m ERROR 05-19 15:32:27 [core.py:741]     model = initialize_model(vllm_config=vllm_config,
[1;36m(EngineCore_DP0 pid=2016670)[0;0m ERROR 05-19 15:32:27 [core.py:741]             ^^^^^^^^^^^^^^^^^^^^^^^^^^^^^^^^^^^^^^^^^
[1;36m(EngineCore_DP0 pid=2016670)[0;0m ERROR 05-19 15:32:27 [core.py:741]   File "/workspace/cann-recipes-train/llm_rl/qwen3/vllm/model_executor/model_loader/utils.py", line 84, in initialize_model
[1;36m(EngineCore_DP0 pid=2016670)[0;0m ERROR 05-19 15:32:27 [core.py:741]     return model_class(vllm_config=vllm_config, prefix=prefix)
[1;36m(EngineCore_DP0 pid=2016670)[0;0m ERROR 05-19 15:32:27 [core.py:741]            ^^^^^^^^^^^^^^^^^^^^^^^^^^^^^^^^^^^^^^^^^^^^^^^^^^^
[1;36m(EngineCore_DP0 pid=2016670)[0;0m ERROR 05-19 15:32:27 [core.py:741]   File "/workspace/cann-recipes-train/llm_rl/qwen3/vllm_ascend/torchair/models/torchair_pangu_moe.py", line 904, in __init__
[1;36m(EngineCore_DP0 pid=2016670)[0;0m ERROR 05-19 15:32:27 [core.py:741]     self.model = PanguProMoEModel(vllm_config=vllm_config,
[1;36m(EngineCore_DP0 pid=2016670)[0;0m ERROR 05-19 15:32:27 [core.py:741]                  ^^^^^^^^^^^^^^^^^^^^^^^^^^^^^^^^^^^^^^^^^
[1;36m(EngineCore_DP0 pid=2016670)[0;0m ERROR 05-19 15:32:27 [core.py:741]   File "/workspace/cann-recipes-train/llm_rl/qwen3/vllm/compilation/decorators.py", line 201, in __init__
[1;36m(EngineCore_DP0 pid=2016670)[0;0m ERROR 05-19 15:32:27 [core.py:741]     old_init(self, vllm_config=vllm_config, prefix=prefix, **kwargs)
[1;36m(EngineCore_DP0 pid=2016670)[0;0m ERROR 05-19 15:32:27 [core.py:741]   File "/workspace/cann-recipes-train/llm_rl/qwen3/vllm_ascend/torchair/models/torchair_pangu_moe.py", line 798, in __init__
[1;36m(EngineCore_DP0 pid=2016670)[0;0m ERROR 05-19 15:32:27 [core.py:741]     self.start_layer, self.end_layer, self.layers = make_layers(
[1;36m(EngineCore_DP0 pid=2016670)[0;0m ERROR 05-19 15:32:27 [core.py:741]                                                     ^^^^^^^^^^^^
[1;36m(EngineCore_DP0 pid=2016670)[0;0m ERROR 05-19 15:32:27 [core.py:741]   File "/workspace/cann-recipes-train/llm_rl/qwen3/vllm/model_executor/models/utils.py", line 629, in make_layers
[1;36m(EngineCore_DP0 pid=2016670)[0;0m ERROR 05-19 15:32:27 [core.py:741]     [PPMissingLayer() for _ in range(start_layer)] + [
[1;36m(EngineCore_DP0 pid=2016670)[0;0m ERROR 05-19 15:32:27 [core.py:741]                                                      ^
[1;36m(EngineCore_DP0 pid=2016670)[0;0m ERROR 05-19 15:32:27 [core.py:741]   File "/workspace/cann-recipes-train/llm_rl/qwen3/vllm/model_executor/models/utils.py", line 630, in <listcomp>
[1;36m(EngineCore_DP0 pid=2016670)[0;0m ERROR 05-19 15:32:27 [core.py:741]     maybe_offload_to_cpu(layer_fn(prefix=f"{prefix}.{idx}"))
[1;36m(EngineCore_DP0 pid=2016670)[0;0m ERROR 05-19 15:32:27 [core.py:741]                          ^^^^^^^^^^^^^^^^^^^^^^^^^^^^^^^^^^
[1;36m(EngineCore_DP0 pid=2016670)[0;0m ERROR 05-19 15:32:27 [core.py:741]   File "/workspace/cann-recipes-train/llm_rl/qwen3/vllm_ascend/torchair/models/torchair_pangu_moe.py", line 800, in <lambda>
[1;36m(EngineCore_DP0 pid=2016670)[0;0m ERROR 05-19 15:32:27 [core.py:741]     lambda prefix: PanguProMoEDecoderLayer(config=config,
[1;36m(EngineCore_DP0 pid=2016670)[0;0m ERROR 05-19 15:32:27 [core.py:741]                    ^^^^^^^^^^^^^^^^^^^^^^^^^^^^^^^^^^^^^^
[1;36m(EngineCore_DP0 pid=2016670)[0;0m ERROR 05-19 15:32:27 [core.py:741]   File "/workspace/cann-recipes-train/llm_rl/qwen3/vllm_ascend/torchair/models/torchair_pangu_moe.py", line 677, in __init__
[1;36m(EngineCore_DP0 pid=2016670)[0;0m ERROR 05-19 15:32:27 [core.py:741]     self.mlp = PanguProMoESparseMoeBlock(
[1;36m(EngineCore_DP0 pid=2016670)[0;0m ERROR 05-19 15:32:27 [core.py:741]                ^^^^^^^^^^^^^^^^^^^^^^^^^^
[1;36m(EngineCore_DP0 pid=2016670)[0;0m ERROR 05-19 15:32:27 [core.py:741]   File "/workspace/cann-recipes-train/llm_rl/qwen3/vllm_ascend/torchair/models/torchair_pangu_moe.py", line 453, in __init__
[1;36m(EngineCore_DP0 pid=2016670)[0;0m ERROR 05-19 15:32:27 [core.py:741]     self.experts = FusedMoE(
[1;36m(EngineCore_DP0 pid=2016670)[0;0m ERROR 05-19 15:32:27 [core.py:741]                    ^^^^^^^^^
[1;36m(EngineCore_DP0 pid=2016670)[0;0m ERROR 05-19 15:32:27 [core.py:741]   File "/workspace/cann-recipes-train/llm_rl/qwen3/vllm_ascend/ops/common_fused_moe.py", line 139, in __init__
[1;36m(EngineCore_DP0 pid=2016670)[0;0m ERROR 05-19 15:32:27 [core.py:741]     super().__init__(*args, **kwargs)
[1;36m(EngineCore_DP0 pid=2016670)[0;0m ERROR 05-19 15:32:27 [core.py:741]   File "/workspace/cann-recipes-train/llm_rl/qwen3/vllm/model_executor/layers/fused_moe/layer.py", line 1359, in __init__
[1;36m(EngineCore_DP0 pid=2016670)[0;0m ERROR 05-19 15:32:27 [core.py:741]     self.quant_method.create_weights(layer=self, **moe_quant_params)
[1;36m(EngineCore_DP0 pid=2016670)[0;0m ERROR 05-19 15:32:27 [core.py:741]   File "/workspace/cann-recipes-train/llm_rl/qwen3/vllm/model_executor/layers/fused_moe/layer.py", line 387, in create_weights
[1;36m(EngineCore_DP0 pid=2016670)[0;0m ERROR 05-19 15:32:27 [core.py:741]     w2_weight = torch.nn.Parameter(torch.empty(
[1;36m(EngineCore_DP0 pid=2016670)[0;0m ERROR 05-19 15:32:27 [core.py:741]                                    ^^^^^^^^^^^^
[1;36m(EngineCore_DP0 pid=2016670)[0;0m ERROR 05-19 15:32:27 [core.py:741]   File "/usr/local/python3.11.13/lib/python3.11/site-packages/torch/utils/_device.py", line 104, in __torch_function__
[1;36m(EngineCore_DP0 pid=2016670)[0;0m ERROR 05-19 15:32:27 [core.py:741]     return func(*args, **kwargs)
[1;36m(EngineCore_DP0 pid=2016670)[0;0m ERROR 05-19 15:32:27 [core.py:741]            ^^^^^^^^^^^^^^^^^^^^^
[1;36m(EngineCore_DP0 pid=2016670)[0;0m ERROR 05-19 15:32:27 [core.py:741] RuntimeError: NPU out of memory. Tried to allocate 842.00 MiB (NPU 0; 61.27 GiB total capacity; 41.51 GiB already allocated; 41.51 GiB current active; 691.69 MiB free; 41.52 GiB reserved in total by PyTorch) If reserved memory is >> allocated memory try setting max_split_size_mb to avoid fragmentation.
[1;36m(EngineCore_DP0 pid=2016692)[0;0m Process EngineCore_DP0:
[1;36m(EngineCore_DP0 pid=2016692)[0;0m Traceback (most recent call last):
[1;36m(EngineCore_DP0 pid=2016692)[0;0m   File "/usr/local/python3.11.13/lib/python3.11/multiprocessing/process.py", line 314, in _bootstrap
[1;36m(EngineCore_DP0 pid=2016692)[0;0m     self.run()
[1;36m(EngineCore_DP0 pid=2016692)[0;0m   File "/usr/local/python3.11.13/lib/python3.11/multiprocessing/process.py", line 108, in run
[1;36m(EngineCore_DP0 pid=2016692)[0;0m     self._target(*self._args, **self._kwargs)
[1;36m(EngineCore_DP0 pid=2016692)[0;0m   File "/workspace/cann-recipes-train/llm_rl/qwen3/vllm/v1/engine/core.py", line 745, in run_engine_core
[1;36m(EngineCore_DP0 pid=2016692)[0;0m     raise e
[1;36m(EngineCore_DP0 pid=2016692)[0;0m   File "/workspace/cann-recipes-train/llm_rl/qwen3/vllm/v1/engine/core.py", line 732, in run_engine_core
[1;36m(EngineCore_DP0 pid=2016692)[0;0m     engine_core = EngineCoreProc(*args, **kwargs)
[1;36m(EngineCore_DP0 pid=2016692)[0;0m                   ^^^^^^^^^^^^^^^^^^^^^^^^^^^^^^^
[1;36m(EngineCore_DP0 pid=2016692)[0;0m   File "/workspace/cann-recipes-train/llm_rl/qwen3/vllm/v1/engine/core.py", line 521, in __init__
[1;36m(EngineCore_DP0 pid=2016692)[0;0m     super().__init__(vllm_config, executor_class, log_stats,
[1;36m(EngineCore_DP0 pid=2016692)[0;0m   File "/workspace/cann-recipes-train/llm_rl/qwen3/vllm/v1/engine/core.py", line 90, in __init__
[1;36m(EngineCore_DP0 pid=2016692)[0;0m     self.model_executor = executor_class(vllm_config)
[1;36m(EngineCore_DP0 pid=2016692)[0;0m                           ^^^^^^^^^^^^^^^^^^^^^^^^^^^
[1;36m(EngineCore_DP0 pid=2016692)[0;0m   File "/workspace/cann-recipes-train/llm_rl/qwen3/vllm/executor/executor_base.py", line 54, in __init__
[1;36m(EngineCore_DP0 pid=2016692)[0;0m     self._init_executor()
[1;36m(EngineCore_DP0 pid=2016692)[0;0m   File "/workspace/cann-recipes-train/llm_rl/qwen3/vllm/executor/uniproc_executor.py", line 55, in _init_executor
[1;36m(EngineCore_DP0 pid=2016692)[0;0m     self.collective_rpc("load_model")
[1;36m(EngineCore_DP0 pid=2016692)[0;0m   File "/workspace/cann-recipes-train/llm_rl/qwen3/vllm/executor/uniproc_executor.py", line 83, in collective_rpc
[1;36m(EngineCore_DP0 pid=2016692)[0;0m     return [run_method(self.driver_worker, method, args, kwargs)]
[1;36m(EngineCore_DP0 pid=2016692)[0;0m             ^^^^^^^^^^^^^^^^^^^^^^^^^^^^^^^^^^^^^^^^^^^^^^^^^^^^
[1;36m(EngineCore_DP0 pid=2016692)[0;0m   File "/workspace/cann-recipes-train/llm_rl/qwen3/vllm/utils/__init__.py", line 3122, in run_method
[1;36m(EngineCore_DP0 pid=2016692)[0;0m     return func(*args, **kwargs)
[1;36m(EngineCore_DP0 pid=2016692)[0;0m            ^^^^^^^^^^^^^^^^^^^^^
[1;36m(EngineCore_DP0 pid=2016692)[0;0m   File "/workspace/cann-recipes-train/llm_rl/qwen3/vllm_ascend/worker/worker_v1.py", line 840, in load_model
[1;36m(EngineCore_DP0 pid=2016692)[0;0m     self.model_runner.load_model()
[1;36m(EngineCore_DP0 pid=2016692)[0;0m   File "/workspace/cann-recipes-train/llm_rl/qwen3/vllm_ascend/worker/model_runner_v1.py", line 3090, in load_model
[1;36m(EngineCore_DP0 pid=2016692)[0;0m     self.model = get_model(vllm_config=self.vllm_config)
[1;36m(EngineCore_DP0 pid=2016692)[0;0m                  ^^^^^^^^^^^^^^^^^^^^^^^^^^^^^^^^^^^^^^^
[1;36m(EngineCore_DP0 pid=2016692)[0;0m   File "/workspace/cann-recipes-train/llm_rl/qwen3/vllm/model_executor/model_loader/__init__.py", line 119, in get_model
[1;36m(EngineCore_DP0 pid=2016692)[0;0m     return loader.load_model(vllm_config=vllm_config,
[1;36m(EngineCore_DP0 pid=2016692)[0;0m            ^^^^^^^^^^^^^^^^^^^^^^^^^^^^^^^^^^^^^^^^^^
[1;36m(EngineCore_DP0 pid=2016692)[0;0m   File "/workspace/cann-recipes-train/llm_rl/qwen3/vllm/model_executor/model_loader/base_loader.py", line 45, in load_model
[1;36m(EngineCore_DP0 pid=2016692)[0;0m     model = initialize_model(vllm_config=vllm_config,
[1;36m(EngineCore_DP0 pid=2016692)[0;0m             ^^^^^^^^^^^^^^^^^^^^^^^^^^^^^^^^^^^^^^^^^
[1;36m(EngineCore_DP0 pid=2016692)[0;0m   File "/workspace/cann-recipes-train/llm_rl/qwen3/vllm/model_executor/model_loader/utils.py", line 84, in initialize_model
[1;36m(EngineCore_DP0 pid=2016692)[0;0m     return model_class(vllm_config=vllm_config, prefix=prefix)
[1;36m(EngineCore_DP0 pid=2016692)[0;0m            ^^^^^^^^^^^^^^^^^^^^^^^^^^^^^^^^^^^^^^^^^^^^^^^^^^^
[1;36m(EngineCore_DP0 pid=2016692)[0;0m   File "/workspace/cann-recipes-train/llm_rl/qwen3/vllm_ascend/torchair/models/torchair_pangu_moe.py", line 904, in __init__
[1;36m(EngineCore_DP0 pid=2016692)[0;0m     self.model = PanguProMoEModel(vllm_config=vllm_config,
[1;36m(EngineCore_DP0 pid=2016692)[0;0m                  ^^^^^^^^^^^^^^^^^^^^^^^^^^^^^^^^^^^^^^^^^
[1;36m(EngineCore_DP0 pid=2016692)[0;0m   File "/workspace/cann-recipes-train/llm_rl/qwen3/vllm/compilation/decorators.py", line 201, in __init__
[1;36m(EngineCore_DP0 pid=2016692)[0;0m     old_init(self, vllm_config=vllm_config, prefix=prefix, **kwargs)
[1;36m(EngineCore_DP0 pid=2016692)[0;0m   File "/workspace/cann-recipes-train/llm_rl/qwen3/vllm_ascend/torchair/models/torchair_pangu_moe.py", line 798, in __init__
[1;36m(EngineCore_DP0 pid=2016692)[0;0m     self.start_layer, self.end_layer, self.layers = make_layers(
[1;36m(EngineCore_DP0 pid=2016692)[0;0m                                                     ^^^^^^^^^^^^
[1;36m(EngineCore_DP0 pid=2016692)[0;0m   File "/workspace/cann-recipes-train/llm_rl/qwen3/vllm/model_executor/models/utils.py", line 629, in make_layers
[1;36m(EngineCore_DP0 pid=2016692)[0;0m     [PPMissingLayer() for _ in range(start_layer)] + [
[1;36m(EngineCore_DP0 pid=2016692)[0;0m                                                      ^
[1;36m(EngineCore_DP0 pid=2016692)[0;0m   File "/workspace/cann-recipes-train/llm_rl/qwen3/vllm/model_executor/models/utils.py", line 630, in <listcomp>
[1;36m(EngineCore_DP0 pid=2016692)[0;0m     maybe_offload_to_cpu(layer_fn(prefix=f"{prefix}.{idx}"))
[1;36m(EngineCore_DP0 pid=2016692)[0;0m                          ^^^^^^^^^^^^^^^^^^^^^^^^^^^^^^^^^^
[1;36m(EngineCore_DP0 pid=2016692)[0;0m   File "/workspace/cann-recipes-train/llm_rl/qwen3/vllm_ascend/torchair/models/torchair_pangu_moe.py", line 800, in <lambda>
[1;36m(EngineCore_DP0 pid=2016692)[0;0m     lambda prefix: PanguProMoEDecoderLayer(config=config,
[1;36m(EngineCore_DP0 pid=2016692)[0;0m                    ^^^^^^^^^^^^^^^^^^^^^^^^^^^^^^^^^^^^^^
[1;36m(EngineCore_DP0 pid=2016692)[0;0m   File "/workspace/cann-recipes-train/llm_rl/qwen3/vllm_ascend/torchair/models/torchair_pangu_moe.py", line 677, in __init__
[1;36m(EngineCore_DP0 pid=2016692)[0;0m     self.mlp = PanguProMoESparseMoeBlock(
[1;36m(EngineCore_DP0 pid=2016692)[0;0m                ^^^^^^^^^^^^^^^^^^^^^^^^^^
[1;36m(EngineCore_DP0 pid=2016692)[0;0m   File "/workspace/cann-recipes-train/llm_rl/qwen3/vllm_ascend/torchair/models/torchair_pangu_moe.py", line 453, in __init__
[1;36m(EngineCore_DP0 pid=2016692)[0;0m     self.experts = FusedMoE(
[1;36m(EngineCore_DP0 pid=2016692)[0;0m                    ^^^^^^^^^
[1;36m(EngineCore_DP0 pid=2016692)[0;0m   File "/workspace/cann-recipes-train/llm_rl/qwen3/vllm_ascend/ops/common_fused_moe.py", line 139, in __init__
[1;36m(EngineCore_DP0 pid=2016692)[0;0m     super().__init__(*args, **kwargs)
[1;36m(EngineCore_DP0 pid=2016692)[0;0m   File "/workspace/cann-recipes-train/llm_rl/qwen3/vllm/model_executor/layers/fused_moe/layer.py", line 1359, in __init__
[1;36m(EngineCore_DP0 pid=2016692)[0;0m     self.quant_method.create_weights(layer=self, **moe_quant_params)
[1;36m(EngineCore_DP0 pid=2016692)[0;0m   File "/workspace/cann-recipes-train/llm_rl/qwen3/vllm/model_executor/layers/fused_moe/layer.py", line 387, in create_weights
[1;36m(EngineCore_DP0 pid=2016692)[0;0m     w2_weight = torch.nn.Parameter(torch.empty(
[1;36m(EngineCore_DP0 pid=2016692)[0;0m                                    ^^^^^^^^^^^^
[1;36m(EngineCore_DP0 pid=2016692)[0;0m   File "/usr/local/python3.11.13/lib/python3.11/site-packages/torch/utils/_device.py", line 104, in __torch_function__
[1;36m(EngineCore_DP0 pid=2016692)[0;0m     return func(*args, **kwargs)
[1;36m(EngineCore_DP0 pid=2016692)[0;0m            ^^^^^^^^^^^^^^^^^^^^^
[1;36m(EngineCore_DP0 pid=2016692)[0;0m RuntimeError: NPU out of memory. Tried to allocate 842.00 MiB (NPU 0; 61.27 GiB total capacity; 41.51 GiB already allocated; 41.51 GiB current active; 687.28 MiB free; 41.52 GiB reserved in total by PyTorch) If reserved memory is >> allocated memory try setting max_split_size_mb to avoid fragmentation.
[1;36m(EngineCore_DP0 pid=2016700)[0;0m Process EngineCore_DP0:
[1;36m(EngineCore_DP0 pid=2016700)[0;0m Traceback (most recent call last):
[1;36m(EngineCore_DP0 pid=2016700)[0;0m   File "/usr/local/python3.11.13/lib/python3.11/multiprocessing/process.py", line 314, in _bootstrap
[1;36m(EngineCore_DP0 pid=2016700)[0;0m     self.run()
[1;36m(EngineCore_DP0 pid=2016700)[0;0m   File "/usr/local/python3.11.13/lib/python3.11/multiprocessing/process.py", line 108, in run
[1;36m(EngineCore_DP0 pid=2016700)[0;0m     self._target(*self._args, **self._kwargs)
[1;36m(EngineCore_DP0 pid=2016700)[0;0m   File "/workspace/cann-recipes-train/llm_rl/qwen3/vllm/v1/engine/core.py", line 745, in run_engine_core
[1;36m(EngineCore_DP0 pid=2016700)[0;0m     raise e
[1;36m(EngineCore_DP0 pid=2016700)[0;0m   File "/workspace/cann-recipes-train/llm_rl/qwen3/vllm/v1/engine/core.py", line 732, in run_engine_core
[1;36m(EngineCore_DP0 pid=2016700)[0;0m     engine_core = EngineCoreProc(*args, **kwargs)
[1;36m(EngineCore_DP0 pid=2016700)[0;0m                   ^^^^^^^^^^^^^^^^^^^^^^^^^^^^^^^
[1;36m(EngineCore_DP0 pid=2016700)[0;0m   File "/workspace/cann-recipes-train/llm_rl/qwen3/vllm/v1/engine/core.py", line 521, in __init__
[1;36m(EngineCore_DP0 pid=2016700)[0;0m     super().__init__(vllm_config, executor_class, log_stats,
[1;36m(EngineCore_DP0 pid=2016700)[0;0m   File "/workspace/cann-recipes-train/llm_rl/qwen3/vllm/v1/engine/core.py", line 90, in __init__
[1;36m(EngineCore_DP0 pid=2016700)[0;0m     self.model_executor = executor_class(vllm_config)
[1;36m(EngineCore_DP0 pid=2016700)[0;0m                           ^^^^^^^^^^^^^^^^^^^^^^^^^^^
[1;36m(EngineCore_DP0 pid=2016700)[0;0m   File "/workspace/cann-recipes-train/llm_rl/qwen3/vllm/executor/executor_base.py", line 54, in __init__
[1;36m(EngineCore_DP0 pid=2016700)[0;0m     self._init_executor()
[1;36m(EngineCore_DP0 pid=2016700)[0;0m   File "/workspace/cann-recipes-train/llm_rl/qwen3/vllm/executor/uniproc_executor.py", line 55, in _init_executor
[1;36m(EngineCore_DP0 pid=2016700)[0;0m     self.collective_rpc("load_model")
[1;36m(EngineCore_DP0 pid=2016700)[0;0m   File "/workspace/cann-recipes-train/llm_rl/qwen3/vllm/executor/uniproc_executor.py", line 83, in collective_rpc
[1;36m(EngineCore_DP0 pid=2016700)[0;0m     return [run_method(self.driver_worker, method, args, kwargs)]
[1;36m(EngineCore_DP0 pid=2016700)[0;0m             ^^^^^^^^^^^^^^^^^^^^^^^^^^^^^^^^^^^^^^^^^^^^^^^^^^^^
[1;36m(EngineCore_DP0 pid=2016700)[0;0m   File "/workspace/cann-recipes-train/llm_rl/qwen3/vllm/utils/__init__.py", line 3122, in run_method
[1;36m(EngineCore_DP0 pid=2016700)[0;0m     return func(*args, **kwargs)
[1;36m(EngineCore_DP0 pid=2016700)[0;0m            ^^^^^^^^^^^^^^^^^^^^^
[1;36m(EngineCore_DP0 pid=2016700)[0;0m   File "/workspace/cann-recipes-train/llm_rl/qwen3/vllm_ascend/worker/worker_v1.py", line 840, in load_model
[1;36m(EngineCore_DP0 pid=2016700)[0;0m     self.model_runner.load_model()
[1;36m(EngineCore_DP0 pid=2016700)[0;0m   File "/workspace/cann-recipes-train/llm_rl/qwen3/vllm_ascend/worker/model_runner_v1.py", line 3090, in load_model
[1;36m(EngineCore_DP0 pid=2016700)[0;0m     self.model = get_model(vllm_config=self.vllm_config)
[1;36m(EngineCore_DP0 pid=2016700)[0;0m                  ^^^^^^^^^^^^^^^^^^^^^^^^^^^^^^^^^^^^^^^
[1;36m(EngineCore_DP0 pid=2016700)[0;0m   File "/workspace/cann-recipes-train/llm_rl/qwen3/vllm/model_executor/model_loader/__init__.py", line 119, in get_model
[1;36m(EngineCore_DP0 pid=2016700)[0;0m     return loader.load_model(vllm_config=vllm_config,
[1;36m(EngineCore_DP0 pid=2016700)[0;0m            ^^^^^^^^^^^^^^^^^^^^^^^^^^^^^^^^^^^^^^^^^^
[1;36m(EngineCore_DP0 pid=2016700)[0;0m   File "/workspace/cann-recipes-train/llm_rl/qwen3/vllm/model_executor/model_loader/base_loader.py", line 45, in load_model
[1;36m(EngineCore_DP0 pid=2016700)[0;0m     model = initialize_model(vllm_config=vllm_config,
[1;36m(EngineCore_DP0 pid=2016700)[0;0m             ^^^^^^^^^^^^^^^^^^^^^^^^^^^^^^^^^^^^^^^^^
[1;36m(EngineCore_DP0 pid=2016700)[0;0m   File "/workspace/cann-recipes-train/llm_rl/qwen3/vllm/model_executor/model_loader/utils.py", line 84, in initialize_model
[1;36m(EngineCore_DP0 pid=2016700)[0;0m     return model_class(vllm_config=vllm_config, prefix=prefix)
[1;36m(EngineCore_DP0 pid=2016700)[0;0m            ^^^^^^^^^^^^^^^^^^^^^^^^^^^^^^^^^^^^^^^^^^^^^^^^^^^
[1;36m(EngineCore_DP0 pid=2016700)[0;0m   File "/workspace/cann-recipes-train/llm_rl/qwen3/vllm_ascend/torchair/models/torchair_pangu_moe.py", line 904, in __init__
[1;36m(EngineCore_DP0 pid=2016700)[0;0m     self.model = PanguProMoEModel(vllm_config=vllm_config,
[1;36m(EngineCore_DP0 pid=2016700)[0;0m                  ^^^^^^^^^^^^^^^^^^^^^^^^^^^^^^^^^^^^^^^^^
[1;36m(EngineCore_DP0 pid=2016700)[0;0m   File "/workspace/cann-recipes-train/llm_rl/qwen3/vllm/compilation/decorators.py", line 201, in __init__
[1;36m(EngineCore_DP0 pid=2016700)[0;0m     old_init(self, vllm_config=vllm_config, prefix=prefix, **kwargs)
[1;36m(EngineCore_DP0 pid=2016700)[0;0m   File "/workspace/cann-recipes-train/llm_rl/qwen3/vllm_ascend/torchair/models/torchair_pangu_moe.py", line 798, in __init__
[1;36m(EngineCore_DP0 pid=2016700)[0;0m     self.start_layer, self.end_layer, self.layers = make_layers(
[1;36m(EngineCore_DP0 pid=2016700)[0;0m                                                     ^^^^^^^^^^^^
[1;36m(EngineCore_DP0 pid=2016700)[0;0m   File "/workspace/cann-recipes-train/llm_rl/qwen3/vllm/model_executor/models/utils.py", line 629, in make_layers
[1;36m(EngineCore_DP0 pid=2016700)[0;0m     [PPMissingLayer() for _ in range(start_layer)] + [
[1;36m(EngineCore_DP0 pid=2016700)[0;0m                                                      ^
[1;36m(EngineCore_DP0 pid=2016700)[0;0m   File "/workspace/cann-recipes-train/llm_rl/qwen3/vllm/model_executor/models/utils.py", line 630, in <listcomp>
[1;36m(EngineCore_DP0 pid=2016700)[0;0m     maybe_offload_to_cpu(layer_fn(prefix=f"{prefix}.{idx}"))
[1;36m(EngineCore_DP0 pid=2016700)[0;0m                          ^^^^^^^^^^^^^^^^^^^^^^^^^^^^^^^^^^
[1;36m(EngineCore_DP0 pid=2016700)[0;0m   File "/workspace/cann-recipes-train/llm_rl/qwen3/vllm_ascend/torchair/models/torchair_pangu_moe.py", line 800, in <lambda>
[1;36m(EngineCore_DP0 pid=2016700)[0;0m     lambda prefix: PanguProMoEDecoderLayer(config=config,
[1;36m(EngineCore_DP0 pid=2016700)[0;0m                    ^^^^^^^^^^^^^^^^^^^^^^^^^^^^^^^^^^^^^^
[1;36m(EngineCore_DP0 pid=2016700)[0;0m   File "/workspace/cann-recipes-train/llm_rl/qwen3/vllm_ascend/torchair/models/torchair_pangu_moe.py", line 677, in __init__
[1;36m(EngineCore_DP0 pid=2016700)[0;0m     self.mlp = PanguProMoESparseMoeBlock(
[1;36m(EngineCore_DP0 pid=2016700)[0;0m                ^^^^^^^^^^^^^^^^^^^^^^^^^^
[1;36m(EngineCore_DP0 pid=2016700)[0;0m   File "/workspace/cann-recipes-train/llm_rl/qwen3/vllm_ascend/torchair/models/torchair_pangu_moe.py", line 453, in __init__
[1;36m(EngineCore_DP0 pid=2016700)[0;0m     self.experts = FusedMoE(
[1;36m(EngineCore_DP0 pid=2016700)[0;0m                    ^^^^^^^^^
[1;36m(EngineCore_DP0 pid=2016700)[0;0m   File "/workspace/cann-recipes-train/llm_rl/qwen3/vllm_ascend/ops/common_fused_moe.py", line 139, in __init__
[1;36m(EngineCore_DP0 pid=2016700)[0;0m     super().__init__(*args, **kwargs)
[1;36m(EngineCore_DP0 pid=2016700)[0;0m   File "/workspace/cann-recipes-train/llm_rl/qwen3/vllm/model_executor/layers/fused_moe/layer.py", line 1359, in __init__
[1;36m(EngineCore_DP0 pid=2016700)[0;0m     self.quant_method.create_weights(layer=self, **moe_quant_params)
[1;36m(EngineCore_DP0 pid=2016700)[0;0m   File "/workspace/cann-recipes-train/llm_rl/qwen3/vllm/model_executor/layers/fused_moe/layer.py", line 387, in create_weights
[1;36m(EngineCore_DP0 pid=2016700)[0;0m     w2_weight = torch.nn.Parameter(torch.empty(
[1;36m(EngineCore_DP0 pid=2016700)[0;0m                                    ^^^^^^^^^^^^
[1;36m(EngineCore_DP0 pid=2016700)[0;0m   File "/usr/local/python3.11.13/lib/python3.11/site-packages/torch/utils/_device.py", line 104, in __torch_function__
[1;36m(EngineCore_DP0 pid=2016700)[0;0m     return func(*args, **kwargs)
[1;36m(EngineCore_DP0 pid=2016700)[0;0m            ^^^^^^^^^^^^^^^^^^^^^
[1;36m(EngineCore_DP0 pid=2016700)[0;0m RuntimeError: NPU out of memory. Tried to allocate 842.00 MiB (NPU 0; 61.27 GiB total capacity; 41.51 GiB already allocated; 41.51 GiB current active; 672.92 MiB free; 41.52 GiB reserved in total by PyTorch) If reserved memory is >> allocated memory try setting max_split_size_mb to avoid fragmentation.
[1;36m(EngineCore_DP0 pid=2016660)[0;0m ERROR 05-19 15:32:28 [core.py:741] EngineCore failed to start.
[1;36m(EngineCore_DP0 pid=2016660)[0;0m ERROR 05-19 15:32:28 [core.py:741] Traceback (most recent call last):
[1;36m(EngineCore_DP0 pid=2016660)[0;0m ERROR 05-19 15:32:28 [core.py:741]   File "/workspace/cann-recipes-train/llm_rl/qwen3/vllm/v1/engine/core.py", line 732, in run_engine_core
[1;36m(EngineCore_DP0 pid=2016660)[0;0m ERROR 05-19 15:32:28 [core.py:741]     engine_core = EngineCoreProc(*args, **kwargs)
[1;36m(EngineCore_DP0 pid=2016660)[0;0m ERROR 05-19 15:32:28 [core.py:741]                   ^^^^^^^^^^^^^^^^^^^^^^^^^^^^^^^
[1;36m(EngineCore_DP0 pid=2016660)[0;0m ERROR 05-19 15:32:28 [core.py:741]   File "/workspace/cann-recipes-train/llm_rl/qwen3/vllm/v1/engine/core.py", line 521, in __init__
[1;36m(EngineCore_DP0 pid=2016660)[0;0m ERROR 05-19 15:32:28 [core.py:741]     super().__init__(vllm_config, executor_class, log_stats,
[1;36m(EngineCore_DP0 pid=2016660)[0;0m ERROR 05-19 15:32:28 [core.py:741]   File "/workspace/cann-recipes-train/llm_rl/qwen3/vllm/v1/engine/core.py", line 90, in __init__
[1;36m(EngineCore_DP0 pid=2016660)[0;0m ERROR 05-19 15:32:28 [core.py:741]     self.model_executor = executor_class(vllm_config)
[1;36m(EngineCore_DP0 pid=2016660)[0;0m ERROR 05-19 15:32:28 [core.py:741]                           ^^^^^^^^^^^^^^^^^^^^^^^^^^^
[1;36m(EngineCore_DP0 pid=2016660)[0;0m ERROR 05-19 15:32:28 [core.py:741]   File "/workspace/cann-recipes-train/llm_rl/qwen3/vllm/executor/executor_base.py", line 54, in __init__
[1;36m(EngineCore_DP0 pid=2016660)[0;0m ERROR 05-19 15:32:28 [core.py:741]     self._init_executor()
[1;36m(EngineCore_DP0 pid=2016660)[0;0m ERROR 05-19 15:32:28 [core.py:741]   File "/workspace/cann-recipes-train/llm_rl/qwen3/vllm/executor/uniproc_executor.py", line 55, in _init_executor
[1;36m(EngineCore_DP0 pid=2016660)[0;0m ERROR 05-19 15:32:28 [core.py:741]     self.collective_rpc("load_model")
[1;36m(EngineCore_DP0 pid=2016660)[0;0m ERROR 05-19 15:32:28 [core.py:741]   File "/workspace/cann-recipes-train/llm_rl/qwen3/vllm/executor/uniproc_executor.py", line 83, in collective_rpc
[1;36m(EngineCore_DP0 pid=2016660)[0;0m ERROR 05-19 15:32:28 [core.py:741]     return [run_method(self.driver_worker, method, args, kwargs)]
[1;36m(EngineCore_DP0 pid=2016660)[0;0m ERROR 05-19 15:32:28 [core.py:741]             ^^^^^^^^^^^^^^^^^^^^^^^^^^^^^^^^^^^^^^^^^^^^^^^^^^^^
[1;36m(EngineCore_DP0 pid=2016660)[0;0m ERROR 05-19 15:32:28 [core.py:741]   File "/workspace/cann-recipes-train/llm_rl/qwen3/vllm/utils/__init__.py", line 3122, in run_method
[1;36m(EngineCore_DP0 pid=2016660)[0;0m ERROR 05-19 15:32:28 [core.py:741]     return func(*args, **kwargs)
[1;36m(EngineCore_DP0 pid=2016660)[0;0m ERROR 05-19 15:32:28 [core.py:741]            ^^^^^^^^^^^^^^^^^^^^^
[1;36m(EngineCore_DP0 pid=2016660)[0;0m ERROR 05-19 15:32:28 [core.py:741]   File "/workspace/cann-recipes-train/llm_rl/qwen3/vllm_ascend/worker/worker_v1.py", line 840, in load_model
[1;36m(EngineCore_DP0 pid=2016660)[0;0m ERROR 05-19 15:32:28 [core.py:741]     self.model_runner.load_model()
[1;36m(EngineCore_DP0 pid=2016660)[0;0m ERROR 05-19 15:32:28 [core.py:741]   File "/workspace/cann-recipes-train/llm_rl/qwen3/vllm_ascend/worker/model_runner_v1.py", line 3090, in load_model
[1;36m(EngineCore_DP0 pid=2016660)[0;0m ERROR 05-19 15:32:28 [core.py:741]     self.model = get_model(vllm_config=self.vllm_config)
[1;36m(EngineCore_DP0 pid=2016660)[0;0m ERROR 05-19 15:32:28 [core.py:741]                  ^^^^^^^^^^^^^^^^^^^^^^^^^^^^^^^^^^^^^^^
[1;36m(EngineCore_DP0 pid=2016660)[0;0m ERROR 05-19 15:32:28 [core.py:741]   File "/workspace/cann-recipes-train/llm_rl/qwen3/vllm/model_executor/model_loader/__init__.py", line 119, in get_model
[1;36m(EngineCore_DP0 pid=2016660)[0;0m ERROR 05-19 15:32:28 [core.py:741]     return loader.load_model(vllm_config=vllm_config,
[1;36m(EngineCore_DP0 pid=2016660)[0;0m ERROR 05-19 15:32:28 [core.py:741]            ^^^^^^^^^^^^^^^^^^^^^^^^^^^^^^^^^^^^^^^^^^
[1;36m(EngineCore_DP0 pid=2016660)[0;0m ERROR 05-19 15:32:28 [core.py:741]   File "/workspace/cann-recipes-train/llm_rl/qwen3/vllm/model_executor/model_loader/base_loader.py", line 45, in load_model
[1;36m(EngineCore_DP0 pid=2016660)[0;0m ERROR 05-19 15:32:28 [core.py:741]     model = initialize_model(vllm_config=vllm_config,
[1;36m(EngineCore_DP0 pid=2016660)[0;0m ERROR 05-19 15:32:28 [core.py:741]             ^^^^^^^^^^^^^^^^^^^^^^^^^^^^^^^^^^^^^^^^^
[1;36m(EngineCore_DP0 pid=2016660)[0;0m ERROR 05-19 15:32:28 [core.py:741]   File "/workspace/cann-recipes-train/llm_rl/qwen3/vllm/model_executor/model_loader/utils.py", line 84, in initialize_model
[1;36m(EngineCore_DP0 pid=2016660)[0;0m ERROR 05-19 15:32:28 [core.py:741]     return model_class(vllm_config=vllm_config, prefix=prefix)
[1;36m(EngineCore_DP0 pid=2016660)[0;0m ERROR 05-19 15:32:28 [core.py:741]            ^^^^^^^^^^^^^^^^^^^^^^^^^^^^^^^^^^^^^^^^^^^^^^^^^^^
[1;36m(EngineCore_DP0 pid=2016660)[0;0m ERROR 05-19 15:32:28 [core.py:741]   File "/workspace/cann-recipes-train/llm_rl/qwen3/vllm_ascend/torchair/models/torchair_pangu_moe.py", line 904, in __init__
[1;36m(EngineCore_DP0 pid=2016660)[0;0m ERROR 05-19 15:32:28 [core.py:741]     self.model = PanguProMoEModel(vllm_config=vllm_config,
[1;36m(EngineCore_DP0 pid=2016660)[0;0m ERROR 05-19 15:32:28 [core.py:741]                  ^^^^^^^^^^^^^^^^^^^^^^^^^^^^^^^^^^^^^^^^^
[1;36m(EngineCore_DP0 pid=2016660)[0;0m ERROR 05-19 15:32:28 [core.py:741]   File "/workspace/cann-recipes-train/llm_rl/qwen3/vllm/compilation/decorators.py", line 201, in __init__
[1;36m(EngineCore_DP0 pid=2016660)[0;0m ERROR 05-19 15:32:28 [core.py:741]     old_init(self, vllm_config=vllm_config, prefix=prefix, **kwargs)
[1;36m(EngineCore_DP0 pid=2016660)[0;0m ERROR 05-19 15:32:28 [core.py:741]   File "/workspace/cann-recipes-train/llm_rl/qwen3/vllm_ascend/torchair/models/torchair_pangu_moe.py", line 798, in __init__
[1;36m(EngineCore_DP0 pid=2016660)[0;0m ERROR 05-19 15:32:28 [core.py:741]     self.start_layer, self.end_layer, self.layers = make_layers(
[1;36m(EngineCore_DP0 pid=2016660)[0;0m ERROR 05-19 15:32:28 [core.py:741]                                                     ^^^^^^^^^^^^
[1;36m(EngineCore_DP0 pid=2016660)[0;0m ERROR 05-19 15:32:28 [core.py:741]   File "/workspace/cann-recipes-train/llm_rl/qwen3/vllm/model_executor/models/utils.py", line 629, in make_layers
[1;36m(EngineCore_DP0 pid=2016660)[0;0m ERROR 05-19 15:32:28 [core.py:741]     [PPMissingLayer() for _ in range(start_layer)] + [
[1;36m(EngineCore_DP0 pid=2016660)[0;0m ERROR 05-19 15:32:28 [core.py:741]                                                      ^
[1;36m(EngineCore_DP0 pid=2016660)[0;0m ERROR 05-19 15:32:28 [core.py:741]   File "/workspace/cann-recipes-train/llm_rl/qwen3/vllm/model_executor/models/utils.py", line 630, in <listcomp>
[1;36m(EngineCore_DP0 pid=2016660)[0;0m ERROR 05-19 15:32:28 [core.py:741]     maybe_offload_to_cpu(layer_fn(prefix=f"{prefix}.{idx}"))
[1;36m(EngineCore_DP0 pid=2016660)[0;0m ERROR 05-19 15:32:28 [core.py:741]                          ^^^^^^^^^^^^^^^^^^^^^^^^^^^^^^^^^^
[1;36m(EngineCore_DP0 pid=2016660)[0;0m ERROR 05-19 15:32:28 [core.py:741]   File "/workspace/cann-recipes-train/llm_rl/qwen3/vllm_ascend/torchair/models/torchair_pangu_moe.py", line 800, in <lambda>
[1;36m(EngineCore_DP0 pid=2016660)[0;0m ERROR 05-19 15:32:28 [core.py:741]     lambda prefix: PanguProMoEDecoderLayer(config=config,
[1;36m(EngineCore_DP0 pid=2016660)[0;0m ERROR 05-19 15:32:28 [core.py:741]                    ^^^^^^^^^^^^^^^^^^^^^^^^^^^^^^^^^^^^^^
[1;36m(EngineCore_DP0 pid=2016660)[0;0m ERROR 05-19 15:32:28 [core.py:741]   File "/workspace/cann-recipes-train/llm_rl/qwen3/vllm_ascend/torchair/models/torchair_pangu_moe.py", line 677, in __init__
[1;36m(EngineCore_DP0 pid=2016660)[0;0m ERROR 05-19 15:32:28 [core.py:741]     self.mlp = PanguProMoESparseMoeBlock(
[1;36m(EngineCore_DP0 pid=2016660)[0;0m ERROR 05-19 15:32:28 [core.py:741]                ^^^^^^^^^^^^^^^^^^^^^^^^^^
[1;36m(EngineCore_DP0 pid=2016660)[0;0m ERROR 05-19 15:32:28 [core.py:741]   File "/workspace/cann-recipes-train/llm_rl/qwen3/vllm_ascend/torchair/models/torchair_pangu_moe.py", line 453, in __init__
[1;36m(EngineCore_DP0 pid=2016660)[0;0m ERROR 05-19 15:32:28 [core.py:741]     self.experts = FusedMoE(
[1;36m(EngineCore_DP0 pid=2016660)[0;0m ERROR 05-19 15:32:28 [core.py:741]                    ^^^^^^^^^
[1;36m(EngineCore_DP0 pid=2016660)[0;0m ERROR 05-19 15:32:28 [core.py:741]   File "/workspace/cann-recipes-train/llm_rl/qwen3/vllm_ascend/ops/common_fused_moe.py", line 139, in __init__
[1;36m(EngineCore_DP0 pid=2016660)[0;0m ERROR 05-19 15:32:28 [core.py:741]     super().__init__(*args, **kwargs)
[1;36m(EngineCore_DP0 pid=2016660)[0;0m ERROR 05-19 15:32:28 [core.py:741]   File "/workspace/cann-recipes-train/llm_rl/qwen3/vllm/model_executor/layers/fused_moe/layer.py", line 1359, in __init__
[1;36m(EngineCore_DP0 pid=2016660)[0;0m ERROR 05-19 15:32:28 [core.py:741]     self.quant_method.create_weights(layer=self, **moe_quant_params)
[1;36m(EngineCore_DP0 pid=2016660)[0;0m ERROR 05-19 15:32:28 [core.py:741]   File "/workspace/cann-recipes-train/llm_rl/qwen3/vllm/model_executor/layers/fused_moe/layer.py", line 387, in create_weights
[1;36m(EngineCore_DP0 pid=2016660)[0;0m ERROR 05-19 15:32:28 [core.py:741]     w2_weight = torch.nn.Parameter(torch.empty(
[1;36m(EngineCore_DP0 pid=2016660)[0;0m ERROR 05-19 15:32:28 [core.py:741]                                    ^^^^^^^^^^^^
[1;36m(EngineCore_DP0 pid=2016660)[0;0m ERROR 05-19 15:32:28 [core.py:741]   File "/usr/local/python3.11.13/lib/python3.11/site-packages/torch/utils/_device.py", line 104, in __torch_function__
[1;36m(EngineCore_DP0 pid=2016660)[0;0m ERROR 05-19 15:32:28 [core.py:741]     return func(*args, **kwargs)
[1;36m(EngineCore_DP0 pid=2016660)[0;0m ERROR 05-19 15:32:28 [core.py:741]            ^^^^^^^^^^^^^^^^^^^^^
[1;36m(EngineCore_DP0 pid=2016660)[0;0m ERROR 05-19 15:32:28 [core.py:741] RuntimeError: NPU out of memory. Tried to allocate 842.00 MiB (NPU 0; 61.27 GiB total capacity; 41.51 GiB already allocated; 41.51 GiB current active; 664.68 MiB free; 41.52 GiB reserved in total by PyTorch) If reserved memory is >> allocated memory try setting max_split_size_mb to avoid fragmentation.
[1;36m(EngineCore_DP0 pid=2016656)[0;0m Process EngineCore_DP0:
[1;36m(EngineCore_DP0 pid=2016656)[0;0m Traceback (most recent call last):
[1;36m(EngineCore_DP0 pid=2016656)[0;0m   File "/usr/local/python3.11.13/lib/python3.11/multiprocessing/process.py", line 314, in _bootstrap
[1;36m(EngineCore_DP0 pid=2016656)[0;0m     self.run()
[1;36m(EngineCore_DP0 pid=2016656)[0;0m   File "/usr/local/python3.11.13/lib/python3.11/multiprocessing/process.py", line 108, in run
[1;36m(EngineCore_DP0 pid=2016656)[0;0m     self._target(*self._args, **self._kwargs)
[1;36m(EngineCore_DP0 pid=2016656)[0;0m   File "/workspace/cann-recipes-train/llm_rl/qwen3/vllm/v1/engine/core.py", line 745, in run_engine_core
[1;36m(EngineCore_DP0 pid=2016656)[0;0m     raise e
[1;36m(EngineCore_DP0 pid=2016656)[0;0m   File "/workspace/cann-recipes-train/llm_rl/qwen3/vllm/v1/engine/core.py", line 732, in run_engine_core
[1;36m(EngineCore_DP0 pid=2016656)[0;0m     engine_core = EngineCoreProc(*args, **kwargs)
[1;36m(EngineCore_DP0 pid=2016656)[0;0m                   ^^^^^^^^^^^^^^^^^^^^^^^^^^^^^^^
[1;36m(EngineCore_DP0 pid=2016656)[0;0m   File "/workspace/cann-recipes-train/llm_rl/qwen3/vllm/v1/engine/core.py", line 521, in __init__
[1;36m(EngineCore_DP0 pid=2016656)[0;0m     super().__init__(vllm_config, executor_class, log_stats,
[1;36m(EngineCore_DP0 pid=2016656)[0;0m   File "/workspace/cann-recipes-train/llm_rl/qwen3/vllm/v1/engine/core.py", line 90, in __init__
[1;36m(EngineCore_DP0 pid=2016656)[0;0m     self.model_executor = executor_class(vllm_config)
[1;36m(EngineCore_DP0 pid=2016656)[0;0m                           ^^^^^^^^^^^^^^^^^^^^^^^^^^^
[1;36m(EngineCore_DP0 pid=2016656)[0;0m   File "/workspace/cann-recipes-train/llm_rl/qwen3/vllm/executor/executor_base.py", line 54, in __init__
[1;36m(EngineCore_DP0 pid=2016656)[0;0m     self._init_executor()
[1;36m(EngineCore_DP0 pid=2016656)[0;0m   File "/workspace/cann-recipes-train/llm_rl/qwen3/vllm/executor/uniproc_executor.py", line 55, in _init_executor
[1;36m(EngineCore_DP0 pid=2016656)[0;0m     self.collective_rpc("load_model")
[1;36m(EngineCore_DP0 pid=2016656)[0;0m   File "/workspace/cann-recipes-train/llm_rl/qwen3/vllm/executor/uniproc_executor.py", line 83, in collective_rpc
[1;36m(EngineCore_DP0 pid=2016656)[0;0m     return [run_method(self.driver_worker, method, args, kwargs)]
[1;36m(EngineCore_DP0 pid=2016656)[0;0m             ^^^^^^^^^^^^^^^^^^^^^^^^^^^^^^^^^^^^^^^^^^^^^^^^^^^^
[1;36m(EngineCore_DP0 pid=2016656)[0;0m   File "/workspace/cann-recipes-train/llm_rl/qwen3/vllm/utils/__init__.py", line 3122, in run_method
[1;36m(EngineCore_DP0 pid=2016656)[0;0m     return func(*args, **kwargs)
[1;36m(EngineCore_DP0 pid=2016656)[0;0m            ^^^^^^^^^^^^^^^^^^^^^
[1;36m(EngineCore_DP0 pid=2016656)[0;0m   File "/workspace/cann-recipes-train/llm_rl/qwen3/vllm_ascend/worker/worker_v1.py", line 840, in load_model
[1;36m(EngineCore_DP0 pid=2016656)[0;0m     self.model_runner.load_model()
[1;36m(EngineCore_DP0 pid=2016656)[0;0m   File "/workspace/cann-recipes-train/llm_rl/qwen3/vllm_ascend/worker/model_runner_v1.py", line 3090, in load_model
[1;36m(EngineCore_DP0 pid=2016656)[0;0m     self.model = get_model(vllm_config=self.vllm_config)
[1;36m(EngineCore_DP0 pid=2016656)[0;0m                  ^^^^^^^^^^^^^^^^^^^^^^^^^^^^^^^^^^^^^^^
[1;36m(EngineCore_DP0 pid=2016656)[0;0m   File "/workspace/cann-recipes-train/llm_rl/qwen3/vllm/model_executor/model_loader/__init__.py", line 119, in get_model
[1;36m(EngineCore_DP0 pid=2016656)[0;0m     return loader.load_model(vllm_config=vllm_config,
[1;36m(EngineCore_DP0 pid=2016656)[0;0m            ^^^^^^^^^^^^^^^^^^^^^^^^^^^^^^^^^^^^^^^^^^
[1;36m(EngineCore_DP0 pid=2016656)[0;0m   File "/workspace/cann-recipes-train/llm_rl/qwen3/vllm/model_executor/model_loader/base_loader.py", line 45, in load_model
[1;36m(EngineCore_DP0 pid=2016656)[0;0m     model = initialize_model(vllm_config=vllm_config,
[1;36m(EngineCore_DP0 pid=2016656)[0;0m             ^^^^^^^^^^^^^^^^^^^^^^^^^^^^^^^^^^^^^^^^^
[1;36m(EngineCore_DP0 pid=2016656)[0;0m   File "/workspace/cann-recipes-train/llm_rl/qwen3/vllm/model_executor/model_loader/utils.py", line 84, in initialize_model
[1;36m(EngineCore_DP0 pid=2016656)[0;0m     return model_class(vllm_config=vllm_config, prefix=prefix)
[1;36m(EngineCore_DP0 pid=2016656)[0;0m            ^^^^^^^^^^^^^^^^^^^^^^^^^^^^^^^^^^^^^^^^^^^^^^^^^^^
[1;36m(EngineCore_DP0 pid=2016656)[0;0m   File "/workspace/cann-recipes-train/llm_rl/qwen3/vllm_ascend/torchair/models/torchair_pangu_moe.py", line 904, in __init__
[1;36m(EngineCore_DP0 pid=2016656)[0;0m     self.model = PanguProMoEModel(vllm_config=vllm_config,
[1;36m(EngineCore_DP0 pid=2016656)[0;0m                  ^^^^^^^^^^^^^^^^^^^^^^^^^^^^^^^^^^^^^^^^^
[1;36m(EngineCore_DP0 pid=2016656)[0;0m   File "/workspace/cann-recipes-train/llm_rl/qwen3/vllm/compilation/decorators.py", line 201, in __init__
[1;36m(EngineCore_DP0 pid=2016656)[0;0m     old_init(self, vllm_config=vllm_config, prefix=prefix, **kwargs)
[1;36m(EngineCore_DP0 pid=2016656)[0;0m   File "/workspace/cann-recipes-train/llm_rl/qwen3/vllm_ascend/torchair/models/torchair_pangu_moe.py", line 798, in __init__
[1;36m(EngineCore_DP0 pid=2016656)[0;0m     self.start_layer, self.end_layer, self.layers = make_layers(
[1;36m(EngineCore_DP0 pid=2016656)[0;0m                                                     ^^^^^^^^^^^^
[1;36m(EngineCore_DP0 pid=2016656)[0;0m   File "/workspace/cann-recipes-train/llm_rl/qwen3/vllm/model_executor/models/utils.py", line 629, in make_layers
[1;36m(EngineCore_DP0 pid=2016656)[0;0m     [PPMissingLayer() for _ in range(start_layer)] + [
[1;36m(EngineCore_DP0 pid=2016656)[0;0m                                                      ^
[1;36m(EngineCore_DP0 pid=2016656)[0;0m   File "/workspace/cann-recipes-train/llm_rl/qwen3/vllm/model_executor/models/utils.py", line 630, in <listcomp>
[1;36m(EngineCore_DP0 pid=2016656)[0;0m     maybe_offload_to_cpu(layer_fn(prefix=f"{prefix}.{idx}"))
[1;36m(EngineCore_DP0 pid=2016656)[0;0m                          ^^^^^^^^^^^^^^^^^^^^^^^^^^^^^^^^^^
[1;36m(EngineCore_DP0 pid=2016656)[0;0m   File "/workspace/cann-recipes-train/llm_rl/qwen3/vllm_ascend/torchair/models/torchair_pangu_moe.py", line 800, in <lambda>
[1;36m(EngineCore_DP0 pid=2016656)[0;0m     lambda prefix: PanguProMoEDecoderLayer(config=config,
[1;36m(EngineCore_DP0 pid=2016656)[0;0m                    ^^^^^^^^^^^^^^^^^^^^^^^^^^^^^^^^^^^^^^
[1;36m(EngineCore_DP0 pid=2016656)[0;0m   File "/workspace/cann-recipes-train/llm_rl/qwen3/vllm_ascend/torchair/models/torchair_pangu_moe.py", line 677, in __init__
[1;36m(EngineCore_DP0 pid=2016656)[0;0m     self.mlp = PanguProMoESparseMoeBlock(
[1;36m(EngineCore_DP0 pid=2016656)[0;0m                ^^^^^^^^^^^^^^^^^^^^^^^^^^
[1;36m(EngineCore_DP0 pid=2016656)[0;0m   File "/workspace/cann-recipes-train/llm_rl/qwen3/vllm_ascend/torchair/models/torchair_pangu_moe.py", line 474, in __init__
[1;36m(EngineCore_DP0 pid=2016656)[0;0m     self.shared_expert = PanguProMoEMLP(
[1;36m(EngineCore_DP0 pid=2016656)[0;0m                          ^^^^^^^^^^^^^^^
[1;36m(EngineCore_DP0 pid=2016656)[0;0m   File "/workspace/cann-recipes-train/llm_rl/qwen3/vllm_ascend/torchair/models/torchair_pangu_moe.py", line 297, in __init__
[1;36m(EngineCore_DP0 pid=2016656)[0;0m     self.gate_up_proj = MergedColumnParallelLinear(
[1;36m(EngineCore_DP0 pid=2016656)[0;0m                         ^^^^^^^^^^^^^^^^^^^^^^^^^^^
[1;36m(EngineCore_DP0 pid=2016656)[0;0m   File "/workspace/cann-recipes-train/llm_rl/qwen3/vllm_ascend/ops/linear.py", line 182, in __init__
[1;36m(EngineCore_DP0 pid=2016656)[0;0m     AscendColumnParallelLinear.__init__(self,
[1;36m(EngineCore_DP0 pid=2016656)[0;0m   File "/workspace/cann-recipes-train/llm_rl/qwen3/vllm_ascend/ops/linear.py", line 336, in __init__
[1;36m(EngineCore_DP0 pid=2016656)[0;0m     self.quant_method.create_weights(
[1;36m(EngineCore_DP0 pid=2016656)[0;0m   File "/workspace/cann-recipes-train/llm_rl/qwen3/vllm_ascend/patch/worker/patch_common/patch_weight_loader.py", line 21, in create_weights
[1;36m(EngineCore_DP0 pid=2016656)[0;0m     weight = Parameter(torch.empty(sum(output_partition_sizes),
[1;36m(EngineCore_DP0 pid=2016656)[0;0m                        ^^^^^^^^^^^^^^^^^^^^^^^^^^^^^^^^^^^^^^^^
[1;36m(EngineCore_DP0 pid=2016656)[0;0m   File "/usr/local/python3.11.13/lib/python3.11/site-packages/torch/utils/_device.py", line 104, in __torch_function__
[1;36m(EngineCore_DP0 pid=2016656)[0;0m     return func(*args, **kwargs)
[1;36m(EngineCore_DP0 pid=2016656)[0;0m            ^^^^^^^^^^^^^^^^^^^^^
[1;36m(EngineCore_DP0 pid=2016656)[0;0m RuntimeError: NPU out of memory. Tried to allocate 106.00 MiB (NPU 0; 61.28 GiB total capacity; 42.33 GiB already allocated; 42.33 GiB current active; 110.06 MiB free; 42.34 GiB reserved in total by PyTorch) If reserved memory is >> allocated memory try setting max_split_size_mb to avoid fragmentation.
[1;36m(EngineCore_DP0 pid=2016670)[0;0m Process EngineCore_DP0:
[1;36m(EngineCore_DP0 pid=2016670)[0;0m Traceback (most recent call last):
[1;36m(EngineCore_DP0 pid=2016670)[0;0m   File "/usr/local/python3.11.13/lib/python3.11/multiprocessing/process.py", line 314, in _bootstrap
[1;36m(EngineCore_DP0 pid=2016670)[0;0m     self.run()
[1;36m(EngineCore_DP0 pid=2016670)[0;0m   File "/usr/local/python3.11.13/lib/python3.11/multiprocessing/process.py", line 108, in run
[1;36m(EngineCore_DP0 pid=2016670)[0;0m     self._target(*self._args, **self._kwargs)
[1;36m(EngineCore_DP0 pid=2016670)[0;0m   File "/workspace/cann-recipes-train/llm_rl/qwen3/vllm/v1/engine/core.py", line 745, in run_engine_core
[1;36m(EngineCore_DP0 pid=2016670)[0;0m     raise e
[1;36m(EngineCore_DP0 pid=2016670)[0;0m   File "/workspace/cann-recipes-train/llm_rl/qwen3/vllm/v1/engine/core.py", line 732, in run_engine_core
[1;36m(EngineCore_DP0 pid=2016670)[0;0m     engine_core = EngineCoreProc(*args, **kwargs)
[1;36m(EngineCore_DP0 pid=2016670)[0;0m                   ^^^^^^^^^^^^^^^^^^^^^^^^^^^^^^^
[1;36m(EngineCore_DP0 pid=2016670)[0;0m   File "/workspace/cann-recipes-train/llm_rl/qwen3/vllm/v1/engine/core.py", line 521, in __init__
[1;36m(EngineCore_DP0 pid=2016670)[0;0m     super().__init__(vllm_config, executor_class, log_stats,
[1;36m(EngineCore_DP0 pid=2016670)[0;0m   File "/workspace/cann-recipes-train/llm_rl/qwen3/vllm/v1/engine/core.py", line 90, in __init__
[1;36m(EngineCore_DP0 pid=2016670)[0;0m     self.model_executor = executor_class(vllm_config)
[1;36m(EngineCore_DP0 pid=2016670)[0;0m                           ^^^^^^^^^^^^^^^^^^^^^^^^^^^
[1;36m(EngineCore_DP0 pid=2016670)[0;0m   File "/workspace/cann-recipes-train/llm_rl/qwen3/vllm/executor/executor_base.py", line 54, in __init__
[1;36m(EngineCore_DP0 pid=2016670)[0;0m     self._init_executor()
[1;36m(EngineCore_DP0 pid=2016670)[0;0m   File "/workspace/cann-recipes-train/llm_rl/qwen3/vllm/executor/uniproc_executor.py", line 55, in _init_executor
[1;36m(EngineCore_DP0 pid=2016670)[0;0m     self.collective_rpc("load_model")
[1;36m(EngineCore_DP0 pid=2016670)[0;0m   File "/workspace/cann-recipes-train/llm_rl/qwen3/vllm/executor/uniproc_executor.py", line 83, in collective_rpc
[1;36m(EngineCore_DP0 pid=2016670)[0;0m     return [run_method(self.driver_worker, method, args, kwargs)]
[1;36m(EngineCore_DP0 pid=2016670)[0;0m             ^^^^^^^^^^^^^^^^^^^^^^^^^^^^^^^^^^^^^^^^^^^^^^^^^^^^
[1;36m(EngineCore_DP0 pid=2016670)[0;0m   File "/workspace/cann-recipes-train/llm_rl/qwen3/vllm/utils/__init__.py", line 3122, in run_method
[1;36m(EngineCore_DP0 pid=2016670)[0;0m     return func(*args, **kwargs)
[1;36m(EngineCore_DP0 pid=2016670)[0;0m            ^^^^^^^^^^^^^^^^^^^^^
[1;36m(EngineCore_DP0 pid=2016670)[0;0m   File "/workspace/cann-recipes-train/llm_rl/qwen3/vllm_ascend/worker/worker_v1.py", line 840, in load_model
[1;36m(EngineCore_DP0 pid=2016670)[0;0m     self.model_runner.load_model()
[1;36m(EngineCore_DP0 pid=2016670)[0;0m   File "/workspace/cann-recipes-train/llm_rl/qwen3/vllm_ascend/worker/model_runner_v1.py", line 3090, in load_model
[1;36m(EngineCore_DP0 pid=2016670)[0;0m     self.model = get_model(vllm_config=self.vllm_config)
[1;36m(EngineCore_DP0 pid=2016670)[0;0m                  ^^^^^^^^^^^^^^^^^^^^^^^^^^^^^^^^^^^^^^^
[1;36m(EngineCore_DP0 pid=2016670)[0;0m   File "/workspace/cann-recipes-train/llm_rl/qwen3/vllm/model_executor/model_loader/__init__.py", line 119, in get_model
[1;36m(EngineCore_DP0 pid=2016670)[0;0m     return loader.load_model(vllm_config=vllm_config,
[1;36m(EngineCore_DP0 pid=2016670)[0;0m            ^^^^^^^^^^^^^^^^^^^^^^^^^^^^^^^^^^^^^^^^^^
[1;36m(EngineCore_DP0 pid=2016670)[0;0m   File "/workspace/cann-recipes-train/llm_rl/qwen3/vllm/model_executor/model_loader/base_loader.py", line 45, in load_model
[1;36m(EngineCore_DP0 pid=2016670)[0;0m     model = initialize_model(vllm_config=vllm_config,
[1;36m(EngineCore_DP0 pid=2016670)[0;0m             ^^^^^^^^^^^^^^^^^^^^^^^^^^^^^^^^^^^^^^^^^
[1;36m(EngineCore_DP0 pid=2016670)[0;0m   File "/workspace/cann-recipes-train/llm_rl/qwen3/vllm/model_executor/model_loader/utils.py", line 84, in initialize_model
[1;36m(EngineCore_DP0 pid=2016670)[0;0m     return model_class(vllm_config=vllm_config, prefix=prefix)
[1;36m(EngineCore_DP0 pid=2016670)[0;0m            ^^^^^^^^^^^^^^^^^^^^^^^^^^^^^^^^^^^^^^^^^^^^^^^^^^^
[1;36m(EngineCore_DP0 pid=2016670)[0;0m   File "/workspace/cann-recipes-train/llm_rl/qwen3/vllm_ascend/torchair/models/torchair_pangu_moe.py", line 904, in __init__
[1;36m(EngineCore_DP0 pid=2016670)[0;0m     self.model = PanguProMoEModel(vllm_config=vllm_config,
[1;36m(EngineCore_DP0 pid=2016670)[0;0m                  ^^^^^^^^^^^^^^^^^^^^^^^^^^^^^^^^^^^^^^^^^
[1;36m(EngineCore_DP0 pid=2016670)[0;0m   File "/workspace/cann-recipes-train/llm_rl/qwen3/vllm/compilation/decorators.py", line 201, in __init__
[1;36m(EngineCore_DP0 pid=2016670)[0;0m     old_init(self, vllm_config=vllm_config, prefix=prefix, **kwargs)
[1;36m(EngineCore_DP0 pid=2016670)[0;0m   File "/workspace/cann-recipes-train/llm_rl/qwen3/vllm_ascend/torchair/models/torchair_pangu_moe.py", line 798, in __init__
[1;36m(EngineCore_DP0 pid=2016670)[0;0m     self.start_layer, self.end_layer, self.layers = make_layers(
[1;36m(EngineCore_DP0 pid=2016670)[0;0m                                                     ^^^^^^^^^^^^
[1;36m(EngineCore_DP0 pid=2016670)[0;0m   File "/workspace/cann-recipes-train/llm_rl/qwen3/vllm/model_executor/models/utils.py", line 629, in make_layers
[1;36m(EngineCore_DP0 pid=2016670)[0;0m     [PPMissingLayer() for _ in range(start_layer)] + [
[1;36m(EngineCore_DP0 pid=2016670)[0;0m                                                      ^
[1;36m(EngineCore_DP0 pid=2016670)[0;0m   File "/workspace/cann-recipes-train/llm_rl/qwen3/vllm/model_executor/models/utils.py", line 630, in <listcomp>
[1;36m(EngineCore_DP0 pid=2016670)[0;0m     maybe_offload_to_cpu(layer_fn(prefix=f"{prefix}.{idx}"))
[1;36m(EngineCore_DP0 pid=2016670)[0;0m                          ^^^^^^^^^^^^^^^^^^^^^^^^^^^^^^^^^^
[1;36m(EngineCore_DP0 pid=2016670)[0;0m   File "/workspace/cann-recipes-train/llm_rl/qwen3/vllm_ascend/torchair/models/torchair_pangu_moe.py", line 800, in <lambda>
[1;36m(EngineCore_DP0 pid=2016670)[0;0m     lambda prefix: PanguProMoEDecoderLayer(config=config,
[1;36m(EngineCore_DP0 pid=2016670)[0;0m                    ^^^^^^^^^^^^^^^^^^^^^^^^^^^^^^^^^^^^^^
[1;36m(EngineCore_DP0 pid=2016670)[0;0m   File "/workspace/cann-recipes-train/llm_rl/qwen3/vllm_ascend/torchair/models/torchair_pangu_moe.py", line 677, in __init__
[1;36m(EngineCore_DP0 pid=2016670)[0;0m     self.mlp = PanguProMoESparseMoeBlock(
[1;36m(EngineCore_DP0 pid=2016670)[0;0m                ^^^^^^^^^^^^^^^^^^^^^^^^^^
[1;36m(EngineCore_DP0 pid=2016670)[0;0m   File "/workspace/cann-recipes-train/llm_rl/qwen3/vllm_ascend/torchair/models/torchair_pangu_moe.py", line 453, in __init__
[1;36m(EngineCore_DP0 pid=2016670)[0;0m     self.experts = FusedMoE(
[1;36m(EngineCore_DP0 pid=2016670)[0;0m                    ^^^^^^^^^
[1;36m(EngineCore_DP0 pid=2016670)[0;0m   File "/workspace/cann-recipes-train/llm_rl/qwen3/vllm_ascend/ops/common_fused_moe.py", line 139, in __init__
[1;36m(EngineCore_DP0 pid=2016670)[0;0m     super().__init__(*args, **kwargs)
[1;36m(EngineCore_DP0 pid=2016670)[0;0m   File "/workspace/cann-recipes-train/llm_rl/qwen3/vllm/model_executor/layers/fused_moe/layer.py", line 1359, in __init__
[1;36m(EngineCore_DP0 pid=2016670)[0;0m     self.quant_method.create_weights(layer=self, **moe_quant_params)
[1;36m(EngineCore_DP0 pid=2016670)[0;0m   File "/workspace/cann-recipes-train/llm_rl/qwen3/vllm/model_executor/layers/fused_moe/layer.py", line 387, in create_weights
[1;36m(EngineCore_DP0 pid=2016670)[0;0m     w2_weight = torch.nn.Parameter(torch.empty(
[1;36m(EngineCore_DP0 pid=2016670)[0;0m                                    ^^^^^^^^^^^^
[1;36m(EngineCore_DP0 pid=2016670)[0;0m   File "/usr/local/python3.11.13/lib/python3.11/site-packages/torch/utils/_device.py", line 104, in __torch_function__
[1;36m(EngineCore_DP0 pid=2016670)[0;0m     return func(*args, **kwargs)
[1;36m(EngineCore_DP0 pid=2016670)[0;0m            ^^^^^^^^^^^^^^^^^^^^^
[1;36m(EngineCore_DP0 pid=2016670)[0;0m RuntimeError: NPU out of memory. Tried to allocate 842.00 MiB (NPU 0; 61.27 GiB total capacity; 41.51 GiB already allocated; 41.51 GiB current active; 691.69 MiB free; 41.52 GiB reserved in total by PyTorch) If reserved memory is >> allocated memory try setting max_split_size_mb to avoid fragmentation.
[1;36m(EngineCore_DP0 pid=2016660)[0;0m Process EngineCore_DP0:
[1;36m(EngineCore_DP0 pid=2016660)[0;0m Traceback (most recent call last):
[1;36m(EngineCore_DP0 pid=2016660)[0;0m   File "/usr/local/python3.11.13/lib/python3.11/multiprocessing/process.py", line 314, in _bootstrap
[1;36m(EngineCore_DP0 pid=2016660)[0;0m     self.run()
[1;36m(EngineCore_DP0 pid=2016660)[0;0m   File "/usr/local/python3.11.13/lib/python3.11/multiprocessing/process.py", line 108, in run
[1;36m(EngineCore_DP0 pid=2016660)[0;0m     self._target(*self._args, **self._kwargs)
[1;36m(EngineCore_DP0 pid=2016660)[0;0m   File "/workspace/cann-recipes-train/llm_rl/qwen3/vllm/v1/engine/core.py", line 745, in run_engine_core
[1;36m(EngineCore_DP0 pid=2016660)[0;0m     raise e
[1;36m(EngineCore_DP0 pid=2016660)[0;0m   File "/workspace/cann-recipes-train/llm_rl/qwen3/vllm/v1/engine/core.py", line 732, in run_engine_core
[1;36m(EngineCore_DP0 pid=2016660)[0;0m     engine_core = EngineCoreProc(*args, **kwargs)
[1;36m(EngineCore_DP0 pid=2016660)[0;0m                   ^^^^^^^^^^^^^^^^^^^^^^^^^^^^^^^
[1;36m(EngineCore_DP0 pid=2016660)[0;0m   File "/workspace/cann-recipes-train/llm_rl/qwen3/vllm/v1/engine/core.py", line 521, in __init__
[1;36m(EngineCore_DP0 pid=2016660)[0;0m     super().__init__(vllm_config, executor_class, log_stats,
[1;36m(EngineCore_DP0 pid=2016660)[0;0m   File "/workspace/cann-recipes-train/llm_rl/qwen3/vllm/v1/engine/core.py", line 90, in __init__
[1;36m(EngineCore_DP0 pid=2016660)[0;0m     self.model_executor = executor_class(vllm_config)
[1;36m(EngineCore_DP0 pid=2016660)[0;0m                           ^^^^^^^^^^^^^^^^^^^^^^^^^^^
[1;36m(EngineCore_DP0 pid=2016660)[0;0m   File "/workspace/cann-recipes-train/llm_rl/qwen3/vllm/executor/executor_base.py", line 54, in __init__
[1;36m(EngineCore_DP0 pid=2016660)[0;0m     self._init_executor()
[1;36m(EngineCore_DP0 pid=2016660)[0;0m   File "/workspace/cann-recipes-train/llm_rl/qwen3/vllm/executor/uniproc_executor.py", line 55, in _init_executor
[1;36m(EngineCore_DP0 pid=2016660)[0;0m     self.collective_rpc("load_model")
[1;36m(EngineCore_DP0 pid=2016660)[0;0m   File "/workspace/cann-recipes-train/llm_rl/qwen3/vllm/executor/uniproc_executor.py", line 83, in collective_rpc
[1;36m(EngineCore_DP0 pid=2016660)[0;0m     return [run_method(self.driver_worker, method, args, kwargs)]
[1;36m(EngineCore_DP0 pid=2016660)[0;0m             ^^^^^^^^^^^^^^^^^^^^^^^^^^^^^^^^^^^^^^^^^^^^^^^^^^^^
[1;36m(EngineCore_DP0 pid=2016660)[0;0m   File "/workspace/cann-recipes-train/llm_rl/qwen3/vllm/utils/__init__.py", line 3122, in run_method
[1;36m(EngineCore_DP0 pid=2016660)[0;0m     return func(*args, **kwargs)
[1;36m(EngineCore_DP0 pid=2016660)[0;0m            ^^^^^^^^^^^^^^^^^^^^^
[1;36m(EngineCore_DP0 pid=2016660)[0;0m   File "/workspace/cann-recipes-train/llm_rl/qwen3/vllm_ascend/worker/worker_v1.py", line 840, in load_model
[1;36m(EngineCore_DP0 pid=2016660)[0;0m     self.model_runner.load_model()
[1;36m(EngineCore_DP0 pid=2016660)[0;0m   File "/workspace/cann-recipes-train/llm_rl/qwen3/vllm_ascend/worker/model_runner_v1.py", line 3090, in load_model
[1;36m(EngineCore_DP0 pid=2016660)[0;0m     self.model = get_model(vllm_config=self.vllm_config)
[1;36m(EngineCore_DP0 pid=2016660)[0;0m                  ^^^^^^^^^^^^^^^^^^^^^^^^^^^^^^^^^^^^^^^
[1;36m(EngineCore_DP0 pid=2016660)[0;0m   File "/workspace/cann-recipes-train/llm_rl/qwen3/vllm/model_executor/model_loader/__init__.py", line 119, in get_model
[1;36m(EngineCore_DP0 pid=2016660)[0;0m     return loader.load_model(vllm_config=vllm_config,
[1;36m(EngineCore_DP0 pid=2016660)[0;0m            ^^^^^^^^^^^^^^^^^^^^^^^^^^^^^^^^^^^^^^^^^^
[1;36m(EngineCore_DP0 pid=2016660)[0;0m   File "/workspace/cann-recipes-train/llm_rl/qwen3/vllm/model_executor/model_loader/base_loader.py", line 45, in load_model
[1;36m(EngineCore_DP0 pid=2016660)[0;0m     model = initialize_model(vllm_config=vllm_config,
[1;36m(EngineCore_DP0 pid=2016660)[0;0m             ^^^^^^^^^^^^^^^^^^^^^^^^^^^^^^^^^^^^^^^^^
[1;36m(EngineCore_DP0 pid=2016660)[0;0m   File "/workspace/cann-recipes-train/llm_rl/qwen3/vllm/model_executor/model_loader/utils.py", line 84, in initialize_model
[1;36m(EngineCore_DP0 pid=2016660)[0;0m     return model_class(vllm_config=vllm_config, prefix=prefix)
[1;36m(EngineCore_DP0 pid=2016660)[0;0m            ^^^^^^^^^^^^^^^^^^^^^^^^^^^^^^^^^^^^^^^^^^^^^^^^^^^
[1;36m(EngineCore_DP0 pid=2016660)[0;0m   File "/workspace/cann-recipes-train/llm_rl/qwen3/vllm_ascend/torchair/models/torchair_pangu_moe.py", line 904, in __init__
[1;36m(EngineCore_DP0 pid=2016660)[0;0m     self.model = PanguProMoEModel(vllm_config=vllm_config,
[1;36m(EngineCore_DP0 pid=2016660)[0;0m                  ^^^^^^^^^^^^^^^^^^^^^^^^^^^^^^^^^^^^^^^^^
[1;36m(EngineCore_DP0 pid=2016660)[0;0m   File "/workspace/cann-recipes-train/llm_rl/qwen3/vllm/compilation/decorators.py", line 201, in __init__
[1;36m(EngineCore_DP0 pid=2016660)[0;0m     old_init(self, vllm_config=vllm_config, prefix=prefix, **kwargs)
[1;36m(EngineCore_DP0 pid=2016660)[0;0m   File "/workspace/cann-recipes-train/llm_rl/qwen3/vllm_ascend/torchair/models/torchair_pangu_moe.py", line 798, in __init__
[1;36m(EngineCore_DP0 pid=2016660)[0;0m     self.start_layer, self.end_layer, self.layers = make_layers(
[1;36m(EngineCore_DP0 pid=2016660)[0;0m                                                     ^^^^^^^^^^^^
[1;36m(EngineCore_DP0 pid=2016660)[0;0m   File "/workspace/cann-recipes-train/llm_rl/qwen3/vllm/model_executor/models/utils.py", line 629, in make_layers
[1;36m(EngineCore_DP0 pid=2016660)[0;0m     [PPMissingLayer() for _ in range(start_layer)] + [
[1;36m(EngineCore_DP0 pid=2016660)[0;0m                                                      ^
[1;36m(EngineCore_DP0 pid=2016660)[0;0m   File "/workspace/cann-recipes-train/llm_rl/qwen3/vllm/model_executor/models/utils.py", line 630, in <listcomp>
[1;36m(EngineCore_DP0 pid=2016660)[0;0m     maybe_offload_to_cpu(layer_fn(prefix=f"{prefix}.{idx}"))
[1;36m(EngineCore_DP0 pid=2016660)[0;0m                          ^^^^^^^^^^^^^^^^^^^^^^^^^^^^^^^^^^
[1;36m(EngineCore_DP0 pid=2016660)[0;0m   File "/workspace/cann-recipes-train/llm_rl/qwen3/vllm_ascend/torchair/models/torchair_pangu_moe.py", line 800, in <lambda>
[1;36m(EngineCore_DP0 pid=2016660)[0;0m     lambda prefix: PanguProMoEDecoderLayer(config=config,
[1;36m(EngineCore_DP0 pid=2016660)[0;0m                    ^^^^^^^^^^^^^^^^^^^^^^^^^^^^^^^^^^^^^^
[1;36m(EngineCore_DP0 pid=2016660)[0;0m   File "/workspace/cann-recipes-train/llm_rl/qwen3/vllm_ascend/torchair/models/torchair_pangu_moe.py", line 677, in __init__
[1;36m(EngineCore_DP0 pid=2016660)[0;0m     self.mlp = PanguProMoESparseMoeBlock(
[1;36m(EngineCore_DP0 pid=2016660)[0;0m                ^^^^^^^^^^^^^^^^^^^^^^^^^^
[1;36m(EngineCore_DP0 pid=2016660)[0;0m   File "/workspace/cann-recipes-train/llm_rl/qwen3/vllm_ascend/torchair/models/torchair_pangu_moe.py", line 453, in __init__
[1;36m(EngineCore_DP0 pid=2016660)[0;0m     self.experts = FusedMoE(
[1;36m(EngineCore_DP0 pid=2016660)[0;0m                    ^^^^^^^^^
[1;36m(EngineCore_DP0 pid=2016660)[0;0m   File "/workspace/cann-recipes-train/llm_rl/qwen3/vllm_ascend/ops/common_fused_moe.py", line 139, in __init__
[1;36m(EngineCore_DP0 pid=2016660)[0;0m     super().__init__(*args, **kwargs)
[1;36m(EngineCore_DP0 pid=2016660)[0;0m   File "/workspace/cann-recipes-train/llm_rl/qwen3/vllm/model_executor/layers/fused_moe/layer.py", line 1359, in __init__
[1;36m(EngineCore_DP0 pid=2016660)[0;0m     self.quant_method.create_weights(layer=self, **moe_quant_params)
[1;36m(EngineCore_DP0 pid=2016660)[0;0m   File "/workspace/cann-recipes-train/llm_rl/qwen3/vllm/model_executor/layers/fused_moe/layer.py", line 387, in create_weights
[1;36m(EngineCore_DP0 pid=2016660)[0;0m     w2_weight = torch.nn.Parameter(torch.empty(
[1;36m(EngineCore_DP0 pid=2016660)[0;0m                                    ^^^^^^^^^^^^
[1;36m(EngineCore_DP0 pid=2016660)[0;0m   File "/usr/local/python3.11.13/lib/python3.11/site-packages/torch/utils/_device.py", line 104, in __torch_function__
[1;36m(EngineCore_DP0 pid=2016660)[0;0m     return func(*args, **kwargs)
[1;36m(EngineCore_DP0 pid=2016660)[0;0m            ^^^^^^^^^^^^^^^^^^^^^
[1;36m(EngineCore_DP0 pid=2016660)[0;0m RuntimeError: NPU out of memory. Tried to allocate 842.00 MiB (NPU 0; 61.27 GiB total capacity; 41.51 GiB already allocated; 41.51 GiB current active; 664.68 MiB free; 41.52 GiB reserved in total by PyTorch) If reserved memory is >> allocated memory try setting max_split_size_mb to avoid fragmentation.
Traceback (most recent call last):
  File "/tmp/elastic_sidecar_infer.xFWw4n.py", line 874, in <module>
[1;36m(EngineCore_DP0 pid=2016724)[0;0m ERROR 05-19 15:32:28 [core.py:741] EngineCore failed to start.
[1;36m(EngineCore_DP0 pid=2016724)[0;0m ERROR 05-19 15:32:28 [core.py:741] Traceback (most recent call last):
[1;36m(EngineCore_DP0 pid=2016724)[0;0m ERROR 05-19 15:32:28 [core.py:741]   File "/workspace/cann-recipes-train/llm_rl/qwen3/vllm/v1/engine/core.py", line 732, in run_engine_core
[1;36m(EngineCore_DP0 pid=2016724)[0;0m ERROR 05-19 15:32:28 [core.py:741]     engine_core = EngineCoreProc(*args, **kwargs)
[1;36m(EngineCore_DP0 pid=2016724)[0;0m ERROR 05-19 15:32:28 [core.py:741]                   ^^^^^^^^^^^^^^^^^^^^^^^^^^^^^^^
[1;36m(EngineCore_DP0 pid=2016724)[0;0m ERROR 05-19 15:32:28 [core.py:741]   File "/workspace/cann-recipes-train/llm_rl/qwen3/vllm/v1/engine/core.py", line 521, in __init__
[1;36m(EngineCore_DP0 pid=2016724)[0;0m ERROR 05-19 15:32:28 [core.py:741]     super().__init__(vllm_config, executor_class, log_stats,
[1;36m(EngineCore_DP0 pid=2016724)[0;0m ERROR 05-19 15:32:28 [core.py:741]   File "/workspace/cann-recipes-train/llm_rl/qwen3/vllm/v1/engine/core.py", line 90, in __init__
[1;36m(EngineCore_DP0 pid=2016724)[0;0m ERROR 05-19 15:32:28 [core.py:741]     self.model_executor = executor_class(vllm_config)
[1;36m(EngineCore_DP0 pid=2016724)[0;0m ERROR 05-19 15:32:28 [core.py:741]                           ^^^^^^^^^^^^^^^^^^^^^^^^^^^
[1;36m(EngineCore_DP0 pid=2016724)[0;0m ERROR 05-19 15:32:28 [core.py:741]   File "/workspace/cann-recipes-train/llm_rl/qwen3/vllm/executor/executor_base.py", line 54, in __init__
[1;36m(EngineCore_DP0 pid=2016724)[0;0m ERROR 05-19 15:32:28 [core.py:741]     self._init_executor()
[1;36m(EngineCore_DP0 pid=2016724)[0;0m ERROR 05-19 15:32:28 [core.py:741]   File "/workspace/cann-recipes-train/llm_rl/qwen3/vllm/executor/uniproc_executor.py", line 55, in _init_executor
[1;36m(EngineCore_DP0 pid=2016724)[0;0m ERROR 05-19 15:32:28 [core.py:741]     self.collective_rpc("load_model")
[1;36m(EngineCore_DP0 pid=2016724)[0;0m ERROR 05-19 15:32:28 [core.py:741]   File "/workspace/cann-recipes-train/llm_rl/qwen3/vllm/executor/uniproc_executor.py", line 83, in collective_rpc
[1;36m(EngineCore_DP0 pid=2016724)[0;0m ERROR 05-19 15:32:28 [core.py:741]     return [run_method(self.driver_worker, method, args, kwargs)]
[1;36m(EngineCore_DP0 pid=2016724)[0;0m ERROR 05-19 15:32:28 [core.py:741]             ^^^^^^^^^^^^^^^^^^^^^^^^^^^^^^^^^^^^^^^^^^^^^^^^^^^^
[1;36m(EngineCore_DP0 pid=2016724)[0;0m ERROR 05-19 15:32:28 [core.py:741]   File "/workspace/cann-recipes-train/llm_rl/qwen3/vllm/utils/__init__.py", line 3122, in run_method
[1;36m(EngineCore_DP0 pid=2016724)[0;0m ERROR 05-19 15:32:28 [core.py:741]     return func(*args, **kwargs)
[1;36m(EngineCore_DP0 pid=2016724)[0;0m ERROR 05-19 15:32:28 [core.py:741]            ^^^^^^^^^^^^^^^^^^^^^
[1;36m(EngineCore_DP0 pid=2016724)[0;0m ERROR 05-19 15:32:28 [core.py:741]   File "/workspace/cann-recipes-train/llm_rl/qwen3/vllm_ascend/worker/worker_v1.py", line 840, in load_model
[1;36m(EngineCore_DP0 pid=2016724)[0;0m ERROR 05-19 15:32:28 [core.py:741]     self.model_runner.load_model()
[1;36m(EngineCore_DP0 pid=2016724)[0;0m ERROR 05-19 15:32:28 [core.py:741]   File "/workspace/cann-recipes-train/llm_rl/qwen3/vllm_ascend/worker/model_runner_v1.py", line 3090, in load_model
[1;36m(EngineCore_DP0 pid=2016724)[0;0m ERROR 05-19 15:32:28 [core.py:741]     self.model = get_model(vllm_config=self.vllm_config)
[1;36m(EngineCore_DP0 pid=2016724)[0;0m ERROR 05-19 15:32:28 [core.py:741]                  ^^^^^^^^^^^^^^^^^^^^^^^^^^^^^^^^^^^^^^^
[1;36m(EngineCore_DP0 pid=2016724)[0;0m ERROR 05-19 15:32:28 [core.py:741]   File "/workspace/cann-recipes-train/llm_rl/qwen3/vllm/model_executor/model_loader/__init__.py", line 119, in get_model
[1;36m(EngineCore_DP0 pid=2016724)[0;0m ERROR 05-19 15:32:28 [core.py:741]     return loader.load_model(vllm_config=vllm_config,
[1;36m(EngineCore_DP0 pid=2016724)[0;0m ERROR 05-19 15:32:28 [core.py:741]            ^^^^^^^^^^^^^^^^^^^^^^^^^^^^^^^^^^^^^^^^^^
[1;36m(EngineCore_DP0 pid=2016724)[0;0m ERROR 05-19 15:32:28 [core.py:741]   File "/workspace/cann-recipes-train/llm_rl/qwen3/vllm/model_executor/model_loader/base_loader.py", line 45, in load_model
[1;36m(EngineCore_DP0 pid=2016724)[0;0m ERROR 05-19 15:32:28 [core.py:741]     model = initialize_model(vllm_config=vllm_config,
[1;36m(EngineCore_DP0 pid=2016724)[0;0m ERROR 05-19 15:32:28 [core.py:741]             ^^^^^^^^^^^^^^^^^^^^^^^^^^^^^^^^^^^^^^^^^
[1;36m(EngineCore_DP0 pid=2016724)[0;0m ERROR 05-19 15:32:28 [core.py:741]   File "/workspace/cann-recipes-train/llm_rl/qwen3/vllm/model_executor/model_loader/utils.py", line 84, in initialize_model
[1;36m(EngineCore_DP0 pid=2016724)[0;0m ERROR 05-19 15:32:28 [core.py:741]     return model_class(vllm_config=vllm_config, prefix=prefix)
[1;36m(EngineCore_DP0 pid=2016724)[0;0m ERROR 05-19 15:32:28 [core.py:741]            ^^^^^^^^^^^^^^^^^^^^^^^^^^^^^^^^^^^^^^^^^^^^^^^^^^^
[1;36m(EngineCore_DP0 pid=2016724)[0;0m ERROR 05-19 15:32:28 [core.py:741]   File "/workspace/cann-recipes-train/llm_rl/qwen3/vllm_ascend/torchair/models/torchair_pangu_moe.py", line 904, in __init__
[1;36m(EngineCore_DP0 pid=2016724)[0;0m ERROR 05-19 15:32:28 [core.py:741]     self.model = PanguProMoEModel(vllm_config=vllm_config,
[1;36m(EngineCore_DP0 pid=2016724)[0;0m ERROR 05-19 15:32:28 [core.py:741]                  ^^^^^^^^^^^^^^^^^^^^^^^^^^^^^^^^^^^^^^^^^
[1;36m(EngineCore_DP0 pid=2016724)[0;0m ERROR 05-19 15:32:28 [core.py:741]   File "/workspace/cann-recipes-train/llm_rl/qwen3/vllm/compilation/decorators.py", line 201, in __init__
[1;36m(EngineCore_DP0 pid=2016724)[0;0m ERROR 05-19 15:32:28 [core.py:741]     old_init(self, vllm_config=vllm_config, prefix=prefix, **kwargs)
[1;36m(EngineCore_DP0 pid=2016724)[0;0m ERROR 05-19 15:32:28 [core.py:741]   File "/workspace/cann-recipes-train/llm_rl/qwen3/vllm_ascend/torchair/models/torchair_pangu_moe.py", line 798, in __init__
[1;36m(EngineCore_DP0 pid=2016724)[0;0m ERROR 05-19 15:32:28 [core.py:741]     self.start_layer, self.end_layer, self.layers = make_layers(
[1;36m(EngineCore_DP0 pid=2016724)[0;0m ERROR 05-19 15:32:28 [core.py:741]                                                     ^^^^^^^^^^^^
[1;36m(EngineCore_DP0 pid=2016724)[0;0m ERROR 05-19 15:32:28 [core.py:741]   File "/workspace/cann-recipes-train/llm_rl/qwen3/vllm/model_executor/models/utils.py", line 629, in make_layers
[1;36m(EngineCore_DP0 pid=2016724)[0;0m ERROR 05-19 15:32:28 [core.py:741]     [PPMissingLayer() for _ in range(start_layer)] + [
[1;36m(EngineCore_DP0 pid=2016724)[0;0m ERROR 05-19 15:32:28 [core.py:741]                                                      ^
[1;36m(EngineCore_DP0 pid=2016724)[0;0m ERROR 05-19 15:32:28 [core.py:741]   File "/workspace/cann-recipes-train/llm_rl/qwen3/vllm/model_executor/models/utils.py", line 630, in <listcomp>
[1;36m(EngineCore_DP0 pid=2016724)[0;0m ERROR 05-19 15:32:28 [core.py:741]     maybe_offload_to_cpu(layer_fn(prefix=f"{prefix}.{idx}"))
[1;36m(EngineCore_DP0 pid=2016724)[0;0m ERROR 05-19 15:32:28 [core.py:741]                          ^^^^^^^^^^^^^^^^^^^^^^^^^^^^^^^^^^
[1;36m(EngineCore_DP0 pid=2016724)[0;0m ERROR 05-19 15:32:28 [core.py:741]   File "/workspace/cann-recipes-train/llm_rl/qwen3/vllm_ascend/torchair/models/torchair_pangu_moe.py", line 800, in <lambda>
[1;36m(EngineCore_DP0 pid=2016724)[0;0m ERROR 05-19 15:32:28 [core.py:741]     lambda prefix: PanguProMoEDecoderLayer(config=config,
[1;36m(EngineCore_DP0 pid=2016724)[0;0m ERROR 05-19 15:32:28 [core.py:741]                    ^^^^^^^^^^^^^^^^^^^^^^^^^^^^^^^^^^^^^^
[1;36m(EngineCore_DP0 pid=2016724)[0;0m ERROR 05-19 15:32:28 [core.py:741]   File "/workspace/cann-recipes-train/llm_rl/qwen3/vllm_ascend/torchair/models/torchair_pangu_moe.py", line 677, in __init__
[1;36m(EngineCore_DP0 pid=2016724)[0;0m ERROR 05-19 15:32:28 [core.py:741]     self.mlp = PanguProMoESparseMoeBlock(
[1;36m(EngineCore_DP0 pid=2016724)[0;0m ERROR 05-19 15:32:28 [core.py:741]                ^^^^^^^^^^^^^^^^^^^^^^^^^^
[1;36m(EngineCore_DP0 pid=2016724)[0;0m ERROR 05-19 15:32:28 [core.py:741]   File "/workspace/cann-recipes-train/llm_rl/qwen3/vllm_ascend/torchair/models/torchair_pangu_moe.py", line 474, in __init__
[1;36m(EngineCore_DP0 pid=2016724)[0;0m ERROR 05-19 15:32:28 [core.py:741]     self.shared_expert = PanguProMoEMLP(
[1;36m(EngineCore_DP0 pid=2016724)[0;0m ERROR 05-19 15:32:28 [core.py:741]                          ^^^^^^^^^^^^^^^
[1;36m(EngineCore_DP0 pid=2016724)[0;0m ERROR 05-19 15:32:28 [core.py:741]   File "/workspace/cann-recipes-train/llm_rl/qwen3/vllm_ascend/torchair/models/torchair_pangu_moe.py", line 297, in __init__
[1;36m(EngineCore_DP0 pid=2016724)[0;0m ERROR 05-19 15:32:28 [core.py:741]     self.gate_up_proj = MergedColumnParallelLinear(
[1;36m(EngineCore_DP0 pid=2016724)[0;0m ERROR 05-19 15:32:28 [core.py:741]                         ^^^^^^^^^^^^^^^^^^^^^^^^^^^
[1;36m(EngineCore_DP0 pid=2016724)[0;0m ERROR 05-19 15:32:28 [core.py:741]   File "/workspace/cann-recipes-train/llm_rl/qwen3/vllm_ascend/ops/linear.py", line 182, in __init__
[1;36m(EngineCore_DP0 pid=2016724)[0;0m ERROR 05-19 15:32:28 [core.py:741]     AscendColumnParallelLinear.__init__(self,
[1;36m(EngineCore_DP0 pid=2016724)[0;0m ERROR 05-19 15:32:28 [core.py:741]   File "/workspace/cann-recipes-train/llm_rl/qwen3/vllm_ascend/ops/linear.py", line 336, in __init__
[1;36m(EngineCore_DP0 pid=2016724)[0;0m ERROR 05-19 15:32:28 [core.py:741]     self.quant_method.create_weights(
[1;36m(EngineCore_DP0 pid=2016724)[0;0m ERROR 05-19 15:32:28 [core.py:741]   File "/workspace/cann-recipes-train/llm_rl/qwen3/vllm_ascend/patch/worker/patch_common/patch_weight_loader.py", line 21, in create_weights
[1;36m(EngineCore_DP0 pid=2016724)[0;0m ERROR 05-19 15:32:28 [core.py:741]     weight = Parameter(torch.empty(sum(output_partition_sizes),
[1;36m(EngineCore_DP0 pid=2016724)[0;0m ERROR 05-19 15:32:28 [core.py:741]                        ^^^^^^^^^^^^^^^^^^^^^^^^^^^^^^^^^^^^^^^^
[1;36m(EngineCore_DP0 pid=2016724)[0;0m ERROR 05-19 15:32:28 [core.py:741]   File "/usr/local/python3.11.13/lib/python3.11/site-packages/torch/utils/_device.py", line 104, in __torch_function__
[1;36m(EngineCore_DP0 pid=2016724)[0;0m ERROR 05-19 15:32:28 [core.py:741]     return func(*args, **kwargs)
[1;36m(EngineCore_DP0 pid=2016724)[0;0m ERROR 05-19 15:32:28 [core.py:741]            ^^^^^^^^^^^^^^^^^^^^^
[1;36m(EngineCore_DP0 pid=2016724)[0;0m ERROR 05-19 15:32:28 [core.py:741] RuntimeError: NPU out of memory. Tried to allocate 106.00 MiB (NPU 0; 61.28 GiB total capacity; 42.33 GiB already allocated; 42.33 GiB current active; 116.45 MiB free; 42.34 GiB reserved in total by PyTorch) If reserved memory is >> allocated memory try setting max_split_size_mb to avoid fragmentation.
    llm = LLM(**engine_kwargs)
          ^^^^^^^^^^^^^^^^^^^^
  File "/workspace/cann-recipes-train/llm_rl/qwen3/vllm/entrypoints/llm.py", line 304, in __init__
    self.llm_engine = LLMEngine.from_engine_args(
                      ^^^^^^^^^^^^^^^^^^^^^^^^^^^
  File "/workspace/cann-recipes-train/llm_rl/qwen3/vllm/v1/engine/llm_engine.py", line 238, in from_engine_args
    return cls(vllm_config=vllm_config,
           ^^^^^^^^^^^^^^^^^^^^^^^^^^^^
  File "/workspace/cann-recipes-train/llm_rl/qwen3/vllm/v1/engine/llm_engine.py", line 120, in __init__
    self.engine_core = EngineCoreClient.make_client(
                       ^^^^^^^^^^^^^^^^^^^^^^^^^^^^^
  File "/workspace/cann-recipes-train/llm_rl/qwen3/vllm/v1/engine/core_client.py", line 80, in make_client
    return SyncMPClient(vllm_config, executor_class, log_stats)
           ^^^^^^^^^^^^^^^^^^^^^^^^^^^^^^^^^^^^^^^^^^^^^^^^^^^^
  File "/workspace/cann-recipes-train/llm_rl/qwen3/vllm/v1/engine/core_client.py", line 604, in __init__
    super().__init__(
  File "/workspace/cann-recipes-train/llm_rl/qwen3/vllm/v1/engine/core_client.py", line 450, in __init__
    with launch_core_engines(vllm_config, executor_class,
  File "/usr/local/python3.11.13/lib/python3.11/contextlib.py", line 144, in __exit__
    next(self.gen)
  File "/workspace/cann-recipes-train/llm_rl/qwen3/vllm/v1/engine/utils.py", line 732, in launch_core_engines
    wait_for_engine_startup(
  File "/workspace/cann-recipes-train/llm_rl/qwen3/vllm/v1/engine/utils.py", line 785, in wait_for_engine_startup
    raise RuntimeError("Engine core initialization failed. "
RuntimeError: Engine core initialization failed. See root cause above. Failed core proc(s): {}
[ERROR] 2026-05-19-15:32:28 (PID:2013821, Device:-1, RankID:-1) ERR99999 UNKNOWN applicaiton exception
Traceback (most recent call last):
  File "/tmp/elastic_sidecar_infer.xFWw4n.py", line 874, in <module>
    llm = LLM(**engine_kwargs)
          ^^^^^^^^^^^^^^^^^^^^
  File "/workspace/cann-recipes-train/llm_rl/qwen3/vllm/entrypoints/llm.py", line 304, in __init__
    self.llm_engine = LLMEngine.from_engine_args(
                      ^^^^^^^^^^^^^^^^^^^^^^^^^^^
  File "/workspace/cann-recipes-train/llm_rl/qwen3/vllm/v1/engine/llm_engine.py", line 238, in from_engine_args
    return cls(vllm_config=vllm_config,
           ^^^^^^^^^^^^^^^^^^^^^^^^^^^^
  File "/workspace/cann-recipes-train/llm_rl/qwen3/vllm/v1/engine/llm_engine.py", line 120, in __init__
    self.engine_core = EngineCoreClient.make_client(
                       ^^^^^^^^^^^^^^^^^^^^^^^^^^^^^
  File "/workspace/cann-recipes-train/llm_rl/qwen3/vllm/v1/engine/core_client.py", line 80, in make_client
    return SyncMPClient(vllm_config, executor_class, log_stats)
           ^^^^^^^^^^^^^^^^^^^^^^^^^^^^^^^^^^^^^^^^^^^^^^^^^^^^
  File "/workspace/cann-recipes-train/llm_rl/qwen3/vllm/v1/engine/core_client.py", line 604, in __init__
    super().__init__(
  File "/workspace/cann-recipes-train/llm_rl/qwen3/vllm/v1/engine/core_client.py", line 450, in __init__
    with launch_core_engines(vllm_config, executor_class,
  File "/usr/local/python3.11.13/lib/python3.11/contextlib.py", line 144, in __exit__
    next(self.gen)
  File "/workspace/cann-recipes-train/llm_rl/qwen3/vllm/v1/engine/utils.py", line 732, in launch_core_engines
    wait_for_engine_startup(
  File "/workspace/cann-recipes-train/llm_rl/qwen3/vllm/v1/engine/utils.py", line 785, in wait_for_engine_startup
    raise RuntimeError("Engine core initialization failed. "
RuntimeError: Engine core initialization failed. See root cause above. Failed core proc(s): {}
[ERROR] 2026-05-19-15:32:28 (PID:2013828, Device:-1, RankID:-1) ERR99999 UNKNOWN applicaiton exception
Traceback (most recent call last):
  File "/tmp/elastic_sidecar_infer.xFWw4n.py", line 874, in <module>
    llm = LLM(**engine_kwargs)
          ^^^^^^^^^^^^^^^^^^^^
  File "/workspace/cann-recipes-train/llm_rl/qwen3/vllm/entrypoints/llm.py", line 304, in __init__
    self.llm_engine = LLMEngine.from_engine_args(
                      ^^^^^^^^^^^^^^^^^^^^^^^^^^^
  File "/workspace/cann-recipes-train/llm_rl/qwen3/vllm/v1/engine/llm_engine.py", line 238, in from_engine_args
    return cls(vllm_config=vllm_config,
           ^^^^^^^^^^^^^^^^^^^^^^^^^^^^
  File "/workspace/cann-recipes-train/llm_rl/qwen3/vllm/v1/engine/llm_engine.py", line 120, in __init__
    self.engine_core = EngineCoreClient.make_client(
                       ^^^^^^^^^^^^^^^^^^^^^^^^^^^^^
  File "/workspace/cann-recipes-train/llm_rl/qwen3/vllm/v1/engine/core_client.py", line 80, in make_client
    return SyncMPClient(vllm_config, executor_class, log_stats)
           ^^^^^^^^^^^^^^^^^^^^^^^^^^^^^^^^^^^^^^^^^^^^^^^^^^^^
  File "/workspace/cann-recipes-train/llm_rl/qwen3/vllm/v1/engine/core_client.py", line 604, in __init__
    super().__init__(
  File "/workspace/cann-recipes-train/llm_rl/qwen3/vllm/v1/engine/core_client.py", line 450, in __init__
    with launch_core_engines(vllm_config, executor_class,
  File "/usr/local/python3.11.13/lib/python3.11/contextlib.py", line 144, in __exit__
    next(self.gen)
  File "/workspace/cann-recipes-train/llm_rl/qwen3/vllm/v1/engine/utils.py", line 732, in launch_core_engines
    wait_for_engine_startup(
  File "/workspace/cann-recipes-train/llm_rl/qwen3/vllm/v1/engine/utils.py", line 785, in wait_for_engine_startup
    raise RuntimeError("Engine core initialization failed. "
RuntimeError: Engine core initialization failed. See root cause above. Failed core proc(s): {}
[ERROR] 2026-05-19-15:32:28 (PID:2013849, Device:-1, RankID:-1) ERR99999 UNKNOWN applicaiton exception
[1;36m(EngineCore_DP0 pid=2016711)[0;0m ERROR 05-19 15:32:29 [core.py:741] EngineCore failed to start.
[1;36m(EngineCore_DP0 pid=2016711)[0;0m ERROR 05-19 15:32:29 [core.py:741] Traceback (most recent call last):
[1;36m(EngineCore_DP0 pid=2016711)[0;0m ERROR 05-19 15:32:29 [core.py:741]   File "/workspace/cann-recipes-train/llm_rl/qwen3/vllm/v1/engine/core.py", line 732, in run_engine_core
[1;36m(EngineCore_DP0 pid=2016711)[0;0m ERROR 05-19 15:32:29 [core.py:741]     engine_core = EngineCoreProc(*args, **kwargs)
[1;36m(EngineCore_DP0 pid=2016711)[0;0m ERROR 05-19 15:32:29 [core.py:741]                   ^^^^^^^^^^^^^^^^^^^^^^^^^^^^^^^
[1;36m(EngineCore_DP0 pid=2016711)[0;0m ERROR 05-19 15:32:29 [core.py:741]   File "/workspace/cann-recipes-train/llm_rl/qwen3/vllm/v1/engine/core.py", line 521, in __init__
[1;36m(EngineCore_DP0 pid=2016711)[0;0m ERROR 05-19 15:32:29 [core.py:741]     super().__init__(vllm_config, executor_class, log_stats,
[1;36m(EngineCore_DP0 pid=2016711)[0;0m ERROR 05-19 15:32:29 [core.py:741]   File "/workspace/cann-recipes-train/llm_rl/qwen3/vllm/v1/engine/core.py", line 90, in __init__
[1;36m(EngineCore_DP0 pid=2016711)[0;0m ERROR 05-19 15:32:29 [core.py:741]     self.model_executor = executor_class(vllm_config)
[1;36m(EngineCore_DP0 pid=2016711)[0;0m ERROR 05-19 15:32:29 [core.py:741]                           ^^^^^^^^^^^^^^^^^^^^^^^^^^^
[1;36m(EngineCore_DP0 pid=2016711)[0;0m ERROR 05-19 15:32:29 [core.py:741]   File "/workspace/cann-recipes-train/llm_rl/qwen3/vllm/executor/executor_base.py", line 54, in __init__
[1;36m(EngineCore_DP0 pid=2016711)[0;0m ERROR 05-19 15:32:29 [core.py:741]     self._init_executor()
[1;36m(EngineCore_DP0 pid=2016711)[0;0m ERROR 05-19 15:32:29 [core.py:741]   File "/workspace/cann-recipes-train/llm_rl/qwen3/vllm/executor/uniproc_executor.py", line 55, in _init_executor
[1;36m(EngineCore_DP0 pid=2016711)[0;0m ERROR 05-19 15:32:29 [core.py:741]     self.collective_rpc("load_model")
[1;36m(EngineCore_DP0 pid=2016711)[0;0m ERROR 05-19 15:32:29 [core.py:741]   File "/workspace/cann-recipes-train/llm_rl/qwen3/vllm/executor/uniproc_executor.py", line 83, in collective_rpc
[1;36m(EngineCore_DP0 pid=2016711)[0;0m ERROR 05-19 15:32:29 [core.py:741]     return [run_method(self.driver_worker, method, args, kwargs)]
[1;36m(EngineCore_DP0 pid=2016711)[0;0m ERROR 05-19 15:32:29 [core.py:741]             ^^^^^^^^^^^^^^^^^^^^^^^^^^^^^^^^^^^^^^^^^^^^^^^^^^^^
[1;36m(EngineCore_DP0 pid=2016711)[0;0m ERROR 05-19 15:32:29 [core.py:741]   File "/workspace/cann-recipes-train/llm_rl/qwen3/vllm/utils/__init__.py", line 3122, in run_method
[1;36m(EngineCore_DP0 pid=2016711)[0;0m ERROR 05-19 15:32:29 [core.py:741]     return func(*args, **kwargs)
[1;36m(EngineCore_DP0 pid=2016711)[0;0m ERROR 05-19 15:32:29 [core.py:741]            ^^^^^^^^^^^^^^^^^^^^^
[1;36m(EngineCore_DP0 pid=2016711)[0;0m ERROR 05-19 15:32:29 [core.py:741]   File "/workspace/cann-recipes-train/llm_rl/qwen3/vllm_ascend/worker/worker_v1.py", line 840, in load_model
[1;36m(EngineCore_DP0 pid=2016711)[0;0m ERROR 05-19 15:32:29 [core.py:741]     self.model_runner.load_model()
[1;36m(EngineCore_DP0 pid=2016711)[0;0m ERROR 05-19 15:32:29 [core.py:741]   File "/workspace/cann-recipes-train/llm_rl/qwen3/vllm_ascend/worker/model_runner_v1.py", line 3090, in load_model
[1;36m(EngineCore_DP0 pid=2016711)[0;0m ERROR 05-19 15:32:29 [core.py:741]     self.model = get_model(vllm_config=self.vllm_config)
[1;36m(EngineCore_DP0 pid=2016711)[0;0m ERROR 05-19 15:32:29 [core.py:741]                  ^^^^^^^^^^^^^^^^^^^^^^^^^^^^^^^^^^^^^^^
[1;36m(EngineCore_DP0 pid=2016711)[0;0m ERROR 05-19 15:32:29 [core.py:741]   File "/workspace/cann-recipes-train/llm_rl/qwen3/vllm/model_executor/model_loader/__init__.py", line 119, in get_model
[1;36m(EngineCore_DP0 pid=2016711)[0;0m ERROR 05-19 15:32:29 [core.py:741]     return loader.load_model(vllm_config=vllm_config,
[1;36m(EngineCore_DP0 pid=2016711)[0;0m ERROR 05-19 15:32:29 [core.py:741]            ^^^^^^^^^^^^^^^^^^^^^^^^^^^^^^^^^^^^^^^^^^
[1;36m(EngineCore_DP0 pid=2016711)[0;0m ERROR 05-19 15:32:29 [core.py:741]   File "/workspace/cann-recipes-train/llm_rl/qwen3/vllm/model_executor/model_loader/base_loader.py", line 45, in load_model
[1;36m(EngineCore_DP0 pid=2016711)[0;0m ERROR 05-19 15:32:29 [core.py:741]     model = initialize_model(vllm_config=vllm_config,
[1;36m(EngineCore_DP0 pid=2016711)[0;0m ERROR 05-19 15:32:29 [core.py:741]             ^^^^^^^^^^^^^^^^^^^^^^^^^^^^^^^^^^^^^^^^^
[1;36m(EngineCore_DP0 pid=2016711)[0;0m ERROR 05-19 15:32:29 [core.py:741]   File "/workspace/cann-recipes-train/llm_rl/qwen3/vllm/model_executor/model_loader/utils.py", line 84, in initialize_model
[1;36m(EngineCore_DP0 pid=2016711)[0;0m ERROR 05-19 15:32:29 [core.py:741]     return model_class(vllm_config=vllm_config, prefix=prefix)
[1;36m(EngineCore_DP0 pid=2016711)[0;0m ERROR 05-19 15:32:29 [core.py:741]            ^^^^^^^^^^^^^^^^^^^^^^^^^^^^^^^^^^^^^^^^^^^^^^^^^^^
[1;36m(EngineCore_DP0 pid=2016711)[0;0m ERROR 05-19 15:32:29 [core.py:741]   File "/workspace/cann-recipes-train/llm_rl/qwen3/vllm_ascend/torchair/models/torchair_pangu_moe.py", line 904, in __init__
[1;36m(EngineCore_DP0 pid=2016711)[0;0m ERROR 05-19 15:32:29 [core.py:741]     self.model = PanguProMoEModel(vllm_config=vllm_config,
[1;36m(EngineCore_DP0 pid=2016711)[0;0m ERROR 05-19 15:32:29 [core.py:741]                  ^^^^^^^^^^^^^^^^^^^^^^^^^^^^^^^^^^^^^^^^^
[1;36m(EngineCore_DP0 pid=2016711)[0;0m ERROR 05-19 15:32:29 [core.py:741]   File "/workspace/cann-recipes-train/llm_rl/qwen3/vllm/compilation/decorators.py", line 201, in __init__
[1;36m(EngineCore_DP0 pid=2016711)[0;0m ERROR 05-19 15:32:29 [core.py:741]     old_init(self, vllm_config=vllm_config, prefix=prefix, **kwargs)
[1;36m(EngineCore_DP0 pid=2016711)[0;0m ERROR 05-19 15:32:29 [core.py:741]   File "/workspace/cann-recipes-train/llm_rl/qwen3/vllm_ascend/torchair/models/torchair_pangu_moe.py", line 798, in __init__
[1;36m(EngineCore_DP0 pid=2016711)[0;0m ERROR 05-19 15:32:29 [core.py:741]     self.start_layer, self.end_layer, self.layers = make_layers(
[1;36m(EngineCore_DP0 pid=2016711)[0;0m ERROR 05-19 15:32:29 [core.py:741]                                                     ^^^^^^^^^^^^
[1;36m(EngineCore_DP0 pid=2016711)[0;0m ERROR 05-19 15:32:29 [core.py:741]   File "/workspace/cann-recipes-train/llm_rl/qwen3/vllm/model_executor/models/utils.py", line 629, in make_layers
[1;36m(EngineCore_DP0 pid=2016711)[0;0m ERROR 05-19 15:32:29 [core.py:741]     [PPMissingLayer() for _ in range(start_layer)] + [
[1;36m(EngineCore_DP0 pid=2016711)[0;0m ERROR 05-19 15:32:29 [core.py:741]                                                      ^
[1;36m(EngineCore_DP0 pid=2016711)[0;0m ERROR 05-19 15:32:29 [core.py:741]   File "/workspace/cann-recipes-train/llm_rl/qwen3/vllm/model_executor/models/utils.py", line 630, in <listcomp>
[1;36m(EngineCore_DP0 pid=2016711)[0;0m ERROR 05-19 15:32:29 [core.py:741]     maybe_offload_to_cpu(layer_fn(prefix=f"{prefix}.{idx}"))
[1;36m(EngineCore_DP0 pid=2016711)[0;0m ERROR 05-19 15:32:29 [core.py:741]                          ^^^^^^^^^^^^^^^^^^^^^^^^^^^^^^^^^^
[1;36m(EngineCore_DP0 pid=2016711)[0;0m ERROR 05-19 15:32:29 [core.py:741]   File "/workspace/cann-recipes-train/llm_rl/qwen3/vllm_ascend/torchair/models/torchair_pangu_moe.py", line 800, in <lambda>
[1;36m(EngineCore_DP0 pid=2016711)[0;0m ERROR 05-19 15:32:29 [core.py:741]     lambda prefix: PanguProMoEDecoderLayer(config=config,
[1;36m(EngineCore_DP0 pid=2016711)[0;0m ERROR 05-19 15:32:29 [core.py:741]                    ^^^^^^^^^^^^^^^^^^^^^^^^^^^^^^^^^^^^^^
[1;36m(EngineCore_DP0 pid=2016711)[0;0m ERROR 05-19 15:32:29 [core.py:741]   File "/workspace/cann-recipes-train/llm_rl/qwen3/vllm_ascend/torchair/models/torchair_pangu_moe.py", line 677, in __init__
[1;36m(EngineCore_DP0 pid=2016711)[0;0m ERROR 05-19 15:32:29 [core.py:741]     self.mlp = PanguProMoESparseMoeBlock(
[1;36m(EngineCore_DP0 pid=2016711)[0;0m ERROR 05-19 15:32:29 [core.py:741]                ^^^^^^^^^^^^^^^^^^^^^^^^^^
[1;36m(EngineCore_DP0 pid=2016711)[0;0m ERROR 05-19 15:32:29 [core.py:741]   File "/workspace/cann-recipes-train/llm_rl/qwen3/vllm_ascend/torchair/models/torchair_pangu_moe.py", line 453, in __init__
[1;36m(EngineCore_DP0 pid=2016711)[0;0m ERROR 05-19 15:32:29 [core.py:741]     self.experts = FusedMoE(
[1;36m(EngineCore_DP0 pid=2016711)[0;0m ERROR 05-19 15:32:29 [core.py:741]                    ^^^^^^^^^
[1;36m(EngineCore_DP0 pid=2016711)[0;0m ERROR 05-19 15:32:29 [core.py:741]   File "/workspace/cann-recipes-train/llm_rl/qwen3/vllm_ascend/ops/common_fused_moe.py", line 139, in __init__
[1;36m(EngineCore_DP0 pid=2016711)[0;0m ERROR 05-19 15:32:29 [core.py:741]     super().__init__(*args, **kwargs)
[1;36m(EngineCore_DP0 pid=2016711)[0;0m ERROR 05-19 15:32:29 [core.py:741]   File "/workspace/cann-recipes-train/llm_rl/qwen3/vllm/model_executor/layers/fused_moe/layer.py", line 1359, in __init__
[1;36m(EngineCore_DP0 pid=2016711)[0;0m ERROR 05-19 15:32:29 [core.py:741]     self.quant_method.create_weights(layer=self, **moe_quant_params)
[1;36m(EngineCore_DP0 pid=2016711)[0;0m ERROR 05-19 15:32:29 [core.py:741]   File "/workspace/cann-recipes-train/llm_rl/qwen3/vllm/model_executor/layers/fused_moe/layer.py", line 387, in create_weights
[1;36m(EngineCore_DP0 pid=2016711)[0;0m ERROR 05-19 15:32:29 [core.py:741]     w2_weight = torch.nn.Parameter(torch.empty(
[1;36m(EngineCore_DP0 pid=2016711)[0;0m ERROR 05-19 15:32:29 [core.py:741]                                    ^^^^^^^^^^^^
[1;36m(EngineCore_DP0 pid=2016711)[0;0m ERROR 05-19 15:32:29 [core.py:741]   File "/usr/local/python3.11.13/lib/python3.11/site-packages/torch/utils/_device.py", line 104, in __torch_function__
[1;36m(EngineCore_DP0 pid=2016711)[0;0m ERROR 05-19 15:32:29 [core.py:741]     return func(*args, **kwargs)
[1;36m(EngineCore_DP0 pid=2016711)[0;0m ERROR 05-19 15:32:29 [core.py:741]            ^^^^^^^^^^^^^^^^^^^^^
[1;36m(EngineCore_DP0 pid=2016711)[0;0m ERROR 05-19 15:32:29 [core.py:741] RuntimeError: NPU out of memory. Tried to allocate 842.00 MiB (NPU 0; 61.27 GiB total capacity; 41.51 GiB already allocated; 41.51 GiB current active; 732.98 MiB free; 41.52 GiB reserved in total by PyTorch) If reserved memory is >> allocated memory try setting max_split_size_mb to avoid fragmentation.
[1;36m(EngineCore_DP0 pid=2016724)[0;0m Process EngineCore_DP0:
[1;36m(EngineCore_DP0 pid=2016724)[0;0m Traceback (most recent call last):
[1;36m(EngineCore_DP0 pid=2016724)[0;0m   File "/usr/local/python3.11.13/lib/python3.11/multiprocessing/process.py", line 314, in _bootstrap
[1;36m(EngineCore_DP0 pid=2016724)[0;0m     self.run()
[1;36m(EngineCore_DP0 pid=2016724)[0;0m   File "/usr/local/python3.11.13/lib/python3.11/multiprocessing/process.py", line 108, in run
[1;36m(EngineCore_DP0 pid=2016724)[0;0m     self._target(*self._args, **self._kwargs)
[1;36m(EngineCore_DP0 pid=2016724)[0;0m   File "/workspace/cann-recipes-train/llm_rl/qwen3/vllm/v1/engine/core.py", line 745, in run_engine_core
[1;36m(EngineCore_DP0 pid=2016724)[0;0m     raise e
[1;36m(EngineCore_DP0 pid=2016724)[0;0m   File "/workspace/cann-recipes-train/llm_rl/qwen3/vllm/v1/engine/core.py", line 732, in run_engine_core
[1;36m(EngineCore_DP0 pid=2016724)[0;0m     engine_core = EngineCoreProc(*args, **kwargs)
[1;36m(EngineCore_DP0 pid=2016724)[0;0m                   ^^^^^^^^^^^^^^^^^^^^^^^^^^^^^^^
[1;36m(EngineCore_DP0 pid=2016724)[0;0m   File "/workspace/cann-recipes-train/llm_rl/qwen3/vllm/v1/engine/core.py", line 521, in __init__
[1;36m(EngineCore_DP0 pid=2016724)[0;0m     super().__init__(vllm_config, executor_class, log_stats,
[1;36m(EngineCore_DP0 pid=2016724)[0;0m   File "/workspace/cann-recipes-train/llm_rl/qwen3/vllm/v1/engine/core.py", line 90, in __init__
[1;36m(EngineCore_DP0 pid=2016724)[0;0m     self.model_executor = executor_class(vllm_config)
[1;36m(EngineCore_DP0 pid=2016724)[0;0m                           ^^^^^^^^^^^^^^^^^^^^^^^^^^^
[1;36m(EngineCore_DP0 pid=2016724)[0;0m   File "/workspace/cann-recipes-train/llm_rl/qwen3/vllm/executor/executor_base.py", line 54, in __init__
[1;36m(EngineCore_DP0 pid=2016724)[0;0m     self._init_executor()
[1;36m(EngineCore_DP0 pid=2016724)[0;0m   File "/workspace/cann-recipes-train/llm_rl/qwen3/vllm/executor/uniproc_executor.py", line 55, in _init_executor
[1;36m(EngineCore_DP0 pid=2016724)[0;0m     self.collective_rpc("load_model")
[1;36m(EngineCore_DP0 pid=2016724)[0;0m   File "/workspace/cann-recipes-train/llm_rl/qwen3/vllm/executor/uniproc_executor.py", line 83, in collective_rpc
[1;36m(EngineCore_DP0 pid=2016724)[0;0m     return [run_method(self.driver_worker, method, args, kwargs)]
[1;36m(EngineCore_DP0 pid=2016724)[0;0m             ^^^^^^^^^^^^^^^^^^^^^^^^^^^^^^^^^^^^^^^^^^^^^^^^^^^^
[1;36m(EngineCore_DP0 pid=2016724)[0;0m   File "/workspace/cann-recipes-train/llm_rl/qwen3/vllm/utils/__init__.py", line 3122, in run_method
[1;36m(EngineCore_DP0 pid=2016724)[0;0m     return func(*args, **kwargs)
[1;36m(EngineCore_DP0 pid=2016724)[0;0m            ^^^^^^^^^^^^^^^^^^^^^
[1;36m(EngineCore_DP0 pid=2016724)[0;0m   File "/workspace/cann-recipes-train/llm_rl/qwen3/vllm_ascend/worker/worker_v1.py", line 840, in load_model
[1;36m(EngineCore_DP0 pid=2016724)[0;0m     self.model_runner.load_model()
[1;36m(EngineCore_DP0 pid=2016724)[0;0m   File "/workspace/cann-recipes-train/llm_rl/qwen3/vllm_ascend/worker/model_runner_v1.py", line 3090, in load_model
[1;36m(EngineCore_DP0 pid=2016724)[0;0m     self.model = get_model(vllm_config=self.vllm_config)
[1;36m(EngineCore_DP0 pid=2016724)[0;0m                  ^^^^^^^^^^^^^^^^^^^^^^^^^^^^^^^^^^^^^^^
[1;36m(EngineCore_DP0 pid=2016724)[0;0m   File "/workspace/cann-recipes-train/llm_rl/qwen3/vllm/model_executor/model_loader/__init__.py", line 119, in get_model
[1;36m(EngineCore_DP0 pid=2016724)[0;0m     return loader.load_model(vllm_config=vllm_config,
[1;36m(EngineCore_DP0 pid=2016724)[0;0m            ^^^^^^^^^^^^^^^^^^^^^^^^^^^^^^^^^^^^^^^^^^
[1;36m(EngineCore_DP0 pid=2016724)[0;0m   File "/workspace/cann-recipes-train/llm_rl/qwen3/vllm/model_executor/model_loader/base_loader.py", line 45, in load_model
[1;36m(EngineCore_DP0 pid=2016724)[0;0m     model = initialize_model(vllm_config=vllm_config,
[1;36m(EngineCore_DP0 pid=2016724)[0;0m             ^^^^^^^^^^^^^^^^^^^^^^^^^^^^^^^^^^^^^^^^^
[1;36m(EngineCore_DP0 pid=2016724)[0;0m   File "/workspace/cann-recipes-train/llm_rl/qwen3/vllm/model_executor/model_loader/utils.py", line 84, in initialize_model
[1;36m(EngineCore_DP0 pid=2016724)[0;0m     return model_class(vllm_config=vllm_config, prefix=prefix)
[1;36m(EngineCore_DP0 pid=2016724)[0;0m            ^^^^^^^^^^^^^^^^^^^^^^^^^^^^^^^^^^^^^^^^^^^^^^^^^^^
[1;36m(EngineCore_DP0 pid=2016724)[0;0m   File "/workspace/cann-recipes-train/llm_rl/qwen3/vllm_ascend/torchair/models/torchair_pangu_moe.py", line 904, in __init__
[1;36m(EngineCore_DP0 pid=2016724)[0;0m     self.model = PanguProMoEModel(vllm_config=vllm_config,
[1;36m(EngineCore_DP0 pid=2016724)[0;0m                  ^^^^^^^^^^^^^^^^^^^^^^^^^^^^^^^^^^^^^^^^^
[1;36m(EngineCore_DP0 pid=2016724)[0;0m   File "/workspace/cann-recipes-train/llm_rl/qwen3/vllm/compilation/decorators.py", line 201, in __init__
[1;36m(EngineCore_DP0 pid=2016724)[0;0m     old_init(self, vllm_config=vllm_config, prefix=prefix, **kwargs)
[1;36m(EngineCore_DP0 pid=2016724)[0;0m   File "/workspace/cann-recipes-train/llm_rl/qwen3/vllm_ascend/torchair/models/torchair_pangu_moe.py", line 798, in __init__
[1;36m(EngineCore_DP0 pid=2016724)[0;0m     self.start_layer, self.end_layer, self.layers = make_layers(
[1;36m(EngineCore_DP0 pid=2016724)[0;0m                                                     ^^^^^^^^^^^^
[1;36m(EngineCore_DP0 pid=2016724)[0;0m   File "/workspace/cann-recipes-train/llm_rl/qwen3/vllm/model_executor/models/utils.py", line 629, in make_layers
[1;36m(EngineCore_DP0 pid=2016724)[0;0m     [PPMissingLayer() for _ in range(start_layer)] + [
[1;36m(EngineCore_DP0 pid=2016724)[0;0m                                                      ^
[1;36m(EngineCore_DP0 pid=2016724)[0;0m   File "/workspace/cann-recipes-train/llm_rl/qwen3/vllm/model_executor/models/utils.py", line 630, in <listcomp>
[1;36m(EngineCore_DP0 pid=2016724)[0;0m     maybe_offload_to_cpu(layer_fn(prefix=f"{prefix}.{idx}"))
[1;36m(EngineCore_DP0 pid=2016724)[0;0m                          ^^^^^^^^^^^^^^^^^^^^^^^^^^^^^^^^^^
[1;36m(EngineCore_DP0 pid=2016724)[0;0m   File "/workspace/cann-recipes-train/llm_rl/qwen3/vllm_ascend/torchair/models/torchair_pangu_moe.py", line 800, in <lambda>
[1;36m(EngineCore_DP0 pid=2016724)[0;0m     lambda prefix: PanguProMoEDecoderLayer(config=config,
[1;36m(EngineCore_DP0 pid=2016724)[0;0m                    ^^^^^^^^^^^^^^^^^^^^^^^^^^^^^^^^^^^^^^
[1;36m(EngineCore_DP0 pid=2016724)[0;0m   File "/workspace/cann-recipes-train/llm_rl/qwen3/vllm_ascend/torchair/models/torchair_pangu_moe.py", line 677, in __init__
[1;36m(EngineCore_DP0 pid=2016724)[0;0m     self.mlp = PanguProMoESparseMoeBlock(
[1;36m(EngineCore_DP0 pid=2016724)[0;0m                ^^^^^^^^^^^^^^^^^^^^^^^^^^
[1;36m(EngineCore_DP0 pid=2016724)[0;0m   File "/workspace/cann-recipes-train/llm_rl/qwen3/vllm_ascend/torchair/models/torchair_pangu_moe.py", line 474, in __init__
[1;36m(EngineCore_DP0 pid=2016724)[0;0m     self.shared_expert = PanguProMoEMLP(
[1;36m(EngineCore_DP0 pid=2016724)[0;0m                          ^^^^^^^^^^^^^^^
[1;36m(EngineCore_DP0 pid=2016724)[0;0m   File "/workspace/cann-recipes-train/llm_rl/qwen3/vllm_ascend/torchair/models/torchair_pangu_moe.py", line 297, in __init__
[1;36m(EngineCore_DP0 pid=2016724)[0;0m     self.gate_up_proj = MergedColumnParallelLinear(
[1;36m(EngineCore_DP0 pid=2016724)[0;0m                         ^^^^^^^^^^^^^^^^^^^^^^^^^^^
[1;36m(EngineCore_DP0 pid=2016724)[0;0m   File "/workspace/cann-recipes-train/llm_rl/qwen3/vllm_ascend/ops/linear.py", line 182, in __init__
[1;36m(EngineCore_DP0 pid=2016724)[0;0m     AscendColumnParallelLinear.__init__(self,
[1;36m(EngineCore_DP0 pid=2016724)[0;0m   File "/workspace/cann-recipes-train/llm_rl/qwen3/vllm_ascend/ops/linear.py", line 336, in __init__
[1;36m(EngineCore_DP0 pid=2016724)[0;0m     self.quant_method.create_weights(
[1;36m(EngineCore_DP0 pid=2016724)[0;0m   File "/workspace/cann-recipes-train/llm_rl/qwen3/vllm_ascend/patch/worker/patch_common/patch_weight_loader.py", line 21, in create_weights
[1;36m(EngineCore_DP0 pid=2016724)[0;0m     weight = Parameter(torch.empty(sum(output_partition_sizes),
[1;36m(EngineCore_DP0 pid=2016724)[0;0m                        ^^^^^^^^^^^^^^^^^^^^^^^^^^^^^^^^^^^^^^^^
[1;36m(EngineCore_DP0 pid=2016724)[0;0m   File "/usr/local/python3.11.13/lib/python3.11/site-packages/torch/utils/_device.py", line 104, in __torch_function__
[1;36m(EngineCore_DP0 pid=2016724)[0;0m     return func(*args, **kwargs)
[1;36m(EngineCore_DP0 pid=2016724)[0;0m            ^^^^^^^^^^^^^^^^^^^^^
[1;36m(EngineCore_DP0 pid=2016724)[0;0m RuntimeError: NPU out of memory. Tried to allocate 106.00 MiB (NPU 0; 61.28 GiB total capacity; 42.33 GiB already allocated; 42.33 GiB current active; 116.45 MiB free; 42.34 GiB reserved in total by PyTorch) If reserved memory is >> allocated memory try setting max_split_size_mb to avoid fragmentation.
Traceback (most recent call last):
  File "/tmp/elastic_sidecar_infer.xFWw4n.py", line 874, in <module>
    llm = LLM(**engine_kwargs)
          ^^^^^^^^^^^^^^^^^^^^
  File "/workspace/cann-recipes-train/llm_rl/qwen3/vllm/entrypoints/llm.py", line 304, in __init__
    self.llm_engine = LLMEngine.from_engine_args(
                      ^^^^^^^^^^^^^^^^^^^^^^^^^^^
  File "/workspace/cann-recipes-train/llm_rl/qwen3/vllm/v1/engine/llm_engine.py", line 238, in from_engine_args
    return cls(vllm_config=vllm_config,
           ^^^^^^^^^^^^^^^^^^^^^^^^^^^^
  File "/workspace/cann-recipes-train/llm_rl/qwen3/vllm/v1/engine/llm_engine.py", line 120, in __init__
    self.engine_core = EngineCoreClient.make_client(
                       ^^^^^^^^^^^^^^^^^^^^^^^^^^^^^
  File "/workspace/cann-recipes-train/llm_rl/qwen3/vllm/v1/engine/core_client.py", line 80, in make_client
    return SyncMPClient(vllm_config, executor_class, log_stats)
           ^^^^^^^^^^^^^^^^^^^^^^^^^^^^^^^^^^^^^^^^^^^^^^^^^^^^
  File "/workspace/cann-recipes-train/llm_rl/qwen3/vllm/v1/engine/core_client.py", line 604, in __init__
    super().__init__(
  File "/workspace/cann-recipes-train/llm_rl/qwen3/vllm/v1/engine/core_client.py", line 450, in __init__
    with launch_core_engines(vllm_config, executor_class,
  File "/usr/local/python3.11.13/lib/python3.11/contextlib.py", line 144, in __exit__
    next(self.gen)
  File "/workspace/cann-recipes-train/llm_rl/qwen3/vllm/v1/engine/utils.py", line 732, in launch_core_engines
    wait_for_engine_startup(
  File "/workspace/cann-recipes-train/llm_rl/qwen3/vllm/v1/engine/utils.py", line 785, in wait_for_engine_startup
    raise RuntimeError("Engine core initialization failed. "
RuntimeError: Engine core initialization failed. See root cause above. Failed core proc(s): {}
Traceback (most recent call last):
  File "/tmp/elastic_sidecar_infer.xFWw4n.py", line 874, in <module>
    llm = LLM(**engine_kwargs)
          ^^^^^^^^^^^^^^^^^^^^
  File "/workspace/cann-recipes-train/llm_rl/qwen3/vllm/entrypoints/llm.py", line 304, in __init__
    self.llm_engine = LLMEngine.from_engine_args(
                      ^^^^^^^^^^^^^^^^^^^^^^^^^^^
  File "/workspace/cann-recipes-train/llm_rl/qwen3/vllm/v1/engine/llm_engine.py", line 238, in from_engine_args
    return cls(vllm_config=vllm_config,
           ^^^^^^^^^^^^^^^^^^^^^^^^^^^^
  File "/workspace/cann-recipes-train/llm_rl/qwen3/vllm/v1/engine/llm_engine.py", line 120, in __init__
    self.engine_core = EngineCoreClient.make_client(
                       ^^^^^^^^^^^^^^^^^^^^^^^^^^^^^
  File "/workspace/cann-recipes-train/llm_rl/qwen3/vllm/v1/engine/core_client.py", line 80, in make_client
    return SyncMPClient(vllm_config, executor_class, log_stats)
           ^^^^^^^^^^^^^^^^^^^^^^^^^^^^^^^^^^^^^^^^^^^^^^^^^^^^
  File "/workspace/cann-recipes-train/llm_rl/qwen3/vllm/v1/engine/core_client.py", line 604, in __init__
    super().__init__(
  File "/workspace/cann-recipes-train/llm_rl/qwen3/vllm/v1/engine/core_client.py", line 450, in __init__
    with launch_core_engines(vllm_config, executor_class,
  File "/usr/local/python3.11.13/lib/python3.11/contextlib.py", line 144, in __exit__
    next(self.gen)
  File "/workspace/cann-recipes-train/llm_rl/qwen3/vllm/v1/engine/utils.py", line 732, in launch_core_engines
    wait_for_engine_startup(
  File "/workspace/cann-recipes-train/llm_rl/qwen3/vllm/v1/engine/utils.py", line 785, in wait_for_engine_startup
    raise RuntimeError("Engine core initialization failed. "
RuntimeError: Engine core initialization failed. See root cause above. Failed core proc(s): {}
[ERROR] 2026-05-19-15:32:33 (PID:2013856, Device:-1, RankID:-1) ERR99999 UNKNOWN applicaiton exception
[ERROR] 2026-05-19-15:32:33 (PID:2013842, Device:-1, RankID:-1) ERR99999 UNKNOWN applicaiton exception
Traceback (most recent call last):
  File "/tmp/elastic_sidecar_infer.xFWw4n.py", line 874, in <module>
    llm = LLM(**engine_kwargs)
          ^^^^^^^^^^^^^^^^^^^^
  File "/workspace/cann-recipes-train/llm_rl/qwen3/vllm/entrypoints/llm.py", line 304, in __init__
    self.llm_engine = LLMEngine.from_engine_args(
                      ^^^^^^^^^^^^^^^^^^^^^^^^^^^
  File "/workspace/cann-recipes-train/llm_rl/qwen3/vllm/v1/engine/llm_engine.py", line 238, in from_engine_args
    return cls(vllm_config=vllm_config,
           ^^^^^^^^^^^^^^^^^^^^^^^^^^^^
  File "/workspace/cann-recipes-train/llm_rl/qwen3/vllm/v1/engine/llm_engine.py", line 120, in __init__
    self.engine_core = EngineCoreClient.make_client(
                       ^^^^^^^^^^^^^^^^^^^^^^^^^^^^^
  File "/workspace/cann-recipes-train/llm_rl/qwen3/vllm/v1/engine/core_client.py", line 80, in make_client
    return SyncMPClient(vllm_config, executor_class, log_stats)
           ^^^^^^^^^^^^^^^^^^^^^^^^^^^^^^^^^^^^^^^^^^^^^^^^^^^^
  File "/workspace/cann-recipes-train/llm_rl/qwen3/vllm/v1/engine/core_client.py", line 604, in __init__
    super().__init__(
  File "/workspace/cann-recipes-train/llm_rl/qwen3/vllm/v1/engine/core_client.py", line 450, in __init__
    with launch_core_engines(vllm_config, executor_class,
  File "/usr/local/python3.11.13/lib/python3.11/contextlib.py", line 144, in __exit__
    next(self.gen)
  File "/workspace/cann-recipes-train/llm_rl/qwen3/vllm/v1/engine/utils.py", line 732, in launch_core_engines
    wait_for_engine_startup(
  File "/workspace/cann-recipes-train/llm_rl/qwen3/vllm/v1/engine/utils.py", line 785, in wait_for_engine_startup
    raise RuntimeError("Engine core initialization failed. "
RuntimeError: Engine core initialization failed. See root cause above. Failed core proc(s): {}
[ERROR] 2026-05-19-15:32:34 (PID:2013835, Device:-1, RankID:-1) ERR99999 UNKNOWN applicaiton exception
[1;36m(EngineCore_DP0 pid=2016711)[0;0m Process EngineCore_DP0:
[1;36m(EngineCore_DP0 pid=2016711)[0;0m Traceback (most recent call last):
[1;36m(EngineCore_DP0 pid=2016711)[0;0m   File "/usr/local/python3.11.13/lib/python3.11/multiprocessing/process.py", line 314, in _bootstrap
[1;36m(EngineCore_DP0 pid=2016711)[0;0m     self.run()
[1;36m(EngineCore_DP0 pid=2016711)[0;0m   File "/usr/local/python3.11.13/lib/python3.11/multiprocessing/process.py", line 108, in run
[1;36m(EngineCore_DP0 pid=2016711)[0;0m     self._target(*self._args, **self._kwargs)
[1;36m(EngineCore_DP0 pid=2016711)[0;0m   File "/workspace/cann-recipes-train/llm_rl/qwen3/vllm/v1/engine/core.py", line 745, in run_engine_core
[1;36m(EngineCore_DP0 pid=2016711)[0;0m     raise e
[1;36m(EngineCore_DP0 pid=2016711)[0;0m   File "/workspace/cann-recipes-train/llm_rl/qwen3/vllm/v1/engine/core.py", line 732, in run_engine_core
[1;36m(EngineCore_DP0 pid=2016711)[0;0m     engine_core = EngineCoreProc(*args, **kwargs)
[1;36m(EngineCore_DP0 pid=2016711)[0;0m                   ^^^^^^^^^^^^^^^^^^^^^^^^^^^^^^^
[1;36m(EngineCore_DP0 pid=2016711)[0;0m   File "/workspace/cann-recipes-train/llm_rl/qwen3/vllm/v1/engine/core.py", line 521, in __init__
[1;36m(EngineCore_DP0 pid=2016711)[0;0m     super().__init__(vllm_config, executor_class, log_stats,
[1;36m(EngineCore_DP0 pid=2016711)[0;0m   File "/workspace/cann-recipes-train/llm_rl/qwen3/vllm/v1/engine/core.py", line 90, in __init__
[1;36m(EngineCore_DP0 pid=2016711)[0;0m     self.model_executor = executor_class(vllm_config)
[1;36m(EngineCore_DP0 pid=2016711)[0;0m                           ^^^^^^^^^^^^^^^^^^^^^^^^^^^
[1;36m(EngineCore_DP0 pid=2016711)[0;0m   File "/workspace/cann-recipes-train/llm_rl/qwen3/vllm/executor/executor_base.py", line 54, in __init__
[1;36m(EngineCore_DP0 pid=2016711)[0;0m     self._init_executor()
[1;36m(EngineCore_DP0 pid=2016711)[0;0m   File "/workspace/cann-recipes-train/llm_rl/qwen3/vllm/executor/uniproc_executor.py", line 55, in _init_executor
[1;36m(EngineCore_DP0 pid=2016711)[0;0m     self.collective_rpc("load_model")
[1;36m(EngineCore_DP0 pid=2016711)[0;0m   File "/workspace/cann-recipes-train/llm_rl/qwen3/vllm/executor/uniproc_executor.py", line 83, in collective_rpc
[1;36m(EngineCore_DP0 pid=2016711)[0;0m     return [run_method(self.driver_worker, method, args, kwargs)]
[1;36m(EngineCore_DP0 pid=2016711)[0;0m             ^^^^^^^^^^^^^^^^^^^^^^^^^^^^^^^^^^^^^^^^^^^^^^^^^^^^
[1;36m(EngineCore_DP0 pid=2016711)[0;0m   File "/workspace/cann-recipes-train/llm_rl/qwen3/vllm/utils/__init__.py", line 3122, in run_method
[1;36m(EngineCore_DP0 pid=2016711)[0;0m     return func(*args, **kwargs)
[1;36m(EngineCore_DP0 pid=2016711)[0;0m            ^^^^^^^^^^^^^^^^^^^^^
[1;36m(EngineCore_DP0 pid=2016711)[0;0m   File "/workspace/cann-recipes-train/llm_rl/qwen3/vllm_ascend/worker/worker_v1.py", line 840, in load_model
[1;36m(EngineCore_DP0 pid=2016711)[0;0m     self.model_runner.load_model()
[1;36m(EngineCore_DP0 pid=2016711)[0;0m   File "/workspace/cann-recipes-train/llm_rl/qwen3/vllm_ascend/worker/model_runner_v1.py", line 3090, in load_model
[1;36m(EngineCore_DP0 pid=2016711)[0;0m     self.model = get_model(vllm_config=self.vllm_config)
[1;36m(EngineCore_DP0 pid=2016711)[0;0m                  ^^^^^^^^^^^^^^^^^^^^^^^^^^^^^^^^^^^^^^^
[1;36m(EngineCore_DP0 pid=2016711)[0;0m   File "/workspace/cann-recipes-train/llm_rl/qwen3/vllm/model_executor/model_loader/__init__.py", line 119, in get_model
[1;36m(EngineCore_DP0 pid=2016711)[0;0m     return loader.load_model(vllm_config=vllm_config,
[1;36m(EngineCore_DP0 pid=2016711)[0;0m            ^^^^^^^^^^^^^^^^^^^^^^^^^^^^^^^^^^^^^^^^^^
[1;36m(EngineCore_DP0 pid=2016711)[0;0m   File "/workspace/cann-recipes-train/llm_rl/qwen3/vllm/model_executor/model_loader/base_loader.py", line 45, in load_model
[1;36m(EngineCore_DP0 pid=2016711)[0;0m     model = initialize_model(vllm_config=vllm_config,
[1;36m(EngineCore_DP0 pid=2016711)[0;0m             ^^^^^^^^^^^^^^^^^^^^^^^^^^^^^^^^^^^^^^^^^
[1;36m(EngineCore_DP0 pid=2016711)[0;0m   File "/workspace/cann-recipes-train/llm_rl/qwen3/vllm/model_executor/model_loader/utils.py", line 84, in initialize_model
[1;36m(EngineCore_DP0 pid=2016711)[0;0m     return model_class(vllm_config=vllm_config, prefix=prefix)
[1;36m(EngineCore_DP0 pid=2016711)[0;0m            ^^^^^^^^^^^^^^^^^^^^^^^^^^^^^^^^^^^^^^^^^^^^^^^^^^^
[1;36m(EngineCore_DP0 pid=2016711)[0;0m   File "/workspace/cann-recipes-train/llm_rl/qwen3/vllm_ascend/torchair/models/torchair_pangu_moe.py", line 904, in __init__
[1;36m(EngineCore_DP0 pid=2016711)[0;0m     self.model = PanguProMoEModel(vllm_config=vllm_config,
[1;36m(EngineCore_DP0 pid=2016711)[0;0m                  ^^^^^^^^^^^^^^^^^^^^^^^^^^^^^^^^^^^^^^^^^
[1;36m(EngineCore_DP0 pid=2016711)[0;0m   File "/workspace/cann-recipes-train/llm_rl/qwen3/vllm/compilation/decorators.py", line 201, in __init__
[1;36m(EngineCore_DP0 pid=2016711)[0;0m     old_init(self, vllm_config=vllm_config, prefix=prefix, **kwargs)
[1;36m(EngineCore_DP0 pid=2016711)[0;0m   File "/workspace/cann-recipes-train/llm_rl/qwen3/vllm_ascend/torchair/models/torchair_pangu_moe.py", line 798, in __init__
[1;36m(EngineCore_DP0 pid=2016711)[0;0m     self.start_layer, self.end_layer, self.layers = make_layers(
[1;36m(EngineCore_DP0 pid=2016711)[0;0m                                                     ^^^^^^^^^^^^
[1;36m(EngineCore_DP0 pid=2016711)[0;0m   File "/workspace/cann-recipes-train/llm_rl/qwen3/vllm/model_executor/models/utils.py", line 629, in make_layers
[1;36m(EngineCore_DP0 pid=2016711)[0;0m     [PPMissingLayer() for _ in range(start_layer)] + [
[1;36m(EngineCore_DP0 pid=2016711)[0;0m                                                      ^
[1;36m(EngineCore_DP0 pid=2016711)[0;0m   File "/workspace/cann-recipes-train/llm_rl/qwen3/vllm/model_executor/models/utils.py", line 630, in <listcomp>
[1;36m(EngineCore_DP0 pid=2016711)[0;0m     maybe_offload_to_cpu(layer_fn(prefix=f"{prefix}.{idx}"))
[1;36m(EngineCore_DP0 pid=2016711)[0;0m                          ^^^^^^^^^^^^^^^^^^^^^^^^^^^^^^^^^^
[1;36m(EngineCore_DP0 pid=2016711)[0;0m   File "/workspace/cann-recipes-train/llm_rl/qwen3/vllm_ascend/torchair/models/torchair_pangu_moe.py", line 800, in <lambda>
[1;36m(EngineCore_DP0 pid=2016711)[0;0m     lambda prefix: PanguProMoEDecoderLayer(config=config,
[1;36m(EngineCore_DP0 pid=2016711)[0;0m                    ^^^^^^^^^^^^^^^^^^^^^^^^^^^^^^^^^^^^^^
[1;36m(EngineCore_DP0 pid=2016711)[0;0m   File "/workspace/cann-recipes-train/llm_rl/qwen3/vllm_ascend/torchair/models/torchair_pangu_moe.py", line 677, in __init__
[1;36m(EngineCore_DP0 pid=2016711)[0;0m     self.mlp = PanguProMoESparseMoeBlock(
[1;36m(EngineCore_DP0 pid=2016711)[0;0m                ^^^^^^^^^^^^^^^^^^^^^^^^^^
[1;36m(EngineCore_DP0 pid=2016711)[0;0m   File "/workspace/cann-recipes-train/llm_rl/qwen3/vllm_ascend/torchair/models/torchair_pangu_moe.py", line 453, in __init__
[1;36m(EngineCore_DP0 pid=2016711)[0;0m     self.experts = FusedMoE(
[1;36m(EngineCore_DP0 pid=2016711)[0;0m                    ^^^^^^^^^
[1;36m(EngineCore_DP0 pid=2016711)[0;0m   File "/workspace/cann-recipes-train/llm_rl/qwen3/vllm_ascend/ops/common_fused_moe.py", line 139, in __init__
[1;36m(EngineCore_DP0 pid=2016711)[0;0m     super().__init__(*args, **kwargs)
[1;36m(EngineCore_DP0 pid=2016711)[0;0m   File "/workspace/cann-recipes-train/llm_rl/qwen3/vllm/model_executor/layers/fused_moe/layer.py", line 1359, in __init__
[1;36m(EngineCore_DP0 pid=2016711)[0;0m     self.quant_method.create_weights(layer=self, **moe_quant_params)
[1;36m(EngineCore_DP0 pid=2016711)[0;0m   File "/workspace/cann-recipes-train/llm_rl/qwen3/vllm/model_executor/layers/fused_moe/layer.py", line 387, in create_weights
[1;36m(EngineCore_DP0 pid=2016711)[0;0m     w2_weight = torch.nn.Parameter(torch.empty(
[1;36m(EngineCore_DP0 pid=2016711)[0;0m                                    ^^^^^^^^^^^^
[1;36m(EngineCore_DP0 pid=2016711)[0;0m   File "/usr/local/python3.11.13/lib/python3.11/site-packages/torch/utils/_device.py", line 104, in __torch_function__
[1;36m(EngineCore_DP0 pid=2016711)[0;0m     return func(*args, **kwargs)
[1;36m(EngineCore_DP0 pid=2016711)[0;0m            ^^^^^^^^^^^^^^^^^^^^^
[1;36m(EngineCore_DP0 pid=2016711)[0;0m RuntimeError: NPU out of memory. Tried to allocate 842.00 MiB (NPU 0; 61.27 GiB total capacity; 41.51 GiB already allocated; 41.51 GiB current active; 732.98 MiB free; 41.52 GiB reserved in total by PyTorch) If reserved memory is >> allocated memory try setting max_split_size_mb to avoid fragmentation.
sidecar_shard_end_time=1779175960.796523952 shard=1 device_group=3 exit_code=1
sidecar_shard_end_time=1779175960.796523862 shard=2 device_group=4 exit_code=1
sidecar_shard_end_time=1779175961.029891955 shard=5 device_group=10 exit_code=1
Traceback (most recent call last):
  File "/tmp/elastic_sidecar_infer.xFWw4n.py", line 874, in <module>
    llm = LLM(**engine_kwargs)
          ^^^^^^^^^^^^^^^^^^^^
  File "/workspace/cann-recipes-train/llm_rl/qwen3/vllm/entrypoints/llm.py", line 304, in __init__
Traceback (most recent call last):
  File "/tmp/elastic_sidecar_infer.xFWw4n.py", line 874, in <module>
    self.llm_engine = LLMEngine.from_engine_args(
                      ^^^^^^^^^^^^^^^^^^^^^^^^^^^
  File "/workspace/cann-recipes-train/llm_rl/qwen3/vllm/v1/engine/llm_engine.py", line 238, in from_engine_args
    return cls(vllm_config=vllm_config,
           ^^^^^^^^^^^^^^^^^^^^^^^^^^^^
  File "/workspace/cann-recipes-train/llm_rl/qwen3/vllm/v1/engine/llm_engine.py", line 120, in __init__
    llm = LLM(**engine_kwargs)
    self.engine_core = EngineCoreClient.make_client(
                             ^ ^ ^ ^ ^^^^^^^^^^^^^^^^^^^^^^^^^^^^^^^^^
^^^^^^^^^^^  File "/workspace/cann-recipes-train/llm_rl/qwen3/vllm/entrypoints/llm.py", line 304, in __init__
^
  File "/workspace/cann-recipes-train/llm_rl/qwen3/vllm/v1/engine/core_client.py", line 80, in make_client
    return SyncMPClient(vllm_config, executor_class, log_stats)
           ^^^^^^^^^    ^^self.llm_engine = LLMEngine.from_engine_args(^
^^^^^ ^ ^ ^ ^ ^  ^ ^ ^ ^ ^ ^ ^ ^ ^  ^^ ^ ^ ^ ^ ^^^^^^^^^^^^^^^^^^^^^^^^^^^^^
^^^^^^^^  File "/workspace/cann-recipes-train/llm_rl/qwen3/vllm/v1/engine/core_client.py", line 604, in __init__
^^^^^
  File "/workspace/cann-recipes-train/llm_rl/qwen3/vllm/v1/engine/llm_engine.py", line 238, in from_engine_args
    return cls(vllm_config=vllm_config,
           ^^^^^^^^    ^super().__init__(^
^^^^^^^^^^  File "/workspace/cann-recipes-train/llm_rl/qwen3/vllm/v1/engine/core_client.py", line 450, in __init__
^^^^^^^^
  File "/workspace/cann-recipes-train/llm_rl/qwen3/vllm/v1/engine/llm_engine.py", line 120, in __init__
    self.engine_core = EngineCoreClient.make_client(
            with launch_core_engines(vllm_config, executor_class, 
         File "/usr/local/python3.11.13/lib/python3.11/contextlib.py", line 144, in __exit__
       ^^^^^^^^^^^^^^^^^^^^^^^^^^^^^
  File "/workspace/cann-recipes-train/llm_rl/qwen3/vllm/v1/engine/core_client.py", line 80, in make_client
    next(self.gen)
    return SyncMPClient(vllm_config, executor_class, log_stats)
  File "/workspace/cann-recipes-train/llm_rl/qwen3/vllm/v1/engine/utils.py", line 732, in launch_core_engines
           ^^^^^^^^^^^^^^^^^^^^^^^^^^^^^^^^^^^^^^^^^^^^^^^^^^^^
  File "/workspace/cann-recipes-train/llm_rl/qwen3/vllm/v1/engine/core_client.py", line 604, in __init__
    wait_for_engine_startup(
  File "/workspace/cann-recipes-train/llm_rl/qwen3/vllm/v1/engine/utils.py", line 785, in wait_for_engine_startup
    super().__init__(
  File "/workspace/cann-recipes-train/llm_rl/qwen3/vllm/v1/engine/core_client.py", line 450, in __init__
        raise RuntimeError("Engine core initialization failed. "
with launch_core_engines(vllm_config, executor_class,
  File "/usr/local/python3.11.13/lib/python3.11/contextlib.py", line 144, in __exit__
RuntimeError: Engine core initialization failed. See root cause above. Failed core proc(s): {}
    next(self.gen)
  File "/workspace/cann-recipes-train/llm_rl/qwen3/vllm/v1/engine/utils.py", line 732, in launch_core_engines
    wait_for_engine_startup(
  File "/workspace/cann-recipes-train/llm_rl/qwen3/vllm/v1/engine/utils.py", line 785, in wait_for_engine_startup
    raise RuntimeError("Engine core initialization failed. "
RuntimeError: Engine core initialization failed. See root cause above. Failed core proc(s): {}
[ERROR] 2026-05-19-15:32:41 (PID:2013859, Device:-1, RankID:-1) ERR99999 UNKNOWN applicaiton exception
[ERROR] 2026-05-19-15:32:41 (PID:2013814, Device:-1, RankID:-1) ERR99999 UNKNOWN applicaiton exception
sidecar_shard_end_time=1779175961.201070310 shard=4 device_group=8 exit_code=1
sidecar_shard_end_time=1779175961.213601296 shard=3 device_group=6 exit_code=1
sidecar_shard_end_time=1779175961.214001198 shard=6 device_group=13 exit_code=1
sidecar_shard_end_time=1779175963.938696360 shard=0 device_group=2 exit_code=1
sidecar_shard_end_time=1779175964.439423658 shard=7 device_group=15 exit_code=1
sidecar_end_time=1779175964.441524648
sidecar_exit_code=1
sidecar_killed_by_deadline=0
sidecar_exit_time=1779175965.046385682 sidecar_exit_code=1
watch_end_time=1779175965.048832733
